Date,Open,High,Low,Close,Volume
30-09-2021,25.95159299748278,26.35693201344732,25.80329855748753,25.83295631408692,581800
01-10-2021,25.852732100507424,26.169094108278635,25.546256641187348,25.823074340820312,699300
04-10-2021,25.714318837759546,26.10977126510894,25.635228352289666,25.64511489868164,575400
05-10-2021,25.704434968935324,26.203693356908097,25.65500411749228,25.83295631408692,343400
06-10-2021,25.59568524676625,26.268943486048816,25.546254394524063,26.19875144958496,965700
07-10-2021,26.584317764591265,26.82158925301274,26.17897873616297,26.267955780029297,426400
08-10-2021,26.12955054804918,26.395491732031537,25.99114263710419,26.307504653930664,309200
11-10-2021,26.307498866609382,26.50522414079566,25.97136382626018,26.01090812683105,196600
12-10-2021,25.93182030894395,26.090001298839443,25.793412414201928,25.902162551879883,270100
13-10-2021,25.941703009716047,25.946647225604323,25.60556798461588,25.803295135498047,334900
14-10-2021,26.001021644619858,26.51511075297516,25.882386856947683,26.406360626220703,521700
15-10-2021,26.69306291748644,26.74249376121545,26.40635874399384,26.455791473388672,331000
18-10-2021,26.149320984431373,26.37670592517728,26.149320984431373,26.218524932861328,324600
19-10-2021,26.267958822299622,26.465686028384063,26.15920867038654,26.3272762298584,304900
20-10-2021,26.34704135438585,26.63374552787845,26.164144969789504,26.455791473388672,569500
21-10-2021,26.46568412831885,26.81170577129131,26.36187820112699,26.62386512756348,400700
22-10-2021,26.722722982871648,26.74249418928024,26.54476892553338,26.673290252685547,356700
25-10-2021,26.64363252708844,27.06380036293154,26.64363252708844,26.77215385437012,431300
26-10-2021,26.920450563129776,27.07863154200512,26.70295218859269,26.74249649047852,290000
27-10-2021,26.66340327984953,26.81169958236822,26.40635874399384,26.455791473388672,488200
28-10-2021,26.94022210793557,28.917486115857447,26.791927684474608,28.52203369140625,2604000
29-10-2021,28.512152488844137,29.906123724834355,28.32431184489995,29.63919258117676,2550400
01-11-2021,29.89623021316249,30.3707731009113,29.204188973278587,29.48100471496582,904100
02-11-2021,29.61942025697861,30.3608944182461,29.61942025697861,30.02476119995117,1010800
03-11-2021,30.00498539719774,30.153279838944567,29.65896377601105,29.787485122680664,714500
04-11-2021,29.76771429025533,30.128564794486763,29.25362512573405,29.70839500427246,4776400
05-11-2021,29.92589417225103,30.232369595804144,29.68170229957166,29.945667266845703,3311700
08-11-2021,30.014868125650448,30.132514820758097,29.72816394050945,29.88634490966797,1202500
09-11-2021,30.004985032447127,30.09890440442297,29.78748476057406,29.96543884277344,1902300
10-11-2021,29.906121077656355,30.13350600849685,29.817144037646404,29.945667266845703,1263300
11-11-2021,30.11373178995653,30.42020908773697,29.93577960224449,30.28179931640625,1529900
12-11-2021,30.35100593999829,30.52895813237208,30.06430172856385,30.420209884643555,1159400
15-11-2021,30.400435993880293,30.49929957749766,30.143391430741545,30.28179931640625,1604100
16-11-2021,30.163164897880765,30.499299954940025,30.074187860090607,30.15327835083008,2021400
17-11-2021,30.15327642030812,30.271913091654795,29.841856807980776,30.054412841796875,2614000
18-11-2021,30.024754332739857,30.14338911543558,29.827027180692497,30.11372947692871,1233400
19-11-2021,29.955558385502822,30.12362595445294,29.91601407345565,30.034648895263672,935500
22-11-2021,30.16316718109676,30.23237113002397,29.906122595319857,29.92589569091797,935100
23-11-2021,29.916004963280688,30.271913091654795,29.886345324027538,30.054412841796875,1456200
24-11-2021,29.97532160189508,30.15327566160453,29.97532160189508,30.11372947692871,526900
26-11-2021,29.856693254805663,29.9654415147731,29.4612388654708,29.807260513305664,1071100
29-11-2021,30.04452707497834,30.30157163151103,29.70839203071759,30.09395980834961,2801200
30-11-2021,29.85669288336993,30.23237228576484,29.66885223933935,29.68862533569336,2945000
01-12-2021,30.12361944303247,30.23236957757151,29.856690208829686,29.8962345123291,5922800
02-12-2021,30.05441665692961,30.439984473501173,29.74794122173984,29.85669136047364,8500000
03-12-2021,29.461236373136693,29.63919045614973,26.6139767019264,27.01931571960449,1571400
06-12-2021,27.04897282580101,28.2551032182812,26.742495540163187,27.820104598999023,1077700
07-12-2021,26.64363323717033,29.13399636288501,26.495336928176187,28.37373924255371,9019500
08-12-2021,28.650556689855367,29.658961845150323,28.30453509119541,29.441463470458984,1391500
09-12-2021,29.332714893323303,30.81566306409664,28.96692018150612,29.96543884277344,3977700
10-12-2021,29.995099982416345,30.089019359080744,28.264993696812013,29.006467819213867,1607500
13-12-2021,28.73953392174064,28.843339836344946,28.02771951145478,28.22544479370117,1144800
14-12-2021,27.760793331507188,27.82011073815081,27.06875000655497,27.09840965270996,1638500
15-12-2021,27.098405049737966,27.098405049737966,26.218523105594507,26.811702728271484,1638400
16-12-2021,26.831483630082733,27.04906414370216,26.11940657930718,26.16885566711425,1133100
17-12-2021,25.990839112883712,26.198527555645253,25.50623086007824,26.0205078125,1848400
20-12-2021,25.565567296924293,25.6496311182858,24.279870343229245,24.57657051086425,2119900
21-12-2021,24.88315824329973,25.150187820288696,24.60623847238211,25.00183868408203,2057600
22-12-2021,24.942496249501065,25.31930450762681,24.81392750770327,25.15018653869629,1111000
23-12-2021,25.1402998280046,25.61501785998368,25.12051943841503,25.37765884399414,778400
27-12-2021,25.42710751668527,25.773256783407195,25.219419088469163,25.73369789123535,694800
28-12-2021,25.74358841579301,25.83259828227257,25.35787836559432,25.50622940063477,622400
29-12-2021,25.53589169761326,25.605121157219163,25.130403245897583,25.357872009277344,5952300
30-12-2021,25.47655681159123,26.099623941556928,25.45183226981733,25.634796142578125,1037600
31-12-2021,25.41721555172526,25.7633628822864,25.27875473313933,25.318315505981445,734700
03-01-2022,25.54578590889941,25.713915431405376,24.972167870884068,25.100736618041992,683200
04-01-2022,25.14029390813182,25.44193817607735,24.97216440893405,25.031503677368164,695400
05-01-2022,25.13040444170417,25.160075019959105,24.032617568969727,24.032617568969727,590400
06-01-2022,24.10185322637513,24.289761263160283,23.75570396363986,23.99306297302246,511900
07-01-2022,23.93372382355255,24.12163186136844,23.56779416977104,24.02273368835449,709500
10-01-2022,23.81504172837877,24.09196149821119,23.44911209989884,24.08207130432129,635200
11-01-2022,23.96339198594539,24.556790442590543,23.70625259185377,24.349102020263672,529500
12-01-2022,24.31942914843901,24.68535687325128,23.9633897306874,24.26008987426757,525800
13-01-2022,24.408439002876914,24.715027453517745,24.190858520312474,24.26008987426757,442900
14-01-2022,23.96339502265831,24.250205036154203,23.795265470075663,24.171085357666016,525700
18-01-2022,23.81504547038321,23.844716056715,23.33043721180228,23.607357025146484,498400
19-01-2022,23.6567975368282,23.785366258249766,23.08317961363729,23.112850189208984,426900
20-01-2022,23.162301832259107,23.3106509538562,22.20297575199395,22.24253463745117,671900
21-01-2022,22.153527143480137,22.291987973210745,21.59968948364257,21.59968948364257,745500
24-01-2022,21.174418504629408,21.787597268604795,20.492010275732586,21.69858741760254,709000
25-01-2022,21.233761002174685,21.342551255784315,20.600803642326063,20.8183822631836,932600
26-01-2022,21.18431580201464,21.45628959956968,20.472238641556743,20.66014671325684,575200
27-01-2022,20.867834263197675,21.144752178582937,20.2744357659464,20.29421615600586,663000
28-01-2022,20.135974847737675,20.620583038840387,19.71070593467405,20.58102226257324,498400
31-01-2022,20.501902643709656,21.421669944065187,20.501902643709656,21.34255027770996,1521300
01-02-2022,21.34254979302749,21.8864972510716,21.18431046391061,21.827157974243164,744000
02-02-2022,21.777708918998872,21.82715800202524,21.13486140784808,21.382110595703125,809500
03-02-2022,21.481008762453627,23.21175307749514,21.481008762453627,22.43044662475586,1625000
04-02-2022,22.16341893285774,23.35516004419216,22.16341893285774,23.19197654724121,906300
07-02-2022,23.00405834388898,23.64690567841348,22.88537793632763,23.4589958190918,1120900
08-02-2022,23.459002467203693,23.884271375805127,23.459002467203693,23.824932098388672,1018800
09-02-2022,24.20075075688025,24.71502954008129,24.16119186621338,24.44799995422364,848400
10-02-2022,23.95350219494449,24.705140001170268,23.85460402247304,23.99306297302246,1013100
11-02-2022,23.973281799929783,24.467780191561243,23.365049004586485,23.65680313110352,954900
14-02-2022,23.54801459660741,24.279872043168968,23.54801459660741,24.07218360900879,914300
15-02-2022,24.438107059236504,24.794146467699708,24.37382363321179,24.556787490844727,978800
16-02-2022,24.33921565039645,25.130412459338395,24.299654866768368,24.98206329345703,764400
17-02-2022,24.744700868162063,24.84360092735061,23.805153135413395,23.86449241638184,568900
18-02-2022,23.86449067884858,24.22547615155832,23.68647284890444,24.05240058898925,495300
22-02-2022,24.05239902163577,24.210638339960106,23.72603019179666,23.983169555664062,551200
23-02-2022,24.230417167042603,24.230417167042603,23.231530355425647,23.340320587158203,430100
24-02-2022,22.697476438653723,23.627132036598084,22.331546806775727,23.538122177124023,569700
25-02-2022,23.73592206362116,24.121630193519287,23.439223792370537,24.08207130432129,268800
28-02-2022,23.76559637952549,24.14141437458516,23.39966669354785,23.607357025146484,646500
01-03-2022,23.508453090164664,23.57768256052269,22.628244704059743,22.8458251953125,783200
02-03-2022,23.08318687876834,24.26503782544197,23.03373779027995,24.10185432434082,603300
03-03-2022,24.22052745852819,24.428217733589936,23.815038987517724,24.032617568969727,565800
04-03-2022,23.627127962863405,23.6567985396929,22.657911756102084,22.905160903930664,1001500
07-03-2022,22.796368864039486,22.88537870109469,21.055736661620475,21.085405349731445,1104800
08-03-2022,21.18431496542584,22.262321803079367,21.144754181559428,21.56013298034668,1015800
09-03-2022,22.202978293935303,23.285929080574856,22.202978293935303,22.99417495727539,843100
10-03-2022,22.46977983367464,23.50867439515051,22.46977983367464,23.41962623596192,823500
11-03-2022,23.70655997817209,23.93412856615196,23.35036919474532,23.380050659179688,572300
14-03-2022,23.62740820795827,24.82461040102896,23.62740820795827,23.835187911987305,858400
15-03-2022,24.08253937122043,24.36947086211182,23.657087472530467,24.221057891845703,710000
16-03-2022,24.51788689833373,25.507309263908844,24.51788689833373,25.12143325805664,1361800
17-03-2022,24.87407378768974,26.199899701779103,24.87407378768974,25.724977493286133,1107500
18-03-2022,25.22037470631572,25.62603770647713,24.794922806835856,25.497413635253903,3715800
21-03-2022,25.576567588489468,25.675510198848908,24.893865652899976,25.00270271301269,609700
22-03-2022,25.16101318343809,25.66561885895751,25.13132983058157,25.21048355102539,491500
23-03-2022,24.96807448062935,25.05217447748166,24.32989658960615,24.36947250366211,689600
24-03-2022,24.48820003081161,24.606931527983843,24.141901875163487,24.38925743103028,677300
25-03-2022,24.270524780281697,24.498091410246747,23.706552598337648,23.81538963317871,391500
28-03-2022,23.726345523385937,23.91433628263257,23.2217399404649,23.904441833496094,521200
29-03-2022,24.31010513123599,24.68608665466309,24.29031623270336,24.68608665466309,457500
30-03-2022,24.50799015120452,24.5871438575449,24.04296047517817,24.122114181518555,317100
31-03-2022,24.092434739472573,24.418944041376704,23.953914326392404,23.993492126464844,578000
01-04-2022,24.31010768899145,24.527781821406244,24.06275209282805,24.36947250366211,331700
04-04-2022,24.24084337293625,24.319997071728302,23.93412302601368,24.052852630615234,337900
05-04-2022,24.09243596022295,24.09243596022295,23.142589469263307,23.271215438842773,470700
06-04-2022,23.043642991754428,23.07332444873732,22.331257829397103,22.449989318847656,1182300
07-04-2022,22.45988748770203,22.45988748770203,21.67824294666334,21.994857788085938,598700
08-04-2022,21.78708000609236,22.380733777346386,21.74750220732787,21.994857788085938,511700
11-04-2022,21.915705659593453,22.172955708610807,21.51993707924885,21.688138961791992,531700
12-04-2022,21.737605280945186,22.06411453485781,21.10437567024752,21.36162567138672,664100
13-04-2022,21.3220518864208,22.212533552872376,21.04501482323449,22.143272399902344,609900
14-04-2022,22.252113712597488,22.360950800854887,21.68814314103426,21.757402420043945,495400
18-04-2022,21.70792640418145,21.945387536434666,21.420993023225485,21.8662338256836,501900
19-04-2022,21.87613054870946,22.51925475128964,21.826658294865744,22.28179359436035,441600
20-04-2022,22.430203319585445,22.61819408250559,22.01464588359912,22.093799591064453,379700
21-04-2022,22.44010066268658,22.60830254863761,21.386365262841192,21.51993751525879,640100
22-04-2022,21.361630079913525,21.58919678232565,21.14890410982329,21.51993751525879,613900
25-04-2022,21.29236903488558,21.732661670622512,20.975754190633104,21.39131164550781,869300
26-04-2022,21.12417041205089,21.143959314653703,20.5404109954834,20.5404109954834,606300
27-04-2022,20.451356501040745,20.67892314912925,20.045693558909747,20.144636154174805,440700
28-04-2022,20.401891528556867,20.669034152913813,19.778554334985746,20.42167854309082,237400
29-04-2022,20.23369079759635,20.609670515711155,19.758766565275486,19.828027725219727,624900
02-05-2022,19.828022296419007,20.18421301416959,19.44214634536061,20.02590560913086,329100
03-05-2022,19.956646742383363,20.352415262656148,19.694450451547613,20.095165252685547,361800
04-05-2022,20.14464146788013,20.55030451701596,19.47183390721382,20.42167854309082,468700
05-05-2022,20.342524898411263,21.084591730615298,20.035804469508857,20.98564910888672,532400
06-05-2022,20.758078736802823,20.965858394483803,19.8082342650418,20.03580093383789,598900
09-05-2022,19.590555392538267,20.23368122024691,19.570768386236622,19.808229446411133,823500
10-05-2022,20.1545321516501,20.579982135799018,19.313522858010263,19.600454330444336,766500
11-05-2022,19.6895043846488,19.93685997211216,18.868283909757373,18.907861709594727,441500
12-05-2022,18.69018557996791,19.29373375253228,18.49230226352789,19.273944854736328,533100
13-05-2022,19.61035096065692,19.97643806584488,19.21458239232762,19.452043533325195,323900
16-05-2022,19.27394397847744,19.57571805103995,18.89301620550288,19.264049530029297,370700
17-05-2022,19.64992988641716,20.352418899536133,19.64992988641716,20.352418899536133,412500
18-05-2022,19.89728446065437,20.174321516408515,19.41246772591121,19.669715881347656,561000
19-05-2022,19.442141817034344,19.882434302696826,19.442141817034344,19.649921417236328,570800
20-05-2022,19.9467514475614,20.11495329744073,19.14828851536261,19.61034774780273,290800
23-05-2022,19.986329399528444,19.986329399528444,19.49161829446262,19.590559005737305,570600
24-05-2022,19.412465252134822,19.620243017472824,18.4378837381756,19.273944854736328,429100
25-05-2022,19.06616683941298,19.60045386268624,19.036483493108243,19.4223575592041,274900
26-05-2022,19.50151266858362,19.79834049151813,19.49162010627508,19.71918678283692,431900
27-05-2022,19.897285024836048,20.243581354347864,19.77855350673667,20.065486907958984,359800
31-05-2022,19.926962760417,20.32273315524609,19.63013685146828,20.17431831359864,435600
01-06-2022,20.114954639817977,20.243578704345666,19.6796083133409,20.03580093383789,297100
02-06-2022,19.98632851218754,20.56019329309887,19.743919251111464,20.53050994873047,353600
03-06-2022,20.302948804272702,20.61461551230482,20.09516911174444,20.5503044128418,228100
06-06-2022,20.57998164906582,20.91638535856553,20.5206168436168,20.71850204467773,409200
07-06-2022,20.47114976590508,20.797659078933066,20.28315898350307,20.777870178222656,319000
08-06-2022,20.45136260986328,20.80755530434304,20.31284406742053,20.45136260986328,566700
09-06-2022,20.39196344776635,20.70873150404375,20.223680181858164,20.25337600708008,251600
10-06-2022,19.9267065853368,20.0355963010878,19.47135302508056,19.52084732055664,437300
13-06-2022,18.986312004647555,19.28328171399896,18.748735859548965,18.88732147216797,689900
14-06-2022,19.025898585934467,19.07539477410804,18.392362482004923,18.77842330932617,372100
15-06-2022,18.84772404063761,19.1149959904748,18.41216688491877,18.74873352050781,471100
16-06-2022,18.37257038615924,18.37257038615924,17.5113571818557,17.97661018371582,710400
17-06-2022,18.144890684724963,18.48145727649665,18.0656986565485,18.431962966918945,918600
21-06-2022,19.02589768297116,19.04569615730096,18.46165438117691,18.67943382263184,300000
22-06-2022,18.42206454807648,18.91206465422036,18.42206454807648,18.71903419494629,292300
23-06-2022,18.82792040753414,18.82792040753414,18.263677051688767,18.689332962036133,272000
24-06-2022,18.9170133441484,19.40206472629492,18.84772055928272,19.08529663085937,1259800
27-06-2022,19.27337528086377,19.431759318501587,18.95660720558815,19.016000747680664,489300
28-06-2022,19.263478160516044,19.56044967980389,18.55074991278156,18.629941940307617,377700
29-06-2022,18.97640647246481,18.97640647246481,18.30327334043248,18.382465362548828,359800
30-06-2022,17.80831699208542,18.13498421406928,17.474720494000177,17.828115463256836,488700
01-07-2022,17.669737924562927,18.043920858807464,17.57074742063214,17.93701171875,397900
05-07-2022,17.6301435390373,17.917215853496167,17.44206363103366,17.867719650268555,365700
06-07-2022,17.917214097149092,17.97660764711304,17.550949781516444,17.66973876953125,288600
07-07-2022,17.70933430259329,18.04590090798936,17.70933430259329,17.808324813842773,208200
08-07-2022,17.79842106270081,17.80832030012538,17.40246100615033,17.50145149230957,236900
11-07-2022,17.29357331526283,17.392563813057468,17.036198776231448,17.115392684936523,227500
12-07-2022,17.01639858756424,17.521248320245068,17.01144802527404,17.095590591430664,332400
13-07-2022,16.828320841093817,16.927311341305835,16.452159205992242,16.887714385986328,157500
14-07-2022,16.68973408386213,17.075794930271865,16.51155157380022,17.006502151489258,190400
15-07-2022,17.32326979369966,17.50145229938585,16.976804020208352,17.422260284423828,188400
18-07-2022,17.590546030641157,17.8875156565685,17.130241788792993,17.1846866607666,202600
19-07-2022,17.412363369577616,18.016203744277263,17.372766412770574,17.93701171875,159000
20-07-2022,17.74892880265757,18.501253940573672,17.74892880265757,18.422061920166016,276500
21-07-2022,18.45176264415429,18.62004596818733,18.3725706027321,18.501258850097656,236000
22-07-2022,18.461657860763108,18.709133172269546,18.303273812445926,18.52105140686035,152100
25-07-2022,18.64973910699554,18.798223912148487,18.5012543018426,18.758628845214844,136500
26-07-2022,18.61014126966636,18.669536699380984,18.44185799498156,18.471555709838867,159200
27-07-2022,18.52104791607988,18.8625649899664,18.41216008343884,18.67943382263184,313800
28-07-2022,18.808122436937666,19.055597732160525,18.11519085507897,18.82792091369629,201800
29-07-2022,18.827923946572472,18.837823186546395,18.412165308102555,18.71903419494629,429900
01-08-2022,18.47155578733699,18.966506375182217,18.367616617030286,18.837820053100582,281400
02-08-2022,18.78832471190596,18.84772014455827,18.382465362548828,18.382465362548828,267800
03-08-2022,18.63983706928599,18.75862602842305,18.41216027636693,18.65963554382324,1811800
04-08-2022,18.78832112890164,18.87741237280333,18.451754627069985,18.54084587097168,183300
05-08-2022,18.33297211241063,18.659639458461616,18.313173633719817,18.64974021911621,107700
08-08-2022,18.66953697399464,18.946708097726585,18.62994002026912,18.818021774291992,135200
09-08-2022,18.83781998429,18.85761657278564,18.20428195026336,18.28347396850586,199700
10-08-2022,18.6596387193585,19.119942946209665,18.6497394804052,18.907114028930664,208500
11-08-2022,19.11499174484892,19.253579197483862,18.946708464431754,19.15458869934082,192200
12-08-2022,19.322872689639865,19.90691457324492,19.17438788101363,19.82772254943848,123900
15-08-2022,19.600042927976723,20.055398459997825,19.600042927976723,19.91681289672852,204200
16-08-2022,19.89701590680349,20.14449122433068,19.79802540217525,19.956409454345703,197800
17-08-2022,19.88711376679526,20.17418411144953,19.78812327660578,20.055397033691406,214400
18-08-2022,20.154393421279213,20.3523725715025,19.99600934586574,20.22368621826172,104400
19-08-2022,19.956405527565327,19.956405527565327,19.194181246422023,19.213979721069336,126100
22-08-2022,18.98630507758111,18.98630507758111,18.40226322593264,18.441858291625977,156800
23-08-2022,18.32306972095576,18.54084728482996,18.20428075733296,18.40226173400879,166300
24-08-2022,18.471555808773363,18.60024401909099,18.38246455181089,18.46165657043457,141200
25-08-2022,18.382461092166,18.837816529617587,18.35276527082513,18.80811882019043,148700
26-08-2022,18.87741759245681,18.87741759245681,17.902364202420422,18.04590034484864,186600
29-08-2022,17.838021168988657,17.847920408164985,17.521253067693465,17.57074737548828,103700
30-08-2022,17.471757851405147,17.74893089962218,17.263879481307566,17.659839630126953,217600
31-08-2022,17.649938471913934,17.659837710569274,16.91741180419922,16.91741180419922,212200
01-09-2022,16.828321017299864,17.09559480424486,16.650138492669864,17.055997848510742,255900
02-09-2022,17.422263348746295,17.422263348746295,16.81842294840004,17.12529182434082,307300
06-09-2022,17.273779996523544,17.273779996523544,16.66993954493247,16.98670768737793,231000
07-09-2022,17.03619998217919,17.57074757525744,16.793675227905677,17.550949096679688,326600
08-09-2022,17.382664591259733,17.93701062421049,17.164887006370535,17.857818603515625,240100
09-09-2022,17.907314633194044,18.34287173301065,17.907314633194044,18.243881225585938,171800
12-09-2022,18.303269522245927,18.362663054421606,18.03599579532584,18.194379806518555,281700
13-09-2022,17.679636067853252,17.788523916149323,17.016402187141885,17.115392684936523,211000
14-09-2022,17.10549386407012,17.24902810688646,16.655088881787844,16.887714385986328,248000
15-09-2022,16.80847172143222,17.135330567049436,16.58066141158858,16.60047149658203,256000
16-09-2022,16.432090900483782,16.7391396862954,16.02599357077343,16.63018798828125,455400
19-09-2022,16.352857151263677,17.18981371532411,16.328095480458458,17.18486213684082,269600
20-09-2022,16.94714541630696,16.995678816393212,16.253807350972025,16.441999435424805,190800
21-09-2022,16.541047848000623,16.749048132168703,16.115140345148777,16.144853591918945,123600
22-09-2022,16.075519223196206,16.075519223196206,15.421801383785963,15.431706428527832,185600
23-09-2022,15.233610783379843,15.392087726340833,14.867132616633288,15.352468490600586,237900
26-09-2022,15.382183074951172,15.79818553316956,15.253420319350516,15.382183074951172,209600
27-09-2022,15.510945379816462,15.817995164187272,15.1741814048927,15.253419876098633,266100
28-09-2022,15.332657506539835,15.560468807212704,15.203895706338647,15.451516151428224,318000
29-09-2022,15.203894025422208,15.451514443135292,14.857225062785114,15.184083938598633,316500
30-09-2022,15.085040370378614,15.293041627663154,14.758181386731083,14.768086433410645,323000
03-10-2022,14.926561771604874,15.124658905170785,14.589797778059388,15.005800247192385,334300
04-10-2022,15.263324264894404,15.867518762608366,15.263324264894404,15.798184394836426,371100
05-10-2022,15.501037548755368,15.743706385880245,15.293036363074702,15.709038734436035,180300
06-10-2022,16.59057212647566,17.462195383068874,16.362761738742634,17.41267204284668,914100
07-10-2022,17.10562073585228,17.19971582452252,16.679713269629197,16.729236602783203,671900
10-10-2022,16.877812745774563,17.452292181157347,16.867907699916923,17.313623428344727,288500
11-10-2022,17.15514201227624,17.37304918609473,16.867903313870734,17.14523696899414,335900
12-10-2022,17.155141721335028,17.343333762115595,16.798567726002123,17.264095306396484,237500
13-10-2022,16.828283994993253,18.32886317831878,16.541045282006706,18.224863052368164,430700
14-10-2022,18.422962866647765,18.5467730984274,16.99666846757205,17.47209930419922,515900
17-10-2022,17.769243631109443,17.92276709765684,17.135334008365703,17.442384719848633,327900
18-10-2022,17.907911849037895,17.937626984774923,17.38295578618235,17.47209930419922,239700
19-10-2022,17.293811798095703,17.586004012721208,17.01647809553194,17.293811798095703,135400
20-10-2022,17.303712403534593,17.610763051443204,17.145235502959547,17.22447395324707,146900
21-10-2022,17.174950630265,17.402760938692413,16.85799682911491,17.22447395324707,481900
24-10-2022,17.23438421810046,17.66029172590337,17.19476592554827,17.353242874145508,234600
25-10-2022,17.40276495646633,18.24467486588892,17.40276495646633,18.234769821166992,225300
26-10-2022,18.294195120172464,18.52200733203256,18.135718209692094,18.19514846801757,120200
27-10-2022,18.34372355223331,18.571533914848864,18.11591318961776,18.125816345214844,270000
28-10-2022,18.26448335806859,18.492293699168098,18.02676797311337,18.42296028137207,371800
31-10-2022,18.403151827220288,18.759725880901463,18.37839015998001,18.640867233276367,161000
01-11-2022,18.74981916170231,19.235154975206186,18.55172206308304,19.03705787658692,214700
02-11-2022,18.90829546427675,19.23020276666833,18.30410103359452,18.353626251220703,367500
03-11-2022,17.690003148014497,18.720103097616416,17.4423827316725,18.47248268127441,399200
04-11-2022,18.92810470980869,19.59172748294466,18.49229226004336,19.116294860839844,293800
07-11-2022,19.32429687788643,19.40848690984074,19.027151254603115,19.225248336791992,198300
08-11-2022,19.245057176297887,19.51248765317257,18.957816614648703,19.08658027648925,296800
09-11-2022,18.95781821069231,19.17572538316985,18.21495697185084,18.383338928222656,218500
10-11-2022,19.09648798105096,20.63173387041793,19.09648798105096,20.582210540771484,341400
11-11-2022,20.611923062199704,20.879353567005413,19.74030002221804,19.799728393554688,300900
14-11-2022,19.760112834151425,20.15630517969052,19.51249238204022,19.55211067199707,183400
15-11-2022,20.00773593600321,20.24545137480871,19.7601154510982,19.819543838500977,148900
16-11-2022,19.74030387696025,19.84925748668132,19.35401655404988,19.49268341064453,117000
17-11-2022,19.23515613898725,19.38372802734375,18.97763065087876,19.38372802734375,129100
18-11-2022,19.69077604230428,19.79972963759537,19.10639355725438,19.32429885864257,132900
21-11-2022,19.12620290074108,19.44315677234412,19.08658461138774,19.36391830444336,127200
22-11-2022,19.363922728342217,19.522399700349528,19.25497099083377,19.433258056640625,108900
23-11-2022,19.50258733725248,19.63134914110489,19.344110399036843,19.55211067199707,65500
25-11-2022,19.50258721076144,19.819541085137,19.458015454102743,19.66106414794922,52800
28-11-2022,19.57191747097377,19.57191747097377,19.15591510580107,19.2153434753418,128600
29-11-2022,19.27477508552264,19.641254185892635,19.245061840353536,19.55211067199707,105300
30-11-2022,19.62144219192401,20.235541684802715,19.25496501631723,20.16620826721192,206700
01-12-2022,20.33458741831056,20.70106454317429,20.17611051741916,20.522777557373047,154100
02-12-2022,20.28506603629137,20.70106845197989,20.08697081736933,20.621829986572266,109300
05-12-2022,20.572311401367188,20.71097827553052,20.334595950289565,20.572311401367188,213600
06-12-2022,20.50297337727694,20.740688775171908,20.0572558254776,20.20582771301269,130200
07-12-2022,20.02754124055044,20.11173317561466,19.423348629475285,19.462966918945312,106200
08-12-2022,19.43325079073845,19.680871203066346,19.17770521033717,19.413440704345703,73300
09-12-2022,19.24506321145423,19.373825024480183,19.195537983987126,19.274776458740234,71300
12-12-2022,19.165825787893976,19.28468256194548,18.89839521248656,19.017253875732425,181600
13-12-2022,19.91859072715008,20.01763740138699,19.373824572876,19.502588272094727,143800
14-12-2022,19.324295626202204,19.75020300288552,18.997436784197696,19.08658027648925,155600
15-12-2022,18.848744833391592,18.848744833391592,18.03117235737981,18.45234680175781,219100
16-12-2022,18.17486723452671,18.55144489203507,18.06585706701183,18.45234680175781,1032100
19-12-2022,18.333425654799168,18.828923645469416,18.333425654799168,18.719913482666016,136400
20-12-2022,18.68027346753641,19.116312201527005,18.650542909477487,18.97757148742676,131100
21-12-2022,19.23523616665236,19.492895406489623,19.076676925240992,19.403705596923828,150800
22-12-2022,19.175774882184143,19.175774882184143,18.521717608450423,18.96766471862793,90300
23-12-2022,18.9973966374827,19.20550492571212,18.888386454024328,19.146045684814453,89500
27-12-2022,19.14604556623186,19.304604801093703,18.84181053051168,19.04694557189941,99700
28-12-2022,19.03703566106753,19.25505602981336,18.79919680530634,18.95775604248047,129000
29-12-2022,19.13613277957345,20.0577593884336,19.13613277957345,19.98838996887207,198600
30-12-2022,19.720823309270266,20.51362137552835,19.56722011337774,20.39470100402832,263500
03-01-2023,20.56317070789072,21.03884842002156,20.285691097393453,20.30551147460937,425500
04-01-2023,20.53343648261926,20.573077229986367,19.80009966790159,19.879379272460938,400200
05-01-2023,19.810010381328183,20.042895052863248,19.51271232887165,19.98838996887207,106000
06-01-2023,20.216320698922257,20.81091875569132,20.09740222167352,20.761369705200195,232400
09-01-2023,20.691996413344963,20.84064733098076,20.523527011509337,20.711816787719727,111200
10-01-2023,20.503710267145504,20.91001852543065,20.43434084112244,20.900108337402344,220400
11-01-2023,20.999208845540693,21.276686556478044,20.78614452311372,21.00911903381348,710200
12-01-2023,21.14785204644669,21.574971025068784,20.76631840914473,20.959562301635746,226300
13-01-2023,20.781191729268432,21.34606120798132,20.4779471034294,21.23705101013184,98900
17-01-2023,21.32624301186632,21.692910621887616,21.12804297551517,21.53435134887696,162800
18-01-2023,21.55416443490467,21.78209307643638,21.39560521556305,21.494705200195312,91800
19-01-2023,21.44515430639342,21.975337051552728,21.227135851899167,21.83164405822754,154900
20-01-2023,22.00011257365292,22.70371884612048,21.70281263120225,22.62443923950196,189600
23-01-2023,22.6145297620617,22.882099151611328,22.46588073125912,22.882099151611328,111600
24-01-2023,22.852366264913385,22.852366264913385,22.277588684812912,22.297409057617188,92600
25-01-2023,22.039754983681448,22.27759384186584,21.93074479819789,22.13885498046875,84500
26-01-2023,22.228043618695143,22.44606208801269,22.09921306259945,22.44606208801269,99900
27-01-2023,22.27758941193437,22.65416894680769,22.257769038483183,22.55506896972656,84000
30-01-2023,22.396511978316507,22.693810048798905,22.119032393071247,22.515430450439453,123600
31-01-2023,22.66408151732044,23.288408225300405,22.46588154231169,23.238859176635746,264000
01-02-2023,23.19921883197039,23.71453726388049,23.100118842729973,23.58570671081543,284400
02-02-2023,24.58661150599169,25.334814583296875,24.19516950222156,24.84427070617676,343700
03-02-2023,24.646069808418783,25.775804572822445,24.646069808418783,25.537965774536133,290700
06-02-2023,25.58751792598534,25.74112299550348,25.181209693246995,25.280309677124023,171500
07-02-2023,25.042472108220228,25.765898813574733,24.76003836859313,25.69652938842773,207400
08-02-2023,25.42895528311504,25.974002285770045,25.42400113516714,25.57760429382324,144000
09-02-2023,25.72625709850693,25.835267271184087,25.201030390535227,25.24066925048828,219600
10-02-2023,25.15148253621388,25.96410100188347,24.992923296613764,25.94428062438965,148900
13-02-2023,25.934367773700632,26.30103715899991,25.746077987186133,26.26139640808105,82300
14-02-2023,26.1424741001816,26.637972108746013,25.43886783530408,25.637067794799805,300900
15-02-2023,25.36949953910411,26.251485428519658,25.36949953910411,26.241575241088867,110200
16-02-2023,25.458688398028084,26.083015061770773,25.458688398028084,25.785717010498047,87900
17-02-2023,25.8451753109938,25.964095661320737,25.250577339708816,25.66679573059082,110500
21-02-2023,25.29022456302075,25.607343058202463,25.191124560732632,25.399232864379883,135100
22-02-2023,25.39923077538178,25.70644094622552,24.7749040256134,24.91364288330078,171400
23-02-2023,25.10193268314449,25.19112248885072,24.715444785200976,24.91364288330078,76100
24-02-2023,24.517241770076225,24.655980610635183,24.041564125152703,24.59652137756348,103600
27-02-2023,24.824450012817465,24.92354999472027,24.447872349796743,24.59652137756348,52800
28-02-2023,24.50733189748667,24.953280876686776,24.22985421280657,24.84427070617676,209900
01-03-2023,24.77490180714842,25.27039984329139,24.58661202416509,24.95328140258789,175000
02-03-2023,24.685713262503977,24.804633628891825,24.29922537954989,24.74517250061035,116600
03-03-2023,24.98300965310495,25.290219791251104,24.80463195085312,25.230758666992188,124900
06-03-2023,25.18120650659164,25.41904530369328,24.49741878356523,24.62624931335449,156800
07-03-2023,24.7055322133192,24.755081260520143,24.259583227810733,24.517242431640625,115800
08-03-2023,24.507334270837465,24.64607501678848,24.29922598717367,24.616344451904297,68300
09-03-2023,24.63615897136497,24.665887639006154,23.863181479724403,23.99201011657715,122000
10-03-2023,23.80372057760136,24.0514695380922,22.72353495864736,22.85236358642578,125100
13-03-2023,22.34695862082182,22.42623822371377,21.494703362276983,22.119029998779297,163000
14-03-2023,22.96137897393244,23.27849741330263,22.56498092471969,22.74336051940918,134700
15-03-2023,22.13885142981449,22.61452906989356,21.84650752577477,22.33705139160156,187600
16-03-2023,21.999960821419684,22.921996413369005,21.93056061832908,22.555164337158203,137000
17-03-2023,22.27756969232556,22.297398869242528,21.49433611424932,21.543907165527344,718300
20-03-2023,21.91073046039673,22.59482165760516,21.91073046039673,22.30730438232422,201000
21-03-2023,22.86251165737768,23.15994356631642,22.64439643696709,23.110370635986328,144600
22-03-2023,23.159942912881554,23.2243848839716,22.446107864379883,22.446107864379883,82700
23-03-2023,22.624567590520872,22.842684705085244,22.21807901103231,22.39653778076172,80800
24-03-2023,22.109020453750123,22.56012372567104,22.084234933735253,22.39653778076172,119800
27-03-2023,22.7534545696199,22.882340404053867,22.56508121989589,22.63448143005371,95700
28-03-2023,22.495684424975963,22.753458023992327,22.495684424975963,22.65431404113769,82200
29-03-2023,22.912084755853435,23.23925853437733,22.50559617923325,22.80302619934082,117100
30-03-2023,22.94182645489189,23.1500289802504,22.832769790193563,23.110370635986328,120200
31-03-2023,23.23925896074547,23.45737418675849,23.08062936164256,23.37805938720703,230800
03-04-2023,23.39788910455561,23.56643329390295,22.456024183318,22.852598190307617,151400
04-04-2023,23.011225191968503,23.011225191968503,22.09910602450321,22.18833351135254,85100
05-04-2023,21.95039080727892,22.079278536689937,21.70253182565738,21.80167579650879,137800
06-04-2023,21.821503690175348,22.346965381186788,21.662874102514127,22.168506622314453,112400
10-04-2023,22.03962212297028,22.73362808872229,22.03962212297028,22.59482765197754,124200
11-04-2023,22.674142074551337,23.08063068188093,22.37671014095943,22.912086486816406,85700
12-04-2023,23.05088558980945,23.30865916096125,22.92199974974054,23.080629348754883,89400
13-04-2023,23.120282542883665,23.37805607768764,22.92199651758241,23.05088233947754,103100
14-04-2023,23.20951461791992,23.427629838445988,23.021141264593723,23.20951461791992,90500
17-04-2023,23.43754692796813,23.526776321126523,23.14011687811627,23.47720527648925,57700
18-04-2023,23.516855297429444,23.74488695698533,23.38796948204014,23.71514320373535,68000
19-04-2023,23.794458323467968,23.794458323467968,23.397884396279565,23.49702835083008,74500
20-04-2023,23.3978851639106,23.596171188503288,23.25908286658064,23.556514739990234,82300
21-04-2023,23.546602029189074,23.546602029189074,23.09054243441564,23.35822868347168,85100
24-04-2023,23.35822923514536,23.42762944546616,22.9319114963017,23.130199432373047,72600
25-04-2023,22.892257495020523,23.00131606063925,22.18833694850328,22.208166122436523,67100
26-04-2023,21.98013093547901,22.356875693272368,21.781843026526523,21.89090156555176,65100
27-04-2023,21.9503936730345,22.41636982956791,21.9503936730345,22.148681640625,59400
28-04-2023,22.07927689040924,23.15994212098342,22.07927689040924,22.386621475219727,208100
01-05-2023,22.386622768093567,22.78319675381876,21.960305024308767,22.019790649414062,132200
02-05-2023,21.86116142261405,22.51550898281379,21.335701591825323,21.80167579650879,161400
03-05-2023,21.99005335106718,22.32714178172126,21.7917653715009,22.17842674255371,211700
04-05-2023,21.90081940278612,22.3162316693212,20.83502504314977,21.9206485748291,199200
05-05-2023,22.4163669531792,22.490723513223813,21.65296083423182,22.39653778076172,108500
08-05-2023,22.50559593514567,22.66422552961779,21.94047587744808,22.21807861328125,90800
09-05-2023,22.01979160703713,22.1585939263378,21.77193261880296,21.9702205657959,78400
10-05-2023,22.26765137140425,22.28748054499749,21.4298886427378,21.8314208984375,163800
11-05-2023,21.54390067613972,21.766974121726108,21.474500468849246,21.48441505432129,75500
12-05-2023,21.623215846227687,22.03961898825058,21.246471046785,21.46458625793457,102500
15-05-2023,21.603385679680223,21.77192794008683,21.3753540223374,21.41501235961914,54400
16-05-2023,21.37535687814296,21.55381563772617,21.276212912706296,21.46458625793457,91100
17-05-2023,21.603386906965543,21.76201648307704,21.28612586372884,21.75210189819336,129200
18-05-2023,21.7025350234188,22.40645561827045,21.67279315149083,22.32714080810547,115800
19-05-2023,22.63448237692045,22.63448237692045,22.138764408182805,22.48576736450196,76700
22-05-2023,22.644396603148262,22.95669944797097,22.312264586048,22.80302619934082,91900
23-05-2023,22.64439868894092,22.98148708465306,22.29739570617676,22.29739570617676,92600
24-05-2023,22.15859214192937,22.15859214192937,21.53398648291025,21.563730239868164,87600
25-05-2023,21.45466995239257,21.71244348545814,21.147325386089435,21.45466995239257,94600
26-05-2023,21.385269429334056,21.9503875202434,21.385269429334056,21.672786712646484,68500
30-05-2023,21.6827024199926,21.7570589725858,21.43484346265439,21.613300323486328,66300
31-05-2023,21.59347512002981,21.91073431336128,21.127499025187017,21.305957794189453,218300
01-06-2023,21.41501234935909,22.485762872276368,21.147324245876373,22.11893081665039,225600
02-06-2023,22.475852579417683,22.79311177404154,22.20816442482357,22.39653778076172,191100
05-06-2023,22.109023312879188,22.267652930705022,21.444761079103152,21.85125160217285,112200
06-06-2023,21.871075666243264,22.376708207753367,21.871075666243264,22.21807861328125,300900
07-06-2023,22.34696581831769,22.82285459061025,22.109019541157533,22.64439582824707,243900
08-06-2023,22.545251861265985,23.03105521935804,22.396536856301296,22.64439582824707,421500
09-06-2023,22.545253001232297,22.95174158449573,22.36679422984562,22.584911346435547,178500
12-06-2023,22.535336834650828,22.758410283241243,22.158592036708896,22.168506622314453,165000
13-06-2023,22.118935589450395,22.584911697767453,21.95039140174265,22.267650604248047,444500
14-06-2023,22.446109019316232,22.8119502569028,22.257737552725988,22.48576736450196,309400
15-06-2023,22.495684981405795,22.73373432770371,22.257635635107874,22.60479164123535,161600
16-06-2023,22.793241739910822,22.793241739910822,21.89758051629192,22.02949905395508,595800
20-06-2023,21.989829008863577,21.989829008863577,21.51373032497606,21.5732421875,136100
21-06-2023,21.4641375543729,21.65259401063176,21.107064453698644,21.11698341369629,156500
22-06-2023,21.04755053320699,21.04755053320699,20.69047743525573,20.74007034301757,143800
23-06-2023,20.472263661374715,20.65080115244337,20.006083906132865,20.164783477783203,880500
26-06-2023,20.1746982028376,20.576407473423583,20.13502237232888,20.14494132995605,126300
27-06-2023,20.16478146595292,20.44250663455657,19.946570049666583,20.343318939208984,142900
28-06-2023,20.343319269830744,20.411758761814383,20.154862834792315,20.31356239318848,148900
29-06-2023,20.432588829959005,21.007875225252164,20.432588829959005,20.859094619750977,345600
30-06-2023,21.1268953434751,21.236001985064657,20.531773023144424,20.779741287231445,488000
03-07-2023,20.66071913569104,20.97811826399088,20.66071913569104,20.809499740600582,60100
05-07-2023,20.67063580726691,20.78470098813532,20.2937229652386,20.5615291595459,248400
06-07-2023,20.31355874747953,20.45242225504008,19.82754120063668,20.184616088867188,212100
07-07-2023,20.24413198831664,20.412750509053915,19.817626206931315,19.827545166015625,131300
10-07-2023,19.74819298081497,20.1350228787659,19.723396532047204,19.986242294311523,225300
11-07-2023,20.105272705722584,20.412752906050493,19.847385414791745,20.125110626220703,248000
12-07-2023,20.571450927202147,21.46413647162913,20.56153196770486,21.43438148498535,701900
13-07-2023,21.52364997925372,21.910479935925963,21.39470539913093,21.791454315185547,301700
14-07-2023,21.74185753113208,21.79145042734795,21.077302505861585,21.285594940185547,256500
17-07-2023,21.13681478777315,21.305433286908976,21.06738397492565,21.07730293273925,156200
18-07-2023,21.037632139417763,21.54348775796372,21.037632139417763,21.4145450592041,186900
19-07-2023,21.41454485132024,21.66251317809157,21.36495194270525,21.543487548828125,201100
20-07-2023,21.44430160405331,21.770626497473653,21.290560561304144,21.72202491760254,147800
21-07-2023,21.940236105401624,21.95015317261561,21.50381136591407,21.5732421875,116100
24-07-2023,21.67243014442788,22.188204670707115,21.67243014442788,21.99974822998047,275900
25-07-2023,21.97990857617811,22.29631634920471,21.821209025522144,21.87080192565918,435400
26-07-2023,21.940236712568183,22.06917940024637,21.42446217815934,21.464136123657227,178100
27-07-2023,21.54348775796372,21.622837547626908,21.26576444006664,21.4145450592041,202000
28-07-2023,21.60299993024581,22.00966780884122,21.32527474092658,21.38478660583496,169400
31-07-2023,21.364946702369867,21.4294170893866,21.072344072874536,21.10705947875977,438700
01-08-2023,21.067388550713435,21.364951674208427,20.948364814793976,21.34511375427246,173500
02-08-2023,20.99795408788239,21.18641051095452,20.76982372365436,20.93844223022461,166400
03-08-2023,20.27388928944805,20.492100718321147,19.361365844940853,19.847383499145508,256000
04-08-2023,20.006082792753105,20.769825621221568,19.87714010740618,20.432588577270508,153600
07-08-2023,20.41275009014807,20.52185674598842,20.154862834792315,20.31356239318848,165300
08-08-2023,20.164780602157304,20.164780602157304,19.67380257173508,19.797786712646484,143600
09-08-2023,19.906895579153144,20.164782847992583,19.688684147911182,19.99616432189941,109200
10-08-2023,20.04576052182267,20.189582618980427,19.84738697677425,19.87714385986328,201000
11-08-2023,19.85730464025746,19.9346698826459,19.708524018230904,19.768035888671875,81900
14-08-2023,19.68868535335076,19.807709089734296,19.36136724052373,19.7779541015625,108500
15-08-2023,19.649007157558188,19.728356936249845,19.44071469793557,19.480388641357425,62000
16-08-2023,19.510148456433043,19.72835990774017,19.465514080955646,19.668848037719727,119100
17-08-2023,19.718440156408896,20.502020962945178,19.698604128429974,20.462345123291016,212400
18-08-2023,20.224293768626616,20.74006828223312,20.224293768626616,20.6408805847168,159100
21-08-2023,20.531772766213464,20.789658092810843,20.43258508345033,20.630958557128903,172300
22-08-2023,20.640877514589988,20.908683690496144,20.40282821106708,20.630958557128903,176300
23-08-2023,20.63096377136301,21.384787702296222,20.53177795537952,21.34511375427246,151100
24-08-2023,21.22608630093725,21.404623781309343,20.799580518236805,20.88884925842285,159200
25-08-2023,21.06738614225589,21.186411756416327,20.690475165802447,20.997955322265625,71100
28-08-2023,21.007875708899928,21.226087142535512,20.928525924682617,20.928525924682617,111900
29-08-2023,20.92852535963704,21.015809552365088,20.75990683624675,20.809499740600582,120800
30-08-2023,20.749988621576584,20.918607151017405,20.730150702383995,20.79958152770996,212700
31-08-2023,20.789661029779275,20.93844352086642,20.51689628253278,20.54169273376465,177200
01-09-2023,20.72023040898349,21.18641202075979,20.72023040898349,20.91860580444336,235500
05-09-2023,20.670637044942897,20.675595578387192,19.678763873465204,20.11518859863281,261500
06-09-2023,20.214373145464545,20.518879295014585,20.03583757485136,20.055673599243164,179300
07-09-2023,19.9664043785582,20.0755110233537,19.72835506506165,19.986242294311523,247400
08-09-2023,20.115185281010728,20.33339666168069,19.86721702903901,20.184616088867188,106000
11-09-2023,20.40283229716016,20.531776878130383,20.234213770247752,20.32348251342773,121600
12-09-2023,20.16478024160816,20.39291060276265,20.16478024160816,20.28380584716797,180800
13-09-2023,20.27388965966617,20.27388965966617,20.01600238891708,20.09535217285156,93400
14-09-2023,20.27397820165348,20.43275614439678,20.09535254287165,20.144969940185547,118900
15-09-2023,20.075502785262245,20.214434890620776,19.906801001655747,20.1251220703125,607500
18-09-2023,20.21443833938877,20.2392470397554,20.055658492920845,20.07550621032715,102800
19-09-2023,20.06558052231818,20.13504752690719,19.93161128121288,20.08542823791504,81000
20-09-2023,20.22931925837052,20.5121425518291,19.97626564246621,20.06557846069336,101500
21-09-2023,19.926652115344883,20.18466676327932,19.529707231131344,20.07550621032715,165500
22-09-2023,20.095350958791588,20.34344171136926,19.916725314090503,19.936573028564453,191800
25-09-2023,19.748024922321257,19.827413893045648,19.44039289736202,19.6190185546875,122900
26-09-2023,19.509855958196567,19.68351872189669,19.01367447015945,19.10298728942871,267400
27-09-2023,19.261763131431003,19.34115208522144,19.05336783752434,19.08313751220703,125600
28-09-2023,19.172452843027138,19.410619735717773,19.058331325245096,19.410619735717773,341700
29-09-2023,19.499931246091524,19.499931246091524,19.02359749273424,19.24191665649414,342500
02-10-2023,19.202226673783493,19.202226673783493,18.874746921204096,18.95413589477539,177000
03-10-2023,18.904514257855794,18.904514257855794,18.2594786910196,18.39841079711914,110600
04-10-2023,18.348792898496647,18.348792898496647,17.99154158835919,18.080854415893555,216000
05-10-2023,18.110624547096013,18.219785081563334,17.922075049229427,18.140396118164062,134100
06-10-2023,18.01138918596239,18.180090982112706,17.624368197704396,17.812917709350586,179300
09-10-2023,17.54497727887242,18.080852288237413,17.43581674855754,18.051082611083984,122200
10-10-2023,18.170166347528905,18.239631456012287,17.69383255268666,17.713680267333984,147700
11-10-2023,17.753372656602043,17.88238090069072,17.316734319270537,17.5648250579834,145800
12-10-2023,17.564826203830737,17.812916958727882,17.237346483077797,17.46558952331543,212300
13-10-2023,17.45566342339054,17.45566342339054,16.919786553123355,17.17780113220215,138900
16-10-2023,17.406045702230784,17.7434473377161,17.406045702230784,17.624364852905273,105300
17-10-2023,17.564826193043565,17.983602372521474,17.564826193043565,17.713680267333984,123600
18-10-2023,17.54497842113465,17.54497842113465,17.177803272486532,17.20757484436035,69300
19-10-2023,17.078565448785735,17.2174975487785,16.790781177737657,16.81062889099121,102600
20-10-2023,16.89001814585267,16.89001814585267,16.354141235351562,16.354141235351562,131300
23-10-2023,16.37398817653386,16.4980335415076,16.135821302918124,16.25490379333496,99900
24-10-2023,16.175516748694566,16.35910527337354,15.848037968532186,16.00681495666504,219600
25-10-2023,15.867883023788442,15.95719583891226,15.59994552480803,15.659486770629885,82100
26-10-2023,15.689257261690791,16.086201081469014,15.689257261690791,15.88772964477539,115000
27-10-2023,15.808344267609115,15.808344267609115,15.371703979657914,15.480864524841309,207200
30-10-2023,15.689260133491931,15.877808695336952,15.495748696471532,15.768649101257324,172800
31-10-2023,15.738877694949307,15.753763481459377,15.332008994252313,15.5404052734375,198500
01-11-2023,15.570173499928517,15.877806415643656,15.401472677442031,15.599945068359377,380200
02-11-2023,16.661778792196124,16.661778792196124,15.108729876991951,15.56025505065918,450900
03-11-2023,15.758724025471816,16.959483253088475,15.222848061285356,16.602231979370117,468900
06-11-2023,16.4930741064177,16.61711948302415,16.264829174947337,16.453378677368164,199700
07-11-2023,16.354141391435405,16.443454210704658,15.986968150245955,16.125898361206055,325200
08-11-2023,16.135823600523892,16.32437311211082,15.967121804426602,16.056434631347656,235300
09-11-2023,16.20528748268489,16.27475258884695,15.86788391608444,15.897655487060549,194800
10-11-2023,15.867885333824324,16.12589996032338,15.66941290820627,16.086204528808594,413800
13-11-2023,16.086203626568153,16.195364164328886,15.889715794268184,15.967121124267578,250800
14-11-2023,16.50299694023545,17.068645477294922,16.423607970736594,17.068645477294922,217700
15-11-2023,17.068647620287862,17.495362201929872,17.068647620287862,17.35643196105957,236900
16-11-2023,17.326658208579452,17.34650592414975,16.91482852079862,17.068645477294922,132100
17-11-2023,17.197654208181515,17.286967047748977,17.07856979116403,17.128189086914062,115900
20-11-2023,17.058723611879053,17.415973069957595,16.989258492052187,17.336584091186523,181900
21-11-2023,17.465586329423598,17.574744954524824,17.257189149172344,17.54497528076172,197500
22-11-2023,17.71368254180956,17.912154035420215,17.51024817250871,17.7632999420166,113200
24-11-2023,17.65413961777644,17.86253495032809,17.65413961777644,17.79306983947754,44400
27-11-2023,17.693831944302886,17.832762156492677,17.366352235011107,17.63429069519043,101100
28-11-2023,17.525129694761763,17.832761681901516,17.326656345959393,17.57474708557129,89800
29-11-2023,17.733525896285748,17.812914852755604,17.44077876440652,17.44573974609375,108700
30-11-2023,17.515205769205046,17.67398369051006,17.296886600606186,17.316734313964844,139900
01-12-2023,17.227421437355073,18.160241248616742,17.187726010774345,18.051082611083984,221900
04-12-2023,17.86253287806877,18.15031903852861,17.614442143651146,17.77322006225586,202800
05-12-2023,17.713678894094233,17.793067853746706,17.4655881585825,17.783143997192383,115300
06-12-2023,17.932001343586542,18.31902235616447,17.872460086139736,17.961772918701172,98900
07-12-2023,17.931997932780643,18.517492215858947,17.852608973691147,18.507568359375,128100
08-12-2023,18.54726332670814,18.596880715118942,18.20985978572496,18.44802665710449,94400
11-12-2023,18.428184584937902,18.517497425638947,18.224750201737223,18.438108444213867,104500
12-12-2023,18.40833788892661,19.06329749526066,18.239636057429493,18.835054397583008,157000
13-12-2023,18.73581133375874,19.361001041224505,18.59688112889172,19.24191665649414,166500
14-12-2023,19.63907197898409,20.08586467911657,19.52985510186411,19.6887149810791,171800
15-12-2023,19.78800000920109,19.83764300409644,19.26177555201961,19.311420440673828,470800
18-12-2023,19.37099499292164,19.54971282835881,19.1823481784314,19.32135009765625,115900
19-12-2023,19.509996654261283,19.778073403873567,19.50503311167991,19.569568634033203,128400
20-12-2023,19.519920539743687,19.90714114786023,19.26177283641313,19.27170181274414,257500
21-12-2023,19.758210385584857,19.758210385584857,18.68590555553201,18.85469436645508,545500
22-12-2023,18.973844650927187,18.98377362964082,18.56676599246355,18.695838928222656,429700
26-12-2023,19.03341687435292,19.03341687435292,18.5270503159966,18.75541114807129,440000
27-12-2023,18.894415505610937,19.12277634430303,18.586622833885976,19.043346405029297,494000
28-12-2023,19.013556584685794,19.22206132726399,18.824909797354824,19.11284446716309,422800
29-12-2023,19.08305332787012,19.16248323759168,18.87951406584872,19.023481369018555,455000
02-01-2024,18.86462765002261,19.023487520837868,18.528042280837305,18.666051864624023,484600
03-01-2024,18.51712185108089,18.60648076937438,18.209331073491725,18.258974075317383,379200
04-01-2024,18.139827728271484,18.318545541359303,18.04053984391616,18.139827728271484,383600
05-01-2024,18.02068170492397,18.40790426059369,17.960117402777115,18.249042510986328,726600
08-01-2024,18.26890177467006,18.725625313260284,18.1795428626363,18.715696334838867,557000
09-01-2024,18.45754589466043,18.72562259180121,18.45754589466043,18.67597770690918,418200
10-01-2024,18.55683741762862,19.261777877807617,18.55683741762862,19.261777877807617,365800
11-01-2024,19.1426341559782,19.49013895404034,18.8944153609286,19.32135009765625,353600
12-01-2024,19.470282849092264,19.65892776943001,19.053275198528155,19.152563095092773,263400
16-01-2024,18.88448320246552,19.50999362742495,18.874554225084097,19.301490783691406,399600
17-01-2024,19.013559322047303,19.400781930080875,19.013559322047303,19.32135009765625,316300
18-01-2024,19.44049503514405,19.74828579622845,19.192276251807804,19.55964088439941,431800
19-01-2024,19.76814231613576,20.458190180638475,19.703604906908065,20.433368682861328,663500
22-01-2024,20.59223020501151,21.287243561482526,20.59223020501151,20.9893798828125,572700
23-01-2024,21.14824037865614,21.44610406612512,20.939737501811045,21.13831329345703,352500
24-01-2024,21.307100712198096,21.68439434567884,21.27731566844271,21.565248489379883,318600
25-01-2024,21.93260968888159,22.170899470185145,21.654603997148023,21.9623966217041,381800
26-01-2024,22.031899177186315,22.38933292831692,21.98225428553,22.04182815551757,363600
29-01-2024,22.01204104917269,22.46876268630165,22.01204104917269,22.45883560180664,277900
30-01-2024,22.28011728033388,22.488620137707365,22.27018830230292,22.339689254760746,197300
31-01-2024,22.18082844779265,22.577978083298568,21.92268071127409,21.9623966217041,558300
01-02-2024,22.53826550893791,22.93044973385804,20.850377082824707,21.84325218200684,633100
02-02-2024,21.64467890080233,22.29997639033288,21.17802823212427,21.20781517028809,597600
05-02-2024,20.919882197683787,21.078742093649087,20.11565373763953,20.53266143798828,357100
06-02-2024,20.483013348236,20.83052002672225,20.03622067054715,20.373798370361328,506600
07-02-2024,20.43337046703386,21.063846413170666,20.31422461603769,20.711376190185547,616600
08-02-2024,20.661730448739696,21.535461603502924,20.661730448739696,21.426244735717773,445100
09-02-2024,21.446105107264515,21.69531624180894,20.98938152180993,21.23760032653809,672600
12-02-2024,21.31703028092916,22.53826824017214,21.12242758631111,22.49855232238769,391000
13-02-2024,21.743963764529752,21.88296756279081,20.98937848025156,21.10852432250977,267000
14-02-2024,21.47588479858355,21.50070818787605,20.1355051021721,21.187952041625977,529000
15-02-2024,21.42624124146892,21.942536667470257,21.068805655197423,21.79360580444336,394600
16-02-2024,21.57517451737948,22.09147000112129,21.45603057113683,21.465959548950195,590200
20-02-2024,21.21773907352598,22.35954491734386,21.21773907352598,22.250328063964844,523200
21-02-2024,22.23047361311424,22.58393805417733,22.11629320011528,22.32976150512696,299500
22-02-2024,22.38933225115664,22.707053866870734,22.1411134816593,22.339689254760746,254200
23-02-2024,22.52833399303424,22.57797698489782,22.27018626907436,22.30990028381348,151000
26-02-2024,22.19076106472712,22.47869388753088,22.19076106472712,22.37940788269043,231900
27-02-2024,22.43897830955576,22.488621308536228,22.24040252611583,22.46876335144043,343900
28-02-2024,22.250330346240982,22.55812109016519,22.250330346240982,22.339689254760746,116800
29-02-2024,22.64748322656098,22.64748322656098,22.295012978140395,22.49855232238769,337900
01-03-2024,22.369478028617767,22.538266881508253,22.2999751766848,22.47869300842285,223100
04-03-2024,22.54819193684417,22.67230132062801,22.36947601495292,22.44890594482422,379900
05-03-2024,22.3992630714014,22.59287342453125,22.31983313437993,22.47869300842285,412500
06-03-2024,22.71698467851612,22.816272581357865,22.27019195636708,22.6176986694336,227100
07-03-2024,22.816272329269005,22.88577329236257,22.39430111405281,22.558124542236328,289800
08-03-2024,22.77655164005357,23.19355919035128,22.657405814071943,22.79640769958496,160500
11-03-2024,22.69712527539229,22.855985139075404,22.56805045255042,22.7368392944336,134200
12-03-2024,22.687196910900063,22.836127800411816,22.53826602138831,22.577980041503903,131400
13-03-2024,22.438978504038182,22.85598613786909,22.28011863341299,22.359548568725582,187600
14-03-2024,22.160883873241566,22.52841170056269,22.160883873241566,22.508544921875,212400
15-03-2024,22.32974714202824,22.647608014646394,22.32974714202824,22.43901252746582,438600
18-03-2024,22.389348091073103,22.498611584909195,22.270149313269748,22.28008270263672,184500
19-03-2024,22.28007822622025,22.50854045195807,22.18074624710819,22.200613021850582,168800
20-03-2024,22.10128495796533,22.766806872933014,22.10128495796533,22.448945999145508,168100
21-03-2024,22.6476062578284,22.82640345845653,22.43901078682897,22.45887756347656,188700
22-03-2024,22.637677878241657,22.722108848708466,22.34961526102472,22.36948204040528,163400
25-03-2024,22.458880735297942,22.62774457145057,22.29995028887198,22.37941551208496,238100
26-03-2024,22.54827758036463,22.617809408399378,22.349613590608023,22.39927864074707,173800
27-03-2024,22.61781112102325,22.697276344022967,22.49861233922349,22.60787773132324,169900
28-03-2024,22.60787837215989,22.83137491024437,22.60787837215989,22.68734359741211,358700
01-04-2024,22.7072095688984,22.737007843181765,22.31981495181144,22.588010787963867,269200
02-04-2024,22.369481178398463,22.508544839502807,22.309880842553504,22.498611450195312,185100
03-04-2024,22.389349103882868,22.89593872231253,22.389349103882868,22.87607383728028,158700
04-04-2024,23.13433513555953,23.313130459539995,22.58801009049608,22.73700714111328,190100
05-04-2024,22.58800844326177,22.86613764017148,22.35954618933604,22.76680564880371,142100
08-04-2024,22.92573664821069,22.995268475520056,22.75687282705931,22.83633804321289,121000
09-04-2024,22.91580285566272,22.91580285566272,22.568141830640407,22.78667259216309,107300
10-04-2024,22.339681010475985,22.647608500607145,22.18075057075666,22.498611450195312,163200
11-04-2024,22.66747479283509,22.766806789178325,22.419145749277124,22.43901252746582,130500
12-04-2024,22.32974326847633,22.439008634959595,22.155913725980152,22.200613021850582,205600
15-04-2024,22.27014697452463,22.46881095180036,22.15094820923917,22.45887756347656,197800
16-04-2024,22.280083287900165,22.612843314733457,22.170817896593544,22.588010787963867,149100
17-04-2024,22.82640373094321,22.82640373094321,22.230413686601587,22.26021385192871,192000
18-04-2024,22.44894870725091,22.73700944839565,22.329749917901047,22.548280715942383,179900
19-04-2024,22.54827742688624,22.939643096846574,22.54827742688624,22.84627151489257,174200
22-04-2024,22.97540230294124,23.382663677879727,22.78667359373101,23.14426612854004,188600
23-04-2024,23.24359982555808,23.47206210790655,23.20386816082809,23.35286521911621,148500
24-04-2024,23.134332839473807,23.186978092510778,22.79660521447418,22.92573547363281,143700
25-04-2024,22.756870675899016,22.87606943616188,22.52840843787856,22.806535720825195,150200
26-04-2024,22.776738411437645,22.950567970603835,22.43901078682897,22.45887756347656,136000
29-04-2024,22.43901045310994,22.6972728618874,22.359545242301497,22.41914367675781,124200
30-04-2024,22.319812811149223,22.61780878760499,22.06155038939429,22.09135055541992,298200
01-05-2024,22.180750621585013,22.69727549915661,22.180750621585013,22.27014923095703,191800
02-05-2024,22.607876602158672,22.617809991362552,22.136051035275827,22.468812942504883,241200
03-05-2024,22.80653625763978,22.80653625763978,22.399276816939075,22.409210205078125,180600
06-05-2024,22.538342356285703,22.64760583661512,22.19068134981923,22.409210205078125,201100
07-05-2024,22.56814680160365,22.635693101592388,22.170820640318485,22.22048759460449,206900
08-05-2024,22.13108841907429,22.419149168340507,22.11122163785578,22.38935089111328,135900
09-05-2024,22.40921089188065,23.015134324732696,22.40921089188065,22.955535888671875,180600
10-05-2024,23.035004098913667,23.144267596809083,22.41914719748339,22.61781120300293,290200
13-05-2024,22.766808238423195,22.78170737571301,22.36948212235829,22.37941551208496,273800
14-05-2024,22.627740422330938,22.8562026603514,22.55820670699426,22.806535720825195,275000
15-05-2024,22.91580169265343,23.10453227859009,22.61780762610088,22.647605895996094,234300
16-05-2024,22.687341001773987,23.31312934221425,22.62774256330353,23.30319595336914,217300
17-05-2024,23.38266548638108,23.38266548638108,22.55821117823218,22.657543182373047,321100
20-05-2024,22.71714568719516,22.71714568719516,22.18571969857188,22.210554122924805,192900
21-05-2024,22.13108459496397,22.32974668901989,22.071484261607004,22.15094947814941,211600
22-05-2024,22.10128419288493,22.4042459197886,22.041685754762955,22.121150970458984,286600
23-05-2024,22.111220346417475,22.29995096776913,21.86289127949176,21.992021560668945,256500
24-05-2024,22.12114952744595,22.46881053391242,22.12114952744595,22.409210205078125,216800
28-05-2024,22.468811756659907,22.568141854255792,22.21054933479024,22.55820846557617,209100
29-05-2024,22.31981375293389,22.44894591656017,22.2204836511909,22.43901252746582,160000
30-05-2024,22.59794431948055,22.70720971147324,22.34961526102472,22.36948204040528,126700
31-05-2024,22.379416442330744,22.49861333480469,21.81322457197793,22.021821975708008,983600
03-06-2024,22.22048249044731,22.66747360874178,22.22048249044731,22.528409957885746,268900
04-06-2024,22.379417500504022,22.57807962888749,22.29995227023053,22.38935089111328,342700
05-06-2024,22.528411782934853,22.59794361399572,22.3098810057718,22.518478393554688,195200
06-06-2024,22.33968393806701,22.468816121386773,22.19068686812928,22.38935089111328,215000
07-06-2024,22.18074877398744,22.39927763724934,21.803289483880505,21.813220977783203,360900
10-06-2024,21.634427579323216,22.528411782934853,21.30663330817893,22.518478393554688,300600
11-06-2024,22.369482912532355,22.488679804262123,22.2651851586187,22.47874641418457,258300
12-06-2024,22.925738456911287,23.11446907064081,22.47874539665725,22.588010787963867,216700
13-06-2024,22.538343044514832,22.538343044514832,22.195647774353336,22.26021385192871,245600
14-06-2024,22.08133629499318,22.3794652942412,22.01177343046908,22.270151138305664,270500
17-06-2024,22.08133973881311,22.220467385005644,21.49502136717325,21.644086837768555,248100
18-06-2024,21.63414694067784,21.842835546803663,21.425456439106,21.822959899902344,227400
20-06-2024,21.733526746508108,22.32978108508965,21.644088216631616,22.250280380249023,223200
21-06-2024,22.250276039598376,22.39934149060994,21.822959123649905,21.872648239135746,1715700
24-06-2024,21.882586153202013,22.28008960151146,21.882586153202013,22.01177406311035,270700
25-06-2024,22.071402426904832,22.1012159008054,21.80308874358472,22.091278076171875,183400
26-06-2024,21.9024602849412,22.11114887008077,21.743457021166414,21.79314613342285,160800
27-06-2024,21.92233833926124,21.92233833926124,21.49502136717325,21.644086837768555,197800
28-06-2024,21.872652945038205,22.041592183145447,21.316147999986384,22.03165435791016,1417700
01-07-2024,21.962087787690702,22.13599496148085,21.62420936823038,21.78321075439453,191300
02-07-2024,21.922333073597045,22.67759048778148,21.827926607616146,22.65771484375,227600
03-07-2024,22.637843251515537,22.886283139236728,22.578216313741382,22.61796760559082,91400
05-07-2024,22.49871756143404,22.598093904162727,22.121089733600314,22.230403900146484,218000
08-07-2024,22.41921591527872,22.617968592304663,22.18071384011517,22.458967208862305,248800
09-07-2024,22.468907458844225,22.50865686127465,21.91240066124861,21.922338485717773,158100
10-07-2024,22.04158928781876,22.667657031832608,21.842836600113287,22.647783279418945,546700
11-07-2024,22.955848354128808,23.56204045331091,22.72430255219961,23.313600540161133,158900
12-07-2024,23.581914215323,23.909854798636044,23.224162057901648,23.770729064941406,144600
15-07-2024,23.979417651405733,24.357047350420856,23.85022974097169,24.15829467773437,139500
16-07-2024,24.396796643026697,24.90361425030158,24.252702946165428,24.794301986694336,138400
17-07-2024,24.59554747308329,25.09242722001426,24.59554747308329,24.863862991333008,172700
18-07-2024,24.6750508906276,25.13218129408333,24.362016084653813,24.49617385864257,173300
19-07-2024,24.53592358804981,24.78436347319891,24.37692221319006,24.595548629760746,139000
22-07-2024,24.7446153112008,24.81417818456879,24.446488169496245,24.784366607666016,114200
23-07-2024,24.605491588684146,25.31106009997145,24.605491588684146,25.062620162963867,132600
24-07-2024,24.88374093757215,25.281244392792185,24.55579845463888,24.64523696899414,105900
25-07-2024,24.77442820364272,25.76818784665801,24.714803155786708,25.63899803161621,137400
26-07-2024,25.97687138278091,26.11599899450364,25.48992948036567,25.837745666503903,176900
29-07-2024,25.857623311861936,26.07624972514055,25.296148649154787,25.58930778503418,180000
30-07-2024,25.807933958668947,26.2203450677909,25.47005557145569,25.629058837890625,257600
31-07-2024,25.589307027993307,26.40418951163284,25.36074279876677,26.026561737060547,293800
01-08-2024,25.390556585270883,25.50980856921678,23.22416228669328,24.11854553222656,299200
02-08-2024,23.542166158156068,23.72104319477221,22.886284954194263,23.32353782653809,281300
05-08-2024,22.35959427897788,22.5434393012134,21.912401635219805,22.220468521118164,231700
06-08-2024,22.081339060379264,22.2602161032408,21.69377339781003,21.902463912963867,315900
07-08-2024,22.150901551019547,22.170775301724422,21.355892764000327,21.41551780700684,187300
08-08-2024,21.66395987525578,22.309905171967376,21.66395987525578,21.83289909362793,125400
09-08-2024,22.001835607616226,22.4241845493561,21.741471472476608,22.270151138305664,131600
12-08-2024,22.33971645538224,22.429154975431004,22.07140089523593,22.260215759277344,175800
13-08-2024,22.53846745227225,22.757093876295315,22.30990320505097,22.608030319213867,197100
14-08-2024,22.707409515671173,22.85647309152668,22.41921829296384,22.83659744262696,120400
15-08-2024,23.36328874054833,23.393102211313536,22.95584745065408,23.154598236083984,133400
16-08-2024,23.1049133960632,23.552106026423555,23.05323784534258,23.532230377197266,113300
19-08-2024,23.51235382144766,23.58688655544951,23.273851726266376,23.37322807312012,93800
20-08-2024,23.48254099134532,23.48254099134532,22.83659756228932,23.0452880859375,103500
21-08-2024,23.154598236083984,23.164536059672383,22.826657639450897,23.154598236083984,68100
22-08-2024,23.035347818070168,23.144661980550246,22.975722772829226,23.05522346496582,59400
23-08-2024,23.22416752433013,23.62167106805358,23.055228281316865,23.492481231689453,137900
26-08-2024,23.74091619909869,23.74091619909869,23.36328838570508,23.44278907775879,148600
27-08-2024,23.44278687143716,23.676320961623464,23.12478413315121,23.412973403930664,250000
28-08-2024,23.33347760572293,23.54216813107952,23.27882051823796,23.393104553222656,178900
29-08-2024,23.502413423075748,24.09866954344608,23.353349866844656,24.01916885375977,210800
30-08-2024,23.97941716502533,24.30735774149415,23.830353611256943,24.23779487609864,150100
03-09-2024,23.98935711599672,24.18810980228236,23.0005673351132,23.28378868103028,181800
04-09-2024,23.29372367044321,23.562037300199744,23.20428516204241,23.51235008239746,147700
05-09-2024,23.661415055398788,23.661415055398788,23.17447308893376,23.59185218811035,160200
06-09-2024,23.6316016953215,23.671351089862856,22.93596928411236,23.02540779113769,176000
09-09-2024,23.02541240093597,23.283790151243668,22.821691737580355,22.975725173950195,198700
10-09-2024,22.955848035499965,23.224163592884555,22.508655439858984,23.21422576904297,176600
11-09-2024,23.075098130706834,23.28378864048799,22.568280487462417,23.21422576904297,144900
12-09-2024,23.42291434388117,23.611729205660765,23.01547304429359,23.601791381835938,115300
13-09-2024,23.86027736028554,24.357366471958155,23.666412910132337,24.33748245239257,178400
16-09-2024,24.48660648250989,24.943929407889225,24.357364160089563,24.88427925109864,119100
17-09-2024,25.14276706568695,25.321717545122727,24.75006622974929,24.953872680664062,194000
18-09-2024,24.85445457385908,25.52055403228828,24.85445457385908,24.973756790161133,172600
19-09-2024,25.59014646107412,25.679622650146484,24.99363916600651,25.679622650146484,223000
20-09-2024,25.75915852471089,25.75915852471089,25.31177754991109,25.411195755004883,1075700
23-09-2024,25.590147059656346,25.79395351814523,25.351544515297004,25.3813705444336,127500
24-09-2024,25.530494666959047,25.79892321700165,25.36148430910752,25.73927116394043,141700
25-09-2024,25.649795916058125,25.699505962088768,25.361485234057863,25.520553588867188,118900
26-09-2024,25.898342794410123,25.898342794410123,25.341603502340227,25.391313552856445,135400
27-09-2024,25.510613352013586,26.00770246938913,25.272010803222656,25.272010803222656,130100
30-09-2024,25.262066795487545,25.49072731629812,24.99761466262997,25.25212478637696,178900
01-10-2024,24.90416274923742,25.05826105039634,23.88513048994624,24.118762969970703,208000
02-10-2024,24.02928903302725,24.48661013028958,23.507345816805824,23.760860443115234,206000
03-10-2024,23.472546572418512,23.55208074804056,22.68714492893704,23.0450496673584,272400
04-10-2024,23.0450509528034,23.571964184598865,22.881010639795385,23.55208206176757,238300
07-10-2024,23.4427221807505,23.4427221807505,22.960545140769447,23.19417762756348,254300
08-10-2024,23.253825661005497,23.59184637410107,23.00528113056724,23.571962356567383,282400
09-10-2024,23.58190859456984,24.16350388614708,23.37313206175648,24.10882377624512,212700
10-10-2024,23.979578864771035,24.42695791415916,23.875188713293834,24.387191772460938,238700
11-10-2024,24.8445127920823,25.908283154189625,24.635736281946578,25.88840103149414,202200
14-10-2024,25.928167712889994,26.62409322031868,25.739273321517448,26.445140838623047,215300
15-10-2024,26.266185741597905,27.151003652684523,26.266185741597905,26.47496223449707,212900
16-10-2024,26.7533334931674,27.036674110281943,26.67379931812199,26.842809677124023,199500
17-10-2024,27.031707238784367,27.121183433282944,26.79310468553633,26.91240501403809,151600
18-10-2024,26.67380164928017,27.16592070405037,26.62409349662416,26.94223022460937,237900
21-10-2024,26.942230017318927,26.95217202702253,25.977875934758345,26.027585983276367,118000
22-10-2024,25.94805089638505,26.256245601463903,25.709448360558408,26.037527084350582,131000
23-10-2024,25.93811025044485,26.28607301124073,25.21236059545982,25.48078727722168,154400
24-10-2024,25.520555161916043,26.11706247734101,25.475817065853057,25.87845993041992,181300
25-10-2024,26.087236480771697,26.34075299086304,25.6597395392408,25.669681549072266,103600
28-10-2024,25.8884008820632,26.37057601298394,25.85857485382551,26.28607177734375,110300
29-10-2024,26.03752579716045,26.46999275345153,26.03752579716045,26.17671012878418,192300
30-10-2024,26.226420368540587,26.61415116022815,26.19659623581078,26.21648025512696,161000
31-10-2024,27.34984289115923,27.419435062731136,26.04746996193578,26.23636245727539,160100
01-11-2024,26.395425995977984,27.344865940863595,26.380513932293347,27.27030372619629,158700
04-11-2024,27.170889162971168,27.429375713319374,26.842810444499285,27.23053932189941,169900
05-11-2024,27.270307380396936,28.07559116342476,27.230539343583533,27.87675666809082,196500
06-11-2024,29.447558674695564,30.17430192672952,29.129420062643263,29.72592735290528,400800
07-11-2024,29.54697818897697,29.72096052802032,28.771520333937328,29.14930725097656,242800
08-11-2024,29.328258383987297,29.49527960188058,29.049887791253965,29.079713821411133,251200
11-11-2024,29.646394139706707,29.964530865878142,26.61415133511017,29.94464874267578,346200
12-11-2024,30.00429907388019,30.31249379206524,29.586744144365664,29.98441505432129,210700
13-11-2024,30.183250060776995,30.183250060776995,29.31831421243205,29.45749855041504,180200
14-11-2024,29.36802724421286,29.790552253892297,29.144336752399507,29.4873275756836,199300
15-11-2024,29.6265106654182,29.76370774738365,28.935557095004512,29.417734146118164,268600
18-11-2024,29.527094492282306,29.81540519589164,29.248723902379748,29.666278839111328,353500
19-11-2024,29.4276737569854,30.01423901993037,29.377963711506126,29.73586845397949,349600
20-11-2024,29.735869687395155,30.02418227440081,29.36305286393609,30.01424026489257,144100
21-11-2024,30.31249255210855,30.58589117300418,30.02418186527598,30.35226058959961,136600
22-11-2024,30.352266252590315,30.918947618855977,30.352266252590315,30.789703369140625,164900
25-11-2024,30.918942966086167,31.306671864396183,30.80958275528305,30.81952476501465,156000
26-11-2024,30.5610373542403,31.286786978344846,30.5610373542403,31.05812644958496,212300
27-11-2024,31.16748747882484,31.33152589856496,30.75987456159852,31.028301239013672,126400
29-11-2024,31.336496762134068,31.336496762134068,30.7747855581693,30.998476028442383,71400
02-12-2024,31.09789683510606,31.09789683510606,30.566011614632828,30.72010803222656,232100
03-12-2024,30.759874253612427,30.819524415080267,30.47156166340305,30.739990234375,228500
04-12-2024,30.620688587908067,31.147603730088388,30.610748474347883,31.087953567504883,132600
05-12-2024,30.93882824526208,31.247022974512305,30.76981786543237,30.88911819458008,133300
06-12-2024,31.02830001157069,31.02830001157069,30.451676744433428,30.74993133544922,120200
09-12-2024,30.829465926761888,30.948766247770703,30.38208498236777,30.411911010742188,132800
10-12-2024,29.7656946164784,30.352259882087857,29.109537183126186,30.193191528320312,178700
11-12-2024,30.52127400132741,30.93882895541785,30.22301937912304,30.61075019836425,346800
12-12-2024,30.60080600060534,30.75987436257937,30.024182714388346,30.113658905029297,142300
13-12-2024,30.06393086247119,30.33244807113676,29.77552496554457,29.95453643798828,127600
16-12-2024,29.994319561211697,30.491572872102964,29.874979828845465,30.103715896606445,175400
17-12-2024,29.835196602917023,29.88492117184027,29.42744906776015,29.556734085083008,229800
18-12-2024,29.65618632445403,29.99431871810524,28.148515481508102,28.224096298217773,399100
19-12-2024,28.63184409676393,28.661678078862145,27.537886527223325,27.86607360839844,217300
20-12-2024,27.24947880005497,27.647281036438923,26.585149160137306,26.861621856689453,1109300
23-12-2024,26.782062474931223,27.15002884689933,26.43398479292056,26.583160400390625,164300
24-12-2024,26.543378158432915,26.831784047740992,26.37431198302109,26.81189346313477,75600
26-12-2024,26.702500695929885,27.33898426779889,26.463819356479007,27.21964454650879,110800
27-12-2024,26.9411826519037,27.19975458311032,26.51354453094162,26.75222587585449,182400
30-12-2024,26.53343419998388,26.69255509109169,26.10877987133308,26.22513771057129,175600
31-12-2024,26.39420311233418,26.57321268687285,25.926783848794308,26.195301055908203,255700
02-01-2025,26.68261079735801,26.68261079735801,25.36986244813025,25.648324966430664,127200
03-01-2025,25.82733264593268,25.896949693020424,25.40466814997384,25.698047637939453,133100
06-01-2025,25.598594665527344,26.105793160265524,25.09139617078916,25.598594665527344,177700
07-01-2025,25.588654190774847,25.75772038751342,24.783104381312608,25.021785736083984,255100
08-01-2025,24.842773080929565,24.99692227853912,24.663761599027044,24.90244483947754,115300
10-01-2025,24.45491583885056,24.53447628574791,23.549915044066584,23.90793800354004,309700
13-01-2025,23.77865222713667,24.395247142684507,23.410685853993755,23.927827835083008,424200
14-01-2025,23.927824561033567,24.40518909676303,23.868154705393824,24.315683364868164,143200
15-01-2025,24.862660799550312,25.27040828491329,24.33557170772648,24.42507743835449,176700
16-01-2025,24.66376124721525,25.195822090352305,24.45491578588848,25.011838912963867,142700
17-01-2025,25.32013651638096,25.359917689921936,24.64387363802114,24.83282852172852,150200
21-01-2025,25.06653721431776,25.578707474387148,24.832827570890046,25.459367752075195,180200
22-01-2025,25.4096393042844,25.68810179606774,24.92233136631646,25.26046371459961,145900
23-01-2025,25.08145384514697,25.7079940173332,25.08145384514697,25.5190372467041,125400
24-01-2025,25.43947532782884,25.68810194436229,25.026756130755977,25.658266067504883,122000
27-01-2025,24.86266600903969,25.72788762077746,24.86266600903969,25.240577697753903,116200
28-01-2025,25.141124414278902,25.44942089093741,25.141124414278902,25.3499698638916,91200
29-01-2025,25.230634295000147,25.42953448490581,24.98200763496489,25.190853118896484,88800
30-01-2025,25.53892694157636,25.68810253555549,25.03172840455082,25.1411247253418,104800
31-01-2025,25.131181623748,25.141126917129714,24.56431317908569,24.783103942871094,117900
03-02-2025,24.116782128506667,24.72343168801614,23.738870500909822,24.49469375610352,153100
04-02-2025,24.13667513021101,24.30574132453428,23.370904609048523,23.62947654724121,198500
05-02-2025,23.68914688260854,24.07700384918596,23.57477885135804,24.017333984375,153600
06-02-2025,25.47925821905178,25.83727928118574,24.73337831903923,25.06156539916992,166200
07-02-2025,24.723436032393035,25.24057805099661,24.723436032393035,25.081457138061523,207800
10-02-2025,25.170960937694424,25.300247854977464,24.713488822682457,24.932279586791992,182000
11-02-2025,24.832827792368185,26.27486304407203,24.832827792368185,26.254972457885746,237100
12-02-2025,25.7378282484766,25.7378282484766,24.802993472874423,25.06156539916992,216000
13-02-2025,25.320136306980206,25.519038379298635,25.011839802070305,25.48920249938965,195300
14-02-2025,25.56876259082388,25.64832493613348,25.34002653867089,25.548873901367188,110600
18-02-2025,25.49914834736557,26.225139599310527,25.369863325355823,26.175413131713867,174100
19-02-2025,25.91683889396949,26.279833539336536,25.81639390425809,26.08590507507324,180900
20-02-2025,25.82733534934835,26.170441335433303,25.72788620826884,25.7776107788086,165500
21-02-2025,26.05607363534472,26.130660492097988,25.330082376932243,25.56876373291016,168900
24-02-2025,25.63837981450576,25.724901779051056,24.783103565412336,24.79304885864257,107900
25-02-2025,25.04167246375128,25.180902758358563,24.614034391034032,24.92233085632324,100700
26-02-2025,24.91238655337928,25.091398023193257,24.34551816354872,24.49469375610352,159300
27-02-2025,24.47480846465053,24.789072540618104,24.136676062937365,24.305742263793945,136300
28-02-2025,24.37535670922988,24.86266470991981,24.25601508399912,24.524532318115234,171600
03-03-2025,24.534475313694927,24.9521681175748,24.26595810472845,24.484750747680664,226300
04-03-2025,24.116782121266823,24.116782121266823,23.19189079208596,23.390792846679688,179900
05-03-2025,23.450464279742587,23.699090916252526,23.08249602308477,23.549915313720703,339700
06-03-2025,23.19189137741328,24.444969800490146,23.19189137741328,24.02727699279785,294500
07-03-2025,23.92782863936599,24.30574221552829,23.46041121292402,24.106840133666992,315800
10-03-2025,23.579752722823667,24.042198485686573,23.26151088534188,23.5101375579834,205500
11-03-2025,23.619529791988302,24.295794527426644,23.251561545868984,23.818431854248047,300700
12-03-2025,23.897993787579708,24.12672984560923,23.380849911005413,23.67920112609864,215600
13-03-2025,23.74881555712924,24.09192153055507,23.564832376675387,23.79854202270508,217100
14-03-2025,23.92788300968464,24.514887378693704,23.88808710038878,24.45519256591797,185600
17-03-2025,24.226359131582218,24.992449781644847,24.226359131582218,24.952651977539062,195300
18-03-2025,24.67407264007275,25.39041792100413,24.63427673427863,25.221281051635746,302000
19-03-2025,25.17153224562834,26.17143017273566,25.17153224562834,25.848079681396484,244200
20-03-2025,25.54960376451693,26.37041348476749,25.434191659734694,25.848079681396484,181000
21-03-2025,25.668995323361543,25.90777835221194,25.221281414010484,25.400367736816406,491500
24-03-2025,25.748589780182723,26.614173066282486,25.748589780182723,26.41518783569336,192200
25-03-2025,26.3057480749635,26.554478668227663,26.16645765232417,26.51468086242676,236100
26-03-2025,26.69376434138377,26.816138975586416,26.29579581421071,26.47488212585449,199500
27-03-2025,26.474881864057668,26.67386517684473,26.275896653606992,26.504728317260746,251400
28-03-2025,26.57437353188947,26.62412078513157,25.5396553340816,25.72869110107422,226400
31-03-2025,25.39041736968265,25.917724970403167,25.32574688929976,25.72869110107422,482600
01-04-2025,25.65904655588897,26.48980575022886,25.594376076232727,26.20625305175781,290500
02-04-2025,25.78838733656856,26.499756967215514,25.78838733656856,26.44503593444824,226300
03-04-2025,25.271027631828588,25.75853936180842,24.077121935244445,24.126867294311523,296300
04-04-2025,23.21153637987404,23.69407428592852,22.534988935659307,22.843414306640625,326000
07-04-2025,22.564838467465645,25.08199071656377,22.485244757961823,23.22148704528809,502200
08-04-2025,24.14676510430981,25.231230582339183,22.87823952886481,23.22148704528809,478800
09-04-2025,22.94290804882793,26.380364570688105,22.94290804882793,25.957523345947266,413200
10-04-2025,25.091941707356984,26.13163566899269,24.863110015698023,25.619251251220703,352900
11-04-2025,25.241181063387632,26.17143293699126,24.992450473828946,26.04706764221192,270600
14-04-2025,26.2659502691626,26.78331035859137,26.236103812475747,26.51468086242676,346500
15-04-2025,26.66391603768747,26.949459381553464,26.33559176497728,26.395288467407227,133200
16-04-2025,26.14655759517857,26.60422092248608,26.05999946509516,26.504728317260746,231500
17-04-2025,26.40523642618388,26.733560680347065,26.38533752649797,26.49477767944336,143600
21-04-2025,26.17640625569387,26.43011251529532,24.85813529270233,25.29092597961425,339500
22-04-2025,25.54960815866831,26.430114731859643,25.54960815866831,26.285850524902344,340600
23-04-2025,26.78330926533667,27.300669333647576,26.13661012877991,26.345542907714844,292700
24-04-2025,26.33559127623439,27.03203761034989,26.08188693743813,26.823102951049805,171800
25-04-2025,26.624123690189872,26.897726971052435,26.4052414450326,26.79326057434082,122300
28-04-2025,26.783310657616,27.081786613799817,26.410214763554293,26.773361206054688,159700
29-04-2025,26.77335992251418,26.823105280272028,26.445035627386616,26.55447769165039,262700
30-04-2025,26.35548785067907,26.87284783049607,26.17640155784523,26.803203582763672,348000
01-05-2025,26.952445988862493,28.85274748152205,26.78330911737461,28.05681037902832,382900
02-05-2025,28.265742416549664,28.265742416549664,27.21609908548164,27.698637008666992,233100
05-05-2025,27.380263442522697,28.305541528779266,27.350415088956304,27.91752052307129,249200
06-05-2025,28.07670738342953,29.310410841130498,28.00208934750637,28.793052673339844,462500
07-05-2025,28.79305391497365,29.36015936216528,28.594068681936964,28.72340965270996,358300
08-05-2025,28.902492481808203,29.75315250306695,28.529396613810697,29.350208282470703,232300
09-05-2025,29.559140165472456,29.658632773468167,28.94228941169364,29.23081588745117,194000
12-05-2025,30.11630095111536,30.59386323891768,29.827772549528216,29.927265167236328,286800
13-05-2025,30.12624730997469,30.534165292804747,30.016805251964406,30.28543472290039,251300
14-05-2025,30.146143175933634,30.43467153701512,30.00188089305648,30.195890426635746,305800
15-05-2025,30.40482381747911,30.47148494503676,30.0814752206922,30.345129013061523,281400
16-05-2025,30.365029508130995,30.39487596307513,29.688482030329496,30.086450576782227,761500
19-05-2025,29.618839191254672,30.13619927526718,29.574067609029285,30.066553115844727,282200
20-05-2025,29.90736600873011,30.166046053496338,29.74817858082225,29.95711326599121,188100
21-05-2025,29.57904089851216,29.797925029191525,29.35020921431444,29.39000701904297,207100
22-05-2025,29.35020616851428,29.534266252123565,29.24275476362724,29.300460815429688,222700
23-05-2025,28.832848626233982,29.27558875881705,28.832848626233982,29.081579208374023,241400
27-05-2025,29.529295018409684,30.205842505528228,29.365131923301327,30.185943603515625,180300
28-05-2025,30.15609498930947,30.335181310544307,29.80787179775992,29.84766960144043,144200
29-05-2025,29.89741516113281,30.016806675320293,29.75812664263387,29.89741516113281,110300
30-05-2025,29.897416557277893,29.97701027123182,29.70340699811918,29.95711326599121,328300
02-06-2025,29.867568351014416,29.867568351014416,29.4298020010792,29.71833038330078,162000
03-06-2025,29.65863382179999,29.758126433312427,29.469599947356464,29.47954750061035,211700
04-06-2025,29.509395860811004,29.937212762057847,29.111427312324544,29.84766960144043,321500
05-06-2025,29.797923728702024,29.96706059608898,29.628786861315067,29.90736389160156,214200
06-06-2025,30.384925625031123,30.46451932702675,30.03670246717643,30.33517837524414,265900
09-06-2025,30.345131170098835,31.26543356947076,29.768076292606786,31.0515251159668,220400
10-06-2025,31.071423871824603,31.32015445401532,30.90228700002837,31.290307998657227,254700
11-06-2025,31.290306500710944,32.036498211561,31.25050869858705,31.38979721069336,261700
12-06-2025,31.1908154321552,31.68330092292596,30.86945556503575,31.578834533691406,163200
13-06-2025,31.121027461215647,31.51414610251084,30.83240813522317,31.011550903320312,201800
16-06-2025,31.30016983041394,31.932142956768782,31.17775472125212,31.548978805541992,253200
17-06-2025,31.310118057429207,31.47930822314547,31.12102461794644,31.230499267578125,107000
18-06-2025,31.09117040680541,31.5788357875592,31.09117040680541,31.290218353271484,133800
20-06-2025,31.48926349284961,31.608692636935487,31.2205512406146,31.49921607971192,485100
23-06-2025,31.41959618477626,32.255594469368866,31.250406010554865,32.205833435058594,192400
24-06-2025,32.504402422096,32.9920696547598,32.504402422096,32.89254379272461,139400
25-06-2025,32.92240616029822,33.32049825164596,32.63876027753625,33.151309967041016,242900
26-06-2025,33.240881210322215,34.136591259430176,33.00202291931252,34.066925048828125,206800
27-06-2025,34.196308045227525,35.161688137142235,34.176402870530694,35.092018127441406,620200
30-06-2025,35.33087653057414,35.631435937370014,34.97259097803153,35.07211685180664,415200
01-07-2025,34.883021375235174,35.81854565398256,34.7616047384964,35.52992630004883,249900
02-07-2025,35.52991997491573,36.60477269968322,35.315944119095235,36.57491683959961,205900
03-07-2025,36.54506316970969,37.40096664428711,36.43558661414417,37.40096664428711,126400
07-07-2025,37.53034666018885,38.177251544520495,37.08248972461494,37.7990608215332,401500
08-07-2025,37.89858560565902,38.077724578219545,37.02775417681418,37.60996627807617,400000
09-07-2025,37.72939325581783,37.843847056119,37.36613047762377,37.669677734375,241400
10-07-2025,37.65972552487415,39.15257933194391,37.65972552487415,38.923675537109375,375200
11-07-2025,38.62510661599531,39.16253111622334,38.51563005963585,39.112770080566406,215300
14-07-2025,39.21229450584076,39.660147606800976,39.02319726216789,39.451148986816406,427300
15-07-2025,39.42129503119317,39.54072227745332,38.19715531658637,38.565391540527344,437900
16-07-2025,38.84405267427955,39.44119644165039,38.28174580512277,39.44119644165039,196800
17-07-2025,39.34167628468157,40.23739016730864,39.34167628468157,39.87910461425781,263600
18-07-2025,39.95872345318468,40.375726025388,39.63029377933623,39.8691520690918,220800
21-07-2025,40.05824494414284,40.05824494414284,39.0928649069989,39.112770080566406,154800
22-07-2025,38.99334383339742,39.401390410662735,38.506675045573886,39.32176971435547,193100
23-07-2025,39.47105818985207,40.05824756061395,39.47105818985207,39.83929443359375,148400
24-07-2025,39.80943510684447,40.15776614541992,39.72981441429946,39.759674072265625,144400
25-07-2025,39.53077228831977,39.75967609625377,39.43124641757209,39.72981643676758,126900
28-07-2025,39.560624615994165,40.0582425356922,39.46110255066393,39.67010116577149,191400
29-07-2025,40.07815397128466,40.07815397128466,39.23419427279743,39.56063079833984,175200
30-07-2025,39.59048140013945,40.00848243663212,39.02319726216789,39.451148986816406,303400
31-07-2025,39.80943127511296,42.42690244447815,39.01324340891535,41.59090423583984,540200
01-08-2025,40.48619546817408,40.77680415978608,39.01225214797464,39.39143753051758,375100
04-08-2025,39.6302914154454,40.68026554547871,39.56062520936462,40.42647933959961,274500
05-08-2025,40.98381511224962,44.39747459016409,40.71012371815823,44.32780838012695,437500
06-08-2025,44.23823545397693,45.59175685297872,43.790378550406686,45.58180236816406,319000
07-08-2025,45.75099709458394,45.95999572952953,43.68090452981684,44.08895111083984,180000
08-08-2025,44.50694494789108,44.994608350218506,44.39249116361732,44.437278747558594,175200
11-08-2025,44.42733083177821,45.17375777128127,44.36761910639316,45.12399673461914,209200
12-08-2025,45.502181072518894,47.68174606378045,45.47729865941178,47.552364349365234,259500
13-08-2025,47.74146278887369,48.21917551977231,46.92536973235647,47.7215576171875,194900
14-08-2025,47.30356193251444,47.65687022755915,46.48746878408255,46.91542053222656,151800
15-08-2025,46.975132663975536,47.144320935368725,45.91023061307882,46.815895080566406,325200
18-08-2025,46.86565855335044,47.90567824364505,46.86565855335044,47.58222961425781,177500
19-08-2025,48.408272302656826,48.49286644077897,46.417800554708606,46.945274353027344,204300
20-08-2025,46.7661351387234,46.97513375997599,45.66142271706893,46.55713272094727,172200
21-08-2025,46.40784986643924,47.1144664257952,45.57185158044005,46.945274353027344,132900
22-08-2025,47.154278570027714,49.23232860286294,46.975135802159336,48.74665451049805,476600
25-08-2025,48.6769849439352,50.58286249502006,48.53267529107391,49.99069595336914,227200
26-08-2025,49.821513097427086,50.96105871744517,49.17460821036087,50.93617630004883,244300
27-08-2025,50.72717232756481,50.956076116751774,49.5926040696279,50.39874267578125,268300
28-08-2025,50.79684158888865,51.3989588568564,49.91108223937371,51.0257453918457,200500
29-08-2025,51.105359743765725,51.105359743765725,49.91605319824635,50.7271728515625,196400
02-09-2025,49.87126956257112,51.00583783576685,48.935745424198586,50.239505767822266,237100
03-09-2025,50.1399830133288,50.57788541907207,49.42341198890937,49.95088577270508,313900
04-09-2025,45.80075569759095,46.776086405353794,41.73024079258326,42.40700149536133,1493600
05-09-2025,42.44681343635549,44.86025977905623,41.9491954771791,44.24818801879883,955000
08-09-2025,44.65623482493199,45.143902097923046,44.078999963487696,44.636329650878906,598200
09-09-2025,44.97470853593983,46.71637134474055,44.57163921507637,46.31827926635742,544500
10-09-2025,46.52727389689082,46.80593870748206,46.10927668100395,46.35808563232422,308400
11-09-2025,46.646705252271936,48.16941875053713,46.323252827670174,48.06989288330078,418200
12-09-2025,48.06989121661962,48.537746336736845,47.5223989202129,48.34861373901367,260000
15-09-2025,48.48797893549779,49.08026814096496,47.67171679883055,48.14952850341797,313600
16-09-2025,48.07984912866119,48.662181802908286,47.65678702678877,48.27893829345703,312600
17-09-2025,48.46807408111436,48.99068269821624,47.91062894000326,48.11967086791992,196600
18-09-2025,48.23911699483463,50.08068691924709,48.05993713630131,49.772098541259766,272100
19-09-2025,49.612831325541855,49.612831325541855,48.51784660267183,48.637298583984375,854500
22-09-2025,50.23000159555841,50.23000159555841,48.32870755822759,48.57756805419922,347200
23-09-2025,48.61738607145378,49.682508677864135,48.16943642452658,48.21920776367188,222200
24-09-2025,48.94588060372701,49.23455969087284,47.33724902848483,47.41290283203125,205200
25-09-2025,47.36313087800783,48.01016588179819,46.66632073774072,47.83098602294922,236000
26-09-2025,48.18934734154978,49.09519941479749,48.139576000729335,48.7169303894043,248900
29-09-2025,48.63729583462035,49.17483541610584,48.408344634500935,48.77665710449219,189000
30-09-2025,49.03547159679741,49.4734685101807,47.71651397529519,47.94048690795898,238400
01-10-2025,47.65180737708412,48.24409658098444,46.01928310806831,46.029239654541016,212100
02-10-2025,46.298006045403184,46.666322321822825,45.81322627435718,46.00933074951172,177800
03-10-2025,46.08896374413777,47.228745287430975,45.31252020090096,46.029239654541016,230200
06-10-2025,46.33782553340557,46.53193642461775,44.75507256076861,44.80484390258789,222100
07-10-2025,44.60576174878285,45.20302548826202,44.03836005708456,44.257354736328125,421400
08-10-2025,44.54603192013058,44.54603192013058,43.55058986604945,43.96867370605469,238000
09-10-2025,43.89899523448135,44.56594341826141,43.55059201726731,44.4365348815918,214700
10-10-2025,44.66548291847578,45.362293100429554,43.80442768717597,44.01844787597656,191900
13-10-2025,44.13789749639465,45.9595543431837,44.05826031537381,45.879920959472656,249600
14-10-2025,45.19306766007061,47.492536216269166,45.19306766007061,47.41290283203125,210800
15-10-2025,48.020124048993786,48.65720632538012,46.9948162004565,47.36313247680664,210900
16-10-2025,47.51244500900571,47.56221634829159,45.48174246873971,45.501651763916016,172500
17-10-2025,45.24283743263759,46.36768790051992,44.36684745250651,46.13873291015625,188900
20-10-2025,46.39755455068221,47.42783692037577,46.39755455068221,47.06449890136719,140800
21-10-2025,46.88531299480888,47.56221380537365,46.74595173333547,47.37308120727539,107600
22-10-2025,46.765869199905005,47.24368095015965,46.46723733065964,46.95500183105469,199000
23-10-2025,47.02468304729254,47.243677711159535,46.54686753248642,46.92513656616211,107400
24-10-2025,47.57217383865529,48.1495282209873,47.25363270413214,47.9703483581543,132500
27-10-2025,47.89071535924226,49.49337759121826,47.24865481179977,49.30424118041992,261100
28-10-2025,48.88615756433478,49.87164302463003,48.88615756433478,49.29428863525391,240600
29-10-2025,49.36396672318646,49.93634660703828,48.32870617815305,49.03546905517578,290200
30-10-2025,50.76754263730051,54.73935793797627,49.43862846197261,49.47346878051758,719000
31-10-2025,48.97574870583036,49.22958748709188,47.528373622609344,47.88076019287109,353600
03-11-2025,47.60203644077807,47.910624829784005,45.13334072066028,46.00933074951172,337000
04-11-2025,45.4220186113851,45.79530935389116,42.868707502365325,42.97322845458984,374000
05-11-2025,43.49086175637611,44.19265022367186,42.44564836432569,43.40127182006836,262900
06-11-2025,42.61487395195181,43.99853774272465,42.42573753916623,43.48090744018555,259600
07-11-2025,43.82931036798674,44.356897214047024,42.41578454027445,44.26730728149414,265000
10-11-2025,44.96411036346885,46.66631895760135,44.37680326746823,45.01388549804688,153300
11-11-2025,44.67544038184717,45.31750096142137,43.470952612301794,43.779541015625,126000
12-11-2025,43.8989896418386,45.02881841158526,43.8989896418386,44.33698654174805,247300
13-11-2025,44.28721768005564,44.28721768005564,42.619849238398345,43.0528678894043,194700
14-11-2025,42.7144161429644,44.10803646433067,42.29633232494045,43.69990539550781,157900
17-11-2025,43.42117960965744,43.93880991287958,41.619431993673615,41.73888397216797,129200
18-11-2025,41.79861462632822,42.36601630836483,41.28098428884899,42.1768798828125,212600
19-11-2025,42.42574034007336,42.47551168455704,41.3705741667029,41.98774719238281,156100
20-11-2025,42.89359763646122,43.799449740566914,42.4804882786901,42.84382629394531,342400
21-11-2025,42.96327697089196,43.7496770696189,41.96783496155961,43.102638244628906,236900
24-11-2025,42.94336655577932,44.29716826075627,42.73432465062224,44.12794494628906,225600
25-11-2025,44.44648652050965,45.05370294669249,44.01844615959872,44.68539047241211,158600
26-11-2025,44.71525104162976,45.67585268537626,44.635617659393176,44.95415878295898,262800
28-11-2025,45.133337267595024,45.27269853025483,44.60575425972302,44.63561630249024,71600
01-12-2025,44.14785609569036,44.904394226403,43.45104965596858,43.6501350402832,215100
02-12-2025,43.76958713479057,44.15780891768411,42.9762189584323,43.45104598999024,160800
03-12-2025,43.45104404497565,44.97406906270844,43.30670450186944,44.904388427734375,196800
04-12-2025,44.4365306300831,46.51700457872043,43.71981116917534,46.198463439941406,280200
05-12-2025,45.86996614493198,46.82857417565513,45.78037621897276,46.5667724609375,301900
08-12-2025,46.82559199733335,46.82559199733335,45.83015000996134,45.86001205444336,265600
09-12-2025,45.58128611033668,46.92015290123086,45.459840556505725,46.22832107543945,200500
10-12-2025,46.04914670314703,48.502911462515,45.81422232297253,47.88076019287109,321500
11-12-2025,47.57217273656836,49.15492562338627,46.99481457030194,48.99565505981445,351000
12-12-2025,48.96578864517468,49.07531012959704,47.11388957642284,47.48227691650391,388600
15-12-2025,47.9701433357849,48.62726843087448,47.06410716228135,47.45240783691406,227100
16-12-2025,47.542015484869374,48.55757313005418,47.29808369401195,47.711273193359375,232100
17-12-2025,47.870578014047005,48.303680837914456,45.81954946384679,46.6758041381836,259100
18-12-2025,47.243323442585925,48.62726843087448,46.96454045206678,47.45240783691406,287900
19-12-2025,47.313018176538776,47.99304190491887,47.12384712451008,47.33293151855469,375700
22-12-2025,47.49223479185124,48.23896803135178,47.2184310848017,47.93031692504883,154200
23-12-2025,47.492230974437845,48.438093761393326,47.492230974437845,48.35844039916992,366400
24-12-2025,48.15931577082535,48.4978349991112,48.01992617060443,48.19914245605469,44600
26-12-2025,48.35844060071455,48.78656792924628,48.06970285857336,48.16926956176758,106200
29-12-2025,48.01992534610623,48.24892308512041,46.994412906590185,47.86062240600586,125700
30-12-2025,47.651537394646,48.01992472673626,47.28315006255573,47.33293151855469,120000
31-12-2025,47.42254127280699,47.65153901666239,46.546373184691085,46.79528427124024,124600
02-01-2026,46.63597713588583,47.561926598466016,46.28252388052608,47.17362594604492,159100
05-01-2026,47.39266686157077,50.72807752436281,47.39266686157077,49.06534957885742,338900
06-01-2026,48.78657155856233,50.010218515950434,48.119491688902,49.453651428222656,247000
07-01-2026,49.30430637449243,49.33417448821701,47.4424525900552,48.258880615234375,158400
08-01-2026,47.94027664781088,50.74799339199322,47.67642770645496,50.62851333618164,320800
09-01-2026,50.658388050213695,51.3752494343116,50.180479194787765,51.1462516784668,199900
12-01-2026,50.5289460852977,52.48040791912138,49.01457126027948,52.291236877441406,207300
13-01-2026,52.341022833213536,52.808976890038124,50.89733777554245,52.39080429077149,204500
14-01-2026,52.27132431254622,52.79901456164871,51.355333404815,52.51028060913086,168600
15-01-2026,52.75919706110981,54.86000350032667,52.75919706110981,54.28253173828125,202700
16-01-2026,54.441831765013646,54.75048287177004,53.69011923934922,54.19292068481445,190700
20-01-2026,52.78906085678992,54.12322436098339,51.77350322242638,53.75483703613281,205100
21-01-2026,53.95396244571547,55.13878157583254,53.62042252172517,54.680782318115234,208500
22-01-2026,55.28812825837234,56.044820073755794,54.860000893951046,55.3379135131836,251900
23-01-2026,54.99938928470421,55.437471381369605,54.13317606449935,54.94960403442383,310000
26-01-2026,54.949610833606926,55.716257446193296,54.12820727548321,55.15869903564453,191500
27-01-2026,55.32795333862305,55.57686441313479,54.7305682790275,55.32795333862305,106300
28-01-2026,55.83573518533496,56.04979506758037,55.01731315542213,55.04917526245117,188800
29-01-2026,55.41755993786086,55.65651623390978,54.26261273613429,54.889869689941406,238100
30-01-2026,54.16305030358174,55.84568776799207,53.81457252703942,55.17860412597656,429100
02-02-2026,55.24830266505357,56.214075032152365,54.83013009323308,55.60673141479492,187000
03-02-2026,55.95520987768072,55.95520987768072,50.18544924005939,51.44493865966797,376600
04-02-2026,51.89297984830287,52.74923455392605,50.53093841562935,52.281280517578125,414700
05-02-2026,50.747991735564746,51.28563677684096,45.650290129780295,48.30866241455078,665200
06-02-2026,49.71252025786364,51.2955948485389,49.15993736690557,50.7579460144043,405200
09-02-2026,50.74799425360053,52.769151089373366,50.74799425360053,51.63411712646485,274000
10-02-2026,51.5345464523744,51.80337086473911,50.49907928388407,51.39515686035156,257600
11-02-2026,51.514638986890326,52.28128177393901,50.57873089170386,51.69385147094727,281400
12-02-2026,52.33106822164569,53.03797479615208,50.852535759335225,52.082157135009766,284100
13-02-2026,51.55445834315671,52.022412358707214,49.98134239420197,51.62415313720703,145600
17-02-2026,51.7535908746878,52.14189154861995,51.08651100882111,51.71376419067383,179800
18-02-2026,52.012459088657984,53.26696921585687,52.012459088657984,52.4903678894043,119300
19-02-2026,51.81332987793764,52.69945269030789,51.00685663394145,52.65962600708008,161700
20-02-2026,52.390802421578094,53.06286156983715,51.60424630482893,52.998146057128906,223500
23-02-2026,52.47045564481859,53.15744884811243,51.10642401012723,52.21158599853516,364500
24-02-2026,52.1817168239149,54.44182980659087,51.743634705832754,54.1331787109375,366900
25-02-2026,54.760436269408615,56.72185674753536,53.66522906325307,56.184207916259766,376400
26-02-2026,56.52273028957539,56.77662066266698,54.0336194108628,55.53704071044922,274900
27-02-2026,54.95956791542739,54.95956791542739,52.231500773131536,53.62540435791016,442700
02-03-2026,52.490365212475055,55.32794975909426,52.17673484810887,54.71065139770508,263800
03-03-2026,52.380847647124746,54.05353038826922,50.957075982959125,53.54574966430664,308100
04-03-2026,54.19291861072371,54.85999845704762,53.39640394418712,54.44182968139648,328500
05-03-2026,53.74488132254049,54.38209309606488,52.02739634552301,53.177364349365234,365100
06-03-2026,51.60424735899648,51.60424735899648,49.87182455659422,50.95707702636719,273100
09-03-2026,49.95147743228527,51.50468405449548,49.04544118551646,51.335426330566406,271500
10-03-2026,51.56442408545501,52.52522107774956,50.56877969128789,51.335426330566406,203800
11-03-2026,50.77785601383399,51.44493582858375,49.91164659235489,50.49907684326172,173900
12-03-2026,49.28439345100917,50.08090814110612,48.83635275092912,50.07095336914063,318300
13-03-2026,50.470003178718855,51.30302168673336,49.86144945959243,50.31038284301758,261100
16-03-2026,50.94886624919502,51.76692097850049,50.42012457933028,50.60967254638672,214300
17-03-2026,51.36787309358885,51.901603980578656,50.87903364486818,50.98877334594727,249200
18-03-2026,50.22059694988594,50.87903132063287,50.04102359371413,50.09090423583984,289600
19-03-2026,49.193041589256005,51.95647180475048,49.193041589256005,51.92654037475586,328800
20-03-2026,52.00635018504183,52.18592353460218,50.27047574117475,50.709434509277344,567900
23-03-2026,52.355519767254286,53.26336114330154,51.46763140894586,52.00635147094727,253200
24-03-2026,51.228198466444674,52.20587729718656,51.08853114938125,51.81679916381836,239300
25-03-2026,52.78450064175922,53.88188998839743,52.60492728603311,53.752201080322266,186900
26-03-2026,53.0937637293528,54.49542986082591,53.0937637293528,54.31086730957031,230200
27-03-2026,53.841987088379724,54.490443037635714,52.0861595888226,52.09613800048828,172800
30-03-2026,52.87428784532935,53.901843542251626,51.786873094020194,52.1559944152832,187200
31-03-2026,53.1835525084285,54.31086946047128,51.86668379200851,54.29091644287109,314600
01-04-2026,55.37833415706711,58.216587319403175,54.99923821913073,56.06669998168945,519200
02-04-2026,54.37073130674087,55.25363049842891,51.72701532644701,55.14888000488281,328400
06-04-2026,55.1488779922836,55.902088243893175,54.60517252576975,55.85719680786133,259100
07-04-2026,55.50802508156008,56.57548680961708,54.79971006680245,56.136531829833984,284500
08-04-2026,59.039628782595045,60.097115894210845,58.02204770665887,59.28903579711914,554800
09-04-2026,58.86005524835985,62.102346427294925,58.86005524835985,61.71327209472656,507400
10-04-2026,61.66338964535558,61.922771257580685,60.92514323177059,61.78310394287109,288000
13-04-2026,60.91517198604056,63.29950249034103,60.88025515543717,63.28952407836914,323300
14-04-2026,63.84819466240664,65.60402214678625,63.51897558196711,64.8158950805664,403300
15-04-2026,64.57646458446382,66.56174219775636,64.39689123779982,66.53181457519531,331000
16-04-2026,66.52183576595844,67.41470948264508,65.80354238359946,66.25247955322266,289500
17-04-2026,67.52944426722814,68.65676120908915,66.49191019528358,66.55176544189453,395100
20-04-2026,66.50189539562713,67.46460289628759,66.50189539562713,66.54179382324219,238200
21-04-2026,66.71139628878684,67.81377111829951,65.43941889132722,65.62397766113281,270300
22-04-2026,66.33228951713525,69.7042773297295,66.3173257047017,67.50949096679688,382700
23-04-2026,67.55937580807256,68.2676908421339,66.44202960165701,66.7812271118164,187400
24-04-2026,66.97076482678855,67.99832805915626,66.0529488945024,67.61922454833984,209400
27-04-2026,67.55937204453839,68.46720960249816,67.55937204453839,68.01828002929688,276200
28-04-2026,67.29998786205066,67.54939487648664,65.60402320840517,66.75129699707031,313100
29-04-2026,66.7014130292483,66.7014130292483,64.80093278338929,64.9256362915039,493200
30-04-2026,64.79593777765886,68.4273032132928,62.331799120992365,67.19024658203125,574000
01-05-2026,67.34987645409703,68.1779020083938,63.51898051873603,65.33466339111328,525300
04-05-2026,65.22491947399533,67.80878009345523,65.22491947399533,67.38977813720703,433000
05-05-2026,67.84869072592149,68.22778667231199,67.0206575577358,68.17790222167969,333100
06-05-2026,68.97600855580944,69.30522766664544,67.54940002015212,67.72897338867188,269100
07-05-2026,67.65913346969599,67.90854048006958,66.25248188906384,66.3721923828125,245100
08-05-2026,67.04060047696407,68.8363339729515,66.162690551869,68.46720886230469,259300
11-05-2026,68.88621748279567,72.92660637691523,68.83633303752475,72.20831298828125,529400
12-05-2026,71.54988116815218,72.12351422195228,68.96602069784866,70.36270141601562,290500
13-05-2026,70.2629448888857,71.1258910335356,69.7142464088782,70.0534439086914,506100
14-05-2026,70.23301646781688,71.07102037908514,69.3950049452506,71.05107116699219,406100
15-05-2026,69.98360828472788,70.4425162681752,67.08050704500721,68.6567611694336,294400
18-05-2026,68.65675863967681,70.97125529468985,68.1030747953529,69.17552185058594,348800
19-05-2026,68.53704508664316,68.90617021111413,67.52944622016246,67.94844818115234,385800
20-05-2026,68.54702196549404,71.30047749711774,67.90355522631408,70.95130920410156,661500
21-05-2026,70.10331779891801,72.44774974105911,69.46483647335978,72.39786529541016,405900
22-05-2026,73.41544417539717,74.34323856166458,71.36033283838893,71.41021728515625,529400
26-05-2026,72.40784164986472,75.94941646269757,71.62969303215209,75.30096435546875,619500
27-05-2026,75.15132876685132,75.59027996782648,73.41545034265896,74.32329559326172,664000
28-05-2026,73.67483202084445,73.88433300381976,72.04870099415135,72.53753662109375,358600
29-05-2026,72.87673136990551,72.98147805178355,71.5798118733261,72.13848114013672,409900
01-06-2026,71.84916727995063,73.04632548120178,71.20071515031631,72.12850952148438,295600
02-06-2026,72.12851223557881,73.61497592315224,72.08860619957238,72.52755737304688,272600
03-06-2026,73.07625746428961,73.07625746428961,70.48242595710008,72.08860778808594,455300
04-06-2026,72.33801314639116,75.8097545513238,72.32803473457464,75.6401596069336,327600
05-06-2026,74.5228147630649,75.01165800391873,72.69716115557821,73.82447814941406,306200
08-06-2026,76.03921372720208,77.19645834595909,74.61260526362612,76.8472900390625,484500
09-06-2026,77.92473309079122,78.8126215090142,75.52044566728281,77.15655517578125,361700
10-06-2026,76.30856730424735,78.43351991894028,75.26604782019923,75.89954376220703,257400
11-06-2026,76.94704600086666,78.87246837286689,75.79977987349002,77.51569366455078,340600
12-06-2026,77.64556375387382,79.06401935139814,76.81646356982962,78.45468139648438,246300
15-06-2026,79.95305224718642,83.71196493089896,79.05402840663092,80.48247528076172,871300
16-06-2026,81.28160625176672,82.84990037371152,80.83209053766659,82.24056243896484,397000
17-06-2026,82.7899567962623,85.63686666593428,82.50027093642842,82.63013458251953,470600
18-06-2026,75.79756204305644,76.05228989131545,69.44447086875115,75.068359375,2999600
22-06-2026,74.87856785275571,75.75760913950974,73.32026496497603,73.80973052978516,718600
23-06-2026,71.75196855127979,74.45902359967619,71.73198601067114,72.9306869506836,443100
24-06-2026,72.81081859847828,72.82080986933535,69.89399243896044,70.30354309082031,605700
25-06-2026,71.25250900875578,72.3912699045327,69.21472434760078,69.69419860839844,741300
26-06-2026,71.71200852849971,72.92069307451722,70.2186299472796,72.1215591430664,1412900
29-06-2026,72.57107742431724,72.92069567387483,69.84403983555544,71.09268188476562,447900
30-06-2026,71.20256175379991,71.90180586183429,70.40343542889707,71.44229888916016,467600
01-07-2026,71.25251427929776,74.10940799998676,70.90788784198534,71.90180969238281,474000
02-07-2026,73.21038453771145,75.0633651466962,71.99170862846842,73.0105972290039,388400
06-07-2026,73.71983165648344,79.34371285683186,72.58107068604775,79.06401824951172,729800
07-07-2026,78.22492773883498,79.17390030624682,77.4557675595367,78.19496154785156,448300
08-07-2026,77.76542280675513,78.91417497941079,76.846424117073,77.30592346191406,311200
09-07-2026,78.19496162979851,80.97194044006771,77.82536844580703,80.29267883300781,395600
10-07-2026,81.22166320206473,82.40737774221864,81.22166320206473,81.5712890625,430800
13-07-2026,81.31157074967648,81.53632479149611,78.12503384127628,78.72438049316406,416100
14-07-2026,78.85424214198164,81.08381193529416,78.85424214198164,80.53241729736328,340900
15-07-2026,82.14067538199039,83.10961525130358,81.05185550619377,82.9797592163086,389500
16-07-2026,82.3704173076909,83.84881283862607,81.23764656462006,83.17953491210938,492900
17-07-2026,81.09180647528173,83.48420119760729,79.66335972028072,82.70005798339844,335700
20-07-2026,83.2394789476156,84.21841008812639,81.9608706540712,82.06076049804688,284400
21-07-2026,82.59017822469407,84.87769132399283,82.51026330620446,83.85879516601562,353800
22-07-2026,83.0197105972351,84.96659072012969,81.90092461231758,82.2305679321289,329400
23-07-2026,80.58236197559727,81.76108038245593,79.95304912235734,80.1428451538086,319800
24-07-2026,80.93197681141888,81.32156012824535,79.23382673371958,80.79212951660156,238600
27-07-2026,82.35044387267506,84.3083137151836,81.67118228477565,82.75999450683594,345300
28-07-2026,82.47030988368911,83.36933370793705,81.0918117672466,82.4103775024414,346400
29-07-2026,81.78106627815153,83.36933538195927,78.91418125356905,80.74219512939453,980000
30-07-2026,82.99972884501761,86.33610429145068,79.74327593818026,83.85879516601562,512200
31-07-2026,83.8987576752962,88.20408080952004,81.88095539916772,86.39604187011719,566200
03-08-2026,86.66574878634076,90.02209919722989,86.4060291082905,89.68246459960938,581500
04-08-2026,90.5914775538298,92.56932222997172,89.97214837323365,91.82013702392578,493100
05-08-2026,92.62926516244724,93.50830642178288,90.62144661274526,91.31069946289062,379900
06-08-2026,90.65141550853632,93.50830921303933,89.97614736822088,91.46053314208984,300800
07-08-2026,91.95998620503856,93.16867078104444,89.19299880725742,89.75238800048828,291500
10-08-2026,89.19299792265292,91.29271172736792,88.61362619477785,90.62144470214844,411300
11-08-2026,90.8212257975587,93.19164894908928,90.52654810451844,91.45054626464844,292500
12-08-2026,92.21970740965769,92.44946090131462,90.94109916332236,92.08985137939452,415500
13-08-2026,92.49940291458584,93.11873212418912,90.8112440202472,93.05879974365234,395600
14-08-2026,92.30961028537035,93.71807451138352,91.2407654072522,92.40950012207033,272600
17-08-2026,92.33957912262149,93.42040441041324,91.42057278374864,92.88897705078124,310100
18-08-2026,91.95998573373234,91.9899519230581,90.05705650048509,91.73023986816406,269600
19-08-2026,92.57931887689716,92.91395404050031,90.68638083296734,90.94110107421876,317500
20-08-2026,91.06097304389384,92.14978527683868,90.24185652517087,90.75130462646484,229100
21-08-2026,91.67029930056876,92.95889878133748,91.3556466934912,92.1997299194336,328900
24-08-2026,91.86009564753265,93.67811813241174,91.55043486386118,91.80016326904295,229600
25-08-2026,92.6991869203535,94.00776132289484,92.32958613761085,93.37844848632812,326400
26-08-2026,93.77800779908424,95.89570741475836,93.31850844892126,95.54608917236328,342400
27-08-2026,95.70591419566288,98.1932146668872,95.70591419566288,97.20428466796876,285200
28-08-2026,97.81362490982649,98.4129715886621,95.2663996194984,95.65597534179688,352300
31-08-2026,95.6759492938739,96.08550755328326,93.57324030391116,94.09766387939452,560600
01-09-2026,93.39842229578709,94.36736971438238,89.80233483321862,89.98213958740234,476300
02-09-2026,90.18191950798632,92.58930496665936,89.28289573459999,89.91221618652344,700100
03-09-2026,90.91113386826292,92.67920768418615,90.71134656461491,92.1397933959961,458500
04-09-2026,90.48159923249511,93.5682387182877,90.22187955249473,93.47834014892578,385400
08-09-2026,93.6081991271122,94.54718041592652,91.670304168021,92.04989624023438,427200
09-09-2026,91.7901753043542,93.4983167427762,90.74131291637802,92.3995132446289,316300
10-09-2026,91.7102598143184,93.88789187726852,91.47052267210644,91.95000457763672,276900
11-09-2026,93.6500015258789,94.05999755859376,90.87999725341795,91.0199966430664,267500
14-09-2026,90.45999908447266,91.6750030517578,87.55000305175781,88.91999816894531,546800
15-09-2026,87.95999908447266,88.4749984741211,85.5999984741211,87.4800033569336,1419200
16-09-2026,88.11000061035156,90.90499877929688,87.0780029296875,89.20999908447266,539600
17-09-2026,91.18,91.5,90.14,90.54,273400
18-09-2026,90.69,92.01,90.035,90.74,1272500
21-09-2026,92.01,94.51,91.77,94.11,324600
22-09-2026,94.69,94.69,89.09,91.9,404800
23-09-2026,90.73,92.24,89.785,91.51,297100
24-09-2026,91.33,93.485,90.305,93.32,254600
25-09-2026,93.06,95.89,93.06,93.88,293800
28-09-2026,93.29,94.42,92.42,93.79,364000
29-09-2026,94.61,94.61,89.413,92.48,433500
30-09-2026,92.61,93.69,90.99,91.71,460000
01-10-2026,92.12,95.92,90.965,94.06,637700
02-10-2026,95.1,97.1,94.1,94.17,441800
05-10-2026,94.4,97.39,93.706,96.16,475400
