Date,Open,High,Low,Close,Volume
29-09-2021,,,,,0
30-09-2021,49.56280991088798,49.967596668141454,48.76264845516956,48.83795928955078,406500
01-10-2021,48.97915924595266,50.55123871965878,48.602615866102,49.96759414672852,354600
04-10-2021,49.58163050012216,50.55123767318061,49.50632326211821,50.33472442626953,296900
05-10-2021,49.94877121236292,50.83365201014323,49.06388682356421,49.53456878662109,360300
06-10-2021,49.12979082963461,49.195686029008925,47.83071096395326,49.1015510559082,275700
07-10-2021,49.68518418534873,50.01466369628906,49.33688055699989,50.01466369628906,215800
08-10-2021,50.08997453328584,50.49476131596116,49.581637142342174,49.722843170166016,182100
11-10-2021,50.18411529283603,50.43828399950426,49.40278146222424,49.41219711303711,158000
12-10-2021,49.41219493637941,49.81697812803627,48.6873442695194,49.722843170166016,212500
13-10-2021,49.63811528322437,49.75107793952003,48.48023818089412,48.95092010498047,293000
14-10-2021,49.77933066529925,49.77933066529925,48.97916908915164,49.6851921081543,234400
15-10-2021,50.73951476545779,50.73951476545779,48.74382074657426,48.83795928955078,532100
18-10-2021,48.82854832864215,49.58163878968081,48.5084844338234,48.60262298583984,213400
19-10-2021,48.67792329181698,48.99798714097395,48.066038950587945,48.92267990112305,417500
20-10-2021,48.89443648939197,50.23117500767755,48.73440636050137,50.19351959228516,291300
21-10-2021,50.278247510893095,50.61713910128889,49.86404867319737,50.47593307495117,370900
22-10-2021,50.42887377547624,51.30434266231656,50.250015891989136,51.21961975097656,231200
25-10-2021,51.64322694922482,51.869152286594215,51.163129323032486,51.73736190795898,251600
26-10-2021,51.66205123329422,51.66205123329422,50.8148222967953,51.05016326904297,213700
27-10-2021,50.64537148392865,50.64537148392865,49.30863661789553,49.49691009521485,336300
28-10-2021,49.80757371821075,50.79600529172768,49.788746005541405,50.50418472290039,253800
29-10-2021,48.16958536499902,50.14645155881726,48.0189672961287,49.31805038452149,417800
01-11-2021,49.95818653615765,50.73010471873144,49.50633225301825,50.71127700805664,553400
02-11-2021,50.852475511882766,51.17253936391902,49.70401046792595,49.864044189453125,353600
03-11-2021,50.25941853678196,51.64322463240861,49.40277752306506,51.10664749145508,386600
04-11-2021,50.75833288322586,51.17253524132597,49.675766699595606,50.4853401184082,246300
05-11-2021,51.14430617433754,52.69755456902826,51.08782304341442,51.8597412109375,302200
08-11-2021,52.27393502582541,53.31884950556023,51.53026029095798,52.00094223022461,203100
09-11-2021,51.76560057713701,52.26452227704661,51.14430056914873,51.68087768554688,240700
10-11-2021,51.90680015159871,52.45279288764087,51.63380378357763,51.67145919799805,368400
11-11-2021,51.89739970203061,52.17039254009738,51.32316707223647,51.60557556152344,281300
12-11-2021,51.60557196129889,51.982118981424506,50.26883686278815,50.62655258178711,266200
15-11-2021,51.06899402557318,51.25726753281124,50.24059274833677,50.795997619628906,320300
16-11-2021,50.7395133972168,50.99367847885402,50.174692927643285,50.7395133972168,391800
17-11-2021,50.37238521687002,50.37238521687002,49.10154527454752,49.41219711303711,314000
18-11-2021,49.33687962804732,49.76049408212692,48.64968444299292,49.402774810791016,296800
19-11-2021,48.76265489082101,49.19568147260879,48.14135478925025,48.55555725097656,234300
22-11-2021,49.21450577922235,50.513589025738895,48.93209731459313,49.722843170166016,340600
23-11-2021,50.080565524628014,50.62655477736834,49.73226185006857,50.3159065246582,227100
24-11-2021,50.118214193631154,50.48534552964858,49.826390100146895,50.08055877685547,350400
26-11-2021,48.08487120366545,48.47083027080761,46.10800479870298,47.12467956542969,258200
29-11-2021,48.33904426404966,48.33904426404966,46.48455946095912,46.92699813842773,332400
30-11-2021,46.14566455821949,46.84227192003969,45.28902344613115,45.816184997558594,413700
01-12-2021,47.12468449200915,47.52947131096613,45.185473303308726,45.26078414916992,459300
02-12-2021,45.47728769408816,47.14350209583083,45.47728769408816,46.7763671875,261200
03-12-2021,46.94581919079066,47.077609569255145,45.44905036633824,45.91032028198242,298000
06-12-2021,46.81402807040293,48.03780046805935,46.4280690005801,47.21881484985352,273900
07-12-2021,47.77422226779437,47.94366807247888,46.230385906018775,46.57868957519531,299800
08-12-2021,46.63516845125121,47.068194983252745,46.25862145497787,46.55044555664063,200600
09-12-2021,46.13624039740521,46.503375312885225,45.76910907294328,46.18331146240234,223300
10-12-2021,46.58810567321056,46.58810567321056,45.27960670424942,46.31510925292969,199400
13-12-2021,46.02328327646573,46.4939652548972,45.18546992942069,46.00445556640625,496600
14-12-2021,46.19273124801656,47.7083278643939,45.91973482584528,46.40924453735352,605700
15-12-2021,46.795203338587456,46.795203338587456,45.04426573298839,45.46788024902344,821000
16-12-2021,46.38099884430515,46.99288321229821,45.46787473067796,45.93855667114258,681200
17-12-2021,45.92914492511481,46.37158351027174,44.253514763758965,45.74087142944336,2401500
20-12-2021,45.20430638418855,45.75971136982072,43.49102393854746,43.91463851928711,481400
21-12-2021,44.51710013601515,45.73146044094859,44.43237724053101,45.37374114990234,550600
22-12-2021,45.35491035335029,46.12682841920658,45.14780915826071,45.98562240600586,262300
23-12-2021,46.19272212213132,46.88933292539026,46.013864290019285,46.32451248168945,164900
27-12-2021,46.54102732444061,46.86109117620938,45.863247796179415,46.83285140991211,185000
28-12-2021,46.7104721678296,47.5953564649307,45.74086857353509,47.13408660888672,168700
29-12-2021,47.143509125643966,47.61419110849096,46.719894622877966,47.30353927612305,179300
30-12-2021,47.53957884896353,47.90781298295006,46.85032618065038,46.935302734375,201800
31-12-2021,46.76535742283142,47.26577659008414,46.293266179389086,46.906986236572266,209200
03-01-2022,47.2468815280485,48.68203900679777,47.05804435420289,48.54985046386719,903500
04-01-2022,49.088044102722286,49.98501449293634,48.861438744058006,49.73952865600586,439700
05-01-2022,50.08886807071875,50.67426006223207,49.229662359937954,49.3051986694336,290200
06-01-2022,49.83394402747151,51.35407821004232,49.51292187958842,50.95752334594727,359000
07-01-2022,51.10859315731661,51.4862639476592,50.5231974893652,51.05194091796875,417200
10-01-2022,51.33519892268299,51.52403613349566,50.22106334083545,50.99529266357422,367700
11-01-2022,51.06138681875775,51.26910450120682,49.98501583834308,50.86310577392578,396300
12-01-2022,50.98583933693167,51.24076896582864,49.92835627029071,51.12746810913086,464700
13-01-2022,51.17468754020815,52.51542483874215,51.165243699080406,52.06221771240234,470100
14-01-2022,50.98584738353664,52.298260286200055,50.98584738353664,52.18495941162109,354800
18-01-2022,52.18495504457404,52.40211653674821,50.99528335485691,51.0991439819336,371500
19-01-2022,51.05194982078287,51.39185611260551,49.5412591924273,49.65456008911133,476200
20-01-2022,49.85282511850631,50.24938356059929,47.67176629318876,47.7756233215332,549500
21-01-2022,47.803955199663726,48.71036942557117,47.18079496913111,47.4829330444336,663000
24-01-2022,46.62372707872807,48.94641487636832,46.62372707872807,48.653717041015625,520700
25-01-2022,48.32324760392213,49.2107776178915,47.31297288956495,48.540409088134766,334900
26-01-2022,48.95586027022269,49.69232505567582,47.46405382099726,48.37046813964844,642600
27-01-2022,48.50265194804459,48.936978616867655,46.434893657864215,46.89754104614258,460300
28-01-2022,45.75508066507449,47.209122502578765,43.64011399395028,46.16107940673828,661900
31-01-2022,46.00056095299205,46.63316133962474,44.8580976787319,46.5576286315918,630500
01-02-2022,46.39712038177855,46.60484165259426,45.21689243717991,46.038330078125,757500
02-02-2022,46.03833245664716,47.81339638552589,45.34907973360442,46.40656661987305,597300
03-02-2022,46.43488965681156,47.11470212181069,45.72675287302745,45.81172943115234,363300
04-02-2022,46.340482516237074,46.63317680939418,45.63234558488947,46.23662185668945,291200
07-02-2022,46.246051751277086,47.00139692203768,45.6512158535288,46.859771728515625,290400
08-02-2022,47.48293596303605,47.96446742459424,46.64261416433888,47.94558334350586,455700
09-02-2022,47.80395517668403,48.51209196566568,47.58679366027538,48.33269500732422,471300
10-02-2022,48.27603955002911,49.12580141571065,47.416833844837306,47.87004089355469,582900
11-02-2022,47.88892736257865,48.40822690672604,46.99195345808609,47.596229553222656,327400
14-02-2022,47.945574193243104,48.2760401465662,46.604837107774834,46.821998596191406,418200
15-02-2022,47.43572706184696,48.45544221749402,47.43572706184696,48.35158157348633,300800
16-02-2022,47.82283251175912,48.70092229439382,47.82283251175912,48.4554328918457,283500
17-02-2022,47.89836560806339,48.049434625562576,46.80311433075195,46.85032272338867,219900
18-02-2022,46.40657520209497,47.7378724945156,46.21773796592644,47.29410552978516,279300
22-02-2022,47.190241357447775,47.49237947212109,46.13275795609117,46.35935974121094,290900
23-02-2022,46.85033014172936,47.105259824456894,45.60400964957477,45.7361946105957,202500
24-02-2022,44.14052938020563,45.3490817593325,43.243555335547946,45.04694366455078,427300
25-02-2022,45.17912595249356,47.09581865474206,45.17912595249356,46.84088897705078,229600
28-02-2022,45.764523284284,46.906983153908655,45.330196631514944,46.73703002929688,428600
01-03-2022,46.28382704027175,46.88810326996885,43.40407110712562,44.1310920715332,487200
02-03-2022,44.53707501569826,46.46320767064396,44.53707501569826,46.05720901489258,487200
03-03-2022,46.17995327564162,47.0202748940742,45.44349228003005,45.87781524658203,487800
04-03-2022,44.91476536245507,45.50015755772992,43.53625965025884,44.15942001342773,555200
07-03-2022,44.22550203473655,44.404895387100815,41.76118549059176,41.88393020629883,928500
08-03-2022,42.17662443374737,44.07443300070089,41.46848766137335,41.88393020629883,605600
09-03-2022,43.385182433832014,43.96113427986977,43.00750802935051,43.71564483642578,630700
10-03-2022,43.016948739727454,44.00833947712689,42.790343393176535,43.89503860473633,295000
11-03-2022,44.348244139439856,45.386843237066266,44.16884719586771,45.141357421875,501700
14-03-2022,46.05720822658067,46.91641391553621,44.09331105258346,44.442657470703125,458000
15-03-2022,44.52764854919555,45.17913320672171,44.08388160176393,44.61262512207031,366500
16-03-2022,44.96197094360651,45.69843576413846,43.83839503270501,45.6040153503418,524000
17-03-2022,45.0280513606146,45.2735407689011,44.55596022350775,44.9241943359375,303500
18-03-2022,44.51819972960844,44.96196298975346,43.158574825620654,44.54652404785156,960400
21-03-2022,44.81089652693682,45.169686852935975,43.58346010846298,43.951690673828125,269600
22-03-2022,44.470984887776886,45.09414506168487,43.658991135291046,43.99889373779297,624600
23-03-2022,43.74396829095197,43.97057002908515,41.39295274675964,41.48736953735352,502000
24-03-2022,41.78007096276463,42.38434711905023,41.12858640710109,42.157745361328125,434700
25-03-2022,42.21439897222388,42.95086377599243,42.16719056728536,42.43156051635742,480100
28-03-2022,42.42210882333739,42.554293762187314,41.21355669468726,41.84615707397461,425200
29-03-2022,42.80922928697453,43.819504146228326,42.62039209047187,43.73452758789063,745500
30-03-2022,43.48824081717176,43.971336654612486,42.247342202886166,42.626243591308594,734800
31-03-2022,42.6262533927376,43.03357121423487,41.375883582295074,41.56533432006836,455500
01-04-2022,42.09578818749886,42.465218718325104,40.438100707647145,40.7222785949707,601400
04-04-2022,40.69384124766815,40.76962294882835,39.83184427105799,40.33388900756836,394700
05-04-2022,40.38125555514864,40.589648031123424,39.348753241895736,39.3676986694336,533000
06-04-2022,39.689769268266026,39.689769268266026,38.42045435325806,38.609901428222656,728100
07-04-2022,39.159308598720415,39.26350665945832,37.64371029745463,38.34467315673828,811100
08-04-2022,38.590968876404425,38.76147056211225,37.8521113754669,38.05103302001953,615100
11-04-2022,37.94682872586422,39.26350538487233,37.94682872586422,38.46781539916992,613300
12-04-2022,38.61937741152663,39.14036411433762,37.975247214551466,38.18364334106445,490500
13-04-2022,37.98471650260927,39.11194610595703,37.65318050954894,39.11194610595703,464400
14-04-2022,39.064581867035045,39.76554466902615,38.44886807489297,38.6193733215332,649800
18-04-2022,38.43939120504017,38.72356536754005,37.871039266569866,38.60042190551758,588300
19-04-2022,38.88460126011985,40.22969777531469,38.78987773112868,40.1254997253418,520600
20-04-2022,40.54229486992031,41.08222702214609,40.47598766620638,40.4854621887207,499000
21-04-2022,40.92119053076478,41.26220102398741,39.81290642779124,40.20127868652344,607900
22-04-2022,40.14444869322829,40.38126115005613,38.922495548763486,39.04563903808594,520100
25-04-2022,38.55306752275652,39.05510875966522,37.5868722946421,39.036163330078125,552800
26-04-2022,38.46781913898125,38.7425224780844,37.57740191753951,37.6247673034668,601500
27-04-2022,38.3067855156436,40.769637479050125,37.86158050980355,39.8886947631836,1243700
28-04-2022,40.23917197898298,40.52334620270538,39.25403129750544,40.08761215209961,374500
29-04-2022,40.07814343536951,40.57071380304305,39.31086973723872,39.50032043457031,559000
02-05-2022,39.78449951644122,40.873838448589694,39.197205535351614,40.7222785949707,550000
03-05-2022,40.731743778949486,41.3095667688528,40.34337148280534,40.87383270263672,344000
04-05-2022,40.99697019492693,42.36101221978932,40.6275433510171,42.19997787475586,363100
05-05-2022,41.6695231843726,41.78319215649087,40.419150037185766,41.14853286743164,282500
06-05-2022,41.072751980977365,41.309564431408766,39.90763515847143,40.618072509765625,476200
09-05-2022,40.163397783635,41.319040221112495,40.11603239717578,40.62754821777344,351700
10-05-2022,40.88331190665623,41.31904606128458,39.19720797837216,39.93606185913086,483300
11-05-2022,39.973944170926345,40.76963418505086,39.348759417933614,39.4908447265625,295700
12-05-2022,39.33928045900265,40.324421053659854,39.07405168869917,40.258113861083984,558600
13-05-2022,40.76964059858156,41.06328578402451,40.1065648802565,40.52335357666016,398300
16-05-2022,40.21075820922852,40.70332858143162,39.68029697451636,40.21075820922852,400200
17-05-2022,41.053809628600426,42.06736670334241,40.93066613337368,41.9915885925293,358400
18-05-2022,41.24326665390289,41.60321905906876,40.25812576787914,40.59913635253906,557500
19-05-2022,39.94552310363187,40.82646572373711,39.93605219537615,40.1539192199707,589000
20-05-2022,40.43809887340582,40.8170002970026,39.53821431593909,40.74121856689453,456500
23-05-2022,41.39482295133126,41.87791882906055,40.7885835700742,41.3095703125,384300
24-05-2022,41.233787399911854,41.53690708184242,40.0686704449653,41.30009460449219,275800
25-05-2022,41.40428866508398,42.21892408647418,41.21483797884675,41.8021354675293,246600
26-05-2022,42.010526949952826,42.79674601402742,42.010526949952826,42.63571166992188,181400
27-05-2022,42.6167795398518,43.64928219529126,42.455745159146254,43.63033676147461,279900
31-05-2022,43.16617801182984,43.46929769326539,42.5031023536377,43.18512344360352,372100
01-06-2022,43.27037091138189,43.29878724891237,41.95369427489186,42.63571166992188,220000
02-06-2022,42.66413456601487,43.50718636334602,42.37996033067998,43.46929550170898,192700
03-06-2022,43.365097839592,43.64927569102386,42.85358565665192,43.2703742980957,219400
06-06-2022,43.696639652517824,43.83872497188577,42.42732462008389,43.28932189941406,208300
07-06-2022,42.9198859794922,43.611377839307806,42.683073550234624,43.54507064819336,214200
08-06-2022,43.251428886424726,43.251428886424726,42.30417901715264,42.66413497924805,185500
09-06-2022,42.114731454746845,42.66413815427735,41.18642694739314,41.243263244628906,302900
10-06-2022,40.49493291366266,41.063281403904384,39.80344092559565,40.18233871459961,353200
13-06-2022,39.28245030123911,40.55176517580458,38.69515282445289,39.036163330078125,390100
14-06-2022,39.26351245382321,41.08223068374191,38.34467881550508,39.64241027832031,288300
15-06-2022,39.84132765293996,40.79804835534766,39.16877755268416,39.5382080078125,384500
16-06-2022,39.01721926921185,39.06458465157676,37.50162098378954,37.63423538208008,463700
17-06-2022,38.410989350896905,38.80883625655865,37.64371911211077,37.918418884277344,750600
21-06-2022,38.95091594006009,39.41506999366463,38.18364581272614,39.21614837646485,512800
22-06-2022,39.53821145559596,39.53821145559596,38.11733664010716,38.82777404785156,263600
23-06-2022,38.91303273867952,39.05511807426306,37.67213390580623,38.17417526245117,245900
24-06-2022,38.3351988900308,39.29191955636885,38.28783351132002,39.05510711669922,812300
27-06-2022,39.45296273746764,39.576102631997664,38.72357982618232,38.9982795715332,411400
28-06-2022,39.4150709123366,39.79396872343335,38.49623730651456,38.68568801879883,284900
29-06-2022,38.837805813889815,38.837805813889815,37.69691841624118,38.219825744628906,356500
30-06-2022,37.58282579875953,38.66667097444641,37.43070724123843,38.200809478759766,424800
01-07-2022,37.90607964554288,39.05648013453292,37.72543998490785,38.82830047607422,454600
05-07-2022,38.10573059831895,39.22760251246384,37.60183501098136,39.19908142089844,510600
06-07-2022,38.92336346675906,39.51282592560382,38.56208423599943,39.16104888916016,479400
07-07-2022,39.44627730546089,39.75051437919063,39.03745805761304,39.21809768676758,300700
08-07-2022,39.48430665328111,39.48430665328111,38.63814701314093,39.189579010009766,522100
11-07-2022,38.75223261424725,39.04696386604328,38.36242863699031,38.6951904296875,538700
12-07-2022,38.33391142486312,39.49381765221019,38.28637505732104,38.923370361328125,309800
13-07-2022,38.81879001301957,38.81879001301957,37.86804819885941,37.91558456420898,255700
14-07-2022,37.07893075784664,37.3071103890681,36.33735330326321,36.94582748413086,305600
15-07-2022,37.88706078146366,38.83780261915953,37.22154439651037,38.53356552124024,323000
18-07-2022,38.97091494171016,39.579389222154944,38.31490066133648,38.63815307617188,299400
19-07-2022,39.37972667769186,40.37800854676173,38.87583464507779,40.05475616455078,304800
20-07-2022,39.750510398985696,40.43504193293972,38.52405277824694,40.40652084350586,287700
21-07-2022,40.2353998360026,40.77732246816313,39.721998302337006,40.435054779052734,200800
22-07-2022,40.33047011206638,40.79633524411004,39.66495367599339,40.15933990478516,248200
25-07-2022,40.47307896798162,41.328748056291005,40.28292987871374,41.20515060424805,285300
26-07-2022,41.06254371440556,41.452347770728174,40.40653307136294,40.79633712768555,298900
27-07-2022,40.88190165782224,43.895751736852446,40.77731946864333,43.51545715332031,649100
28-07-2022,43.30629033613479,44.104913631407456,42.92599577401924,44.0668830871582,511900
29-07-2022,43.990821883347984,45.05565164420042,43.42988409716114,44.96057891845703,368600
01-08-2022,44.76092834740171,45.578563297532185,44.44718179387871,45.12220764160156,425000
02-08-2022,45.017632017526864,45.21729059286161,44.02886309897977,44.19999694824219,280300
03-08-2022,44.21900757651627,45.13172262712548,43.81969768864389,44.93206405639648,258500
04-08-2022,44.78944907675114,44.83698544383214,44.114423234540894,44.58979415893555,366200
05-08-2022,44.5137356993985,45.25531322468227,41.73757107781846,44.94157028198242,255000
08-08-2022,44.92255062963527,45.531024809199664,44.60880409072677,44.85599899291992,209500
09-08-2022,44.81797337409469,45.09368940037495,44.59930316846322,45.027137756347656,246100
10-08-2022,45.50250836346755,46.20605534540884,45.49299891336986,45.692657470703125,202400
11-08-2022,45.987381545539165,46.57684409455641,45.85427826891988,46.519798278808594,156500
12-08-2022,46.890589494006456,47.53709426616976,46.34866690951552,47.24236297607422,211300
15-08-2022,46.80502328690724,47.44202224563687,46.70044109765367,47.40399169921875,200100
16-08-2022,47.26137275792566,48.43078470579003,47.26137275792566,47.955413818359375,177800
17-08-2022,47.53709752903928,47.755767742457735,46.97615963312491,47.527591705322266,146200
18-08-2022,47.66068591065518,48.212114250919,47.31841829341942,48.1740837097168,227000
19-08-2022,47.62266133902365,47.74625880002791,47.04270820676419,47.31842422485352,351400
22-08-2022,46.938131304351,47.15680152811025,46.09197150860648,46.149017333984375,207500
23-08-2022,46.32014023860643,46.85255330916105,45.397919560264256,45.787723541259766,141100
24-08-2022,45.730683185630525,46.23457885054513,45.312358062169935,46.120487213134766,179100
25-08-2022,46.13949755804379,47.1282698825716,45.920827383218,46.91910552978516,198900
26-08-2022,47.004676752786,47.413496047078375,45.73068250176168,45.8828010559082,200800
29-08-2022,45.5500384922118,45.607084304603696,44.71338471109095,44.75141525268555,178900
30-08-2022,44.75142049392048,44.89403322820684,44.295064821713645,44.70388412475586,171500
31-08-2022,44.75141154663011,44.97008170250195,44.11441634823717,44.38062286376953,293600
01-09-2022,44.323580433609216,44.380626245623866,43.12564739563796,43.92427062988281,427300
02-09-2022,44.42816734238757,44.89403245649478,43.61052875035804,43.79117202758789,209900
06-09-2022,43.89576132380112,44.37113237713296,42.32703902388205,42.87846755981445,637300
07-09-2022,42.67880144598335,43.68658912159621,42.37456434141953,43.62954330444336,337700
08-09-2022,43.16368138575158,44.98910399456674,42.973532290635255,44.58979415893555,316900
09-09-2022,44.79895232571998,45.36939957829637,43.94328688704356,44.98910140991211,201600
12-09-2022,45.23629995010624,45.88280108555237,44.76092901474216,45.80674362182617,355200
13-09-2022,44.85600255584235,45.093688027788616,44.06688504812036,44.55176544189453,364900
14-09-2022,44.97009280823698,45.036644453555546,44.18097888797711,44.89403533935547,600500
15-09-2022,44.82748349576013,45.70216433138831,44.10491759722216,45.26482391357422,627500
16-09-2022,44.88451703148969,45.60708279063254,44.3616097956946,45.54053115844727,1514200
19-09-2022,45.08417110388681,46.47225678629947,45.08417110388681,46.27259826660156,665500
20-09-2022,45.90181562521191,46.56733564945294,45.81624871314104,46.09196472167969,505500
21-09-2022,46.20604408099436,46.90008869722431,45.90180703430338,46.072940826416016,290800
22-09-2022,46.14901105932421,46.3011296128562,44.808465172950896,44.97959899902344,302700
23-09-2022,44.2190091454744,44.41866772328759,43.60102901706036,44.28556442260742,275100
26-09-2022,44.21899995695908,44.637328674218935,43.62003522836059,43.73412322998047,304400
27-09-2022,43.85772601499359,44.38063334837602,42.78338662426023,43.1636848449707,294900
28-09-2022,43.163683236061885,44.10491567570768,43.04008577491913,43.582008361816406,443900
29-09-2022,43.047844389159984,43.047844389159984,42.418294864324295,42.84753036499024,367500
30-09-2022,42.82845693904524,43.49615823384306,42.57091345160929,42.647220611572266,394500
03-10-2022,43.01922544535111,43.85862601347135,42.55183455217098,43.57246780395508,258400
04-10-2022,44.17340033223589,46.11927824066412,44.17340033223589,46.1097412109375,312700
05-10-2022,45.33711902170477,46.27190456827916,45.32758199025074,46.25283050537109,253900
06-10-2022,45.92850535949336,46.77744285569353,45.88080929806301,46.60574722290039,269700
07-10-2022,46.49128720766255,46.68205690895887,45.58511657170975,46.13835525512695,362100
10-10-2022,46.357744974519335,46.72021396955668,45.64234765306874,45.718658447265625,350800
11-10-2022,45.36573502676677,46.35774998771164,45.36573502676677,45.84266662597656,322000
12-10-2022,45.75681464073989,46.31959402229056,45.21311295807048,45.68050384521485,304500
13-10-2022,45.10818955101522,47.65500243268095,44.6026396036781,47.49284744262695,421900
14-10-2022,47.98884775872813,48.54208639414024,46.93959629914894,47.19713973999024,269300
17-10-2022,47.97931091318704,48.63747874955345,47.20668416781608,48.07469940185547,409000
18-10-2022,48.84732706643476,49.32425860265544,47.74084604795072,48.02700424194336,429700
19-10-2022,47.70268495424805,48.29408260838947,46.79651805461867,47.4165267944336,412300
20-10-2022,47.34976007815625,47.85530631808339,45.65188505447738,46.04296875,429600
21-10-2022,46.42451778794832,46.93006773202536,45.90943445209313,46.46267318725586,465300
24-10-2022,46.97775398470578,47.51191858867659,46.58667028997496,47.44514846801758,191900
25-10-2022,47.36884578460928,48.95225853161187,47.178072419212725,48.45624923706055,429000
26-10-2022,48.79009599674164,49.15256133241481,48.12239114038247,48.79963302612305,392400
27-10-2022,49.181188635971765,49.83935294386325,48.63748689495284,48.91410446166992,364500
28-10-2022,49.80120220074371,50.907683487217874,48.5993360394027,49.40058135986328,758700
31-10-2022,48.16055426040352,49.55319365019131,47.96978089388617,49.13349151611328,701400
01-11-2022,49.51503678466714,49.51503678466714,48.236859997114,48.685176849365234,498900
02-11-2022,48.484867607024576,49.76304078617311,48.16055397746023,48.45624923706055,371300
03-11-2022,47.817159226427954,48.10331743470007,47.30207226831872,47.75038909912109,243800
04-11-2022,48.41809298754231,49.36241912841797,48.33224515655361,49.36241912841797,342700
07-11-2022,49.71535001668231,50.07781905918462,49.41011407732228,49.76304244995117,270200
08-11-2022,49.80119462177416,50.07781581097018,49.17164508284136,49.39103317260742,350100
09-11-2022,48.923637035782775,49.4577980185967,48.69470830122053,48.761478424072266,288900
10-11-2022,50.27812656371735,51.4418407896292,50.04920144174403,51.27968215942383,521200
11-11-2022,51.27968732153191,51.737544888967534,51.022147443061286,51.05076217651367,352500
14-11-2022,50.96490873728133,51.51814747586686,50.28766676952867,50.44028472900391,312400
15-11-2022,50.8981327277701,51.40367897787594,49.73441864701458,50.182735443115234,299300
16-11-2022,50.001506402656005,50.1159726047001,49.17164645068235,49.33380508422852,211800
17-11-2022,48.8282531055971,49.13348902104481,48.43716936151102,48.904563903808594,278000
18-11-2022,49.95380374639736,49.95380374639736,49.10486626784716,49.61995315551758,293100
21-11-2022,49.47688413881549,50.07781898547705,49.200266570783455,49.944278717041016,228100
22-11-2022,50.29720612146537,50.7169046197181,50.09689572266517,50.507057189941406,263100
23-11-2022,50.36397439119151,50.67875098226045,50.17320103042542,50.23997116088867,175700
25-11-2022,50.47843980844277,51.06029695428852,50.11597440504658,50.80275344848633,57600
28-11-2022,50.34489406880516,50.8122885964008,49.25749069938966,49.66765213012695,271300
29-11-2022,49.56272581167229,50.001501964463856,49.143027357528034,49.70580673217773,303600
30-11-2022,49.64857656262045,50.56428431947185,48.26547425810784,50.44028472900391,454100
01-12-2022,50.57382218935848,50.57382218935848,49.61041841705404,50.22089385986328,263500
02-12-2022,49.82981013293646,50.34489344346763,49.54364829089817,50.22089385986328,242600
05-12-2022,50.06827771907727,50.19227730716488,47.34022856196405,48.055625915527344,343900
06-12-2022,48.22732689482741,48.50394446999371,47.61685136256165,47.988861083984375,379200
07-12-2022,47.75992363614549,48.41808784468397,47.42607301703875,48.03654479980469,221900
08-12-2022,48.208252735189234,48.685184391915605,47.69316567263681,47.9984016418457,362000
09-12-2022,47.69314789724484,48.33223433249268,47.53099294096945,47.9411506652832,264500
12-12-2022,48.10331611777457,48.35131892116775,47.59776984237755,47.97931289672852,326300
13-12-2022,48.46578443903297,49.286103631906485,46.69159852678548,46.79652404785156,414800
14-12-2022,46.82513972438909,47.13037562529214,45.45157817032538,45.53742599487305,331200
15-12-2022,45.09864630136838,46.042972373442765,44.30694181877581,44.65987014770508,394400
16-12-2022,44.430945379127465,45.11772434352914,43.934936125632426,43.95401382446289,894000
19-12-2022,43.95401455603032,44.89833701231198,43.72508580495349,44.61217880249024,374200
20-12-2022,44.73618774868751,45.01280532496095,44.4404888321268,44.52633666992188,388500
21-12-2022,44.91740716750309,45.87127013250532,44.66940439762983,45.48018646240234,305000
22-12-2022,45.21311370203355,45.48019421336789,44.25925057446912,44.95557022094727,330700
23-12-2022,44.984181126058175,45.756811503631816,44.90787397446379,45.651885986328125,149600
27-12-2022,45.74727630615234,46.13836005642528,45.470655116308286,45.74727630615234,169200
28-12-2022,45.68050424783561,46.853755449131455,44.68848572946059,44.79341125488281,285500
29-12-2022,45.03264321449987,45.61636117580615,44.630735035009394,45.28144073486328,236400
30-12-2022,44.96565993924048,45.35799688444901,44.72643000556798,45.10919570922852,301900
03-01-2023,45.31014673878784,46.6689746230882,43.88433841727805,44.30538177490234,301000
04-01-2023,44.64987629931808,45.31972086804687,44.21926167296677,44.48720169067383,232500
05-01-2023,44.08529048931268,44.32452041541069,43.41544596616645,44.02787399291992,169200
06-01-2023,44.59246112576932,45.61636501758021,44.276679490622456,45.42498397827149,233200
09-01-2023,45.48239216980416,45.77903859091329,45.14747173497043,45.31014633178711,258800
10-01-2023,45.24315848668756,45.93214178152521,44.70728583546597,45.59722137451172,239200
11-01-2023,45.92258023729772,46.48716303370534,45.539810878582365,46.21922302246094,240800
12-01-2023,46.37232809741521,47.10915670940786,46.17137583515149,46.86035919189453,247000
13-01-2023,46.35319157667336,47.43451192095822,45.64507300280691,47.19528198242188,287600
17-01-2023,47.23356130638789,47.23356130638789,46.54457789110764,46.85079193115234,228500
18-01-2023,46.43931543030668,46.72639428258514,44.86039999457135,44.89867401123047,302500
19-01-2023,44.66901530983879,44.99436817877637,44.123571331084506,44.89867401123047,245500
20-01-2023,45.56851189312563,46.26706278704636,45.01350040427245,46.14266586303711,375400
23-01-2023,46.1618143148744,46.755103588781296,45.8173225911996,46.209659576416016,218800
24-01-2023,46.00870163196585,46.20965389595366,45.46325403629191,45.71205520629883,245400
25-01-2023,45.472831227415845,45.60679942093645,44.86997070621366,45.49197006225586,517500
26-01-2023,45.60679590783262,45.83645825786233,44.57332445859694,44.77427673339844,910400
27-01-2023,43.539853898569774,44.8795431709773,43.45373096462416,44.45849609375,570200
30-01-2023,44.20012583495009,44.83169277961319,43.74080475250052,43.80778884887695,321700
31-01-2023,43.89390672515652,45.33885755284044,43.884339134072896,45.12833404541016,503400
01-02-2023,45.003931888241965,46.611557260744405,44.28624212017333,45.89386749267578,422500
02-02-2023,46.00870290868682,47.683312455772935,45.79817939750965,47.64503479003906,442600
03-02-2023,47.29096942808652,48.36272211142164,47.147433664496965,48.01823043823242,522100
06-02-2023,47.77900224623271,48.142632764479806,46.69768193295952,46.82208251953125,405300
07-02-2023,46.69767872012013,47.75986012773723,46.43930997364363,47.51106262207031,272600
08-02-2023,47.21441981357368,47.53977266909292,46.92734462349415,47.09001922607422,232600
09-02-2023,47.52063191304724,47.52063191304724,46.23835937558821,46.31491470336914,217100
10-02-2023,46.21922269956936,46.649837312526046,45.913008674879976,46.37232971191406,289800
13-02-2023,46.401037993665554,46.99432718728488,45.759899894620354,46.72639083862305,286500
14-02-2023,46.63070181483936,47.12830055313898,45.89387312449335,46.39147186279297,225100
15-02-2023,46.027833546246384,47.3005384285329,46.027833546246384,47.25269317626953,238100
16-02-2023,46.984759275832815,47.13786629311287,46.43931529862517,46.45845413208008,362700
17-02-2023,46.45845216605706,47.01346736168472,46.15223814445528,46.8125114440918,358400
21-02-2023,46.39146239924876,46.62112471252186,45.41540395596567,45.46324920654297,244600
22-02-2023,45.56851858780179,45.846026198177626,44.82212233265501,45.18575286865234,370400
23-02-2023,45.36756910191756,46.247937245793096,45.176184405391616,46.209659576416016,323700
24-02-2023,45.71205258627288,46.12352833201184,45.45368384008618,45.9512825012207,276100
27-02-2023,46.38190260521694,46.68811664081091,45.807748550708816,46.02783966064453,232100
28-02-2023,46.01827039791747,46.42017493615473,45.80774688720703,45.80774688720703,318300
01-03-2023,45.549377780600594,46.056547720777424,45.38670317834172,45.683349609375,265000
02-03-2023,45.36756530212077,45.36756530212077,44.34366145937827,44.93695068359375,294300
03-03-2023,45.02307361304071,45.300581217277866,44.26710613268121,45.08049011230469,263200
06-03-2023,45.19532380630747,45.45369260230053,44.40108223375948,44.64031219482422,426400
07-03-2023,44.41064252426354,44.83168587238218,42.62120373181072,42.783878326416016,332400
08-03-2023,42.98483276367188,43.17621744083116,42.401114791356754,42.98483276367188,266800
09-03-2023,42.61163414754837,42.61163414754837,40.38201308850411,40.60210418701172,450800
10-03-2023,39.74088195360663,41.05186483413527,37.92273634870395,40.62125015258789,1230800
13-03-2023,38.27678392050639,38.27678392050639,34.48738318846232,35.53999328613281,1998100
14-03-2023,37.89401757450967,39.817428160621056,35.01369096616488,35.157230377197266,1303300
15-03-2023,33.27209981137099,35.33904630459701,32.803207532422334,35.205078125,1360800
16-03-2023,34.95627074572146,37.654783642770745,33.87495425920718,36.86054229736328,808200
17-03-2023,35.75052116285114,36.0758740122057,33.98021749857876,34.2481575012207,1572200
20-03-2023,35.65482839364716,36.31510535950304,34.47781753540039,34.47781753540039,597400
21-03-2023,36.06630006593845,37.02321970987762,36.02802605445353,36.89882278442383,566700
22-03-2023,36.77441866954728,37.05192621566921,35.16679353041397,35.31990051269531,632600
23-03-2023,35.42517140343213,35.63569492736521,33.79840701476595,33.8558235168457,554900
24-03-2023,33.396500871132424,35.310340378925474,33.09028684191427,35.18593978881836,468300
27-03-2023,36.46820898416517,36.65959364706354,35.214642910021794,35.31033706665039,360800
28-03-2023,35.12851868278006,35.71224024016647,34.65963010906089,35.35818099975586,275000
29-03-2023,35.87492099026598,35.89405617186001,34.95627530831796,35.262489318847656,380800
30-03-2023,35.858206860364945,35.96389883981316,34.513042210571165,34.69560241699219,411700
31-03-2023,35.1664073000582,35.35857420123509,34.513042035224,35.147193908691406,529300
03-04-2023,35.185620094700326,35.521913047344725,34.27283017363457,34.580299377441406,297600
04-04-2023,34.54186889962734,34.54186889962734,32.75472297827807,33.32161331176758,527700
05-04-2023,32.937275301354035,33.187093336503295,32.043702455009075,32.2743034362793,617100
06-04-2023,32.456871529559514,33.17749481336166,32.37039658889207,33.052589416503906,392000
10-04-2023,32.71629042295887,33.65790423666121,32.67785630845374,33.39847946166992,487300
11-04-2023,33.465736158083374,33.72515723030314,32.89884587953821,32.95649337768555,473000
12-04-2023,33.19670742233423,33.39848103507339,32.0052791387781,32.187835693359375,352100
13-04-2023,32.283918415891186,33.11023361836331,31.63055307743784,32.89885330200195,364000
14-04-2023,33.26396231976486,33.52338708378755,31.81310937868841,32.120574951171875,437100
17-04-2023,32.110969100959494,33.292794413723044,31.4960378696128,33.28318405151367,428600
18-04-2023,33.20631879330402,33.34083453921851,31.98606305278388,32.389610290527344,323200
19-04-2023,32.504916258988,34.01342071789264,32.25509813283078,33.61948013305664,481600
20-04-2023,33.19671273664161,33.350445561235965,32.69708014039003,33.22554016113281,283800
21-04-2023,33.12944802880356,33.21592295390013,32.40882487475838,32.64903259277344,320800
24-04-2023,32.562564326948525,33.05259022446915,32.28392243739991,32.447265625,276500
25-04-2023,31.88997893516139,32.082145864388764,30.68894204172912,30.82345962524414,478200
26-04-2023,30.96758023505472,31.58251143985824,30.64089757434297,31.36152076721192,479800
27-04-2023,31.69780849614974,32.65863925951522,31.62094027574683,32.437644958496094,685000
28-04-2023,31.467212506194613,32.562559164240405,31.217398080700285,32.187835693359375,1297000
01-05-2023,32.283908767797,32.42803483316676,31.371122571382195,31.428770065307617,385800
02-05-2023,31.21739526019024,31.21739526019024,28.738449960983672,29.526330947875977,633400
03-05-2023,29.93948674312644,31.04444359830069,29.343772690083583,29.55515480041504,588100
04-05-2023,28.488636016845703,29.026700811453324,27.22033951323656,28.488636016845703,597700
05-05-2023,29.87223614579476,30.03557749024416,28.82493020184971,29.334171295166016,606000
08-05-2023,29.862623493128154,30.25656400489016,28.39255159603421,28.42137718200684,388100
09-05-2023,28.24842737796179,28.52706921157097,27.623887675308787,28.18116950988769,290300
10-05-2023,28.872967868840007,29.343776623490527,27.68153777040897,28.08508682250977,371600
11-05-2023,27.95057200481958,28.411770413110524,27.50858882239441,27.88331413269043,472500
12-05-2023,28.09469575371245,28.200387740878693,27.27798910888137,27.902530670166016,518000
15-05-2023,28.008215769742392,29.295729110953943,27.825657415577982,29.00748062133789,478500
16-05-2023,28.95944351144304,29.17082748796656,28.075478986576183,28.094696044921875,321300
17-05-2023,28.632759827661665,30.756195217766034,28.54628490083357,30.65050506591797,658400
18-05-2023,30.61207364804789,31.015620874460115,30.11244113062389,30.688940048217773,678300
19-05-2023,31.0732714853806,31.0732714853806,29.459075278455973,29.82419204711914,561400
22-05-2023,30.208522980752264,30.92914429858069,29.70889048992774,30.7465877532959,298000
23-05-2023,30.775413336227324,32.37039252415046,30.47755626279674,31.496036529541016,406800
24-05-2023,31.23661282678547,31.342304818592982,30.57364078537364,31.0828800201416,314400
25-05-2023,30.823456972702346,31.130922566895173,30.189306893880268,30.948362350463867,296000
26-05-2023,30.919538126959942,31.294261585113127,30.31421364402383,31.236610412597656,180300
30-05-2023,31.36151838105184,31.45760366529112,30.525596567203625,31.140527725219727,262000
31-05-2023,30.95797208751432,30.95797208751432,29.64163297721017,30.32382202148437,573300
01-06-2023,30.573633474020625,31.774671884110305,30.141260745971845,31.21739196777344,424400
02-06-2023,31.928408781836048,33.571428659588776,31.59211944964531,33.254356384277344,463000
05-06-2023,33.1966984904704,33.20630884960312,31.44798698667912,32.226261138916016,463700
06-06-2023,32.18783349167253,34.79168421685435,30.79462802539512,34.24401092529297,650200
07-06-2023,34.78207917112048,35.72369300944455,34.311270419318944,35.3105354309082,591600
08-06-2023,35.20484533146463,35.39701225402871,34.27283813946033,35.176021575927734,477400
09-06-2023,35.137583909478124,35.406615374728254,33.87889417582578,34.24401092529297,419300
12-06-2023,34.26323087808938,34.89737914640537,33.6579063648353,33.802032470703125,435500
13-06-2023,33.92694075182148,34.81090342969329,33.581041037774575,34.64756393432617,313900
14-06-2023,34.68599379780678,35.01267644828864,33.196706645569684,33.542606353759766,453100
15-06-2023,33.13905802558377,34.32087954538554,33.081406854393855,34.06145477294922,393600
16-06-2023,34.30165922994832,34.30165922994832,33.35043515470691,33.93654251098633,1023200
20-06-2023,33.8500695325815,33.8500695325815,33.14866347000612,33.32161331176758,285200
21-06-2023,33.15827750114376,33.283186562333725,32.63943152635377,32.754730224609375,598100
22-06-2023,32.66824883053178,32.831588315350615,31.55368519351303,31.99566650390625,413300
23-06-2023,31.45760357482887,32.16861634976078,31.45760357482887,31.99566650390625,775100
26-06-2023,32.13979330566621,32.946891382351886,32.13979330566621,32.620208740234375,498200
27-06-2023,32.716289828077755,33.59064575813713,32.13018242100784,33.0141487121582,301000
28-06-2023,32.74511311992805,32.99492749763264,32.226263644758866,32.716285705566406,373700
29-06-2023,32.957559097257686,33.57521112548858,32.957559097257686,33.198829650878906,417800
30-06-2023,33.58486349013554,33.58486349013554,32.88035384900431,33.015464782714844,808400
03-07-2023,33.05406240735735,34.173557512434286,33.05406240735735,33.77787399291992,138700
05-07-2023,33.46904934200967,33.74892404978365,32.928602011290565,33.04441452026367,257500
06-07-2023,32.52327700396703,32.61978376955118,32.05038501701165,32.50397491455078,320800
07-07-2023,32.50397121812325,33.55591104194867,32.50397121812325,33.20848083496094,424300
10-07-2023,32.93825422028979,34.1156519187814,32.754886258916905,33.276031494140625,269500
11-07-2023,33.440096725589164,34.00949532015823,33.16987123022846,33.77787399291992,371100
12-07-2023,34.60785010460873,35.07108914323832,34.192864442222444,34.95528030395508,509300
13-07-2023,35.2447982684686,35.978259034927,34.94562149607983,35.90105438232422,426500
14-07-2023,36.25813972389115,36.25813972389115,34.99388065503046,35.22550201416016,410500
17-07-2023,35.05178622137626,36.47045827441019,34.97458155752561,36.14233016967773,507100
18-07-2023,36.17128458293045,38.00494244685654,36.17128458293045,37.90843200683594,393300
19-07-2023,38.14970222355443,39.15338870128768,37.82157409358382,38.98932647705078,405000
20-07-2023,38.87351299583421,38.941068460802406,37.53204921789903,38.37166976928711,376800
21-07-2023,38.786655443518434,38.796308327940594,37.811923962193966,38.37166976928711,469300
24-07-2023,38.16900812033536,39.751742664668285,38.16900812033536,39.423614501953125,431900
25-07-2023,39.36571492374813,40.00266920812649,38.89282289252144,39.220951080322266,408500
26-07-2023,39.96405914827266,40.63961751574502,39.809646122693,40.47555160522461,535300
27-07-2023,40.65892263668376,40.84228696776808,39.22094823750531,40.12812805175781,697500
28-07-2023,39.06652994609615,41.13180542005208,38.80595729076104,40.98704528808594,596400
31-07-2023,41.85561750593476,43.17778288189147,41.59504484822424,42.1258430480957,817800
01-08-2023,41.90387088369669,42.47326957687966,41.247618319440285,42.1258430480957,386000
02-08-2023,41.58539536750854,42.38641174119724,41.31517350864923,42.25130081176758,262200
03-08-2023,42.125842881635705,42.92685925750943,41.81701684738358,42.81105041503906,418200
04-08-2023,42.54082533586826,43.2742861913331,42.19339515325465,42.99441146850586,258500
07-08-2023,42.96546644900576,43.75683367753015,42.79175133235436,43.72788238525391,242000
08-08-2023,42.49257832628732,43.3997581690253,41.92317954383378,43.04267501831055,298800
09-08-2023,42.656638850138656,42.946162806919645,42.0582888485917,42.22235107421875,234700
10-08-2023,42.4057112649824,42.96546071763522,41.79771211930343,42.05828475952149,278700
11-08-2023,41.749457019837074,42.73384136851657,41.749457019837074,42.4829216003418,211100
14-08-2023,42.05829630841539,42.05829630841539,41.21867189888157,41.643310546875,249000
15-08-2023,41.03529955254102,41.13180630927147,40.292185744926826,40.3597412109375,294400
16-08-2023,40.263229764408365,40.71681588600462,39.713133215826254,39.74208450317383,163800
17-08-2023,39.98335760841769,40.3018328341212,39.42360814054961,39.790340423583984,264000
18-08-2023,39.336753108840185,40.0798669250334,38.728753907724965,39.6938362121582,208900
21-08-2023,39.80964222215358,40.05091278107572,38.83491078396661,39.2112922668457,179500
22-08-2023,39.24024486717656,39.57802218835685,37.81192355240511,37.91808319091797,246600
23-08-2023,38.00494297064692,38.41992866471278,37.54170389665413,38.36202239990234,177100
24-08-2023,38.21725393479985,38.91211430210414,37.9952854689102,38.30411148071289,375300
25-08-2023,38.43922464729408,38.709446477160256,37.38728493339121,38.06283950805664,231500
28-08-2023,38.36202153562128,39.03757988386869,38.36202153562128,38.5743408203125,226700
29-08-2023,38.72874805526495,39.00861908332054,38.51642880229509,38.85420608520508,194900
30-08-2023,38.87351326163525,38.98932578651266,38.23655910079653,38.66119766235352,238100
31-08-2023,38.738398127424944,39.39465430453548,38.43922500769562,39.32709884643555,291200
01-09-2023,39.71313909531269,40.74577688721588,39.58767736240479,40.31148910522461,236600
05-09-2023,40.02195511879294,40.02195511879294,38.94106053627113,39.03757095336914,400400
06-09-2023,39.027930477689885,39.34640943311216,37.98564341216556,38.26551818847656,311000
07-09-2023,38.1690126690236,38.497140870842536,37.66716932027124,37.782981872558594,380900
08-09-2023,37.86017580482673,38.00493961331603,37.25217296326688,37.84087371826172,253700
11-09-2023,37.975990358538255,38.26551801909405,37.39694240042091,37.56100463867188,386500
12-09-2023,37.6189103062858,37.95669134437396,37.24252877137085,37.792625427246094,422900
13-09-2023,37.98564026727497,38.00494235523256,36.87579413944323,37.20392227172852,299400
14-09-2023,37.6478597365052,38.22691133822103,37.20392275223755,38.21725845336914,400300
15-09-2023,37.985647549697184,38.41993540826032,37.80227951969412,38.01459884643555,1365800
18-09-2023,38.09180189786253,38.28481542451584,37.367990128421496,37.48379898071289,361300
19-09-2023,37.628559125214,37.850527604343135,37.03985835463396,37.35833358764648,238400
20-09-2023,37.59961036919783,37.83123177090114,36.80824307574891,36.827545166015625,261400
21-09-2023,36.595915742015904,36.69242617219316,35.62118432695279,36.10372543334961,440600
22-09-2023,36.19058568017242,36.46080754183874,35.48607605404467,35.88175964355469,326200
25-09-2023,35.80454863255257,36.54766237840132,35.67909059553004,36.51871109008789,504900
26-09-2023,35.96861803919038,36.72138106089621,35.128997462557194,35.939666748046875,344400
27-09-2023,36.09408147836952,36.42220962568186,35.78525541989873,35.930015563964844,266200
28-09-2023,36.02691467000302,36.802103051204725,35.94939398368797,36.46295928955078,405400
29-09-2023,36.81179426188937,37.57729069406587,36.753653748295456,37.19938659667969,470900
02-10-2023,37.199391976876754,37.37380984649508,36.34668280278607,36.5986213684082,394100
03-10-2023,36.26916308002761,36.55017003735762,35.60056376095032,35.8331184387207,258600
04-10-2023,35.90094834905116,36.30792459282307,35.31955793953708,36.23040390014648,300200
05-10-2023,36.04629406966878,36.86024277659771,35.98815355617754,36.71489334106445,477500
06-10-2023,36.22071082779959,37.509460752237686,35.88156338718672,37.0927963256836,269300
09-10-2023,36.76334921501473,37.49978107979421,36.39513697901542,37.03466796875,185200
10-10-2023,38.26527242602111,39.71875194487181,37.819535897650816,37.89705657958984,301900
11-10-2023,37.78078159569219,38.52689787547615,37.70326090894644,38.11023712158203,274000
12-10-2023,38.11992564593233,38.11992564593233,37.23814815771141,37.49977493286133,192400
13-10-2023,37.69356809187134,37.75170490347776,36.453263129353736,36.49202346801758,180400
16-10-2023,37.1121777580208,37.61605112113313,36.93775991323616,37.29628753662109,225700
17-10-2023,37.02496430313876,38.33309797888562,37.02496430313876,37.5482177734375,639900
18-10-2023,37.131560538657865,37.22845770528552,36.32730370575647,36.414512634277344,302200
19-10-2023,36.56954097403848,37.218759956605616,35.930010227102464,36.04628753662109,407200
20-10-2023,36.15287897546653,36.15287897546653,35.028855052887124,35.06761169433594,446600
23-10-2023,34.9222689834171,35.736217666258206,34.25366603541823,34.64126205444336,316900
24-10-2023,35.00948176592607,35.14513927863683,33.90483779512129,34.35057067871094,325700
25-10-2023,33.94358143089915,34.33117734409625,33.197461700647324,34.07923889160156,432400
26-10-2023,34.282737843021664,35.30986100069342,34.21490909473728,35.05792617797852,316900
27-10-2023,35.765284886143945,36.04629180578513,33.992041844510865,34.82536697387695,698400
30-10-2023,33.681965920206146,35.97846636887619,33.681965920206146,35.85249710083008,590600
31-10-2023,35.871877279773386,36.36605872160783,35.668391021158605,36.143192291259766,483600
01-11-2023,36.07536702942191,36.966836533472,35.86218881611621,36.94745635986328,543200
02-11-2023,37.54822510558975,39.42805749630469,37.54822510558975,39.224571228027344,449600
03-11-2023,40.50362857499288,41.269128676439145,40.45517999690922,40.542388916015625,353300
06-11-2023,40.50362696767221,40.50362696767221,39.84471598199153,40.077274322509766,249900
07-11-2023,39.893166725636114,40.00944775040775,39.214879229749705,39.418365478515625,446800
08-11-2023,39.54433623406497,39.60247305225697,38.70131540638335,38.81759643554688,473200
09-11-2023,38.87573348969403,38.94356224225622,37.742021171391855,38.01333618164063,391600
10-11-2023,38.2168209752895,38.50751984243664,37.509461371103406,38.22651290893555,244900
13-11-2023,37.89706046415275,38.7497695709395,37.62574544233467,38.57535171508789,234700
14-11-2023,40.329206485606846,42.31562754876105,40.329206485606846,41.66640853881836,386900
15-11-2023,41.521066359785735,42.64509045212795,41.01719667734769,42.17997741699219,675800
16-11-2023,42.11214437220824,42.39315129075471,41.25943907621746,41.62765121459961,403800
17-11-2023,42.228428933857,42.52881235108341,41.82145272520317,42.04431915283203,567900
20-11-2023,42.04432609641084,42.59664813792167,39.44744182919942,41.811771392822266,249400
21-11-2023,41.501687829003785,41.66641373695262,40.90091362069835,40.96874237060547,207300
22-11-2023,41.44354855358088,41.53075747697777,40.900914841734725,41.26913070678711,153400
24-11-2023,41.26913070678711,41.75362390423876,40.9396751846644,41.26913070678711,74700
27-11-2023,40.94936337541892,41.201301907784206,39.7284421456471,41.07533264160156,352200
28-11-2023,40.93967129708136,41.11408912731262,40.56176723037675,40.78463363647461,179500
29-11-2023,41.05595060406039,42.015248716727626,40.96874168472701,41.31757736206055,393000
30-11-2023,41.45323952507984,41.64703755612,40.95905805749795,41.25944519042969,256400
01-12-2023,40.97843905546485,44.01136407121881,40.93967870919826,43.817569732666016,409400
04-12-2023,43.25555171338736,45.05786698417678,43.25555171338736,44.91251754760742,332100
05-12-2023,44.641203615620775,44.893142152213926,44.22453916358503,44.340816497802734,251000
06-12-2023,44.92221327565316,46.14313459967577,44.41833986841508,44.42802810668945,255100
07-12-2023,44.573371994366966,45.39700891135922,44.379573985548326,45.34856033325195,470400
08-12-2023,45.53266253358835,46.114052766978,44.99002893840611,45.54235076904297,344900
11-12-2023,45.484210660789145,45.92994711972703,45.319484781912415,45.61017990112305,374600
12-12-2023,45.5423644865859,45.75554269468709,45.27104945546809,45.36794662475586,338800
13-12-2023,45.60049933830133,48.64311591100707,45.34856081524248,48.54621505737305,496400
14-12-2023,49.87373247487964,51.69542429237976,49.87373247487964,50.92992782592773,571800
15-12-2023,50.9977564973892,51.56945863503799,50.11597899997054,50.54233169555664,1780300
18-12-2023,50.99775293295488,51.00744117009997,49.650862490020906,49.83496856689453,475200
19-12-2023,49.91249130662177,51.27876207772515,49.90280306835991,50.85240936279297,629700
20-12-2023,50.88146729351231,51.97642281106679,49.893104553222656,49.893104553222656,775600
21-12-2023,50.30008664055944,50.42605591447165,49.64117555663552,50.13536071777344,642600
22-12-2023,50.62954370788135,51.259386400028255,50.07722170859749,50.89117050170898,349800
26-12-2023,51.288454130186665,52.17023166964209,51.036515578119385,51.91829681396485,330300
27-12-2023,52.03456958302649,52.17022708542396,51.298137860883465,52.07332992553711,216300
28-12-2023,51.83040185009324,52.23851347008698,51.71379905962873,52.180213928222656,356500
29-12-2023,51.908141977545206,52.063617325624286,51.227955863380814,51.548614501953125,351200
02-01-2024,50.92671988221889,52.180211877336895,49.12907908182974,50.67407989501953,870700
03-01-2024,50.0716346167643,50.1882411337875,48.60437115821916,48.72097396850586,404900
04-01-2024,48.85700243863894,49.41087032161744,48.42945640641887,49.012474060058594,442100
05-01-2024,48.50718842351988,49.7898338823472,48.50718842351988,49.1387939453125,355300
08-01-2024,49.23596773764587,50.1396477588877,48.895874700290825,50.12993240356445,313900
09-01-2024,49.28455516412024,50.440875186828094,48.79870585440055,49.4594612121582,493700
10-01-2024,49.16794521034219,49.993891202942585,48.934739633815255,49.974456787109375,260900
11-01-2024,49.43030515976714,49.78011723763268,48.31285402962544,49.73153305053711,365300
12-01-2024,50.31455064739806,50.38256925059555,48.53634419607872,49.32341766357422,330200
16-01-2024,48.56550405462307,49.17767531729208,48.23512632472482,48.487770080566406,315100
17-01-2024,47.44804791774896,48.6238024208745,42.75474155426345,47.96304702758789,296700
18-01-2024,48.28371052185231,48.70154128927471,48.05050489294569,48.487770080566406,260500
19-01-2024,48.84728699014776,50.11049437509741,48.02134099121987,50.08134460449219,316700
22-01-2024,50.86842004530418,51.62634747117288,50.5380423742168,51.58747863769531,295400
23-01-2024,52.07333480257795,52.08305015886047,51.0141830444336,51.0141830444336,336200
24-01-2024,51.25710543062042,52.01502921576118,51.140502626768686,51.597198486328125,290400
25-01-2024,52.36483641698901,52.36483641698901,50.567195508356185,51.27653503417969,634700
26-01-2024,52.06361392275822,52.46201020933098,50.11049761763766,51.24738693237305,478700
29-01-2024,51.36398856119466,51.684647171517874,50.47002392217724,51.13077926635742,418500
30-01-2024,50.858710351821294,51.08220060909196,50.31455774276897,50.48946380615234,273600
31-01-2024,49.449734318503424,50.40199836992919,48.118508458592814,48.235111236572266,343600
01-02-2024,48.68209584894405,49.64407904394616,46.16539645738233,47.52577590942383,522000
02-02-2024,46.301440755846585,48.00191334195396,46.06823145593085,47.82700729370117,434100
05-02-2024,47.1371028342408,47.389746574844224,46.602669284599365,46.865028381347656,321300
06-02-2024,46.82615434454605,47.15653201783832,45.30058783436186,45.62125015258789,726500
07-02-2024,45.60181532790575,45.8933241648541,44.49407952346042,45.71841812133789,409500
08-02-2024,45.55323168825328,46.39860843760737,45.38804099772661,45.98077774047852,343500
09-02-2024,46.13625130011985,46.82615644965437,45.18398707117019,46.670684814453125,409900
12-02-2024,46.690111875049205,48.13794426144326,46.62209327703763,47.43832015991211,515600
13-02-2024,45.47549755555072,46.243140403597984,44.10540256282389,44.85361099243164,671600
14-02-2024,45.55323116861927,46.03908046608869,44.902191182507536,45.51436233520508,365100
15-02-2024,45.8058766907656,47.22455592067392,45.601820850861614,46.66097259521485,545900
16-02-2024,46.16539490932617,46.62209439844804,45.71841448114578,46.07794189453125,470000
20-02-2024,45.32974676920542,45.825311485425104,44.785594151598175,45.183990478515625,346900
21-02-2024,45.09653405057263,45.242290330289855,44.766156362384926,45.08681869506836,513200
22-02-2024,45.01879947333514,45.40747670272841,44.3969092341809,44.620399475097656,464800
23-02-2024,44.61068129566495,45.12568035270888,44.1928506131341,44.5815315246582,347900
26-02-2024,44.34832600677489,44.70785347112244,43.64870178924564,44.17341995239258,461000
27-02-2024,44.59125235905113,44.84389609460892,43.80417879126162,44.14427185058594,315900
28-02-2024,43.72643512688828,44.494077877621365,43.72643512688828,43.91105651855469,355200
29-02-2024,44.85360433458016,45.66011589979177,44.367755065918445,45.01879501342773,453900
01-03-2024,44.66899014393951,45.106251590797605,43.8041788994618,44.50379943847656,307500
04-03-2024,44.464927917027175,45.22285537308486,43.99851301692651,44.21228790283203,267300
05-03-2024,43.92077529796809,46.55407748464447,43.7653036778955,46.04879379272461,555200
06-03-2024,46.048792125178174,46.86501902768552,44.98964059343335,46.07794189453125,309800
07-03-2024,46.77757323538833,47.05936673842952,46.0293648170046,46.22370529174805,338700
08-03-2024,46.942766537800686,47.18569121800859,46.077951562601925,46.15568923950195,286800
11-03-2024,46.07795198341796,46.4860673773974,45.825311944658495,46.05852127075195,245800
12-03-2024,45.77672580757862,45.81559464473472,44.873045730749205,45.16455459594727,285200
13-03-2024,44.77587127685547,45.67954752448812,44.54266199225825,44.77587127685547,614000
14-03-2024,44.44549919757046,44.63012061211031,43.50295029301502,44.085968017578125,437000
15-03-2024,43.8819053595292,44.77586993245193,43.8819053595292,44.29973602294922,756300
18-03-2024,44.49408298898537,44.78559184863857,43.89162714473433,44.591251373291016,576800
19-03-2024,44.27059037348932,45.32002295349731,44.06653084657616,44.81473922729492,366300
20-03-2024,44.60096803030845,46.81643969226968,44.48436152734707,46.24313735961914,398600
21-03-2024,46.622099403274,47.48691058311814,46.622099403274,47.010780334472656,516000
22-03-2024,47.0690780847442,47.0690780847442,45.59209579193553,45.660118103027344,250500
25-03-2024,45.61153139225884,46.17511836496202,45.514363014010165,45.52407836914063,154800
26-03-2024,45.96134849947878,45.96134849947878,45.10625259199581,45.23257446289063,293700
27-03-2024,45.28131299407289,46.948288289913215,45.06684703131484,46.92879104614258,459200
28-03-2024,46.86054856945938,47.47469868051928,46.79231008142148,47.16275024414063,371400
01-04-2024,47.19199895059008,47.19199895059008,45.836972097783416,46.22690582275391,274700
02-04-2024,45.48603167798282,45.71999490098346,45.2130776834148,45.64200592041016,722100
03-04-2024,45.25206943009618,46.21716263253112,45.25206943009618,45.58351516723633,295200
04-04-2024,46.36338811933223,46.86055484428381,45.476283937333726,45.700496673583984,297200
05-04-2024,45.41778585198006,46.0611799630324,45.359294125986686,45.84671401977539,260200
08-04-2024,46.10017683367707,46.62659123871431,46.10017683367707,46.37313079833984,300300
09-04-2024,46.3438919155797,46.83131188847712,46.3438919155797,46.51936340332031,360000
10-04-2024,45.10584393483868,45.10584393483868,43.76056379235984,44.1505012512207,351200
11-04-2024,44.520936545590295,44.520936545590295,43.604588376320834,44.2187385559082,215000
12-04-2024,43.594833609814735,44.11149747310093,43.51684464697689,44.02376174926758,213800
15-04-2024,44.18949211009128,44.66716155329372,43.44861174287274,43.916534423828125,251900
16-04-2024,43.65333371649088,43.71182545483661,43.11717246383986,43.3218879699707,155600
17-04-2024,43.54609569214661,44.033515632566704,43.31213620322762,43.39012145996094,205900
18-04-2024,43.36088040046487,44.06276635236223,43.31213914685405,43.663082122802734,278000
19-04-2024,43.438863378576464,45.16433029274266,43.18540294487408,45.11558532714844,295600
22-04-2024,45.154583028189286,46.03194040931072,44.959614308082415,45.59326171875,238900
23-04-2024,45.66149340583701,46.90928707855148,45.53476319885242,46.65583038330078,215700
24-04-2024,46.09043009138131,47.221244246490215,46.07093284679263,47.03602600097656,314800
25-04-2024,46.36338501307045,46.63633898348436,45.56401662652777,46.314640045166016,251000
26-04-2024,47.11401362425,47.64042433812703,46.49986345288789,46.67533493041992,475000
29-04-2024,47.28947851255106,47.48444722227622,46.87030080691239,47.27973175048828,422300
30-04-2024,46.90929736377645,46.93854509101244,46.08068489356955,46.285400390625,348700
01-05-2024,46.490110398615606,47.99136463720848,46.44136915060288,46.821556091308594,360700
02-05-2024,47.27973254019812,47.72815797695282,46.82155662249893,47.455204010009766,400900
03-05-2024,48.60551899489877,48.73224922571069,47.9523743149166,48.566524505615234,317100
06-05-2024,48.7322465905612,49.0539418129571,48.43979165546804,48.49828338623047,207400
07-05-2024,48.54702120301881,49.01494385987389,48.19607828069782,48.25457000732422,233900
08-05-2024,47.757408748206274,48.46904143508384,47.43570979345277,48.38130569458008,209300
09-05-2024,48.58602513360656,48.858979140160486,48.137599631776695,48.81023788452149,242200
10-05-2024,48.78098993753877,48.92721369265335,48.06935725023423,48.59576797485352,193000
13-05-2024,48.83947527091579,49.08318523478008,48.2058315961,48.31306457519531,209500
14-05-2024,48.83947696826238,48.98570443915045,48.09860028860316,48.654258728027344,176900
15-05-2024,49.32689199864348,49.4243782090963,48.5470209086144,48.93695831298828,217800
16-05-2024,48.92721480629854,49.31715226625116,48.74199655811661,48.97595977783203,171000
17-05-2024,49.13193044262727,49.51211739311844,48.81023150376924,49.18067169189453,208400
20-05-2024,49.0539376851052,49.53161081600508,48.27406660082664,48.29356384277344,187100
21-05-2024,48.35205329672487,48.65425497786495,48.23507356026239,48.4300422668457,171000
22-05-2024,48.35205960435523,48.48854031987091,47.74765988194859,48.28382110595703,306200
23-05-2024,48.41054997909266,48.41054997909266,46.4511233882457,46.60709762573242,197100
24-05-2024,46.958033284490966,47.35772118866256,46.40237487346448,46.81180953979492,193100
28-05-2024,46.81181892934211,46.89955468124538,46.05144489199347,46.275657653808594,165000
29-05-2024,45.37879254060181,45.9636986594938,44.73539841292374,45.77847671508789,282400
30-05-2024,46.314637562315546,46.73381897653326,45.92470387101636,46.46086502075195,225200
31-05-2024,46.61684623780658,49.89230907367624,46.061187762298616,48.69325637817383,253400
03-06-2024,48.78098142517885,48.78098142517885,46.4511150442921,46.64608001708984,355200
04-06-2024,46.10017755410978,46.61684148635818,45.77847861754225,46.10992431640625,224200
05-06-2024,46.53886349100419,46.62659924023327,45.8564747435247,46.353641510009766,180500
06-06-2024,46.25615801439173,46.59735052152412,45.94420951680799,46.4121322631836,166000
07-06-2024,45.85647053221778,46.490114246263104,45.85647053221778,46.38288497924805,263400
10-06-2024,45.75897619234507,45.905203641265416,44.78413644945875,45.74922943115234,356800
11-06-2024,45.26181504006777,45.97344769229396,44.745151103769615,45.65175247192383,270200
12-06-2024,47.18225416108797,48.08885559466915,46.28539949058306,47.43571090698242,383300
13-06-2024,47.2602370300709,47.29923151784096,45.90521018917319,46.47061538696289,250100
14-06-2024,45.71024495932142,45.9247109397136,45.32031120800392,45.61276245117188,240600
17-06-2024,45.53477096365346,46.665585102062245,45.53477096365346,46.6363410949707,298600
18-06-2024,46.38287900456491,47.39670956018746,46.38287900456491,46.94828414916992,255700
20-06-2024,46.616838320990034,47.13350221815603,46.4121228581943,46.73381805419922,581600
21-06-2024,46.69483489106093,46.69483489106093,45.86621870590374,46.51936340332031,1171400
24-06-2024,46.78256949510492,47.87438916655229,46.45112377286135,47.24074172973633,409400
25-06-2024,46.97753118099915,47.13350540874257,46.6655827255123,46.7728157043457,158200
26-06-2024,46.54860510438421,47.52344500185822,46.47061612760112,47.30897903442383,200600
27-06-2024,47.347975307085385,47.91338425391245,47.279736809188215,47.86463928222656,316900
28-06-2024,48.27532287678898,49.526944101116925,48.27532287678898,49.23359298706055,1058000
01-07-2024,48.969585874019685,49.48783307423863,48.58823014901835,49.21404266357422,312400
02-07-2024,49.16514637582615,49.92785406552952,49.145589385822014,49.487831115722656,476900
03-07-2024,49.52694171967484,49.52694171967484,48.65667250932877,48.7153434753418,132700
05-07-2024,48.71534731725299,48.8717995088454,47.83530140822414,47.8548583984375,192000
08-07-2024,48.16776236232185,48.65667592305645,47.4735060013062,47.53217697143555,357700
09-07-2024,47.55173473101421,50.113640786291086,47.14104539369141,49.7420654296875,535300
10-07-2024,49.86918582604629,51.02302218866595,49.42916285214648,50.95457458496094,258000
11-07-2024,51.86395533604224,53.399143734316304,51.76617037843944,53.17424392700195,431100
12-07-2024,53.575148546330894,54.386743112428206,53.05689763870717,53.3209114074707,339400
15-07-2024,54.35740665107904,56.24461318349821,53.47736080120483,54.90499114990234,481500
16-07-2024,55.62859163358674,58.13183073543387,55.45258243024746,57.63313674926758,506900
17-07-2024,56.792198114033845,59.187871455575504,56.792198114033845,57.9655876159668,574900
18-07-2024,57.59402128223684,58.77719125196912,56.05883293768167,57.603797912597656,505000
19-07-2024,57.74069072220674,58.26871826252894,57.14421558185549,57.32022476196289,297600
22-07-2024,57.114886561916016,59.11943157445833,57.114886561916016,58.66963195800781,755800
23-07-2024,58.669632278800194,60.42972050114125,58.33717088001574,59.69635009765625,533700
24-07-2024,59.15853983306665,60.54705253125562,58.19048935818432,58.239383697509766,663800
25-07-2024,58.32739010623987,60.752400953901926,57.5744627645284,59.53011703491211,610400
26-07-2024,61.0652989680685,62.38536397081487,57.4180045819235,60.341705322265625,486700
29-07-2024,63.44142384099684,63.44142384099684,59.55945252866287,59.647457122802734,428700
30-07-2024,60.03858467168287,60.39059928992869,59.34432460458846,59.62789535522461,274500
31-07-2024,59.9212422535918,60.595945325894114,58.9825291522569,59.53989028930664,433400
01-08-2024,59.56922791695232,60.351492617490536,56.4499606654628,57.11488342285156,413400
02-08-2024,54.7778768167426,55.90237578939324,54.26940625645576,55.07122421264648,561100
05-08-2024,52.46042811192035,54.2107358762798,51.63905315636545,53.90761184692383,451000
06-08-2024,53.74137735752264,55.23745538029425,53.555591548471135,54.72898483276367,371800
07-08-2024,55.65791323103766,56.20549771534108,53.92716265570181,54.1716194152832,224500
08-08-2024,54.92455243406647,55.58947523332441,54.4160855688596,55.46236038208008,209400
09-08-2024,55.15922590931462,55.40368268142293,54.42585559298968,55.01255035400391,271000
12-08-2024,55.51124624783147,56.078384039792994,54.298738973460274,54.42585754394531,244400
13-08-2024,55.04188867555961,55.09077928482216,53.79026744377494,54.87565612792969,225700
14-08-2024,55.13966896538782,55.13966896538782,53.888051484798055,54.934326171875,242500
15-08-2024,56.33261678288141,56.99753947334961,55.79481265297412,55.82414627075195,227200
16-08-2024,55.74591973833736,57.27133131363169,55.74591973833736,56.87042236328125,247300
19-08-2024,57.08555356400625,57.53535318537692,56.674864196148185,57.42779159545898,227500
20-08-2024,57.13444194358788,57.163775565103606,56.234839005921,56.440185546875,249300
21-08-2024,56.76285789954558,56.92909043299898,56.13704920208022,56.81174850463867,201200
22-08-2024,57.261555642220166,57.62335062051306,56.67485715108416,57.202884674072266,213700
23-08-2024,57.789580735421886,61.37820817042496,57.39845212931139,60.51771926879883,330800
26-08-2024,61.172869307605296,61.44665972250656,59.71590517806364,59.89191436767578,256400
27-08-2024,59.40300082696941,59.97991900889683,58.8065256539461,59.1878776550293,233100
28-08-2024,58.8554110995815,59.99947073250618,58.8554110995815,59.70612335205078,305700
29-08-2024,60.1363683466078,60.1363683466078,59.1292075988297,59.28565979003906,350700
30-08-2024,59.383435317632944,60.33192873409655,59.12920193008414,60.26348114013672,344000
03-09-2024,59.47143989988332,60.26348114013672,59.16831217655111,60.26348114013672,479400
04-09-2024,59.696341991355006,60.419935665785616,59.19765182595396,59.45188522338867,334700
05-09-2024,60.12658491192894,60.12658491192894,58.63050703955712,59.22698211669922,205100
06-09-2024,59.41277765206164,59.71590541986879,57.78958468693281,58.01448822021485,207000
09-09-2024,57.91669700510673,58.5620627231788,57.39844985077872,58.12203979492188,361200
10-09-2024,58.36650037998108,58.57184691334008,57.03665860888727,58.27849578857422,349200
11-09-2024,57.51579331889193,57.94603592694514,56.26417574629016,57.603797912597656,507600
12-09-2024,58.08292910966203,58.14159634624511,57.0073171008969,57.955810546875,255500
13-09-2024,58.64029021493385,59.75501247094664,58.64029021493385,59.67678451538086,607000
16-09-2024,59.93101979942575,61.192417568309786,58.99230674216447,60.26348114013672,289400
17-09-2024,61.00663425963436,62.0529089940254,60.527501053104,60.781734466552734,354500
18-09-2024,60.791508272469954,63.48053276455687,59.92124276094012,61.192420959472656,459600
19-09-2024,62.87427711992805,63.94988529428096,61.73021762600867,63.695648193359375,587000
20-09-2024,63.38275441775427,63.79344002286841,62.48315524648645,62.65916442871094,1307200
23-09-2024,62.8351711671946,63.128514819340914,61.85734034280185,62.29736328125,434000
24-09-2024,62.31692373824609,62.46359930259505,60.86974000580221,60.95774459838867,318100
25-09-2024,61.07508001416296,61.07508001416296,59.59856272852921,59.88213348388672,304200
26-09-2024,60.75240183654349,60.79151208763236,59.852798919437554,60.09725570678711,373900
27-09-2024,60.54706013989865,61.006640130487376,59.73546548068573,59.96036529541016,251700
30-09-2024,59.881943039290185,61.59733672167698,59.62708619461063,61.15623474121094,336500
01-10-2024,60.5288892587026,60.5288892587026,58.65665979719415,58.81349563598633,352500
02-10-2024,58.617449902680775,59.85253540502284,58.48021901114529,58.81349563598633,405000
03-10-2024,57.9509015693446,59.51926382958192,57.9509015693446,59.34282302856445,245000
04-10-2024,60.734737483328175,60.93078322272583,59.93095331713314,60.48968124389648,213800
07-10-2024,59.92114906225444,60.32304112086749,59.11736494502835,59.69569778442383,411200
08-10-2024,60.15639926383688,60.24461965176442,58.93111817554395,58.989933013916016,176900
09-10-2024,58.65666091963602,60.3622539709925,58.53903497310636,59.58787536621094,370200
10-10-2024,58.81349820952297,59.56827188525656,58.568441966983286,59.38203048706055,310800
11-10-2024,59.83293047566018,62.09724766519558,59.76431502987192,61.61693954467773,331100
14-10-2024,62.018832665434886,62.94024276680702,61.45030040297917,62.636375427246094,200200
15-10-2024,63.03826328144636,64.91049650009757,62.41091992028599,63.31272506713867,634200
16-10-2024,64.13611620055411,65.1359423188295,63.87145876523852,64.74385833740234,369500
17-10-2024,64.63603067905609,65.19475855891095,64.1949249979987,65.14574432373047,213800
18-10-2024,65.11634217025907,65.11634217025907,63.4597596512521,63.56758499145508,461300
21-10-2024,63.43035113355064,63.43035113355064,61.11701981678489,61.17583465576172,296000
22-10-2024,61.16603512521216,61.77377351492246,60.99939494815183,61.64634323120117,207300
23-10-2024,61.254258337051866,61.93061220162869,60.38185499674949,61.47970962524414,268700
24-10-2024,61.47970962610668,61.84239180805052,60.44066984031512,61.78357696533203,510200
25-10-2024,61.264061441226886,61.96982462559352,59.63688811891836,60.03878021240234,585700
28-10-2024,60.78374930160668,62.31290161495799,60.78374930160668,61.93061447143555,387500
29-10-2024,61.52871980176224,61.59733524827551,60.73473625591535,61.05821228027344,227400
30-10-2024,60.979790247745086,62.91083450098737,60.979790247745086,61.76396942138672,254800
31-10-2024,62.13645365147486,62.29328948044931,60.52888546967144,60.76414108276367,326800
01-11-2024,61.24445000205566,61.587530953323125,60.47987579286382,60.87196350097656,340700
04-11-2024,60.4602746396104,60.67592532312125,59.21538851624928,60.01917266845703,248500
05-11-2024,60.30343296417405,61.43068929332195,60.11719158960032,61.33266830444336,326200
06-11-2024,67.26303657025488,70.53698420691896,67.26303657025488,69.73320007324219,1087000
07-11-2024,69.00784064358974,69.35091789364874,67.35125802091794,67.9491958618164,679500
08-11-2024,68.40990229871383,68.86080489240145,67.71394345985753,68.3216781616211,429400
11-11-2024,69.78222007711463,71.24275323174648,69.6057792781406,69.76261138916016,568800
12-11-2024,69.66458518648557,70.8016496902517,69.0176406242056,69.11566162109375,403300
13-11-2024,69.73320268865916,70.48798009185471,67.85117257022202,68.59614562988281,353900
14-11-2024,68.68436147770358,68.99803316041782,67.7825563247155,68.2432632446289,330600
15-11-2024,68.60594096134137,68.93922132736725,67.28263879759896,68.25305938720703,400400
18-11-2024,68.2530658751136,68.52753516438146,67.39047054441355,67.41987609863281,229900
19-11-2024,66.72391393673651,67.41987277352078,66.40043789923136,67.35125732421875,269800
20-11-2024,66.87094790237015,67.40027027767526,66.1455835266659,66.76312255859375,404300
21-11-2024,67.48847848468279,68.84119354505356,67.00817040887388,68.36087799072266,443200
22-11-2024,68.81178459834321,70.58599674267653,68.56672837473299,70.37034606933594,417800
25-11-2024,71.40938469912955,73.08556843304747,70.90946789053281,70.93888092041016,378600
26-11-2024,70.51738422490668,70.68402066902983,69.64498463094101,69.95865631103516,335100
27-11-2024,70.73302599012682,70.82124263347458,69.29209432060543,69.4881362915039,271200
29-11-2024,70.42916599056828,70.42916599056828,68.7529821085683,68.89021301269531,269600
02-12-2024,69.49795055752251,69.49795055752251,68.20405392067471,68.23345947265625,355400
03-12-2024,68.4197061179595,68.54713267220198,67.15521500516067,67.23362731933594,230500
04-12-2024,67.62572612372769,68.3412937221334,67.31205439750745,67.96880340576172,333800
05-12-2024,68.20406131054588,68.6549639396712,67.4394869620932,67.50810241699219,189300
06-12-2024,67.90998928401004,68.21385665198207,67.14541495264587,68.01781463623047,196800
09-12-2024,68.41969546016577,68.48831089845775,66.42003592898578,66.5474624633789,265700
10-12-2024,66.74351780886765,67.25323900561223,65.86132127650494,66.21420288085938,390500
11-12-2024,67.25323085324989,67.46888152738372,66.24360040482563,66.34162139892578,285100
12-12-2024,66.41023821456106,66.69450433828965,65.63585963168443,66.07696533203125,332100
13-12-2024,66.03775682701311,66.03775682701311,65.09674178307685,65.32218933105469,502200
16-12-2024,65.44960908382721,65.69466529310674,64.86147567726074,65.67506408691406,459700
17-12-2024,65.05753420029002,65.70447879413535,64.04789619536452,64.0675048828125,684700
18-12-2024,64.6360363505684,64.86148390372705,60.519090764662536,60.85236740112305,910400
19-12-2024,62.28349137308743,62.65597414479088,60.51908729160074,60.72493362426758,412800
20-12-2024,60.15640576941695,62.244286016653845,60.15640576941695,61.56793212890625,1579300
23-12-2024,61.13663049902728,61.754173278808594,60.764147701677366,61.754173278808594,362100
24-12-2024,62.05803933062997,62.43052209775391,61.5385175945698,62.32270050048828,127200
26-12-2024,61.57772702872804,62.8030081360161,61.53851713587214,62.69518280029297,241200
27-12-2024,62.02863580694406,62.72459838760224,61.03861021812398,61.803184509277344,242200
30-12-2024,61.32287265422234,62.01883145355062,60.89157129409446,61.55812454223633,244400
31-12-2024,61.784304149328726,62.05964282889834,61.15495270127106,61.52862930297852,308300
02-01-2025,61.96130320168944,62.16781095689207,59.9552584109867,59.97492599487305,393800
03-01-2025,60.17159253387582,61.056615026283815,59.26690620937693,60.889442443847656,235100
06-01-2025,61.04678426730307,62.35464669619715,60.54527026169698,61.25328826904297,580300
07-01-2025,61.44996167730094,61.597462931201065,59.512747782839526,60.36826705932617,518600
08-01-2025,59.92575977235256,60.57477508572792,59.247244956480976,60.181434631347656,334200
10-01-2025,58.84405969655443,59.1489015961105,57.67386668100757,58.44088363647461,425000
13-01-2025,58.11638207096313,59.109574483097646,58.0672149840039,58.94240188598633,376200
14-01-2025,59.27674029810759,61.64662977996655,59.27674029810759,61.617130279541016,288500
15-01-2025,63.76083931498102,64.20335429317717,62.38414230471561,63.1118278503418,334600
16-01-2025,62.85615429238599,63.21016328108781,62.48248147205216,62.75782012939453,684500
17-01-2025,63.33800670869919,63.859184543353706,62.88565978963225,63.751014709472656,359700
21-01-2025,64.27219670528338,65.31455244207736,63.987022352262734,64.51803588867188,466200
22-01-2025,64.1050259473167,64.35086512336574,63.19050391231769,63.41667175292969,348000
23-01-2025,63.18066069106014,63.77067314255584,62.73814947683452,63.151161193847656,366000
24-01-2025,62.72831746755288,63.819843877272085,62.6988142191769,63.3380012512207,359200
27-01-2025,63.82967736660071,65.07853688609131,63.436333245471005,64.01651000976562,353800
28-01-2025,63.741168275112784,64.37051583734068,63.30848901267558,63.87883758544922,277400
29-01-2025,63.53467469657917,64.69503586084134,63.27899986312047,64.12468719482422,343700
30-01-2025,64.90154241295282,65.38338509685728,63.52484152795239,64.47869873046875,452400
31-01-2025,66.03240038892747,66.1503983850971,63.6231721007812,64.55736541748047,685800
03-02-2025,63.32816812369523,63.88868109961151,61.36145487452716,63.1609992980957,539000
04-02-2025,63.20032731971092,65.80622389013416,63.08232932563703,65.78656005859375,498500
05-02-2025,66.10123975376436,66.81908595621908,65.58006189385212,66.70108795166016,412300
06-02-2025,66.87808593153046,67.70410189246356,66.41590711902073,67.33042907714844,405200
07-02-2025,67.17308834651617,67.54676866385736,65.04904194746275,67.0649185180664,570000
10-02-2025,66.92725554848406,67.02559722180892,66.09140384213704,66.27824401855469,279100
11-02-2025,65.97340077304092,67.49760673689342,65.90456610062016,67.16326904296875,302200
12-02-2025,65.94387980649937,66.39622286408836,65.45220159141384,65.56037139892578,246800
13-02-2025,65.84556408831335,65.84556408831335,65.00971238926982,65.69805908203125,296900
14-02-2025,65.9832372886065,66.563421679961,64.87204684742478,65.08838653564453,264300
18-02-2025,64.93104773122272,65.56039547748142,64.67537286479983,65.39322662353516,245400
19-02-2025,64.65569217078715,65.13753477222025,64.3508540457357,64.71469116210938,271200
20-02-2025,64.38036085858398,64.59670052124032,63.35766904574597,63.760841369628906,255800
21-02-2025,64.72453471378739,64.72453471378739,62.187476495229554,62.40381240844727,320700
24-02-2025,62.83649319744869,62.84632511369289,62.02030535448259,62.12847518920898,408000
25-02-2025,62.60047899303008,62.88565329815014,61.92196431128254,62.25630569458008,300900
26-02-2025,62.2169730664441,62.728318952980295,61.09594713301033,62.07930374145508,348300
27-02-2025,61.853136242532166,62.74799066506357,61.77446590809915,62.23664474487305,306000
28-02-2025,62.41365377232423,63.59367886472967,61.92197540008587,63.50518035888672,402000
03-03-2025,63.57400894434923,64.54752992749998,62.37431263055949,63.04299545288086,632100
04-03-2025,62.27597987441752,62.27597987441752,59.56191335744872,59.76841735839844,515600
05-03-2025,59.95525514257664,60.43709779229672,58.45071694255814,59.49307632446289,559400
06-03-2025,58.86373422635606,59.28657791868877,58.22455085388804,58.57855987548828,384900
07-03-2025,58.50971855477096,58.5293861372032,56.84784722692739,57.801700592041016,569300
10-03-2025,56.69051464166567,57.30019473872608,55.89399437285509,55.91366195678711,544800
11-03-2025,56.08082740484119,56.72001071478248,54.87129920016533,55.353145599365234,858100
12-03-2025,55.78582099878759,56.01199257284949,54.782796789116624,55.539981842041016,422900
13-03-2025,55.81532472338249,55.92349456073454,54.39929242373925,54.63529968261719,534800
14-03-2025,55.618654153508665,56.65117789837364,55.117140155209015,56.37583923339844,438800
17-03-2025,55.99232403313825,57.09368613740795,55.99232403313825,56.84784698486328,545000
18-03-2025,56.52334448204342,57.05435801739571,56.36600755503625,56.79868316650391,434600
19-03-2025,56.83801413285923,57.71320095906664,56.5135083860579,57.09368896484375,441400
20-03-2025,56.15949686819316,57.42802780150212,56.15949686819316,56.47417068481445,720900
21-03-2025,55.94316108342319,56.95601726630476,55.66782241263007,56.8183479309082,1111200
24-03-2025,57.79187488610604,58.60805901309982,57.57553520731357,58.34255599975586,461600
25-03-2025,58.22454679361785,58.98173187008115,57.90987296329647,58.15571212768555,407100
26-03-2025,58.45071993738208,59.33574245332686,57.791872759785,57.95904159545898,253300
27-03-2025,58.00820803997626,58.28354669022623,57.23135541824782,57.37885665893555,325700
28-03-2025,56.99535465468501,57.39853076028781,55.79566200576418,56.139835357666016,270200
31-03-2025,55.48853673345397,57.05757074717116,55.32078020279534,56.81086730957031,556600
01-04-2025,56.07075579593922,56.6727127730969,55.54774572403301,56.248382568359375,363200
02-04-2025,55.35038305164722,57.14638376457918,55.330646325039694,57.018096923828125,415800
03-04-2025,54.01818478773734,54.22541476586067,51.24523687429326,51.3735237121582,505300
04-04-2025,49.56764947709515,50.37683637366669,47.63349561526053,50.1400032043457,730400
07-04-2025,48.46242648805272,52.82414169224046,48.27492945619033,50.20908737182617,537800
08-04-2025,51.79785512409269,52.77479862344358,49.12358701457841,50.02158737182617,567600
09-04-2025,49.597256137842656,54.66948184394748,49.00516940889127,54.17607498168945,878500
10-04-2025,52.66624604418376,52.66624604418376,49.33081845303148,50.44591522216797,502100
11-04-2025,49.94264733365836,51.25510773840725,49.35055679130586,50.73209762573242,606100
14-04-2025,51.59061804446794,51.61035476981784,49.84395737715399,50.998531341552734,389600
15-04-2025,51.18602609560866,52.34060009406366,51.18602609560866,51.71890640258789,291300
16-04-2025,51.55115235238291,52.409679267447856,51.48207192610813,52.18271255493164,630100
17-04-2025,52.20244981714889,53.06097674101807,51.96561285656647,52.49849319458008,543500
21-04-2025,52.123501038835386,52.123501038835386,51.34391728686491,51.68930435180664,402900
22-04-2025,52.36033579134771,53.64319283656539,51.965608809252046,53.29780578613281,437900
23-04-2025,54.76816391419976,55.97207791115457,54.39317362976541,54.77803039550781,672400
24-04-2025,54.58066373237407,56.16943052919142,54.48198010982948,56.0510139465332,511100
25-04-2025,55.56748794841483,55.77471794861063,54.96553091169712,55.28131103515625,211900
28-04-2025,55.22209436995024,56.30759171080248,55.09381129787147,56.20890808105469,537200
29-04-2025,56.52468329536042,58.70554426986447,55.67602297465684,58.22200393676758,1006100
30-04-2025,56.65297872836924,58.06412272917064,56.15957184037982,57.82728576660156,942000
01-05-2025,57.69899994233917,58.70555039770077,57.2746697376947,58.16279983520508,885900
02-05-2025,59.03119819310255,60.11669181177889,58.6068679796719,59.6824951171875,390800
05-05-2025,58.86344112622125,60.3239250104248,58.86344112622125,59.36671447753906,289100
06-05-2025,58.597001304080514,59.49500166255732,58.1331976387544,58.86344146728516,281600
07-05-2025,59.44565988128476,59.67262658413463,58.44897592051407,58.64633941650391,297200
08-05-2025,59.19895977752157,60.304190146990166,59.08053941463881,59.879859924316406,386700
09-05-2025,59.879855552478006,59.9686689359579,59.1101420719159,59.5640754699707,185200
12-05-2025,62.43570766521595,63.12647805693567,61.65612388364091,62.0903205871582,452200
13-05-2025,62.4653087043779,62.90937563823279,61.794275063085095,62.74161911010742,481400
14-05-2025,62.3468897350818,62.76134968129399,62.14952624262077,62.20873641967773,277700
15-05-2025,62.32715149787016,62.731744953625295,62.1199215297897,62.4455680847168,176200
16-05-2025,62.33702423950595,62.7810911902779,61.87322432594041,62.61333465576172,381100
19-05-2025,61.75480357270046,62.5442537851878,61.61664649166907,62.52451705932617,275900
20-05-2025,62.19886868222545,62.45544236208738,61.883088587315136,62.011375427246094,223000
21-05-2025,61.30086764825958,61.69559464469582,60.53115414604412,60.80746078491211,586500
22-05-2025,60.19563516761304,61.13310892720087,60.01800840203238,60.50154876708984,325400
23-05-2025,59.06080125620212,60.55089212233489,59.06080125620212,60.41273880004883,370200
27-05-2025,61.46862783951579,61.971901182979295,60.58049398117358,61.83374786376953,281400
28-05-2025,61.55743863288035,61.74493187756944,60.698908017841056,60.7778549194336,354000
29-05-2025,61.12323992176467,61.12323992176467,60.58049313343744,61.06403350830078,237000
30-05-2025,60.807462706656175,60.98508948422659,60.14629929578521,60.65944290161133,358700
02-06-2025,60.33379154528404,60.353528271839,59.425924710130175,59.95880126953125,303600
03-06-2025,59.91933355380471,61.04430065370965,59.60355344731897,60.69891357421875,301300
04-06-2025,60.48181230933715,60.80745887141326,59.8798553526924,59.99827194213867,232700
05-06-2025,59.90946185184356,60.40286872678425,59.58381527186848,59.9785385131836,221800
06-06-2025,61.11337636970632,61.33047660119948,60.63970621731777,61.25152969360352,233300
09-06-2025,61.36007872741301,62.32715574203702,61.212055160478485,61.577178955078125,241700
10-06-2025,61.606776596315314,62.820556936563705,61.606776596315314,62.31728363037109,211200
11-06-2025,62.70214729228331,62.71201377356152,61.39955342860567,61.774539947509766,215700
12-06-2025,61.3896749108989,61.636378317965104,60.68903813828575,61.527828216552734,260800
13-06-2025,60.59036037377315,60.77785361443646,59.66275312195532,59.91932678222656,418500
16-06-2025,60.58049482938708,60.728518395981865,59.61341781698268,59.73183441162109,356500
17-06-2025,59.20882348734963,59.80091021646488,58.82396673698516,58.96212005615234,315800
18-06-2025,58.8733089181972,60.106826121280776,58.75489232073199,59.86012268066406,263200
20-06-2025,60.31405294331918,60.52128668350464,59.771306155319,60.1068229675293,612700
23-06-2025,59.7811770071052,61.71533099622838,59.74170355482213,61.67585754394531,479600
24-06-2025,62.56399011267383,63.21528323998268,62.06071301739582,62.43570327758789,339300
25-06-2025,62.43570021458194,62.66266690281746,61.9620301133432,62.31728363037109,296000
26-06-2025,62.54426000673638,64.03434719575695,62.396236430247406,63.94553756713867,290000
27-06-2025,64.33039352498767,64.34025624217995,63.600145898004,64.06394958496094,657500
30-06-2025,64.4697928193722,64.76675482470976,63.94516648839232,64.04415130615234,382300
01-07-2025,63.6482128571391,66.53861186458373,63.6482128571391,65.63783264160156,383500
02-07-2025,66.00408082462188,66.44951625963499,65.13300389639433,66.3802261352539,384700
03-07-2025,66.95435227865751,67.48887936108306,66.17235937392702,67.05333709716797,223700
07-07-2025,66.7167769819814,67.74623555129097,66.18224998145202,66.35052490234375,324900
08-07-2025,66.42972679834303,67.37009391437691,66.41982605074733,66.53861236572266,421200
09-07-2025,67.0434326718385,67.13251672795887,66.24163840647364,66.58808898925781,223200
10-07-2025,66.35053062742259,67.40968397391937,66.35053062742259,66.75637817382812,398000
11-07-2025,66.27134187126045,67.02364005929405,65.79621173822882,66.76627349853516,398300
14-07-2025,66.61780374781489,67.6769571868601,66.40003261140336,67.64725494384766,319600
15-07-2025,67.30079171717966,67.41957801085464,65.09340117879458,65.1032943725586,396600
16-07-2025,65.67742814473064,66.12287115893152,64.46979371591502,65.77641296386719,265400
17-07-2025,65.90509726541745,66.99394533443248,65.90509726541745,66.69698333740234,286000
18-07-2025,67.00384495451183,67.14242520357963,66.21195134378968,66.65738677978516,226900
21-07-2025,66.76627310467583,67.16221991457134,65.94469234780993,66.00408172607422,251700
22-07-2025,65.87539801339811,66.77616958510009,65.70711553230622,66.19215393066406,386000
23-07-2025,66.41982236960447,66.41982236960447,65.28147812503478,65.79621124267578,486300
24-07-2025,65.53884752679419,65.90509966284687,64.79645005926993,65.01422119140625,327900
25-07-2025,64.91523780338821,65.74671936035156,63.98476387359401,65.74671936035156,614400
28-07-2025,65.42996668167815,66.22186039166435,65.28148566704847,65.7269287109375,700000
29-07-2025,65.8951989468467,69.55769010089278,65.8951989468467,69.23104095458984,1220800
30-07-2025,69.38941886568655,69.71607558152016,67.78584508260882,67.93431854248047,963900
31-07-2025,67.34039433699733,68.24117350139747,66.81576803336083,67.65715026855469,794000
01-08-2025,66.64749394580244,66.86526506753316,64.76675227419558,65.24188995361328,639700
04-08-2025,65.46955243817114,65.92488861083984,65.12310182332071,65.92488861083984,412400
05-08-2025,65.92489221329046,66.60790028564485,64.80634943792028,66.5287094116211,459100
06-08-2025,66.74647923487134,66.89496023275008,66.14266204833984,66.14266204833984,409500
07-08-2025,66.62770133192588,66.62770133192588,65.24189864904388,65.35077667236328,385600
08-08-2025,65.92489863945879,66.63760147102994,65.31118818609554,66.41983032226562,453800
11-08-2025,66.55839755235642,66.6573823591178,66.01397733914051,66.49900817871094,369100
12-08-2025,67.04345034736012,69.43891792507992,66.79598450126366,69.33003234863281,366500
13-08-2025,69.94373163509108,71.1315643574348,69.68636510949598,70.90389251708984,412900
14-08-2025,70.23080025874621,70.61684635336991,69.79526552884592,70.55745697021484,392800
15-08-2025,70.66633859607163,70.66633859607163,69.18154368361394,69.26073455810547,427300
18-08-2025,69.07266149589515,69.5181045226429,68.87469185204581,69.44881439208984,325000
19-08-2025,69.02317272303908,70.22090643566726,68.993470479669,69.31022644042969,363600
20-08-2025,69.43890566891884,69.55768442076304,68.22137059811692,68.9637680053711,392300
21-08-2025,68.60741190752265,69.07264879226727,68.31045749636358,68.38964080810547,280700
22-08-2025,68.98356878047547,71.88386825670015,68.77569841485543,71.30974578857422,837000
25-08-2025,71.02268114980977,71.5968035904133,71.00288720967637,71.12166595458984,316200
26-08-2025,70.91379953766153,72.78464039452506,70.91379953766153,72.2798080444336,409000
27-08-2025,71.95316586625685,73.55673958278655,71.95316586625685,73.07170867919922,395600
28-08-2025,73.62602515431391,73.62602515431391,72.46788697472006,72.84403228759766,355000
29-08-2025,72.88362100218039,73.2498730863525,72.20062056420608,72.53717041015625,345900
02-09-2025,71.46812359582896,72.21052103298254,71.24045927758726,71.91356658935547,283400
03-09-2025,71.77498964610865,72.97272332699669,71.57701245584352,72.10163879394531,257800
04-09-2025,72.49758327173745,73.7547138449723,72.49758327173745,73.71511840820312,288700
05-09-2025,74.07146511451792,74.69507621216492,72.7252505575169,73.27957153320312,368300
08-09-2025,73.38846231433388,73.57653875249906,72.12143853566984,72.85393524169922,362000
09-09-2025,72.54707773762132,72.97271923273802,72.17093242530827,72.63616180419922,452400
10-09-2025,72.8836311840518,73.88339521960876,72.7747456181962,73.17069244384766,426400
11-09-2025,73.16079420530697,74.0318711200488,72.923221595058,73.87348937988281,392700
12-09-2025,73.71511395422912,74.14075543370816,73.23997629376491,73.62602233886719,338800
15-09-2025,73.6755216342337,74.24964412888043,73.07170445056339,73.25978088378906,469300
16-09-2025,73.29937508526184,73.73490977036745,72.16103086216839,73.01231384277344,543200
17-09-2025,73.39836120605469,75.20981275884549,73.05191058034374,73.39836120605469,469500
18-09-2025,73.67551977186486,75.80372720542596,73.67551977186486,75.63545227050781,512400
19-09-2025,75.55625124312817,75.69483147114354,74.38821249838709,75.14051055908203,1225300
22-09-2025,74.58619244967178,75.04152862665835,74.19024564949217,74.35852813720703,406700
23-09-2025,74.30902858483994,75.7443271743281,73.98237192310314,74.23973846435547,485100
24-09-2025,74.0813619988659,74.76437005796755,73.62602581015055,73.95268249511719,423200
25-09-2025,74.04177194250269,74.37832181261386,73.44784796833021,74.01206970214844,245800
26-09-2025,74.07146345506575,74.76436465915019,73.63592123989454,74.10115814208984,427300
29-09-2025,74.15066273635709,74.15066273635709,72.67576099563254,73.58643341064453,410600
30-09-2025,73.8941142039484,74.07277053239193,72.16710807728062,72.76262664794922,353700
01-10-2025,72.17703536929643,72.78248139363042,71.61129159257462,72.4847183227539,314400
02-10-2025,72.35569017263717,72.91150648263627,71.78001895303565,72.63359832763672,319000
03-10-2025,72.93136124310838,74.14224569135479,72.93136124310838,73.23904418945312,380300
06-10-2025,73.9834422344374,75.46231491393405,73.28866429511167,74.3208999633789,407900
07-10-2025,74.55911965548368,74.8072530318462,73.3184527736711,73.72538757324219,479300
08-10-2025,74.21171860668645,74.21171860668645,73.12986084098387,73.63605499267578,446500
09-10-2025,73.70554274791658,73.71546263115991,72.83210838698668,73.33830261230469,342500
10-10-2025,73.68568231442626,74.79732252119685,70.54928050298297,70.6286849975586,626700
13-10-2025,71.48225652393215,72.26635886675423,70.89666541675264,71.97852325439453,316500
14-10-2025,71.60135631554223,74.76754017175327,71.60135631554223,74.3010482788086,363000
15-10-2025,75.43254942077675,75.43254942077675,72.58397542052262,73.14971923828125,329000
16-10-2025,72.73284590990616,73.09015853758555,68.28630054478542,68.8917465209961,826300
17-10-2025,69.73540688655645,70.4996543612634,68.57413691892026,70.28129577636719,385900
20-10-2025,70.5592038793101,72.36562214442037,70.42024979313696,72.04800415039062,362700
21-10-2025,72.66336773862194,72.88172629350257,71.8197158812976,72.71299743652344,341400
22-10-2025,73.08024408399685,73.77502212693955,72.04800826178527,72.53435516357422,378800
23-10-2025,72.29614025594461,72.90158632814942,71.74032389028645,71.93883514404297,328800
24-10-2025,72.75270557358417,73.62613229142855,72.564121793197,73.46732330322266,398400
27-10-2025,74.19187362376638,74.5094840173188,73.53679792757319,73.85441589355469,557900
28-10-2025,74.62859763965912,74.62859763965912,71.4822606326342,72.46487426757812,581100
29-10-2025,72.7328463175567,74.47970722128788,71.6212137562605,71.81971740722656,864700
30-10-2025,71.21428456992973,72.97106567971582,70.9661511742157,71.13488006591797,719500
31-10-2025,71.03562115131734,71.43263605942748,70.02324032944456,71.08525085449219,495700
03-11-2025,71.12495835495955,71.79987390442932,70.12249734174868,71.75025177001953,545700
04-11-2025,70.9264364050623,72.14725582839365,70.17210889493539,71.90904235839844,440600
05-11-2025,71.89912458173897,72.93136026465609,71.44256010952299,72.5938949584961,318700
06-11-2025,72.01822469185768,73.11001754454391,71.7502439922897,72.3556900024414,461800
07-11-2025,72.29613548778097,73.12986755371094,71.80979619990572,73.12986755371094,371700
10-11-2025,73.24896948618549,73.93381239730606,72.43509238400249,73.29859161376953,379000
11-11-2025,73.2291174635305,74.89657397914385,72.88173226703383,74.3506851196289,367300
12-11-2025,74.28120317827967,75.49209525453858,73.3184520483582,73.358154296875,658300
13-11-2025,73.14971304118292,73.8941131368765,71.56166101818918,71.97852325439453,359600
14-11-2025,71.78002795380968,72.57405784402853,70.84704396866707,72.34577178955078,285200
17-11-2025,72.27628329479295,72.42516482218254,69.39793486416733,69.90412902832031,689300
18-11-2025,69.62622330592261,71.79986642072267,69.06047954009392,71.1447982788086,511800
19-11-2025,71.28374491137,71.71053455487052,70.45994041328761,71.42269897460938,496700
20-11-2025,72.11748666824143,73.1993445323259,71.18450276899094,71.22420501708984,357400
21-11-2025,71.70061032911438,74.360600130411,71.58151116807782,73.63605499267578,325700
24-11-2025,73.39784697682349,74.0926249483279,72.73285137021895,73.69561004638672,332500
25-11-2025,73.86433962612514,76.5739593533284,73.86433962612514,75.69060516357422,480700
26-11-2025,75.30351530829282,76.28612129999887,75.30351530829282,75.33329010009766,581700
28-11-2025,75.35313735108753,75.86925898321276,75.07522919798743,75.1943359375,140400
01-12-2025,74.69807271301289,76.06776620561975,74.69807271301289,75.59135437011719,304100
02-12-2025,75.99829424650025,76.02806904165666,74.79732954980109,74.95613098144531,342400
03-12-2025,75.12485679483234,76.54417988477492,75.12485679483234,76.13723754882812,441200
04-12-2025,75.86925582913932,77.05036543071307,75.45238604439025,76.23648834228516,322100
05-12-2025,75.76008075844106,76.36552677434999,75.47224514658032,75.97843933105469,310200
08-12-2025,76.11738463748442,76.92133422361216,75.78984681631071,75.93872833251953,289700
09-12-2025,76.13723985519107,76.84193769428155,75.19433610896152,75.47224426269531,337600
10-12-2025,75.4325340414971,78.0627489140087,75.4325340414971,77.14962005615234,587100
11-12-2025,77.08015584829961,78.28112048401154,76.93127430764795,77.67567443847656,475000
12-12-2025,78.19178555450902,78.19178555450902,76.67321055700748,77.36798095703125,607300
15-12-2025,78.15208980024353,78.40022318835797,77.10993411362091,78.07269287109375,604000
16-12-2025,77.92380200610408,78.39029393156788,77.00074560979441,77.19924926757812,462400
17-12-2025,77.41761371326292,77.73522413329195,76.21664907588978,76.9312744140625,775400
18-12-2025,77.71537590155205,78.02305886267214,76.93127352965055,77.30843353271484,553500
19-12-2025,77.08014340991599,77.70543669283407,76.53424703976081,76.9610366821289,1011300
22-12-2025,77.01066701586711,77.69551752190229,76.52432774397293,77.05036926269531,422100
23-12-2025,77.26872649809178,77.26872649809178,75.77992634370686,75.84940338134766,389900
24-12-2025,75.97844039561426,76.26626843907852,75.52186833424531,76.01813507080078,207400
26-12-2025,75.76999862594407,76.07768913936697,75.2241097813561,75.43254089355469,285900
29-12-2025,75.78986112646385,75.9288152151809,74.78740013863664,75.29359436035156,309500
30-12-2025,75.14470696225003,75.1844092091378,74.24150545594871,74.67821502685547,435800
31-12-2025,74.98672119771071,74.98672119771071,73.19540391002332,73.91192626953125,549500
02-01-2026,73.81240796699343,74.19058076100801,72.96650752622172,73.62332916259766,328300
05-01-2026,73.48400332230302,76.44963966360675,73.02622195816312,75.3947525024414,407100
06-01-2026,74.83743995024999,75.87242677501743,74.48912890167715,75.8326187133789,321800
07-01-2026,75.98190004869438,76.55910557634341,75.37484037178969,76.49939727783203,298700
08-01-2026,76.35012394675363,79.1764282866415,76.35012394675363,78.60917663574219,478800
09-01-2026,78.72859677369831,79.16647788255503,77.62394768007294,78.74849700927734,424200
12-01-2026,77.98221766881855,79.02715853019322,77.93245568775792,78.98735046386719,544000
13-01-2026,79.24608323113812,79.62425602544027,77.33534180268299,77.86278533935547,566800
14-01-2026,77.66375959827181,79.49488506689293,77.66375959827181,79.3257064819336,505800
15-01-2026,79.72378149563129,81.05731756395001,78.90773510943012,81.01751708984375,540000
16-01-2026,80.93789105421789,81.21653989454524,79.48493096350282,79.57449340820312,365100
20-01-2026,78.2708125213213,79.80338875276921,77.98220976417089,78.5494613647461,432900
21-01-2026,78.8878203509798,81.93307265028339,78.0618277151059,81.67432403564453,866400
22-01-2026,82.05249186816573,83.23675711086645,81.52504830069424,82.3709487915039,479700
23-01-2026,81.92311846824758,82.23162146644597,79.27594680982898,80.05218505859375,764700
26-01-2026,80.03228274393524,80.76872057295078,78.9475414222474,80.01238250732422,352900
27-01-2026,80.14175252533083,80.4801172864986,79.236143709258,79.82329559326172,422400
28-01-2026,79.90291237920985,80.52987233393647,79.21623652931007,79.29585266113281,435500
29-01-2026,79.08686380426623,81.10707563910957,78.5892743831674,80.90804290771484,673800
30-01-2026,79.29585267464144,82.26148904834001,73.42429582242762,80.2313232421875,923800
02-02-2026,80.86823478226137,81.20659194390105,79.4053206705101,79.50483703613281,754100
03-02-2026,79.68396946362382,82.88844654519329,78.98734731224437,82.5600357055664,861600
04-02-2026,83.04767109923569,84.98827439136066,82.958108648156,83.74430084228516,648200
05-02-2026,84.03290408552391,85.23706957663245,83.0874796273857,83.93338012695312,566000
06-02-2026,84.69966508805969,85.9336846276908,84.47077063192413,85.52566528320312,489800
09-02-2026,84.87880674413636,86.00335613403801,84.76933646101355,85.37639617919922,725800
10-02-2026,87.5558413495171,87.5558413495171,83.35618525407854,84.35136413574219,411900
11-02-2026,85.04797554670358,85.42614074051035,82.72920722381323,83.21685028076172,298300
12-02-2026,84.0428446348808,84.70962018549278,81.86340827741238,82.81877899169922,406500
13-02-2026,82.46051808051197,83.69453769808351,81.69422613308704,83.61492156982422,452800
17-02-2026,84.06276101299432,85.1773564967313,82.92825769984073,83.44574737548828,344500
18-02-2026,83.53530925619651,84.90865323980482,82.4505604374053,82.78892517089844,307400
19-02-2026,82.10225467789152,82.59984410018177,81.70418162153692,82.53018188476562,304900
20-02-2026,82.51028570333159,83.45570261509779,81.29616623846137,83.32633209228516,429900
23-02-2026,83.4357870123136,83.5651651156855,78.46984692239005,79.33565521240234,500400
24-02-2026,78.63902691174769,79.58445134506565,78.37033197145193,78.96743774414062,574600
25-02-2026,79.15652294660349,81.04736419189766,78.76840382062242,80.49005889892578,427600
26-02-2026,80.95779653108836,82.53018090916507,80.75876380156987,82.15201568603516,700400
27-02-2026,80.55972277533935,80.55972277533935,76.77804779925657,77.28559112548828,1252700
02-03-2026,75.72315298484286,79.61430582657017,75.35494167966657,78.93758392333984,715800
03-03-2026,77.96230259641837,79.59440279370976,76.42973394461376,78.95748138427734,554900
04-03-2026,79.27594493528791,79.57449401250095,78.34047445627506,79.04705047607422,526200
05-03-2026,77.93244905434496,78.97738982677693,76.78799951348628,78.43003845214844,660100
06-03-2026,76.41978063871377,77.02684031154575,74.78768802105088,76.31031036376953,620300
09-03-2026,74.78768848487043,76.61881383600004,73.2153041555667,76.03166198730469,555200
10-03-2026,75.85253207812431,77.56424089048733,74.9966776719428,76.26055145263672,648500
11-03-2026,75.76296052101503,75.9819010753306,74.4990867655731,75.2255630493164,898400
12-03-2026,73.74274920906112,75.40469601996605,73.22525956224835,74.94691467285156,547200
13-03-2026,75.52411907179115,75.93214602720107,74.0413047749789,74.81754302978516,466200
16-03-2026,75.61369372121204,75.87243476017642,74.81754758987431,74.8673095703125,454500
17-03-2026,75.70325566847751,76.02171260035996,74.24034152768208,74.67822265625,463200
18-03-2026,74.70807745470441,74.86730971833165,73.12574669612285,73.68304443359375,1177900
19-03-2026,73.51386454632296,74.9867249957356,72.84708894495499,74.27019500732422,438300
20-03-2026,74.55879419393656,74.70807253309992,73.45414511378415,74.13086700439453,1128200
23-03-2026,75.67340136821247,76.80790466034443,74.36971949223552,75.3947525024414,561200
24-03-2026,74.69811923250401,76.87756326139487,74.36971599478204,76.19088745117188,570900
25-03-2026,76.9372704982619,77.38510551324624,76.21079422706966,76.99698638916016,421000
26-03-2026,76.11127880415,77.32539057574613,76.0416165910862,76.90741729736328,545200
27-03-2026,76.51929528964764,76.64866579686696,75.25542158800806,75.52411651611328,508300
30-03-2026,76.03167073396992,76.67853854817359,75.38480291976624,76.16104125976562,505100
31-03-2026,77.198737222598,78.36614549439517,76.69984401798318,77.8173599243164,531100
01-04-2026,77.86725207666754,79.15439745455173,77.86725207666754,78.32623291015625,580400
02-04-2026,77.58787299816296,78.39607755035539,76.83953319427927,78.22645568847656,377200
06-04-2026,78.13665158679426,79.06459325563112,77.72756311585877,78.82512664794922,347600
07-04-2026,78.60561378657144,79.67324496283905,78.55572903254404,79.413818359375,540300
08-04-2026,81.24974373964731,82.68655853653105,81.00029714921644,82.01803588867188,576600
09-04-2026,81.80850614834547,83.8439913512826,81.39941767612866,83.37503051757812,604000
10-04-2026,83.11561079173823,83.30518503266359,82.14775675843913,82.67658233642578,379600
13-04-2026,82.1178212065644,83.25529705812505,81.43932617120313,83.2253646850586,488900
14-04-2026,82.79632094341783,83.27525416468858,82.09786587801406,82.65662384033203,476300
15-04-2026,82.63666899358621,82.74642610612196,81.48921311594374,82.48699951171875,295300
16-04-2026,82.48700251971297,82.81627386932747,81.98810930363268,82.44709014892578,460900
17-04-2026,83.45485555078737,86.10897108170376,83.2752536907065,85.09122467041016,1190500
20-04-2026,84.69210495050444,85.6300265810109,84.65219258191843,85.24089050292969,527200
21-04-2026,85.36063269367095,85.56018693598264,84.00364253093358,84.2630615234375,763600
22-04-2026,84.37281801517955,85.04134070823274,83.47481631892558,83.66439056396484,554600
23-04-2026,84.10341452106908,85.03135615496828,83.43489947635297,84.43268585205078,923600
24-04-2026,86.11894227196271,86.11894227196271,83.36505727221193,84.70208740234375,1156100
27-04-2026,85.10120144780929,86.18878495035932,84.26305692829294,84.93157958984375,578300
28-04-2026,85.84954642747755,86.24866252698476,84.74200286728556,85.47039031982422,457000
29-04-2026,85.15108530725311,85.67991847876141,83.70429811328405,84.13334655761719,429900
30-04-2026,83.60452725741973,85.62005252964641,83.56461488606293,85.06129455566406,383700
01-05-2026,84.87171224817524,85.81961393477113,84.18324478028644,85.37060546875,378200
04-05-2026,84.75198073760268,85.78967952529302,84.31295227790508,84.89167022705078,318600
05-05-2026,85.25087551259365,86.6777104203187,84.79189466561651,86.38835144042969,362400
06-05-2026,86.99699638380952,87.79522091549448,86.57792032123106,87.06684112548828,430600
07-05-2026,87.28635662625373,87.48591085897596,86.03912364047483,86.13890075683594,267100
08-05-2026,86.6577472910494,86.81739676900361,85.52027140439706,86.32847595214844,285600
11-05-2026,86.77748825789831,86.88724537574544,84.26306215586354,84.86174011230469,376400
12-05-2026,84.95152997848926,84.95152997848926,82.62668593550418,83.84398651123047,412200
13-05-2026,83.614503239581,83.87392222218747,82.48699973726833,82.68656158447266,457800
14-05-2026,83.44487461745673,84.16328204970775,83.13556326676772,83.48478698730469,310600
15-05-2026,83.33511707590999,83.33511707590999,81.75862034378831,82.37724304199219,340100
18-05-2026,82.65662009975242,84.54244336224627,82.65662009975242,83.4149398803711,318400
19-05-2026,83.20540454834101,83.26526929436865,82.03799632576705,82.41715240478516,254300
20-05-2026,82.92602944879617,84.84177753603373,81.80850592498781,84.59233093261719,356900
21-05-2026,83.78412711408589,84.77193354084451,83.21538915776956,84.58235168457031,556000
22-05-2026,84.26305874111002,84.91162142596734,83.79410552591152,84.50253295898438,300300
26-05-2026,84.53246489826392,85.9692797480947,84.53246489826392,85.52027130126953,384500
27-05-2026,85.45042958881866,85.94932280576063,84.43269077575987,84.77193450927734,337500
28-05-2026,84.45263897753883,84.67215320013617,83.67436681560712,84.4227066040039,323200
29-05-2026,84.14332730018498,84.99144420116542,83.94376545656807,84.12336730957031,548300
01-06-2026,83.744211538483,83.95374576568449,82.27746433556658,83.00585174560547,488100
02-06-2026,82.89609316986954,84.6222593212038,82.89609316986954,84.44265747070312,303400
03-06-2026,83.9038544729894,84.21317343257556,82.48699961619577,82.58677673339844,458100
04-06-2026,83.3051821654778,85.21095779225858,83.3051821654778,84.9415512084961,473700
05-06-2026,85.16107038286746,85.80963308566739,84.83179903356047,85.28080749511719,392400
08-06-2026,85.44045001436514,86.37837170284384,85.11118627506438,85.17105102539062,400600
09-06-2026,85.82958382935713,87.69544716070415,85.3805829888622,85.90940856933594,451400
10-06-2026,86.47814242408748,87.05686034276572,86.01916160970656,86.3683853149414,450300
11-06-2026,86.76750257829647,87.18657103034927,85.63002671557837,86.75752258300781,419600
12-06-2026,87.4958921469461,89.02250412609126,87.45597977731083,88.75309753417969,521300
15-06-2026,88.98259056258395,89.80077509786425,87.23646438012548,87.65553283691406,622500
16-06-2026,88.52360888758186,88.97260971376198,87.37615302761428,88.27416229248047,1009600
17-06-2026,87.72537866564575,88.77305743309223,84.78191182378163,85.81961059570312,880900
18-06-2026,86.4083040915975,87.56574001479635,86.10897272741278,87.39611053466797,1381700
22-06-2026,87.06684123214835,88.36395895241515,86.81739463834636,87.16661834716797,461500
23-06-2026,87.41606677307988,88.21429893497836,86.91717357501985,88.15442657470703,673200
24-06-2026,87.61562428946301,89.62117715229591,87.55575953945517,89.12228393554688,860900
25-06-2026,88.84290534122404,90.99812008851454,88.84290534122404,90.22982788085938,558200
26-06-2026,90.82849346976062,91.20765716831998,89.95044419087104,90.7985610961914,1756700
29-06-2026,90.39944813088272,90.75865185108871,89.27195221676772,90.1500015258789,492300
30-06-2026,90.1500015258789,90.66000366210938,89.83000183105469,90.26000213623048,466300
01-07-2026,89.08000183105469,92.30999755859376,89.08000183105469,91.6500015258789,670400
02-07-2026,92.4000015258789,92.44000244140624,89.25,90.12000274658205,522900
06-07-2026,89.81999969482422,91.08999633789062,89.73999786376953,90.83000183105467,318200
07-07-2026,91.31999969482422,91.87999725341795,90.16000366210938,90.18000030517578,317000
08-07-2026,89.6500015258789,89.77999877929688,87.73999786376953,88.08999633789062,411700
09-07-2026,88.69000244140625,90.2300033569336,88.27999877929688,89.76000213623047,348200
10-07-2026,90.01000213623047,90.94000244140624,89.91999816894531,90.41000366210938,332000
13-07-2026,89.37999725341797,90.18000030517578,89.11000061035156,89.81999969482422,465900
14-07-2026,89.8499984741211,90.7699966430664,89.58000183105469,90.11000061035156,371000
15-07-2026,90.30999755859376,91.58999633789062,90.0,90.6500015258789,335300
16-07-2026,90.66000366210938,93.22000122070312,90.66000366210938,93.16999816894533,555400
17-07-2026,91.93000030517578,93.06999969482422,91.44000244140624,92.30999755859376,437200
20-07-2026,91.7699966430664,92.4000015258789,90.55999755859376,90.80999755859376,334600
21-07-2026,90.4800033569336,91.4800033569336,89.61000061035156,90.66999816894533,637100
22-07-2026,90.7300033569336,90.7300033569336,89.3499984741211,89.87000274658203,379100
23-07-2026,88.70999908447266,89.16000366210938,86.87999725341797,89.16000366210938,742900
24-07-2026,87.04000091552734,88.08000183105469,85.0,87.7300033569336,1063900
27-07-2026,87.77999877929688,88.3499984741211,86.01000213623047,86.04000091552734,995600
28-07-2026,85.94999694824219,88.23999786376953,85.94999694824219,87.91000366210938,609800
29-07-2026,87.87000274658203,88.45999908447266,87.0,87.83000183105469,464600
30-07-2026,88.5999984741211,88.5999984741211,87.5199966430664,87.56999969482422,312200
31-07-2026,87.79000091552734,88.18000030517578,86.56999969482422,87.20999908447266,405600
03-08-2026,87.01000213623047,88.7300033569336,86.45999908447266,88.19000244140625,313500
04-08-2026,88.33000183105469,90.06999969482422,88.0199966430664,89.47000122070312,443200
05-08-2026,89.58000183105469,89.66000366210938,88.66999816894531,88.91000366210938,364500
06-08-2026,89.56999969482422,89.56999969482422,88.12000274658203,88.19000244140625,273700
07-08-2026,87.7699966430664,88.36000061035156,87.45999908447266,87.7300033569336,324000
10-08-2026,87.44000244140625,87.91999816894531,86.70999908447266,87.56999969482422,300500
11-08-2026,88.02999877929688,88.37000274658203,87.4800033569336,88.2300033569336,237900
12-08-2026,88.2699966430664,88.80999755859375,87.87000274658203,88.56999969482422,246300
13-08-2026,89.30999755859375,89.62999725341797,88.83999633789062,89.38999938964844,243800
14-08-2026,89.2699966430664,90.12999725341795,88.52999877929688,89.7699966430664,204100
17-08-2026,89.3499984741211,90.16999816894533,88.77999877929688,89.04000091552734,283700
18-08-2026,89.58999633789062,89.58999633789062,88.04000091552734,88.19999694824219,328600
19-08-2026,88.41000366210938,88.66000366210938,86.55999755859375,86.75,347900
20-08-2026,86.44000244140625,87.05000305175781,86.05999755859375,86.12000274658203,292100
21-08-2026,86.83999633789062,86.87000274658203,85.70999908447266,86.19999694824219,444400
24-08-2026,86.12999725341797,87.19000244140625,85.80999755859375,85.94999694824219,333900
25-08-2026,86.0999984741211,86.0999984741211,85.2699966430664,85.54000091552734,278800
26-08-2026,85.80999755859375,86.36000061035156,85.04000091552734,85.8499984741211,364000
27-08-2026,85.2300033569336,85.58999633789062,84.55999755859375,85.4000015258789,263400
28-08-2026,85.9000015258789,85.9000015258789,85.16999816894531,85.58999633789062,250400
31-08-2026,85.5199966430664,85.5999984741211,84.20999908447266,84.25,321800
01-09-2026,83.80999755859375,84.5999984741211,83.19999694824219,83.55000305175781,389500
02-09-2026,84.0999984741211,85.80999755859375,83.77999877929688,84.97000122070312,313500
03-09-2026,85.54000091552734,86.19999694824219,85.12999725341797,85.83000183105469,230500
04-09-2026,85.5999984741211,86.62000274658203,85.54000091552734,86.05000305175781,284400
08-09-2026,85.61000061035156,85.76000213623047,84.69999694824219,84.98999786376953,324600
09-09-2026,84.27999877929688,85.02999877929688,83.83999633789062,84.05000305175781,342300
10-09-2026,84.0199966430664,84.7699966430664,83.45999908447266,84.62000274658203,416000
11-09-2026,85.47000122070312,85.61000061035156,83.8499984741211,84.66000366210938,333200
14-09-2026,84.43000030517578,85.44999694824219,84.43000030517578,84.81999969482422,422300
15-09-2026,84.80999755859375,85.48999786376953,84.27999877929688,84.83000183105469,474500
16-09-2026,84.94999694824219,84.94999694824219,82.27999877929688,83.72000122070312,657300
17-09-2026,84.32,84.75,82.83,83.0,591700
18-09-2026,82.95,83.5,82.03,83.5,1634400
21-09-2026,83.97,84.12,82.97,83.0,548400
22-09-2026,83.69,83.85,82.44,82.69,543900
23-09-2026,82.29,82.9,81.61,81.63,479700
24-09-2026,81.5268,82.0954,81.058,81.5867,478900
25-09-2026,82.0356,82.7139,81.856,82.0855,349000
28-09-2026,82.1553,82.2351,81.1777,81.2376,447800
29-09-2026,81.6266,81.856,80.0206,80.26,495800
30-09-2026,80.13,80.75,79.35,79.52,510000
01-10-2026,79.06,80.45,78.21,80.24,519800
02-10-2026,81.11,81.89,80.58,81.44,439400
