Date,Open,High,Low,Close,Volume
30-09-2021,64.66000366210938,64.76000213623047,63.43000030517578,63.77999877929688,502100
01-10-2021,65.48999786376953,65.9000015258789,63.560001373291016,65.48999786376953,281800
04-10-2021,65.16000366210938,66.7699966430664,64.2300033569336,64.56999969482422,523000
05-10-2021,63.25,63.459999084472656,60.52000045776367,61.060001373291016,1204000
06-10-2021,61.33000183105469,61.33000183105469,59.34999847412109,60.63999938964844,427600
07-10-2021,60.61000061035156,61.91999816894531,59.93999862670898,60.13999938964844,578000
08-10-2021,60.13999938964844,61.16999816894531,57.970001220703125,58.119998931884766,382400
11-10-2021,58.060001373291016,58.119998931884766,56.22999954223633,56.41999816894531,413400
12-10-2021,56.7599983215332,57.119998931884766,56.09999847412109,56.220001220703125,307400
13-10-2021,56.060001373291016,56.36000061035156,55.09999847412109,55.150001525878906,347800
14-10-2021,55.93999862670898,56.63999938964844,55.380001068115234,55.709999084472656,318900
15-10-2021,56.09000015258789,57.630001068115234,56.09000015258789,56.88999938964844,304700
18-10-2021,56.59999847412109,56.91999816894531,56.0,56.52999877929688,348400
19-10-2021,56.959999084472656,57.47999954223633,56.400001525878906,56.7599983215332,290200
20-10-2021,57.040000915527344,58.130001068115234,56.41999816894531,57.18999862670898,258200
21-10-2021,57.40999984741211,58.04999923706055,56.77000045776367,57.95000076293945,316100
22-10-2021,57.56999969482422,58.220001220703125,56.65999984741211,57.75,322800
25-10-2021,57.4900016784668,57.70000076293945,56.09000015258789,56.22999954223633,390000
26-10-2021,55.5,57.16999816894531,54.40999984741211,55.93999862670898,669600
27-10-2021,55.97999954223633,56.93999862670898,55.619998931884766,56.119998931884766,560700
28-10-2021,56.56999969482422,58.869998931884766,56.5099983215332,58.380001068115234,720600
29-10-2021,60.5,62.459999084472656,60.45000076293945,62.0,1160500
01-11-2021,61.75,63.38999938964844,61.290000915527344,63.20000076293945,503500
02-11-2021,62.9900016784668,63.25,62.18999862670898,62.7400016784668,649400
03-11-2021,62.18999862670898,62.70000076293945,61.2400016784668,62.18000030517578,492300
04-11-2021,62.060001373291016,62.4900016784668,61.619998931884766,62.40999984741211,359100
05-11-2021,62.79999923706055,65.5,62.7599983215332,64.22000122070312,475900
08-11-2021,64.04000091552734,64.87999725341797,63.41999816894531,64.30000305175781,287600
09-11-2021,64.45999908447266,64.70999908447266,63.54999923706055,64.16000366210938,345100
10-11-2021,64.19999694824219,65.25,64.11000061035156,64.16999816894531,378700
11-11-2021,64.0999984741211,64.41999816894531,63.650001525878906,63.93999862670898,291900
12-11-2021,64.02999877929688,65.22000122070312,63.54999923706055,64.7300033569336,270900
15-11-2021,64.88999938964844,65.52999877929688,64.52999877929688,64.91000366210938,375800
16-11-2021,64.73999786376953,65.51000213623047,64.20999908447266,65.1500015258789,303700
17-11-2021,64.69000244140625,65.4800033569336,64.12000274658203,65.20999908447266,254700
18-11-2021,65.1500015258789,65.62000274658203,63.68000030517578,64.62000274658203,323500
19-11-2021,64.22000122070312,64.76000213623047,61.52000045776367,61.91999816894531,474000
22-11-2021,62.04999923706055,62.77999877929688,61.34999847412109,61.68999862670898,291700
23-11-2021,61.58000183105469,61.61000061035156,60.43000030517578,60.86000061035156,323700
24-11-2021,60.63999938964844,61.52000045776367,60.369998931884766,61.25,254600
26-11-2021,59.7599983215332,59.95000076293945,57.59999847412109,57.810001373291016,193000
29-11-2021,58.38999938964844,58.650001525878906,56.5,56.59999847412109,359800
30-11-2021,56.36000061035156,57.06999969482422,55.5,56.16999816894531,343000
01-12-2021,56.90999984741211,57.560001373291016,53.66999816894531,53.7599983215332,866400
02-12-2021,54.290000915527344,57.540000915527344,54.290000915527344,57.2400016784668,441800
03-12-2021,57.18999862670898,57.18999862670898,55.27999877929688,56.18999862670898,358800
06-12-2021,57.0099983215332,57.91999816894531,56.15999984741211,56.91999816894531,480500
07-12-2021,57.38999938964844,59.720001220703125,56.900001525878906,59.02000045776367,570300
08-12-2021,59.16999816894531,59.70000076293945,58.5,59.45000076293945,266000
09-12-2021,59.130001068115234,59.709999084472656,57.18999862670898,58.209999084472656,228100
10-12-2021,58.58000183105469,59.59000015258789,57.83000183105469,58.70000076293945,323000
13-12-2021,58.5099983215332,59.52999877929688,57.84000015258789,57.970001220703125,259500
14-12-2021,57.27999877929688,58.06999969482422,56.27999877929688,56.84999847412109,717600
15-12-2021,56.790000915527344,57.9900016784668,55.70000076293945,57.93999862670898,456600
16-12-2021,58.22999954223633,58.709999084472656,56.22999954223633,56.25,280300
17-12-2021,56.400001525878906,58.91999816894531,55.65999984741211,57.91999816894531,1287300
20-12-2021,56.68999862670898,57.56999969482422,54.630001068115234,56.41999816894531,446200
21-12-2021,57.04999923706055,58.72999954223633,57.04999923706055,58.13999938964844,289300
22-12-2021,58.2400016784668,59.209999084472656,55.84999847412109,58.7599983215332,249600
23-12-2021,59.0099983215332,59.540000915527344,58.540000915527344,59.119998931884766,177000
27-12-2021,59.150001525878906,59.27000045776367,58.369998931884766,59.22999954223633,221000
28-12-2021,59.33000183105469,60.33000183105469,58.400001525878906,60.04999923706055,210400
29-12-2021,60.18000030517578,60.68000030517578,59.59999847412109,59.7599983215332,138100
30-12-2021,59.7400016784668,61.27999877929688,59.7400016784668,60.130001068115234,164400
31-12-2021,60.29999923706055,60.880001068115234,60.150001525878906,60.70000076293945,336300
03-01-2022,60.90999984741211,61.66999816894531,59.22999954223633,60.27999877929688,484900
04-01-2022,60.959999084472656,61.47999954223633,60.18000030517578,60.34000015258789,379700
05-01-2022,60.130001068115234,61.16999816894531,58.7599983215332,58.869998931884766,537700
06-01-2022,60.220001220703125,60.220001220703125,57.72999954223633,57.900001525878906,483400
07-01-2022,58.06999969482422,59.38999938964844,56.34000015258789,56.36000061035156,761200
10-01-2022,56.25,56.27999877929688,54.869998931884766,55.61000061035156,781100
11-01-2022,55.59000015258789,57.34999847412109,54.2599983215332,57.34000015258789,656100
12-01-2022,57.02999877929688,57.88999938964844,55.0,55.61000061035156,479600
13-01-2022,56.20000076293945,58.04999923706055,55.4900016784668,56.97999954223633,696300
14-01-2022,56.63999938964844,57.68999862670898,56.290000915527344,57.630001068115234,530200
18-01-2022,56.84999847412109,57.060001373291016,54.38999938964844,54.5099983215332,469400
19-01-2022,54.869998931884766,55.27000045776367,53.5099983215332,53.79999923706055,389700
20-01-2022,54.08000183105469,55.63999938964844,53.13999938964844,53.29999923706055,300500
21-01-2022,53.36000061035156,54.0099983215332,52.31999969482422,53.040000915527344,394200
24-01-2022,52.27000045776367,55.08000183105469,51.709999084472656,54.790000915527344,511800
25-01-2022,54.060001373291016,54.20000076293945,52.47999954223633,53.15999984741211,333900
26-01-2022,53.66999816894531,54.27999877929688,52.08000183105469,52.63999938964844,318100
27-01-2022,52.70000076293945,53.119998931884766,50.84000015258789,50.84999847412109,391300
28-01-2022,50.709999084472656,52.369998931884766,50.06999969482422,52.310001373291016,378200
31-01-2022,51.54999923706055,52.81999969482422,51.369998931884766,52.650001525878906,535500
01-02-2022,52.7400016784668,53.369998931884766,52.06999969482422,53.040000915527344,423100
02-02-2022,53.04999923706055,53.68000030517578,51.869998931884766,53.5,385900
03-02-2022,53.040000915527344,54.040000915527344,52.27000045776367,52.52999877929688,385600
04-02-2022,51.93000030517578,52.720001220703125,50.52999877929688,52.13999938964844,402400
07-02-2022,51.93999862670898,52.2599983215332,50.41999816894531,50.61000061035156,444300
08-02-2022,50.650001525878906,52.83000183105469,50.22999954223633,51.70000076293945,581000
09-02-2022,52.43999862670898,53.72999954223633,52.43999862670898,53.380001068115234,331800
10-02-2022,52.5099983215332,54.4900016784668,52.31999969482422,52.90999984741211,419400
11-02-2022,53.15999984741211,53.4900016784668,51.34999847412109,51.79999923706055,320400
14-02-2022,51.93999862670898,53.18999862670898,51.91999816894531,52.40999984741211,474700
15-02-2022,53.09999847412109,54.83000183105469,52.77000045776367,54.66999816894531,289800
16-02-2022,54.20000076293945,54.970001220703125,53.75,54.84000015258789,388200
17-02-2022,54.29999923706055,54.41999816894531,53.36000061035156,53.810001373291016,397100
18-02-2022,53.869998931884766,54.63999938964844,52.810001373291016,52.93000030517578,225900
22-02-2022,52.54999923706055,53.38999938964844,52.15999984741211,52.79999923706055,256600
23-02-2022,53.11000061035156,53.380001068115234,52.060001373291016,52.52999877929688,424900
24-02-2022,51.09000015258789,53.5099983215332,50.470001220703125,53.400001525878906,396800
25-02-2022,53.86000061035156,57.09999847412109,53.86000061035156,56.91999816894531,568400
28-02-2022,55.79999923706055,56.880001068115234,55.29999923706055,56.709999084472656,798600
01-03-2022,59.70000076293945,62.83000183105469,57.79999923706055,60.63999938964844,1047300
02-03-2022,60.150001525878906,62.22999954223633,60.150001525878906,61.2400016784668,625200
03-03-2022,61.5,63.0,61.02999877929688,62.68000030517578,603400
04-03-2022,62.0099983215332,62.63999938964844,61.34000015258789,62.209999084472656,482800
07-03-2022,62.290000915527344,62.77999877929688,60.86000061035156,61.52999877929688,540200
08-03-2022,61.43999862670898,62.81999969482422,61.040000915527344,61.56999969482422,405100
09-03-2022,62.369998931884766,64.80000305175781,62.02999877929688,63.86000061035156,557200
10-03-2022,62.709999084472656,65.3499984741211,62.31999969482422,64.37000274658203,662800
11-03-2022,64.44999694824219,65.8499984741211,64.29000091552734,64.95999908447266,646500
14-03-2022,64.9800033569336,66.05999755859375,63.630001068115234,64.2300033569336,816500
15-03-2022,64.2300033569336,65.22000122070312,63.43000030517578,64.33999633789062,365900
16-03-2022,65.01000213623047,65.87000274658203,64.0999984741211,65.80999755859375,345500
17-03-2022,65.29000091552734,66.48999786376953,65.29000091552734,66.33000183105469,360400
18-03-2022,66.30999755859375,66.62000274658203,65.13999938964844,65.76000213623047,949400
21-03-2022,65.66999816894531,65.83999633789062,64.80000305175781,65.16999816894531,446000
22-03-2022,65.0199966430664,66.05999755859375,65.0199966430664,65.2300033569336,428600
23-03-2022,65.19999694824219,65.19999694824219,64.18000030517578,64.4800033569336,427400
24-03-2022,64.91000366210938,64.93000030517578,64.18000030517578,64.77999877929688,427000
25-03-2022,65.16000366210938,65.91000366210938,64.33999633789062,65.88999938964844,505300
28-03-2022,65.87000274658203,66.88999938964844,65.33000183105469,66.87999725341797,295500
29-03-2022,67.41999816894531,68.47000122070312,67.13999938964844,68.05000305175781,646400
30-03-2022,67.69000244140625,68.05999755859375,65.08999633789062,65.63999938964844,1065800
31-03-2022,65.79000091552734,66.58000183105469,65.51000213623047,65.52999877929688,913800
01-04-2022,65.79000091552734,67.31999969482422,65.37999725341797,67.18000030517578,724300
04-04-2022,67.43000030517578,67.76000213623047,65.63999938964844,66.38999938964844,673800
05-04-2022,66.26000213623047,67.54000091552734,66.1500015258789,67.0199966430664,902600
06-04-2022,66.58000183105469,68.5999984741211,66.30000305175781,68.38999938964844,773600
07-04-2022,68.55999755859375,71.01000213623047,67.72000122070312,70.91999816894531,918400
08-04-2022,71.87000274658203,74.86000061035156,71.25,73.95999908447266,1776200
11-04-2022,73.2699966430664,74.81999969482422,73.2699966430664,73.70999908447266,1076500
12-04-2022,73.58000183105469,75.25,73.58000183105469,74.69999694824219,964400
13-04-2022,74.9800033569336,76.13999938964844,74.55999755859375,75.02999877929688,848300
14-04-2022,75.0,76.62000274658203,74.98999786376953,75.0199966430664,373500
18-04-2022,74.73999786376953,75.41999816894531,73.43000030517578,73.80000305175781,547100
19-04-2022,73.63999938964844,75.54000091552734,73.47000122070312,74.3499984741211,527600
20-04-2022,74.54000091552734,76.69000244140625,74.54000091552734,75.91000366210938,463300
21-04-2022,76.2300033569336,76.38999938964844,74.5999984741211,74.83999633789062,370600
22-04-2022,73.81999969482422,73.81999969482422,67.88999938964844,68.01000213623047,1533400
25-04-2022,67.54000091552734,69.66000366210938,67.22000122070312,69.37000274658203,952700
26-04-2022,67.87999725341797,67.88999938964844,66.45999908447266,67.23999786376953,789300
27-04-2022,67.44000244140625,69.25,66.7699966430664,67.77999877929688,626700
28-04-2022,68.19999694824219,70.02999877929688,67.08000183105469,69.36000061035156,912800
29-04-2022,68.55000305175781,69.16999816894531,67.7300033569336,67.87999725341797,672000
02-05-2022,67.87000274658203,68.8499984741211,65.97000122070312,66.87000274658203,728200
03-05-2022,66.66999816894531,68.2300033569336,66.51000213623047,67.44000244140625,619400
04-05-2022,68.80999755859375,73.37999725341797,68.12999725341797,72.20999908447266,1723700
05-05-2022,71.0999984741211,72.33999633789062,69.33000183105469,70.94000244140625,643100
06-05-2022,70.37999725341797,71.94999694824219,69.62999725341797,70.44999694824219,638100
09-05-2022,69.38999938964844,69.66000366210938,65.83000183105469,66.13999938964844,893200
10-05-2022,66.80999755859375,67.48999786376953,64.69000244140625,66.94000244140625,752100
11-05-2022,67.02999877929688,68.5199966430664,66.11000061035156,66.37000274658203,773700
12-05-2022,66.0999984741211,68.2699966430664,65.63999938964844,67.6500015258789,597100
13-05-2022,68.2699966430664,70.69000244140625,67.83999633789062,70.58999633789062,555800
16-05-2022,70.23999786376953,70.9800033569336,69.22000122070312,70.75,401800
17-05-2022,71.30999755859375,73.7300033569336,70.9800033569336,73.69999694824219,475300
18-05-2022,72.63999938964844,73.19000244140625,69.13999938964844,69.4800033569336,634700
19-05-2022,68.94000244140625,70.62000274658203,68.13999938964844,70.0,456800
20-05-2022,70.95999908447266,71.0999984741211,68.5199966430664,70.3499984741211,408200
23-05-2022,71.19000244140625,71.19000244140625,68.83999633789062,70.16000366210938,432600
24-05-2022,69.58000183105469,71.69999694824219,68.72000122070312,70.91999816894531,265100
25-05-2022,70.5999984741211,72.38999938964844,70.12999725341797,72.04000091552734,443100
26-05-2022,72.26000213623047,72.9800033569336,71.55999755859375,71.91999816894531,399400
27-05-2022,72.25,72.83000183105469,71.58000183105469,72.29000091552734,355800
31-05-2022,71.73999786376953,73.19999694824219,71.05000305175781,71.16999816894531,718600
01-06-2022,71.73999786376953,72.08000183105469,68.55000305175781,68.93000030517578,421800
02-06-2022,69.11000061035156,71.19999694824219,68.23999786376953,71.1500015258789,362400
03-06-2022,70.79000091552734,71.91999816894531,69.80000305175781,70.94000244140625,226100
06-06-2022,70.01000213623047,71.7300033569336,69.43000030517578,70.22000122070312,330100
07-06-2022,69.79000091552734,71.44999694824219,69.30000305175781,71.13999938964844,367900
08-06-2022,70.55000305175781,71.18000030517578,69.2300033569336,69.94000244140625,270500
09-06-2022,69.63999938964844,70.11000061035156,68.18000030517578,68.58999633789062,320300
10-06-2022,67.54000091552734,69.05000305175781,66.9000015258789,68.2300033569336,360300
13-06-2022,66.5,66.93000030517578,65.3499984741211,65.86000061035156,480500
14-06-2022,66.30999755859375,66.30999755859375,63.20000076293945,63.68999862670898,635000
15-06-2022,63.7599983215332,66.26000213623047,63.7599983215332,65.94999694824219,633300
16-06-2022,64.16000366210938,66.63999938964844,64.16000366210938,66.1500015258789,1121800
17-06-2022,66.97000122070312,67.05000305175781,64.7300033569336,64.9000015258789,877500
21-06-2022,66.37000274658203,67.12000274658203,65.01000213623047,66.94999694824219,547500
22-06-2022,65.8499984741211,68.0999984741211,65.8499984741211,67.63999938964844,382600
23-06-2022,68.33000183105469,68.5199966430664,67.26000213623047,68.5,330200
24-06-2022,69.30999755859375,70.6500015258789,68.7699966430664,70.37000274658203,641100
27-06-2022,70.0999984741211,70.61000061035156,68.88999938964844,69.97000122070312,254500
28-06-2022,70.13999938964844,70.8499984741211,68.45999908447266,69.05000305175781,232000
29-06-2022,69.33999633789062,71.05000305175781,68.56999969482422,70.19999694824219,409600
30-06-2022,68.63999938964844,68.79000091552734,67.18000030517578,67.62999725341797,889100
01-07-2022,67.33999633789062,71.66999816894531,66.88999938964844,71.58000183105469,525600
05-07-2022,70.55999755859375,71.91000366210938,69.0,71.87000274658203,814100
06-07-2022,71.58999633789062,72.08000183105469,70.16000366210938,71.80000305175781,868700
07-07-2022,72.48999786376953,74.73999786376953,72.48999786376953,73.37999725341797,639900
08-07-2022,72.81999969482422,76.0,72.73999786376953,74.97000122070312,548900
11-07-2022,74.47000122070312,75.12999725341797,73.05000305175781,73.27999877929688,429400
12-07-2022,73.12000274658203,75.12000274658203,72.56999969482422,72.80000305175781,440800
13-07-2022,71.6500015258789,73.45999908447266,71.6500015258789,73.11000061035156,403900
14-07-2022,72.04000091552734,73.88999938964844,71.62000274658203,73.7300033569336,312200
15-07-2022,74.88999938964844,76.13999938964844,73.8499984741211,76.01000213623047,502500
18-07-2022,76.7699966430664,77.5,74.80999755859375,74.9800033569336,667400
19-07-2022,75.6500015258789,77.6500015258789,75.5,77.22000122070312,507500
20-07-2022,77.12999725341797,77.5199966430664,76.0999984741211,77.0,606100
21-07-2022,76.69000244140625,76.98999786376953,74.80999755859375,75.36000061035156,993200
22-07-2022,77.79000091552734,79.19000244140625,76.69000244140625,77.58999633789062,1064800
25-07-2022,77.54000091552734,78.8499984741211,76.86000061035156,78.62999725341797,648300
26-07-2022,78.87000274658203,79.66000366210938,78.38999938964844,78.8499984741211,840100
27-07-2022,78.5999984741211,79.20999908447266,77.51000213623047,78.48999786376953,812300
28-07-2022,81.7300033569336,82.0,78.02999877929688,81.68000030517578,932500
29-07-2022,80.75,83.62999725341797,80.56999969482422,82.91000366210938,910800
01-08-2022,83.37999725341797,83.37999725341797,81.58000183105469,81.93000030517578,521300
02-08-2022,81.5,82.16999816894531,80.97000122070312,81.12999725341797,562600
03-08-2022,81.31999969482422,82.38999938964844,80.70999908447266,81.94000244140625,407200
04-08-2022,82.0,82.02999877929688,80.47000122070312,80.76000213623047,409900
05-08-2022,80.30999755859375,81.43000030517578,79.7300033569336,81.37000274658203,454000
08-08-2022,81.05000305175781,82.0,80.69000244140625,81.08999633789062,469100
09-08-2022,80.62999725341797,81.3499984741211,79.01000213623047,79.58999633789062,517800
10-08-2022,80.5199966430664,81.20999908447266,79.94999694824219,81.1500015258789,419700
11-08-2022,80.83999633789062,82.51000213623047,80.83999633789062,81.41000366210938,303000
12-08-2022,81.38999938964844,82.66000366210938,81.25,82.61000061035156,484100
15-08-2022,82.2300033569336,82.80000305175781,80.22000122070312,82.62999725341797,408400
16-08-2022,82.55000305175781,82.86000061035156,81.56999969482422,81.75,426700
17-08-2022,81.0199966430664,81.79000091552734,80.54000091552734,81.48999786376953,305700
18-08-2022,81.94999694824219,82.6500015258789,81.4000015258789,82.63999938964844,483100
19-08-2022,82.19000244140625,82.98999786376953,82.0,82.36000061035156,508500
22-08-2022,81.44999694824219,82.91999816894531,81.44999694824219,82.87999725341797,562600
23-08-2022,82.87999725341797,84.91000366210938,82.87999725341797,83.0199966430664,979200
24-08-2022,82.56999969482422,84.11000061035156,82.06999969482422,84.06999969482422,503300
25-08-2022,84.58999633789062,85.30000305175781,83.93000030517578,85.2300033569336,527900
26-08-2022,85.37000274658203,86.02999877929688,82.4800033569336,82.63999938964844,783400
29-08-2022,81.77999877929688,84.9800033569336,81.1500015258789,84.11000061035156,592900
30-08-2022,84.0,84.22000122070312,82.7699966430664,82.94000244140625,690400
31-08-2022,82.93000030517578,85.02999877929688,81.5199966430664,81.93000030517578,972600
01-09-2022,81.45999908447266,81.45999908447266,78.7300033569336,81.33000183105469,591300
02-09-2022,81.44999694824219,82.2300033569336,79.7699966430664,80.11000061035156,648000
06-09-2022,80.4000015258789,82.36000061035156,79.87000274658203,80.13999938964844,485400
07-09-2022,80.02999877929688,83.62000274658203,79.66999816894531,83.02999877929688,455800
08-09-2022,82.58000183105469,83.80999755859375,81.88999938964844,83.7300033569336,564800
09-09-2022,84.01000213623047,84.31999969482422,82.48999786376953,83.6500015258789,603000
12-09-2022,84.05000305175781,86.75,84.0,86.7300033569336,545200
13-09-2022,85.19000244140625,85.4000015258789,83.06999969482422,83.4800033569336,513500
14-09-2022,83.62000274658203,84.97000122070312,82.6500015258789,83.88999938964844,602800
15-09-2022,83.81999969482422,84.75,83.5,83.80000305175781,447300
16-09-2022,83.41000366210938,84.91999816894531,82.87999725341797,84.16999816894531,1221700
19-09-2022,82.7300033569336,84.47000122070312,82.25,84.33999633789062,491100
20-09-2022,84.22000122070312,84.22000122070312,82.0999984741211,82.18000030517578,473900
21-09-2022,82.69000244140625,82.69000244140625,79.75,80.02999877929688,728500
22-09-2022,80.02999877929688,80.02999877929688,77.72000122070312,79.0199966430664,609400
23-09-2022,78.11000061035156,78.11000061035156,75.6500015258789,77.79000091552734,643800
26-09-2022,77.80000305175781,78.22000122070312,76.41000366210938,77.06999969482422,575900
27-09-2022,77.51000213623047,77.70999908447266,75.9000015258789,76.72000122070312,728300
28-09-2022,77.58000183105469,80.3499984741211,76.98999786376953,80.06999969482422,469300
29-09-2022,79.06999969482422,80.01000213623047,77.76000213623047,79.9000015258789,515600
30-09-2022,79.94000244140625,81.0,78.02999877929688,78.18000030517578,815800
03-10-2022,79.37999725341797,81.47000122070312,78.69999694824219,81.05000305175781,693800
04-10-2022,81.97000122070312,83.94999694824219,81.97000122070312,83.87999725341797,603300
05-10-2022,83.30999755859375,83.58999633789062,82.12999725341797,83.12000274658203,420400
06-10-2022,83.04000091552734,84.06999969482422,82.30999755859375,82.77999877929688,339100
07-10-2022,81.8499984741211,81.8499984741211,79.44999694824219,80.16999816894531,478300
10-10-2022,80.4000015258789,81.04000091552734,79.47000122070312,79.91000366210938,413100
11-10-2022,79.2699966430664,81.2699966430664,79.11000061035156,80.26000213623047,526000
12-10-2022,80.5199966430664,80.62999725341797,79.47000122070312,80.41999816894531,381300
13-10-2022,79.41999816894531,82.87999725341797,78.54000091552734,82.37999725341797,420800
14-10-2022,82.86000061035156,83.23999786376953,80.0,80.19000244140625,421000
17-10-2022,80.70999908447266,82.9000015258789,80.58000183105469,82.38999938964844,426800
18-10-2022,84.3499984741211,84.91000366210938,81.98999786376953,82.77999877929688,530000
19-10-2022,82.19999694824219,82.43000030517578,80.2300033569336,80.58999633789062,419300
20-10-2022,81.25,81.47000122070312,79.62000274658203,79.93000030517578,662500
21-10-2022,75.87999725341797,78.04000091552734,73.58000183105469,77.51000213623047,1534700
24-10-2022,78.73999786376953,79.87000274658203,78.0999984741211,78.4800033569336,598600
25-10-2022,78.43000030517578,81.0199966430664,78.43000030517578,79.69000244140625,575000
26-10-2022,79.97000122070312,83.12000274658203,79.55000305175781,81.6500015258789,767100
27-10-2022,82.16000366210938,82.87999725341797,81.58999633789062,82.30999755859375,534200
28-10-2022,82.11000061035156,83.2300033569336,81.55000305175781,83.05000305175781,944300
31-10-2022,82.11000061035156,83.29000091552734,79.87000274658203,81.30000305175781,1058700
01-11-2022,82.54000091552734,82.7300033569336,78.33000183105469,80.25,1302200
02-11-2022,80.55000305175781,81.58999633789062,77.80000305175781,77.94999694824219,601700
03-11-2022,76.91000366210938,78.79000091552734,76.08000183105469,77.45999908447266,532200
04-11-2022,78.23999786376953,79.86000061035156,77.19999694824219,78.48999786376953,556400
07-11-2022,78.12999725341797,79.05999755859375,77.20999908447266,78.47000122070312,528800
08-11-2022,78.91999816894531,80.66999816894531,77.5,79.25,665800
09-11-2022,78.83000183105469,81.62000274658203,78.51000213623047,81.51000213623047,661300
10-11-2022,84.0,85.16000366210938,82.61000061035156,84.47000122070312,627900
11-11-2022,84.55999755859375,84.98999786376953,80.22000122070312,80.68000030517578,1009700
14-11-2022,80.47000122070312,81.97000122070312,80.02999877929688,80.87999725341797,669400
15-11-2022,81.6500015258789,82.16999816894531,79.62999725341797,81.16000366210938,743600
16-11-2022,81.2300033569336,82.01000213623047,79.69999694824219,81.41000366210938,493000
17-11-2022,80.98999786376953,81.86000061035156,79.8499984741211,80.98999786376953,453700
18-11-2022,82.33999633789062,84.0,82.08000183105469,83.33999633789062,359800
21-11-2022,82.83000183105469,84.9800033569336,82.83000183105469,84.83999633789062,507200
22-11-2022,85.86000061035156,88.16999816894531,85.11000061035156,86.76000213623047,786100
23-11-2022,87.1500015258789,88.0,85.73999786376953,86.55999755859375,679300
25-11-2022,86.97000122070312,87.29000091552734,86.08000183105469,86.4000015258789,224100
28-11-2022,85.62000274658203,85.97000122070312,83.87999725341797,84.18000030517578,441900
29-11-2022,84.18000030517578,86.08000183105469,83.37000274658203,86.0199966430664,487100
30-11-2022,86.0199966430664,89.8499984741211,85.66000366210938,89.05999755859375,1276000
01-12-2022,89.18000030517578,89.75,86.47000122070312,87.62000274658203,710700
02-12-2022,86.8499984741211,88.88999938964844,86.43000030517578,87.44000244140625,636600
05-12-2022,86.62000274658203,86.62000274658203,85.05999755859375,85.66000366210938,670200
06-12-2022,85.80000305175781,87.62000274658203,83.98999786376953,84.70999908447266,1064900
07-12-2022,84.70999908447266,87.12999725341797,81.73999786376953,81.94000244140625,1091000
08-12-2022,82.43000030517578,85.83999633789062,81.7300033569336,83.31999969482422,1083800
09-12-2022,82.83999633789062,83.76000213623047,82.19000244140625,82.25,502200
12-12-2022,82.73999786376953,83.56999969482422,81.93000030517578,82.94999694824219,557300
13-12-2022,84.51000213623047,85.0,83.12000274658203,84.25,528700
14-12-2022,84.70999908447266,85.75,83.88999938964844,85.2300033569336,468700
15-12-2022,84.47000122070312,85.31999969482422,84.01000213623047,84.86000061035156,602800
16-12-2022,84.19000244140625,85.23999786376953,83.08999633789062,84.69999694824219,1544200
19-12-2022,84.29000091552734,85.63999938964844,82.70999908447266,82.76000213623047,466400
20-12-2022,82.62999725341797,85.08999633789062,82.2699966430664,83.2300033569336,520600
21-12-2022,83.70999908447266,84.77999877929688,83.05000305175781,83.5199966430664,558800
22-12-2022,83.26000213623047,84.83000183105469,82.01000213623047,83.1500015258789,511900
23-12-2022,82.91999816894531,83.33999633789062,81.69000244140625,83.0,419100
27-12-2022,82.9000015258789,83.44000244140625,82.38999938964844,82.58000183105469,239800
28-12-2022,82.8499984741211,83.20999908447266,80.83000183105469,81.56999969482422,409900
29-12-2022,81.77999877929688,83.16999816894531,81.18000030517578,82.41999816894531,347200
30-12-2022,82.18000030517578,82.48999786376953,81.01000213623047,82.31999969482422,263800
03-01-2023,82.9800033569336,83.06999969482422,80.48999786376953,81.4800033569336,305500
04-01-2023,81.69999694824219,82.79000091552734,80.72000122070312,82.75,481800
05-01-2023,82.5,82.55000305175781,81.31999969482422,81.66999816894531,293600
06-01-2023,82.51000213623047,83.54000091552734,81.58000183105469,83.04000091552734,262600
09-01-2023,83.37000274658203,83.69000244140625,81.29000091552734,81.44999694824219,345200
10-01-2023,81.54000091552734,82.95999908447266,81.41999816894531,82.75,368300
11-01-2023,83.01000213623047,83.01000213623047,80.83000183105469,82.54000091552734,344900
12-01-2023,82.81999969482422,84.04000091552734,82.27999877929688,83.9800033569336,541800
13-01-2023,83.91999816894531,86.05000305175781,83.87999725341797,86.0,339900
17-01-2023,86.0999984741211,86.37000274658203,83.54000091552734,84.5199966430664,587600
18-01-2023,84.66999816894531,85.62999725341797,83.01000213623047,83.54000091552734,727900
19-01-2023,83.66000366210938,84.4000015258789,83.08000183105469,83.47000122070312,395200
20-01-2023,83.58999633789062,84.68000030517578,82.94000244140625,84.62000274658203,423300
23-01-2023,84.54000091552734,85.61000061035156,84.36000061035156,84.5199966430664,392300
24-01-2023,84.5,84.97000122070312,83.77999877929688,84.05999755859375,312900
25-01-2023,83.73999786376953,84.88999938964844,82.4800033569336,84.23999786376953,511800
26-01-2023,84.44999694824219,85.41000366210938,83.83999633789062,84.33999633789062,230000
27-01-2023,84.02999877929688,85.04000091552734,83.43000030517578,84.68000030517578,693800
30-01-2023,84.62000274658203,85.4000015258789,81.69999694824219,81.79000091552734,475900
31-01-2023,82.11000061035156,84.26000213623047,81.62000274658203,84.0199966430664,596700
01-02-2023,83.66999816894531,85.2699966430664,82.4800033569336,84.05999755859375,650000
02-02-2023,83.86000061035156,84.31999969482422,80.26000213623047,81.72000122070312,1179600
03-02-2023,81.76000213623047,82.47000122070312,80.25,80.95999908447266,760400
06-02-2023,80.81999969482422,81.05999755859375,79.16999816894531,80.26000213623047,686000
07-02-2023,79.87999725341797,81.33000183105469,78.43000030517578,81.11000061035156,600400
08-02-2023,81.4800033569336,82.77999877929688,80.44999694824219,81.12000274658203,603600
09-02-2023,81.47000122070312,82.83999633789062,80.16999816894531,80.26000213623047,355400
10-02-2023,80.26000213623047,81.94000244140625,80.02999877929688,81.30000305175781,495300
13-02-2023,81.41000366210938,81.52999877929688,80.73999786376953,81.0999984741211,332800
14-02-2023,80.87000274658203,81.52999877929688,80.33000183105469,80.88999938964844,363400
15-02-2023,80.56999969482422,81.41000366210938,79.87999725341797,81.19999694824219,398100
16-02-2023,80.97000122070312,82.56999969482422,79.41999816894531,81.73999786376953,331800
17-02-2023,81.48999786376953,82.7300033569336,81.29000091552734,82.05000305175781,315300
21-02-2023,81.80999755859375,82.16000366210938,80.4000015258789,80.87000274658203,384000
22-02-2023,81.12000274658203,81.94000244140625,80.4800033569336,80.66999816894531,384800
23-02-2023,80.83999633789062,81.29000091552734,79.86000061035156,80.48999786376953,369900
24-02-2023,80.0,80.75,79.4800033569336,80.25,394000
27-02-2023,80.01000213623047,81.08000183105469,79.0199966430664,80.48999786376953,720100
28-02-2023,77.73999786376953,77.73999786376953,71.58000183105469,72.51000213623047,3033100
01-03-2023,72.37999725341797,75.27999877929688,72.26000213623047,74.30999755859375,1305100
02-03-2023,74.01000213623047,74.19999694824219,72.27999877929688,72.75,755600
03-03-2023,72.95999908447266,75.04000091552734,72.66000366210938,74.43000030517578,820200
06-03-2023,73.44000244140625,74.1500015258789,72.69000244140625,73.33999633789062,974500
07-03-2023,73.31999969482422,73.33000183105469,70.66000366210938,71.95999908447266,1058900
08-03-2023,72.04000091552734,72.73999786376953,71.68000030517578,72.3499984741211,869200
09-03-2023,72.68000030517578,72.7300033569336,69.98999786376953,69.98999786376953,638900
10-03-2023,69.8499984741211,70.16000366210938,68.77999877929688,68.9800033569336,607900
13-03-2023,68.31999969482422,68.94999694824219,67.47000122070312,68.3499984741211,678800
14-03-2023,69.06999969482422,69.44000244140625,68.36000061035156,69.16000366210938,456900
15-03-2023,67.77999877929688,69.1500015258789,67.5,68.45999908447266,587600
16-03-2023,67.48999786376953,70.44999694824219,66.87000274658203,70.2300033569336,703300
17-03-2023,70.20999908447266,70.52999877929688,69.11000061035156,69.45999908447266,815800
20-03-2023,70.02999877929688,70.66000366210938,69.37000274658203,70.44999694824219,721000
21-03-2023,70.9800033569336,71.76000213623047,70.37000274658203,70.95999908447266,510900
22-03-2023,70.68000030517578,71.45999908447266,69.79000091552734,69.80000305175781,331300
23-03-2023,69.77999877929688,70.36000061035156,69.01000213623047,69.44000244140625,347600
24-03-2023,68.93000030517578,70.51000213623047,68.7300033569336,70.16000366210938,380900
27-03-2023,70.76000213623047,71.4800033569336,70.5,70.95999908447266,389300
28-03-2023,70.76000213623047,71.29000091552734,68.94999694824219,70.79000091552734,374100
29-03-2023,71.4000015258789,71.4000015258789,70.44000244140625,70.51000213623047,310100
30-03-2023,71.16999816894531,71.69000244140625,70.61000061035156,71.25,426700
31-03-2023,71.5999984741211,72.29000091552734,71.0,72.25,629800
03-04-2023,72.66999816894531,72.94999694824219,71.87999725341797,72.55000305175781,359900
04-04-2023,72.66000366210938,72.81999969482422,70.87999725341797,71.63999938964844,598900
05-04-2023,71.66000366210938,73.13999938964844,71.47000122070312,72.63999938964844,458300
06-04-2023,72.98999786376953,73.19000244140625,72.5,72.76000213623047,388400
10-04-2023,72.72000122070312,73.54000091552734,71.16999816894531,73.2699966430664,393100
11-04-2023,73.12000274658203,74.63999938964844,72.58999633789062,74.41000366210938,509100
12-04-2023,74.87000274658203,74.91000366210938,74.08000183105469,74.19999694824219,236600
13-04-2023,74.54000091552734,75.41000366210938,74.18000030517578,75.38999938964844,285800
14-04-2023,75.6500015258789,76.04000091552734,74.83999633789062,75.73999786376953,337000
17-04-2023,75.48999786376953,75.83000183105469,75.18000030517578,75.66999816894531,383600
18-04-2023,75.98999786376953,76.2699966430664,75.19999694824219,75.29000091552734,394300
19-04-2023,75.22000122070312,76.4800033569336,74.73999786376953,75.29000091552734,692400
20-04-2023,72.68000030517578,73.0199966430664,69.68000030517578,72.9800033569336,1238600
21-04-2023,74.0,74.68000030517578,73.66000366210938,73.70999908447266,416700
24-04-2023,73.69000244140625,74.55999755859375,73.69000244140625,73.87000274658203,446100
25-04-2023,73.87000274658203,74.77999877929688,73.5199966430664,73.77999877929688,462000
26-04-2023,74.0,74.8499984741211,72.70999908447266,74.11000061035156,1120200
27-04-2023,72.70999908447266,74.54000091552734,71.0999984741211,72.81999969482422,1384200
28-04-2023,72.97000122070312,73.04000091552734,71.11000061035156,72.29000091552734,1518600
01-05-2023,72.4000015258789,72.72000122070312,70.41000366210938,70.51000213623047,813300
02-05-2023,70.12000274658203,70.58000183105469,67.06999969482422,67.20999908447266,869700
03-05-2023,67.0999984741211,68.81999969482422,67.0999984741211,67.94999694824219,638300
04-05-2023,67.70999908447266,68.77999877929688,67.18000030517578,68.29000091552734,648900
05-05-2023,68.95999908447266,70.33000183105469,68.83000183105469,69.18000030517578,457400
08-05-2023,68.88999938964844,69.47000122070312,68.33999633789062,68.9000015258789,322700
09-05-2023,68.81999969482422,68.91999816894531,67.38999938964844,68.68000030517578,461700
10-05-2023,69.41999816894531,70.41000366210938,69.06999969482422,69.83000183105469,598400
11-05-2023,69.63999938964844,71.55999755859375,69.58000183105469,71.4000015258789,930700
12-05-2023,71.62999725341797,72.30000305175781,70.98999786376953,71.23999786376953,480000
15-05-2023,71.19999694824219,71.87000274658203,70.54000091552734,71.80000305175781,500000
16-05-2023,71.79000091552734,71.9000015258789,70.69999694824219,70.77999877929688,545600
17-05-2023,70.93000030517578,71.8499984741211,70.47000122070312,71.77999877929688,481300
18-05-2023,71.83999633789062,72.30000305175781,71.37999725341797,71.94999694824219,429000
19-05-2023,72.5,73.4000015258789,72.27999877929688,72.54000091552734,485000
22-05-2023,72.69000244140625,73.11000061035156,71.9000015258789,72.58000183105469,318300
23-05-2023,72.36000061035156,72.36000061035156,68.75,69.02999877929688,1116800
24-05-2023,68.80999755859375,70.41999816894531,68.08000183105469,70.30000305175781,828800
25-05-2023,70.0199966430664,70.16000366210938,67.81999969482422,67.86000061035156,458000
26-05-2023,67.88999938964844,69.68000030517578,67.72000122070312,69.37000274658203,462500
30-05-2023,69.30000305175781,70.61000061035156,68.45999908447266,68.94000244140625,628100
31-05-2023,68.94000244140625,71.05999755859375,68.22000122070312,70.62999725341797,807100
01-06-2023,70.5,70.9800033569336,69.73999786376953,70.87000274658203,421300
02-06-2023,70.7300033569336,71.54000091552734,69.36000061035156,69.48999786376953,827600
05-06-2023,69.16000366210938,69.8499984741211,68.55999755859375,68.87000274658203,684900
06-06-2023,68.87999725341797,69.22000122070312,67.19999694824219,68.05999755859375,544400
07-06-2023,68.45999908447266,69.80000305175781,67.87999725341797,68.63999938964844,531700
08-06-2023,68.51000213623047,69.30999755859375,68.16000366210938,68.94999694824219,287400
09-06-2023,68.88999938964844,69.25,68.16000366210938,68.30000305175781,328500
12-06-2023,68.30999755859375,70.05999755859375,68.01000213623047,69.98999786376953,722200
13-06-2023,70.19000244140625,70.86000061035156,69.79000091552734,69.91000366210938,650900
14-06-2023,70.51000213623047,73.52999877929688,70.51000213623047,73.05999755859375,1418200
15-06-2023,73.01000213623047,73.81999969482422,72.33000183105469,73.4800033569336,742700
16-06-2023,73.5999984741211,74.0999984741211,72.30999755859375,73.1500015258789,1266300
20-06-2023,73.12999725341797,73.86000061035156,72.44000244140625,72.91999816894531,511200
21-06-2023,72.94000244140625,75.19999694824219,72.91999816894531,74.77999877929688,838700
22-06-2023,74.69000244140625,77.08999633789062,74.31999969482422,76.88999938964844,896800
23-06-2023,76.55999755859375,77.76000213623047,75.66999816894531,75.7300033569336,842100
26-06-2023,75.6500015258789,77.0,75.4800033569336,76.5199966430664,551200
27-06-2023,76.18000030517578,79.75,75.69999694824219,79.04000091552734,1106100
28-06-2023,79.0199966430664,79.62999725341797,78.27999877929688,79.31999969482422,446900
29-06-2023,79.43000030517578,80.12999725341797,79.29000091552734,79.69999694824219,539200
30-06-2023,80.0,80.16999816894531,79.47000122070312,79.63999938964844,598200
03-07-2023,79.12000274658203,79.44999694824219,78.23999786376953,79.19000244140625,178500
05-07-2023,79.0,80.0,77.69000244140625,77.70999908447266,773000
06-07-2023,77.2699966430664,77.48999786376953,76.11000061035156,76.56999969482422,491200
07-07-2023,76.70999908447266,77.2699966430664,76.58000183105469,76.8499984741211,520200
10-07-2023,76.33999633789062,79.79000091552734,76.33999633789062,79.51000213623047,681600
11-07-2023,79.66000366210938,80.12999725341797,78.68000030517578,79.05000305175781,538900
12-07-2023,72.2300033569336,76.27999877929688,70.48999786376953,75.0,2565200
13-07-2023,75.27999877929688,75.37999725341797,71.97000122070312,72.20999908447266,1092400
14-07-2023,72.23999786376953,76.26000213623047,71.97000122070312,75.30000305175781,1260100
17-07-2023,75.38999938964844,75.80000305175781,72.77999877929688,73.08999633789062,811500
18-07-2023,73.12000274658203,74.55000305175781,73.08000183105469,74.33000183105469,719900
19-07-2023,74.69000244140625,75.61000061035156,73.55999755859375,74.94000244140625,529300
20-07-2023,75.54000091552734,75.63999938964844,73.86000061035156,74.9000015258789,380300
21-07-2023,75.29000091552734,75.45999908447266,73.91999816894531,74.45999908447266,535600
24-07-2023,74.55999755859375,75.4800033569336,73.94000244140625,74.01000213623047,408700
25-07-2023,73.48999786376953,76.41999816894531,73.4000015258789,75.95999908447266,935200
26-07-2023,75.43000030517578,75.58000183105469,73.26000213623047,73.68000030517578,747200
27-07-2023,74.08999633789062,74.43000030517578,72.83000183105469,73.36000061035156,1037900
28-07-2023,77.87999725341797,80.19999694824219,76.0,79.41999816894531,1203100
31-07-2023,79.54000091552734,81.33000183105469,78.2300033569336,79.02999877929688,758300
01-08-2023,78.8499984741211,79.9800033569336,78.22000122070312,78.4800033569336,504500
02-08-2023,78.0,79.33000183105469,78.0,78.77999877929688,485300
03-08-2023,78.77999877929688,79.3499984741211,76.7699966430664,77.11000061035156,490400
04-08-2023,77.12000274658203,77.5999984741211,76.01000213623047,76.66999816894531,532300
07-08-2023,76.80000305175781,77.44999694824219,76.06999969482422,77.08999633789062,307200
08-08-2023,76.86000061035156,76.86000061035156,75.73999786376953,76.33999633789062,285700
09-08-2023,76.12000274658203,76.5999984741211,75.58000183105469,75.7300033569336,264600
10-08-2023,76.12000274658203,76.70999908447266,75.73999786376953,76.58000183105469,232400
11-08-2023,76.20999908447266,77.13999938964844,76.20999908447266,76.97000122070312,298200
14-08-2023,76.30000305175781,77.7300033569336,76.27999877929688,77.2699966430664,282000
15-08-2023,76.9000015258789,77.2699966430664,76.4000015258789,76.9800033569336,202100
16-08-2023,77.06999969482422,77.38999938964844,76.37999725341797,76.55000305175781,234100
17-08-2023,76.19999694824219,76.19999694824219,74.97000122070312,75.0,372700
18-08-2023,74.5,75.41999816894531,74.5,75.05000305175781,363600
21-08-2023,75.12999725341797,76.18000030517578,74.8499984741211,75.6500015258789,465200
22-08-2023,75.62000274658203,76.2300033569336,75.05999755859375,75.33000183105469,289500
23-08-2023,75.43000030517578,76.48999786376953,75.11000061035156,75.56999969482422,160600
24-08-2023,75.30999755859375,75.93000030517578,74.54000091552734,74.54000091552734,167700
25-08-2023,74.91999816894531,76.61000061035156,74.29000091552734,75.83999633789062,405500
28-08-2023,75.95999908447266,76.30999755859375,75.4000015258789,75.98999786376953,245100
29-08-2023,76.16000366210938,77.56999969482422,75.93000030517578,77.4000015258789,288900
30-08-2023,77.61000061035156,78.08000183105469,77.20999908447266,77.44000244140625,230100
31-08-2023,77.73999786376953,78.08000183105469,77.08000183105469,77.0999984741211,435100
01-09-2023,77.30999755859375,77.87999725341797,76.91999816894531,77.5,234000
05-09-2023,77.20999908447266,77.22000122070312,74.0,74.62000274658203,571000
06-09-2023,74.5,74.91000366210938,73.94000244140625,74.33000183105469,311100
07-09-2023,73.94999694824219,74.55999755859375,73.5,73.6500015258789,335200
08-09-2023,73.66999816894531,73.87999725341797,72.25,72.55000305175781,776400
11-09-2023,72.55000305175781,72.94000244140625,72.08999633789062,72.62999725341797,363100
12-09-2023,72.62999725341797,72.8499984741211,71.06999969482422,71.37000274658203,359000
13-09-2023,71.37000274658203,74.16000366210938,70.80000305175781,71.23999786376953,433400
14-09-2023,71.55999755859375,72.08999633789062,71.08999633789062,71.3499984741211,355200
15-09-2023,71.19999694824219,71.19999694824219,69.05000305175781,70.08999633789062,1461900
18-09-2023,70.62000274658203,71.05999755859375,69.87999725341797,69.9800033569336,496700
19-09-2023,69.87999725341797,70.51000213623047,69.27999877929688,69.80999755859375,215400
20-09-2023,70.04000091552734,71.16000366210938,70.04000091552734,70.94000244140625,324600
21-09-2023,70.33000183105469,70.86000061035156,70.05999755859375,70.4800033569336,396800
22-09-2023,70.51000213623047,70.87999725341797,70.11000061035156,70.1500015258789,334600
25-09-2023,69.95999908447266,71.0199966430664,69.95999908447266,70.73999786376953,246100
26-09-2023,70.5,70.72000122070312,68.05999755859375,68.33999633789062,511900
27-09-2023,68.33999633789062,69.0999984741211,67.62999725341797,68.69000244140625,322100
28-09-2023,68.9000015258789,70.4800033569336,68.69999694824219,70.3499984741211,319400
29-09-2023,70.83999633789062,71.31999969482422,69.9000015258789,70.30999755859375,570400
02-10-2023,69.48999786376953,70.33000183105469,69.33999633789062,69.58000183105469,385300
03-10-2023,69.58000183105469,69.58000183105469,67.19000244140625,67.56999969482422,370500
04-10-2023,67.79000091552734,69.0,67.72000122070312,68.58000183105469,490400
05-10-2023,68.38999938964844,68.70999908447266,67.41999816894531,67.76000213623047,402100
06-10-2023,67.5,69.77999877929688,66.48999786376953,69.29000091552734,579900
09-10-2023,69.19999694824219,71.31999969482422,68.70999908447266,71.16999816894531,371600
10-10-2023,71.30000305175781,72.6500015258789,70.9000015258789,72.08000183105469,452000
11-10-2023,72.0199966430664,72.25,71.16000366210938,72.12999725341797,441300
12-10-2023,72.58000183105469,79.05000305175781,72.47000122070312,75.0,2046400
13-10-2023,75.26000213623047,76.81999969482422,75.12999725341797,76.33000183105469,602600
16-10-2023,76.63999938964844,78.54000091552734,76.63999938964844,77.9800033569336,559400
17-10-2023,78.41000366210938,79.86000061035156,78.20999908447266,78.76000213623047,645200
18-10-2023,78.62000274658203,79.12000274658203,77.3499984741211,77.48999786376953,455900
19-10-2023,77.22000122070312,77.88999938964844,76.56999969482422,76.66999816894531,516300
20-10-2023,76.66000366210938,77.13999938964844,74.83999633789062,75.05999755859375,701400
23-10-2023,74.86000061035156,76.0,74.2300033569336,75.08999633789062,394600
24-10-2023,74.5199966430664,76.22000122070312,73.91000366210938,75.0199966430664,452100
25-10-2023,74.44000244140625,75.72000122070312,74.20999908447266,74.87999725341797,536400
26-10-2023,74.44000244140625,74.98999786376953,71.66000366210938,71.66000366210938,817200
27-10-2023,72.16000366210938,72.41999816894531,70.19999694824219,72.02999877929688,700400
30-10-2023,72.87999725341797,73.12999725341797,71.61000061035156,72.80999755859375,536500
31-10-2023,73.08999633789062,74.77999877929688,72.20999908447266,73.51000213623047,824800
01-11-2023,73.22000122070312,74.23999786376953,72.37999725341797,73.47000122070312,555100
02-11-2023,73.58999633789062,75.48999786376953,72.58000183105469,73.23999786376953,1061500
03-11-2023,75.13999938964844,77.26000213623047,69.80999755859375,72.23999786376953,1450900
06-11-2023,72.01000213623047,74.04000091552734,71.87000274658203,73.51000213623047,755000
07-11-2023,73.43000030517578,74.5,72.97000122070312,74.29000091552734,514600
08-11-2023,74.44000244140625,74.5,73.44000244140625,73.69999694824219,622100
09-11-2023,73.94999694824219,74.02999877929688,72.1500015258789,72.2300033569336,274100
10-11-2023,72.22000122070312,73.70999908447266,71.7300033569336,73.11000061035156,491700
13-11-2023,73.2699966430664,73.33000183105469,72.12999725341797,72.83999633789062,407500
14-11-2023,73.30999755859375,74.29000091552734,73.2699966430664,73.55000305175781,429900
15-11-2023,73.5,75.43000030517578,73.47000122070312,74.91999816894531,828300
16-11-2023,74.98999786376953,75.4800033569336,73.55000305175781,73.94999694824219,396300
17-11-2023,73.97000122070312,74.83999633789062,72.47000122070312,72.70999908447266,582300
20-11-2023,72.29000091552734,73.36000061035156,72.26000213623047,72.62000274658203,368000
21-11-2023,72.37999725341797,73.6500015258789,72.37999725341797,72.5999984741211,397500
22-11-2023,73.16999816894531,73.4000015258789,72.4800033569336,72.9800033569336,272000
24-11-2023,72.7699966430664,73.75,72.5999984741211,73.56999969482422,130600
27-11-2023,73.3499984741211,73.5999984741211,72.27999877929688,72.48999786376953,357600
28-11-2023,72.61000061035156,72.61000061035156,71.29000091552734,72.0,368500
29-11-2023,72.13999938964844,72.87999725341797,71.61000061035156,71.91999816894531,436800
30-11-2023,71.94000244140625,73.22000122070312,71.16999816894531,72.98999786376953,409100
01-12-2023,72.72000122070312,74.58999633789062,72.25,73.86000061035156,311100
04-12-2023,73.86000061035156,75.0999984741211,73.86000061035156,74.75,345600
05-12-2023,74.61000061035156,74.97000122070312,73.5999984741211,74.20999908447266,364900
06-12-2023,74.22000122070312,74.52999877929688,70.69999694824219,71.1500015258789,520900
07-12-2023,70.62000274658203,72.13999938964844,70.1500015258789,71.9800033569336,641700
08-12-2023,71.9800033569336,73.31999969482422,71.37000274658203,73.26000213623047,874000
11-12-2023,73.79000091552734,74.9800033569336,71.5199966430664,74.95999908447266,657300
12-12-2023,74.6500015258789,77.23999786376953,74.6500015258789,75.91000366210938,657700
13-12-2023,75.69000244140625,78.9800033569336,75.69000244140625,78.95999908447266,621500
14-12-2023,79.0,79.66999816894531,76.87000274658203,77.58000183105469,767600
15-12-2023,77.62000274658203,78.70999908447266,75.37999725341797,75.43000030517578,1214800
18-12-2023,75.9800033569336,75.9800033569336,74.91999816894531,75.7300033569336,410900
19-12-2023,75.80000305175781,77.25,75.80000305175781,76.5199966430664,319000
20-12-2023,76.77999877929688,77.94000244140625,75.58000183105469,75.66000366210938,440900
21-12-2023,76.27999877929688,77.05999755859375,75.93000030517578,76.69000244140625,321100
22-12-2023,76.94999694824219,77.87999725341797,76.80999755859375,77.86000061035156,329000
26-12-2023,78.0199966430664,79.0199966430664,77.38999938964844,78.79000091552734,269600
27-12-2023,78.93000030517578,79.0999984741211,77.69000244140625,78.68000030517578,249500
28-12-2023,78.47000122070312,79.18000030517578,77.9800033569336,78.25,223700
29-12-2023,78.12999725341797,78.52999877929688,77.08999633789062,77.76000213623047,354700
02-01-2024,76.97000122070312,78.94000244140625,76.95999908447266,78.26000213623047,452100
03-01-2024,77.61000061035156,77.63999938964844,76.43000030517578,76.68000030517578,386300
04-01-2024,76.62999725341797,78.47000122070312,75.94000244140625,78.31999969482422,846600
05-01-2024,79.11000061035156,82.0999984741211,78.5999984741211,79.25,748300
08-01-2024,78.62000274658203,80.0,78.62000274658203,79.94999694824219,399200
09-01-2024,79.06999969482422,80.77999877929688,79.06999969482422,80.19000244140625,318600
10-01-2024,80.16999816894531,84.27999877929688,79.61000061035156,83.76000213623047,746200
11-01-2024,84.04000091552734,84.91999816894531,82.98999786376953,84.69000244140625,621400
12-01-2024,84.98999786376953,86.0,84.19000244140625,85.86000061035156,878800
16-01-2024,85.6500015258789,85.70999908447266,83.9800033569336,84.81999969482422,563500
17-01-2024,84.47000122070312,84.73999786376953,82.9800033569336,83.52999877929688,424100
18-01-2024,83.58000183105469,85.12000274658203,83.2300033569336,85.05999755859375,369000
19-01-2024,85.08000183105469,85.94999694824219,84.29000091552734,85.91999816894531,296300
22-01-2024,86.38999938964844,87.38999938964844,84.83999633789062,85.36000061035156,387800
23-01-2024,85.43000030517578,85.5999984741211,83.97000122070312,84.16000366210938,321700
24-01-2024,84.3499984741211,85.05999755859375,82.62999725341797,82.63999938964844,381100
25-01-2024,82.76000213623047,83.94999694824219,82.5999984741211,83.88999938964844,245500
26-01-2024,84.27999877929688,84.98999786376953,84.16000366210938,84.18000030517578,265700
29-01-2024,83.83000183105469,85.19000244140625,83.79000091552734,84.93000030517578,254600
30-01-2024,85.12000274658203,85.98999786376953,84.0999984741211,84.33999633789062,596300
31-01-2024,84.61000061035156,85.08999633789062,81.36000061035156,82.13999938964844,1076100
01-02-2024,82.3499984741211,82.5999984741211,81.19000244140625,81.7699966430664,728100
02-02-2024,81.5199966430664,81.5199966430664,79.66000366210938,80.30000305175781,671600
05-02-2024,79.88999938964844,80.08000183105469,78.44000244140625,78.81999969482422,443300
06-02-2024,79.06999969482422,79.87000274658203,79.06999969482422,79.83000183105469,268000
07-02-2024,80.2699966430664,81.19000244140625,79.27999877929688,79.61000061035156,362900
08-02-2024,79.11000061035156,81.0199966430664,79.02999877929688,80.2300033569336,367400
09-02-2024,80.5199966430664,82.4000015258789,79.94999694824219,82.05999755859375,490100
12-02-2024,82.05999755859375,84.52999877929688,81.91999816894531,83.79000091552734,562500
13-02-2024,82.79000091552734,83.11000061035156,81.58999633789062,82.2300033569336,304700
14-02-2024,82.81999969482422,82.9000015258789,81.75,82.44999694824219,417600
15-02-2024,83.06999969482422,84.01000213623047,82.66999816894531,83.19999694824219,387300
16-02-2024,83.16000366210938,83.91000366210938,82.62999725341797,82.88999938964844,324000
20-02-2024,82.52999877929688,84.0,82.4800033569336,83.97000122070312,443300
21-02-2024,83.87999725341797,84.73999786376953,83.08999633789062,83.75,386000
22-02-2024,83.69000244140625,85.55999755859375,83.6500015258789,84.62999725341797,323100
23-02-2024,84.47000122070312,85.2300033569336,84.01000213623047,84.29000091552734,446200
26-02-2024,83.94999694824219,86.41000366210938,83.94999694824219,85.48999786376953,654000
27-02-2024,85.69000244140625,87.7699966430664,84.58999633789062,87.37999725341797,801800
28-02-2024,86.66999816894531,86.66999816894531,82.52999877929688,83.43000030517578,1043800
29-02-2024,83.20999908447266,84.93000030517578,83.0,83.44999694824219,781200
01-03-2024,83.77999877929688,84.87999725341797,82.81999969482422,83.98999786376953,365800
04-03-2024,84.0,86.55999755859375,83.62000274658203,85.62000274658203,447400
05-03-2024,85.33999633789062,85.88999938964844,84.22000122070312,84.7300033569336,300800
06-03-2024,84.48999786376953,85.5,84.48999786376953,84.72000122070312,277700
07-03-2024,85.08999633789062,85.95999908447266,83.47000122070312,83.66000366210938,477800
08-03-2024,83.73999786376953,84.44000244140625,81.66000366210938,81.80999755859375,619600
11-03-2024,81.81999969482422,81.81999969482422,80.37000274658203,80.52999877929688,692700
12-03-2024,80.54000091552734,80.87000274658203,79.37999725341797,80.30999755859375,1044200
13-03-2024,80.16000366210938,81.13999938964844,75.63999938964844,78.36000061035156,1549500
14-03-2024,77.87000274658203,78.91000366210938,76.56999969482422,78.87000274658203,788100
15-03-2024,78.31999969482422,79.08999633789062,77.19999694824219,77.79000091552734,1487300
18-03-2024,78.43000030517578,78.91999816894531,77.58999633789062,78.1500015258789,692600
19-03-2024,78.16999816894531,78.86000061035156,77.25,78.5,514200
20-03-2024,78.55000305175781,78.55000305175781,76.20999908447266,77.11000061035156,528800
21-03-2024,77.47000122070312,77.47000122070312,75.4000015258789,75.54000091552734,1027500
22-03-2024,75.22000122070312,76.5,75.0,76.48999786376953,582500
25-03-2024,76.5999984741211,76.97000122070312,76.0999984741211,76.25,425000
26-03-2024,76.58000183105469,76.94000244140625,76.05999755859375,76.80000305175781,617300
27-03-2024,77.44000244140625,78.37999725341797,77.0999984741211,78.33999633789062,490900
28-03-2024,78.58999633789062,80.02999877929688,78.38999938964844,79.22000122070312,777100
01-04-2024,79.37999725341797,79.44000244140625,75.1500015258789,76.06999969482422,936300
02-04-2024,75.72000122070312,76.06999969482422,74.87999725341797,75.73999786376953,849200
03-04-2024,75.80000305175781,76.29000091552734,75.18000030517578,75.81999969482422,420900
04-04-2024,76.23999786376953,76.43000030517578,74.69999694824219,75.0199966430664,597800
05-04-2024,75.08000183105469,76.22000122070312,74.12000274658203,75.97000122070312,418300
08-04-2024,75.66000366210938,76.20999908447266,75.12000274658203,75.43000030517578,322700
09-04-2024,75.69999694824219,76.75,75.52999877929688,76.38999938964844,374600
10-04-2024,75.31999969482422,76.02999877929688,75.30999755859375,75.80000305175781,326300
11-04-2024,75.98999786376953,76.7699966430664,74.87000274658203,74.9800033569336,453900
12-04-2024,74.76000213623047,74.95999908447266,73.12999725341797,73.18000030517578,559500
15-04-2024,73.73999786376953,73.98999786376953,71.75,73.11000061035156,831100
16-04-2024,73.45999908447266,73.91000366210938,70.80999755859375,70.9800033569336,654200
17-04-2024,71.20999908447266,71.66000366210938,70.08999633789062,70.25,441300
18-04-2024,70.13999938964844,70.76000213623047,69.45999908447266,70.27999877929688,612900
19-04-2024,70.7300033569336,70.7300033569336,69.73999786376953,70.16000366210938,399400
22-04-2024,70.19999694824219,70.83999633789062,69.91000366210938,70.26000213623047,581700
23-04-2024,70.4800033569336,71.31999969482422,69.94000244140625,70.73999786376953,539100
24-04-2024,70.45999908447266,71.36000061035156,70.13999938964844,71.19000244140625,454400
25-04-2024,71.98999786376953,73.7699966430664,71.38999938964844,73.37999725341797,1103900
26-04-2024,73.75,74.6500015258789,73.20999908447266,73.58999633789062,689400
29-04-2024,73.55999755859375,74.81999969482422,73.55999755859375,74.61000061035156,514200
30-04-2024,74.93000030517578,74.93000030517578,73.87999725341797,73.94000244140625,694300
01-05-2024,74.1500015258789,74.7300033569336,72.95999908447266,72.98999786376953,706900
02-05-2024,70.13999938964844,72.33999633789062,66.38999938964844,66.7300033569336,2802900
03-05-2024,67.0199966430664,67.23999786376953,64.73999786376953,66.12000274658203,1213600
06-05-2024,66.7699966430664,68.5199966430664,66.29000091552734,67.77999877929688,1555700
07-05-2024,67.87999725341797,69.27999877929688,67.37000274658203,67.43000030517578,1427400
08-05-2024,67.33999633789062,67.33999633789062,65.26000213623047,66.05999755859375,731800
09-05-2024,65.93000030517578,70.68000030517578,65.87999725341797,70.48999786376953,1811300
10-05-2024,70.18000030517578,72.44000244140625,69.58999633789062,71.80999755859375,1698000
13-05-2024,71.97000122070312,73.0199966430664,70.44000244140625,71.66000366210938,1207800
14-05-2024,72.43000030517578,73.69999694824219,70.12000274658203,71.31999969482422,820500
15-05-2024,71.45999908447266,71.94999694824219,68.55999755859375,68.79000091552734,1131200
16-05-2024,68.41999816894531,68.47000122070312,66.06999969482422,66.62999725341797,974900
17-05-2024,66.66000366210938,67.16000366210938,65.52999877929688,66.3499984741211,704500
20-05-2024,66.3499984741211,67.44000244140625,66.26000213623047,66.79000091552734,648900
21-05-2024,66.5,67.37999725341797,64.11000061035156,65.36000061035156,1406000
22-05-2024,65.27999877929688,67.4000015258789,65.05000305175781,66.2699966430664,1066900
23-05-2024,66.1500015258789,66.1500015258789,63.75,64.25,843800
24-05-2024,64.3499984741211,64.80999755859375,63.09999847412109,63.58000183105469,649700
28-05-2024,63.59000015258789,63.59000015258789,62.66999816894531,62.869998931884766,492200
29-05-2024,62.18000030517578,66.12999725341797,62.040000915527344,65.06999969482422,2204600
30-05-2024,65.20999908447266,68.37999725341797,65.20999908447266,67.33999633789062,1581700
31-05-2024,67.61000061035156,68.91999816894531,66.33000183105469,68.88999938964844,1553200
03-06-2024,69.12000274658203,69.87999725341797,68.30000305175781,68.51000213623047,784400
04-06-2024,68.41999816894531,70.33999633789062,67.91999816894531,70.0999984741211,1123200
05-06-2024,70.37000274658203,71.61000061035156,70.02999877929688,71.26000213623047,848200
06-06-2024,71.2300033569336,72.5,71.08000183105469,71.77999877929688,1132500
07-06-2024,71.47000122070312,71.47000122070312,69.2699966430664,69.41999816894531,714000
10-06-2024,68.83000183105469,69.87999725341797,68.22000122070312,69.58999633789062,578200
11-06-2024,69.4000015258789,69.4000015258789,68.05000305175781,68.51000213623047,503900
12-06-2024,68.80000305175781,69.72000122070312,67.75,67.80999755859375,490300
13-06-2024,67.55000305175781,67.55000305175781,66.22000122070312,66.33999633789062,795000
14-06-2024,66.0,66.05000305175781,64.66999816894531,65.4000015258789,909500
17-06-2024,65.11000061035156,65.86000061035156,64.87000274658203,65.80000305175781,785200
18-06-2024,66.01000213623047,69.01000213623047,65.73999786376953,68.29000091552734,956100
20-06-2024,68.29000091552734,69.55000305175781,67.45999908447266,67.5999984741211,968500
21-06-2024,67.87000274658203,69.41999816894531,67.36000061035156,68.62000274658203,1081100
24-06-2024,68.83000183105469,69.13999938964844,67.7300033569336,68.80000305175781,759700
25-06-2024,68.80000305175781,69.18000030517578,66.0,67.47000122070312,587400
26-06-2024,67.12000274658203,67.30999755859375,66.0,67.08000183105469,593900
27-06-2024,67.02999877929688,68.05999755859375,66.2300033569336,68.04000091552734,655500
28-06-2024,68.05999755859375,68.5,66.41000366210938,67.54000091552734,1071300
01-07-2024,67.52999877929688,68.41000366210938,66.94999694824219,67.01000213623047,674400
02-07-2024,66.98999786376953,67.0,65.2699966430664,66.12000274658203,663000
03-07-2024,66.63999938964844,67.06999969482422,65.72000122070312,66.73999786376953,344400
05-07-2024,66.69000244140625,67.0,65.47000122070312,65.93000030517578,361900
08-07-2024,65.97000122070312,66.62999725341797,64.98999786376953,65.63999938964844,664400
09-07-2024,65.56999969482422,65.93000030517578,64.66000366210938,65.43000030517578,668600
10-07-2024,65.44999694824219,66.11000061035156,64.11000061035156,64.16000366210938,1171500
11-07-2024,64.56999969482422,67.16000366210938,64.33000183105469,67.11000061035156,871300
12-07-2024,67.36000061035156,68.87000274658203,67.16000366210938,67.19000244140625,717400
15-07-2024,66.9800033569336,67.06999969482422,64.86000061035156,65.18000030517578,873800
16-07-2024,65.47000122070312,68.54000091552734,64.72000122070312,68.4800033569336,1194000
17-07-2024,68.45999908447266,69.83000183105469,67.13999938964844,67.2300033569336,1006100
18-07-2024,67.25,68.9000015258789,66.37999725341797,66.44000244140625,457000
19-07-2024,66.48999786376953,66.48999786376953,64.91000366210938,65.16000366210938,536600
22-07-2024,65.37999725341797,65.81999969482422,64.52999877929688,65.3499984741211,737000
23-07-2024,65.73999786376953,67.02999877929688,65.20999908447266,65.6500015258789,1004000
24-07-2024,65.80999755859375,67.1500015258789,65.02999877929688,66.27999877929688,2072200
25-07-2024,66.45999908447266,66.87000274658203,64.66000366210938,65.05999755859375,1429000
26-07-2024,65.66000366210938,67.11000061035156,65.43000030517578,66.58999633789062,1592300
29-07-2024,66.2699966430664,66.36000061035156,65.18000030517578,65.52999877929688,1566000
30-07-2024,65.52999877929688,67.81999969482422,65.19999694824219,67.37999725341797,1405700
31-07-2024,67.69000244140625,67.69000244140625,64.7300033569336,64.8499984741211,1394000
01-08-2024,69.26000213623047,75.80999755859375,68.05999755859375,74.08999633789062,3828500
02-08-2024,73.69000244140625,74.37999725341797,70.36000061035156,72.37000274658203,1685200
05-08-2024,71.93000030517578,71.93000030517578,68.91000366210938,71.0199966430664,1165600
06-08-2024,70.97000122070312,73.04000091552734,68.37000274658203,70.94000244140625,730200
07-08-2024,70.7300033569336,72.05999755859375,70.61000061035156,70.73999786376953,793000
08-08-2024,70.66999816894531,71.76000213623047,70.66999816894531,71.69999694824219,722600
09-08-2024,71.68000030517578,72.69999694824219,70.2699966430664,71.58000183105469,870000
12-08-2024,71.51000213623047,71.87000274658203,70.5199966430664,70.9800033569336,703200
13-08-2024,71.47000122070312,73.41000366210938,70.91000366210938,73.02999877929688,908400
14-08-2024,72.91000366210938,73.08000183105469,71.9800033569336,72.66999816894531,941900
15-08-2024,73.5,74.52999877929688,72.76000213623047,74.12999725341797,562900
16-08-2024,73.73999786376953,75.98999786376953,73.56999969482422,74.47000122070312,701700
19-08-2024,74.31999969482422,75.29000091552734,72.5199966430664,75.19000244140625,540400
20-08-2024,75.20999908447266,75.87000274658203,74.12999725341797,74.94999694824219,440900
21-08-2024,74.9800033569336,77.04000091552734,72.95999908447266,76.7300033569336,841300
22-08-2024,76.94999694824219,77.5,75.80000305175781,76.22000122070312,571100
23-08-2024,76.16999816894531,80.1500015258789,76.16999816894531,79.91000366210938,1195100
26-08-2024,79.76000213623047,80.6500015258789,77.80000305175781,78.3499984741211,651200
27-08-2024,78.12000274658203,78.63999938964844,76.87999725341797,78.13999938964844,550600
28-08-2024,78.12999725341797,79.12999725341797,77.68000030517578,79.05999755859375,552300
29-08-2024,79.37999725341797,81.70999908447266,78.0,80.8499984741211,1087600
30-08-2024,80.8499984741211,82.41000366210938,79.83000183105469,81.93000030517578,983100
03-09-2024,78.0999984741211,79.77999877929688,77.2699966430664,78.20999908447266,1847500
04-09-2024,78.33999633789062,79.51000213623047,78.18000030517578,79.16000366210938,955000
05-09-2024,79.0199966430664,79.47000122070312,77.69000244140625,78.13999938964844,718100
06-09-2024,78.29000091552734,78.95999908447266,76.29000091552734,76.45999908447266,606900
09-09-2024,76.45999908447266,77.33000183105469,75.91999816894531,76.31999969482422,1115600
10-09-2024,76.31999969482422,77.18000030517578,75.58000183105469,76.33000183105469,493800
11-09-2024,76.33000183105469,77.22000122070312,75.45999908447266,77.11000061035156,663300
12-09-2024,77.33000183105469,78.16999816894531,75.8499984741211,77.37000274658203,402400
13-09-2024,77.56999969482422,78.2699966430664,77.16999816894531,78.2300033569336,337800
16-09-2024,78.58999633789062,79.83000183105469,78.31999969482422,79.33999633789062,815500
17-09-2024,79.29000091552734,79.79000091552734,77.2300033569336,77.7699966430664,1125200
18-09-2024,77.83999633789062,78.66000366210938,76.94000244140625,77.94000244140625,669500
19-09-2024,78.3499984741211,78.3499984741211,77.05999755859375,77.44000244140625,514900
20-09-2024,77.19999694824219,77.62000274658203,76.30999755859375,76.4000015258789,984400
23-09-2024,77.11000061035156,77.11000061035156,75.80999755859375,76.18000030517578,568500
24-09-2024,76.18000030517578,76.9800033569336,75.77999877929688,76.61000061035156,292700
25-09-2024,76.87000274658203,77.48999786376953,75.37999725341797,75.69999694824219,647900
26-09-2024,76.11000061035156,76.66000366210938,74.76000213623047,75.66000366210938,1134600
27-09-2024,64.55999755859375,64.88999938964844,53.220001220703125,63.27999877929688,10489900
30-09-2024,63.2400016784668,63.43000030517578,57.68000030517578,63.40999984741211,3708600
01-10-2024,62.9900016784668,63.40999984741211,61.95000076293945,62.40999984741211,2429600
02-10-2024,62.220001220703125,62.34000015258789,58.75,58.79999923706055,1780100
03-10-2024,58.7400016784668,59.02000045776367,56.29999923706055,56.709999084472656,2749400
04-10-2024,56.70000076293945,56.970001220703125,55.06999969482422,55.79999923706055,2498400
07-10-2024,55.90999984741211,56.18000030517578,54.52999877929688,54.959999084472656,1891500
08-10-2024,55.0,56.09000015258789,54.72999954223633,55.2599983215332,1928900
09-10-2024,55.380001068115234,56.380001068115234,53.650001525878906,54.34999847412109,2018100
10-10-2024,54.84999847412109,55.540000915527344,53.86000061035156,55.470001220703125,1395500
11-10-2024,55.09000015258789,55.58000183105469,54.40999984741211,54.81999969482422,1040800
14-10-2024,54.880001068115234,56.95000076293945,54.5,56.93000030517578,916000
15-10-2024,56.84000015258789,58.93999862670898,56.52000045776367,56.959999084472656,1082700
16-10-2024,56.88999938964844,58.650001525878906,56.459999084472656,57.38999938964844,875400
17-10-2024,56.93000030517578,59.38999938964844,56.5099983215332,59.31999969482422,1116000
18-10-2024,59.08000183105469,60.52000045776367,51.06999969482422,52.02999877929688,6212300
21-10-2024,52.310001373291016,54.150001525878906,51.75,53.15999984741211,2263700
22-10-2024,53.060001373291016,53.08000183105469,51.540000915527344,51.65999984741211,1352500
23-10-2024,51.459999084472656,51.84999847412109,50.20000076293945,50.7599983215332,1543500
24-10-2024,50.7599983215332,51.619998931884766,50.36000061035156,51.220001220703125,1538800
25-10-2024,50.43999862670898,51.97999954223633,50.2599983215332,50.88999938964844,1270400
28-10-2024,51.15999984741211,52.18000030517578,50.93999862670898,51.4900016784668,1462200
29-10-2024,51.68999862670898,52.38999938964844,51.04999923706055,51.59999847412109,766700
30-10-2024,50.84000015258789,52.31999969482422,50.59000015258789,52.08000183105469,1233100
31-10-2024,45.5,45.75,42.459999084472656,42.68999862670898,5679600
01-11-2024,42.560001373291016,43.65999984741211,41.75,42.02000045776367,2707600
04-11-2024,41.81999969482422,42.36000061035156,41.41999816894531,42.33000183105469,2319700
05-11-2024,42.27000045776367,42.75,41.93000030517578,42.5099983215332,1393800
06-11-2024,43.61000061035156,44.5099983215332,42.43999862670898,42.4900016784668,1715700
07-11-2024,42.18000030517578,43.02999877929688,41.66999816894531,42.08000183105469,1159300
08-11-2024,42.150001525878906,42.459999084472656,40.790000915527344,40.81999969482422,982900
11-11-2024,40.90999984741211,41.900001525878906,40.869998931884766,41.43999862670898,1475800
12-11-2024,41.22999954223633,41.380001068115234,39.790000915527344,40.11000061035156,1432900
13-11-2024,40.040000915527344,40.540000915527344,39.63999938964844,39.83000183105469,1170900
14-11-2024,39.83000183105469,40.20000076293945,39.27000045776367,39.36000061035156,1148300
15-11-2024,39.2400016784668,39.2400016784668,37.77999877929688,37.81999969482422,1846000
18-11-2024,37.70000076293945,37.70000076293945,36.5,37.130001068115234,1250300
19-11-2024,36.9900016784668,37.47999954223633,36.59999847412109,37.09000015258789,1410700
20-11-2024,36.93999862670898,39.88999938964844,36.790000915527344,39.09999847412109,1959800
21-11-2024,38.77999877929688,38.95000076293945,37.900001525878906,38.59000015258789,1467300
22-11-2024,38.650001525878906,38.9900016784668,38.060001373291016,38.22999954223633,1132300
25-11-2024,38.34999847412109,40.040000915527344,38.34999847412109,39.9900016784668,1457700
26-11-2024,39.93000030517578,41.150001525878906,39.65999984741211,41.02999877929688,1632700
27-11-2024,41.04999923706055,41.619998931884766,40.95000076293945,41.27999877929688,3198400
29-11-2024,41.18000030517578,41.63999938964844,40.52999877929688,40.630001068115234,458000
02-12-2024,40.709999084472656,42.77000045776367,40.61000061035156,42.52000045776367,1349600
03-12-2024,42.72999954223633,42.72999954223633,41.63999938964844,42.25,1458900
04-12-2024,42.34999847412109,42.77999877929688,41.84999847412109,42.15999984741211,1399000
05-12-2024,41.93000030517578,42.20000076293945,41.20000076293945,41.5,1005000
06-12-2024,42.0,42.4900016784668,40.630001068115234,41.119998931884766,1389000
09-12-2024,40.93000030517578,42.16999816894531,40.68000030517578,40.79999923706055,1322700
10-12-2024,40.560001373291016,40.68000030517578,38.16999816894531,39.869998931884766,1692300
11-12-2024,39.77999877929688,40.31999969482422,38.97999954223633,39.84000015258789,1354900
12-12-2024,42.2400016784668,42.43000030517578,40.25,40.34000015258789,1832100
13-12-2024,40.34000015258789,40.93999862670898,39.45000076293945,40.65999984741211,1084700
16-12-2024,40.02000045776367,41.150001525878906,40.0,40.47999954223633,1078400
17-12-2024,40.25,40.5,39.29999923706055,39.63999938964844,1176000
18-12-2024,40.09999847412109,41.11000061035156,39.0099983215332,39.04999923706055,2716300
19-12-2024,39.18999862670898,39.380001068115234,38.220001220703125,38.59000015258789,1286600
20-12-2024,38.33000183105469,39.0,37.88999938964844,37.900001525878906,4560000
23-12-2024,37.9900016784668,38.09999847412109,36.79999923706055,37.5,2655600
24-12-2024,37.65999984741211,38.04999923706055,37.18999862670898,37.66999816894531,754800
26-12-2024,37.47999954223633,38.5099983215332,37.02999877929688,38.06999969482422,2427000
27-12-2024,37.790000915527344,38.4900016784668,37.290000915527344,37.959999084472656,1275300
30-12-2024,37.84999847412109,39.060001373291016,37.15999984741211,38.58000183105469,1707000
31-12-2024,38.81999969482422,39.66999816894531,38.16999816894531,39.650001525878906,2186700
02-01-2025,39.900001525878906,41.40999984741211,39.7599983215332,40.77000045776367,1075700
03-01-2025,41.150001525878906,44.47999954223633,40.83000183105469,44.31999969482422,2459200
06-01-2025,44.7400016784668,45.2599983215332,44.25,44.84999847412109,3484600
07-01-2025,46.0099983215332,46.84000015258789,44.79999923706055,45.130001068115234,2328100
08-01-2025,44.66999816894531,45.61000061035156,44.56999969482422,45.119998931884766,2543700
10-01-2025,45.040000915527344,45.63999938964844,44.880001068115234,44.91999816894531,1930700
13-01-2025,44.470001220703125,47.08000183105469,43.90999984741211,45.40999984741211,1963700
14-01-2025,45.33000183105469,45.619998931884766,42.97999954223633,44.369998931884766,2092400
15-01-2025,45.060001373291016,45.18999862670898,42.810001373291016,43.040000915527344,2979800
16-01-2025,43.02000045776367,43.47999954223633,41.77000045776367,41.95000076293945,1267400
17-01-2025,42.09000015258789,44.34000015258789,41.619998931884766,43.77999877929688,2489000
21-01-2025,43.75,44.459999084472656,43.540000915527344,44.369998931884766,1681700
22-01-2025,44.27000045776367,44.93000030517578,44.04999923706055,44.2599983215332,943000
23-01-2025,44.54999923706055,45.119998931884766,43.29999923706055,44.5,742800
24-01-2025,44.2400016784668,44.709999084472656,43.369998931884766,44.18000030517578,1204500
27-01-2025,44.43000030517578,45.43000030517578,43.93999862670898,44.68000030517578,879200
28-01-2025,44.540000915527344,45.040000915527344,43.33000183105469,43.540000915527344,916000
29-01-2025,43.470001220703125,44.04999923706055,43.220001220703125,43.7400016784668,839000
30-01-2025,44.0099983215332,45.61000061035156,43.77999877929688,45.09999847412109,671400
31-01-2025,45.11000061035156,45.40999984741211,44.75,45.11000061035156,978300
03-02-2025,44.150001525878906,44.900001525878906,43.9900016784668,44.79999923706055,751400
04-02-2025,44.2400016784668,45.18999862670898,44.02000045776367,45.060001373291016,802100
05-02-2025,45.13999938964844,45.470001220703125,44.66999816894531,45.0,1180300
06-02-2025,45.11000061035156,45.18999862670898,42.18999862670898,42.720001220703125,1949100
07-02-2025,42.970001220703125,43.59000015258789,41.93999862670898,41.959999084472656,1468600
10-02-2025,42.09999847412109,43.2599983215332,41.540000915527344,42.84999847412109,914000
11-02-2025,42.790000915527344,42.959999084472656,41.84000015258789,41.97999954223633,905500
12-02-2025,41.86000061035156,42.18000030517578,41.0,41.27999877929688,1051800
13-02-2025,41.56999969482422,42.0099983215332,41.0,41.75,640200
14-02-2025,41.86000061035156,42.0,40.880001068115234,41.060001373291016,779400
18-02-2025,41.11000061035156,42.06999969482422,41.0099983215332,41.09000015258789,771500
19-02-2025,40.970001220703125,41.61000061035156,40.66999816894531,40.88999938964844,834800
20-02-2025,40.900001525878906,41.63999938964844,40.58000183105469,40.66999816894531,734600
21-02-2025,40.59000015258789,40.88999938964844,39.56999969482422,39.650001525878906,1325700
24-02-2025,39.81999969482422,40.869998931884766,39.70000076293945,40.66999816894531,1329300
25-02-2025,40.59000015258789,42.40999984741211,40.59000015258789,42.34999847412109,1706600
26-02-2025,42.22999954223633,42.22999954223633,40.900001525878906,41.0,1509900
27-02-2025,41.220001220703125,42.84999847412109,40.16999816894531,40.2599983215332,2801100
28-02-2025,32.5,33.58000183105469,29.790000915527344,29.979999542236328,7806800
03-03-2025,30.459999084472656,30.549999237060547,29.190000534057617,29.26000022888184,5441700
04-03-2025,28.68000030517578,30.90999984741211,28.09000015258789,30.459999084472656,5909300
05-03-2025,30.440000534057617,30.950000762939453,28.190000534057617,29.68000030517578,2493800
06-03-2025,29.46999931335449,30.81999969482422,29.350000381469727,29.90999984741211,2809000
07-03-2025,29.979999542236328,31.209999084472656,29.440000534057617,30.56999969482422,3323200
10-03-2025,30.64999961853028,31.43000030517578,29.850000381469727,29.8700008392334,1844200
11-03-2025,29.940000534057617,30.020000457763672,28.670000076293945,29.1200008392334,1240300
12-03-2025,29.1200008392334,29.1200008392334,27.61000061035156,28.81999969482422,2601600
13-03-2025,28.8700008392334,29.3700008392334,27.850000381469727,28.170000076293945,2073400
14-03-2025,28.32999992370605,29.540000915527344,28.1200008392334,28.540000915527344,1655900
17-03-2025,28.549999237060547,29.739999771118164,28.549999237060547,29.43000030517578,1198500
18-03-2025,29.25,29.84000015258789,29.059999465942383,29.13999938964844,1285900
19-03-2025,29.0,29.530000686645508,28.790000915527344,29.26000022888184,1661400
20-03-2025,29.15999984741211,29.90999984741211,28.90999984741211,29.01000022888184,1605800
21-03-2025,28.82999992370605,29.040000915527344,28.31999969482422,28.690000534057617,1896000
24-03-2025,28.75,29.299999237060547,28.549999237060547,28.940000534057617,1528400
25-03-2025,29.059999465942383,29.770000457763672,28.489999771118164,28.809999465942383,1422900
26-03-2025,28.86000061035156,30.229999542236328,28.709999084472656,29.65999984741211,2275000
27-03-2025,29.670000076293945,30.229999542236328,29.309999465942383,30.1200008392334,1480500
28-03-2025,30.059999465942383,30.38999938964844,29.88999938964844,30.1200008392334,1521600
31-03-2025,29.90999984741211,31.040000915527344,29.700000762939453,30.31999969482422,2842500
01-04-2025,30.440000534057617,30.96999931335449,29.3700008392334,29.93000030517578,4128600
02-04-2025,29.64999961853028,30.13999938964844,29.18000030517578,29.209999084472656,2110500
03-04-2025,28.700000762939453,29.0,28.020000457763672,28.3799991607666,2235800
04-04-2025,27.64999961853028,27.770000457763672,26.71999931335449,27.3700008392334,1613400
07-04-2025,26.36000061035156,27.479999542236328,25.40999984741211,26.420000076293945,2556400
08-04-2025,27.15999984741211,28.049999237060547,26.790000915527344,27.1200008392334,2800200
09-04-2025,27.020000457763672,30.170000076293945,26.6200008392334,29.100000381469727,4327200
10-04-2025,28.93000030517578,28.93000030517578,26.39999961853028,27.07999992370605,3211800
11-04-2025,27.25,27.450000762939453,25.979999542236328,26.14999961853028,2200200
14-04-2025,26.68000030517578,26.76000022888184,25.81999969482422,26.38999938964844,2163400
15-04-2025,26.200000762939453,26.489999771118164,24.709999084472656,24.729999542236328,2929400
16-04-2025,24.709999084472656,25.200000762939453,23.790000915527344,23.84000015258789,4551900
17-04-2025,23.75,24.34000015258789,23.36000061035156,23.90999984741211,6314200
21-04-2025,23.75,23.950000762939453,20.36000061035156,21.489999771118164,4700000
22-04-2025,21.3700008392334,21.51000022888184,20.36000061035156,20.600000381469727,4817100
23-04-2025,21.11000061035156,22.06999969482422,21.06999969482422,21.200000762939453,4209300
24-04-2025,21.3799991607666,22.5,21.3799991607666,22.18000030517578,1942500
25-04-2025,22.18000030517578,22.540000915527344,21.709999084472656,22.14999961853028,1864300
28-04-2025,22.14999961853028,22.770000457763672,21.770000457763672,22.18000030517578,1367200
29-04-2025,22.09000015258789,22.63999938964844,21.299999237060547,22.350000381469727,2632700
30-04-2025,22.13999938964844,23.5,21.739999771118164,23.39999961853028,6501500
01-05-2025,23.3799991607666,23.420000076293945,22.600000381469727,22.780000686645508,2190500
02-05-2025,23.209999084472656,23.600000381469727,22.780000686645508,23.309999465942383,1937500
05-05-2025,23.34000015258789,23.530000686645508,22.71999931335449,22.809999465942383,1499500
06-05-2025,22.700000762939453,23.979999542236328,22.36000061035156,23.799999237060547,2500500
07-05-2025,23.940000534057617,24.299999237060547,23.489999771118164,24.15999984741211,2142400
08-05-2025,24.290000915527344,24.770000457763672,24.01000022888184,24.21999931335449,5157200
09-05-2025,24.38999938964844,24.64999961853028,23.82999992370605,23.84000015258789,1573800
12-05-2025,24.780000686645508,26.059999465942383,24.71999931335449,25.84000015258789,3437000
13-05-2025,26.26000022888184,28.479999542236328,25.14999961853028,26.940000534057617,9007700
14-05-2025,27.0,27.32999992370605,25.299999237060547,25.71999931335449,2813600
15-05-2025,25.76000022888184,25.959999084472656,24.40999984741211,25.63999938964844,2404400
16-05-2025,25.670000076293945,26.25,25.36000061035156,26.14999961853028,2122400
19-05-2025,25.75,25.8799991607666,24.90999984741211,25.07999992370605,1873000
20-05-2025,25.07999992370605,25.420000076293945,24.57999992370605,25.200000762939453,1402500
21-05-2025,24.790000915527344,25.11000061035156,23.479999542236328,23.51000022888184,1850100
22-05-2025,23.299999237060547,23.32999992370605,22.56999969482422,22.959999084472656,1585000
23-05-2025,22.38999938964844,22.770000457763672,22.299999237060547,22.530000686645508,1533000
27-05-2025,22.959999084472656,23.57999992370605,22.709999084472656,23.520000457763672,1299900
28-05-2025,23.540000915527344,23.540000915527344,22.690000534057617,22.75,1070300
29-05-2025,23.020000457763672,23.21999931335449,22.520000457763672,22.850000381469727,944200
30-05-2025,22.709999084472656,22.90999984741211,22.15999984741211,22.63999938964844,1666900
02-06-2025,22.549999237060547,22.780000686645508,21.420000076293945,21.6299991607666,1397200
03-06-2025,21.690000534057617,22.549999237060547,21.280000686645508,22.440000534057617,1970800
04-06-2025,22.5,23.270000457763672,22.46999931335449,22.600000381469727,1440000
05-06-2025,22.56999969482422,22.8799991607666,22.350000381469727,22.6299991607666,940800
06-06-2025,22.8700008392334,23.18000030517578,22.51000022888184,22.739999771118164,882700
09-06-2025,22.780000686645508,22.96999931335449,21.46999931335449,21.989999771118164,2156300
10-06-2025,22.190000534057617,22.950000762939453,21.350000381469727,22.61000061035156,4539300
11-06-2025,22.6299991607666,22.920000076293945,22.200000762939453,22.770000457763672,4531500
12-06-2025,22.57999992370605,22.700000762939453,22.11000061035156,22.1299991607666,1163400
13-06-2025,21.989999771118164,22.26000022888184,21.049999237060547,21.229999542236328,1739800
16-06-2025,21.229999542236328,21.46999931335449,20.46999931335449,21.1200008392334,1706700
17-06-2025,20.809999465942383,21.06999969482422,20.520000457763672,20.850000381469727,1460600
18-06-2025,20.75,21.61000061035156,20.56999969482422,21.520000457763672,1623500
20-06-2025,21.75,22.14999961853028,21.26000022888184,21.559999465942383,2318700
23-06-2025,21.38999938964844,21.459999084472656,20.36000061035156,20.850000381469727,2222600
24-06-2025,21.049999237060547,21.6299991607666,20.850000381469727,21.520000457763672,1327600
25-06-2025,21.479999542236328,21.479999542236328,20.71999931335449,20.940000534057617,1858000
26-06-2025,21.09000015258789,22.420000076293945,21.09000015258789,22.059999465942383,2283100
27-06-2025,22.059999465942383,22.14999961853028,21.6200008392334,21.89999961853028,2804800
30-06-2025,22.01000022888184,23.190000534057617,21.68000030517578,22.690000534057617,4340900
01-07-2025,22.690000534057617,23.8799991607666,22.229999542236328,23.489999771118164,2681000
02-07-2025,23.489999771118164,23.65999984741211,22.88999938964844,23.190000534057617,2047100
03-07-2025,23.479999542236328,23.979999542236328,23.06999969482422,23.36000061035156,1483800
07-07-2025,23.299999237060547,23.39999961853028,22.940000534057617,23.31999969482422,1980900
08-07-2025,23.350000381469727,24.68000030517578,23.34000015258789,24.1200008392334,1877700
09-07-2025,24.31999969482422,24.65999984741211,24.0,24.420000076293945,1582300
10-07-2025,24.459999084472656,25.040000915527344,23.989999771118164,24.690000534057617,1555600
11-07-2025,24.43000030517578,24.600000381469727,23.81999969482422,24.36000061035156,1355200
14-07-2025,24.09000015258789,24.350000381469727,23.82999992370605,24.07999992370605,1359200
15-07-2025,24.36000061035156,24.63999938964844,23.15999984741211,23.270000457763672,1441600
16-07-2025,23.450000762939453,23.450000762939453,22.350000381469727,22.68000030517578,1115300
17-07-2025,22.64999961853028,23.030000686645508,22.3799991607666,22.770000457763672,912300
18-07-2025,22.739999771118164,22.89999961853028,21.90999984741211,21.920000076293945,1278800
21-07-2025,21.989999771118164,22.26000022888184,21.6299991607666,21.63999938964844,1462600
22-07-2025,21.88999938964844,22.86000061035156,21.82999992370605,22.040000915527344,1628900
23-07-2025,22.190000534057617,23.020000457763672,22.040000915527344,22.96999931335449,1303600
24-07-2025,22.780000686645508,23.020000457763672,21.739999771118164,21.739999771118164,1633500
25-07-2025,21.739999771118164,22.31999969482422,21.57999992370605,22.26000022888184,1451400
28-07-2025,22.3799991607666,23.1299991607666,22.209999084472656,22.690000534057617,2073100
29-07-2025,22.489999771118164,23.1299991607666,22.229999542236328,22.26000022888184,1897400
30-07-2025,22.3700008392334,22.59000015258789,21.90999984741211,22.450000762939453,1604300
31-07-2025,22.309999465942383,22.559999465942383,21.700000762939453,21.770000457763672,1997300
01-08-2025,21.68000030517578,21.809999465942383,20.82999992370605,21.09000015258789,1874500
04-08-2025,21.14999961853028,21.64999961853028,20.8799991607666,21.3700008392334,2167000
05-08-2025,21.479999542236328,22.51000022888184,21.479999542236328,21.76000022888184,3373000
06-08-2025,20.780000686645508,22.040000915527344,17.1299991607666,18.0,6388800
07-08-2025,18.170000076293945,18.6200008392334,17.75,18.200000762939453,3505700
08-08-2025,18.299999237060547,19.280000686645508,18.21999931335449,19.239999771118164,2850700
11-08-2025,19.290000915527344,19.6200008392334,18.770000457763672,19.06999969482422,3114800
12-08-2025,19.25,20.350000381469727,19.100000381469727,20.32999992370605,2898800
13-08-2025,20.25,21.0,20.209999084472656,20.770000457763672,2941500
14-08-2025,19.920000076293945,20.75,19.57999992370605,20.65999984741211,3142500
15-08-2025,20.96999931335449,21.15999984741211,20.6299991607666,20.979999542236328,2135800
18-08-2025,21.239999771118164,21.700000762939453,21.11000061035156,21.1299991607666,2276500
19-08-2025,21.46999931335449,22.049999237060547,21.21999931335449,21.59000015258789,2197100
20-08-2025,21.489999771118164,21.82999992370605,21.290000915527344,21.299999237060547,1818100
21-08-2025,21.059999465942383,21.71999931335449,21.059999465942383,21.420000076293945,1857600
22-08-2025,21.61000061035156,22.690000534057617,21.3700008392334,22.440000534057617,1602100
25-08-2025,22.239999771118164,22.290000915527344,21.89999961853028,22.170000076293945,1503900
26-08-2025,22.21999931335449,22.350000381469727,21.51000022888184,21.549999237060547,1881300
27-08-2025,21.51000022888184,22.200000762939453,21.440000534057617,22.190000534057617,2254200
28-08-2025,22.25,22.670000076293945,21.959999084472656,22.6200008392334,2779000
29-08-2025,22.739999771118164,23.34000015258789,22.6200008392334,22.959999084472656,2743200
02-09-2025,22.709999084472656,23.479999542236328,22.280000686645508,23.450000762939453,2935400
03-09-2025,23.530000686645508,23.729999542236328,23.190000534057617,23.32999992370605,2704200
04-09-2025,23.34000015258789,23.90999984741211,22.8799991607666,23.64999961853028,3011900
05-09-2025,23.700000762939453,24.420000076293945,23.540000915527344,23.71999931335449,2022400
08-09-2025,23.989999771118164,23.989999771118164,22.520000457763672,22.540000915527344,2886200
09-09-2025,22.520000457763672,23.600000381469727,21.8700008392334,23.299999237060547,2624600
10-09-2025,22.63999938964844,22.86000061035156,20.90999984741211,21.059999465942383,4258500
11-09-2025,21.15999984741211,22.479999542236328,21.15999984741211,22.309999465942383,2263500
12-09-2025,22.26000022888184,22.26000022888184,21.61000061035156,21.729999542236328,2150400
15-09-2025,21.65999984741211,21.690000534057617,21.1299991607666,21.420000076293945,2047100
16-09-2025,21.670000076293945,21.93000030517578,21.3799991607666,21.709999084472656,2372100
17-09-2025,21.799999237060547,22.8700008392334,21.71999931335449,21.920000076293945,3299200
18-09-2025,22.26000022888184,22.6200008392334,21.89999961853028,22.06999969482422,2257800
19-09-2025,21.959999084472656,22.350000381469727,21.850000381469727,22.13999938964844,18785200
22-09-2025,21.989999771118164,23.26000022888184,21.71999931335449,23.020000457763672,4430200
23-09-2025,22.989999771118164,23.09000015258789,21.959999084472656,22.020000457763672,3439700
24-09-2025,22.96999931335449,24.6299991607666,22.8799991607666,24.59000015258789,4648500
25-09-2025,24.549999237060547,25.040000915527344,23.75,23.770000457763672,3391200
26-09-2025,23.63999938964844,24.549999237060547,23.25,24.530000686645508,2706500
29-09-2025,24.739999771118164,24.739999771118164,23.809999465942383,24.540000915527344,3947200
30-09-2025,24.39999961853028,24.89999961853028,24.200000762939453,24.76000022888184,2177100
01-10-2025,24.63999938964844,25.280000686645508,24.21999931335449,24.549999237060547,2102400
02-10-2025,24.670000076293945,26.71999931335449,24.56999969482422,26.6200008392334,3512400
03-10-2025,26.530000686645508,27.5,26.440000534057617,27.13999938964844,2790100
06-10-2025,27.15999984741211,27.229999542236328,26.15999984741211,26.459999084472656,2629900
07-10-2025,26.700000762939453,27.5,26.38999938964844,27.229999542236328,2768700
08-10-2025,26.739999771118164,27.299999237060547,25.559999465942383,25.600000381469727,2634800
09-10-2025,25.979999542236328,26.290000915527344,25.13999938964844,25.18000030517578,2334200
10-10-2025,25.270000457763672,25.31999969482422,24.229999542236328,24.26000022888184,1639700
13-10-2025,24.670000076293945,24.8700008392334,24.229999542236328,24.290000915527344,1356600
14-10-2025,24.030000686645508,25.200000762939453,23.5,24.93000030517578,1904000
15-10-2025,25.01000022888184,25.229999542236328,24.239999771118164,24.68000030517578,1170500
16-10-2025,24.989999771118164,25.15999984741211,24.46999931335449,24.739999771118164,2009800
17-10-2025,24.729999542236328,24.799999237060547,24.049999237060547,24.170000076293945,1231700
20-10-2025,24.440000534057617,24.59000015258789,23.89999961853028,23.959999084472656,1517600
21-10-2025,23.82999992370605,23.959999084472656,23.489999771118164,23.51000022888184,1770000
22-10-2025,23.420000076293945,24.059999465942383,23.21999931335449,23.459999084472656,2071200
23-10-2025,23.38999938964844,24.049999237060547,23.18000030517578,23.5,1499400
24-10-2025,23.690000534057617,24.059999465942383,23.31999969482422,23.38999938964844,1400400
27-10-2025,23.36000061035156,23.600000381469727,22.690000534057617,22.950000762939453,6051100
28-10-2025,23.18000030517578,23.600000381469727,22.59000015258789,23.170000076293945,2516600
29-10-2025,23.1200008392334,23.770000457763672,22.90999984741211,23.01000022888184,1934100
30-10-2025,22.75,22.979999542236328,21.739999771118164,21.799999237060547,1668300
31-10-2025,21.65999984741211,21.82999992370605,21.229999542236328,21.5,1374800
03-11-2025,21.450000762939453,21.59000015258789,20.64999961853028,21.309999465942383,1627400
04-11-2025,21.049999237060547,21.459999084472656,20.61000061035156,20.65999984741211,1321400
05-11-2025,20.479999542236328,21.36000061035156,20.280000686645508,20.68000030517578,3026500
06-11-2025,19.0,20.739999771118164,18.31999969482422,20.26000022888184,5740100
07-11-2025,19.75,20.020000457763672,18.959999084472656,19.51000022888184,3670100
10-11-2025,19.190000534057617,19.31999969482422,18.020000457763672,18.170000076293945,2522500
11-11-2025,18.190000534057617,18.600000381469727,17.979999542236328,18.239999771118164,2222600
12-11-2025,18.200000762939453,18.239999771118164,17.329999923706055,17.40999984741211,2283500
13-11-2025,17.200000762939453,17.299999237060547,15.989999771118164,16.079999923706055,2494700
14-11-2025,15.920000076293944,16.200000762939453,15.68000030517578,16.020000457763672,2715500
17-11-2025,16.020000457763672,16.170000076293945,15.449999809265137,15.649999618530272,2185500
18-11-2025,15.649999618530272,15.649999618530272,14.9399995803833,15.010000228881836,3518500
19-11-2025,15.0,15.100000381469728,14.300000190734863,14.34000015258789,2488500
20-11-2025,14.40999984741211,14.710000038146973,14.34000015258789,14.359999656677246,2359700
21-11-2025,14.34000015258789,15.729999542236328,14.329999923706056,15.18000030517578,4159200
24-11-2025,15.40999984741211,15.579999923706056,14.989999771118164,15.539999961853027,3647400
25-11-2025,15.550000190734863,16.600000381469727,15.4399995803833,16.56999969482422,3218300
26-11-2025,16.56999969482422,17.579999923706055,16.43000030517578,17.149999618530273,2943000
28-11-2025,17.09000015258789,17.329999923706055,16.8799991607666,17.200000762939453,641800
01-12-2025,17.110000610351562,17.450000762939453,16.770000457763672,16.84000015258789,1651500
02-12-2025,16.829999923706055,16.8799991607666,16.260000228881836,16.489999771118164,1549000
03-12-2025,12.890000343322754,15.010000228881836,12.630000114440918,14.6899995803833,15511600
04-12-2025,14.729999542236328,14.859999656677246,14.010000228881836,14.640000343322754,4219900
05-12-2025,14.670000076293944,15.550000190734863,14.199999809265137,15.470000267028809,4593600
08-12-2025,15.390000343322754,15.43000030517578,13.800000190734863,14.0,2983800
09-12-2025,14.010000228881836,14.289999961853027,13.8100004196167,14.010000228881836,2523400
10-12-2025,13.90999984741211,14.260000228881836,13.6899995803833,13.75,2095600
11-12-2025,13.649999618530272,14.470000267028809,13.600000381469728,14.449999809265137,4645400
12-12-2025,14.630000114440918,14.699999809265137,14.149999618530272,14.279999732971191,2068900
15-12-2025,14.460000038146973,14.579999923706056,13.989999771118164,14.220000267028809,2325500
16-12-2025,14.25,14.65999984741211,14.119999885559082,14.43000030517578,4130300
17-12-2025,14.449999809265137,14.9399995803833,14.369999885559082,14.529999732971191,2684200
18-12-2025,14.479999542236328,14.539999961853027,13.949999809265137,14.43000030517578,2511400
19-12-2025,14.289999961853027,14.520000457763672,14.220000267028809,14.40999984741211,3191400
22-12-2025,14.350000381469728,14.979999542236328,14.329999923706056,14.460000038146973,3079200
23-12-2025,14.43000030517578,14.550000190734863,14.06999969482422,14.100000381469728,2385300
24-12-2025,14.119999885559082,14.390000343322754,14.050000190734863,14.300000190734863,1579300
26-12-2025,14.329999923706056,14.760000228881836,14.149999618530272,14.6899995803833,1807800
29-12-2025,14.649999618530272,14.710000038146973,14.390000343322754,14.5,1888800
30-12-2025,14.479999542236328,14.739999771118164,14.359999656677246,14.609999656677246,2111800
31-12-2025,14.5600004196167,14.600000381469728,14.15999984741211,14.1899995803833,2612600
02-01-2026,14.300000190734863,14.489999771118164,13.850000381469728,14.289999961853027,2066100
05-01-2026,14.300000190734863,14.329999923706056,13.420000076293944,14.279999732971191,2863600
06-01-2026,14.329999923706056,14.989999771118164,14.279999732971191,14.859999656677246,3413900
07-01-2026,14.800000190734863,14.859999656677246,13.65999984741211,13.710000038146973,2402000
08-01-2026,13.630000114440918,13.6899995803833,12.850000381469728,13.449999809265137,3600100
09-01-2026,13.420000076293944,13.850000381469728,12.949999809265137,13.529999732971191,2655000
12-01-2026,13.489999771118164,13.600000381469728,12.989999771118164,13.229999542236328,2229100
13-01-2026,13.3100004196167,13.3100004196167,12.489999771118164,12.550000190734863,3282900
14-01-2026,12.489999771118164,12.539999961853027,11.600000381469728,11.729999542236328,4166500
15-01-2026,11.68000030517578,11.989999771118164,11.43000030517578,11.90999984741211,2637000
16-01-2026,11.859999656677246,11.970000267028809,11.5600004196167,11.68000030517578,2585800
20-01-2026,12.31999969482422,15.0,12.31999969482422,14.239999771118164,11363500
21-01-2026,14.25,14.640000343322754,13.68000030517578,14.329999923706056,5461600
22-01-2026,13.850000381469728,15.789999961853027,13.8100004196167,15.149999618530272,6863900
23-01-2026,14.890000343322754,15.4399995803833,14.649999618530272,15.229999542236328,2734000
26-01-2026,15.199999809265137,15.399999618530272,15.0,15.229999542236328,2417900
27-01-2026,15.039999961853027,15.109999656677246,13.1899995803833,13.479999542236328,3164900
28-01-2026,13.520000457763672,13.670000076293944,13.170000076293944,13.4399995803833,3349800
29-01-2026,13.4399995803833,13.609999656677246,12.9399995803833,13.050000190734863,3209500
30-01-2026,13.119999885559082,13.670000076293944,13.0,13.4399995803833,3478000
02-02-2026,13.390000343322754,13.56999969482422,12.970000267028809,13.210000038146973,4040200
03-02-2026,13.010000228881836,13.8100004196167,12.989999771118164,13.68000030517578,2836400
04-02-2026,13.68000030517578,13.93000030517578,13.420000076293944,13.550000190734863,4413700
05-02-2026,13.670000076293944,13.779999732971191,12.970000267028809,13.43000030517578,3449900
06-02-2026,13.34000015258789,13.68000030517578,13.020000457763672,13.369999885559082,2929700
09-02-2026,13.359999656677246,13.579999923706056,12.90999984741211,13.489999771118164,3520300
10-02-2026,13.640000343322754,14.18000030517578,13.460000038146973,13.65999984741211,3369600
11-02-2026,13.5,15.800000190734863,13.300000190734863,15.529999732971191,11302600
12-02-2026,15.460000038146973,16.06999969482422,15.34000015258789,15.890000343322754,5296200
13-02-2026,15.960000038146973,17.110000610351562,15.850000381469728,16.770000457763672,4152400
17-02-2026,16.899999618530273,16.950000762939453,16.229999542236328,16.420000076293945,2520000
18-02-2026,16.489999771118164,17.049999237060547,16.469999313354492,16.93000030517578,2389700
19-02-2026,16.989999771118164,17.1299991607666,16.56999969482422,16.860000610351562,2788900
20-02-2026,16.90999984741211,17.030000686645508,16.239999771118164,16.790000915527344,1877900
23-02-2026,16.649999618530273,17.530000686645508,16.43000030517578,17.3799991607666,3219800
24-02-2026,17.389999389648438,17.5,16.479999542236328,17.170000076293945,3407500
25-02-2026,20.309999465942383,21.979999542236328,20.309999465942383,20.84000015258789,11696400
26-02-2026,21.21999931335449,22.309999465942383,20.8799991607666,22.290000915527344,5907000
27-02-2026,22.100000381469727,23.549999237060547,21.71999931335449,23.440000534057617,6373200
02-03-2026,23.26000022888184,23.84000015258789,22.43000030517578,23.440000534057617,3845000
03-03-2026,22.84000015258789,23.1299991607666,21.709999084472656,22.989999771118164,3429400
04-03-2026,23.059999465942383,24.18000030517578,22.36000061035156,24.06999969482422,2731500
05-03-2026,23.57999992370605,24.8799991607666,23.56999969482422,24.65999984741211,3380400
06-03-2026,24.729999542236328,25.75,24.200000762939453,25.6200008392334,4445100
09-03-2026,25.11000061035156,25.1299991607666,24.07999992370605,24.709999084472656,3487200
10-03-2026,24.979999542236328,25.200000762939453,24.270000457763672,25.13999938964844,3008300
11-03-2026,25.100000381469727,25.1200008392334,23.64999961853028,23.88999938964844,2504100
12-03-2026,23.8700008392334,25.049999237060547,23.600000381469727,24.14999961853028,4340800
13-03-2026,24.14999961853028,24.459999084472656,23.46999931335449,23.520000457763672,2770800
16-03-2026,23.299999237060547,23.729999542236328,22.540000915527344,22.790000915527344,3309300
17-03-2026,22.600000381469727,24.65999984741211,22.600000381469727,23.729999542236328,3403700
18-03-2026,23.34000015258789,23.76000022888184,23.07999992370605,23.200000762939453,2010500
19-03-2026,23.200000762939453,23.700000762939453,22.6299991607666,22.959999084472656,1874200
20-03-2026,23.18000030517578,23.530000686645508,22.559999465942383,22.729999542236328,3754900
23-03-2026,22.959999084472656,23.40999984741211,22.739999771118164,23.18000030517578,3504400
24-03-2026,23.059999465942383,23.059999465942383,21.61000061035156,22.690000534057617,3202500
25-03-2026,22.690000534057617,24.31999969482422,22.450000762939453,24.309999465942383,3279000
26-03-2026,24.100000381469727,24.520000457763672,23.39999961853028,23.850000381469727,2781700
27-03-2026,23.809999465942383,24.0,22.530000686645508,22.90999984741211,3390800
30-03-2026,22.90999984741211,23.39999961853028,22.59000015258789,22.82999992370605,2552600
31-03-2026,22.979999542236328,23.729999542236328,22.850000381469727,23.38999938964844,1853100
01-04-2026,23.38999938964844,24.450000762939453,23.38999938964844,23.670000076293945,2772200
02-04-2026,22.729999542236328,24.39999961853028,22.61000061035156,23.959999084472656,2977200
06-04-2026,23.940000534057617,25.170000076293945,23.729999542236328,24.90999984741211,3918200
07-04-2026,25.01000022888184,25.549999237060547,24.489999771118164,25.38999938964844,2012700
08-04-2026,26.40999984741211,26.459999084472656,25.43000030517578,26.309999465942383,3368700
09-04-2026,26.6200008392334,27.989999771118164,26.34000015258789,27.200000762939453,3888000
10-04-2026,27.200000762939453,27.450000762939453,25.81999969482422,25.940000534057617,2536900
13-04-2026,25.950000762939453,26.56999969482422,25.5,26.549999237060547,2423900
14-04-2026,26.57999992370605,27.020000457763672,26.190000534057617,26.559999465942383,2410700
15-04-2026,26.559999465942383,26.64999961853028,26.21999931335449,26.61000061035156,2049500
16-04-2026,26.51000022888184,27.01000022888184,26.13999938964844,26.88999938964844,2619500
17-04-2026,27.0,27.8700008392334,26.76000022888184,27.0,3549600
20-04-2026,26.809999465942383,27.8700008392334,26.809999465942383,27.84000015258789,3457700
21-04-2026,28.049999237060547,28.270000457763672,27.3799991607666,27.440000534057617,1709700
22-04-2026,27.64999961853028,28.170000076293945,27.489999771118164,28.01000022888184,2522400
23-04-2026,27.88999938964844,28.030000686645508,26.979999542236328,27.34000015258789,1982500
24-04-2026,26.729999542236328,27.71999931335449,25.8700008392334,27.3799991607666,2961600
27-04-2026,27.3700008392334,28.46999931335449,27.26000022888184,28.14999961853028,2277900
28-04-2026,28.420000076293945,28.489999771118164,27.489999771118164,27.57999992370605,2613000
29-04-2026,27.57999992370605,28.56999969482422,27.049999237060547,28.26000022888184,3989000
30-04-2026,27.1299991607666,27.709999084472656,21.600000381469727,25.89999961853028,10933500
01-05-2026,25.790000915527344,27.959999084472656,25.71999931335449,27.850000381469727,5246900
04-05-2026,29.3799991607666,30.200000762939453,27.57999992370605,27.690000534057617,4181900
05-05-2026,27.5,27.89999961853028,25.25,25.270000457763672,3322900
06-05-2026,25.270000457763672,26.06999969482422,25.229999542236328,25.299999237060547,2610700
07-05-2026,25.1200008392334,25.3700008392334,24.34000015258789,24.459999084472656,2268200
08-05-2026,24.61000061035156,25.479999542236328,24.61000061035156,25.18000030517578,1811700
11-05-2026,25.13999938964844,25.690000534057617,24.950000762939453,25.01000022888184,1706700
12-05-2026,25.06999969482422,26.450000762939453,24.450000762939453,26.020000457763672,2976200
13-05-2026,26.030000686645508,27.75,26.0,27.14999961853028,3269800
14-05-2026,27.200000762939453,27.56999969482422,26.739999771118164,26.799999237060547,2234200
15-05-2026,26.459999084472656,26.530000686645508,25.61000061035156,25.809999465942383,1222200
18-05-2026,25.809999465942383,26.049999237060547,25.270000457763672,25.309999465942383,1909700
19-05-2026,24.96999931335449,25.39999961853028,23.940000534057617,24.920000076293945,2934600
20-05-2026,24.920000076293945,25.190000534057617,23.979999542236328,24.06999969482422,1539500
21-05-2026,23.850000381469727,24.049999237060547,22.43000030517578,23.020000457763672,4621300
22-05-2026,23.06999969482422,23.600000381469727,22.780000686645508,23.18000030517578,2551800
26-05-2026,23.06999969482422,23.709999084472656,22.540000915527344,23.489999771118164,2621800
27-05-2026,23.549999237060547,24.229999542236328,23.549999237060547,24.09000015258789,1444800
28-05-2026,24.030000686645508,24.21999931335449,23.549999237060547,23.76000022888184,1718100
29-05-2026,23.440000534057617,23.850000381469727,23.06999969482422,23.200000762939453,2762900
01-06-2026,22.96999931335449,23.950000762939453,22.65999984741211,23.309999465942383,2066000
02-06-2026,23.56999969482422,24.84000015258789,23.450000762939453,24.420000076293945,2319000
03-06-2026,25.51000022888184,26.170000076293945,25.290000915527344,25.729999542236328,3127600
04-06-2026,25.8799991607666,26.84000015258789,25.07999992370605,25.209999084472656,3924800
05-06-2026,25.350000381469727,25.6299991607666,24.32999992370605,24.479999542236328,2509900
08-06-2026,24.479999542236328,25.540000915527344,24.290000915527344,25.31999969482422,1380100
09-06-2026,25.36000061035156,25.68000030517578,25.15999984741211,25.5,2726000
10-06-2026,25.530000686645508,26.1299991607666,23.780000686645508,23.90999984741211,1806200
11-06-2026,24.07999992370605,25.09000015258789,23.88999938964844,24.88999938964844,2611200
12-06-2026,24.979999542236328,25.190000534057617,24.549999237060547,24.600000381469727,1898400
15-06-2026,24.790000915527344,25.01000022888184,24.209999084472656,24.989999771118164,2473500
16-06-2026,25.059999465942383,25.5,24.770000457763672,24.989999771118164,2384300
17-06-2026,24.88999938964844,24.88999938964844,23.43000030517578,23.5,3213600
18-06-2026,23.8799991607666,24.920000076293945,23.790000915527344,24.8700008392334,3076600
22-06-2026,25.040000915527344,25.420000076293945,24.739999771118164,25.209999084472656,2493000
23-06-2026,25.020000457763672,25.299999237060547,23.670000076293945,24.540000915527344,2981700
24-06-2026,24.6299991607666,25.01000022888184,24.030000686645508,24.959999084472656,2885300
25-06-2026,25.3700008392334,26.350000381469727,25.100000381469727,26.239999771118164,3693800
26-06-2026,26.030000686645508,27.64999961853028,25.93000030517578,27.420000076293945,15689000
29-06-2026,27.18000030517578,27.729999542236328,26.40999984741211,27.690000534057617,2456100
30-06-2026,27.709999084472656,29.71999931335449,27.61000061035156,29.530000686645508,3521500
01-07-2026,29.530000686645508,31.350000381469727,28.82999992370605,31.25,3496500
02-07-2026,31.5,32.81999969482422,31.350000381469727,31.90999984741211,4463300
06-07-2026,31.90999984741211,32.36000061035156,31.06999969482422,31.09000015258789,2540500
07-07-2026,31.18000030517578,32.099998474121094,31.09000015258789,31.920000076293945,2793800
08-07-2026,31.57999992370605,31.90999984741211,30.32999992370605,30.739999771118164,2009500
09-07-2026,31.200000762939453,32.560001373291016,31.040000915527344,31.39999961853028,2999400
10-07-2026,31.780000686645508,31.989999771118164,30.729999542236328,31.280000686645508,2966600
13-07-2026,30.950000762939453,31.850000381469727,30.25,30.559999465942383,2546800
14-07-2026,31.459999084472656,31.709999084472656,29.68000030517578,31.600000381469727,3727800
15-07-2026,31.76000022888184,33.5,31.0,32.27000045776367,3293200
16-07-2026,32.93000030517578,34.02000045776367,32.27000045776367,33.61000061035156,4237900
17-07-2026,33.11000061035156,34.7400016784668,32.709999084472656,34.5,2754800
20-07-2026,34.720001220703125,34.900001525878906,33.86000061035156,34.43000030517578,1615200
21-07-2026,34.43000030517578,35.650001525878906,34.2400016784668,35.61000061035156,2770700
22-07-2026,35.689998626708984,35.83000183105469,34.63999938964844,34.779998779296875,1412700
23-07-2026,34.720001220703125,34.91999816894531,33.869998931884766,34.0099983215332,1987700
24-07-2026,34.560001373291016,35.290000915527344,34.29999923706055,34.5099983215332,2300700
27-07-2026,34.25,34.25,32.06999969482422,32.5,4982800
28-07-2026,32.52000045776367,33.369998931884766,31.809999465942383,32.689998626708984,4345000
29-07-2026,32.91999816894531,33.0,27.07999992370605,27.350000381469727,7927800
30-07-2026,27.56999969482422,29.15999984741211,26.6200008392334,28.13999938964844,3433000
31-07-2026,28.489999771118164,29.68000030517578,28.200000762939453,29.6200008392334,2182100
03-08-2026,29.5,31.200000762939453,29.5,30.59000015258789,3425200
04-08-2026,30.82999992370605,31.75,30.34000015258789,31.670000076293945,1908200
05-08-2026,31.8700008392334,32.95000076293945,31.440000534057617,32.2400016784668,2621300
06-08-2026,32.16999816894531,32.16999816894531,30.39999961853028,30.71999931335449,1601100
07-08-2026,30.280000686645508,31.6299991607666,30.280000686645508,31.530000686645508,1246200
10-08-2026,31.670000076293945,32.2400016784668,31.26000022888184,31.780000686645508,1278700
11-08-2026,31.690000534057617,32.349998474121094,30.920000076293945,31.100000381469727,1240800
12-08-2026,30.940000534057617,32.150001525878906,30.71999931335449,31.700000762939453,1438200
13-08-2026,31.549999237060547,31.950000762939453,30.100000381469727,30.239999771118164,1160600
14-08-2026,30.100000381469727,31.13999938964844,29.809999465942383,30.82999992370605,1103500
17-08-2026,30.459999084472656,30.809999465942383,29.65999984741211,30.0,1467500
18-08-2026,29.68000030517578,30.229999542236328,27.43000030517578,27.459999084472656,3919400
19-08-2026,27.770000457763672,29.25,27.11000061035156,27.36000061035156,2244200
20-08-2026,27.0,27.81999969482422,26.729999542236328,26.96999931335449,1251900
21-08-2026,27.170000076293945,27.84000015258789,26.6200008392334,27.81999969482422,1112200
24-08-2026,27.89999961853028,28.950000762939453,27.75,28.71999931335449,1438700
25-08-2026,28.8799991607666,29.920000076293945,28.57999992370605,29.8700008392334,1911000
26-08-2026,30.14999961853028,32.869998931884766,30.01000022888184,30.57999992370605,2029000
27-08-2026,30.13999938964844,30.549999237060547,29.38999938964844,30.21999931335449,1322900
28-08-2026,30.14999961853028,30.350000381469727,28.3799991607666,28.549999237060547,1225800
31-08-2026,28.270000457763672,28.549999237060547,27.489999771118164,27.559999465942383,2076100
01-09-2026,27.790000915527344,28.71999931335449,27.64999961853028,28.25,1451000
02-09-2026,28.190000534057617,28.59000015258789,27.5,27.75,1138400
03-09-2026,27.729999542236328,28.38999938964844,27.34000015258789,28.3799991607666,1150100
04-09-2026,28.239999771118164,28.770000457763672,27.809999465942383,28.1299991607666,835000
08-09-2026,27.709999084472656,28.450000762939453,27.450000762939453,27.5,1316300
09-09-2026,27.420000076293945,28.75,26.850000381469727,28.190000534057617,1716900
10-09-2026,27.86000061035156,29.799999237060547,27.81999969482422,28.530000686645508,1088000
11-09-2026,28.959999084472656,29.26000022888184,28.229999542236328,28.36000061035156,653200
14-09-2026,28.14999961853028,29.39999961853028,27.979999542236328,28.0,1081800
15-09-2026,27.940000534057617,28.030000686645508,26.96999931335449,27.3799991607666,1186400
16-09-2026,27.479999542236328,28.3799991607666,27.07999992370605,28.15999984741211,1232300
17-09-2026,28.63,29.08,28.16,28.81,1546000
18-09-2026,28.8,29.27,27.75,28.33,2683300
21-09-2026,28.33,29.14,28.31,28.37,1492800
22-09-2026,28.63,29.69,28.55,29.37,2061200
23-09-2026,29.41,29.78,28.09,28.51,2464900
24-09-2026,28.52,28.65,27.31,27.8,2178700
25-09-2026,27.85,28.38,27.43,28.09,1150300
28-09-2026,27.32,28.05,27.0,27.91,1120900
29-09-2026,27.96,28.25,27.4,28.04,920800
30-09-2026,28.18,28.18,27.2,27.5,1365700
01-10-2026,27.4,27.74,26.72,26.93,1179500
02-10-2026,27.27,28.32,26.76,28.06,1444100
05-10-2026,28.32,28.92,27.83,28.87,2431100
06-10-2026,28.84,29.26,28.43,29.04,1417700
07-10-2026,28.84,29.66,28.66,29.23,1652200
08-10-2026,28.86,29.06,28.39,28.48,1301400
09-10-2026,28.31,29.45,28.31,29.25,1383700
