Date,Open,High,Low,Close,Volume
30-09-2021,47.13999938964844,48.54999923706055,47.0,47.02999877929688,220000
01-10-2021,47.34000015258789,48.08000183105469,46.27999877929688,47.810001373291016,192500
04-10-2021,47.34000015258789,47.380001068115234,45.33000183105469,45.52000045776367,238400
05-10-2021,45.83000183105469,47.130001068115234,45.83000183105469,45.95000076293945,156700
06-10-2021,45.70000076293945,46.52999877929688,45.13999938964844,45.880001068115234,160800
07-10-2021,46.63999938964844,47.93999862670898,46.470001220703125,47.459999084472656,262100
08-10-2021,47.619998931884766,47.91999816894531,46.86000061035156,47.18000030517578,162400
11-10-2021,47.08000183105469,49.220001220703125,46.84999847412109,48.560001373291016,420900
12-10-2021,49.150001525878906,49.83000183105469,47.29999923706055,47.65999984741211,345400
13-10-2021,47.790000915527344,48.65999984741211,46.90999984741211,47.18999862670898,218000
14-10-2021,48.52999877929688,48.59000015258789,47.880001068115234,48.45000076293945,163800
15-10-2021,49.2400016784668,50.25,48.18999862670898,49.369998931884766,607000
18-10-2021,49.27999877929688,49.70000076293945,47.5,49.63999938964844,311500
19-10-2021,49.75,51.720001220703125,49.5099983215332,51.209999084472656,347300
20-10-2021,51.52000045776367,51.650001525878906,49.70000076293945,49.970001220703125,284000
21-10-2021,50.0,50.16999816894531,48.470001220703125,49.45000076293945,179300
22-10-2021,49.75,50.400001525878906,49.0,49.290000915527344,168800
25-10-2021,49.310001373291016,50.130001068115234,48.97999954223633,49.31999969482422,186500
26-10-2021,50.040000915527344,52.47999954223633,49.540000915527344,50.86000061035156,636300
27-10-2021,50.5,51.58000183105469,50.08000183105469,50.16999816894531,230700
28-10-2021,50.95000076293945,54.20000076293945,50.95000076293945,53.9900016784668,595200
29-10-2021,54.560001373291016,55.0099983215332,53.09999847412109,54.93000030517578,402300
01-11-2021,55.5,57.0,55.380001068115234,56.70000076293945,487800
02-11-2021,57.0,57.290000915527344,55.93000030517578,57.02999877929688,330300
03-11-2021,57.09999847412109,59.560001373291016,55.900001525878906,59.040000915527344,551300
04-11-2021,58.900001525878906,59.58000183105469,53.68999862670898,57.90999984741211,791300
05-11-2021,58.79999923706055,62.0,58.79999923706055,61.060001373291016,485000
08-11-2021,63.04999923706055,63.04999923706055,61.29999923706055,61.84999847412109,382000
09-11-2021,61.77999877929688,62.63999938964844,61.20000076293945,62.13999938964844,383300
10-11-2021,60.84000015258789,63.22999954223633,60.04999923706055,60.43000030517578,612300
11-11-2021,61.27999877929688,62.18999862670898,60.66999816894531,61.130001068115234,300200
12-11-2021,62.0,62.34999847412109,61.310001373291016,61.40999984741211,324300
15-11-2021,62.130001068115234,62.72999954223633,61.04999923706055,61.810001373291016,357400
16-11-2021,61.650001525878906,64.16999816894531,60.88999938964844,64.16000366210938,511400
17-11-2021,64.18000030517578,65.16000366210938,62.34000015258789,63.02000045776367,367200
18-11-2021,64.7699966430664,64.7699966430664,61.7599983215332,62.95000076293945,315100
19-11-2021,62.66999816894531,63.9900016784668,62.150001525878906,62.560001373291016,303000
22-11-2021,64.05999755859375,64.98999786376953,62.7400016784668,63.58000183105469,490800
23-11-2021,63.150001525878906,64.6500015258789,61.400001525878906,63.83000183105469,477400
24-11-2021,63.15999984741211,64.87999725341797,62.40999984741211,64.72000122070312,246500
26-11-2021,62.79999923706055,63.7400016784668,61.16999816894531,62.83000183105469,240400
29-11-2021,64.08000183105469,64.52999877929688,61.45000076293945,62.209999084472656,519500
30-11-2021,61.52999877929688,62.86000061035156,59.619998931884766,61.81999969482422,983400
01-12-2021,63.52000045776367,67.19000244140625,63.11000061035156,63.47999954223633,682200
02-12-2021,63.790000915527344,64.98999786376953,61.810001373291016,63.9900016784668,332400
03-12-2021,64.37999725341797,65.0,61.29999923706055,61.959999084472656,339100
06-12-2021,62.97999954223633,64.05000305175781,60.119998931884766,63.45000076293945,318800
07-12-2021,64.69999694824219,68.97000122070312,64.68000030517578,68.7300033569336,713900
08-12-2021,69.18000030517578,69.79000091552734,67.45999908447266,68.91000366210938,467300
09-12-2021,68.7699966430664,69.31999969482422,65.6500015258789,65.8499984741211,326300
10-12-2021,68.86000061035156,68.86000061035156,64.86000061035156,66.0,448600
13-12-2021,66.18000030517578,66.31999969482422,63.11000061035156,63.40999984741211,422200
14-12-2021,62.68000030517578,63.75,61.5,63.470001220703125,363600
15-12-2021,63.709999084472656,67.33999633789062,62.209999084472656,67.25,474300
16-12-2021,67.9000015258789,67.9000015258789,61.58000183105469,61.93999862670898,462400
17-12-2021,61.459999084472656,63.61000061035156,61.0,63.209999084472656,916900
20-12-2021,61.83000183105469,63.08000183105469,60.95000076293945,62.81999969482422,413200
21-12-2021,64.73999786376953,65.55000305175781,63.13999938964844,65.29000091552734,296300
22-12-2021,64.95999908447266,67.0,64.5,66.7699966430664,184100
23-12-2021,67.86000061035156,68.37999725341797,66.75,68.08000183105469,275900
27-12-2021,68.80000305175781,73.13999938964844,68.66999816894531,72.83999633789062,387500
28-12-2021,72.83999633789062,73.30000305175781,70.4000015258789,71.41999816894531,308700
29-12-2021,71.27999877929688,73.5,71.0999984741211,73.36000061035156,283000
30-12-2021,73.4000015258789,74.5,71.63999938964844,73.11000061035156,725800
31-12-2021,73.26000213623047,75.4000015258789,73.2300033569336,74.55999755859375,449100
03-01-2022,75.37000274658203,77.16999816894531,74.91999816894531,76.7699966430664,652900
04-01-2022,76.9000015258789,77.5999984741211,72.76000213623047,74.9800033569336,789100
05-01-2022,74.9000015258789,75.04000091552734,70.02999877929688,70.19000244140625,461500
06-01-2022,70.30000305175781,73.33000183105469,68.79000091552734,72.16999816894531,454700
07-01-2022,72.19999694824219,72.91000366210938,67.44999694824219,68.66999816894531,402600
10-01-2022,68.02999877929688,68.36000061035156,63.900001525878906,67.12999725341797,584600
11-01-2022,67.1500015258789,68.9000015258789,65.66999816894531,68.54000091552734,338700
12-01-2022,69.47000122070312,71.02999877929688,68.41999816894531,70.20999908447266,352300
13-01-2022,72.0,73.0,67.11000061035156,67.4000015258789,431200
14-01-2022,66.2300033569336,71.48999786376953,65.80000305175781,71.38999938964844,296300
18-01-2022,69.94000244140625,70.62999725341797,65.62999725341797,65.88999938964844,425400
19-01-2022,66.77999877929688,67.83000183105469,62.54999923706055,62.84000015258789,477700
20-01-2022,63.90999984741211,65.29000091552734,60.7599983215332,60.93999862670898,315000
21-01-2022,60.11000061035156,63.31999969482422,59.29999923706055,59.9900016784668,474500
24-01-2022,58.869998931884766,61.880001068115234,55.84999847412109,61.720001220703125,632200
25-01-2022,59.619998931884766,61.11000061035156,58.0099983215332,59.40999984741211,342300
26-01-2022,62.540000915527344,64.55999755859375,60.25,61.63999938964844,465200
27-01-2022,62.2599983215332,62.2599983215332,56.400001525878906,57.29999923706055,467000
28-01-2022,56.22999954223633,59.119998931884766,54.20000076293945,59.09000015258789,517700
31-01-2022,59.5,62.650001525878906,58.63999938964844,62.61000061035156,479900
01-02-2022,63.119998931884766,63.81999969482422,60.86000061035156,63.27000045776367,278800
02-02-2022,64.13999938964844,65.19000244140625,62.220001220703125,63.58000183105469,301300
03-02-2022,61.88999938964844,63.2400016784668,60.7400016784668,61.13999938964844,319000
04-02-2022,61.34999847412109,63.75,60.33000183105469,62.88999938964844,291500
07-02-2022,63.27999877929688,64.9000015258789,62.88999938964844,63.2400016784668,467500
08-02-2022,65.5,68.58999633789062,63.52000045776367,67.27999877929688,1089700
09-02-2022,68.58999633789062,71.7699966430664,67.88999938964844,71.68000030517578,710000
10-02-2022,70.0,75.0,68.87999725341797,71.25,952900
11-02-2022,71.30000305175781,71.95999908447266,64.05000305175781,64.75,709300
14-02-2022,64.9800033569336,67.75,64.88999938964844,65.98999786376953,447700
15-02-2022,67.5999984741211,70.81999969482422,67.5999984741211,70.4000015258789,412900
16-02-2022,70.44999694824219,72.05000305175781,68.55999755859375,71.4800033569336,398900
17-02-2022,70.16000366210938,70.9800033569336,68.33000183105469,68.79000091552734,279600
18-02-2022,69.0,69.47000122070312,66.7300033569336,67.55000305175781,278900
22-02-2022,66.12999725341797,68.2699966430664,64.38999938964844,65.41000366210938,346600
23-02-2022,67.13999938964844,68.26000213623047,63.59999847412109,63.84000015258789,363800
24-02-2022,60.0,67.87000274658203,59.02000045776367,67.75,503400
25-02-2022,67.7699966430664,69.47000122070312,66.41000366210938,69.44000244140625,324500
28-02-2022,69.16999816894531,71.69000244140625,67.69999694824219,69.22000122070312,500600
01-03-2022,70.5199966430664,71.1500015258789,65.87999725341797,66.70999908447266,514400
02-03-2022,67.75,71.75,67.41999816894531,71.58999633789062,541100
03-03-2022,72.33000183105469,72.83000183105469,68.44000244140625,69.13999938964844,449700
04-03-2022,67.75,68.58999633789062,60.310001373291016,61.630001068115234,858700
07-03-2022,61.65999984741211,63.040000915527344,58.58000183105469,58.84000015258789,546800
08-03-2022,59.16999816894531,64.68000030517578,58.84000015258789,62.11000061035156,611100
09-03-2022,64.55000305175781,66.70999908447266,64.45999908447266,65.7300033569336,552400
10-03-2022,64.0,65.13999938964844,63.0099983215332,64.87000274658203,255500
11-03-2022,66.0,67.41000366210938,63.36000061035156,63.380001068115234,275400
14-03-2022,63.380001068115234,63.459999084472656,59.0099983215332,59.16999816894531,527900
15-03-2022,59.63999938964844,64.56999969482422,59.54999923706055,64.43000030517578,529200
16-03-2022,65.68000030517578,71.9800033569336,65.68000030517578,71.80999755859375,724100
17-03-2022,70.87999725341797,75.7300033569336,70.02999877929688,75.36000061035156,652900
18-03-2022,74.73999786376953,81.30999755859375,74.54000091552734,80.52999877929688,1319900
21-03-2022,80.52999877929688,80.83999633789062,76.69999694824219,78.52999877929688,700200
22-03-2022,79.18000030517578,82.70999908447266,78.9000015258789,81.30000305175781,480800
23-03-2022,80.52999877929688,82.88999938964844,78.37999725341797,78.55999755859375,540200
24-03-2022,79.72000122070312,83.73999786376953,79.12000274658203,82.52999877929688,534100
25-03-2022,82.52999877929688,82.54000091552734,76.62000274658203,78.51000213623047,674800
28-03-2022,78.76000213623047,79.8499984741211,75.8499984741211,78.56999969482422,588400
29-03-2022,80.91000366210938,81.70999908447266,78.88999938964844,81.1500015258789,523500
30-03-2022,81.08999633789062,81.0999984741211,77.3499984741211,77.44999694824219,495200
31-03-2022,77.88999938964844,78.9800033569336,75.37999725341797,75.52999877929688,436500
01-04-2022,76.0,77.19999694824219,70.4800033569336,71.55000305175781,991000
04-04-2022,72.16999816894531,73.69999694824219,71.41000366210938,72.30000305175781,351900
05-04-2022,72.19999694824219,72.54000091552734,64.88999938964844,65.58999633789062,758800
06-04-2022,63.790000915527344,64.83999633789062,61.310001373291016,61.79999923706055,626700
07-04-2022,61.9900016784668,63.91999816894531,60.5,61.7599983215332,754000
08-04-2022,61.380001068115234,61.5,58.90999984741211,59.09999847412109,761500
11-04-2022,57.93999862670898,58.70000076293945,56.63999938964844,56.7599983215332,538700
12-04-2022,58.560001373291016,60.29999923706055,56.66999816894531,57.04999923706055,779600
13-04-2022,57.47999954223633,59.5,57.25,58.369998931884766,432900
14-04-2022,58.5,59.150001525878906,56.36000061035156,56.43000030517578,343400
18-04-2022,56.060001373291016,57.40999984741211,55.33000183105469,56.5,456500
19-04-2022,56.41999816894531,58.61000061035156,55.7599983215332,58.18000030517578,425200
20-04-2022,59.5,60.5,57.709999084472656,57.93000030517578,380300
21-04-2022,60.400001525878906,60.54999923706055,55.869998931884766,56.45000076293945,453800
22-04-2022,56.27000045776367,57.34999847412109,54.7599983215332,54.83000183105469,293900
25-04-2022,54.09999847412109,56.79999923706055,54.0,56.4900016784668,423000
26-04-2022,55.86000061035156,56.0,53.79999923706055,53.93000030517578,351200
27-04-2022,53.18999862670898,55.5,53.06999969482422,53.58000183105469,308600
28-04-2022,55.08000183105469,57.310001373291016,53.790000915527344,56.709999084472656,323800
29-04-2022,55.34000015258789,57.45000076293945,54.22999954223633,54.45000076293945,268800
02-05-2022,54.09999847412109,56.040000915527344,53.43999862670898,56.0099983215332,409300
03-05-2022,55.66999816894531,57.5,54.84999847412109,56.9900016784668,277000
04-05-2022,57.79999923706055,60.77000045776367,55.65999984741211,60.70000076293945,459800
05-05-2022,59.290000915527344,60.9900016784668,56.2400016784668,57.13999938964844,1041800
06-05-2022,56.959999084472656,59.72999954223633,55.36000061035156,58.20000076293945,577000
09-05-2022,56.08000183105469,57.34999847412109,53.5,54.540000915527344,487900
10-05-2022,56.59999847412109,57.08000183105469,53.40999984741211,55.459999084472656,412800
11-05-2022,55.310001373291016,57.31999969482422,52.790000915527344,53.08000183105469,626500
12-05-2022,52.61000061035156,55.459999084472656,51.79999923706055,54.27999877929688,367800
13-05-2022,56.04999923706055,59.43999862670898,55.34999847412109,58.650001525878906,403900
16-05-2022,57.720001220703125,58.61000061035156,56.22999954223633,56.380001068115234,313000
17-05-2022,58.68999862670898,60.959999084472656,58.66999816894531,60.560001373291016,294700
18-05-2022,58.650001525878906,60.75,56.2599983215332,57.02000045776367,372500
19-05-2022,56.4900016784668,58.84999847412109,56.310001373291016,57.27000045776367,251700
20-05-2022,58.540000915527344,59.2599983215332,54.33000183105469,56.25,464400
23-05-2022,56.5,58.150001525878906,56.0099983215332,57.04999923706055,239400
24-05-2022,55.540000915527344,56.560001373291016,53.43000030517578,54.15999984741211,239600
25-05-2022,53.970001220703125,56.650001525878906,53.900001525878906,56.11000061035156,244200
26-05-2022,55.4900016784668,60.79999923706055,55.18999862670898,59.959999084472656,337900
27-05-2022,60.77000045776367,62.959999084472656,60.54999923706055,62.38999938964844,351100
31-05-2022,62.27000045776367,62.70000076293945,61.150001525878906,62.060001373291016,429700
01-06-2022,62.77999877929688,63.36000061035156,60.16999816894531,61.220001220703125,256200
02-06-2022,60.869998931884766,64.37000274658203,60.869998931884766,64.22000122070312,352500
03-06-2022,62.79999923706055,63.2599983215332,61.43999862670898,61.9900016784668,294200
06-06-2022,63.13999938964844,64.19999694824219,62.34000015258789,62.93000030517578,251500
07-06-2022,61.65999984741211,63.97999954223633,60.77000045776367,63.63999938964844,311800
08-06-2022,63.29999923706055,64.8499984741211,62.36000061035156,63.40999984741211,330900
09-06-2022,62.66999816894531,62.900001525878906,60.369998931884766,60.45000076293945,387800
10-06-2022,58.95000076293945,60.52000045776367,57.04999923706055,57.84000015258789,257300
13-06-2022,54.93999862670898,56.36000061035156,53.220001220703125,54.220001220703125,291900
14-06-2022,54.81999969482422,56.2400016784668,53.880001068115234,55.58000183105469,277700
15-06-2022,55.709999084472656,57.400001525878906,54.66999816894531,56.0099983215332,315000
16-06-2022,53.91999816894531,54.34999847412109,50.68999862670898,51.630001068115234,309400
17-06-2022,52.310001373291016,53.119998931884766,51.5,52.0099983215332,418600
21-06-2022,53.56999969482422,55.220001220703125,53.13999938964844,53.84000015258789,257600
22-06-2022,52.33000183105469,54.09999847412109,52.25,53.27000045776367,186800
23-06-2022,53.58000183105469,54.13999938964844,52.40999984741211,53.7400016784668,338400
24-06-2022,54.52999877929688,58.2400016784668,54.18999862670898,58.20000076293945,709400
27-06-2022,59.22999954223633,59.38999938964844,56.61000061035156,58.31999969482422,385500
28-06-2022,58.70000076293945,59.09999847412109,56.36000061035156,56.56999969482422,251800
29-06-2022,56.18000030517578,56.18000030517578,53.81999969482422,54.77000045776367,211700
30-06-2022,53.720001220703125,56.150001525878906,53.060001373291016,54.84000015258789,385100
01-07-2022,53.59999847412109,54.06999969482422,47.66999816894531,47.95000076293945,948700
05-07-2022,46.540000915527344,49.36000061035156,46.40999984741211,49.04999923706055,538200
06-07-2022,48.970001220703125,49.59000015258789,47.790000915527344,48.220001220703125,236800
07-07-2022,49.36000061035156,52.20000076293945,49.36000061035156,51.20000076293945,274300
08-07-2022,50.560001373291016,52.79999923706055,50.08000183105469,52.27000045776367,227600
11-07-2022,51.25,51.91999816894531,50.4900016784668,51.09999847412109,157800
12-07-2022,52.34999847412109,53.33000183105469,51.22999954223633,52.70000076293945,253100
13-07-2022,51.04999923706055,54.27000045776367,51.04999923706055,53.81999969482422,279300
14-07-2022,53.83000183105469,54.810001373291016,52.45000076293945,54.59999847412109,253900
15-07-2022,55.68999862670898,56.40999984741211,54.2400016784668,56.20000076293945,193300
18-07-2022,58.04999923706055,58.04999923706055,55.70000076293945,56.15999984741211,260400
19-07-2022,57.68999862670898,61.61000061035156,57.11000061035156,60.84000015258789,411200
20-07-2022,60.79999923706055,65.20999908447266,60.79999923706055,64.73999786376953,613300
21-07-2022,65.3499984741211,67.05999755859375,64.30999755859375,66.55000305175781,555300
22-07-2022,66.37999725341797,66.4000015258789,62.560001373291016,63.650001525878906,490700
25-07-2022,63.560001373291016,63.9900016784668,62.04999923706055,63.97999954223633,275900
26-07-2022,63.5,64.9000015258789,63.08000183105469,63.34999847412109,237900
27-07-2022,64.43000030517578,68.0,64.4000015258789,67.0199966430664,382500
28-07-2022,67.12000274658203,68.62999725341797,65.62000274658203,68.45999908447266,251500
29-07-2022,68.0999984741211,70.4800033569336,67.75,70.33000183105469,585700
01-08-2022,70.16000366210938,72.05999755859375,69.23999786376953,70.19000244140625,319500
02-08-2022,69.0,70.9000015258789,68.5199966430664,70.04000091552734,289400
03-08-2022,70.33999633789062,73.16000366210938,69.91999816894531,72.69999694824219,438200
04-08-2022,75.30000305175781,79.2300033569336,74.55000305175781,78.56999969482422,1021700
05-08-2022,77.12000274658203,79.83000183105469,76.41999816894531,78.18000030517578,483400
08-08-2022,77.41999816894531,78.11000061035156,73.26000213623047,75.5,494200
09-08-2022,73.29000091552734,73.37999725341797,66.69999694824219,68.3499984741211,852700
10-08-2022,70.69999694824219,71.23999786376953,68.54000091552734,70.7300033569336,553000
11-08-2022,71.30999755859375,73.37999725341797,70.38999938964844,70.6500015258789,476100
12-08-2022,71.66000366210938,77.08000183105469,71.44000244140625,76.87000274658203,747200
15-08-2022,76.88999938964844,77.69000244140625,74.01000213623047,76.3499984741211,700600
16-08-2022,74.88999938964844,75.5999984741211,71.45999908447266,71.69000244140625,601700
17-08-2022,70.4000015258789,70.56999969482422,67.45999908447266,69.37999725341797,505300
18-08-2022,70.83000183105469,75.62000274658203,69.6500015258789,75.19000244140625,651900
19-08-2022,73.45999908447266,74.33000183105469,72.26000213623047,74.22000122070312,438800
22-08-2022,72.30000305175781,73.72000122070312,70.29000091552734,70.68000030517578,399200
23-08-2022,70.80999755859375,73.0,70.79000091552734,72.22000122070312,341300
24-08-2022,72.4000015258789,73.69000244140625,70.83999633789062,72.38999938964844,430200
25-08-2022,72.75,82.58999633789062,72.75,81.7300033569336,1925100
26-08-2022,83.01000213623047,83.38999938964844,71.62999725341797,72.29000091552734,1640400
29-08-2022,70.55999755859375,72.25,69.01000213623047,70.26000213623047,790400
30-08-2022,71.0,71.62999725341797,65.68000030517578,67.3499984741211,883800
31-08-2022,67.58000183105469,67.58000183105469,64.68000030517578,66.94000244140625,481500
01-09-2022,64.69999694824219,64.87000274658203,61.400001525878906,63.54999923706055,741900
02-09-2022,64.31999969482422,65.69000244140625,62.709999084472656,63.38999938964844,364400
06-09-2022,63.79999923706055,64.45999908447266,61.900001525878906,62.15999984741211,426100
07-09-2022,62.150001525878906,63.06999969482422,61.43000030517578,62.54999923706055,282400
08-09-2022,61.2599983215332,64.19000244140625,60.70000076293945,64.19000244140625,383600
09-09-2022,65.0,66.12999725341797,64.72000122070312,65.61000061035156,354100
12-09-2022,66.19000244140625,66.52999877929688,64.41000366210938,66.31999969482422,343000
13-09-2022,62.790000915527344,64.2300033569336,62.11000061035156,62.91999816894531,327600
14-09-2022,63.25,64.12999725341797,61.83000183105469,63.150001525878906,209800
15-09-2022,62.34999847412109,63.290000915527344,60.7400016784668,61.7400016784668,230800
16-09-2022,60.25,61.41999816894531,59.09000015258789,61.25,489500
19-09-2022,60.11000061035156,62.18000030517578,59.40999984741211,61.400001525878906,248600
20-09-2022,60.27999877929688,61.77999877929688,59.9900016784668,61.34000015258789,221500
21-09-2022,61.43000030517578,63.59000015258789,60.93999862670898,61.09999847412109,237300
22-09-2022,60.68999862670898,61.0,57.880001068115234,58.470001220703125,301500
23-09-2022,57.5,58.0099983215332,56.290000915527344,57.34000015258789,356200
26-09-2022,57.20000076293945,59.220001220703125,57.20000076293945,57.56999969482422,343500
27-09-2022,59.650001525878906,60.650001525878906,58.11000061035156,59.66999816894531,334900
28-09-2022,59.33000183105469,62.9900016784668,58.88999938964844,62.58000183105469,397800
29-09-2022,61.95000076293945,62.70000076293945,60.31999969482422,62.619998931884766,314400
30-09-2022,60.619998931884766,62.650001525878906,59.040000915527344,60.560001373291016,627700
03-10-2022,61.630001068115234,64.37999725341797,61.27999877929688,63.25,277500
04-10-2022,66.13999938964844,67.5,65.0,66.94999694824219,343700
05-10-2022,65.5,67.83000183105469,65.0999984741211,67.22000122070312,607500
06-10-2022,67.12999725341797,68.83000183105469,66.2300033569336,66.4800033569336,262900
07-10-2022,64.04000091552734,64.54000091552734,61.18000030517578,61.459999084472656,381200
10-10-2022,61.709999084472656,61.709999084472656,56.93999862670898,59.290000915527344,357000
11-10-2022,57.97999954223633,58.84000015258789,55.18999862670898,56.0099983215332,519500
12-10-2022,55.75,56.290000915527344,53.75,54.08000183105469,387900
13-10-2022,51.900001525878906,57.220001220703125,51.0,55.869998931884766,485700
14-10-2022,56.29999923706055,56.79999923706055,51.54999923706055,51.709999084472656,462500
17-10-2022,53.20000076293945,54.0,51.540000915527344,52.04999923706055,504900
18-10-2022,53.77000045776367,54.650001525878906,49.77999877929688,50.790000915527344,749100
19-10-2022,50.65999984741211,51.88999938964844,50.09000015258789,51.040000915527344,528600
20-10-2022,51.59000015258789,55.540000915527344,51.59000015258789,53.18000030517578,409800
21-10-2022,53.29999923706055,55.630001068115234,52.81999969482422,55.36000061035156,273500
24-10-2022,55.43999862670898,55.81999969482422,53.709999084472656,55.43000030517578,241600
25-10-2022,55.75,59.29999923706055,55.75,57.869998931884766,347500
26-10-2022,57.0,60.66999816894531,56.02000045776367,58.650001525878906,302500
27-10-2022,59.290000915527344,60.04999923706055,57.02999877929688,57.33000183105469,258800
28-10-2022,57.43999862670898,60.38999938964844,57.34000015258789,59.869998931884766,214500
31-10-2022,59.15999984741211,59.630001068115234,57.56999969482422,58.0,296100
01-11-2022,59.630001068115234,59.9900016784668,58.7400016784668,58.7599983215332,293200
02-11-2022,58.79999923706055,60.66999816894531,57.18000030517578,57.36000061035156,383500
03-11-2022,57.540000915527344,62.54999923706055,57.11000061035156,59.84000015258789,582100
04-11-2022,62.33000183105469,65.13999938964844,61.29999923706055,65.05000305175781,593800
07-11-2022,64.5,69.88999938964844,64.48999786376953,69.16999816894531,580700
08-11-2022,70.83999633789062,71.2699966430664,68.5,69.91999816894531,380100
09-11-2022,68.55000305175781,70.41999816894531,67.62000274658203,69.83000183105469,302400
10-11-2022,73.11000061035156,75.20999908447266,72.18000030517578,75.05999755859375,572900
11-11-2022,75.0,78.0,74.5999984741211,77.08999633789062,343500
14-11-2022,75.63999938964844,78.0,75.29000091552734,76.41000366210938,361400
15-11-2022,78.55000305175781,80.23999786376953,77.69999694824219,78.0999984741211,315300
16-11-2022,76.4000015258789,76.4000015258789,73.01000213623047,74.38999938964844,402700
17-11-2022,72.27999877929688,76.61000061035156,71.43000030517578,76.51000213623047,422400
18-11-2022,78.3499984741211,78.7699966430664,76.04000091552734,76.58999633789062,261100
21-11-2022,75.12999725341797,77.37999725341797,75.06999969482422,77.16000366210938,450800
22-11-2022,77.73999786376953,78.72000122070312,75.91999816894531,78.69999694824219,428300
23-11-2022,78.62000274658203,81.05999755859375,78.58999633789062,79.06999969482422,330800
25-11-2022,78.16999816894531,79.58999633789062,78.05000305175781,79.37999725341797,93600
28-11-2022,78.37000274658203,78.5199966430664,75.97000122070312,76.69000244140625,277800
29-11-2022,76.98999786376953,78.7699966430664,76.16999816894531,76.30999755859375,316200
30-11-2022,76.98999786376953,79.86000061035156,74.20999908447266,79.86000061035156,376500
01-12-2022,80.37000274658203,80.5,77.55000305175781,79.20999908447266,245800
02-12-2022,77.12000274658203,79.80000305175781,76.61000061035156,78.76000213623047,217600
05-12-2022,78.58000183105469,80.20999908447266,76.66999816894531,80.11000061035156,303200
06-12-2022,79.75,80.19999694824219,77.25,78.04000091552734,455500
07-12-2022,77.0,79.08999633789062,76.9800033569336,78.11000061035156,220900
08-12-2022,78.41999816894531,82.5,77.68000030517578,81.93000030517578,432600
09-12-2022,81.08000183105469,82.5,79.47000122070312,81.94999694824219,355400
12-12-2022,81.4000015258789,84.11000061035156,81.0199966430664,83.33999633789062,401700
13-12-2022,86.5999984741211,88.7300033569336,84.63999938964844,86.5199966430664,551100
14-12-2022,86.0,87.44000244140625,84.44000244140625,85.41000366210938,388100
15-12-2022,83.0999984741211,84.38999938964844,81.58999633789062,82.76000213623047,520800
16-12-2022,81.19999694824219,82.75,80.19999694824219,81.43000030517578,775600
19-12-2022,80.83000183105469,81.43000030517578,77.30000305175781,78.5999984741211,525000
20-12-2022,77.73999786376953,80.58000183105469,77.31999969482422,80.4800033569336,346600
21-12-2022,81.41999816894531,83.25,80.75,82.6500015258789,312700
22-12-2022,80.6500015258789,81.0,75.7300033569336,80.43000030517578,719200
23-12-2022,79.58999633789062,80.66999816894531,78.68000030517578,80.2699966430664,234100
27-12-2022,79.97000122070312,80.19000244140625,78.58999633789062,79.22000122070312,178600
28-12-2022,78.36000061035156,79.7300033569336,77.05999755859375,77.37999725341797,157100
29-12-2022,78.76000213623047,80.20999908447266,78.66999816894531,79.37000274658203,211700
30-12-2022,78.05000305175781,79.48999786376953,77.0,79.36000061035156,230100
03-01-2023,80.68000030517578,81.27999877929688,76.97000122070312,78.19999694824219,375500
04-01-2023,79.69000244140625,80.33000183105469,77.98999786376953,78.69000244140625,324900
05-01-2023,78.77999877929688,83.30999755859375,78.55999755859375,82.41999816894531,499800
06-01-2023,83.77999877929688,88.80999755859375,82.80999755859375,87.54000091552734,565900
09-01-2023,89.01000213623047,93.75,89.01000213623047,92.23999786376952,779100
10-01-2023,91.5,94.54000091552734,91.20999908447266,93.08000183105467,484700
11-01-2023,94.20999908447266,96.70999908447266,92.51000213623048,95.44000244140624,702000
12-01-2023,96.5,99.2300033569336,94.83999633789062,97.66999816894533,514900
13-01-2023,96.87000274658205,100.5999984741211,96.19000244140624,100.51000213623048,406800
17-01-2023,100.5,102.12999725341795,99.31999969482422,102.0,416300
18-01-2023,102.91000366210938,103.66000366210938,100.38999938964844,102.0199966430664,739900
19-01-2023,100.5,101.3000030517578,95.9499969482422,98.18000030517578,560500
20-01-2023,99.87999725341795,102.6500015258789,98.33999633789062,102.30999755859376,447000
23-01-2023,102.75,109.5,102.16000366210938,107.23999786376952,608100
24-01-2023,106.25,108.19000244140624,105.01000213623048,107.87999725341795,384000
25-01-2023,105.5199966430664,111.75,105.20999908447266,110.58999633789062,519100
26-01-2023,111.5,113.80999755859376,107.80999755859376,113.7300033569336,481400
27-01-2023,112.27999877929688,112.75,109.8499984741211,110.44000244140624,432100
30-01-2023,108.3499984741211,110.63999938964844,106.76000213623048,107.83000183105467,552300
31-01-2023,107.22000122070312,110.91000366210938,107.01000213623048,109.9499969482422,506200
01-02-2023,110.9800033569336,116.98999786376952,110.44000244140624,115.1500015258789,757200
02-02-2023,116.31999969482422,120.33999633789062,116.0,118.97000122070312,681200
03-02-2023,116.0,121.58000183105467,116.0,118.04000091552734,666300
06-02-2023,116.04000091552734,117.48999786376952,114.1500015258789,115.94000244140624,599500
07-02-2023,115.83000183105467,119.2699966430664,114.02999877929688,118.7300033569336,665700
08-02-2023,118.61000061035156,120.70999908447266,116.33000183105467,117.56999969482422,645700
09-02-2023,118.2699966430664,128.4199981689453,115.0,124.41000366210938,1116400
10-02-2023,123.6999969482422,124.7699966430664,119.37000274658205,123.36000061035156,659500
13-02-2023,125.0199966430664,128.33999633789062,121.6999969482422,128.3300018310547,747500
14-02-2023,126.45999908447266,129.7100067138672,124.4000015258789,127.47000122070312,761600
15-02-2023,125.33999633789062,129.6999969482422,124.51000213623048,128.85000610351562,525000
16-02-2023,126.2699966430664,129.52999877929688,125.4000015258789,127.3000030517578,516100
17-02-2023,127.0,127.0,118.5,121.93000030517578,1158500
21-02-2023,118.77999877929688,122.3499984741211,118.5,120.8499984741211,741900
22-02-2023,121.0,122.86000061035156,119.7699966430664,122.27999877929688,504000
23-02-2023,126.0,127.13999938964844,122.4800033569336,124.70999908447266,605700
24-02-2023,121.30999755859376,123.8499984741211,120.5,123.47000122070312,490500
27-02-2023,125.33999633789062,126.9000015258789,123.44000244140624,125.29000091552734,358700
28-02-2023,126.0,131.55999755859375,125.41999816894533,128.5399932861328,860300
01-03-2023,129.72000122070312,132.97999572753906,129.50999450683594,132.24000549316406,582100
02-03-2023,123.8000030517578,129.6699981689453,108.43000030517578,129.1699981689453,2025400
03-03-2023,129.33999633789062,130.44000244140625,127.61000061035156,129.91000366210938,562800
06-03-2023,130.0,131.6300048828125,127.44000244140624,128.85000610351562,495900
07-03-2023,128.94000244140625,130.42999267578125,126.58999633789062,128.0,443300
08-03-2023,129.0399932861328,133.47999572753906,128.91000366210938,131.08999633789062,505600
09-03-2023,130.8800048828125,135.9600067138672,129.0,129.57000732421875,893600
10-03-2023,129.75,130.4600067138672,122.7699966430664,123.69000244140624,844700
13-03-2023,119.7699966430664,125.7699966430664,118.08999633789062,122.54000091552734,716600
14-03-2023,125.87000274658205,129.8000030517578,125.5,128.83999633789062,663800
15-03-2023,125.76000213623048,127.83999633789062,121.0999984741211,123.86000061035156,672800
16-03-2023,122.47000122070312,130.3800048828125,122.04000091552734,129.9600067138672,625600
17-03-2023,130.02000427246094,131.94000244140625,127.4000015258789,128.22000122070312,993500
20-03-2023,128.6199951171875,131.83999633789062,128.11000061035156,131.50999450683594,613800
21-03-2023,133.6300048828125,136.25999450683594,129.4199981689453,133.4499969482422,664900
22-03-2023,133.22999572753906,136.32000732421875,131.2100067138672,131.41000366210938,496300
23-03-2023,133.2100067138672,136.3800048828125,128.39999389648438,131.3800048828125,877700
24-03-2023,129.1999969482422,130.00999450683594,125.58999633789062,128.69000244140625,586000
27-03-2023,130.3000030517578,131.1999969482422,127.5500030517578,129.17999267578125,540700
28-03-2023,128.61000061035156,130.02000427246094,122.88999938964844,124.7300033569336,587700
29-03-2023,127.36000061035156,132.57000732421875,126.62000274658205,132.19000244140625,634600
30-03-2023,133.74000549316406,136.3000030517578,132.35000610351562,133.44000244140625,394100
31-03-2023,132.61000061035156,135.25,132.47999572753906,133.25,368200
03-04-2023,132.22000122070312,133.47000122070312,128.72999572753906,132.4199981689453,387900
04-04-2023,132.5800018310547,132.5800018310547,127.55999755859376,128.74000549316406,330300
05-04-2023,126.75,127.5199966430664,124.19000244140624,126.91999816894533,546300
06-04-2023,125.36000061035156,128.11000061035156,123.18000030517578,125.33999633789062,398600
10-04-2023,123.6500015258789,127.88999938964844,123.4000015258789,127.27999877929688,582700
11-04-2023,127.83000183105467,129.58999633789062,125.51000213623048,125.83999633789062,442100
12-04-2023,127.23999786376952,128.22999572753906,123.94000244140624,124.8000030517578,380800
13-04-2023,125.37000274658205,127.93000030517578,124.0,127.11000061035156,403000
14-04-2023,127.31999969482422,132.17999267578125,126.3000030517578,127.68000030517578,589600
17-04-2023,125.69000244140624,128.5500030517578,124.41999816894533,128.0500030517578,427200
18-04-2023,130.0,131.60000610351562,127.7699966430664,128.97000122070312,364900
19-04-2023,127.23999786376952,128.0,125.3499984741211,126.51000213623048,292000
20-04-2023,124.19000244140624,129.5399932861328,123.47000122070312,125.33999633789062,624800
21-04-2023,124.33999633789062,125.9800033569336,121.1500015258789,125.37000274658205,584200
24-04-2023,125.0999984741211,127.51000213623048,123.13999938964844,126.0,362700
25-04-2023,124.19000244140624,125.08000183105467,118.79000091552734,118.94000244140624,569500
26-04-2023,119.97000122070312,121.0999984741211,117.44000244140624,118.01000213623048,379900
27-04-2023,117.81999969482422,118.01000213623048,111.0500030517578,116.41000366210938,789400
28-04-2023,116.38999938964844,118.45999908447266,115.54000091552734,118.3000030517578,337400
01-05-2023,119.0,123.44000244140624,119.0,123.08999633789062,495100
02-05-2023,123.9000015258789,125.36000061035156,121.27999877929688,121.7300033569336,458000
03-05-2023,122.05999755859376,124.83000183105467,121.0,122.61000061035156,474500
04-05-2023,122.0999984741211,123.52999877929688,105.27999877929688,113.54000091552734,1422800
05-05-2023,114.77999877929688,121.01000213623048,111.41999816894533,120.1999969482422,575700
08-05-2023,120.1999969482422,121.7300033569336,117.76000213623048,120.04000091552734,295500
09-05-2023,118.33000183105467,120.29000091552734,117.80999755859376,119.9000015258789,369300
10-05-2023,122.0,126.45999908447266,120.70999908447266,126.23999786376952,493400
11-05-2023,125.0,126.0500030517578,121.20999908447266,125.13999938964844,431600
12-05-2023,125.45999908447266,127.25,121.22000122070312,122.11000061035156,386500
15-05-2023,122.44000244140624,128.5500030517578,122.41999816894533,127.98999786376952,476000
16-05-2023,127.23999786376952,131.1199951171875,125.62999725341795,129.9199981689453,581700
17-05-2023,130.86000061035156,138.3000030517578,129.6199951171875,137.69000244140625,604400
18-05-2023,138.69000244140625,145.74000549316406,138.47999572753906,144.52000427246094,682200
19-05-2023,144.82000732421875,145.8800048828125,139.94000244140625,141.58999633789062,463100
22-05-2023,140.64999389648438,144.60000610351562,140.47999572753906,143.97999572753906,459100
23-05-2023,142.92999267578125,145.1300048828125,141.27999877929688,142.49000549316406,434200
24-05-2023,139.00999450683594,141.3699951171875,136.52999877929688,141.0500030517578,515700
25-05-2023,148.0,153.3300018310547,145.61000061035156,151.88999938964844,712900
26-05-2023,153.0,162.52999877929688,152.25999450683594,160.9600067138672,711200
30-05-2023,166.07000732421875,167.36000061035156,159.00999450683594,160.36000061035156,543400
31-05-2023,157.22999572753906,159.91000366210938,155.39999389648438,157.5500030517578,680200
01-06-2023,157.86000061035156,164.2899932861328,156.35000610351562,162.08999633789062,651400
02-06-2023,163.0399932861328,164.19000244140625,157.1199951171875,162.36000061035156,356900
05-06-2023,160.30999755859375,164.77999877929688,158.41000366210938,162.8300018310547,488400
06-06-2023,160.36000061035156,166.63999938964844,160.0,165.08999633789062,392200
07-06-2023,166.7100067138672,175.0,166.7100067138672,170.5,707500
08-06-2023,170.0,174.32000732421875,169.32000732421875,173.27999877929688,395600
09-06-2023,175.0,176.88999938964844,171.9199981689453,172.61000061035156,376900
12-06-2023,174.60000610351562,182.57000732421875,173.92999267578125,180.88999938964844,604200
13-06-2023,182.27999877929688,184.4100036621093,178.17999267578125,180.27999877929688,504100
14-06-2023,175.60000610351562,176.72000122070312,169.38999938964844,172.9199981689453,981100
15-06-2023,169.39999389648438,173.3699951171875,165.8699951171875,170.97000122070312,685100
16-06-2023,173.25999450683594,174.2899932861328,167.3000030517578,169.0800018310547,912200
20-06-2023,168.77000427246094,171.10000610351562,165.60000610351562,166.39999389648438,660200
21-06-2023,165.0,166.97000122070312,162.77999877929688,165.86000061035156,609200
22-06-2023,164.69000244140625,172.22000122070312,163.69000244140625,170.02999877929688,427300
23-06-2023,166.0500030517578,169.52000427246094,165.0,168.47000122070312,503800
26-06-2023,169.60000610351562,175.4199981689453,168.2100067138672,168.24000549316406,538500
27-06-2023,167.97000122070312,174.94000244140625,167.69000244140625,174.1699981689453,419400
28-06-2023,170.5399932861328,177.55999755859375,170.25,174.6699981689453,442200
29-06-2023,176.67999267578125,181.22999572753903,175.1699981689453,179.02999877929688,458400
30-06-2023,181.009994506836,186.67999267578125,181.0,183.3300018310547,725600
03-07-2023,183.9499969482422,184.6999969482422,179.0,181.7400054931641,314200
05-07-2023,181.3699951171875,182.57000732421875,176.66000366210938,178.5800018310547,475000
06-07-2023,174.74000549316406,176.00999450683594,171.08999633789062,172.99000549316406,441300
07-07-2023,172.99000549316406,177.3699951171875,172.5399932861328,173.07000732421875,341900
10-07-2023,172.74000549316406,178.7899932861328,171.9499969482422,177.92999267578125,362200
11-07-2023,178.97000122070312,180.0,170.63999938964844,174.1199951171875,460900
12-07-2023,177.39999389648438,177.8000030517578,173.27999877929688,175.35000610351562,487700
13-07-2023,176.8800048828125,184.2899932861328,176.8800048828125,182.07000732421875,470200
14-07-2023,182.759994506836,186.19000244140625,178.17999267578125,179.85000610351562,448800
17-07-2023,183.009994506836,193.6100006103516,181.94000244140625,192.2700042724609,845600
18-07-2023,191.5500030517578,192.4199981689453,185.7400054931641,191.6199951171875,461600
19-07-2023,191.6199951171875,191.97000122070312,181.8300018310547,185.17999267578125,550600
20-07-2023,181.0200042724609,182.3800048828125,173.52999877929688,175.80999755859375,709900
21-07-2023,178.77999877929688,180.13999938964844,174.35000610351562,175.52000427246094,380700
24-07-2023,175.7899932861328,178.22999572753906,171.33999633789062,174.47000122070312,430000
25-07-2023,175.00999450683594,181.8099975585937,175.00999450683594,177.91000366210938,390000
26-07-2023,176.27999877929688,178.63999938964844,173.0,176.55999755859375,214400
27-07-2023,182.5,186.97000122070312,181.2700042724609,182.75,498400
28-07-2023,186.52999877929688,193.69000244140625,185.3099975585937,192.8999938964844,768000
31-07-2023,194.509994506836,200.72999572753903,194.509994506836,200.47999572753903,776700
01-08-2023,196.3999938964844,201.0,193.52999877929688,196.2100067138672,695300
02-08-2023,193.27999877929688,194.4499969482422,185.3699951171875,189.0200042724609,768000
03-08-2023,187.9600067138672,195.9499969482422,183.22000122070312,186.6100006103516,765000
04-08-2023,185.0,185.3099975585937,172.3000030517578,175.74000549316406,814700
07-08-2023,177.47999572753906,181.259994506836,176.60000610351562,180.83999633789065,514800
08-08-2023,177.3000030517578,179.1300048828125,174.00999450683594,177.3300018310547,515300
09-08-2023,177.3300018310547,177.77000427246094,168.67999267578125,171.91000366210938,706400
10-08-2023,174.47000122070312,177.38999938964844,170.91000366210938,174.0800018310547,443600
11-08-2023,170.3300018310547,173.02000427246094,166.49000549316406,167.11000061035156,757900
14-08-2023,165.8000030517578,170.64999389648438,163.0,170.38999938964844,379600
15-08-2023,170.38999938964844,170.8000030517578,167.77999877929688,169.61000061035156,211800
16-08-2023,169.82000732421875,170.55999755859375,165.10000610351562,165.52000427246094,381600
17-08-2023,166.25,167.4499969482422,158.85000610351562,159.8300018310547,499100
18-08-2023,158.0,166.1699981689453,157.00999450683594,164.4499969482422,367100
21-08-2023,165.7100067138672,171.77999877929688,165.7100067138672,171.42999267578125,305000
22-08-2023,174.07000732421875,175.35000610351562,169.3000030517578,171.9600067138672,310300
23-08-2023,171.25999450683594,178.2100067138672,170.47000122070312,176.7899932861328,345000
24-08-2023,179.58999633789062,180.42999267578125,169.05999755859375,169.58999633789062,380900
25-08-2023,170.80999755859375,172.32000732421875,163.02000427246094,168.5500030517578,493200
28-08-2023,171.0,173.42999267578125,170.55999755859375,172.39999389648438,297200
29-08-2023,170.49000549316406,184.72000122070312,168.60000610351562,183.52999877929688,529400
30-08-2023,183.52999877929688,188.3600006103516,181.94000244140625,186.9600067138672,405500
31-08-2023,187.7100067138672,193.5,187.0,192.1499938964844,553400
01-09-2023,193.4600067138672,194.72000122070312,189.1600036621093,192.8999938964844,363600
05-09-2023,190.22000122070312,194.7100067138672,187.3999938964844,192.5800018310547,518500
06-09-2023,192.6300048828125,196.02999877929688,188.7700042724609,191.0399932861328,260700
07-09-2023,186.0,186.0,174.3300018310547,180.47000122070312,603600
08-09-2023,178.33999633789062,181.72000122070312,175.64999389648438,176.75999450683594,392700
11-09-2023,179.88999938964844,181.0200042724609,174.74000549316406,177.1199951171875,479200
12-09-2023,179.7899932861328,183.1300048828125,176.97999572753906,178.72000122070312,447700
13-09-2023,177.10000610351562,182.6300048828125,177.10000610351562,178.3000030517578,491400
14-09-2023,179.75999450683594,181.4499969482422,175.42999267578125,178.8800048828125,429600
15-09-2023,175.8699951171875,177.27000427246094,165.6999969482422,167.27000427246094,2875500
18-09-2023,165.55999755859375,170.89999389648438,164.39999389648438,168.5399932861328,534400
19-09-2023,168.0,169.1999969482422,165.88999938964844,166.75999450683594,366500
20-09-2023,168.69000244140625,169.6699981689453,162.8000030517578,163.02999877929688,381000
21-09-2023,160.0,161.3300018310547,153.35000610351562,154.55999755859375,962800
22-09-2023,157.25,159.63999938964844,155.6699981689453,156.32000732421875,489200
25-09-2023,155.32000732421875,159.91000366210938,154.91000366210938,157.72999572753906,379800
26-09-2023,155.91000366210938,157.0,152.7100067138672,154.0399932861328,459700
27-09-2023,157.0800018310547,159.60000610351562,155.33999633789062,157.82000732421875,440700
28-09-2023,157.10000610351562,163.47999572753906,156.66000366210938,161.6699981689453,496400
29-09-2023,164.55999755859375,165.83999633789062,161.86000061035156,163.0500030517578,464700
02-10-2023,164.0,167.44000244140625,159.8699951171875,162.6300048828125,439500
03-10-2023,161.19000244140625,164.02000427246094,156.19000244140625,158.55999755859375,575500
04-10-2023,159.89999389648438,162.49000549316406,158.60000610351562,160.36000061035156,403800
05-10-2023,160.36000061035156,162.27999877929688,157.57000732421875,158.94000244140625,347800
06-10-2023,157.2899932861328,163.75999450683594,156.5,162.14999389648438,342300
09-10-2023,159.6300048828125,161.05999755859375,157.41000366210938,160.00999450683594,264900
10-10-2023,161.4199981689453,168.0500030517578,161.4199981689453,165.19000244140625,590500
11-10-2023,165.6199951171875,168.5399932861328,165.6199951171875,167.64999389648438,528600
12-10-2023,168.10000610351562,170.97000122070312,162.89999389648438,164.4600067138672,514400
13-10-2023,165.0,165.38999938964844,159.0,160.3699951171875,632600
16-10-2023,161.7899932861328,164.5500030517578,159.2100067138672,163.0500030517578,482200
17-10-2023,160.1699981689453,163.41000366210938,153.05999755859375,161.16000366210938,522800
18-10-2023,159.02999877929688,159.14999389648438,155.25,156.77000427246094,341500
19-10-2023,158.83999633789062,158.83999633789062,144.69000244140625,145.9199981689453,836100
20-10-2023,145.72999572753906,148.72000122070312,143.8699951171875,144.58999633789062,583800
23-10-2023,143.60000610351562,146.13999938964844,142.42999267578125,144.64999389648438,470500
24-10-2023,147.00999450683594,150.27999877929688,146.0,149.66000366210938,480900
25-10-2023,148.1999969482422,148.74000549316406,139.66000366210938,141.3699951171875,622800
26-10-2023,142.94000244140625,144.72000122070312,138.32000732421875,138.74000549316406,498000
27-10-2023,140.72000122070312,141.99000549316406,137.22999572753906,138.0399932861328,537200
30-10-2023,135.82000732421875,135.82000732421875,120.54000091552734,126.2699966430664,1626400
31-10-2023,126.5,128.35000610351562,122.73999786376952,127.5,677300
01-11-2023,127.0500030517578,128.99000549316406,124.37999725341795,127.5,972100
02-11-2023,134.0,134.32000732421875,124.12000274658205,128.02999877929688,1181000
03-11-2023,128.47000122070312,132.35000610351562,126.68000030517578,131.11000061035156,819100
06-11-2023,132.0,133.19000244140625,127.69000244140624,129.27000427246094,473600
07-11-2023,128.75,129.83999633789062,127.1999969482422,129.42999267578125,502100
08-11-2023,129.80999755859375,131.38999938964844,128.14999389648438,130.32000732421875,399700
09-11-2023,131.2100067138672,131.91000366210938,124.2300033569336,124.61000061035156,702300
10-11-2023,126.0,132.32000732421875,125.55999755859376,131.30999755859375,741200
13-11-2023,130.02000427246094,130.86000061035156,127.62999725341795,129.38999938964844,553600
14-11-2023,134.91000366210938,137.77999877929688,133.47999572753906,137.63999938964844,711300
15-11-2023,139.3300018310547,141.64999389648438,136.1999969482422,137.72000122070312,452700
16-11-2023,136.4199981689453,138.77000427246094,135.0,136.22999572753906,597300
17-11-2023,135.0500030517578,135.0500030517578,130.02000427246094,132.02000427246094,825700
20-11-2023,132.02000427246094,132.47000122070312,130.7899932861328,131.6699981689453,790500
21-11-2023,130.25,130.25,124.41999816894533,127.19000244140624,780500
22-11-2023,129.0,132.49000549316406,128.1199951171875,128.1300048828125,488100
24-11-2023,128.1300048828125,129.4499969482422,126.6999969482422,128.36000061035156,274000
27-11-2023,127.13999938964844,129.7899932861328,125.38999938964844,128.2899932861328,386600
28-11-2023,127.22000122070312,128.05999755859375,124.4499969482422,125.76000213623048,387000
29-11-2023,128.27999877929688,130.63999938964844,124.68000030517578,125.1500015258789,724300
30-11-2023,125.5999984741211,126.25,122.93000030517578,124.27999877929688,452300
01-12-2023,123.4000015258789,126.3499984741211,120.88999938964844,125.86000061035156,454800
04-12-2023,124.0500030517578,125.16000366210938,121.5,125.11000061035156,390500
05-12-2023,124.0,125.4000015258789,122.4000015258789,124.56999969482422,456100
06-12-2023,126.9800033569336,127.5,121.91999816894533,122.0199966430664,399100
07-12-2023,122.91000366210938,124.0500030517578,121.11000061035156,122.6500015258789,500500
08-12-2023,122.20999908447266,124.41000366210938,121.3499984741211,122.69000244140624,1394800
11-12-2023,123.66000366210938,126.68000030517578,122.66000366210938,125.58000183105467,930100
12-12-2023,125.58999633789062,126.97000122070312,123.6999969482422,126.19000244140624,474100
13-12-2023,126.58000183105467,131.58999633789062,124.41999816894533,131.5,708300
14-12-2023,134.75,141.57000732421875,134.2100067138672,140.42999267578125,1181600
15-12-2023,141.4600067138672,141.72000122070312,134.55999755859375,136.08999633789062,1346700
18-12-2023,136.69000244140625,138.47999572753906,134.38999938964844,134.86000061035156,655500
19-12-2023,136.22000122070312,137.17999267578125,133.5,136.17999267578125,733800
20-12-2023,134.75,135.44000244140625,128.6999969482422,128.74000549316406,680900
21-12-2023,132.8000030517578,135.5800018310547,131.4199981689453,134.80999755859375,495200
22-12-2023,134.6699981689453,135.60000610351562,132.19000244140625,133.42999267578125,407000
26-12-2023,134.36000061035156,136.3300018310547,134.0,135.58999633789062,343400
27-12-2023,136.82000732421875,136.88999938964844,132.5800018310547,133.1999969482422,492300
28-12-2023,133.4199981689453,133.88999938964844,131.3000030517578,132.36000061035156,299000
29-12-2023,132.3699951171875,132.47000122070312,128.80999755859375,129.69000244140625,604400
02-01-2024,127.37999725341795,127.37999725341795,123.33000183105467,124.72000122070312,639200
03-01-2024,122.1500015258789,123.0,120.20999908447266,120.91999816894533,550600
04-01-2024,118.56999969482422,119.2300033569336,114.22000122070312,116.12999725341795,828000
05-01-2024,116.44000244140624,118.06999969482422,115.20999908447266,117.83000183105467,644100
08-01-2024,118.3000030517578,122.0,117.66999816894533,120.97000122070312,589700
09-01-2024,118.83999633789062,121.23999786376952,117.62000274658205,120.1500015258789,334800
10-01-2024,118.3000030517578,118.9000015258789,112.95999908447266,116.08000183105467,1178500
11-01-2024,116.08000183105467,117.83000183105467,112.51000213623048,114.81999969482422,772400
12-01-2024,114.8499984741211,116.0199966430664,113.0999984741211,114.12000274658205,490800
16-01-2024,118.1500015258789,122.23999786376952,116.16999816894533,119.62999725341795,1077600
17-01-2024,118.12000274658205,120.8000030517578,116.2699966430664,120.33999633789062,753600
18-01-2024,124.97000122070312,127.58000183105467,122.55999755859376,125.66999816894533,888500
19-01-2024,127.54000091552734,131.85000610351562,125.41000366210938,131.63999938964844,815300
22-01-2024,133.5500030517578,138.5,133.5500030517578,137.8800048828125,952200
23-01-2024,138.97999572753906,140.63999938964844,136.6300048828125,139.3300018310547,709900
24-01-2024,142.60000610351562,145.77000427246094,139.61000061035156,140.11000061035156,937800
25-01-2024,143.5399932861328,144.19000244140625,135.8699951171875,136.30999755859375,915800
26-01-2024,134.2899932861328,135.24000549316406,130.77000427246094,131.2899932861328,812300
29-01-2024,132.2899932861328,134.5,129.7899932861328,134.4199981689453,648500
30-01-2024,134.2100067138672,135.39999389648438,132.89999389648438,133.41000366210938,486100
31-01-2024,130.52999877929688,135.1999969482422,128.10000610351562,130.0500030517578,787400
01-02-2024,131.8000030517578,132.16000366210938,127.43000030517578,130.69000244140625,583300
02-02-2024,130.25,132.94000244140625,129.47999572753906,131.6199951171875,381200
05-02-2024,132.3800048828125,134.25999450683594,128.52999877929688,130.1999969482422,554600
06-02-2024,129.5500030517578,131.2100067138672,128.0,129.82000732421875,718400
07-02-2024,132.2100067138672,134.3000030517578,129.38999938964844,131.49000549316406,1232700
08-02-2024,117.4499969482422,124.91000366210938,110.0,122.25,2533800
09-02-2024,124.62000274658205,127.26000213623048,120.23999786376952,125.31999969482422,1099900
12-02-2024,125.05999755859376,126.63999938964844,121.23999786376952,122.31999969482422,870300
13-02-2024,116.91999816894533,122.63999938964844,116.0500030517578,118.3499984741211,913300
14-02-2024,120.1999969482422,122.69000244140624,119.0,120.5999984741211,618900
15-02-2024,121.86000061035156,123.0,117.79000091552734,119.26000213623048,635000
16-02-2024,120.4499969482422,122.4000015258789,116.69000244140624,116.77999877929688,613400
20-02-2024,114.18000030517578,114.36000061035156,110.5500030517578,111.91000366210938,974200
21-02-2024,110.0,110.76000213623048,107.4800033569336,109.31999969482422,942100
22-02-2024,112.16999816894533,113.1500015258789,109.3000030517578,111.4499969482422,732200
23-02-2024,111.5,112.2300033569336,109.58000183105467,109.6500015258789,657200
26-02-2024,110.98999786376952,111.77999877929688,109.26000213623048,110.69000244140624,498300
27-02-2024,111.68000030517578,112.0,109.37000274658205,109.73999786376952,613500
28-02-2024,108.1500015258789,111.3000030517578,107.13999938964844,110.72000122070312,547300
29-02-2024,112.66999816894533,114.11000061035156,111.55999755859376,112.66999816894533,842400
01-03-2024,114.0,117.58000183105467,112.5199966430664,116.2699966430664,557200
04-03-2024,117.36000061035156,117.36000061035156,114.4000015258789,114.7300033569336,595600
05-03-2024,112.5999984741211,114.0,110.25,111.41000366210938,475400
06-03-2024,113.25,114.5,110.20999908447266,113.20999908447266,520900
07-03-2024,114.68000030517578,119.2300033569336,114.51000213623048,118.62999725341795,503100
08-03-2024,119.0500030517578,119.19000244140624,111.87999725341795,111.91000366210938,858700
11-03-2024,111.6500015258789,114.0199966430664,110.91000366210938,112.4800033569336,634200
12-03-2024,114.5999984741211,114.5999984741211,110.9000015258789,111.88999938964844,513400
13-03-2024,111.1500015258789,111.97000122070312,108.37000274658205,108.6500015258789,791400
14-03-2024,108.31999969482422,109.23999786376952,106.9499969482422,108.11000061035156,627800
15-03-2024,106.55999755859376,108.13999938964844,106.11000061035156,107.61000061035156,773000
18-03-2024,110.25,111.37999725341795,109.22000122070312,110.20999908447266,539400
19-03-2024,108.6500015258789,111.20999908447266,107.08999633789062,111.16000366210938,551700
20-03-2024,112.1999969482422,113.75,109.22000122070312,113.06999969482422,513900
21-03-2024,116.2699966430664,117.93000030517578,113.75,114.41999816894533,532800
22-03-2024,113.4000015258789,114.41999816894533,111.97000122070312,112.66000366210938,377000
25-03-2024,109.0,110.9000015258789,107.45999908447266,109.5500030517578,586500
26-03-2024,110.45999908447266,110.75,108.01000213623048,108.04000091552734,472000
27-03-2024,109.22000122070312,112.58000183105467,107.45999908447266,112.47000122070312,507000
28-03-2024,112.37999725341795,114.08999633789062,111.4499969482422,111.5199966430664,530000
01-04-2024,111.6999969482422,113.97000122070312,111.6500015258789,112.38999938964844,373300
02-04-2024,109.98999786376952,109.98999786376952,107.62999725341795,108.18000030517578,623500
03-04-2024,106.87000274658205,108.95999908447266,106.11000061035156,107.05999755859376,663200
04-04-2024,108.5500030517578,109.5,103.72000122070312,104.45999908447266,655400
05-04-2024,105.47000122070312,106.0,103.25,105.23999786376952,482400
08-04-2024,106.0,106.76000213623048,104.61000061035156,104.72000122070312,328200
09-04-2024,106.5999984741211,109.0199966430664,105.77999877929688,108.9000015258789,531400
10-04-2024,105.9499969482422,107.86000061035156,103.73999786376952,105.13999938964844,552300
11-04-2024,106.0199966430664,108.3000030517578,104.4800033569336,108.12000274658205,400000
12-04-2024,105.5999984741211,107.19000244140624,104.20999908447266,104.61000061035156,458300
15-04-2024,105.27999877929688,105.88999938964844,102.9800033569336,104.33000183105467,410300
16-04-2024,103.30999755859376,105.36000061035156,102.36000061035156,104.31999969482422,418100
17-04-2024,104.33000183105467,104.81999969482422,101.56999969482422,101.72000122070312,545700
18-04-2024,101.61000061035156,101.61000061035156,98.04000091552734,98.25,647800
19-04-2024,98.0,99.06999969482422,94.45999908447266,94.79000091552734,709900
22-04-2024,96.0,97.9499969482422,93.7699966430664,96.95999908447266,582900
23-04-2024,97.04000091552734,99.66999816894533,96.86000061035156,97.23999786376952,478800
24-04-2024,99.55999755859376,100.77999877929688,96.9499969482422,98.68000030517578,510900
25-04-2024,98.5,101.0199966430664,97.87999725341795,100.0,384300
26-04-2024,100.4800033569336,104.20999908447266,100.33000183105467,103.05999755859376,428500
29-04-2024,103.05999755859376,105.02999877929688,102.31999969482422,104.8499984741211,371100
30-04-2024,103.69000244140624,106.4000015258789,103.26000213623048,103.5199966430664,584000
01-05-2024,101.5500030517578,105.9800033569336,100.18000030517578,101.6999969482422,895000
02-05-2024,101.25,108.55999755859376,99.7300033569336,106.63999938964844,1014800
03-05-2024,110.81999969482422,114.16000366210938,110.11000061035156,111.4499969482422,763600
06-05-2024,112.5,113.58999633789062,111.6999969482422,113.43000030517578,364200
07-05-2024,113.41000366210938,114.4800033569336,111.2699966430664,111.2699966430664,360900
08-05-2024,109.08000183105467,111.48999786376952,108.9499969482422,111.45999908447266,322600
09-05-2024,112.04000091552734,113.55999755859376,110.83000183105467,113.04000091552734,450300
10-05-2024,113.93000030517578,115.0,111.5199966430664,113.79000091552734,564500
13-05-2024,114.5500030517578,115.0,111.55999755859376,111.95999908447266,379400
14-05-2024,112.83000183105467,113.8000030517578,112.08000183105467,112.1500015258789,382700
15-05-2024,114.0,114.0,111.33999633789062,112.94000244140624,534100
16-05-2024,113.26000213623048,114.95999908447266,113.06999969482422,113.56999969482422,412200
17-05-2024,114.5,114.62000274658205,112.12000274658205,113.2300033569336,288900
20-05-2024,113.2300033569336,117.1999969482422,113.2300033569336,115.19000244140624,339500
21-05-2024,112.98999786376952,113.81999969482422,111.91000366210938,112.19000244140624,337300
22-05-2024,113.08000183105467,114.47000122070312,111.94000244140624,113.58000183105467,333600
23-05-2024,114.83000183105467,114.97000122070312,108.70999908447266,109.26000213623048,447300
24-05-2024,110.91999816894533,111.7699966430664,109.12999725341795,111.37000274658205,349600
28-05-2024,112.0,115.87000274658205,110.98999786376952,115.33000183105467,468400
29-05-2024,113.01000213623048,115.37999725341795,112.79000091552734,112.88999938964844,397600
30-05-2024,113.7300033569336,115.36000061035156,113.08000183105467,113.68000030517578,293800
31-05-2024,113.97000122070312,115.0999984741211,108.36000061035156,112.48999786376952,484000
03-06-2024,114.98999786376952,114.98999786376952,109.5500030517578,111.54000091552734,324300
04-06-2024,111.81999969482422,112.13999938964844,109.66999816894533,111.29000091552734,458400
05-06-2024,113.0,127.58999633789062,113.0,127.12999725341795,1233800
06-06-2024,127.01000213623048,128.6300048828125,125.1500015258789,127.31999969482422,887500
07-06-2024,127.31999969482422,127.83999633789062,123.9499969482422,124.95999908447266,471100
10-06-2024,123.08999633789062,128.66000366210938,122.86000061035156,127.1999969482422,549100
11-06-2024,126.19000244140624,128.99000549316406,124.48999786376952,128.27999877929688,352000
12-06-2024,130.47000122070312,137.52999877929688,130.47000122070312,136.57000732421875,700500
13-06-2024,136.0,145.25,136.0,141.16000366210938,924500
14-06-2024,139.0,140.52000427246094,136.61000061035156,138.72999572753906,474900
17-06-2024,138.99000549316406,138.99000549316406,133.5800018310547,138.02000427246094,516500
18-06-2024,138.02000427246094,142.27000427246094,135.88999938964844,140.64999389648438,579900
20-06-2024,141.5,142.77000427246094,135.55999755859375,136.02000427246094,675500
21-06-2024,134.99000549316406,138.2899932861328,130.10000610351562,137.67999267578125,791900
24-06-2024,137.47999572753906,139.14999389648438,135.0399932861328,135.58999633789062,397600
25-06-2024,136.7899932861328,141.3300018310547,133.9600067138672,141.16000366210938,439800
26-06-2024,141.0,143.3000030517578,137.55999755859375,139.1699981689453,542200
27-06-2024,141.0,144.67999267578125,138.47999572753906,139.4199981689453,464800
28-06-2024,141.22000122070312,145.6999969482422,140.63999938964844,142.19000244140625,1140000
01-07-2024,142.19000244140625,143.02000427246094,139.24000549316406,140.69000244140625,457700
02-07-2024,140.0,144.91000366210938,139.0,141.22000122070312,368200
03-07-2024,142.5,144.11000061035156,140.77000427246094,141.75,282200
05-07-2024,142.57000732421875,148.47000122070312,141.5,141.80999755859375,524600
08-07-2024,143.0,145.8800048828125,142.92999267578125,143.6300048828125,515600
09-07-2024,146.97999572753906,152.0,144.00999450683594,151.05999755859375,954200
10-07-2024,153.4499969482422,158.61000061035156,151.6699981689453,155.02000427246094,812700
11-07-2024,158.0,158.0,144.52999877929688,144.57000732421875,839600
12-07-2024,148.6999969482422,153.6999969482422,145.58999633789062,148.74000549316406,644000
15-07-2024,151.30999755859375,152.64999389648438,146.41000366210938,147.8699951171875,503700
16-07-2024,149.27000427246094,151.5800018310547,146.0399932861328,147.3699951171875,463000
17-07-2024,142.14999389648438,143.05999755859375,134.50999450683594,134.74000549316406,1087400
18-07-2024,137.5500030517578,138.74000549316406,131.3800048828125,134.08999633789062,621600
19-07-2024,134.5,134.5,127.5,127.95999908447266,643800
22-07-2024,131.08999633789062,137.22999572753906,130.11000061035156,136.91000366210938,729900
23-07-2024,134.22999572753906,137.99000549316406,134.22999572753906,136.3800048828125,402700
24-07-2024,133.91000366210938,136.05999755859375,125.45999908447266,125.62999725341795,809600
25-07-2024,124.1999969482422,126.30999755859376,118.47000122070312,120.23999786376952,913100
26-07-2024,124.26000213623048,125.87000274658205,121.91000366210938,123.5500030517578,593300
29-07-2024,125.0,128.6999969482422,122.45999908447266,122.98999786376952,452800
30-07-2024,123.6500015258789,124.0,116.73999786376952,117.36000061035156,857000
31-07-2024,122.27999877929688,127.87999725341795,120.58000183105467,126.3499984741211,996600
01-08-2024,113.73999786376952,121.0,110.69000244140624,112.81999969482422,1938400
02-08-2024,106.79000091552734,108.41000366210938,102.87000274658205,106.33000183105467,1460900
05-08-2024,98.43000030517578,110.47000122070312,98.0,109.27999877929688,932300
06-08-2024,110.0,110.91999816894533,106.91999816894533,107.18000030517578,638100
07-08-2024,110.38999938964844,111.48999786376952,102.43000030517578,102.68000030517578,543800
08-08-2024,107.2699966430664,115.2300033569336,105.75,114.83000183105467,858500
09-08-2024,112.8499984741211,116.45999908447266,110.87999725341795,112.47000122070312,394500
12-08-2024,113.0,114.54000091552734,111.08999633789062,111.12999725341795,401200
13-08-2024,112.55999755859376,113.73999786376952,110.7699966430664,112.66000366210938,528000
14-08-2024,114.0,114.12000274658205,108.5,110.22000122070312,601500
15-08-2024,114.08999633789062,117.56999969482422,112.72000122070312,116.97000122070312,702200
16-08-2024,115.11000061035156,117.33000183105467,114.0,115.47000122070312,292900
19-08-2024,115.5999984741211,116.0999984741211,113.6999969482422,116.08999633789062,383200
20-08-2024,115.44000244140624,115.4800033569336,111.7699966430664,112.36000061035156,352800
21-08-2024,114.38999938964844,116.29000091552734,113.2300033569336,115.61000061035156,331500
22-08-2024,116.18000030517578,117.08999633789062,109.2300033569336,109.83999633789062,535600
23-08-2024,112.11000061035156,115.37000274658205,111.08999633789062,114.22000122070312,529000
26-08-2024,113.36000061035156,113.75,109.26000213623048,109.8000030517578,488100
27-08-2024,109.3499984741211,111.18000030517578,107.20999908447266,110.87999725341795,432500
28-08-2024,109.91999816894533,111.18000030517578,106.5,109.0199966430664,416800
29-08-2024,110.7300033569336,113.37000274658205,108.70999908447266,109.4800033569336,368900
30-08-2024,111.7300033569336,112.45999908447266,108.2300033569336,109.33000183105467,631500
03-09-2024,107.0,107.01000213623048,100.66999816894533,101.04000091552734,869400
04-09-2024,99.93000030517578,101.66999816894533,97.7699966430664,100.01000213623048,622800
05-09-2024,98.5,102.0500030517578,98.5,100.73999786376952,422800
06-09-2024,100.68000030517578,100.87000274658205,95.91000366210938,96.9800033569336,660800
09-09-2024,98.27999877929688,99.31999969482422,97.0,97.55999755859376,458600
10-09-2024,98.06999969482422,98.37999725341795,95.62000274658205,97.62999725341795,432400
11-09-2024,98.58000183105467,101.76000213623048,95.83000183105467,101.52999877929688,725000
12-09-2024,101.87999725341795,101.87999725341795,97.94000244140624,99.58999633789062,352000
13-09-2024,100.76000213623048,103.68000030517578,100.69000244140624,103.2699966430664,440200
16-09-2024,100.83000183105467,101.12999725341795,96.2300033569336,98.86000061035156,864100
17-09-2024,101.0,101.1999969482422,97.81999969482422,99.7699966430664,505400
18-09-2024,101.01000213623048,101.81999969482422,97.63999938964844,97.83999633789062,615900
19-09-2024,102.2699966430664,102.98999786376952,100.06999969482422,102.2300033569336,677000
20-09-2024,100.31999969482422,101.87000274658205,98.58999633789062,101.29000091552734,3094800
23-09-2024,102.44000244140624,103.4000015258789,101.37999725341795,102.54000091552734,479800
24-09-2024,103.37999725341795,104.9499969482422,102.0,103.5500030517578,445900
25-09-2024,103.41999816894533,104.1500015258789,101.54000091552734,101.75,402000
26-09-2024,108.68000030517578,110.16999816894533,105.4000015258789,108.0500030517578,845900
27-09-2024,109.01000213623048,109.47000122070312,106.76000213623048,107.37000274658205,360900
30-09-2024,104.94000244140624,106.97000122070312,103.9000015258789,104.8499984741211,581300
01-10-2024,104.98999786376952,105.0,99.38999938964844,101.76000213623048,517100
02-10-2024,102.9800033569336,104.80999755859376,100.33999633789062,100.58999633789062,603800
03-10-2024,99.66000366210938,102.01000213623048,99.36000061035156,99.61000061035156,395600
04-10-2024,102.16999816894533,102.54000091552734,100.16999816894533,100.27999877929688,448800
07-10-2024,99.4800033569336,100.0199966430664,98.55999755859376,98.94000244140624,475000
08-10-2024,98.9499969482422,98.9499969482422,96.72000122070312,98.5,580300
09-10-2024,98.58999633789062,102.0500030517578,98.1500015258789,100.1500015258789,377800
10-10-2024,98.23999786376952,100.16999816894533,97.5,99.33000183105467,364400
11-10-2024,98.75,101.87000274658205,98.37000274658205,101.18000030517578,399000
14-10-2024,101.62000274658205,105.38999938964844,101.62000274658205,105.0999984741211,705200
15-10-2024,104.86000061035156,107.2300033569336,96.27999877929688,96.5999984741211,1153500
16-10-2024,97.98999786376952,98.0999984741211,94.70999908447266,95.6500015258789,1027700
17-10-2024,97.5,98.0,93.69000244140624,93.79000091552734,712900
18-10-2024,94.52999877929688,94.73999786376952,92.16000366210938,92.26000213623048,553500
21-10-2024,92.0,92.30999755859376,90.4499969482422,91.4000015258789,432400
22-10-2024,90.97000122070312,91.5500030517578,90.29000091552734,90.4000015258789,317300
23-10-2024,90.9000015258789,92.0,88.88999938964844,90.04000091552734,534600
24-10-2024,91.5500030517578,92.76000213623048,89.83000183105469,89.93000030517578,615000
25-10-2024,90.76000213623048,91.8499984741211,89.62999725341797,89.88999938964844,553000
28-10-2024,89.6500015258789,90.51000213623048,88.30999755859375,90.12000274658205,744800
29-10-2024,89.91000366210938,92.20999908447266,89.7699966430664,92.08999633789062,483300
30-10-2024,90.0,91.83999633789062,89.58000183105469,90.1500015258789,440400
31-10-2024,89.56999969482422,89.56999969482422,85.26000213623047,85.30999755859375,574400
01-11-2024,85.5,87.0199966430664,85.47000122070312,86.08999633789062,511600
04-11-2024,85.66999816894531,86.97000122070312,85.05000305175781,85.16000366210938,419000
05-11-2024,85.05000305175781,86.26000213623047,85.04000091552734,85.48999786376953,541000
06-11-2024,87.93000030517578,90.83000183105467,86.80999755859375,87.94999694824219,856400
07-11-2024,88.5,92.47000122070312,81.47000122070312,87.0999984741211,1335200
08-11-2024,85.20999908447266,86.83999633789062,83.08000183105469,85.08000183105469,935700
11-11-2024,84.61000061035156,85.5,83.27999877929688,85.33000183105469,752300
12-11-2024,84.80000305175781,85.87999725341797,80.87000274658203,82.7300033569336,883600
13-11-2024,82.0999984741211,82.69000244140625,79.06999969482422,79.72000122070312,824100
14-11-2024,80.33000183105469,80.9000015258789,78.61000061035156,78.8499984741211,599200
15-11-2024,77.25,77.25,73.1500015258789,73.22000122070312,1003700
18-11-2024,72.4800033569336,74.0,71.63999938964844,72.13999938964844,1166700
19-11-2024,71.83000183105469,71.83000183105469,69.8499984741211,70.25,1008500
20-11-2024,69.81999969482422,71.27999877929688,69.3499984741211,71.0,899600
21-11-2024,71.8499984741211,73.95999908447266,70.80000305175781,73.27999877929688,582300
22-11-2024,73.27999877929688,75.16999816894531,73.2699966430664,75.06999969482422,546700
25-11-2024,76.62000274658203,77.9800033569336,75.37000274658203,77.47000122070312,849700
26-11-2024,77.66000366210938,77.66000366210938,73.58000183105469,74.44999694824219,587100
27-11-2024,74.55999755859375,74.56999969482422,72.5199966430664,73.51000213623047,376800
29-11-2024,74.62999725341797,75.58000183105469,73.93000030517578,74.23999786376953,257900
02-12-2024,74.22000122070312,78.01000213623047,74.22000122070312,77.2699966430664,599300
03-12-2024,76.36000061035156,76.6500015258789,74.80000305175781,76.19999694824219,448100
04-12-2024,77.69999694824219,77.69999694824219,75.69000244140625,76.2300033569336,482000
05-12-2024,76.08000183105469,76.37000274658203,73.19000244140625,73.51000213623047,564500
06-12-2024,74.2300033569336,74.9800033569336,73.30000305175781,74.19000244140625,444800
09-12-2024,74.41000366210938,78.37999725341797,73.62999725341797,77.0999984741211,460300
10-12-2024,77.6500015258789,77.6500015258789,75.19999694824219,76.48999786376953,615200
11-12-2024,77.79000091552734,78.5199966430664,75.0999984741211,75.8499984741211,351500
12-12-2024,75.12999725341797,76.31999969482422,74.20999908447266,75.66000366210938,335300
13-12-2024,76.56999969482422,77.22000122070312,74.37999725341797,75.29000091552734,490200
16-12-2024,75.0,77.1500015258789,74.0,75.61000061035156,541300
17-12-2024,75.5999984741211,76.69000244140625,74.30999755859375,74.83000183105469,477300
18-12-2024,75.2300033569336,76.63999938964844,70.20999908447266,70.97000122070312,636000
19-12-2024,71.5199966430664,71.5199966430664,68.79000091552734,69.18000030517578,673900
20-12-2024,68.51000213623047,71.16999816894531,68.2300033569336,69.47000122070312,2322100
23-12-2024,69.87999725341797,71.19999694824219,68.5,70.73999786376953,968100
24-12-2024,70.83000183105469,72.0999984741211,69.94000244140625,72.0999984741211,296000
26-12-2024,71.02999877929688,73.23999786376953,70.73999786376953,72.05000305175781,344200
27-12-2024,71.88999938964844,71.91999816894531,70.05000305175781,71.23999786376953,360500
30-12-2024,70.0,70.5999984741211,68.94000244140625,70.0199966430664,416700
31-12-2024,70.27999877929688,71.19999694824219,69.58999633789062,69.87000274658203,414200
02-01-2025,71.63999938964844,73.76000213623047,69.9000015258789,70.19999694824219,397100
03-01-2025,70.33000183105469,72.6500015258789,70.0,71.95999908447266,380700
06-01-2025,74.26000213623047,76.94000244140625,74.19000244140625,74.44999694824219,639200
07-01-2025,75.41000366210938,76.77999877929688,73.31999969482422,73.72000122070312,593000
08-01-2025,73.70999908447266,73.83000183105469,71.4000015258789,73.0999984741211,535100
10-01-2025,70.6500015258789,71.44000244140625,67.2699966430664,69.44000244140625,906600
13-01-2025,68.08000183105469,68.91000366210938,66.75,68.7699966430664,510200
14-01-2025,69.43000030517578,69.7699966430664,67.98999786376953,69.66000366210938,333200
15-01-2025,71.54000091552734,72.38999938964844,70.76000213623047,71.7699966430664,390500
16-01-2025,73.3499984741211,74.22000122070312,71.69999694824219,71.9800033569336,415200
17-01-2025,73.77999877929688,73.97000122070312,71.33999633789062,71.61000061035156,324800
21-01-2025,72.66999816894531,72.72000122070312,71.23999786376953,71.44999694824219,454000
22-01-2025,71.69000244140625,72.0,70.06999969482422,70.58000183105469,564500
23-01-2025,69.61000061035156,70.9800033569336,68.58999633789062,70.95999908447266,446100
24-01-2025,70.8499984741211,71.79000091552734,69.51000213623047,70.81999969482422,448900
27-01-2025,68.91000366210938,69.58000183105469,68.04000091552734,69.44999694824219,564700
28-01-2025,69.5,69.73999786376953,67.72000122070312,68.19000244140625,448800
29-01-2025,69.01000213623047,69.12000274658203,67.5,68.61000061035156,357800
30-01-2025,69.88999938964844,70.9000015258789,68.75,70.1500015258789,369700
31-01-2025,70.27999877929688,71.33000183105469,67.56999969482422,68.0,855700
03-02-2025,66.05999755859375,67.08000183105469,64.18000030517578,65.69999694824219,944600
04-02-2025,65.51000213623047,67.63999938964844,65.51000213623047,66.1500015258789,436000
05-02-2025,66.31999969482422,67.2699966430664,65.37999725341797,67.0999984741211,361000
06-02-2025,66.91000366210938,67.55999755859375,65.05000305175781,65.45999908447266,895300
07-02-2025,65.5,65.8499984741211,63.08000183105469,63.869998931884766,876800
10-02-2025,64.5,67.7300033569336,64.0999984741211,67.58000183105469,1414000
11-02-2025,61.86000061035156,63.20000076293945,57.68000030517578,59.29999923706055,2270400
12-02-2025,58.43000030517578,60.38999938964844,56.31999969482422,60.13999938964844,1314800
13-02-2025,60.59000015258789,62.22999954223633,60.09999847412109,61.97999954223633,952500
14-02-2025,61.97999954223633,61.97999954223633,59.77999877929688,61.060001373291016,554200
18-02-2025,61.25,63.84999847412109,60.18000030517578,63.459999084472656,707900
19-02-2025,63.869998931884766,64.58000183105469,62.880001068115234,63.61000061035156,638500
20-02-2025,63.77999877929688,65.58999633789062,63.61000061035156,64.48999786376953,455400
21-02-2025,65.08999633789062,65.08999633789062,61.61000061035156,63.11000061035156,462300
24-02-2025,63.29999923706055,65.27999877929688,62.380001068115234,63.29999923706055,720600
25-02-2025,62.81999969482422,62.81999969482422,60.459999084472656,61.97999954223633,726600
26-02-2025,62.959999084472656,63.09999847412109,59.869998931884766,59.90999984741211,572000
27-02-2025,59.90999984741211,60.40999984741211,54.93999862670898,55.0,770700
28-02-2025,55.040000915527344,55.84999847412109,53.66999816894531,54.790000915527344,787900
03-03-2025,56.0,57.33000183105469,54.09000015258789,54.869998931884766,935100
04-03-2025,55.2400016784668,57.54999923706055,55.22999954223633,56.29999923706055,725300
05-03-2025,57.29999923706055,58.68999862670898,56.52999877929688,58.540000915527344,563600
06-03-2025,58.02999877929688,60.040000915527344,57.08000183105469,58.880001068115234,739700
07-03-2025,58.84000015258789,61.20000076293945,58.43999862670898,60.630001068115234,663200
10-03-2025,59.27999877929688,60.91999816894531,59.25,59.970001220703125,709900
11-03-2025,60.0099983215332,60.0099983215332,56.220001220703125,57.59999847412109,747300
12-03-2025,59.91999816894531,60.709999084472656,58.31999969482422,59.41999816894531,903300
13-03-2025,59.119998931884766,60.79999923706055,57.209999084472656,58.16999816894531,629000
14-03-2025,58.79999923706055,60.11000061035156,58.290000915527344,58.470001220703125,557500
17-03-2025,58.08000183105469,59.720001220703125,58.0099983215332,58.27000045776367,543300
18-03-2025,57.63999938964844,58.119998931884766,57.13999938964844,57.18999862670898,510200
19-03-2025,57.04999923706055,58.16999816894531,56.81999969482422,57.380001068115234,420400
20-03-2025,56.41999816894531,57.7400016784668,56.41999816894531,56.720001220703125,405700
21-03-2025,55.5,56.91999816894531,54.560001373291016,55.900001525878906,1531700
24-03-2025,57.290000915527344,58.40999984741211,56.720001220703125,57.54999923706055,397700
25-03-2025,57.22999954223633,57.77000045776367,56.08000183105469,56.150001525878906,335700
26-03-2025,55.88999938964844,56.36000061035156,54.58000183105469,55.56999969482422,446100
27-03-2025,55.06999969482422,55.27999877929688,53.68000030517578,53.77999877929688,363500
28-03-2025,53.38999938964844,53.77000045776367,49.68999862670898,49.709999084472656,920400
31-03-2025,48.91999816894531,49.86000061035156,47.22999954223633,49.66999816894531,796600
01-04-2025,49.31999969482422,51.36000061035156,48.63999938964844,50.31999969482422,606600
02-04-2025,49.54999923706055,51.380001068115234,49.27999877929688,50.959999084472656,447200
03-04-2025,48.540000915527344,48.97999954223633,44.790000915527344,44.790000915527344,896700
04-04-2025,43.02999877929688,43.86000061035156,40.400001525878906,42.41999816894531,1415400
07-04-2025,40.81999969482422,47.52000045776367,40.400001525878906,44.84999847412109,1799900
08-04-2025,46.709999084472656,47.06999969482422,41.83000183105469,42.68000030517578,1370800
09-04-2025,42.880001068115234,50.459999084472656,41.380001068115234,48.900001525878906,1236800
10-04-2025,46.52999877929688,47.060001373291016,43.93999862670898,45.220001220703125,868600
11-04-2025,44.970001220703125,47.2400016784668,44.119998931884766,47.04999923706055,518600
14-04-2025,48.20000076293945,48.43999862670898,46.52999877929688,47.47999954223633,586900
15-04-2025,47.43000030517578,48.220001220703125,46.54999923706055,47.16999816894531,503300
16-04-2025,45.0099983215332,46.13999938964844,43.33000183105469,44.619998931884766,443600
17-04-2025,44.52000045776367,44.959999084472656,43.900001525878906,44.77999877929688,448900
21-04-2025,43.0,45.400001525878906,43.0,45.22999954223633,547600
22-04-2025,45.27000045776367,46.0,44.08000183105469,45.09999847412109,606700
23-04-2025,47.43000030517578,48.68999862670898,45.709999084472656,45.93999862670898,523300
24-04-2025,47.369998931884766,49.59999847412109,46.79999923706055,48.900001525878906,816700
25-04-2025,48.22999954223633,50.04999923706055,47.959999084472656,49.84000015258789,326000
28-04-2025,49.79999923706055,50.619998931884766,47.90999984741211,48.59999847412109,535900
29-04-2025,47.900001525878906,48.9900016784668,47.52000045776367,47.869998931884766,368700
30-04-2025,46.65999984741211,49.13999938964844,46.52000045776367,48.97999954223633,635600
01-05-2025,49.540000915527344,50.61000061035156,49.09999847412109,49.11000061035156,746200
02-05-2025,50.459999084472656,53.459999084472656,50.459999084472656,52.29999923706055,913600
05-05-2025,51.66999816894531,52.619998931884766,50.81999969482422,52.09000015258789,1068100
06-05-2025,56.2599983215332,60.0,52.54999923706055,54.68999862670898,1149000
07-05-2025,55.93000030517578,59.0,55.810001373291016,58.08000183105469,1240400
08-05-2025,59.45000076293945,60.369998931884766,58.209999084472656,58.86000061035156,754100
09-05-2025,59.150001525878906,59.58000183105469,57.040000915527344,57.65999984741211,552700
12-05-2025,62.0,64.69000244140625,61.5,62.150001525878906,786600
13-05-2025,62.29999923706055,64.1500015258789,62.2400016784668,62.86000061035156,511500
14-05-2025,62.7599983215332,63.43000030517578,61.93999862670898,62.75,542300
15-05-2025,61.65999984741211,62.790000915527344,60.81999969482422,62.66999816894531,522100
16-05-2025,62.380001068115234,62.380001068115234,61.20000076293945,61.58000183105469,396000
19-05-2025,60.18000030517578,62.13999938964844,60.09999847412109,62.0099983215332,388600
20-05-2025,61.400001525878906,62.5,61.400001525878906,62.459999084472656,424900
21-05-2025,61.43000030517578,61.79999923706055,58.9900016784668,59.06999969482422,384600
22-05-2025,58.630001068115234,60.20000076293945,58.40999984741211,59.04999923706055,301100
23-05-2025,57.09999847412109,59.040000915527344,56.650001525878906,58.31999969482422,326400
27-05-2025,59.43000030517578,61.02999877929688,59.08000183105469,59.66999816894531,421000
28-05-2025,59.650001525878906,60.59999847412109,57.400001525878906,57.54999923706055,525300
29-05-2025,59.02000045776367,59.7400016784668,57.560001373291016,58.0,423400
30-05-2025,57.540000915527344,57.84999847412109,55.93000030517578,56.34000015258789,728800
02-06-2025,56.34000015258789,57.5,56.18999862670898,56.459999084472656,472300
03-06-2025,56.7599983215332,59.38999938964844,56.20000076293945,59.27000045776367,487100
04-06-2025,58.810001373291016,62.2400016784668,58.470001220703125,61.4900016784668,558600
05-06-2025,62.20000076293945,62.880001068115234,59.9900016784668,60.34999847412109,598700
06-06-2025,61.91999816894531,63.869998931884766,61.5,63.5099983215332,480800
09-06-2025,64.7300033569336,68.93000030517578,64.16999816894531,67.61000061035156,1092300
10-06-2025,68.16000366210938,73.56999969482422,68.16000366210938,70.76000213623047,1560500
11-06-2025,71.5,71.5,67.5,67.93000030517578,931700
12-06-2025,67.62999725341797,68.98999786376953,67.37000274658203,68.91000366210938,610500
13-06-2025,66.87000274658203,67.5,64.26000213623047,65.06999969482422,776600
16-06-2025,66.55999755859375,69.12999725341797,66.41000366210938,68.95999908447266,538600
17-06-2025,68.52999877929688,69.79000091552734,68.27999877929688,68.4800033569336,468700
18-06-2025,68.94000244140625,69.12000274658203,66.19999694824219,66.88999938964844,465400
20-06-2025,67.95999908447266,68.58000183105469,64.62000274658203,66.0199966430664,588100
23-06-2025,65.98999786376953,67.02999877929688,65.0,66.52999877929688,317100
24-06-2025,68.0,70.0,67.37999725341797,69.63999938964844,533300
25-06-2025,70.25,70.88999938964844,69.05999755859375,70.16000366210938,719700
26-06-2025,71.19999694824219,72.4000015258789,70.20999908447266,70.91999816894531,514900
27-06-2025,70.8499984741211,71.37999725341797,68.33000183105469,69.69000244140625,1291800
30-06-2025,70.05000305175781,71.01000213623047,69.29000091552734,69.69000244140625,465300
01-07-2025,69.11000061035156,72.5,68.51000213623047,71.98999786376953,465900
02-07-2025,71.98999786376953,74.1500015258789,71.72000122070312,72.94999694824219,491600
03-07-2025,72.9000015258789,73.4800033569336,72.30000305175781,73.04000091552734,255200
07-07-2025,71.69000244140625,73.1500015258789,70.63999938964844,70.94999694824219,341900
08-07-2025,71.29000091552734,74.81999969482422,71.29000091552734,74.20999908447266,516900
09-07-2025,73.81999969482422,75.01000213623047,72.83000183105469,74.37000274658203,330400
10-07-2025,75.06999969482422,76.80000305175781,74.5,75.6500015258789,371500
11-07-2025,74.41999816894531,76.19000244140625,74.0,74.86000061035156,378900
14-07-2025,73.81999969482422,74.1500015258789,70.38999938964844,71.45999908447266,362400
15-07-2025,73.5199966430664,74.16999816894531,71.01000213623047,71.75,420900
16-07-2025,70.62000274658203,71.94999694824219,69.18000030517578,71.63999938964844,315400
17-07-2025,71.27999877929688,72.33999633789062,70.6500015258789,71.5199966430664,367700
18-07-2025,72.43000030517578,72.86000061035156,70.66999816894531,70.95999908447266,303300
21-07-2025,71.62999725341797,75.2699966430664,71.62999725341797,74.54000091552734,707900
22-07-2025,74.80999755859375,76.4000015258789,73.30000305175781,75.25,555600
23-07-2025,75.7300033569336,76.27999877929688,73.0999984741211,74.83999633789062,436900
24-07-2025,74.51000213623047,74.73999786376953,71.83000183105469,72.8499984741211,476100
25-07-2025,72.66000366210938,73.48999786376953,71.81999969482422,73.4000015258789,246500
28-07-2025,74.38999938964844,75.7699966430664,73.94999694824219,75.37999725341797,482900
29-07-2025,76.23999786376953,77.41999816894531,73.0,73.16999816894531,501600
30-07-2025,73.98999786376953,74.61000061035156,71.77999877929688,72.88999938964844,433600
31-07-2025,71.18000030517578,71.18000030517578,67.16000366210938,67.69000244140625,757900
01-08-2025,66.58000183105469,69.1500015258789,65.63999938964844,68.75,545400
04-08-2025,68.9800033569336,70.91999816894531,67.48999786376953,70.87999725341797,649100
05-08-2025,80.0,84.37000274658203,75.9800033569336,78.01000213623047,1579600
06-08-2025,77.16000366210938,77.83000183105469,74.87999725341797,75.72000122070312,1090500
07-08-2025,77.87000274658203,80.4800033569336,77.37000274658203,79.51000213623047,671100
08-08-2025,80.04000091552734,80.2300033569336,78.5199966430664,79.41999816894531,390000
11-08-2025,79.5999984741211,80.5,77.83000183105469,78.0,356800
12-08-2025,78.44000244140625,82.55000305175781,78.0199966430664,81.31999969482422,580600
13-08-2025,81.68000030517578,85.44999694824219,81.68000030517578,84.97000122070312,870400
14-08-2025,83.75,84.1500015258789,82.51000213623047,83.76000213623047,346300
15-08-2025,81.0,81.20999908447266,78.75,80.51000213623047,618500
18-08-2025,80.51000213623047,81.69999694824219,79.7699966430664,80.7300033569336,289700
19-08-2025,80.7300033569336,82.27999877929688,79.23999786376953,80.19999694824219,340100
20-08-2025,80.20999908447266,80.4000015258789,77.70999908447266,79.06999969482422,361900
21-08-2025,78.18000030517578,79.83000183105469,77.69999694824219,78.51000213623047,390800
22-08-2025,79.37999725341797,83.36000061035156,78.86000061035156,81.29000091552734,493600
25-08-2025,81.9000015258789,82.18000030517578,80.33000183105469,80.37999725341797,293200
26-08-2025,79.81999969482422,81.81999969482422,79.77999877929688,80.91000366210938,390300
27-08-2025,81.05999755859375,82.22000122070312,80.38999938964844,81.91999816894531,292500
28-08-2025,82.05000305175781,82.7699966430664,79.95999908447266,82.01000213623047,876300
29-08-2025,81.83000183105469,82.2699966430664,79.55000305175781,80.04000091552734,385800
02-09-2025,77.31999969482422,80.06999969482422,77.16000366210938,79.5999984741211,416800
03-09-2025,79.69999694824219,80.16999816894531,77.55000305175781,78.69000244140625,823500
04-09-2025,78.22000122070312,79.43000030517578,77.31999969482422,78.79000091552734,325800
05-09-2025,79.63999938964844,81.52999877929688,79.63999938964844,80.61000061035156,331000
08-09-2025,81.33000183105469,82.0,79.66999816894531,81.81999969482422,286200
09-09-2025,81.73999786376953,83.75,81.66000366210938,83.08000183105469,422200
10-09-2025,83.55000305175781,83.55000305175781,82.0999984741211,83.27999877929688,300900
11-09-2025,83.98999786376953,87.41999816894531,83.51000213623047,86.36000061035156,577800
12-09-2025,85.87000274658203,86.18000030517578,84.7699966430664,85.55000305175781,274300
15-09-2025,86.13999938964844,88.1500015258789,86.0,87.30000305175781,418100
16-09-2025,87.70999908447266,90.1500015258789,87.69999694824219,89.80999755859375,572300
17-09-2025,89.5199966430664,93.0,88.48999786376953,91.0999984741211,584100
18-09-2025,94.23999786376952,97.18000030517578,93.47000122070312,96.66000366210938,679700
19-09-2025,96.63999938964844,96.63999938964844,94.54000091552734,95.6500015258789,1168500
22-09-2025,96.27999877929688,100.4800033569336,96.0,100.44000244140624,697800
23-09-2025,101.05999755859376,102.93000030517578,98.29000091552734,98.47000122070312,704000
24-09-2025,98.12000274658205,98.75,96.56999969482422,97.16000366210938,408900
25-09-2025,94.98999786376952,97.83000183105467,93.0,97.12999725341795,399300
26-09-2025,96.61000061035156,98.1500015258789,95.22000122070312,97.4800033569336,280000
29-09-2025,98.91999816894533,98.91999816894533,96.61000061035156,96.6999969482422,395800
30-09-2025,96.29000091552734,98.58000183105467,95.0,97.63999938964844,301700
01-10-2025,93.54000091552734,95.58999633789062,86.04000091552734,94.76000213623048,2521300
02-10-2025,98.0999984741211,98.3499984741211,92.58000183105467,93.56999969482422,1108100
03-10-2025,93.56999969482422,93.66000366210938,88.5199966430664,88.70999908447266,993200
06-10-2025,89.30999755859375,93.37999725341795,87.66000366210938,87.69000244140625,933800
07-10-2025,88.05999755859375,89.0,83.56999969482422,83.66000366210938,992900
08-10-2025,83.0,85.48999786376953,82.80000305175781,84.47000122070312,1017100
09-10-2025,84.69999694824219,85.58000183105469,83.44000244140625,84.61000061035156,615600
10-10-2025,85.11000061035156,85.87999725341797,79.11000061035156,79.19000244140625,1107600
13-10-2025,80.27999877929688,81.87999725341797,79.19999694824219,81.43000030517578,909100
14-10-2025,79.87000274658203,82.4000015258789,79.05999755859375,80.37999725341797,609500
15-10-2025,82.66000366210938,83.8499984741211,80.93000030517578,83.7699966430664,771700
16-10-2025,84.94000244140625,86.55000305175781,82.05999755859375,83.62000274658203,467300
17-10-2025,82.68000030517578,83.55000305175781,82.01000213623047,82.87999725341797,407300
20-10-2025,83.9800033569336,85.43000030517578,83.62000274658203,83.87999725341797,351400
21-10-2025,83.27999877929688,84.3499984741211,82.04000091552734,83.29000091552734,480400
22-10-2025,82.73999786376953,83.12999725341797,78.80000305175781,81.4000015258789,608700
23-10-2025,80.16999816894531,84.62999725341797,80.16999816894531,84.36000061035156,517100
24-10-2025,85.37999725341797,85.52999877929688,83.30000305175781,83.30999755859375,359600
27-10-2025,84.66000366210938,85.3499984741211,82.76000213623047,83.25,452600
28-10-2025,82.70999908447266,83.4000015258789,81.88999938964844,82.29000091552734,337800
29-10-2025,83.47000122070312,84.68000030517578,82.5,83.13999938964844,460300
30-10-2025,83.13999938964844,84.69999694824219,81.73999786376953,81.83999633789062,599200
31-10-2025,81.19999694824219,81.61000061035156,78.88999938964844,79.55999755859375,1148100
03-11-2025,81.94999694824219,84.0999984741211,80.95999908447266,82.73999786376953,1229700
04-11-2025,89.44000244140625,89.44000244140625,80.47000122070312,80.51000213623047,1492800
05-11-2025,80.5999984741211,85.6500015258789,80.55000305175781,84.44999694824219,861700
06-11-2025,84.05000305175781,84.9800033569336,80.54000091552734,82.13999938964844,638800
07-11-2025,80.54000091552734,85.77999877929688,80.01000213623047,85.73999786376953,636400
10-11-2025,87.94999694824219,89.80000305175781,86.11000061035156,87.41999816894531,654500
11-11-2025,87.44999694824219,87.44999694824219,83.5,85.58000183105469,573200
12-11-2025,86.44999694824219,88.37000274658203,85.2300033569336,85.41999816894531,509600
13-11-2025,84.12000274658203,85.56999969482422,81.0,82.62000274658203,719200
14-11-2025,79.98999786376953,82.5,78.66000366210938,81.54000091552734,481500
17-11-2025,80.9000015258789,82.3499984741211,79.58000183105469,80.52999877929688,444100
18-11-2025,78.47000122070312,79.52999877929688,76.69000244140625,77.69999694824219,622400
19-11-2025,78.01000213623047,79.41999816894531,77.63999938964844,77.8499984741211,386000
20-11-2025,78.95999908447266,79.95999908447266,73.7699966430664,74.12000274658203,505600
21-11-2025,73.9000015258789,78.29000091552734,73.5999984741211,76.87999725341797,597700
24-11-2025,77.16000366210938,79.25,77.16000366210938,78.88999938964844,454400
25-11-2025,79.66999816894531,83.66999816894531,79.37000274658203,82.75,512300
26-11-2025,82.7699966430664,84.26000213623047,81.91999816894531,82.12999725341797,611500
28-11-2025,82.16000366210938,83.36000061035156,81.68000030517578,82.7699966430664,132800
01-12-2025,81.4000015258789,83.0199966430664,80.5199966430664,81.51000213623047,518800
02-12-2025,81.87000274658203,82.93000030517578,80.7300033569336,82.43000030517578,522100
03-12-2025,82.95999908447266,88.9000015258789,81.48999786376953,88.0199966430664,656400
04-12-2025,87.05000305175781,89.73999786376953,85.76000213623047,89.0999984741211,472200
05-12-2025,89.81999969482422,91.88999938964844,89.43000030517578,90.81999969482422,449100
08-12-2025,91.91999816894533,93.22000122070312,90.26000213623048,91.13999938964844,535500
09-12-2025,90.33000183105467,90.69000244140624,88.2300033569336,88.94999694824219,591400
10-12-2025,88.11000061035156,92.0199966430664,88.11000061035156,90.33999633789062,706800
11-12-2025,90.25,91.62999725341795,88.54000091552734,89.08000183105469,645800
12-12-2025,88.12000274658203,88.87999725341797,83.47000122070312,85.61000061035156,720100
15-12-2025,86.16000366210938,87.61000061035156,83.61000061035156,87.26000213623047,638400
16-12-2025,86.83999633789062,87.8499984741211,84.41000366210938,86.31999969482422,561400
17-12-2025,86.05000305175781,87.11000061035156,80.5199966430664,81.6500015258789,630500
18-12-2025,83.77999877929688,85.8499984741211,80.69999694824219,81.12999725341797,437400
19-12-2025,80.97000122070312,83.98999786376953,80.97000122070312,82.72000122070312,875600
22-12-2025,84.2699966430664,84.5999984741211,82.56999969482422,83.1500015258789,325400
23-12-2025,82.8499984741211,84.26000213623047,82.0199966430664,83.69999694824219,294000
24-12-2025,84.16000366210938,84.3499984741211,82.12999725341797,82.80000305175781,189600
26-12-2025,83.72000122070312,83.72000122070312,82.29000091552734,82.61000061035156,211400
29-12-2025,82.0,83.0,80.9000015258789,81.81999969482422,237500
30-12-2025,82.0,82.63999938964844,81.36000061035156,81.55000305175781,163500
31-12-2025,81.63999938964844,81.63999938964844,80.04000091552734,80.33999633789062,217200
02-01-2026,81.61000061035156,86.97000122070312,81.61000061035156,86.12000274658203,436600
05-01-2026,88.19999694824219,91.27999877929688,88.05000305175781,89.04000091552734,625800
06-01-2026,89.8499984741211,95.5,89.8499984741211,93.9000015258789,664500
07-01-2026,91.77999877929688,94.69000244140624,91.25,92.98999786376952,737500
08-01-2026,92.30999755859376,92.9000015258789,87.73999786376953,89.88999938964844,893600
09-01-2026,90.19000244140624,94.6500015258789,90.19000244140624,93.0999984741211,535400
12-01-2026,92.94000244140624,97.8000030517578,92.94000244140624,95.72000122070312,644400
13-01-2026,96.37000274658205,97.83999633789062,95.48999786376952,97.04000091552734,519800
14-01-2026,96.62000274658205,96.62000274658205,92.30999755859376,93.22000122070312,564200
15-01-2026,99.0,100.62000274658205,95.9000015258789,96.5,526100
16-01-2026,98.27999877929688,100.0,93.02999877929688,93.12000274658205,556600
20-01-2026,90.8000030517578,92.13999938964844,88.05000305175781,88.16000366210938,546300
21-01-2026,89.94000244140625,94.68000030517578,88.47000122070312,93.41999816894533,474300
22-01-2026,95.55999755859376,96.37000274658205,93.52999877929688,94.95999908447266,485500
23-01-2026,94.75,94.91999816894533,89.7300033569336,91.12000274658205,572400
26-01-2026,90.87000274658205,92.0500030517578,89.0199966430664,89.16999816894531,382800
27-01-2026,90.30999755859376,92.61000061035156,90.04000091552734,91.04000091552734,428400
28-01-2026,93.63999938964844,94.3499984741211,89.2300033569336,91.2300033569336,550600
29-01-2026,91.95999908447266,93.20999908447266,88.5199966430664,92.1999969482422,535500
30-01-2026,89.66000366210938,92.5,87.41999816894531,88.06999969482422,552200
02-02-2026,85.88999938964844,90.5199966430664,85.63999938964844,88.80999755859375,515200
03-02-2026,89.31999969482422,91.01000213623048,81.33000183105469,84.37000274658203,1086800
04-02-2026,85.12000274658203,87.18000030517578,82.55000305175781,82.76000213623047,988200
05-02-2026,81.75,82.5,79.3499984741211,81.48999786376953,1100400
06-02-2026,82.12999725341797,87.63999938964844,82.01000213623047,86.08000183105469,559400
09-02-2026,85.47000122070312,85.55999755859375,83.70999908447266,85.47000122070312,635800
10-02-2026,85.88999938964844,90.83000183105467,85.47000122070312,89.05000305175781,586500
11-02-2026,91.70999908447266,93.4000015258789,89.58999633789062,91.81999969482422,713100
12-02-2026,92.5,94.5199966430664,89.7699966430664,90.54000091552734,577500
13-02-2026,91.8499984741211,95.5500030517578,91.5,94.5500030517578,1086100
17-02-2026,92.73999786376952,99.11000061035156,90.26000213623048,98.5,1706100
18-02-2026,79.27999877929688,84.5199966430664,75.30999755859375,82.01000213623047,5144900
19-02-2026,80.81999969482422,82.87999725341797,77.5,80.62000274658203,1636400
20-02-2026,79.30000305175781,80.88999938964844,76.44999694824219,80.16000366210938,1263400
23-02-2026,80.11000061035156,80.11000061035156,77.73999786376953,78.79000091552734,913000
24-02-2026,79.36000061035156,82.62999725341797,79.0,81.7699966430664,685100
25-02-2026,82.38999938964844,82.81999969482422,78.87000274658203,80.0199966430664,582500
26-02-2026,80.9000015258789,83.86000061035156,78.87999725341797,83.58000183105469,964100
27-02-2026,81.41000366210938,84.4000015258789,80.80000305175781,82.61000061035156,1001900
02-03-2026,82.0999984741211,86.66000366210938,81.63999938964844,86.58000183105469,683000
03-03-2026,82.94999694824219,87.2699966430664,82.47000122070312,85.87999725341797,1382700
04-03-2026,87.13999938964844,88.13999938964844,86.13999938964844,86.62000274658203,717700
05-03-2026,84.91999816894531,86.12999725341797,83.5199966430664,85.91000366210938,810200
06-03-2026,82.83999633789062,84.79000091552734,80.22000122070312,82.23999786376953,652900
09-03-2026,80.5,85.02999877929688,79.5,84.05999755859375,666700
10-03-2026,83.86000061035156,87.62999725341797,83.36000061035156,85.81999969482422,569900
11-03-2026,85.81999969482422,87.19000244140625,84.7699966430664,86.22000122070312,434500
12-03-2026,84.58999633789062,86.56999969482422,83.77999877929688,85.18000030517578,632400
13-03-2026,82.5,86.0,81.93000030517578,83.19000244140625,829200
16-03-2026,85.16999816894531,85.75,83.51000213623047,84.55000305175781,624900
17-03-2026,84.9000015258789,86.2300033569336,84.11000061035156,85.1500015258789,623200
18-03-2026,85.9800033569336,88.55999755859375,85.01000213623047,85.73999786376953,679400
19-03-2026,83.5,88.25,83.06999969482422,87.12000274658203,473700
20-03-2026,87.68000030517578,88.0,83.69999694824219,84.43000030517578,1112100
23-03-2026,86.5,88.0,85.1500015258789,85.7699966430664,477800
24-03-2026,85.63999938964844,96.79000091552734,85.61000061035156,94.38999938964844,1300000
25-03-2026,95.2699966430664,101.3499984741211,95.2699966430664,100.8499984741211,1028800
26-03-2026,98.3000030517578,101.0,97.5,98.3499984741211,1011700
27-03-2026,96.06999969482422,99.80999755859376,96.06999969482422,97.3499984741211,692100
30-03-2026,99.04000091552734,99.04000091552734,89.2699966430664,90.43000030517578,673500
31-03-2026,91.87000274658205,93.80999755859376,89.16000366210938,93.08000183105467,592100
01-04-2026,94.93000030517578,98.95999908447266,94.0,95.51000213623048,618400
02-04-2026,91.77999877929688,96.77999877929688,91.77999877929688,95.08999633789062,353600
06-04-2026,94.95999908447266,97.8499984741211,93.29000091552734,97.5,495600
07-04-2026,97.37000274658205,99.63999938964844,94.02999877929688,96.87000274658205,482500
08-04-2026,102.0,105.1500015258789,100.77999877929688,104.6500015258789,697200
09-04-2026,104.6500015258789,108.70999908447266,104.08000183105467,108.23999786376952,645200
10-04-2026,110.0,112.81999969482422,109.7300033569336,110.37000274658205,670400
13-04-2026,109.66000366210938,111.36000061035156,108.0500030517578,110.73999786376952,438500
14-04-2026,113.0,114.83999633789062,111.83000183105467,113.05999755859376,457500
15-04-2026,113.08000183105467,120.98999786376952,113.08000183105467,117.87999725341795,949800
16-04-2026,117.6999969482422,120.47000122070312,116.26000213623048,118.76000213623048,693000
17-04-2026,121.12999725341795,121.83999633789062,117.54000091552734,118.7300033569336,449900
20-04-2026,121.5,132.1999969482422,120.63999938964844,131.02000427246094,1314700
21-04-2026,131.97999572753906,137.44000244140625,130.0500030517578,133.19000244140625,1209800
22-04-2026,138.00999450683594,140.49000549316406,134.05999755859375,139.92999267578125,894900
23-04-2026,139.52000427246094,140.0,135.47000122070312,139.86000061035156,734300
24-04-2026,146.38999938964844,147.94000244140625,138.41000366210938,143.1300048828125,850200
27-04-2026,143.4199981689453,144.1699981689453,135.0,137.4600067138672,642600
28-04-2026,132.61000061035156,138.0399932861328,130.02000427246094,134.02000427246094,835800
29-04-2026,136.0,136.3000030517578,130.57000732421875,133.61000061035156,424600
30-04-2026,134.13999938964844,140.5,132.58999633789062,139.11000061035156,798700
01-05-2026,138.86000061035156,140.66000366210938,136.97999572753906,139.99000549316406,320600
04-05-2026,141.24000549316406,143.5500030517578,138.3300018310547,141.8699951171875,446000
05-05-2026,142.8000030517578,145.4199981689453,138.75,139.6999969482422,1017900
06-05-2026,159.22999572753906,171.61000061035156,156.42999267578125,171.0,1884300
07-05-2026,168.52999877929688,169.0,157.08999633789062,158.66000366210938,1421700
08-05-2026,157.25,164.69000244140625,149.19000244140625,163.02999877929688,1033500
11-05-2026,164.92999267578125,168.13999938964844,160.4499969482422,165.0800018310547,639100
12-05-2026,159.1999969482422,163.05999755859375,153.02000427246094,161.63999938964844,751700
13-05-2026,165.47999572753906,167.64999389648438,158.36000061035156,162.14999389648438,572700
14-05-2026,163.38999938964844,165.4600067138672,160.0,161.63999938964844,393300
15-05-2026,155.30999755859375,157.22000122070312,152.58999633789062,155.17999267578125,556300
18-05-2026,154.6699981689453,155.61000061035156,143.08999633789062,146.24000549316406,609000
19-05-2026,141.63999938964844,144.39999389648438,137.83999633789062,143.22999572753906,640400
20-05-2026,146.08999633789062,151.36000061035156,144.66000366210938,149.55999755859375,386200
21-05-2026,148.85000610351562,155.07000732421875,147.91000366210938,152.50999450683594,349800
22-05-2026,153.22999572753906,158.97999572753906,151.82000732421875,156.94000244140625,476900
26-05-2026,160.75,164.9600067138672,157.24000549316406,164.27000427246094,478500
27-05-2026,166.00999450683594,167.00999450683594,157.72000122070312,157.91000366210938,539900
28-05-2026,157.8000030517578,158.22999572753906,151.8800048828125,155.5500030517578,318500
29-05-2026,155.85000610351562,157.80999755859375,149.27999877929688,150.41000366210938,518000
01-06-2026,147.75,151.22000122070312,145.25,150.4199981689453,417400
02-06-2026,153.77999877929688,159.02999877929688,152.83999633789062,158.77999877929688,272300
03-06-2026,160.0800018310547,162.0,156.5500030517578,159.19000244140625,450300
04-06-2026,153.1199951171875,167.50999450683594,151.22999572753906,161.8699951171875,719700
05-06-2026,155.27999877929688,159.25999450683594,147.0500030517578,147.16000366210938,441800
08-06-2026,153.16000366210938,160.35000610351562,151.72999572753906,154.75999450683594,520900
09-06-2026,160.39999389648438,182.19000244140625,157.83999633789062,164.57000732421875,1248000
10-06-2026,161.5500030517578,172.0,154.05999755859375,157.42999267578125,821900
11-06-2026,164.94000244140625,174.02000427246094,160.05999755859375,173.57000732421875,695900
12-06-2026,174.1999969482422,183.6199951171875,172.5,180.1199951171875,641100
15-06-2026,185.3099975585937,193.77999877929688,185.3099975585937,191.6000061035156,1003300
16-06-2026,189.82000732421875,193.5,176.0,176.85000610351562,661300
17-06-2026,183.3000030517578,187.3699951171875,174.0500030517578,175.4499969482422,426600
18-06-2026,184.1199951171875,188.72000122070312,183.22999572753903,187.52999877929688,688800
22-06-2026,189.83999633789065,190.25,179.58999633789062,183.9199981689453,503700
23-06-2026,171.00999450683594,174.8800048828125,169.0,171.05999755859375,562600
24-06-2026,172.22000122070312,172.22000122070312,164.49000549316406,168.91000366210938,541300
25-06-2026,178.1699981689453,180.92999267578125,169.07000732421875,180.6999969482422,605900
26-06-2026,171.94000244140625,176.66000366210938,168.6999969482422,173.22999572753906,1774900
29-06-2026,172.1199951171875,176.4600067138672,163.75,176.1300048828125,658700
30-06-2026,178.69000244140625,191.1999969482422,178.66000366210938,189.4499969482422,807800
01-07-2026,181.0,185.009994506836,173.10000610351562,178.3300018310547,586500
02-07-2026,176.6199951171875,176.6199951171875,141.6699981689453,144.5,1036500
06-07-2026,148.42999267578125,152.2100067138672,138.8699951171875,139.97000122070312,672100
07-07-2026,130.8699951171875,133.02999877929688,122.5999984741211,131.5399932861328,860700
08-07-2026,129.82000732421875,135.97999572753906,129.10000610351562,135.42999267578125,569300
09-07-2026,141.75,146.0,140.61000061035156,142.92999267578125,425700
10-07-2026,139.32000732421875,144.61000061035156,138.58999633789062,143.35000610351562,328100
13-07-2026,139.83999633789062,141.22000122070312,135.97000122070312,136.55999755859375,294200
14-07-2026,143.2100067138672,145.7100067138672,140.25,142.24000549316406,473600
15-07-2026,144.6699981689453,149.99000549316406,140.3300018310547,145.00999450683594,450100
16-07-2026,140.11000061035156,146.08999633789062,137.5,139.33999633789062,373100
17-07-2026,130.83999633789062,141.30999755859375,127.95999908447266,136.4199981689453,689900
20-07-2026,137.22000122070312,139.50999450683594,130.27000427246094,131.6999969482422,388400
21-07-2026,139.0500030517578,143.66000366210938,133.88999938964844,143.2100067138672,368100
22-07-2026,139.13999938964844,145.00999450683594,139.13999938964844,141.9499969482422,273400
23-07-2026,139.5,143.8699951171875,138.1300048828125,141.50999450683594,270600
24-07-2026,140.57000732421875,140.57000732421875,131.47999572753906,134.10000610351562,363300
27-07-2026,134.3000030517578,136.63999938964844,122.91999816894533,128.11000061035156,407600
28-07-2026,122.01000213623048,122.01000213623048,112.33999633789062,120.02999877929688,600000
29-07-2026,119.27999877929688,121.55999755859376,111.8000030517578,112.0500030517578,399100
30-07-2026,118.9000015258789,127.26000213623048,117.36000061035156,125.20999908447266,339200
31-07-2026,130.8699951171875,136.8000030517578,126.0199966430664,130.3800048828125,481400
03-08-2026,126.02999877929688,133.35000610351562,124.72000122070312,131.1199951171875,411900
04-08-2026,136.63999938964844,140.52000427246094,135.24000549316406,139.6999969482422,401800
05-08-2026,136.3000030517578,140.66000366210938,133.8699951171875,136.6699981689453,617900
06-08-2026,136.6999969482422,144.0800018310547,130.8300018310547,136.66000366210938,907700
07-08-2026,136.66000366210938,141.3300018310547,136.66000366210938,140.27000427246094,464100
10-08-2026,142.97000122070312,142.97999572753906,131.91000366210938,132.64999389648438,355000
11-08-2026,136.77999877929688,137.77999877929688,132.27000427246094,135.36000061035156,283100
12-08-2026,141.91000366210938,143.0,139.75,142.13999938964844,273700
13-08-2026,141.2899932861328,145.69000244140625,141.0500030517578,143.02999877929688,187100
14-08-2026,140.0800018310547,142.33999633789062,137.52999877929688,140.14999389648438,219900
17-08-2026,140.75,145.6999969482422,138.77000427246094,144.11000061035156,282000
18-08-2026,136.19000244140625,138.99000549316406,132.8699951171875,135.38999938964844,304700
19-08-2026,137.0800018310547,137.30999755859375,125.5,126.43000030517578,425000
20-08-2026,124.5999984741211,127.02999877929688,123.01000213623048,124.97000122070312,216400
21-08-2026,126.63999938964844,127.43000030517578,121.9499969482422,127.06999969482422,378900
24-08-2026,124.5,124.62999725341795,121.23999786376952,123.48999786376952,224300
25-08-2026,127.04000091552734,127.43000030517578,122.5500030517578,125.4000015258789,281500
26-08-2026,125.5,125.94000244140624,119.69000244140624,120.36000061035156,354000
27-08-2026,124.61000061035156,126.6999969482422,119.37000274658205,122.4000015258789,348900
28-08-2026,122.4000015258789,123.0,115.26000213623048,115.56999969482422,297600
31-08-2026,116.76000213623048,117.33000183105467,113.58999633789062,115.33000183105467,307800
01-09-2026,113.56999969482422,114.5,109.62000274658205,110.08999633789062,301400
02-09-2026,110.5999984741211,111.80999755859376,108.0,110.7699966430664,443200
03-09-2026,110.23999786376952,111.94000244140624,107.87000274658205,110.37000274658205,248500
04-09-2026,112.3499984741211,115.1999969482422,111.79000091552734,115.08000183105467,480700
08-09-2026,118.30999755859376,120.95999908447266,117.1500015258789,119.16999816894533,250700
09-09-2026,117.87000274658205,120.33999633789062,114.69000244140624,115.55999755859376,306800
10-09-2026,112.5,115.0500030517578,111.01000213623048,113.3000030517578,173900
11-09-2026,115.86000061035156,117.36000061035156,113.18000030517578,113.43000030517578,311600
14-09-2026,107.26000213623048,109.0199966430664,104.9499969482422,105.30999755859376,435600
15-09-2026,107.36000061035156,107.36000061035156,103.12999725341795,105.04000091552734,309100
16-09-2026,107.41000366210938,107.62999725341795,102.66000366210938,103.75,441200
17-09-2026,106.16,107.84,103.94,104.6,394400
18-09-2026,106.15,109.41,105.05,109.32,485900
21-09-2026,112.5,113.74,110.08,113.15,291000
22-09-2026,112.95,115.87,112.95,115.74,256900
23-09-2026,115.56,118.77,111.19,118.43,402300
24-09-2026,116.08,116.7,111.92,116.14,385500
25-09-2026,117.88,123.38,117.22,123.11,379000
28-09-2026,123.99,124.95,120.0,124.01,321000
29-09-2026,127.0,128.88,123.29,128.69,367900
30-09-2026,131.81,132.69,128.57,131.18,477500
01-10-2026,133.61,137.14,130.5,136.71,402900
02-10-2026,143.28,149.95,141.0,147.77,453000
05-10-2026,147.77,147.91,141.95,142.31,372500
06-10-2026,144.42,144.81,140.73,141.15,197000
07-10-2026,137.0,139.05,135.85,138.4,279000
08-10-2026,135.19,138.48,132.48,133.48,252000
09-10-2026,137.37,138.41,133.45,134.71,244000
