Date,Open,High,Low,Close,Volume
30-09-2021,42.81999969482422,42.86000061035156,41.45000076293945,41.45000076293945,678600
01-10-2021,41.84999847412109,42.38999938964844,40.43999862670898,41.97999954223633,882800
04-10-2021,42.45000076293945,42.93999862670898,41.48500061035156,42.0,676900
05-10-2021,41.84000015258789,42.834999084472656,41.41999816894531,42.5,462300
06-10-2021,41.45000076293945,42.20000076293945,39.810001373291016,40.31999969482422,747500
07-10-2021,41.2400016784668,43.650001525878906,40.79999923706055,42.59000015258789,823700
08-10-2021,42.900001525878906,44.68999862670898,42.56999969482422,44.31999969482422,777000
11-10-2021,44.02999877929688,45.119998931884766,43.459999084472656,44.20000076293945,771900
12-10-2021,44.13999938964844,44.650001525878906,43.29600143432617,44.40999984741211,921700
13-10-2021,44.02999877929688,44.51800155639648,43.7400016784668,43.88999938964844,495700
14-10-2021,44.5,45.33000183105469,44.0,45.31999969482422,448600
15-10-2021,46.77999877929688,47.150001525878906,45.7400016784668,45.970001220703125,1410300
18-10-2021,45.400001525878906,46.2400016784668,43.54999923706055,43.66999816894531,797800
19-10-2021,44.0,44.38999938964844,43.40999984741211,43.75,422300
20-10-2021,42.43000030517578,44.7599983215332,42.13999938964844,44.33000183105469,1216000
21-10-2021,44.34000015258789,45.2400016784668,44.04999923706055,44.15999984741211,619300
22-10-2021,44.20000076293945,44.880001068115234,42.619998931884766,42.90999984741211,586100
25-10-2021,43.18000030517578,43.749000549316406,42.540000915527344,43.310001373291016,559800
26-10-2021,43.43999862670898,43.43999862670898,40.47999954223633,40.61000061035156,1394600
27-10-2021,40.150001525878906,41.5099983215332,39.630001068115234,40.880001068115234,744400
28-10-2021,41.33000183105469,41.83300018310547,41.13999938964844,41.5099983215332,596400
29-10-2021,41.5,42.04499816894531,40.900001525878906,41.619998931884766,733200
01-11-2021,42.040000915527344,43.97999954223633,41.70000076293945,43.56999969482422,645300
02-11-2021,43.58000183105469,44.630001068115234,42.709999084472656,44.400001525878906,494600
03-11-2021,44.04999923706055,46.16999816894531,44.04999923706055,45.66999816894531,614500
04-11-2021,46.25,46.97999954223633,44.935001373291016,45.36000061035156,454300
05-11-2021,46.34000015258789,46.75,45.68000030517578,46.08000183105469,655600
08-11-2021,46.52000045776367,46.630001068115234,44.900001525878906,45.130001068115234,753100
09-11-2021,45.470001220703125,46.11000061035156,44.20000076293945,44.34999847412109,1265800
10-11-2021,42.130001068115234,44.47999954223633,40.56999969482422,44.369998931884766,2243200
11-11-2021,44.130001068115234,44.95000076293945,43.5,44.41999816894531,686600
12-11-2021,44.63999938964844,47.36000061035156,44.33000183105469,47.220001220703125,938700
15-11-2021,47.43000030517578,47.93000030517578,45.52000045776367,46.43999862670898,898200
16-11-2021,46.5,47.630001068115234,45.470001220703125,47.540000915527344,1371100
17-11-2021,47.02000045776367,47.29999923706055,46.33000183105469,46.34999847412109,552200
18-11-2021,46.63999938964844,46.880001068115234,45.59999847412109,46.790000915527344,731700
19-11-2021,46.2400016784668,47.45000076293945,45.91999816894531,46.09999847412109,1230400
22-11-2021,46.34000015258789,47.7400016784668,45.790000915527344,47.150001525878906,851200
23-11-2021,46.84999847412109,48.97999954223633,46.84999847412109,48.720001220703125,1443100
24-11-2021,48.29999923706055,48.5,47.18000030517578,48.0099983215332,767500
26-11-2021,45.36000061035156,45.43000030517578,42.66999816894531,45.0099983215332,1119300
29-11-2021,45.34000015258789,46.220001220703125,44.435001373291016,45.33000183105469,974400
30-11-2021,44.72999954223633,45.13999938964844,42.27000045776367,42.45000076293945,1825000
01-12-2021,44.47999954223633,45.02000045776367,43.02999877929688,43.369998931884766,1378300
02-12-2021,44.13999938964844,45.06999969482422,43.18999862670898,44.540000915527344,680100
03-12-2021,44.400001525878906,45.34000015258789,43.380001068115234,44.20000076293945,645700
06-12-2021,45.310001373291016,45.83000183105469,43.68000030517578,45.25,568200
07-12-2021,46.150001525878906,47.0099983215332,46.00299835205078,46.27000045776367,682200
08-12-2021,46.68000030517578,47.09000015258789,45.9900016784668,46.790000915527344,862400
09-12-2021,45.93999862670898,47.16999816894531,45.51499938964844,46.75,824900
10-12-2021,47.5,47.91999816894531,46.415000915527344,47.36000061035156,887600
13-12-2021,47.0,47.43999862670898,45.45000076293945,45.7400016784668,1455800
14-12-2021,45.220001220703125,46.040000915527344,44.81999969482422,45.34000015258789,572200
15-12-2021,45.34000015258789,45.95899963378906,43.86000061035156,45.88999938964844,825400
16-12-2021,45.540000915527344,47.209999084472656,43.68000030517578,43.68000030517578,1143900
17-12-2021,43.220001220703125,45.130001068115234,42.18999862670898,44.43999862670898,1465200
20-12-2021,43.43999862670898,43.52000045776367,41.56999969482422,42.56999969482422,675200
21-12-2021,43.52999877929688,44.380001068115234,42.97999954223633,44.02999877929688,575700
22-12-2021,44.08000183105469,45.69499969482422,44.01499938964844,45.54999923706055,520000
23-12-2021,45.45000076293945,47.21500015258789,45.09000015258789,46.869998931884766,416700
27-12-2021,46.84000015258789,47.56999969482422,45.88999938964844,47.560001373291016,416900
28-12-2021,47.380001068115234,48.02999877929688,47.09999847412109,47.34999847412109,279700
29-12-2021,47.5,47.95500183105469,47.04999923706055,47.27000045776367,303700
30-12-2021,47.34000015258789,47.970001220703125,47.15999984741211,47.18999862670898,350900
31-12-2021,47.0,48.29999923706055,46.959999084472656,47.880001068115234,293600
03-01-2022,48.52999877929688,49.75,48.25,48.43000030517578,1024600
04-01-2022,49.220001220703125,50.59600067138672,49.209999084472656,49.61000061035156,773200
05-01-2022,49.790000915527344,50.630001068115234,48.34999847412109,48.36000061035156,910000
06-01-2022,48.43999862670898,49.790000915527344,47.29999923706055,49.70000076293945,731800
07-01-2022,50.0,50.72999954223633,48.16999816894531,48.27999877929688,515800
10-01-2022,47.75,48.20000076293945,46.56999969482422,48.18000030517578,586300
11-01-2022,48.130001068115234,50.0,47.40999984741211,49.560001373291016,585000
12-01-2022,49.5,50.380001068115234,47.81999969482422,48.36000061035156,588300
13-01-2022,49.40999984741211,50.959999084472656,48.97999954223633,49.59000015258789,956700
14-01-2022,48.75,50.59999847412109,48.52999877929688,50.34999847412109,594000
18-01-2022,49.470001220703125,49.72999954223633,48.209999084472656,48.83000183105469,698500
19-01-2022,49.29999923706055,49.45000076293945,46.400001525878906,46.400001525878906,927100
20-01-2022,46.400001525878906,46.970001220703125,43.95000076293945,43.9900016784668,1231300
21-01-2022,43.66999816894531,45.5,43.290000915527344,43.58000183105469,878800
24-01-2022,42.09999847412109,44.70000076293945,40.9900016784668,44.5,813300
25-01-2022,43.33000183105469,45.18000030517578,41.959999084472656,44.130001068115234,905500
26-01-2022,44.65999984741211,45.720001220703125,42.54999923706055,43.36000061035156,904100
27-01-2022,43.88999938964844,44.65999984741211,41.209999084472656,41.72999954223633,1144500
28-01-2022,41.18000030517578,41.56499862670898,38.90999984741211,40.220001220703125,1921900
31-01-2022,39.630001068115234,42.02999877929688,39.494998931884766,41.970001220703125,1731000
01-02-2022,42.33000183105469,43.33000183105469,41.310001373291016,43.0,1468500
02-02-2022,42.650001525878906,43.97999954223633,42.47999954223633,43.52000045776367,918100
03-02-2022,43.02000045776367,44.20000076293945,42.53499984741211,42.77999877929688,1095400
04-02-2022,42.0,44.68000030517578,40.560001373291016,44.36000061035156,1909100
07-02-2022,44.540000915527344,46.17499923706055,44.34999847412109,45.540000915527344,1137700
08-02-2022,45.95000076293945,48.17499923706055,45.52999877929688,48.0099983215332,1199900
09-02-2022,48.41999816894531,48.95000076293945,47.58000183105469,47.900001525878906,904500
10-02-2022,47.040000915527344,49.17499923706055,46.66999816894531,46.93999862670898,1153200
11-02-2022,47.18000030517578,47.18000030517578,44.18999862670898,45.0,2042200
14-02-2022,45.09999847412109,45.93000030517578,44.630001068115234,45.38999938964844,1399900
15-02-2022,46.5,50.209999084472656,46.30500030517578,49.7599983215332,1475800
16-02-2022,49.290000915527344,50.20000076293945,49.06999969482422,50.04999923706055,988100
17-02-2022,49.43999862670898,50.22499847412109,48.52000045776367,48.790000915527344,538000
18-02-2022,48.59000015258789,49.1349983215332,47.875,48.13999938964844,711500
22-02-2022,47.70000076293945,48.58000183105469,46.02999877929688,46.15999984741211,671900
23-02-2022,46.9900016784668,47.459999084472656,45.88999938964844,46.25,1072000
24-02-2022,43.970001220703125,45.630001068115234,43.29999923706055,45.06999969482422,1631700
25-02-2022,45.40999984741211,46.77000045776367,44.709999084472656,46.29999923706055,946000
28-02-2022,45.02000045776367,45.900001525878906,43.88999938964844,44.75,1227500
01-03-2022,44.290000915527344,44.290000915527344,38.540000915527344,38.77000045776367,3213700
02-03-2022,39.380001068115234,42.72999954223633,39.20000076293945,42.66999816894531,1629000
03-03-2022,42.27000045776367,42.27000045776367,38.43999862670898,38.75,1300800
04-03-2022,38.0,38.0,35.029998779296875,35.560001373291016,1502100
07-03-2022,35.43000030517578,35.720001220703125,30.9950008392334,31.200000762939453,1848700
08-03-2022,31.71999931335449,34.34000015258789,30.530000686645508,32.0,2166100
09-03-2022,34.060001373291016,35.91999816894531,33.72999954223633,35.689998626708984,2201000
10-03-2022,33.849998474121094,35.16999816894531,33.47999954223633,35.08000183105469,830400
11-03-2022,35.369998931884766,35.48500061035156,33.93000030517578,34.70000076293945,734100
14-03-2022,35.220001220703125,35.84000015258789,33.709999084472656,33.900001525878906,1151900
15-03-2022,34.43000030517578,35.36000061035156,33.79999923706055,34.79999923706055,860100
16-03-2022,35.97999954223633,38.09999847412109,35.77000045776367,37.81999969482422,1257800
17-03-2022,36.25,37.97999954223633,36.0099983215332,37.93999862670898,471400
18-03-2022,37.68999862670898,38.36000061035156,37.25,38.08000183105469,991000
21-03-2022,37.869998931884766,38.33000183105469,36.88999938964844,37.650001525878906,1141300
22-03-2022,38.220001220703125,38.650001525878906,37.75,38.13999938964844,563500
23-03-2022,37.18999862670898,38.5,36.619998931884766,36.84999847412109,905700
24-03-2022,36.77999877929688,37.220001220703125,36.23500061035156,37.16999816894531,511300
25-03-2022,36.95000076293945,37.9900016784668,36.2599983215332,37.59999847412109,1097700
28-03-2022,37.86000061035156,38.2599983215332,37.34999847412109,38.22999954223633,741600
29-03-2022,40.0,41.75,39.70500183105469,41.52000045776367,804900
30-03-2022,40.81999969482422,41.59999847412109,40.60499954223633,40.77999877929688,1377600
31-03-2022,40.36000061035156,40.97999954223633,40.0,40.77000045776367,1306700
01-04-2022,41.06999969482422,41.2599983215332,38.65999984741211,39.27999877929688,1052200
04-04-2022,39.0,39.869998931884766,38.91999816894531,39.540000915527344,736300
05-04-2022,38.68999862670898,38.959999084472656,35.9900016784668,36.130001068115234,1267900
06-04-2022,36.18999862670898,36.52000045776367,34.029998779296875,34.130001068115234,990800
07-04-2022,33.4900016784668,33.91999816894531,31.989999771118164,33.119998931884766,1486700
08-04-2022,32.97999954223633,33.95500183105469,32.189998626708984,33.029998779296875,1011000
11-04-2022,32.529998779296875,34.9900016784668,32.20000076293945,34.16999816894531,1141400
12-04-2022,34.63999938964844,35.599998474121094,33.709999084472656,33.970001220703125,1007700
13-04-2022,34.099998474121094,34.43000030517578,33.7599983215332,33.959999084472656,623400
14-04-2022,34.09000015258789,34.47999954223633,33.34000015258789,33.400001525878906,657700
18-04-2022,32.91999816894531,34.220001220703125,32.849998474121094,34.029998779296875,857800
19-04-2022,34.2400016784668,36.36000061035156,34.17499923706055,35.90999984741211,645300
20-04-2022,36.369998931884766,37.61000061035156,36.369998931884766,36.7400016784668,735400
21-04-2022,37.52999877929688,37.93000030517578,36.02000045776367,36.2400016784668,671100
22-04-2022,35.150001525878906,35.86000061035156,33.56999969482422,33.849998474121094,898100
25-04-2022,33.5099983215332,34.66999816894531,32.720001220703125,34.5,817300
26-04-2022,33.75,33.83000183105469,32.47999954223633,32.560001373291016,736800
27-04-2022,32.61000061035156,34.04999923706055,32.189998626708984,33.25,707200
28-04-2022,34.150001525878906,35.150001525878906,33.130001068115234,34.970001220703125,612200
29-04-2022,34.7599983215332,35.20000076293945,33.93000030517578,34.13999938964844,1033700
02-05-2022,33.93000030517578,34.939998626708984,33.150001525878906,34.900001525878906,900700
03-05-2022,34.880001068115234,35.72999954223633,33.97600173950195,35.61000061035156,902300
04-05-2022,35.5,36.810001373291016,34.55500030517578,36.66999816894531,926300
05-05-2022,35.34000015258789,36.5099983215332,33.65999984741211,34.380001068115234,1259800
06-05-2022,33.91999816894531,34.31999969482422,33.099998474121094,33.630001068115234,897000
09-05-2022,32.810001373291016,33.470001220703125,30.81999969482422,31.01000022888184,1119000
10-05-2022,31.71999931335449,31.90999984741211,30.06999969482422,31.459999084472656,1113700
11-05-2022,31.799999237060547,32.939998626708984,30.479999542236328,30.530000686645508,993600
12-05-2022,30.11000061035156,30.88999938964844,28.479999542236328,29.21999931335449,1491600
13-05-2022,29.670000076293945,31.799999237060547,29.670000076293945,31.770000457763672,1118600
16-05-2022,31.559999465942383,31.63500022888184,30.25,30.5,1106900
17-05-2022,31.6299991607666,32.66999816894531,31.440000534057617,32.54999923706055,899500
18-05-2022,32.060001373291016,33.029998779296875,31.3700008392334,31.489999771118164,1136000
19-05-2022,31.290000915527344,32.720001220703125,31.170000076293945,32.189998626708984,1314100
20-05-2022,33.31999969482422,33.31999969482422,30.31999969482422,31.51000022888184,994900
23-05-2022,32.150001525878906,32.82500076293945,31.459999084472656,31.809999465942383,1036800
24-05-2022,31.11000061035156,31.40999984741211,30.0,30.440000534057617,724300
25-05-2022,30.270000457763672,32.380001068115234,30.09000015258789,31.899999618530277,948300
26-05-2022,32.400001525878906,34.45500183105469,32.0099983215332,33.689998626708984,817800
27-05-2022,34.15999984741211,34.79999923706055,34.099998474121094,34.470001220703125,722000
31-05-2022,34.40999984741211,35.7599983215332,33.8129997253418,35.38999938964844,960300
01-06-2022,35.650001525878906,36.40999984741211,35.08000183105469,36.060001373291016,1322100
02-06-2022,36.290000915527344,37.81999969482422,35.88999938964844,37.77999877929688,1843000
03-06-2022,36.86000061035156,36.9900016784668,35.959999084472656,36.2400016784668,456700
06-06-2022,37.060001373291016,37.72999954223633,36.7599983215332,37.400001525878906,1088600
07-06-2022,36.790000915527344,38.2599983215332,36.47999954223633,38.130001068115234,869300
08-06-2022,37.7599983215332,38.209999084472656,37.36000061035156,38.0099983215332,746300
09-06-2022,37.619998931884766,38.59999847412109,37.220001220703125,37.27000045776367,849500
10-06-2022,36.0099983215332,36.84000015258789,34.099998474121094,34.380001068115234,949300
13-06-2022,32.7400016784668,33.189998626708984,30.71999931335449,30.84000015258789,853400
14-06-2022,31.149999618530277,31.850000381469727,30.559999465942383,31.68000030517578,869600
15-06-2022,32.4900016784668,33.279998779296875,31.80500030517578,32.38999938964844,1024600
16-06-2022,30.88999938964844,31.040000915527344,27.950000762939453,28.5,1010800
17-06-2022,29.0,29.670000076293945,28.1200008392334,29.149999618530277,1303200
21-06-2022,30.670000076293945,31.07999992370605,29.6299991607666,30.850000381469727,970500
22-06-2022,30.200000762939453,32.2599983215332,30.01000022888184,31.71999931335449,861300
23-06-2022,31.71999931335449,32.5,30.809999465942383,31.239999771118164,1801500
24-06-2022,31.43000030517578,33.310001373291016,31.43000030517578,33.16999816894531,1546400
27-06-2022,33.36000061035156,33.619998931884766,32.630001068115234,32.88999938964844,563500
28-06-2022,33.290000915527344,34.13999938964844,32.369998931884766,32.380001068115234,545000
29-06-2022,32.02000045776367,32.20000076293945,31.020000457763672,31.61000061035156,667500
30-06-2022,30.420000076293945,30.48500061035156,28.8700008392334,29.6299991607666,970100
01-07-2022,29.450000762939453,30.850000381469727,29.11000061035156,30.020000457763672,634800
05-07-2022,28.51000022888184,29.440000534057617,27.82999992370605,29.43000030517578,1028300
06-07-2022,29.190000534057617,29.6299991607666,27.149999618530277,27.61000061035156,1278900
07-07-2022,28.3799991607666,29.799999237060547,28.23500061035156,29.450000762939453,975700
08-07-2022,29.670000076293945,30.530000686645508,29.312000274658203,30.040000915527344,666500
11-07-2022,29.530000686645508,30.059999465942383,28.239999771118164,28.270000457763672,1091900
12-07-2022,28.450000762939453,30.649999618530277,28.399999618530277,30.25,932400
13-07-2022,29.21999931335449,29.68000030517578,28.799999237060547,29.26000022888184,582700
14-07-2022,27.86000061035156,28.31999969482422,27.3700008392334,27.93000030517578,958500
15-07-2022,28.600000381469727,28.82999992370605,27.55500030517578,28.540000915527344,846900
18-07-2022,29.46999931335449,30.01000022888184,28.5,28.690000534057617,690100
19-07-2022,29.59000015258789,31.1200008392334,29.479999542236328,30.700000762939453,1109000
20-07-2022,30.489999771118164,31.274999618530277,30.13999938964844,30.780000686645508,1945400
21-07-2022,30.799999237060547,31.18000030517578,30.32999992370605,31.0,1046000
22-07-2022,31.1200008392334,31.149999618530277,30.200000762939453,30.420000076293945,1268300
25-07-2022,31.07999992370605,31.5,30.200000762939453,31.31999969482422,963000
26-07-2022,30.90999984741211,31.209999084472656,30.1299991607666,30.559999465942383,773200
27-07-2022,30.979999542236328,32.02000045776367,30.549999237060547,31.770000457763672,390500
28-07-2022,32.27000045776367,33.08000183105469,31.6200008392334,33.0,561800
29-07-2022,33.15999984741211,33.869998931884766,32.709999084472656,33.779998779296875,542900
01-08-2022,33.439998626708984,34.1349983215332,33.20000076293945,33.689998626708984,878600
02-08-2022,33.34000015258789,34.9900016784668,33.290000915527344,34.029998779296875,809500
03-08-2022,34.2599983215332,35.33000183105469,34.029998779296875,35.20000076293945,602700
04-08-2022,34.9900016784668,34.9900016784668,33.314998626708984,33.439998626708984,703800
05-08-2022,32.86000061035156,33.41999816894531,31.31999969482422,33.04999923706055,1389900
08-08-2022,34.22999954223633,35.435001373291016,34.22999954223633,34.38999938964844,726300
09-08-2022,34.0,34.849998474121094,33.70000076293945,34.45000076293945,1102000
10-08-2022,35.709999084472656,36.68000030517578,35.400001525878906,35.7599983215332,951700
11-08-2022,36.56999969482422,37.59000015258789,36.29999923706055,37.209999084472656,948100
12-08-2022,37.540000915527344,38.59000015258789,37.0099983215332,38.54999923706055,744800
15-08-2022,37.66999816894531,38.7599983215332,37.66999816894531,38.58000183105469,893800
16-08-2022,38.459999084472656,39.43999862670898,38.400001525878906,38.66999816894531,923900
17-08-2022,37.59999847412109,37.59999847412109,36.209999084472656,37.2400016784668,1138500
18-08-2022,37.290000915527344,37.75,37.119998931884766,37.560001373291016,496700
19-08-2022,37.040000915527344,37.040000915527344,35.290000915527344,35.5099983215332,997200
22-08-2022,34.040000915527344,34.560001373291016,33.099998474121094,33.20000076293945,687700
23-08-2022,33.209999084472656,34.220001220703125,33.209999084472656,33.66999816894531,404300
24-08-2022,33.4900016784668,34.27000045776367,33.25,33.72999954223633,363800
25-08-2022,33.70000076293945,35.20000076293945,33.70000076293945,35.18000030517578,311400
26-08-2022,35.040000915527344,35.369998931884766,33.61000061035156,33.70000076293945,471500
29-08-2022,33.220001220703125,33.86000061035156,33.220001220703125,33.38999938964844,649600
30-08-2022,33.83000183105469,34.20500183105469,32.72999954223633,33.29999923706055,761100
31-08-2022,33.63999938964844,33.63999938964844,32.91999816894531,33.20000076293945,684700
01-09-2022,32.5099983215332,32.83000183105469,31.75,32.81999969482422,641600
02-09-2022,33.54999923706055,33.54999923706055,32.11000061035156,32.400001525878906,816600
06-09-2022,32.36000061035156,32.400001525878906,31.59000015258789,31.709999084472656,811900
07-09-2022,31.399999618530277,32.790000915527344,31.399999618530277,32.63999938964844,445900
08-09-2022,31.96999931335449,32.83000183105469,31.6200008392334,32.81999969482422,388000
09-09-2022,33.0099983215332,34.220001220703125,32.75,34.20000076293945,490100
12-09-2022,34.7400016784668,35.79999923706055,34.560001373291016,34.970001220703125,605400
13-09-2022,33.290000915527344,34.33000183105469,33.290000915527344,33.45000076293945,638500
14-09-2022,33.540000915527344,33.75,32.369998931884766,33.06999969482422,527300
15-09-2022,32.61000061035156,34.04999923706055,32.47999954223633,32.810001373291016,687400
16-09-2022,32.11000061035156,32.36000061035156,31.46999931335449,32.040000915527344,1222600
19-09-2022,31.38999938964844,33.380001068115234,31.38999938964844,33.22999954223633,444500
20-09-2022,32.61000061035156,32.709999084472656,31.93000030517578,32.5099983215332,737400
21-09-2022,32.689998626708984,32.81999969482422,31.200000762939453,31.200000762939453,584200
22-09-2022,31.13999938964844,31.459999084472656,30.424999237060547,30.71999931335449,581500
23-09-2022,29.739999771118164,30.11000061035156,28.5,29.07999992370605,975700
26-09-2022,28.989999771118164,30.1299991607666,28.90999984741211,29.280000686645508,585000
27-09-2022,29.989999771118164,30.780000686645508,29.34000015258789,30.0,667000
28-09-2022,30.09000015258789,31.520000457763672,29.790000915527344,31.21999931335449,709100
29-09-2022,29.96999931335449,30.18000030517578,28.06100082397461,28.809999465942383,1009300
30-09-2022,28.790000915527344,29.399999618530277,27.739999771118164,27.75,749500
03-10-2022,28.38999938964844,29.3799991607666,27.75,28.90999984741211,818400
04-10-2022,30.11000061035156,31.59000015258789,29.96999931335449,31.549999237060547,740100
05-10-2022,30.59000015258789,31.51000022888184,30.26300048828125,31.40999984741211,681700
06-10-2022,31.239999771118164,32.029998779296875,30.920000076293945,31.100000381469727,943900
07-10-2022,30.399999618530277,30.690000534057617,29.450000762939453,29.61000061035156,860400
10-10-2022,29.200000762939453,29.549999237060547,28.34000015258789,28.709999084472656,607900
11-10-2022,28.36000061035156,29.600000381469727,28.020000457763672,29.07999992370605,706100
12-10-2022,29.1200008392334,29.6200008392334,28.395000457763672,29.43000030517578,568400
13-10-2022,28.520000457763672,30.5,27.975000381469727,30.40999984741211,653000
14-10-2022,30.88999938964844,31.350000381469727,29.57999992370605,29.649999618530277,607800
17-10-2022,30.670000076293945,31.270000457763672,30.190000534057617,30.709999084472656,644900
18-10-2022,31.850000381469727,32.279998779296875,31.40999984741211,32.22999954223633,1181700
19-10-2022,32.06999969482422,32.65999984741211,31.75,32.06999969482422,866000
20-10-2022,32.2599983215332,33.15999984741211,31.190000534057617,31.309999465942383,707800
21-10-2022,31.61000061035156,33.06999969482422,31.520000457763672,32.95000076293945,457600
24-10-2022,33.189998626708984,33.779998779296875,32.71500015258789,33.56999969482422,636700
25-10-2022,33.630001068115234,34.625,33.630001068115234,34.5,529400
26-10-2022,34.939998626708984,35.619998931884766,34.35499954223633,34.720001220703125,451300
27-10-2022,35.380001068115234,36.30500030517578,35.0099983215332,35.099998474121094,580500
28-10-2022,35.0,35.47999954223633,34.244998931884766,35.38999938964844,818300
31-10-2022,35.11000061035156,35.3650016784668,34.7599983215332,34.97999954223633,828600
01-11-2022,36.08000183105469,36.220001220703125,34.619998931884766,34.689998626708984,564400
02-11-2022,34.310001373291016,34.599998474121094,32.70000076293945,32.77000045776367,844800
03-11-2022,32.119998931884766,33.54999923706055,31.959999084472656,33.2400016784668,969600
04-11-2022,37.0,38.93000030517578,36.27999877929688,37.959999084472656,1856100
07-11-2022,37.91999816894531,38.369998931884766,36.78499984741211,38.369998931884766,1320000
08-11-2022,38.38999938964844,38.5,36.96500015258789,37.59999847412109,789200
09-11-2022,36.810001373291016,37.65999984741211,36.04999923706055,36.08000183105469,755900
10-11-2022,38.81999969482422,40.22999954223633,38.36000061035156,40.22999954223633,1271700
11-11-2022,39.7599983215332,41.08000183105469,39.650001525878906,40.400001525878906,755000
14-11-2022,39.650001525878906,40.060001373291016,38.65999984741211,38.70000076293945,650700
15-11-2022,39.79999923706055,40.97499847412109,39.470001220703125,40.11000061035156,697800
16-11-2022,39.459999084472656,39.52000045776367,37.86000061035156,38.43999862670898,565400
17-11-2022,37.52999877929688,38.5099983215332,37.09999847412109,38.5,809100
18-11-2022,39.709999084472656,39.8849983215332,38.73500061035156,39.540000915527344,617000
21-11-2022,38.95000076293945,39.22999954223633,38.119998931884766,38.68000030517578,552300
22-11-2022,39.15999984741211,40.11000061035156,38.79800033569336,39.400001525878906,1008700
23-11-2022,39.08000183105469,39.61000061035156,38.619998931884766,39.27999877929688,767900
25-11-2022,39.16999816894531,39.380001068115234,38.81999969482422,39.2400016784668,405200
28-11-2022,38.36000061035156,38.40999984741211,37.220001220703125,37.47999954223633,929100
29-11-2022,37.790000915527344,38.38999938964844,37.68000030517578,37.810001373291016,408400
30-11-2022,38.20000076293945,38.95000076293945,37.16999816894531,38.93999862670898,635100
01-12-2022,39.0,39.79999923706055,37.76499938964844,37.77999877929688,675600
02-12-2022,36.959999084472656,38.0099983215332,36.880001068115234,37.72999954223633,496900
05-12-2022,37.119998931884766,37.29499816894531,36.40999984741211,36.810001373291016,449700
06-12-2022,36.959999084472656,37.5,35.93000030517578,36.31999969482422,590200
07-12-2022,35.939998626708984,36.29999923706055,34.29999923706055,34.400001525878906,1827300
08-12-2022,34.540000915527344,34.63999938964844,33.880001068115234,34.47999954223633,796000
09-12-2022,34.060001373291016,34.435001373291016,33.65999984741211,33.720001220703125,632000
12-12-2022,33.81999969482422,35.13999938964844,33.099998474121094,35.029998779296875,829000
13-12-2022,36.86000061035156,37.0,35.43000030517578,36.290000915527344,1034400
14-12-2022,35.95000076293945,36.95000076293945,35.560001373291016,35.86000061035156,741500
15-12-2022,35.029998779296875,35.415000915527344,34.56999969482422,35.15999984741211,574500
16-12-2022,34.540000915527344,35.34000015258789,34.220001220703125,34.68000030517578,1826000
19-12-2022,34.93000030517578,35.29999923706055,33.93000030517578,34.22999954223633,468400
20-12-2022,34.220001220703125,35.11000061035156,33.96799850463867,34.4900016784668,434500
21-12-2022,34.97999954223633,35.599998474121094,34.91999816894531,35.40999984741211,830900
22-12-2022,34.7599983215332,34.79999923706055,32.83000183105469,33.650001525878906,574800
23-12-2022,33.70000076293945,34.2599983215332,33.310001373291016,34.060001373291016,364000
27-12-2022,34.18000030517578,34.810001373291016,33.75,34.29999923706055,665100
28-12-2022,34.61000061035156,34.91999816894531,33.65999984741211,33.68000030517578,584600
29-12-2022,34.41999816894531,35.209999084472656,33.97999954223633,35.209999084472656,516900
30-12-2022,34.83000183105469,35.2400016784668,34.4900016784668,34.689998626708984,407500
03-01-2023,35.61000061035156,36.0099983215332,34.16999816894531,34.869998931884766,749000
04-01-2023,35.560001373291016,37.29999923706055,35.560001373291016,36.95000076293945,1379600
05-01-2023,36.45000076293945,37.75,36.0,37.380001068115234,945900
06-01-2023,37.52999877929688,38.44499969482422,37.34000015258789,38.34000015258789,2404800
09-01-2023,40.0,40.84999847412109,39.2400016784668,40.650001525878906,2487000
10-01-2023,40.77999877929688,41.369998931884766,40.334999084472656,41.36000061035156,902700
11-01-2023,41.86000061035156,41.86000061035156,40.59999847412109,41.27999877929688,1253500
12-01-2023,41.65999984741211,42.11000061035156,41.040000915527344,41.470001220703125,705500
13-01-2023,40.709999084472656,42.05500030517578,40.52000045776367,41.880001068115234,590100
17-01-2023,42.20000076293945,42.28499984741211,41.61000061035156,41.95000076293945,637900
18-01-2023,42.65999984741211,42.875,41.61000061035156,42.20000076293945,865300
19-01-2023,41.77000045776367,42.540000915527344,41.18999862670898,42.40999984741211,927400
20-01-2023,42.81999969482422,43.02999877929688,41.94499969482422,42.18999862670898,694200
23-01-2023,42.47999954223633,43.22999954223633,42.36000061035156,42.90999984741211,433200
24-01-2023,42.90999984741211,42.90999984741211,40.93000030517578,41.31999969482422,1098300
25-01-2023,40.7400016784668,41.90999984741211,40.45000076293945,41.86000061035156,936500
26-01-2023,42.52000045776367,42.68000030517578,41.38999938964844,42.150001525878906,581600
27-01-2023,42.56999969482422,44.005001068115234,42.56999969482422,43.58000183105469,857900
30-01-2023,42.54999923706055,43.869998931884766,42.470001220703125,43.27000045776367,628600
31-01-2023,43.34999847412109,45.150001525878906,43.34999847412109,45.02000045776367,746200
01-02-2023,45.02999877929688,47.31999969482422,45.0099983215332,46.84999847412109,1199700
02-02-2023,47.02999877929688,47.5,45.68999862670898,46.52000045776367,1478200
03-02-2023,45.5099983215332,46.86000061035156,45.40999984741211,46.18000030517578,976300
06-02-2023,45.43999862670898,45.869998931884766,44.869998931884766,45.66999816894531,873100
07-02-2023,45.02000045776367,46.27999877929688,44.22999954223633,45.470001220703125,1450400
08-02-2023,45.68999862670898,45.70000076293945,43.58000183105469,44.0,1071900
09-02-2023,43.130001068115234,44.04999923706055,42.994998931884766,43.47999954223633,1538800
10-02-2023,42.56999969482422,43.040000915527344,41.95000076293945,42.27000045776367,1245600
13-02-2023,41.97999954223633,42.560001373291016,41.65999984741211,42.209999084472656,1046700
14-02-2023,41.880001068115234,43.209999084472656,41.34000015258789,42.900001525878906,793000
15-02-2023,43.150001525878906,44.16999816894531,42.8849983215332,44.040000915527344,624200
16-02-2023,43.0,44.58000183105469,42.900001525878906,44.34000015258789,625700
17-02-2023,44.15999984741211,44.650001525878906,43.68999862670898,44.59999847412109,657500
21-02-2023,43.75,44.22999954223633,43.11000061035156,43.22999954223633,887400
22-02-2023,43.34000015258789,44.08000183105469,42.9900016784668,43.790000915527344,655400
23-02-2023,43.84000015258789,44.84000015258789,42.4900016784668,43.400001525878906,655300
24-02-2023,42.29999923706055,42.72999954223633,42.02999877929688,42.66999816894531,719100
27-02-2023,43.45000076293945,43.810001373291016,43.08000183105469,43.2400016784668,637900
28-02-2023,43.470001220703125,43.72999954223633,42.709999084472656,42.720001220703125,718000
01-03-2023,42.91999816894531,43.45600128173828,42.84000015258789,43.20000076293945,1512800
02-03-2023,42.47999954223633,42.880001068115234,41.75,42.869998931884766,907600
03-03-2023,43.560001373291016,44.66999816894531,43.13999938964844,44.56999969482422,768700
06-03-2023,44.65999984741211,45.11000061035156,44.060001373291016,44.34999847412109,757600
07-03-2023,44.25,44.470001220703125,43.65999984741211,43.77999877929688,597400
08-03-2023,43.970001220703125,44.75,43.25,43.95000076293945,698900
09-03-2023,43.84999847412109,44.150001525878906,42.47999954223633,42.56999969482422,606000
10-03-2023,42.369998931884766,42.369998931884766,40.27999877929688,40.630001068115234,900700
13-03-2023,39.20000076293945,39.55500030517578,37.790000915527344,38.79999923706055,944200
14-03-2023,40.709999084472656,41.54999923706055,39.560001373291016,40.09999847412109,1090000
15-03-2023,38.08000183105469,38.54999923706055,36.86199951171875,38.38999938964844,1188300
16-03-2023,37.63999938964844,40.06999969482422,37.63999938964844,39.66999816894531,696200
17-03-2023,39.060001373291016,39.06999969482422,37.58000183105469,37.709999084472656,1239900
20-03-2023,37.900001525878906,38.650001525878906,37.70000076293945,38.08000183105469,997300
21-03-2023,39.25,39.720001220703125,38.63999938964844,38.66999816894531,986100
22-03-2023,38.459999084472656,38.915000915527344,37.43999862670898,37.45000076293945,696500
23-03-2023,37.79999923706055,38.630001068115234,37.09999847412109,37.59999847412109,753000
24-03-2023,37.18000030517578,38.025001525878906,36.720001220703125,37.88999938964844,823900
27-03-2023,38.4900016784668,38.70000076293945,37.70000076293945,38.130001068115234,513000
28-03-2023,38.15999984741211,39.08000183105469,37.95000076293945,38.81999969482422,723200
29-03-2023,39.369998931884766,39.7599983215332,38.959999084472656,39.59999847412109,608100
30-03-2023,40.09999847412109,40.75,39.90999984741211,40.34999847412109,604700
31-03-2023,40.720001220703125,41.119998931884766,40.59999847412109,40.959999084472656,834800
03-04-2023,40.52000045776367,41.025001525878906,40.11000061035156,40.95000076293945,585900
04-04-2023,41.08000183105469,41.08000183105469,38.79499816894531,39.27000045776367,672100
05-04-2023,38.7599983215332,38.7599983215332,37.75,38.36000061035156,723800
06-04-2023,38.43000030517578,38.5099983215332,37.755001068115234,37.81999969482422,593900
10-04-2023,37.43999862670898,38.65999984741211,37.130001068115234,38.59999847412109,617700
11-04-2023,38.77999877929688,39.43999862670898,38.56999969482422,38.9900016784668,507500
12-04-2023,39.619998931884766,39.900001525878906,38.59000015258789,38.72999954223633,566300
13-04-2023,39.20000076293945,39.25,38.459999084472656,38.95000076293945,698000
14-04-2023,39.06999969482422,39.59799957275391,38.43999862670898,38.77999877929688,566800
17-04-2023,38.68999862670898,38.810001373291016,38.040000915527344,38.59000015258789,818000
18-04-2023,39.0,39.36000061035156,38.630001068115234,39.220001220703125,617000
19-04-2023,38.52000045776367,39.43999862670898,38.36000061035156,39.209999084472656,699200
20-04-2023,38.22999954223633,39.4900016784668,38.22999954223633,39.33000183105469,757000
21-04-2023,39.18999862670898,39.25,38.334999084472656,38.58000183105469,845400
24-04-2023,38.56999969482422,39.34999847412109,38.38999938964844,38.68000030517578,639000
25-04-2023,38.09999847412109,38.27000045776367,36.66999816894531,36.810001373291016,625700
26-04-2023,36.70000076293945,37.4900016784668,36.5099983215332,36.84000015258789,516200
27-04-2023,37.02000045776367,37.209999084472656,35.43000030517578,36.4900016784668,684300
28-04-2023,36.25,37.2599983215332,36.06499862670898,36.93999862670898,664000
01-05-2023,36.9900016784668,37.77999877929688,36.63999938964844,36.810001373291016,579400
02-05-2023,36.34999847412109,37.459999084472656,35.81999969482422,37.15999984741211,1333400
03-05-2023,36.2599983215332,36.82500076293945,33.5,34.31999969482422,2728600
04-05-2023,33.63999938964844,34.040000915527344,32.59000015258789,33.810001373291016,1940400
05-05-2023,34.470001220703125,35.16999816894531,33.75,34.7599983215332,1161700
08-05-2023,34.869998931884766,35.880001068115234,34.779998779296875,35.86000061035156,1055300
09-05-2023,35.619998931884766,36.11000061035156,35.11000061035156,35.36000061035156,886600
10-05-2023,36.29999923706055,36.70000076293945,35.040000915527344,35.540000915527344,676400
11-05-2023,35.18000030517578,35.689998626708984,35.125,35.65999984741211,621000
12-05-2023,35.88999938964844,35.88999938964844,34.70000076293945,35.09000015258789,683500
15-05-2023,35.11000061035156,35.43000030517578,34.779998779296875,35.349998474121094,733600
16-05-2023,34.86000061035156,35.130001068115234,34.54999923706055,34.650001525878906,568600
17-05-2023,35.0,36.16999816894531,34.93000030517578,35.84000015258789,924500
18-05-2023,35.61000061035156,36.22999954223633,35.38999938964844,36.0,466200
19-05-2023,36.33000183105469,36.33000183105469,35.029998779296875,35.439998626708984,487800
22-05-2023,35.56999969482422,35.939998626708984,35.130001068115234,35.77000045776367,397000
23-05-2023,35.470001220703125,36.79999923706055,35.33000183105469,35.72999954223633,457500
24-05-2023,35.22999954223633,35.25,34.34000015258789,34.77000045776367,616400
25-05-2023,34.709999084472656,35.0,33.959999084472656,34.29999923706055,322100
26-05-2023,34.54999923706055,35.189998626708984,34.349998474121094,35.0099983215332,503700
30-05-2023,35.15999984741211,35.439998626708984,34.2400016784668,34.439998626708984,582800
31-05-2023,34.029998779296875,34.25,33.09000015258789,33.689998626708984,544300
01-06-2023,32.68000030517578,34.310001373291016,32.68000030517578,33.9900016784668,758600
02-06-2023,34.720001220703125,35.834999084472656,34.60499954223633,35.63999938964844,676200
05-06-2023,35.279998779296875,35.56999969482422,34.40999984741211,34.54999923706055,567200
06-06-2023,34.540000915527344,35.900001525878906,34.380001068115234,35.54999923706055,706500
07-06-2023,35.79999923706055,37.0,35.775001525878906,36.77000045776367,1048800
08-06-2023,37.13999938964844,37.6150016784668,36.97499847412109,37.380001068115234,963600
09-06-2023,37.59000015258789,37.97999954223633,37.130001068115234,37.63999938964844,679300
12-06-2023,37.91999816894531,38.61000061035156,37.630001068115234,38.2400016784668,743700
13-06-2023,38.47999954223633,39.869998931884766,38.47999954223633,39.68999862670898,797400
14-06-2023,40.02999877929688,40.65999984741211,38.88999938964844,39.43999862670898,959900
15-06-2023,39.040000915527344,39.70000076293945,39.0099983215332,39.66999816894531,722300
16-06-2023,40.56999969482422,40.56999969482422,38.75,39.16999816894531,1558600
20-06-2023,38.7599983215332,38.7599983215332,38.06499862670898,38.38999938964844,469700
21-06-2023,38.27000045776367,38.27000045776367,37.57500076293945,37.61000061035156,1832400
22-06-2023,37.36000061035156,37.540000915527344,36.790000915527344,36.959999084472656,1048500
23-06-2023,36.060001373291016,36.35499954223633,35.65999984741211,36.130001068115234,1436900
26-06-2023,36.20000076293945,36.880001068115234,36.130001068115234,36.43999862670898,711900
27-06-2023,36.79999923706055,37.52999877929688,36.33000183105469,37.380001068115234,500800
28-06-2023,37.47999954223633,38.20000076293945,37.11000061035156,37.810001373291016,701600
29-06-2023,38.04999923706055,39.02999877929688,38.04999923706055,38.4900016784668,1923000
30-06-2023,38.79999923706055,38.93000030517578,38.29999923706055,38.31999969482422,1143800
03-07-2023,38.11000061035156,39.02000045776367,38.11000061035156,39.02000045776367,218500
05-07-2023,38.91999816894531,39.15999984741211,38.459999084472656,38.4900016784668,594300
06-07-2023,38.2599983215332,39.18000030517578,38.00600051879883,38.45000076293945,778700
07-07-2023,38.59999847412109,39.459999084472656,38.59999847412109,39.11000061035156,484900
10-07-2023,38.9900016784668,40.43000030517578,38.9900016784668,40.41999816894531,902500
11-07-2023,40.7400016784668,41.560001373291016,40.59000015258789,41.40999984741211,678500
12-07-2023,42.56999969482422,42.75,42.15999984741211,42.29999923706055,682000
13-07-2023,42.43999862670898,42.68000030517578,42.0,42.06999969482422,432500
14-07-2023,41.77999877929688,42.04999923706055,41.220001220703125,41.650001525878906,497600
17-07-2023,41.52000045776367,42.08000183105469,41.32500076293945,41.43999862670898,588000
18-07-2023,41.43999862670898,42.2599983215332,41.310001373291016,41.88999938964844,1074600
19-07-2023,42.06999969482422,42.36000061035156,41.720001220703125,42.150001525878906,508400
20-07-2023,42.540000915527344,42.54999923706055,41.970001220703125,42.04999923706055,663500
21-07-2023,42.7400016784668,42.77000045776367,41.97999954223633,42.0,835800
24-07-2023,42.02999877929688,42.5099983215332,41.88999938964844,41.900001525878906,679300
25-07-2023,41.70000076293945,42.18000030517578,41.400001525878906,41.63999938964844,518800
26-07-2023,41.560001373291016,42.720001220703125,41.560001373291016,42.150001525878906,807300
27-07-2023,42.560001373291016,42.959999084472656,41.9900016784668,42.09999847412109,547500
28-07-2023,42.79999923706055,42.79999923706055,41.75,42.0,617200
31-07-2023,41.75,42.58300018310547,41.75,42.560001373291016,1010200
01-08-2023,42.060001373291016,42.90999984741211,41.93000030517578,42.83000183105469,1100700
02-08-2023,45.13999938964844,46.5099983215332,43.369998931884766,43.400001525878906,1902900
03-08-2023,43.619998931884766,45.470001220703125,43.36000061035156,44.59000015258789,1494900
04-08-2023,44.59000015258789,45.05500030517578,43.970001220703125,44.27000045776367,1046100
07-08-2023,44.65999984741211,45.0,44.130001068115234,44.77000045776367,1100500
08-08-2023,43.900001525878906,45.0,43.75,44.79999923706055,1255600
09-08-2023,44.86000061035156,44.88999938964844,43.77000045776367,43.880001068115234,1045300
10-08-2023,44.04999923706055,44.38999938964844,41.93000030517578,42.130001068115234,1127600
11-08-2023,42.08000183105469,42.20000076293945,39.2400016784668,39.33000183105469,1810500
14-08-2023,38.9900016784668,39.88999938964844,38.52999877929688,39.880001068115234,1057700
15-08-2023,39.34999847412109,39.720001220703125,38.880001068115234,39.0,883300
16-08-2023,38.68999862670898,39.18999862670898,38.18999862670898,38.20000076293945,794800
17-08-2023,38.77000045776367,38.79499816894531,37.45000076293945,37.720001220703125,808900
18-08-2023,37.36000061035156,38.51499938964844,37.23500061035156,38.2400016784668,957800
21-08-2023,38.4900016784668,38.72999954223633,37.650001525878906,38.060001373291016,548900
22-08-2023,38.25,38.5,38.13999938964844,38.20000076293945,493200
23-08-2023,38.060001373291016,38.59999847412109,37.86000061035156,38.43000030517578,402100
24-08-2023,38.220001220703125,38.542999267578125,37.86000061035156,37.9900016784668,421500
25-08-2023,38.31999969482422,38.59000015258789,37.400001525878906,38.290000915527344,388900
28-08-2023,38.5099983215332,38.84999847412109,38.5099983215332,38.75,446200
29-08-2023,38.63999938964844,39.540000915527344,38.334999084472656,39.459999084472656,454600
30-08-2023,39.20000076293945,39.63999938964844,39.15999984741211,39.25,500700
31-08-2023,39.11000061035156,39.810001373291016,39.06999969482422,39.16999816894531,582700
01-09-2023,39.470001220703125,40.470001220703125,39.43999862670898,40.43999862670898,397000
05-09-2023,39.790000915527344,39.970001220703125,39.0099983215332,39.459999084472656,514500
06-09-2023,39.560001373291016,40.18000030517578,38.0,38.900001525878906,1145000
07-09-2023,38.52999877929688,38.52999877929688,37.72999954223633,38.09999847412109,642400
08-09-2023,38.25,38.27999877929688,37.7400016784668,38.0,679600
11-09-2023,38.52000045776367,38.869998931884766,38.15999984741211,38.45000076293945,786700
12-09-2023,38.400001525878906,39.93000030517578,38.400001525878906,39.400001525878906,962000
13-09-2023,39.31999969482422,39.48799896240234,38.16999816894531,38.400001525878906,1039700
14-09-2023,38.650001525878906,38.95000076293945,37.43999862670898,38.4900016784668,836000
15-09-2023,38.29999923706055,39.02000045776367,37.89500045776367,38.34000015258789,1528800
18-09-2023,38.2400016784668,38.32500076293945,37.34000015258789,37.369998931884766,632700
19-09-2023,37.45000076293945,38.03499984741211,37.130001068115234,37.84999847412109,648000
20-09-2023,38.27000045776367,38.630001068115234,37.290000915527344,37.290000915527344,528800
21-09-2023,37.040000915527344,37.05500030517578,36.27999877929688,36.52000045776367,580100
22-09-2023,36.59999847412109,37.345001220703125,36.220001220703125,36.31999969482422,844000
25-09-2023,36.0099983215332,37.36000061035156,36.0099983215332,37.09999847412109,903000
26-09-2023,36.52000045776367,37.0099983215332,35.834999084472656,35.95000076293945,575200
27-09-2023,35.959999084472656,36.2400016784668,35.43000030517578,35.70000076293945,525500
28-09-2023,35.43000030517578,37.13999938964844,35.43000030517578,36.7400016784668,599100
29-09-2023,37.09999847412109,37.209999084472656,36.52999877929688,36.70000076293945,750200
02-10-2023,36.630001068115234,36.77999877929688,36.09999847412109,36.27999877929688,639700
03-10-2023,35.849998474121094,36.060001373291016,35.14500045776367,35.290000915527344,600800
04-10-2023,35.22999954223633,36.02000045776367,34.9900016784668,35.869998931884766,553400
05-10-2023,35.66999816894531,36.02999877929688,34.66999816894531,35.060001373291016,674800
06-10-2023,34.959999084472656,36.540000915527344,34.63999938964844,35.91999816894531,806100
09-10-2023,35.380001068115234,36.51499938964844,35.11000061035156,36.380001068115234,428300
10-10-2023,36.58000183105469,37.09000015258789,36.27000045776367,36.5,622300
11-10-2023,36.650001525878906,37.02000045776367,36.5099983215332,36.959999084472656,449400
12-10-2023,36.79999923706055,36.79999923706055,35.869998931884766,36.09999847412109,819000
13-10-2023,36.09999847412109,36.165000915527344,35.25,35.5099983215332,861900
16-10-2023,35.939998626708984,36.56999969482422,35.82500076293945,36.220001220703125,715800
17-10-2023,35.939998626708984,36.810001373291016,35.939998626708984,36.09000015258789,662600
18-10-2023,35.56999969482422,35.619998931884766,34.869998931884766,34.880001068115234,528300
19-10-2023,34.619998931884766,35.0,34.20000076293945,34.47999954223633,686400
20-10-2023,34.65999984741211,35.06999969482422,34.2400016784668,34.619998931884766,643000
23-10-2023,34.34000015258789,34.849998474121094,34.06999969482422,34.08000183105469,503900
24-10-2023,34.2400016784668,34.5099983215332,34.06999969482422,34.41999816894531,550200
25-10-2023,33.90999984741211,34.4900016784668,33.6150016784668,34.369998931884766,659500
26-10-2023,34.810001373291016,35.310001373291016,34.2400016784668,34.400001525878906,813500
27-10-2023,34.36000061035156,34.36000061035156,33.27000045776367,33.61000061035156,751400
30-10-2023,34.150001525878906,34.150001525878906,33.04999923706055,33.47999954223633,974700
31-10-2023,33.5099983215332,33.779998779296875,33.125,33.689998626708984,720700
01-11-2023,33.75,33.75,32.77000045776367,33.58000183105469,737300
02-11-2023,34.15999984741211,34.63999938964844,33.380001068115234,34.540000915527344,994300
03-11-2023,35.70000076293945,36.630001068115234,35.599998474121094,35.90999984741211,811800
06-11-2023,35.9900016784668,36.08000183105469,35.13199996948242,35.279998779296875,1321700
07-11-2023,35.11000061035156,35.790000915527344,34.88999938964844,35.59000015258789,1516600
08-11-2023,31.09499931335449,32.61000061035156,30.520000457763672,32.4900016784668,1927300
09-11-2023,32.349998474121094,32.70000076293945,30.104999542236328,30.200000762939453,1581800
10-11-2023,30.36000061035156,32.2599983215332,30.209999084472656,31.700000762939453,1544400
13-11-2023,31.459999084472656,31.770000457763672,31.239999771118164,31.31999969482422,903700
14-11-2023,32.470001220703125,33.30500030517578,32.459999084472656,32.75,2107000
15-11-2023,32.77000045776367,33.630001068115234,32.65999984741211,33.11000061035156,2036500
16-11-2023,33.0,33.400001525878906,32.584999084472656,32.83000183105469,1050700
17-11-2023,33.2400016784668,33.25,32.61000061035156,32.79999923706055,1386200
20-11-2023,32.75,33.13999938964844,32.45000076293945,32.900001525878906,1358400
21-11-2023,32.5,32.849998474121094,32.08000183105469,32.119998931884766,1061600
22-11-2023,32.20000076293945,32.56999969482422,32.04999923706055,32.119998931884766,952900
24-11-2023,32.22999954223633,32.810001373291016,32.0099983215332,32.5,697000
27-11-2023,32.2400016784668,32.439998626708984,31.93000030517578,32.099998474121094,1052000
28-11-2023,32.130001068115234,32.4900016784668,31.61199951171875,32.16999816894531,1402200
29-11-2023,32.90999984741211,33.18000030517578,32.31999969482422,32.45000076293945,1524400
30-11-2023,32.61000061035156,32.81999969482422,32.05500030517578,32.20000076293945,1208900
01-12-2023,32.060001373291016,33.36000061035156,31.90999984741211,33.279998779296875,1672600
04-12-2023,33.20000076293945,33.65999984741211,33.13999938964844,33.400001525878906,1740500
05-12-2023,33.16999816894531,33.255001068115234,32.61000061035156,32.84000015258789,1083100
06-12-2023,33.2599983215332,33.849998474121094,32.779998779296875,32.900001525878906,861500
07-12-2023,32.91999816894531,33.11000061035156,32.70000076293945,32.9900016784668,1005000
08-12-2023,33.0,33.349998474121094,32.599998474121094,32.88999938964844,1264300
11-12-2023,32.79999923706055,33.470001220703125,32.599998474121094,33.349998474121094,1127800
12-12-2023,33.22999954223633,33.70000076293945,33.08000183105469,33.369998931884766,1503200
13-12-2023,33.2599983215332,33.7400016784668,32.22999954223633,33.7400016784668,1283200
14-12-2023,34.29999923706055,35.880001068115234,33.959999084472656,35.86000061035156,1438300
15-12-2023,35.959999084472656,36.08000183105469,35.08000183105469,35.18000030517578,1803200
18-12-2023,35.369998931884766,35.790000915527344,34.88999938964844,35.5,824600
19-12-2023,35.630001068115234,36.63999938964844,35.630001068115234,36.52999877929688,684100
20-12-2023,36.369998931884766,36.97999954223633,35.779998779296875,35.83000183105469,774300
21-12-2023,36.25,36.720001220703125,36.02000045776367,36.65999984741211,649800
22-12-2023,36.68999862670898,37.18999862670898,36.540000915527344,36.7400016784668,552000
26-12-2023,36.970001220703125,37.025001525878906,36.52000045776367,36.900001525878906,371500
27-12-2023,37.119998931884766,37.119998931884766,36.34999847412109,36.52999877929688,516500
28-12-2023,36.380001068115234,36.75,36.380001068115234,36.59000015258789,547600
29-12-2023,36.630001068115234,36.68999862670898,36.25,36.36000061035156,951200
02-01-2024,36.04999923706055,37.040000915527344,35.775001525878906,36.4900016784668,546500
03-01-2024,35.83000183105469,36.040000915527344,33.88999938964844,33.93000030517578,1018900
04-01-2024,33.599998474121094,34.16999816894531,33.279998779296875,34.040000915527344,947000
05-01-2024,33.93000030517578,35.16999816894531,33.689998626708984,34.290000915527344,616100
08-01-2024,34.15999984741211,34.970001220703125,34.08000183105469,34.63999938964844,532800
09-01-2024,34.130001068115234,34.279998779296875,33.83000183105469,34.02000045776367,683200
10-01-2024,33.939998626708984,34.040000915527344,33.18000030517578,34.02000045776367,517200
11-01-2024,33.79999923706055,33.90999984741211,33.23500061035156,33.63999938964844,566400
12-01-2024,34.16999816894531,34.16999816894531,32.48500061035156,32.63999938964844,517100
16-01-2024,32.029998779296875,32.790000915527344,31.770000457763672,32.720001220703125,509300
17-01-2024,32.20000076293945,32.58000183105469,31.854999542236328,32.2599983215332,724800
18-01-2024,32.630001068115234,32.86000061035156,32.13999938964844,32.790000915527344,789700
19-01-2024,32.7599983215332,33.19499969482422,32.3849983215332,33.130001068115234,700100
22-01-2024,33.599998474121094,35.130001068115234,33.529998779296875,34.310001373291016,1294100
23-01-2024,35.040000915527344,35.290000915527344,34.47999954223633,34.560001373291016,1190800
24-01-2024,34.849998474121094,34.849998474121094,34.04999923706055,34.13999938964844,597400
25-01-2024,34.47999954223633,34.88999938964844,34.28499984741211,34.83000183105469,625200
26-01-2024,35.27000045776367,35.8849983215332,34.849998474121094,35.209999084472656,880000
29-01-2024,35.099998474121094,35.650001525878906,34.959999084472656,35.529998779296875,637700
30-01-2024,35.459999084472656,35.900001525878906,35.15999984741211,35.22999954223633,618700
31-01-2024,35.22999954223633,35.849998474121094,34.529998779296875,34.709999084472656,715000
01-02-2024,35.060001373291016,35.959999084472656,34.88999938964844,35.88999938964844,660500
02-02-2024,35.349998474121094,35.720001220703125,35.099998474121094,35.52000045776367,768900
05-02-2024,34.939998626708984,35.099998474121094,34.540000915527344,34.939998626708984,743700
06-02-2024,34.779998779296875,36.040000915527344,34.66999816894531,35.61000061035156,1435400
07-02-2024,35.150001525878906,35.38999938964844,32.849998474121094,32.880001068115234,2927600
08-02-2024,32.869998931884766,34.05500030517578,32.470001220703125,33.619998931884766,2091500
09-02-2024,33.779998779296875,34.36000061035156,33.5,34.130001068115234,2418400
12-02-2024,34.16999816894531,35.189998626708984,34.16999816894531,34.720001220703125,1589000
13-02-2024,33.290000915527344,34.18000030517578,32.91999816894531,33.15999984741211,1947500
14-02-2024,33.65999984741211,34.0,33.189998626708984,33.810001373291016,1361600
15-02-2024,34.20000076293945,35.25,34.06999969482422,34.88999938964844,1273600
16-02-2024,34.58000183105469,35.040000915527344,33.959999084472656,34.5,1024900
20-02-2024,34.0099983215332,34.525001525878906,33.83000183105469,34.36000061035156,1071700
21-02-2024,34.220001220703125,34.67499923706055,34.04499816894531,34.279998779296875,1142800
22-02-2024,34.13999938964844,34.40999984741211,33.83000183105469,34.16999816894531,1029400
23-02-2024,34.11000061035156,35.084999084472656,34.11000061035156,34.380001068115234,1441500
26-02-2024,34.150001525878906,34.7400016784668,33.47999954223633,33.97999954223633,616600
27-02-2024,34.459999084472656,34.83000183105469,33.83000183105469,34.20000076293945,628500
28-02-2024,33.720001220703125,34.279998779296875,33.65999984741211,33.66999816894531,527600
29-02-2024,34.11000061035156,34.43000030517578,33.51499938964844,33.939998626708984,1008900
01-03-2024,34.029998779296875,34.029998779296875,33.33000183105469,33.439998626708984,552200
04-03-2024,33.52000045776367,33.61000061035156,32.9900016784668,33.369998931884766,715900
05-03-2024,33.220001220703125,34.35499954223633,33.08000183105469,34.34000015258789,863600
06-03-2024,34.630001068115234,34.68000030517578,34.14500045776367,34.630001068115234,708900
07-03-2024,34.75,35.720001220703125,34.4900016784668,35.31999969482422,804600
08-03-2024,35.66999816894531,35.939998626708984,34.959999084472656,35.2400016784668,677200
11-03-2024,35.099998474121094,35.619998931884766,35.099998474121094,35.310001373291016,1046700
12-03-2024,35.400001525878906,35.4900016784668,34.0099983215332,34.459999084472656,1019300
13-03-2024,34.22999954223633,35.04999923706055,34.0,34.400001525878906,1010300
14-03-2024,34.099998474121094,34.22999954223633,32.28499984741211,32.52000045776367,1050900
15-03-2024,32.4900016784668,33.19499969482422,32.4900016784668,32.58000183105469,2430700
18-03-2024,32.75,33.07500076293945,32.22999954223633,32.52000045776367,1301200
19-03-2024,32.5099983215332,32.970001220703125,32.380001068115234,32.83000183105469,811100
20-03-2024,32.83000183105469,33.959999084472656,32.83000183105469,33.77000045776367,915100
21-03-2024,33.900001525878906,34.15999984741211,33.529998779296875,33.72999954223633,764500
22-03-2024,33.56999969482422,33.599998474121094,32.65999984741211,32.9900016784668,760700
25-03-2024,33.18000030517578,33.43000030517578,32.7599983215332,33.20000076293945,618300
26-03-2024,33.29999923706055,33.29999923706055,31.84000015258789,31.90999984741211,1046900
27-03-2024,32.0099983215332,33.209999084472656,30.670000076293945,33.16999816894531,2856200
28-03-2024,33.33000183105469,33.7400016784668,32.88999938964844,32.91999816894531,1158900
01-04-2024,32.790000915527344,32.790000915527344,31.799999237060547,31.920000076293945,1024800
02-04-2024,31.530000686645508,31.899999618530277,31.40999984741211,31.549999237060547,928300
03-04-2024,31.309999465942383,31.88999938964844,31.309999465942383,31.82999992370605,691200
04-04-2024,32.27000045776367,32.4900016784668,31.173999786376957,31.26000022888184,863300
05-04-2024,31.18000030517578,31.57999992370605,30.81999969482422,31.149999618530277,1048600
08-04-2024,31.520000457763672,31.850000381469727,31.09000015258789,31.11000061035156,1141000
09-04-2024,31.489999771118164,31.850000381469727,31.200000762939453,31.780000686645508,1189900
10-04-2024,30.459999084472656,30.600000381469727,29.299999237060547,30.239999771118164,1990200
11-04-2024,30.239999771118164,31.209999084472656,29.959999084472656,31.1299991607666,1272900
12-04-2024,30.790000915527344,30.790000915527344,29.739999771118164,29.76000022888184,858500
15-04-2024,29.799999237060547,30.100000381469727,29.1299991607666,29.190000534057617,961200
16-04-2024,28.88999938964844,28.915000915527344,28.350000381469727,28.63999938964844,1046300
17-04-2024,28.82999992370605,28.924999237060547,27.979999542236328,28.11000061035156,1146600
18-04-2024,28.200000762939453,28.459999084472656,27.729999542236328,28.020000457763672,1175400
19-04-2024,27.8799991607666,28.899999618530277,27.76000022888184,28.82999992370605,1054900
22-04-2024,28.950000762939453,29.174999237060547,28.59000015258789,28.989999771118164,847700
23-04-2024,28.959999084472656,29.18000030517578,28.799999237060547,28.940000534057617,832100
24-04-2024,28.90999984741211,29.809999465942383,28.709999084472656,29.690000534057617,1179800
25-04-2024,29.299999237060547,29.670000076293945,29.114999771118164,29.40999984741211,933100
26-04-2024,29.479999542236328,30.700000762939453,29.36000061035156,30.420000076293945,1009400
29-04-2024,30.75,31.190000534057617,30.645000457763672,30.75,1187300
30-04-2024,30.149999618530277,30.325000762939453,29.57999992370605,29.8700008392334,885500
01-05-2024,29.739999771118164,30.06999969482422,28.950000762939453,29.440000534057617,1294200
02-05-2024,29.96999931335449,30.440000534057617,29.76000022888184,30.21999931335449,1071300
03-05-2024,30.3700008392334,30.88999938964844,26.96999931335449,27.40999984741211,2258100
06-05-2024,27.700000762939453,28.26000022888184,27.030000686645508,28.1200008392334,1764300
07-05-2024,27.979999542236328,28.530000686645508,27.739999771118164,27.739999771118164,1292800
08-05-2024,27.46999931335449,28.61000061035156,27.350000381469727,28.559999465942383,1028900
09-05-2024,28.6299991607666,29.059999465942383,28.51000022888184,28.899999618530277,994500
10-05-2024,29.07999992370605,29.209999084472656,28.299999237060547,28.90999984741211,1012200
13-05-2024,29.350000381469727,30.049999237060547,29.350000381469727,29.46999931335449,1010700
14-05-2024,30.100000381469727,30.290000915527344,29.450000762939453,29.71999931335449,1103100
15-05-2024,30.049999237060547,30.190000534057617,29.21999931335449,29.56999969482422,1094800
16-05-2024,29.670000076293945,29.70499992370605,29.350000381469727,29.63999938964844,778900
17-05-2024,29.46999931335449,29.520000457763672,29.040000915527344,29.1200008392334,935100
20-05-2024,29.13999938964844,29.280000686645508,28.739999771118164,28.86000061035156,690000
21-05-2024,28.649999618530277,28.709999084472656,28.170000076293945,28.21999931335449,778900
22-05-2024,28.020000457763672,28.34000015258789,27.71999931335449,28.049999237060547,756600
23-05-2024,28.049999237060547,28.149999618530277,26.790000915527344,26.920000076293945,956400
24-05-2024,26.950000762939453,27.270000457763672,26.790000915527344,27.239999771118164,833700
28-05-2024,27.350000381469727,27.709999084472656,27.21999931335449,27.40999984741211,1031200
29-05-2024,26.93000030517578,27.165000915527344,26.780000686645508,27.030000686645508,646700
30-05-2024,27.149999618530277,27.690000534057617,27.049999237060547,27.68000030517578,577100
31-05-2024,27.68000030517578,28.40999984741211,27.420000076293945,28.239999771118164,1003500
03-06-2024,28.299999237060547,28.479999542236328,27.479999542236328,28.09000015258789,1086000
04-06-2024,27.76000022888184,28.209999084472656,27.690000534057617,28.1299991607666,1345300
05-06-2024,28.350000381469727,28.3799991607666,27.780000686645508,28.040000915527344,1319200
06-06-2024,27.850000381469727,28.01000022888184,27.1299991607666,27.31999969482422,1309400
07-06-2024,26.989999771118164,27.920000076293945,26.82999992370605,27.8799991607666,1186900
10-06-2024,27.38999938964844,28.11000061035156,26.940000534057617,27.850000381469727,1395400
11-06-2024,27.65999984741211,27.790000915527344,26.75,27.239999771118164,1021100
12-06-2024,27.8700008392334,28.459999084472656,27.350000381469727,27.63999938964844,988800
13-06-2024,27.36000061035156,27.57999992370605,26.489999771118164,26.520000457763672,1153800
14-06-2024,26.0,26.01000022888184,24.899999618530277,25.15999984741211,1473100
17-06-2024,25.239999771118164,25.770000457763672,24.950000762939453,25.600000381469727,1042600
18-06-2024,25.63999938964844,25.790000915527344,25.09000015258789,25.36000061035156,860800
20-06-2024,25.209999084472656,25.600000381469727,25.06999969482422,25.299999237060547,590000
21-06-2024,25.200000762939453,25.61000061035156,25.049999237060547,25.43000030517578,1558700
24-06-2024,25.649999618530277,26.18000030517578,25.479999542236328,25.5,734000
25-06-2024,25.31999969482422,25.450000762939453,24.790000915527344,24.88999938964844,693200
26-06-2024,24.59000015258789,24.809999465942383,24.21999931335449,24.420000076293945,868900
27-06-2024,24.43000030517578,25.200000762939453,24.270000457763672,24.739999771118164,1401100
28-06-2024,24.96999931335449,25.09499931335449,24.59000015258789,24.709999084472656,1470900
01-07-2024,25.399999618530277,25.399999618530277,24.43000030517578,24.670000076293945,1251400
02-07-2024,24.71999931335449,24.979999542236328,24.46999931335449,24.86000061035156,904600
03-07-2024,24.989999771118164,24.989999771118164,24.65999984741211,24.709999084472656,425300
05-07-2024,24.600000381469727,24.67300033569336,24.15999984741211,24.170000076293945,758300
08-07-2024,24.43000030517578,24.75,23.950000762939453,23.959999084472656,1022300
09-07-2024,23.850000381469727,23.899999618530277,23.280000686645508,23.40999984741211,1555300
10-07-2024,23.34000015258789,23.540000915527344,22.934999465942383,23.239999771118164,1357000
11-07-2024,23.84000015258789,24.46999931335449,23.57999992370605,24.170000076293945,1127300
12-07-2024,24.450000762939453,24.51000022888184,24.0049991607666,24.06999969482422,784600
15-07-2024,24.049999237060547,24.530000686645508,23.850000381469727,24.43000030517578,1135800
16-07-2024,24.6200008392334,25.399999618530277,24.5,25.32999992370605,1065100
17-07-2024,25.07999992370605,25.665000915527344,24.770000457763672,25.440000534057617,1499600
18-07-2024,25.459999084472656,26.049999237060547,25.190000534057617,25.459999084472656,1166100
19-07-2024,24.850000381469727,25.100000381469727,23.81999969482422,24.5,1294800
22-07-2024,24.68000030517578,25.149999618530277,24.190000534057617,25.1299991607666,1025400
23-07-2024,24.959999084472656,25.57999992370605,24.81999969482422,25.479999542236328,1224500
24-07-2024,25.09000015258789,25.920000076293945,25.09000015258789,25.3799991607666,1846300
25-07-2024,25.299999237060547,25.774999618530277,25.059999465942383,25.100000381469727,1988200
26-07-2024,25.5,25.600000381469727,24.75,25.06999969482422,2662200
29-07-2024,25.06999969482422,25.34499931335449,24.76000022888184,25.170000076293945,1415000
30-07-2024,25.25,25.7549991607666,25.200000762939453,25.670000076293945,1183300
31-07-2024,25.850000381469727,26.59000015258789,25.709999084472656,25.76000022888184,1327700
01-08-2024,25.690000534057617,25.93000030517578,24.65999984741211,24.88999938964844,1125500
02-08-2024,24.100000381469727,24.270000457763672,23.309999465942383,23.559999465942383,1211800
05-08-2024,22.3799991607666,22.90999984741211,21.96999931335449,22.81999969482422,2261900
06-08-2024,21.0,22.2450008392334,20.18000030517578,21.459999084472656,2243000
07-08-2024,22.0,22.1299991607666,21.354999542236328,21.46999931335449,1671900
08-08-2024,21.399999618530277,21.729999542236328,21.26000022888184,21.280000686645508,1610000
09-08-2024,21.290000915527344,21.450000762939453,20.96999931335449,20.989999771118164,1283600
12-08-2024,20.65999984741211,20.81999969482422,20.420000076293945,20.5,1439600
13-08-2024,20.600000381469727,21.229999542236328,20.51000022888184,21.149999618530277,3051200
14-08-2024,21.309999465942383,21.549999237060547,21.18000030517578,21.309999465942383,1850300
15-08-2024,22.030000686645508,22.26000022888184,21.780000686645508,21.850000381469727,3879600
16-08-2024,21.88999938964844,22.26000022888184,21.799999237060547,22.229999542236328,1793800
19-08-2024,22.450000762939453,22.700000762939453,22.2450008392334,22.31999969482422,1016600
20-08-2024,22.209999084472656,22.26000022888184,21.450000762939453,21.46999931335449,995300
21-08-2024,21.690000534057617,21.799999237060547,21.479999542236328,21.6299991607666,1216600
22-08-2024,21.690000534057617,21.78499984741211,21.13999938964844,21.239999771118164,796100
23-08-2024,21.43000030517578,22.229999542236328,21.26000022888184,21.799999237060547,1018500
26-08-2024,22.020000457763672,22.51000022888184,21.799999237060547,22.149999618530277,661900
27-08-2024,22.07999992370605,22.40999984741211,22.020000457763672,22.15999984741211,664500
28-08-2024,22.030000686645508,22.3799991607666,21.959999084472656,22.32999992370605,988800
29-08-2024,22.600000381469727,22.84000015258789,22.239999771118164,22.530000686645508,724000
30-08-2024,22.700000762939453,22.84000015258789,22.225000381469727,22.6200008392334,684800
03-09-2024,22.31999969482422,22.524999618530277,22.020000457763672,22.100000381469727,860700
04-09-2024,22.11000061035156,22.26000022888184,21.90999984741211,22.190000534057617,750700
05-09-2024,22.3700008392334,22.440000534057617,21.899999618530277,22.280000686645508,951200
06-09-2024,22.25,22.40999984741211,20.979999542236328,21.1200008392334,1174800
09-09-2024,21.21999931335449,21.649999618530277,20.709999084472656,21.170000076293945,1903300
10-09-2024,20.81999969482422,21.0049991607666,19.940000534057617,20.8799991607666,1384800
11-09-2024,20.8799991607666,20.940000534057617,19.739999771118164,20.0,1070100
12-09-2024,20.059999465942383,20.26000022888184,19.399999618530277,19.899999618530277,1031100
13-09-2024,20.270000457763672,20.76000022888184,20.239999771118164,20.520000457763672,1008900
16-09-2024,20.6200008392334,20.799999237060547,20.200000762939453,20.459999084472656,897300
17-09-2024,20.71999931335449,21.770000457763672,20.5,21.65999984741211,1444400
18-09-2024,21.71999931335449,22.670000076293945,21.600000381469727,21.690000534057617,1289100
19-09-2024,22.31999969482422,22.96999931335449,22.07999992370605,22.59000015258789,1640900
20-09-2024,22.309999465942383,23.024999618530277,21.850000381469727,22.670000076293945,22197100
23-09-2024,22.43000030517578,22.809999465942383,21.81999969482422,22.1200008392334,2026400
24-09-2024,22.520000457763672,22.729999542236328,22.19499969482422,22.489999771118164,1721900
25-09-2024,22.1299991607666,22.770000457763672,21.899999618530277,22.06999969482422,2366400
26-09-2024,22.76000022888184,23.43000030517578,22.6200008392334,22.899999618530277,1860600
27-09-2024,23.540000915527344,24.2450008392334,23.17200088500977,23.700000762939453,1293500
30-09-2024,22.8700008392334,23.280000686645508,22.40999984741211,22.56999969482422,1072800
01-10-2024,22.479999542236328,22.479999542236328,21.950000762939453,22.32999992370605,752400
02-10-2024,22.530000686645508,22.68000030517578,22.13999938964844,22.15999984741211,862700
03-10-2024,21.549999237060547,21.850000381469727,21.45499992370605,21.790000915527344,728200
04-10-2024,22.26000022888184,22.36000061035156,21.799999237060547,22.15999984741211,824800
07-10-2024,22.21999931335449,22.59000015258789,22.0,22.239999771118164,802800
08-10-2024,22.09000015258789,22.100000381469727,21.25,21.34000015258789,636500
09-10-2024,21.280000686645508,21.854999542236328,21.09000015258789,21.350000381469727,587900
10-10-2024,21.200000762939453,21.899999618530277,20.979999542236328,21.8799991607666,954700
11-10-2024,21.84000015258789,22.61000061035156,21.84000015258789,22.25,860400
14-10-2024,22.030000686645508,22.030000686645508,21.59000015258789,21.86000061035156,628300
15-10-2024,21.59000015258789,21.920000076293945,21.32999992370605,21.350000381469727,869700
16-10-2024,21.65999984741211,21.90999984741211,21.3799991607666,21.6299991607666,742500
17-10-2024,21.56999969482422,21.84000015258789,21.1200008392334,21.82999992370605,847400
18-10-2024,22.729999542236328,23.38999938964844,22.399999618530277,22.75,1346900
21-10-2024,22.6200008392334,22.729999542236328,21.625,21.65999984741211,758000
22-10-2024,21.82999992370605,21.86000061035156,21.46999931335449,21.63999938964844,692700
23-10-2024,21.459999084472656,21.51000022888184,20.90999984741211,21.290000915527344,863300
24-10-2024,21.76000022888184,21.899999618530277,20.8799991607666,20.93000030517578,928800
25-10-2024,21.18000030517578,21.280000686645508,20.75,20.88999938964844,635900
28-10-2024,21.0,21.6200008392334,20.86000061035156,21.46999931335449,403400
29-10-2024,21.200000762939453,21.290000915527344,20.989999771118164,21.209999084472656,447100
30-10-2024,20.84000015258789,21.09000015258789,20.38999938964844,20.38999938964844,690000
31-10-2024,20.280000686645508,20.32999992370605,19.46999931335449,19.530000686645508,1371800
01-11-2024,19.71999931335449,20.239999771118164,19.63999938964844,19.81999969482422,987800
04-11-2024,19.940000534057617,20.309999465942383,19.690000534057617,19.739999771118164,1097900
05-11-2024,19.450000762939453,19.81999969482422,19.309999465942383,19.71999931335449,1061100
06-11-2024,20.5,20.75,19.299999237060547,19.739999771118164,2518200
07-11-2024,19.8700008392334,20.600000381469727,19.649999618530277,19.8799991607666,2442300
08-11-2024,21.34000015258789,21.979999542236328,20.13999938964844,20.31999969482422,2166000
11-11-2024,20.6200008392334,21.6200008392334,20.38999938964844,21.149999618530277,2434700
12-11-2024,20.84000015258789,21.424999237060547,20.71500015258789,20.88999938964844,1484300
13-11-2024,20.950000762939453,21.549999237060547,20.71500015258789,21.21999931335449,1291100
14-11-2024,21.40999984741211,21.56999969482422,20.3700008392334,20.399999618530277,1632500
15-11-2024,20.600000381469727,20.6299991607666,19.80500030517578,19.88999938964844,1304700
18-11-2024,19.950000762939453,20.21999931335449,19.63999938964844,19.75,986400
19-11-2024,19.31999969482422,19.440000534057617,18.950000762939453,18.950000762939453,1099900
20-11-2024,18.799999237060547,19.114999771118164,18.729999542236328,19.059999465942383,1191500
21-11-2024,18.84000015258789,19.09000015258789,18.530000686645508,19.09000015258789,1496700
22-11-2024,19.280000686645508,19.625,19.15999984741211,19.34000015258789,1153000
25-11-2024,19.63999938964844,20.8700008392334,19.559999465942383,19.959999084472656,1611900
26-11-2024,19.5,19.665000915527344,18.959999084472656,19.239999771118164,1250400
27-11-2024,19.350000381469727,19.739999771118164,19.18000030517578,19.26000022888184,988300
29-11-2024,19.43000030517578,19.43000030517578,19.040000915527344,19.229999542236328,532900
02-12-2024,19.280000686645508,20.295000076293945,19.190000534057617,20.290000915527344,1511500
03-12-2024,20.299999237060547,20.399999618530277,19.709999084472656,19.899999618530277,1061500
04-12-2024,19.850000381469727,20.420000076293945,19.75,20.31999969482422,800400
05-12-2024,20.440000534057617,20.665000915527344,19.11000061035156,19.489999771118164,1285000
06-12-2024,19.76000022888184,20.1299991607666,18.950000762939453,19.280000686645508,1170000
09-12-2024,19.770000457763672,20.670000076293945,19.416000366210938,19.700000762939453,765800
10-12-2024,19.75,19.82999992370605,19.249000549316406,19.799999237060547,708800
11-12-2024,19.850000381469727,19.899999618530277,18.959999084472656,19.40999984741211,1150300
12-12-2024,19.450000762939453,19.600000381469727,19.0,19.06999969482422,754000
13-12-2024,19.01000022888184,19.049999237060547,18.709999084472656,18.959999084472656,720300
16-12-2024,18.15999984741211,18.51000022888184,17.559999465942383,17.610000610351562,1912000
17-12-2024,17.479999542236328,17.770000457763672,17.200000762939453,17.600000381469727,1408500
18-12-2024,17.700000762939453,18.059999465942383,17.1200008392334,17.270000457763672,953700
19-12-2024,17.469999313354492,17.75,16.959999084472656,17.260000228881836,963100
20-12-2024,17.059999465942383,17.545000076293945,16.770000457763672,16.850000381469727,2841800
23-12-2024,16.799999237060547,17.0,16.43000030517578,16.959999084472656,1141000
24-12-2024,16.920000076293945,17.3700008392334,16.739999771118164,17.290000915527344,478700
26-12-2024,17.200000762939453,17.639999389648438,16.969999313354492,17.520000457763672,1080200
27-12-2024,17.3700008392334,17.729999542236328,17.155000686645508,17.440000534057617,986800
30-12-2024,17.389999389648438,17.43000030517578,16.81999969482422,17.190000534057617,915100
31-12-2024,17.239999771118164,17.670000076293945,17.059999465942383,17.229999542236328,525500
02-01-2025,17.229999542236328,17.59000015258789,16.540000915527344,16.75,835900
03-01-2025,16.690000534057617,16.899999618530273,16.280000686645508,16.860000610351562,1033000
06-01-2025,17.149999618530273,17.889999389648438,17.040000915527344,17.489999771118164,1015400
07-01-2025,17.610000610351562,17.979999542236328,17.350000381469727,17.549999237060547,1138400
08-01-2025,17.31999969482422,17.420000076293945,16.829999923706055,17.020000457763672,1124200
10-01-2025,16.649999618530273,16.860000610351562,16.40999984741211,16.65999984741211,933800
13-01-2025,16.59000015258789,17.184999465942383,16.530000686645508,17.100000381469727,1243700
14-01-2025,17.5,17.59000015258789,17.1299991607666,17.440000534057617,1139900
15-01-2025,17.959999084472656,18.200000762939453,17.360000610351562,17.489999771118164,1826300
16-01-2025,17.489999771118164,17.489999771118164,16.829999923706055,17.1299991607666,1110200
17-01-2025,17.280000686645508,17.639999389648438,17.049999237060547,17.139999389648438,1026400
21-01-2025,17.139999389648438,17.510000228881836,16.729999542236328,17.469999313354492,1572800
22-01-2025,17.31999969482422,17.329999923706055,16.780000686645508,16.790000915527344,1158100
23-01-2025,16.799999237060547,16.969999313354492,16.405000686645508,16.889999389648438,1504500
24-01-2025,16.979999542236328,17.329999923706055,16.8700008392334,17.139999389648438,1562800
27-01-2025,17.389999389648438,17.75,17.219999313354492,17.309999465942383,1844900
28-01-2025,18.020000457763672,18.8700008392334,17.65999984741211,17.950000762939453,3143200
29-01-2025,18.040000915527344,18.81999969482422,17.670000076293945,18.149999618530277,2563600
30-01-2025,18.59000015258789,18.739999771118164,18.084999084472656,18.26000022888184,1420400
31-01-2025,17.989999771118164,18.34000015258789,17.209999084472656,17.43000030517578,1570300
03-02-2025,16.649999618530273,16.760000228881836,15.710000038146973,16.399999618530273,2115500
04-02-2025,16.309999465942383,16.93000030517578,16.309999465942383,16.90999984741211,1019000
05-02-2025,16.850000381469727,17.209999084472656,16.545000076293945,17.139999389648438,1144900
06-02-2025,17.350000381469727,17.649999618530273,16.5,16.59000015258789,1123200
07-02-2025,16.600000381469727,17.09000015258789,16.114999771118164,16.8799991607666,1714300
10-02-2025,17.0,17.329999923706055,16.764999389648438,17.0,948500
11-02-2025,16.81999969482422,17.399999618530273,16.795000076293945,17.239999771118164,668900
12-02-2025,17.030000686645508,17.34000015258789,16.93000030517578,17.09000015258789,959700
13-02-2025,17.290000915527344,17.520000457763672,17.059999465942383,17.209999084472656,841000
14-02-2025,17.489999771118164,17.889999389648438,17.024999618530273,17.139999389648438,632900
18-02-2025,17.170000076293945,17.770000457763672,17.040000915527344,17.6299991607666,965200
19-02-2025,17.40999984741211,17.44499969482422,16.854999542236328,17.059999465942383,716500
20-02-2025,17.100000381469727,17.344999313354492,16.655000686645508,17.229999542236328,750200
21-02-2025,17.440000534057617,17.440000534057617,16.924999237060547,16.940000534057617,666400
24-02-2025,17.030000686645508,17.382999420166016,16.709999084472656,17.139999389648438,962200
25-02-2025,17.200000762939453,17.280000686645508,16.75,16.899999618530273,1150700
26-02-2025,16.889999389648438,17.09000015258789,16.75,16.770000457763672,1352200
27-02-2025,16.56999969482422,16.7450008392334,15.899999618530272,15.9399995803833,903000
28-02-2025,15.760000228881836,16.290000915527344,15.56999969482422,15.829999923706056,1327400
03-03-2025,15.960000038146973,16.219999313354492,14.600000381469728,14.739999771118164,1245700
04-03-2025,13.850000381469728,14.329999923706056,13.640000343322754,14.079999923706056,1847000
05-03-2025,14.350000381469728,15.0,14.25,14.920000076293944,1239100
06-03-2025,14.850000381469728,15.6850004196167,14.670000076293944,15.529999732971191,1289900
07-03-2025,15.460000038146973,15.8100004196167,14.93000030517578,14.9399995803833,1486300
10-03-2025,14.890000343322754,15.109999656677246,14.631999969482422,14.710000038146973,1104700
11-03-2025,14.800000190734863,14.800000190734863,13.949999809265137,14.329999923706056,1273900
12-03-2025,14.350000381469728,14.364999771118164,13.852999687194824,13.979999542236328,896800
13-03-2025,13.800000190734863,14.210000038146973,13.4399995803833,13.479999542236328,1091000
14-03-2025,13.720000267028809,14.354999542236328,13.720000267028809,14.229999542236328,1392500
17-03-2025,14.3100004196167,14.649999618530272,13.880000114440918,14.050000190734863,913700
18-03-2025,13.9399995803833,14.109999656677246,13.829999923706056,14.0,905100
19-03-2025,14.010000228881836,14.239999771118164,13.8100004196167,13.960000038146973,879300
20-03-2025,13.600000381469728,14.119999885559082,13.529999732971191,13.859999656677246,1798500
21-03-2025,13.600000381469728,14.079999923706056,13.34000015258789,13.920000076293944,10041500
24-03-2025,14.329999923706056,14.649999618530272,13.574999809265137,13.960000038146973,8515600
25-03-2025,14.18000030517578,14.755000114440918,13.895000457763672,14.59000015258789,3868300
26-03-2025,14.619999885559082,15.140000343322754,14.529999732971191,15.09000015258789,2178800
27-03-2025,14.81999969482422,14.81999969482422,13.43000030517578,13.510000228881836,2277600
28-03-2025,13.350000381469728,13.4399995803833,12.550000190734863,12.8100004196167,1511700
31-03-2025,12.43000030517578,13.029999732971191,12.3100004196167,12.859999656677246,1529700
01-04-2025,12.800000190734863,13.029999732971191,12.385000228881836,12.68000030517578,1049400
02-04-2025,12.390000343322754,13.06999969482422,12.390000343322754,12.81999969482422,1026900
03-04-2025,12.31999969482422,12.460000038146973,11.6899995803833,11.970000267028809,2065800
04-04-2025,11.510000228881836,11.729999542236328,10.710000038146973,11.609999656677246,2265900
07-04-2025,10.960000038146973,11.81999969482422,10.649999618530272,10.979999542236328,2134300
08-04-2025,11.229999542236328,11.329999923706056,10.239999771118164,10.34000015258789,1574400
09-04-2025,10.270000457763672,11.949999809265137,10.039999961853027,11.890000343322754,2405200
10-04-2025,11.420000076293944,11.548999786376951,10.31999969482422,10.59000015258789,2291800
11-04-2025,10.5600004196167,10.789999961853027,10.039999961853027,10.399999618530272,1532100
14-04-2025,10.600000381469728,11.170000076293944,10.18000030517578,10.960000038146973,2010300
15-04-2025,10.710000038146973,10.890000343322754,10.390000343322754,10.890000343322754,1597300
16-04-2025,10.949999809265137,11.149999618530272,10.69499969482422,10.949999809265137,1223200
17-04-2025,11.0,11.510000228881836,11.0,11.43000030517578,1244200
21-04-2025,11.260000228881836,11.529999732971191,11.09000015258789,11.489999771118164,1512000
22-04-2025,11.84000015258789,12.09000015258789,11.579999923706056,12.010000228881836,1209400
23-04-2025,12.56999969482422,12.8100004196167,12.1899995803833,12.199999809265137,1106000
24-04-2025,12.270000457763672,12.84000015258789,12.234999656677246,12.8100004196167,1121600
25-04-2025,12.510000228881836,12.640000343322754,12.34000015258789,12.56999969482422,870000
28-04-2025,12.579999923706056,12.93000030517578,12.390000343322754,12.539999961853027,749800
29-04-2025,12.470000267028809,12.96500015258789,12.470000267028809,12.920000076293944,932100
30-04-2025,12.640000343322754,12.819000244140623,12.390000343322754,12.649999618530272,1291300
01-05-2025,12.710000038146973,12.869999885559082,12.470000267028809,12.649999618530272,896500
02-05-2025,12.970000267028809,13.029999732971191,12.649999618530272,12.75,715700
05-05-2025,12.68000030517578,13.06999969482422,12.449999809265137,12.869999885559082,802500
06-05-2025,12.670000076293944,12.949999809265137,12.574999809265137,12.640000343322754,1194400
07-05-2025,13.119999885559082,13.15999984741211,11.890999794006348,12.579999923706056,1481200
08-05-2025,12.850000381469728,13.9399995803833,12.845000267028809,13.770000457763672,1761300
09-05-2025,14.010000228881836,14.829999923706056,13.93000030517578,14.670000076293944,1993900
12-05-2025,15.600000381469728,16.239999771118164,15.550000190734863,15.609999656677246,2667800
13-05-2025,15.710000038146973,15.899999618530272,15.5,15.899999618530272,1506900
14-05-2025,15.789999961853027,15.970000267028809,15.609999656677246,15.869999885559082,1318300
15-05-2025,15.5,15.6850004196167,15.31999969482422,15.489999771118164,1149100
16-05-2025,15.59000015258789,15.970000267028809,15.5649995803833,15.81999969482422,1388800
19-05-2025,15.34000015258789,15.545000076293944,15.100000381469728,15.539999961853027,1888300
20-05-2025,15.600000381469728,15.739999771118164,15.369999885559082,15.489999771118164,977600
21-05-2025,15.18000030517578,15.3100004196167,14.8100004196167,14.899999618530272,1513900
22-05-2025,14.859999656677246,15.074999809265137,14.612000465393066,15.0,1417300
23-05-2025,14.550000190734863,14.770000457763672,14.550000190734863,14.729999542236328,1170700
27-05-2025,15.170000076293944,15.520000457763672,14.869999885559082,15.5,782900
28-05-2025,15.520000457763672,15.619999885559082,15.30500030517578,15.380000114440918,919800
29-05-2025,15.579999923706056,15.989999771118164,15.44499969482422,15.979999542236328,1000700
30-05-2025,15.850000381469728,15.920000076293944,15.56999969482422,15.59000015258789,1239600
02-06-2025,15.56999969482422,15.56999969482422,14.925000190734863,15.170000076293944,1115800
03-06-2025,15.079999923706056,15.850000381469728,14.890000343322754,15.75,1305400
04-06-2025,15.800000190734863,15.845000267028809,15.479999542236328,15.670000076293944,1112900
05-06-2025,15.649999618530272,15.875,15.475000381469728,15.699999809265137,1428400
06-06-2025,15.90999984741211,16.170000076293945,15.859999656677246,16.020000457763672,1139300
09-06-2025,16.450000762939453,16.860000610351562,16.139999389648438,16.469999313354492,1141800
10-06-2025,16.65999984741211,17.829999923706055,16.56999969482422,17.6200008392334,1716400
11-06-2025,17.739999771118164,19.030000686645508,17.69499969482422,18.799999237060547,3281900
12-06-2025,18.32999992370605,19.06999969482422,18.31999969482422,18.96999931335449,2357400
13-06-2025,18.649999618530277,18.82999992370605,18.25,18.40999984741211,1550400
16-06-2025,18.649999618530277,19.200000762939453,18.51499938964844,19.13999938964844,1704200
17-06-2025,19.0,19.290000915527344,18.81999969482422,18.940000534057617,1437300
18-06-2025,18.88999938964844,19.280000686645508,18.86000061035156,18.88999938964844,1365400
20-06-2025,19.09000015258789,19.165000915527344,18.690000534057617,18.8700008392334,2630400
23-06-2025,18.68000030517578,19.104999542236328,18.670000076293945,18.950000762939453,1272900
24-06-2025,19.15999984741211,19.489999771118164,18.71999931335449,19.40999984741211,888500
25-06-2025,19.46999931335449,19.6200008392334,19.059999465942383,19.350000381469727,869800
26-06-2025,19.459999084472656,19.76000022888184,19.229999542236328,19.709999084472656,669300
27-06-2025,19.780000686645508,19.905000686645508,19.475000381469727,19.71999931335449,1039900
30-06-2025,19.6200008392334,19.725000381469727,19.309999465942383,19.459999084472656,977600
01-07-2025,19.59000015258789,21.34000015258789,19.31800079345703,21.040000915527344,1831600
02-07-2025,21.200000762939453,22.43000030517578,21.13999938964844,22.18000030517578,1616300
03-07-2025,22.18000030517578,22.61000061035156,21.899999618530277,22.3799991607666,867900
07-07-2025,22.030000686645508,22.700000762939453,21.8700008392334,22.0,1207000
08-07-2025,22.209999084472656,22.63500022888184,22.11000061035156,22.15999984741211,1473600
09-07-2025,22.399999618530277,22.575000762939453,22.07999992370605,22.540000915527344,1163500
10-07-2025,22.6299991607666,23.350000381469727,22.600000381469727,22.8700008392334,1135300
11-07-2025,22.8700008392334,23.03499984741211,22.489999771118164,22.729999542236328,789800
14-07-2025,23.01000022888184,23.07999992370605,22.4950008392334,22.989999771118164,935900
15-07-2025,23.11000061035156,23.211000442504883,22.229999542236328,22.229999542236328,1149500
16-07-2025,22.61000061035156,22.65999984741211,22.1200008392334,22.3799991607666,962800
17-07-2025,22.34000015258789,22.75,22.040000915527344,22.049999237060547,1112900
18-07-2025,22.209999084472656,22.40999984741211,21.459999084472656,21.75,1125800
21-07-2025,22.06999969482422,22.50900077819824,21.88999938964844,22.1299991607666,1193900
22-07-2025,22.06999969482422,22.45499992370605,21.57999992370605,22.270000457763672,1058800
23-07-2025,22.68000030517578,23.25,22.450000762939453,23.1200008392334,1438500
24-07-2025,22.399999618530277,23.084999084472656,22.190000534057617,22.729999542236328,1122700
25-07-2025,22.84000015258789,22.84000015258789,22.040000915527344,22.729999542236328,1022000
28-07-2025,22.68000030517578,22.979999542236328,22.350000381469727,22.700000762939453,757000
29-07-2025,22.950000762939453,22.96999931335449,21.951000213623047,22.07999992370605,1344800
30-07-2025,21.989999771118164,22.0,21.290000915527344,21.43000030517578,1281900
31-07-2025,21.280000686645508,21.63500022888184,21.100000381469727,21.440000534057617,1240100
01-08-2025,20.899999618530277,21.59000015258789,20.479999542236328,21.399999618530277,1493800
04-08-2025,21.86000061035156,21.899999618530277,21.559999465942383,21.709999084472656,934000
05-08-2025,21.940000534057617,22.155000686645508,21.700000762939453,22.11000061035156,1692600
06-08-2025,22.299999237060547,23.888999938964844,22.174999237060547,22.8799991607666,2432100
07-08-2025,23.13999938964844,23.200000762939453,22.13999938964844,22.739999771118164,1490400
08-08-2025,22.549999237060547,22.739999771118164,21.989999771118164,21.989999771118164,1440400
11-08-2025,22.13999938964844,22.354999542236328,21.76000022888184,21.8700008392334,1128400
12-08-2025,22.209999084472656,23.170000076293945,21.959999084472656,22.93000030517578,1258500
13-08-2025,22.899999618530277,24.125,22.80500030517578,24.020000457763672,1426900
14-08-2025,23.709999084472656,24.15999984741211,23.299999237060547,23.950000762939453,1057900
15-08-2025,24.030000686645508,24.125,23.56999969482422,23.6200008392334,805300
18-08-2025,23.5,23.6299991607666,23.030000686645508,23.059999465942383,1025500
19-08-2025,23.290000915527344,23.6200008392334,23.13999938964844,23.26000022888184,666000
20-08-2025,22.959999084472656,23.3700008392334,22.93000030517578,23.1200008392334,831200
21-08-2025,23.479999542236328,23.709999084472656,23.149999618530277,23.56999969482422,1218700
22-08-2025,23.76000022888184,24.959999084472656,23.68000030517578,24.86000061035156,1204300
25-08-2025,24.799999237060547,25.299999237060547,24.729999542236328,25.040000915527344,1082900
26-08-2025,24.959999084472656,25.559999465942383,24.959999084472656,25.18000030517578,1407200
27-08-2025,24.96999931335449,25.84000015258789,24.93000030517578,25.559999465942383,1201800
28-08-2025,25.71999931335449,25.71999931335449,24.726999282836918,25.07999992370605,1130600
29-08-2025,25.1200008392334,25.21500015258789,24.549999237060547,24.799999237060547,760000
02-09-2025,24.239999771118164,24.614999771118164,24.030000686645508,24.450000762939453,1280600
03-09-2025,24.149999618530277,24.6299991607666,24.030000686645508,24.26000022888184,1248900
04-09-2025,24.18000030517578,24.459999084472656,23.899999618530277,24.450000762939453,854700
05-09-2025,24.540000915527344,24.902999877929688,24.32999992370605,24.57999992370605,905700
08-09-2025,24.770000457763672,24.81999969482422,24.065000534057617,24.530000686645508,965000
09-09-2025,24.57999992370605,24.57999992370605,23.959999084472656,24.059999465942383,872900
10-09-2025,23.780000686645508,23.8700008392334,23.26000022888184,23.690000534057617,872100
11-09-2025,23.63999938964844,24.649999618530277,23.63999938964844,24.63999938964844,1464500
12-09-2025,24.5,24.56999969482422,23.93000030517578,23.989999771118164,703400
15-09-2025,24.26000022888184,24.3700008392334,23.93000030517578,24.229999542236328,810500
16-09-2025,24.190000534057617,24.239999771118164,23.51000022888184,24.15999984741211,798000
17-09-2025,24.170000076293945,25.36000061035156,23.979999542236328,24.450000762939453,994800
18-09-2025,24.57999992370605,25.5,24.30500030517578,25.21999931335449,1428700
19-09-2025,25.21999931335449,25.2549991607666,24.309999465942383,24.59000015258789,2584400
22-09-2025,24.59000015258789,24.700000762939453,24.280000686645508,24.56999969482422,1159700
23-09-2025,24.61000061035156,25.309999465942383,24.440000534057617,24.450000762939453,957400
24-09-2025,24.43000030517578,24.700000762939453,24.190000534057617,24.31999969482422,504400
25-09-2025,25.049999237060547,25.25,24.38400077819824,24.709999084472656,1038800
26-09-2025,24.6200008392334,25.07999992370605,24.25,24.63999938964844,799300
29-09-2025,24.81999969482422,24.81999969482422,23.924999237060547,24.270000457763672,623700
30-09-2025,24.190000534057617,24.38999938964844,23.790000915527344,24.07999992370605,470200
01-10-2025,23.93000030517578,24.549999237060547,23.84000015258789,24.399999618530277,715300
02-10-2025,24.56999969482422,25.030000686645508,24.450000762939453,24.86000061035156,649600
03-10-2025,25.100000381469727,26.15999984741211,25.0049991607666,25.8700008392334,1256200
06-10-2025,26.1200008392334,26.1200008392334,25.649999618530277,25.780000686645508,777600
07-10-2025,25.520000457763672,25.540000915527344,23.5,24.290000915527344,1569500
08-10-2025,24.309999465942383,24.799999237060547,24.25,24.40999984741211,873800
09-10-2025,24.239999771118164,24.239999771118164,22.90999984741211,23.38999938964844,749500
10-10-2025,23.59000015258789,23.690000534057617,22.309999465942383,22.43000030517578,1055900
13-10-2025,22.809999465942383,22.88999938964844,22.31999969482422,22.530000686645508,903300
14-10-2025,22.149999618530277,23.06999969482422,22.01000022888184,22.96999931335449,1056100
15-10-2025,23.190000534057617,23.739999771118164,23.15999984741211,23.209999084472656,567100
16-10-2025,23.26000022888184,23.26000022888184,22.700000762939453,23.07999992370605,822800
17-10-2025,22.670000076293945,23.13999938964844,22.55500030517578,22.81999969482422,788700
20-10-2025,23.290000915527344,23.450000762939453,22.920000076293945,23.21999931335449,629400
21-10-2025,23.309999465942383,23.84000015258789,23.149999618530277,23.46999931335449,575200
22-10-2025,23.43000030517578,23.6299991607666,23.200000762939453,23.399999618530277,522600
23-10-2025,23.559999465942383,24.125,23.31999969482422,23.75,816900
24-10-2025,24.01000022888184,24.38999938964844,23.834999084472656,24.06999969482422,721700
27-10-2025,24.239999771118164,24.315000534057617,23.530000686645508,23.59000015258789,793400
28-10-2025,23.46999931335449,23.739999771118164,23.270000457763672,23.6299991607666,574400
29-10-2025,23.6299991607666,23.940000534057617,23.450000762939453,23.68000030517578,726600
30-10-2025,23.18000030517578,23.51000022888184,22.809999465942383,23.15999984741211,819200
31-10-2025,23.209999084472656,23.334999084472656,22.600000381469727,23.190000534057617,687700
03-11-2025,23.5,24.26000022888184,23.5,24.200000762939453,1093600
04-11-2025,24.0,24.290000915527344,23.46999931335449,23.989999771118164,939500
05-11-2025,21.61000061035156,21.739999771118164,18.71999931335449,19.979999542236328,2223500
06-11-2025,19.989999771118164,20.030000686645508,18.854999542236328,18.979999542236328,2371300
07-11-2025,19.06999969482422,20.024999618530277,18.88999938964844,19.6200008392334,1838600
10-11-2025,20.020000457763672,20.075000762939453,19.479999542236328,19.71999931335449,1371400
11-11-2025,19.8700008392334,20.56999969482422,19.81999969482422,20.549999237060547,1069300
12-11-2025,20.600000381469727,21.53499984741211,20.459999084472656,21.100000381469727,1741600
13-11-2025,21.0,21.780000686645508,20.915000915527344,21.149999618530277,1315800
14-11-2025,20.75,20.864999771118164,19.920000076293945,20.020000457763672,1500100
17-11-2025,19.940000534057617,19.940000534057617,18.950000762939453,19.049999237060547,1681800
18-11-2025,18.790000915527344,19.420000076293945,18.76000022888184,18.899999618530277,1095500
19-11-2025,19.059999465942383,19.106000900268555,18.56999969482422,18.76000022888184,1136300
20-11-2025,18.96999931335449,19.3700008392334,17.700000762939453,17.799999237060547,1344600
21-11-2025,17.7549991607666,18.98500061035156,17.7549991607666,18.93000030517578,1182800
24-11-2025,18.940000534057617,19.56999969482422,18.742000579833984,19.3700008392334,1769300
25-11-2025,19.549999237060547,19.899999618530277,19.399999618530277,19.530000686645508,1236300
26-11-2025,19.229999542236328,19.84000015258789,19.229999542236328,19.600000381469727,1267600
28-11-2025,19.450000762939453,19.700000762939453,19.3700008392334,19.459999084472656,655600
01-12-2025,19.1299991607666,19.559999465942383,19.0,19.18000030517578,1323800
02-12-2025,19.46999931335449,19.46999931335449,18.76000022888184,18.86000061035156,888400
03-12-2025,18.920000076293945,19.7549991607666,18.854999542236328,19.229999542236328,986400
04-12-2025,19.239999771118164,19.399999618530277,18.82999992370605,18.96999931335449,893300
05-12-2025,19.059999465942383,19.1299991607666,18.481000900268555,18.520000457763672,968000
08-12-2025,19.46999931335449,19.549999237060547,18.65999984741211,18.75,1475600
09-12-2025,18.59000015258789,18.96999931335449,18.51000022888184,18.700000762939453,992400
10-12-2025,18.76000022888184,19.46999931335449,18.649999618530277,19.07999992370605,1529800
11-12-2025,19.1200008392334,19.28899955749512,18.90999984741211,18.979999542236328,1712300
12-12-2025,19.170000076293945,19.3700008392334,18.7549991607666,18.809999465942383,976100
15-12-2025,19.1200008392334,19.25,18.690000534057617,18.76000022888184,1211000
16-12-2025,18.920000076293945,19.18000030517578,18.709999084472656,18.959999084472656,1027800
17-12-2025,18.940000534057617,19.549999237060547,18.670000076293945,19.51000022888184,1504800
18-12-2025,19.700000762939453,19.959999084472656,19.2450008392334,19.350000381469727,993400
19-12-2025,19.26000022888184,19.690000534057617,19.26000022888184,19.57999992370605,2383700
22-12-2025,19.770000457763672,19.770000457763672,19.19499969482422,19.200000762939453,665700
23-12-2025,19.26000022888184,19.479999542236328,19.09000015258789,19.290000915527344,1115500
24-12-2025,19.270000457763672,19.600000381469727,19.25,19.3700008392334,257700
26-12-2025,19.3700008392334,19.549999237060547,19.299999237060547,19.520000457763672,846700
29-12-2025,19.5,19.6299991607666,19.239999771118164,19.3700008392334,499000
30-12-2025,19.38999938964844,19.645999908447266,19.239999771118164,19.46999931335449,687500
31-12-2025,19.07999992370605,19.420000076293945,18.975000381469727,19.170000076293945,986700
02-01-2026,19.280000686645508,19.399999618530277,19.0,19.040000915527344,1036600
05-01-2026,18.96999931335449,19.8700008392334,18.96999931335449,19.420000076293945,1448900
06-01-2026,19.21999931335449,19.75,18.959999084472656,19.540000915527344,1185600
07-01-2026,19.530000686645508,19.565000534057617,19.030000686645508,19.350000381469727,1457500
08-01-2026,19.059999465942383,20.71999931335449,19.059999465942383,20.36000061035156,1267700
09-01-2026,20.399999618530277,20.690000534057617,20.01000022888184,20.600000381469727,1481500
12-01-2026,20.739999771118164,20.989999771118164,20.479999542236328,20.780000686645508,970600
13-01-2026,20.799999237060547,21.6200008392334,20.549999237060547,21.450000762939453,2096600
14-01-2026,22.770000457763672,23.649999618530277,22.270000457763672,23.600000381469727,3235300
15-01-2026,23.68000030517578,23.76000022888184,23.030000686645508,23.40999984741211,1575300
16-01-2026,23.38999938964844,23.47100067138672,21.950000762939453,22.030000686645508,1772900
20-01-2026,21.63999938964844,21.899999618530277,21.00300025939941,21.26000022888184,1033500
21-01-2026,21.600000381469727,22.600000381469727,21.45499992370605,22.350000381469727,1193200
22-01-2026,22.51000022888184,22.940000534057617,21.799999237060547,21.850000381469727,828800
23-01-2026,22.209999084472656,22.25,21.399999618530277,21.61000061035156,864200
26-01-2026,21.649999618530277,21.729999542236328,21.174999237060547,21.36000061035156,1013400
27-01-2026,21.520000457763672,22.315000534057617,21.239999771118164,22.229999542236328,1021000
28-01-2026,22.239999771118164,22.450000762939453,21.57999992370605,21.59000015258789,876800
29-01-2026,21.790000915527344,22.020000457763672,20.8700008392334,21.040000915527344,863100
30-01-2026,20.600000381469727,20.864999771118164,20.31999969482422,20.799999237060547,1042600
02-02-2026,20.93000030517578,21.950000762939453,20.850000381469727,20.950000762939453,1317700
03-02-2026,20.899999618530277,21.63999938964844,20.65999984741211,21.059999465942383,893000
04-02-2026,22.84000015258789,24.61000061035156,21.600000381469727,24.26000022888184,2222000
05-02-2026,25.0,25.63999938964844,24.57999992370605,25.209999084472656,2054500
06-02-2026,25.15999984741211,26.75,25.15999984741211,26.459999084472656,1369300
09-02-2026,26.200000762939453,26.459999084472656,25.709999084472656,26.030000686645508,1175300
10-02-2026,25.950000762939453,26.399999618530277,25.86000061035156,25.93000030517578,867000
11-02-2026,26.270000457763672,27.200000762939453,26.104999542236328,26.670000076293945,1027900
12-02-2026,26.850000381469727,27.155000686645508,25.530000686645508,26.270000457763672,1124200
13-02-2026,26.3799991607666,27.31999969482422,26.274999618530277,27.09000015258789,1307700
17-02-2026,26.86000061035156,27.170000076293945,25.86000061035156,25.920000076293945,1113600
18-02-2026,25.96999931335449,26.26499938964844,25.63999938964844,25.649999618530277,668300
19-02-2026,25.51000022888184,25.790000915527344,24.899999618530277,25.020000457763672,716100
20-02-2026,24.899999618530277,25.11000061035156,24.299999237060547,24.86000061035156,623200
23-02-2026,24.739999771118164,24.739999771118164,23.96999931335449,24.3700008392334,592100
24-02-2026,24.559999465942383,25.31999969482422,24.3700008392334,24.88999938964844,773300
25-02-2026,24.88999938964844,25.045000076293945,24.309999465942383,24.790000915527344,492700
26-02-2026,24.770000457763672,25.13999938964844,24.19499969482422,24.6200008392334,631800
27-02-2026,24.31999969482422,24.51000022888184,23.850000381469727,24.31999969482422,1259000
02-03-2026,23.81999969482422,23.850000381469727,23.200000762939453,23.57999992370605,671600
03-03-2026,22.57999992370605,22.959999084472656,22.1299991607666,22.600000381469727,747700
04-03-2026,22.540000915527344,22.854999542236328,22.020000457763672,22.15999984741211,787300
05-03-2026,21.850000381469727,22.530000686645508,21.674999237060547,22.030000686645508,677100
06-03-2026,21.520000457763672,21.520000457763672,20.6299991607666,21.280000686645508,882600
09-03-2026,20.850000381469727,21.280000686645508,20.165000915527344,21.18000030517578,1163800
10-03-2026,21.1200008392334,21.780000686645508,20.934999465942383,21.31999969482422,848900
11-03-2026,21.36000061035156,21.670000076293945,20.96999931335449,21.209999084472656,665000
12-03-2026,20.46999931335449,20.86000061035156,19.8700008392334,20.100000381469727,1258400
13-03-2026,20.059999465942383,20.43000030517578,19.649999618530277,19.76000022888184,895200
16-03-2026,19.96999931335449,20.11000061035156,19.51000022888184,19.739999771118164,762200
17-03-2026,20.020000457763672,20.40999984741211,19.96999931335449,20.3700008392334,828500
18-03-2026,20.0,20.309999465942383,19.86000061035156,20.0,649600
19-03-2026,19.739999771118164,19.90999984741211,19.06999969482422,19.780000686645508,1114500
20-03-2026,19.729999542236328,19.7549991607666,19.36000061035156,19.57999992370605,2276700
23-03-2026,20.239999771118164,20.780000686645508,20.239999771118164,20.5,1266600
24-03-2026,20.489999771118164,21.03499984741211,20.420000076293945,20.86000061035156,879900
25-03-2026,21.15999984741211,21.45499992370605,20.96999931335449,21.440000534057617,873200
26-03-2026,21.15999984741211,21.729999542236328,21.1299991607666,21.36000061035156,926300
27-03-2026,21.15999984741211,21.36000061035156,20.15999984741211,20.25,852000
30-03-2026,20.450000762939453,20.51499938964844,19.190000534057617,19.209999084472656,1312100
31-03-2026,19.729999542236328,20.290000915527344,19.334999084472656,20.209999084472656,1078200
01-04-2026,20.65999984741211,21.059999465942383,20.36000061035156,20.82999992370605,960300
02-04-2026,20.459999084472656,20.690000534057617,19.59000015258789,20.3700008392334,625400
06-04-2026,20.170000076293945,20.625,19.86000061035156,20.15999984741211,503600
07-04-2026,19.959999084472656,20.100000381469727,19.56999969482422,20.020000457763672,793700
08-04-2026,21.5,21.770000457763672,20.71500015258789,20.739999771118164,854200
09-04-2026,20.59000015258789,20.75,20.06999969482422,20.5,699200
10-04-2026,20.780000686645508,21.21999931335449,20.209999084472656,20.420000076293945,727100
13-04-2026,20.209999084472656,20.68000030517578,20.11000061035156,20.65999984741211,608300
14-04-2026,20.700000762939453,20.88999938964844,20.450000762939453,20.530000686645508,571100
15-04-2026,21.170000076293945,21.809999465942383,20.20499992370605,20.489999771118164,1173700
16-04-2026,20.559999465942383,21.145000457763672,20.3799991607666,20.709999084472656,1319400
17-04-2026,21.809999465942383,22.709999084472656,21.57999992370605,21.790000915527344,1307500
20-04-2026,21.63999938964844,22.420000076293945,21.56999969482422,22.32999992370605,668300
21-04-2026,22.40999984741211,22.790000915527344,21.809999465942383,21.8799991607666,711200
22-04-2026,22.13999938964844,22.170000076293945,21.57999992370605,21.68000030517578,686900
23-04-2026,21.59000015258789,21.90999984741211,21.479999542236328,21.670000076293945,556400
24-04-2026,21.6299991607666,22.440000534057617,21.46999931335449,22.13999938964844,636200
27-04-2026,22.21999931335449,22.86000061035156,21.53499984741211,21.6200008392334,575300
28-04-2026,21.6299991607666,21.6299991607666,21.100000381469727,21.18000030517578,468600
29-04-2026,20.940000534057617,21.100000381469727,20.70499992370605,20.93000030517578,642600
30-04-2026,20.96999931335449,21.36000061035156,20.90999984741211,21.049999237060547,843400
01-05-2026,20.93000030517578,21.3799991607666,20.40999984741211,21.31999969482422,786000
04-05-2026,21.13999938964844,21.25,20.13999938964844,20.3799991607666,916800
05-05-2026,20.5,20.91900062561035,20.18000030517578,20.670000076293945,921900
06-05-2026,22.940000534057617,23.0,21.520000457763672,22.31999969482422,2652900
07-05-2026,22.799999237060547,23.040000915527344,21.790000915527344,21.86000061035156,1360900
08-05-2026,21.989999771118164,22.920000076293945,21.63500022888184,22.780000686645508,1336900
11-05-2026,22.81999969482422,22.8700008392334,22.100000381469727,22.1200008392334,1117200
12-05-2026,22.1200008392334,22.459999084472656,21.399999618530277,22.030000686645508,904200
13-05-2026,22.09000015258789,22.8700008392334,21.924999237060547,22.030000686645508,1139300
14-05-2026,22.299999237060547,22.84000015258789,21.959999084472656,22.530000686645508,682300
15-05-2026,22.15999984741211,22.15999984741211,20.76000022888184,20.84000015258789,1096000
18-05-2026,20.93000030517578,21.190000534057617,20.280000686645508,20.63999938964844,841200
19-05-2026,20.3700008392334,20.3700008392334,19.59000015258789,19.670000076293945,1138700
20-05-2026,19.76000022888184,20.61000061035156,19.43000030517578,20.600000381469727,776800
21-05-2026,20.290000915527344,21.06999969482422,20.1200008392334,21.0,526500
22-05-2026,21.15999984741211,21.75,21.06999969482422,21.57999992370605,420500
26-05-2026,22.030000686645508,22.780000686645508,22.0,22.770000457763672,1062900
27-05-2026,23.13999938964844,24.69499969482422,23.13999938964844,24.020000457763672,964400
28-05-2026,23.93000030517578,24.21999931335449,23.38999938964844,23.739999771118164,850700
29-05-2026,23.76000022888184,24.06999969482422,22.690000534057617,22.86000061035156,1073200
01-06-2026,22.40999984741211,22.709999084472656,21.84000015258789,22.700000762939453,770200
02-06-2026,22.690000534057617,23.239999771118164,22.520000457763672,22.790000915527344,964700
03-06-2026,22.15999984741211,23.229999542236328,21.82999992370605,22.420000076293945,1646700
04-06-2026,22.399999618530277,23.165000915527344,22.399999618530277,22.82999992370605,1347500
05-06-2026,22.51000022888184,22.8700008392334,21.88999938964844,22.06999969482422,771900
08-06-2026,22.030000686645508,22.815000534057617,22.01000022888184,22.32999992370605,893800
09-06-2026,22.68000030517578,22.920000076293945,21.61000061035156,21.96999931335449,1302800
10-06-2026,21.76000022888184,22.084999084472656,21.51499938964844,21.71999931335449,1109200
11-06-2026,21.82999992370605,22.540000915527344,21.149999618530277,22.440000534057617,1118400
12-06-2026,22.61000061035156,23.280000686645508,22.59000015258789,22.68000030517578,1099100
15-06-2026,23.420000076293945,23.979999542236328,22.82999992370605,22.84000015258789,1252200
16-06-2026,22.920000076293945,23.114999771118164,21.530000686645508,21.59000015258789,790600
17-06-2026,21.6299991607666,22.040000915527344,20.399999618530277,20.440000534057617,1101800
18-06-2026,20.530000686645508,20.809999465942383,20.3799991607666,20.75,1228400
22-06-2026,20.5,20.88999938964844,20.309999465942383,20.59000015258789,877600
23-06-2026,20.1200008392334,20.549999237060547,20.00300025939941,20.489999771118164,797600
24-06-2026,20.420000076293945,20.71999931335449,19.924999237060547,20.270000457763672,721400
25-06-2026,20.729999542236328,21.03499984741211,20.25,20.290000915527344,782600
26-06-2026,20.1200008392334,20.57999992370605,19.459999084472656,20.01000022888184,2812000
29-06-2026,19.959999084472656,19.959999084472656,18.0,18.18000030517578,1482300
30-06-2026,18.09000015258789,18.780000686645508,18.09000015258789,18.3799991607666,1084000
01-07-2026,18.100000381469727,18.5,17.68000030517578,18.13999938964844,1300900
02-07-2026,18.549999237060547,18.96999931335449,18.299999237060547,18.76000022888184,1203000
06-07-2026,19.06999969482422,19.540000915527344,18.950000762939453,19.40999984741211,1005600
07-07-2026,19.56999969482422,19.63999938964844,19.100000381469727,19.200000762939453,1030000
08-07-2026,18.940000534057617,18.979999542236328,18.1200008392334,18.520000457763672,1347700
09-07-2026,18.6299991607666,19.770000457763672,18.59000015258789,19.489999771118164,1364100
10-07-2026,19.600000381469727,20.295000076293945,19.51000022888184,19.959999084472656,759000
13-07-2026,19.690000534057617,19.979999542236328,19.09000015258789,19.200000762939453,878300
14-07-2026,19.51000022888184,19.600000381469727,18.88999938964844,19.26000022888184,759800
15-07-2026,19.530000686645508,20.149999618530277,19.5,19.93000030517578,641400
16-07-2026,19.8799991607666,20.625,19.8799991607666,20.61000061035156,1031000
17-07-2026,20.06999969482422,20.38999938964844,19.450000762939453,19.790000915527344,792600
20-07-2026,20.049999237060547,20.049999237060547,19.5049991607666,19.649999618530277,755800
21-07-2026,19.790000915527344,20.350000381469727,19.729999542236328,19.920000076293945,1064900
22-07-2026,19.979999542236328,20.69499969482422,19.979999542236328,20.649999618530277,938200
23-07-2026,20.25,20.559999465942383,19.690000534057617,20.11000061035156,704300
24-07-2026,20.270000457763672,20.604999542236328,20.165000915527344,20.399999618530277,520800
27-07-2026,20.86000061035156,22.371000289916992,20.299999237060547,20.71999931335449,722100
28-07-2026,20.84000015258789,21.6299991607666,20.780000686645508,21.6200008392334,697600
29-07-2026,21.38999938964844,22.1299991607666,21.21999931335449,21.57999992370605,809800
30-07-2026,22.350000381469727,22.450000762939453,21.3799991607666,21.8799991607666,862300
31-07-2026,21.71999931335449,21.780000686645508,20.21999931335449,21.040000915527344,1192300
03-08-2026,21.280000686645508,21.34000015258789,20.68000030517578,21.01000022888184,793800
04-08-2026,20.76000022888184,21.399999618530277,19.989999771118164,21.15999984741211,1390200
05-08-2026,20.5,21.645000457763672,19.540000915527344,20.520000457763672,2040600
06-08-2026,20.290000915527344,20.350000381469727,18.71999931335449,18.850000381469727,1383200
07-08-2026,19.06999969482422,20.049999237060547,19.06999969482422,19.420000076293945,999000
10-08-2026,19.190000534057617,19.190000534057617,18.540000915527344,18.709999084472656,784100
11-08-2026,18.940000534057617,19.270000457763672,18.940000534057617,19.13999938964844,971200
12-08-2026,19.100000381469727,19.100000381469727,18.540000915527344,18.6200008392334,724600
13-08-2026,18.739999771118164,20.049999237060547,18.739999771118164,20.030000686645508,1788600
14-08-2026,20.450000762939453,20.86000061035156,20.32999992370605,20.3799991607666,1441100
17-08-2026,20.190000534057617,20.270000457763672,19.825000762939453,20.100000381469727,840800
18-08-2026,20.13999938964844,20.290000915527344,19.229999542236328,19.479999542236328,691800
19-08-2026,19.57999992370605,20.040000915527344,19.559999465942383,19.6299991607666,695000
20-08-2026,19.3799991607666,19.549999237060547,18.96999931335449,19.489999771118164,557800
21-08-2026,19.729999542236328,20.415000915527344,19.690000534057617,20.01000022888184,1050200
24-08-2026,19.96999931335449,20.0,18.809999465942383,18.979999542236328,951600
25-08-2026,19.059999465942383,19.104999542236328,18.61000061035156,18.63999938964844,813500
26-08-2026,18.6299991607666,18.979999542236328,18.232999801635746,18.959999084472656,1153200
27-08-2026,18.86000061035156,19.209999084472656,18.6299991607666,18.82999992370605,766800
28-08-2026,19.09000015258789,19.229999542236328,18.600000381469727,19.059999465942383,852000
31-08-2026,19.030000686645508,19.030000686645508,18.770000457763672,18.96999931335449,679500
01-09-2026,18.80500030517578,18.86000061035156,18.170000076293945,18.25,847700
02-09-2026,18.43000030517578,19.540000915527344,18.399999618530277,19.239999771118164,711500
03-09-2026,19.709999084472656,19.770000457763672,19.290000915527344,19.56999969482422,564200
04-09-2026,19.290000915527344,20.149999618530277,19.18000030517578,20.01000022888184,639200
08-09-2026,19.780000686645508,19.8799991607666,18.540000915527344,18.780000686645508,881900
09-09-2026,18.709999084472656,19.01000022888184,18.26000022888184,18.31999969482422,719000
10-09-2026,18.209999084472656,18.86000061035156,17.829999923706055,18.86000061035156,769000
11-09-2026,19.15999984741211,19.459999084472656,19.059999465942383,19.239999771118164,919900
14-09-2026,18.81999969482422,19.15999984741211,18.520000457763672,18.76000022888184,895200
15-09-2026,19.299999237060547,19.339000701904297,18.229999542236328,18.3700008392334,824400
16-09-2026,18.51000022888184,18.81999969482422,17.8700008392334,18.229999542236328,762700
17-09-2026,18.68,18.99,18.47,18.47,904600
18-09-2026,17.97,18.28,17.45,17.68,3268300
21-09-2026,17.91,17.95,17.4,17.46,991700
22-09-2026,17.91,18.48,17.73,18.3,1117300
23-09-2026,17.96,18.24,17.59,17.88,854400
24-09-2026,17.8,17.895,16.77,17.0,1150200
25-09-2026,17.24,17.79,17.18,17.63,897400
28-09-2026,17.47,17.585,17.1,17.1,1055200
29-09-2026,17.14,17.17,16.72,17.17,1359900
30-09-2026,17.27,17.54,17.08,17.16,59978
