Date,Open,High,Low,Close,Volume
30-09-2021,34.0,34.220001220703125,32.70000076293945,32.81999969482422,40800
01-10-2021,32.86000061035156,34.0,32.29999923706055,33.58000183105469,78400
04-10-2021,33.52000045776367,33.650001525878906,32.13999938964844,32.970001220703125,39200
05-10-2021,33.189998626708984,33.709999084472656,33.04999923706055,33.310001373291016,40600
06-10-2021,33.11000061035156,34.5,33.11000061035156,34.27000045776367,57900
07-10-2021,34.5,35.900001525878906,34.38999938964844,35.599998474121094,66700
08-10-2021,35.7400016784668,37.41999816894531,35.7400016784668,37.15999984741211,70400
11-10-2021,37.16999816894531,38.29999923706055,36.68000030517578,37.31999969482422,55700
12-10-2021,37.189998626708984,37.97999954223633,35.040000915527344,36.7599983215332,33000
13-10-2021,36.560001373291016,38.36000061035156,36.47999954223633,38.15999984741211,47000
14-10-2021,38.5,38.88999938964844,37.189998626708984,37.720001220703125,69000
15-10-2021,38.279998779296875,38.75,37.689998626708984,38.540000915527344,57600
18-10-2021,38.66999816894531,39.369998931884766,37.650001525878906,37.77000045776367,54000
19-10-2021,37.7599983215332,38.130001068115234,37.060001373291016,38.029998779296875,42000
20-10-2021,38.13999938964844,38.47999954223633,37.72999954223633,37.86000061035156,25500
21-10-2021,37.90999984741211,38.130001068115234,37.47999954223633,37.81999969482422,45100
22-10-2021,37.630001068115234,37.630001068115234,36.18000030517578,36.86000061035156,63800
25-10-2021,36.88999938964844,38.150001525878906,36.529998779296875,38.08000183105469,49900
26-10-2021,38.16999816894531,39.38999938964844,37.5099983215332,38.540000915527344,94300
27-10-2021,38.4900016784668,38.619998931884766,36.25,37.060001373291016,58800
28-10-2021,37.45000076293945,38.68000030517578,37.45000076293945,38.68000030517578,62600
29-10-2021,38.86000061035156,39.45000076293945,37.209999084472656,37.380001068115234,83700
01-11-2021,42.459999084472656,60.22999954223633,42.11000061035156,55.88999938964844,4244200
02-11-2021,55.41999816894531,57.040000915527344,52.4900016784668,56.849998474121094,508500
03-11-2021,55.81999969482422,58.900001525878906,55.81999969482422,56.65999984741211,284200
04-11-2021,52.380001068115234,52.4900016784668,49.4900016784668,50.0,1477300
05-11-2021,51.040000915527344,51.70000076293945,49.9900016784668,50.02000045776367,222100
08-11-2021,50.0099983215332,50.93000030517578,49.27000045776367,50.08000183105469,261500
09-11-2021,50.0,50.61000061035156,47.68000030517578,48.560001373291016,263500
10-11-2021,47.5,48.689998626708984,45.58000183105469,45.88999938964844,330100
11-11-2021,46.5,47.470001220703125,44.5,45.31999969482422,401500
12-11-2021,45.959999084472656,46.02000045776367,44.279998779296875,45.560001373291016,192600
15-11-2021,45.880001068115234,45.880001068115234,44.040000915527344,45.0099983215332,187100
16-11-2021,45.15999984741211,45.290000915527344,43.779998779296875,44.630001068115234,93800
17-11-2021,44.540000915527344,44.540000915527344,42.7599983215332,43.709999084472656,186000
18-11-2021,44.220001220703125,45.47999954223633,42.83000183105469,43.349998474121094,86600
19-11-2021,43.0099983215332,43.86000061035156,42.77000045776367,43.540000915527344,73400
22-11-2021,43.7599983215332,45.11000061035156,43.290000915527344,44.540000915527344,108400
23-11-2021,44.099998474121094,45.29999923706055,43.900001525878906,45.0099983215332,82100
24-11-2021,44.599998474121094,44.689998626708984,42.02000045776367,42.029998779296875,142900
26-11-2021,41.31999969482422,41.47999954223633,39.540000915527344,40.77000045776367,147800
29-11-2021,41.439998626708984,42.34000015258789,40.06999969482422,41.93000030517578,204300
30-11-2021,41.290000915527344,42.130001068115234,40.43000030517578,41.13999938964844,134400
01-12-2021,41.90999984741211,42.93000030517578,40.349998474121094,40.43000030517578,123100
02-12-2021,40.27000045776367,41.41999816894531,39.2400016784668,41.0,156000
03-12-2021,41.119998931884766,41.650001525878906,39.189998626708984,39.54999923706055,112800
06-12-2021,39.7400016784668,40.56999969482422,38.959999084472656,40.150001525878906,120700
07-12-2021,40.7599983215332,42.4900016784668,40.4900016784668,41.869998931884766,125700
08-12-2021,42.369998931884766,43.70000076293945,39.29999923706055,43.58000183105469,106100
09-12-2021,43.5099983215332,44.380001068115234,42.95000076293945,43.08000183105469,150500
10-12-2021,43.790000915527344,44.709999084472656,41.93000030517578,43.720001220703125,130500
13-12-2021,43.88999938964844,44.220001220703125,42.58000183105469,43.439998626708984,120500
14-12-2021,43.59000015258789,45.349998474121094,42.84000015258789,45.150001525878906,160200
15-12-2021,45.45000076293945,47.04999923706055,44.70000076293945,46.86000061035156,116700
16-12-2021,47.09000015258789,48.040000915527344,46.59000015258789,46.77000045776367,343800
17-12-2021,46.86000061035156,48.220001220703125,45.650001525878906,46.84000015258789,630200
20-12-2021,45.9900016784668,48.11000061035156,44.529998779296875,46.97999954223633,175600
21-12-2021,47.81999969482422,48.0,45.75,47.97999954223633,160900
22-12-2021,47.599998474121094,50.150001525878906,47.119998931884766,49.220001220703125,232900
23-12-2021,49.790000915527344,51.689998626708984,49.2400016784668,50.900001525878906,92400
27-12-2021,50.72999954223633,51.06999969482422,49.31999969482422,49.790000915527344,113300
28-12-2021,50.09000015258789,50.93000030517578,48.310001373291016,48.540000915527344,189800
29-12-2021,48.599998474121094,49.38999938964844,46.959999084472656,47.27000045776367,99600
30-12-2021,47.52000045776367,48.68000030517578,46.59000015258789,46.880001068115234,94400
31-12-2021,46.900001525878906,47.22999954223633,45.060001373291016,46.08000183105469,138300
03-01-2022,46.619998931884766,48.2599983215332,45.95000076293945,47.150001525878906,82100
04-01-2022,47.029998779296875,47.029998779296875,45.79999923706055,46.18000030517578,91200
05-01-2022,46.06999969482422,46.77000045776367,44.470001220703125,44.630001068115234,104100
06-01-2022,44.849998474121094,45.529998779296875,43.630001068115234,44.709999084472656,53100
07-01-2022,44.709999084472656,44.91999816894531,43.650001525878906,43.869998931884766,55000
10-01-2022,43.720001220703125,43.720001220703125,42.380001068115234,43.470001220703125,72600
11-01-2022,43.63999938964844,45.04999923706055,42.95000076293945,44.88999938964844,83700
12-01-2022,45.0,45.02000045776367,43.02000045776367,43.08000183105469,68800
13-01-2022,43.529998779296875,43.95000076293945,42.15999984741211,42.40999984741211,53100
14-01-2022,42.119998931884766,43.119998931884766,42.0099983215332,43.029998779296875,58300
18-01-2022,43.04999923706055,43.04999923706055,41.43000030517578,41.93000030517578,47300
19-01-2022,42.439998626708984,42.439998626708984,41.25,41.38999938964844,45900
20-01-2022,41.29999923706055,42.09000015258789,40.43000030517578,40.54999923706055,50600
21-01-2022,40.5099983215332,41.900001525878906,40.5099983215332,41.0,162800
24-01-2022,41.5099983215332,41.810001373291016,39.72999954223633,41.61000061035156,183300
25-01-2022,41.130001068115234,41.58000183105469,40.130001068115234,41.34000015258789,91100
26-01-2022,41.75,42.40999984741211,40.72999954223633,41.0,115700
27-01-2022,41.290000915527344,41.88999938964844,40.29999923706055,40.45000076293945,102900
28-01-2022,40.290000915527344,40.79999923706055,38.459999084472656,39.36000061035156,106800
31-01-2022,39.27000045776367,40.41999816894531,38.880001068115234,40.41999816894531,68900
01-02-2022,40.52000045776367,41.099998474121094,38.34000015258789,39.349998474121094,118500
02-02-2022,39.189998626708984,39.220001220703125,38.09000015258789,38.810001373291016,78100
03-02-2022,38.54999923706055,38.709999084472656,37.5,38.13999938964844,90600
04-02-2022,38.25,38.70000076293945,36.97999954223633,38.369998931884766,118500
07-02-2022,38.369998931884766,40.220001220703125,38.369998931884766,39.4900016784668,117200
08-02-2022,39.52000045776367,39.959999084472656,38.59000015258789,39.45000076293945,96200
09-02-2022,39.599998474121094,40.029998779296875,38.439998626708984,39.0,111900
10-02-2022,38.77000045776367,39.9900016784668,38.0099983215332,39.189998626708984,161600
11-02-2022,39.2400016784668,40.16999816894531,39.099998474121094,39.31999969482422,73700
14-02-2022,39.45000076293945,39.790000915527344,38.650001525878906,38.9900016784668,64800
15-02-2022,39.4900016784668,40.33000183105469,39.20000076293945,40.25,41400
16-02-2022,40.189998626708984,40.59000015258789,39.470001220703125,39.70000076293945,44600
17-02-2022,39.27000045776367,39.27000045776367,38.0,38.279998779296875,75400
18-02-2022,38.04999923706055,38.290000915527344,37.290000915527344,37.40999984741211,62300
22-02-2022,37.119998931884766,37.40999984741211,36.04999923706055,36.38999938964844,106500
23-02-2022,37.220001220703125,37.220001220703125,35.630001068115234,35.900001525878906,69400
24-02-2022,35.02000045776367,36.58000183105469,34.93000030517578,36.45000076293945,119200
25-02-2022,37.77000045776367,37.95000076293945,36.099998474121094,37.470001220703125,76100
28-02-2022,37.06999969482422,39.08000183105469,36.4900016784668,37.45000076293945,92300
01-03-2022,37.43000030517578,37.900001525878906,36.220001220703125,36.900001525878906,96200
02-03-2022,37.13999938964844,38.7599983215332,36.40999984741211,37.70000076293945,120200
03-03-2022,37.9900016784668,37.9900016784668,36.36000061035156,36.65999984741211,107100
04-03-2022,36.189998626708984,36.970001220703125,35.880001068115234,36.27000045776367,90700
07-03-2022,36.970001220703125,37.7400016784668,35.369998931884766,35.93000030517578,136000
08-03-2022,36.27000045776367,38.38999938964844,35.880001068115234,36.91999816894531,89800
09-03-2022,37.41999816894531,38.02000045776367,36.70000076293945,37.470001220703125,63400
10-03-2022,37.29999923706055,37.63999938964844,36.27000045776367,37.209999084472656,68100
11-03-2022,37.27000045776367,37.70000076293945,36.22999954223633,36.310001373291016,61600
14-03-2022,36.45000076293945,36.79999923706055,35.29999923706055,35.65999984741211,86900
15-03-2022,33.04999923706055,33.36000061035156,24.40999984741211,29.010000228881836,1093100
16-03-2022,28.059999465942383,29.0,25.329999923706055,26.90999984741211,497200
17-03-2022,26.790000915527344,28.5,26.0,28.31999969482422,314700
18-03-2022,27.809999465942383,28.489999771118164,26.81999969482422,27.239999771118164,708500
21-03-2022,27.34000015258789,28.690000534057617,26.68000030517578,26.920000076293945,168700
22-03-2022,28.020000457763672,28.06999969482422,27.040000915527344,27.479999542236328,106100
23-03-2022,28.420000076293945,28.690000534057617,26.940000534057617,27.030000686645508,184900
24-03-2022,27.5,28.389999389648438,27.5,27.950000762939453,146700
25-03-2022,27.940000534057617,28.59000015258789,27.56999969482422,27.969999313354492,81900
28-03-2022,27.81999969482422,28.420000076293945,27.43000030517578,28.170000076293945,239700
29-03-2022,28.100000381469727,29.139999389648438,28.100000381469727,28.8700008392334,249700
30-03-2022,28.829999923706055,29.760000228881836,28.670000076293945,28.81999969482422,175800
31-03-2022,28.850000381469727,29.65999984741211,27.68000030517578,28.110000610351562,106200
01-04-2022,28.489999771118164,28.729999542236328,27.959999084472656,28.68000030517578,100700
04-04-2022,28.799999237060547,29.469999313354492,28.5,29.170000076293945,58500
05-04-2022,29.079999923706055,29.549999237060547,28.799999237060547,29.170000076293945,120600
06-04-2022,29.260000228881836,29.809999465942383,29.1299991607666,29.690000534057617,90000
07-04-2022,29.8700008392334,30.18000030517578,29.479999542236328,30.040000915527344,85300
08-04-2022,30.299999237060547,30.299999237060547,29.809999465942383,29.90999984741211,45200
11-04-2022,29.549999237060547,30.100000381469727,28.760000228881836,29.600000381469727,145000
12-04-2022,29.56999969482422,30.31999969482422,29.299999237060547,29.65999984741211,96600
13-04-2022,29.709999084472656,31.600000381469727,29.709999084472656,31.209999084472656,84900
14-04-2022,31.18000030517578,32.5,31.18000030517578,32.15999984741211,83100
18-04-2022,32.29999923706055,32.459999084472656,30.790000915527344,31.200000762939453,127700
19-04-2022,31.170000076293945,33.349998474121094,31.020000457763672,32.9900016784668,95000
20-04-2022,32.9900016784668,33.93000030517578,32.47999954223633,32.790000915527344,102500
21-04-2022,32.9900016784668,33.93000030517578,32.65999984741211,33.459999084472656,141600
22-04-2022,33.310001373291016,33.75,31.81999969482422,32.290000915527344,80700
25-04-2022,31.90999984741211,32.0,30.940000534057617,31.8799991607666,74200
26-04-2022,31.8700008392334,31.8700008392334,30.56999969482422,30.90999984741211,99500
27-04-2022,30.959999084472656,31.0,29.579999923706055,30.270000457763672,147500
28-04-2022,30.420000076293945,30.75,28.770000457763672,30.010000228881836,104800
29-04-2022,29.940000534057617,30.059999465942383,29.200000762939453,29.510000228881836,87700
02-05-2022,29.299999237060547,30.3799991607666,29.030000686645508,30.15999984741211,102800
03-05-2022,30.3799991607666,30.3799991607666,28.770000457763672,29.5,96300
04-05-2022,29.829999923706055,29.829999923706055,27.700000762939453,28.799999237060547,93800
05-05-2022,28.440000534057617,28.790000915527344,28.06999969482422,28.280000686645508,76200
06-05-2022,28.329999923706055,28.610000610351562,26.229999542236328,27.420000076293945,120200
09-05-2022,27.139999389648438,27.440000534057617,25.610000610351562,26.1200008392334,138100
10-05-2022,26.139999389648438,26.5,22.729999542236328,25.280000686645508,227500
11-05-2022,25.6299991607666,26.600000381469727,24.09000015258789,24.59000015258789,176400
12-05-2022,24.25,25.989999771118164,24.149999618530273,25.010000228881836,90200
13-05-2022,25.25,26.719999313354492,24.479999542236328,26.469999313354492,105300
16-05-2022,26.6200008392334,28.969999313354492,26.100000381469727,28.770000457763672,161100
17-05-2022,29.25,29.90999984741211,28.190000534057617,29.729999542236328,93300
18-05-2022,29.40999984741211,30.0,29.1200008392334,29.18000030517578,137900
19-05-2022,28.790000915527344,30.329999923706055,28.790000915527344,29.920000076293945,96800
20-05-2022,30.219999313354492,31.280000686645508,30.079999923706055,30.860000610351562,106500
23-05-2022,31.06999969482422,31.479999542236328,30.350000381469727,31.0,83600
24-05-2022,30.899999618530273,30.899999618530273,27.8799991607666,28.709999084472656,177500
25-05-2022,28.68000030517578,29.920000076293945,27.809999465942383,29.81999969482422,140000
26-05-2022,29.959999084472656,30.84000015258789,29.649999618530273,30.520000457763672,99300
27-05-2022,30.579999923706055,31.200000762939453,30.540000915527344,31.0,67100
31-05-2022,30.959999084472656,30.959999084472656,29.690000534057617,30.25,81400
01-06-2022,30.3700008392334,30.81999969482422,29.559999465942383,30.520000457763672,80000
02-06-2022,30.850000381469727,30.850000381469727,28.209999084472656,29.510000228881836,93200
03-06-2022,29.5,30.559999465942383,28.209999084472656,29.239999771118164,56700
06-06-2022,29.579999923706055,30.0,28.049999237060547,28.700000762939453,71100
07-06-2022,28.280000686645508,28.899999618530273,28.270000457763672,28.6299991607666,65100
08-06-2022,28.889999389648438,29.09000015258789,28.350000381469727,28.40999984741211,43400
09-06-2022,28.459999084472656,28.65999984741211,27.75,27.93000030517578,61400
10-06-2022,27.459999084472656,27.719999313354492,27.139999389648438,27.479999542236328,60300
13-06-2022,26.850000381469727,26.850000381469727,23.860000610351562,23.940000534057617,262400
14-06-2022,22.809999465942383,23.940000534057617,22.809999465942383,23.290000915527344,136700
15-06-2022,23.030000686645508,23.899999618530273,22.68000030517578,23.770000457763672,159500
16-06-2022,23.360000610351562,23.520000457763672,22.309999465942383,23.09000015258789,168200
17-06-2022,23.15999984741211,24.809999465942383,23.15999984741211,24.3799991607666,147000
21-06-2022,24.600000381469727,25.799999237060547,24.479999542236328,25.030000686645508,96500
22-06-2022,26.010000228881836,26.459999084472656,25.549999237060547,25.780000686645508,95100
23-06-2022,25.65999984741211,27.31999969482422,23.09000015258789,27.219999313354492,58200
24-06-2022,27.440000534057617,29.850000381469727,26.989999771118164,28.90999984741211,347800
27-06-2022,28.280000686645508,30.399999618530273,28.280000686645508,30.18000030517578,109700
28-06-2022,30.270000457763672,30.8799991607666,28.729999542236328,28.959999084472656,144600
29-06-2022,28.850000381469727,29.18000030517578,27.59000015258789,27.860000610351562,76700
30-06-2022,27.59000015258789,29.780000686645508,27.59000015258789,29.670000076293945,143600
01-07-2022,29.440000534057617,31.8700008392334,29.09000015258789,31.540000915527344,106300
05-07-2022,31.040000915527344,32.130001068115234,29.489999771118164,31.950000762939453,217600
06-07-2022,31.93000030517578,33.060001373291016,31.170000076293945,31.81999969482422,71600
07-07-2022,32.189998626708984,32.189998626708984,30.329999923706055,31.360000610351562,107300
08-07-2022,30.860000610351562,31.809999465942383,30.81999969482422,31.450000762939453,40600
11-07-2022,31.200000762939453,31.579999923706055,30.219999313354492,30.600000381469727,107100
12-07-2022,30.579999923706055,31.479999542236328,29.399999618530273,29.829999923706055,139400
13-07-2022,29.350000381469727,31.110000610351562,29.290000915527344,30.950000762939453,73200
14-07-2022,30.31999969482422,31.0,29.959999084472656,30.6299991607666,52600
15-07-2022,30.93000030517578,31.75,30.219999313354492,31.350000381469727,71300
18-07-2022,31.510000228881836,32.66999816894531,30.770000457763672,30.989999771118164,78300
19-07-2022,31.59000015258789,32.869998931884766,30.459999084472656,31.670000076293945,87400
20-07-2022,31.790000915527344,32.900001525878906,31.790000915527344,32.630001068115234,59800
21-07-2022,32.68000030517578,32.68000030517578,31.5,31.670000076293945,54300
22-07-2022,31.649999618530273,31.770000457763672,31.1200008392334,31.75,68900
25-07-2022,32.0,34.400001525878906,32.0,33.630001068115234,127300
26-07-2022,33.40999984741211,33.849998474121094,32.7400016784668,33.45000076293945,44200
27-07-2022,33.52000045776367,34.540000915527344,33.52000045776367,34.18000030517578,38500
28-07-2022,34.59000015258789,35.5099983215332,34.22999954223633,34.38999938964844,50700
29-07-2022,34.189998626708984,34.36000061035156,33.599998474121094,34.25,41700
01-08-2022,34.33000183105469,34.7400016784668,33.04999923706055,33.77000045776367,72600
02-08-2022,33.880001068115234,34.86000061035156,33.13999938964844,33.36000061035156,51800
03-08-2022,33.41999816894531,33.41999816894531,32.13999938964844,32.90999984741211,88200
04-08-2022,33.16999816894531,34.77000045776367,33.16999816894531,34.31999969482422,62800
05-08-2022,33.90999984741211,35.0099983215332,33.220001220703125,34.619998931884766,53700
08-08-2022,38.04999923706055,38.04999923706055,33.619998931884766,34.869998931884766,106900
09-08-2022,34.97999954223633,35.09000015258789,33.77000045776367,34.0,103100
10-08-2022,34.56999969482422,35.459999084472656,33.790000915527344,34.970001220703125,122400
11-08-2022,35.33000183105469,35.47999954223633,34.81999969482422,35.38999938964844,96800
12-08-2022,35.459999084472656,37.959999084472656,35.18000030517578,37.470001220703125,91700
15-08-2022,36.97999954223633,38.189998626708984,36.72999954223633,37.84000015258789,107200
16-08-2022,39.9900016784668,39.9900016784668,36.7599983215332,38.0099983215332,102300
17-08-2022,37.22999954223633,37.77000045776367,35.790000915527344,35.869998931884766,81100
18-08-2022,35.810001373291016,35.9900016784668,34.59000015258789,35.84000015258789,39700
19-08-2022,35.380001068115234,36.13999938964844,35.040000915527344,35.79999923706055,52200
22-08-2022,35.459999084472656,35.720001220703125,34.630001068115234,35.33000183105469,57500
23-08-2022,35.43000030517578,36.150001525878906,35.22999954223633,35.779998779296875,32500
24-08-2022,35.560001373291016,37.65999984741211,35.560001373291016,36.47999954223633,59100
25-08-2022,36.439998626708984,38.029998779296875,35.7400016784668,37.779998779296875,78100
26-08-2022,37.68000030517578,38.599998474121094,37.31999969482422,38.0,73100
29-08-2022,37.130001068115234,37.97999954223633,36.220001220703125,37.18000030517578,70400
30-08-2022,37.02000045776367,37.09000015258789,35.77000045776367,36.029998779296875,89000
31-08-2022,36.09000015258789,37.060001373291016,35.290000915527344,36.88999938964844,55000
01-09-2022,36.65999984741211,37.349998474121094,35.91999816894531,37.0,63200
02-09-2022,37.439998626708984,37.439998626708984,35.650001525878906,36.56999969482422,41900
06-09-2022,36.43000030517578,36.43000030517578,34.25,34.939998626708984,125000
07-09-2022,35.45000076293945,37.22999954223633,34.900001525878906,37.130001068115234,79600
08-09-2022,36.720001220703125,38.0,36.61000061035156,37.61000061035156,57800
09-09-2022,37.79999923706055,38.119998931884766,36.65999984741211,37.09000015258789,54300
12-09-2022,36.709999084472656,37.439998626708984,36.13999938964844,36.41999816894531,75700
13-09-2022,35.689998626708984,36.47999954223633,34.779998779296875,36.060001373291016,78300
14-09-2022,35.939998626708984,36.810001373291016,35.619998931884766,36.459999084472656,59100
15-09-2022,36.119998931884766,37.060001373291016,35.9900016784668,36.41999816894531,77200
16-09-2022,35.90999984741211,36.209999084472656,34.86000061035156,35.79999923706055,334300
19-09-2022,35.369998931884766,35.65999984741211,34.38999938964844,34.650001525878906,47100
20-09-2022,34.45000076293945,35.4900016784668,33.709999084472656,35.31999969482422,70300
21-09-2022,35.470001220703125,36.13999938964844,33.400001525878906,33.459999084472656,47900
22-09-2022,33.720001220703125,33.720001220703125,32.25,33.279998779296875,46600
23-09-2022,32.720001220703125,32.720001220703125,31.079999923706055,31.709999084472656,61300
26-09-2022,31.530000686645508,32.040000915527344,30.860000610351562,31.219999313354492,55000
27-09-2022,31.399999618530273,32.279998779296875,30.530000686645508,31.100000381469727,55400
28-09-2022,31.889999389648438,32.70000076293945,30.959999084472656,32.189998626708984,65000
29-09-2022,31.850000381469727,33.04999923706055,31.09000015258789,31.6299991607666,105800
30-09-2022,31.479999542236328,33.689998626708984,31.479999542236328,32.13999938964844,103800
03-10-2022,32.36000061035156,32.84000015258789,31.670000076293945,31.899999618530273,42100
04-10-2022,32.130001068115234,33.65999984741211,31.68000030517578,32.959999084472656,63400
05-10-2022,32.41999816894531,32.9900016784668,31.969999313354492,32.84000015258789,33600
06-10-2022,32.54999923706055,33.83000183105469,32.33000183105469,33.4900016784668,44600
07-10-2022,33.18000030517578,33.439998626708984,32.09000015258789,32.2599983215332,47400
10-10-2022,32.29999923706055,32.599998474121094,31.940000534057617,32.11000061035156,25400
11-10-2022,32.560001373291016,33.189998626708984,31.209999084472656,32.959999084472656,56200
12-10-2022,33.02000045776367,33.099998474121094,32.29999923706055,32.459999084472656,36000
13-10-2022,31.940000534057617,33.900001525878906,31.809999465942383,33.75,60500
14-10-2022,33.970001220703125,34.11000061035156,32.900001525878906,33.220001220703125,33800
17-10-2022,33.77000045776367,34.95000076293945,33.720001220703125,34.709999084472656,39000
18-10-2022,35.20000076293945,35.90999984741211,34.5,35.34000015258789,47700
19-10-2022,35.2599983215332,35.369998931884766,34.790000915527344,35.20000076293945,63800
20-10-2022,35.02000045776367,35.31999969482422,34.33000183105469,34.88999938964844,38000
21-10-2022,35.20000076293945,36.41999816894531,34.869998931884766,36.119998931884766,44900
24-10-2022,35.959999084472656,37.15999984741211,35.959999084472656,36.91999816894531,25400
25-10-2022,36.779998779296875,37.9900016784668,36.56999969482422,36.61000061035156,48700
26-10-2022,37.04999923706055,38.380001068115234,37.04999923706055,37.77000045776367,44100
27-10-2022,37.91999816894531,38.970001220703125,36.290000915527344,38.040000915527344,36700
28-10-2022,38.45000076293945,39.15999984741211,37.7400016784668,38.93000030517578,55100
31-10-2022,38.75,39.029998779296875,36.77000045776367,38.59000015258789,63400
01-11-2022,38.970001220703125,39.45000076293945,38.380001068115234,38.9900016784668,35900
02-11-2022,38.83000183105469,39.5,37.9900016784668,38.150001525878906,39800
03-11-2022,37.709999084472656,38.59000015258789,37.29999923706055,38.08000183105469,42300
04-11-2022,38.380001068115234,38.939998626708984,37.900001525878906,38.34000015258789,30600
07-11-2022,38.25,39.0,37.650001525878906,38.2400016784668,50500
08-11-2022,38.060001373291016,38.58000183105469,36.58000183105469,38.2599983215332,91500
09-11-2022,39.040000915527344,39.459999084472656,32.15999984741211,34.7400016784668,211600
10-11-2022,35.97999954223633,36.7599983215332,35.560001373291016,36.290000915527344,146400
11-11-2022,36.119998931884766,38.220001220703125,35.349998474121094,37.599998474121094,82500
14-11-2022,37.650001525878906,37.7400016784668,36.34000015258789,36.47999954223633,83300
15-11-2022,36.70000076293945,37.27000045776367,35.650001525878906,36.599998474121094,59300
16-11-2022,37.38999938964844,38.40999984741211,36.7400016784668,37.86000061035156,77300
17-11-2022,37.2400016784668,39.75,37.13999938964844,39.689998626708984,69900
18-11-2022,40.0,40.75,39.04999923706055,39.560001373291016,53500
21-11-2022,39.59000015258789,39.95000076293945,37.810001373291016,38.58000183105469,93400
22-11-2022,38.68000030517578,40.279998779296875,38.40999984741211,40.16999816894531,57800
23-11-2022,39.66999816894531,40.869998931884766,39.150001525878906,40.189998626708984,43000
25-11-2022,39.95000076293945,41.65999984741211,39.4900016784668,41.65999984741211,48900
28-11-2022,41.459999084472656,41.5,39.43000030517578,40.0099983215332,46500
29-11-2022,39.77000045776367,41.66999816894531,39.77000045776367,40.65999984741211,54400
30-11-2022,40.84000015258789,42.09000015258789,40.2400016784668,41.95000076293945,71300
01-12-2022,41.79999923706055,42.33000183105469,37.52000045776367,38.849998474121094,146500
02-12-2022,37.790000915527344,39.81999969482422,37.790000915527344,38.83000183105469,64000
05-12-2022,39.22999954223633,39.22999954223633,37.45000076293945,38.0,68700
06-12-2022,37.529998779296875,37.68000030517578,36.36000061035156,37.310001373291016,38200
07-12-2022,37.279998779296875,38.060001373291016,37.099998474121094,37.650001525878906,79200
08-12-2022,37.72999954223633,40.18000030517578,36.79999923706055,39.59000015258789,88400
09-12-2022,39.56999969482422,39.900001525878906,38.130001068115234,39.5,55500
12-12-2022,39.650001525878906,40.75,39.06999969482422,40.0,88800
13-12-2022,41.27000045776367,41.81999969482422,39.95000076293945,40.099998474121094,116000
14-12-2022,40.310001373291016,41.33000183105469,39.79999923706055,40.65999984741211,79600
15-12-2022,40.4900016784668,40.900001525878906,39.150001525878906,39.2400016784668,84600
16-12-2022,38.709999084472656,39.52000045776367,37.4900016784668,38.06999969482422,200800
19-12-2022,38.0,38.720001220703125,37.20000076293945,38.11000061035156,80100
20-12-2022,38.27000045776367,39.58000183105469,37.959999084472656,39.27000045776367,72900
21-12-2022,39.75,40.97999954223633,39.529998779296875,39.68000030517578,45000
22-12-2022,39.41999816894531,40.29999923706055,39.029998779296875,39.56999969482422,44100
23-12-2022,39.540000915527344,40.0,38.81999969482422,39.45000076293945,43200
27-12-2022,39.439998626708984,39.83000183105469,38.41999816894531,38.86000061035156,49000
28-12-2022,38.88999938964844,39.900001525878906,38.88999938964844,39.18000030517578,24000
29-12-2022,39.0,41.68000030517578,38.5,40.93000030517578,85800
30-12-2022,40.650001525878906,41.560001373291016,39.56999969482422,40.22999954223633,69200
03-01-2023,40.849998474121094,41.290000915527344,39.43000030517578,40.040000915527344,44600
04-01-2023,40.099998474121094,40.400001525878906,38.88999938964844,39.349998474121094,63300
05-01-2023,39.22999954223633,40.56999969482422,39.0,39.83000183105469,101000
06-01-2023,40.470001220703125,44.86000061035156,40.099998474121094,43.91999816894531,226200
09-01-2023,43.91999816894531,44.0,41.119998931884766,42.25,80700
10-01-2023,41.91999816894531,42.41999816894531,40.869998931884766,42.2599983215332,78900
11-01-2023,42.25,42.95000076293945,40.790000915527344,41.209999084472656,70800
12-01-2023,41.099998474121094,43.08000183105469,41.099998474121094,43.0,83800
13-01-2023,42.349998474121094,44.220001220703125,42.349998474121094,43.95000076293945,77700
17-01-2023,43.93000030517578,43.93000030517578,41.84000015258789,41.849998474121094,48400
18-01-2023,42.349998474121094,42.95000076293945,41.220001220703125,41.63999938964844,62700
19-01-2023,41.41999816894531,41.720001220703125,40.970001220703125,41.630001068115234,67400
20-01-2023,42.13999938964844,42.15999984741211,41.349998474121094,42.02000045776367,72500
23-01-2023,41.91999816894531,43.34000015258789,40.959999084472656,42.97999954223633,67800
24-01-2023,41.88999938964844,43.88999938964844,41.88999938964844,43.529998779296875,30100
25-01-2023,43.29999923706055,43.7400016784668,42.7400016784668,43.599998474121094,19600
26-01-2023,43.810001373291016,44.31999969482422,42.97999954223633,43.529998779296875,39500
27-01-2023,43.130001068115234,43.790000915527344,42.79999923706055,43.61000061035156,32800
30-01-2023,43.470001220703125,43.95000076293945,42.09000015258789,42.75,44300
31-01-2023,42.77000045776367,44.7400016784668,42.77000045776367,44.72999954223633,73000
01-02-2023,44.91999816894531,45.5,43.38999938964844,44.310001373291016,68200
02-02-2023,44.220001220703125,45.349998474121094,44.0,45.209999084472656,54700
03-02-2023,44.81999969482422,45.5,44.09000015258789,44.66999816894531,70500
06-02-2023,44.68000030517578,45.09000015258789,44.0,45.08000183105469,57300
07-02-2023,44.810001373291016,45.9900016784668,44.27000045776367,45.720001220703125,52000
08-02-2023,45.41999816894531,45.650001525878906,44.650001525878906,44.849998474121094,53800
09-02-2023,44.959999084472656,45.09000015258789,44.2400016784668,44.529998779296875,43200
10-02-2023,44.220001220703125,45.15999984741211,44.119998931884766,45.0,30200
13-02-2023,44.95000076293945,45.630001068115234,44.599998474121094,45.08000183105469,45600
14-02-2023,44.970001220703125,45.630001068115234,44.720001220703125,45.0,48800
15-02-2023,44.810001373291016,45.33000183105469,44.25,45.040000915527344,44900
16-02-2023,44.540000915527344,44.790000915527344,42.58000183105469,42.81999969482422,65100
17-02-2023,43.040000915527344,43.7400016784668,42.66999816894531,43.08000183105469,37500
21-02-2023,43.08000183105469,43.08000183105469,40.040000915527344,40.220001220703125,67700
22-02-2023,40.20000076293945,41.849998474121094,40.0,41.0099983215332,68600
23-02-2023,41.459999084472656,41.88999938964844,40.709999084472656,41.220001220703125,64800
24-02-2023,40.709999084472656,41.349998474121094,40.08000183105469,41.130001068115234,54900
27-02-2023,41.38999938964844,42.70000076293945,41.22999954223633,41.83000183105469,44300
28-02-2023,41.540000915527344,42.209999084472656,41.25,41.84000015258789,64000
01-03-2023,43.18000030517578,44.02000045776367,42.5,43.81999969482422,47300
02-03-2023,44.15999984741211,44.790000915527344,43.5099983215332,44.400001525878906,47800
03-03-2023,44.599998474121094,45.70000076293945,44.310001373291016,45.459999084472656,61300
06-03-2023,45.52000045776367,45.70000076293945,43.7599983215332,44.43000030517578,66300
07-03-2023,44.5099983215332,44.810001373291016,43.11000061035156,44.22999954223633,109800
08-03-2023,44.209999084472656,44.72999954223633,42.689998626708984,43.130001068115234,125700
09-03-2023,43.58000183105469,44.0099983215332,42.61000061035156,43.16999816894531,182700
10-03-2023,43.06999969482422,43.130001068115234,38.58000183105469,40.86000061035156,125500
13-03-2023,40.84000015258789,41.599998474121094,40.29999923706055,41.0099983215332,89400
14-03-2023,41.939998626708984,41.939998626708984,39.310001373291016,40.540000915527344,178800
15-03-2023,39.63999938964844,40.18000030517578,38.220001220703125,40.0099983215332,77200
16-03-2023,39.47999954223633,40.22999954223633,38.88999938964844,39.75,49900
17-03-2023,39.36000061035156,39.849998474121094,39.029998779296875,39.349998474121094,140800
20-03-2023,39.650001525878906,40.04999923706055,39.20000076293945,39.349998474121094,47400
21-03-2023,39.9900016784668,40.630001068115234,39.61000061035156,39.849998474121094,78300
22-03-2023,39.79999923706055,40.02000045776367,38.5099983215332,38.7599983215332,50000
23-03-2023,38.7599983215332,39.47999954223633,37.52000045776367,37.81999969482422,64300
24-03-2023,37.4900016784668,37.880001068115234,36.540000915527344,37.61000061035156,60300
27-03-2023,38.09000015258789,39.34000015258789,38.09000015258789,38.380001068115234,69200
28-03-2023,38.5,39.97999954223633,37.27000045776367,38.619998931884766,74000
29-03-2023,38.970001220703125,39.43000030517578,38.290000915527344,39.33000183105469,58700
30-03-2023,39.65999984741211,39.79999923706055,38.810001373291016,39.529998779296875,63500
31-03-2023,39.83000183105469,40.099998474121094,39.04999923706055,39.720001220703125,78500
03-04-2023,39.369998931884766,40.150001525878906,38.33000183105469,38.81999969482422,89500
04-04-2023,39.20000076293945,39.2599983215332,37.27000045776367,37.720001220703125,61200
05-04-2023,37.650001525878906,38.56999969482422,37.11000061035156,38.380001068115234,35700
06-04-2023,38.34000015258789,38.470001220703125,38.0,38.15999984741211,24700
10-04-2023,38.0099983215332,38.86000061035156,37.90999984741211,38.5,38900
11-04-2023,38.29999923706055,39.20000076293945,38.2599983215332,38.630001068115234,30700
12-04-2023,39.0,39.29999923706055,37.59000015258789,37.97999954223633,39200
13-04-2023,38.22999954223633,39.189998626708984,37.70000076293945,38.939998626708984,42500
14-04-2023,39.0099983215332,39.29999923706055,38.0,38.41999816894531,57600
17-04-2023,38.779998779296875,38.86000061035156,37.849998474121094,38.70000076293945,76500
18-04-2023,38.959999084472656,39.08000183105469,37.7400016784668,37.9900016784668,63400
19-04-2023,37.900001525878906,39.52000045776367,37.599998474121094,39.2599983215332,48900
20-04-2023,38.9900016784668,40.029998779296875,38.689998626708984,39.599998474121094,39400
21-04-2023,39.630001068115234,40.18000030517578,39.22999954223633,39.52000045776367,78800
24-04-2023,40.529998779296875,40.66999816894531,38.599998474121094,38.709999084472656,29100
25-04-2023,38.349998474121094,38.849998474121094,37.02000045776367,37.58000183105469,36100
26-04-2023,37.31999969482422,37.7599983215332,36.9900016784668,37.61000061035156,44800
27-04-2023,37.66999816894531,38.02000045776367,37.060001373291016,37.290000915527344,30300
28-04-2023,37.119998931884766,38.29999923706055,37.060001373291016,37.720001220703125,43900
01-05-2023,37.7400016784668,38.790000915527344,37.400001525878906,38.119998931884766,33300
02-05-2023,37.86000061035156,38.689998626708984,37.619998931884766,37.9900016784668,58800
03-05-2023,38.029998779296875,38.619998931884766,37.75,38.31999969482422,41400
04-05-2023,38.02000045776367,38.290000915527344,37.63999938964844,38.040000915527344,35800
05-05-2023,38.34000015258789,39.47999954223633,37.869998931884766,39.13999938964844,51000
08-05-2023,48.470001220703125,52.22999954223633,42.400001525878906,42.58000183105469,405700
09-05-2023,43.83000183105469,46.06999969482422,42.959999084472656,44.40999984741211,159200
10-05-2023,44.40999984741211,45.0,42.709999084472656,43.779998779296875,128900
11-05-2023,43.650001525878906,44.63999938964844,43.43000030517578,43.95000076293945,53300
12-05-2023,40.61000061035156,41.97999954223633,38.90999984741211,41.66999816894531,1192000
15-05-2023,41.91999816894531,43.279998779296875,40.0,40.880001068115234,235700
16-05-2023,40.54999923706055,44.939998626708984,40.54999923706055,44.279998779296875,240500
17-05-2023,44.540000915527344,45.18000030517578,43.31999969482422,44.5,206500
18-05-2023,44.540000915527344,46.4900016784668,44.06999969482422,46.40999984741211,153500
19-05-2023,45.970001220703125,46.959999084472656,45.5,45.970001220703125,117500
22-05-2023,46.060001373291016,46.5,45.02000045776367,46.290000915527344,114600
23-05-2023,46.290000915527344,46.86000061035156,45.959999084472656,46.68000030517578,216300
24-05-2023,46.27000045776367,46.939998626708984,45.61000061035156,46.65999984741211,164600
25-05-2023,46.630001068115234,46.630001068115234,45.220001220703125,46.150001525878906,102500
26-05-2023,46.08000183105469,46.95000076293945,45.93000030517578,46.150001525878906,74600
30-05-2023,46.20000076293945,46.70000076293945,44.880001068115234,44.95000076293945,63800
31-05-2023,44.810001373291016,45.70000076293945,44.27000045776367,45.13999938964844,90000
01-06-2023,45.060001373291016,46.689998626708984,44.65999984741211,46.41999816894531,148600
02-06-2023,46.790000915527344,48.040000915527344,46.130001068115234,48.0,165700
05-06-2023,47.7400016784668,48.95000076293945,47.439998626708984,48.400001525878906,121400
06-06-2023,48.52000045776367,49.31999969482422,48.52000045776367,48.95000076293945,147000
07-06-2023,49.20000076293945,49.869998931884766,48.650001525878906,49.400001525878906,121300
08-06-2023,49.209999084472656,49.880001068115234,48.959999084472656,49.86000061035156,68000
09-06-2023,49.689998626708984,49.9900016784668,49.209999084472656,49.4900016784668,52400
12-06-2023,49.75,50.279998779296875,49.31999969482422,49.650001525878906,94700
13-06-2023,49.56999969482422,50.650001525878906,49.5099983215332,49.66999816894531,92500
14-06-2023,49.79999923706055,49.84000015258789,49.099998474121094,49.66999816894531,101700
15-06-2023,49.5,51.25,49.470001220703125,50.709999084472656,133500
16-06-2023,51.16999816894531,52.0,50.70000076293945,51.349998474121094,535200
20-06-2023,51.130001068115234,52.79999923706055,50.630001068115234,52.66999816894531,163300
21-06-2023,52.560001373291016,52.66999816894531,51.0,52.119998931884766,103300
22-06-2023,51.84000015258789,51.84000015258789,50.810001373291016,51.540000915527344,148600
23-06-2023,51.099998474121094,52.08000183105469,50.939998626708984,51.72999954223633,510000
26-06-2023,51.41999816894531,53.5,51.33000183105469,53.16999816894531,163400
27-06-2023,53.5,53.849998474121094,52.43000030517578,53.349998474121094,104900
28-06-2023,53.31999969482422,53.86000061035156,52.7400016784668,53.150001525878906,105500
29-06-2023,53.08000183105469,54.0,52.869998931884766,53.5099983215332,64500
30-06-2023,53.84000015258789,54.619998931884766,53.400001525878906,53.83000183105469,127400
03-07-2023,53.52000045776367,54.29999923706055,52.7599983215332,54.02000045776367,103600
05-07-2023,53.90999984741211,54.369998931884766,53.2599983215332,53.459999084472656,69600
06-07-2023,53.22999954223633,53.56999969482422,52.22999954223633,53.5,83200
07-07-2023,53.40999984741211,53.93000030517578,51.97999954223633,52.029998779296875,106800
10-07-2023,52.0099983215332,52.189998626708984,50.650001525878906,51.130001068115234,124800
11-07-2023,51.13999938964844,51.529998779296875,50.369998931884766,51.29999923706055,114000
12-07-2023,51.61000061035156,51.880001068115234,51.060001373291016,51.119998931884766,61800
13-07-2023,51.2400016784668,51.34000015258789,50.470001220703125,50.54999923706055,55500
14-07-2023,50.52000045776367,50.869998931884766,49.97999954223633,50.279998779296875,92600
17-07-2023,50.349998474121094,51.75,49.77000045776367,51.34000015258789,102400
18-07-2023,51.619998931884766,52.5099983215332,51.45000076293945,51.88999938964844,80200
19-07-2023,51.7599983215332,52.279998779296875,50.95000076293945,51.5,69300
20-07-2023,51.4900016784668,52.08000183105469,51.0,51.68000030517578,68500
21-07-2023,52.099998474121094,53.5,52.099998474121094,52.189998626708984,82400
24-07-2023,52.40999984741211,53.599998474121094,52.40999984741211,52.790000915527344,77400
25-07-2023,52.810001373291016,53.2599983215332,52.529998779296875,52.7599983215332,78800
26-07-2023,52.68000030517578,52.939998626708984,51.88999938964844,52.189998626708984,59700
27-07-2023,52.56999969482422,52.66999816894531,51.27000045776367,51.540000915527344,55500
28-07-2023,51.790000915527344,52.65999984741211,51.75,52.36000061035156,49500
31-07-2023,52.59000015258789,53.5099983215332,52.02000045776367,52.54999923706055,65500
01-08-2023,52.33000183105469,52.58000183105469,50.52000045776367,50.779998779296875,104000
02-08-2023,50.45000076293945,51.43000030517578,50.130001068115234,51.130001068115234,67900
03-08-2023,51.099998474121094,52.97999954223633,50.869998931884766,52.18000030517578,90500
04-08-2023,52.45000076293945,53.83000183105469,52.09000015258789,53.77000045776367,80300
07-08-2023,53.56999969482422,54.650001525878906,52.790000915527344,53.77000045776367,73800
08-08-2023,53.59000015258789,56.470001220703125,53.279998779296875,55.93000030517578,148500
09-08-2023,61.04999923706055,63.099998474121094,58.0,61.08000183105469,346400
10-08-2023,61.83000183105469,62.5,58.38999938964844,60.619998931884766,132100
11-08-2023,60.56999969482422,62.91999816894531,57.75,62.650001525878906,295400
14-08-2023,62.58000183105469,62.58000183105469,60.119998931884766,61.099998474121094,175700
15-08-2023,60.97999954223633,62.61000061035156,60.25,61.88999938964844,165400
16-08-2023,61.61000061035156,61.77000045776367,59.290000915527344,59.400001525878906,464400
17-08-2023,59.310001373291016,62.2599983215332,59.310001373291016,59.939998626708984,359200
18-08-2023,59.619998931884766,60.029998779296875,58.349998474121094,59.689998626708984,281300
21-08-2023,58.900001525878906,62.0,58.900001525878906,61.209999084472656,480400
22-08-2023,61.59000015258789,62.869998931884766,61.029998779296875,62.5,188700
23-08-2023,62.86000061035156,64.08999633789062,62.16999816894531,63.79999923706055,254200
24-08-2023,63.84000015258789,64.55999755859375,62.7400016784668,63.349998474121094,144000
25-08-2023,63.5,64.0999984741211,62.650001525878906,63.810001373291016,120000
28-08-2023,64.26000213623047,64.8499984741211,62.56999969482422,62.75,168000
29-08-2023,62.720001220703125,63.91999816894531,62.5,63.54999923706055,397600
30-08-2023,63.5,64.7300033569336,63.08000183105469,64.61000061035156,244200
31-08-2023,64.55999755859375,64.80999755859375,63.5,64.38999938964844,246600
01-09-2023,64.5,65.88999938964844,64.0999984741211,64.58000183105469,190100
05-09-2023,64.56999969482422,64.83999633789062,62.529998779296875,62.81999969482422,173900
06-09-2023,63.0,63.7400016784668,61.380001068115234,61.88999938964844,107600
07-09-2023,62.040000915527344,62.869998931884766,61.31999969482422,62.689998626708984,203800
08-09-2023,62.86000061035156,63.72999954223633,61.79999923706055,61.939998626708984,122200
11-09-2023,62.060001373291016,62.540000915527344,61.560001373291016,62.13999938964844,126500
12-09-2023,62.93000030517578,63.58000183105469,61.45000076293945,61.90999984741211,137600
13-09-2023,61.970001220703125,63.33000183105469,61.90999984741211,62.81999969482422,138500
14-09-2023,62.880001068115234,65.18000030517578,62.880001068115234,63.61000061035156,188300
15-09-2023,63.5,64.20999908447266,61.97999954223633,62.38999938964844,778100
18-09-2023,62.22999954223633,62.9900016784668,61.22999954223633,61.43000030517578,118600
19-09-2023,61.689998626708984,62.25,60.54999923706055,61.08000183105469,129800
20-09-2023,61.41999816894531,61.70000076293945,60.439998626708984,60.529998779296875,82900
21-09-2023,60.459999084472656,60.529998779296875,58.91999816894531,59.33000183105469,151300
22-09-2023,59.400001525878906,59.7599983215332,58.349998474121094,58.52000045776367,106600
25-09-2023,58.709999084472656,58.90999984741211,57.540000915527344,58.189998626708984,98500
26-09-2023,58.04999923706055,58.869998931884766,57.599998474121094,58.59000015258789,95700
27-09-2023,58.720001220703125,60.599998474121094,58.720001220703125,60.22999954223633,93400
28-09-2023,60.099998474121094,60.66999816894531,58.7400016784668,58.88999938964844,103900
29-09-2023,59.060001373291016,59.279998779296875,57.95000076293945,58.060001373291016,149400
02-10-2023,57.65999984741211,57.65999984741211,55.900001525878906,56.869998931884766,230400
03-10-2023,56.56999969482422,56.970001220703125,55.54999923706055,56.5,81000
04-10-2023,56.400001525878906,58.13999938964844,56.279998779296875,57.4900016784668,92500
05-10-2023,57.56999969482422,59.0099983215332,57.56999969482422,58.630001068115234,103100
06-10-2023,58.5099983215332,59.4900016784668,57.68000030517578,58.38999938964844,104400
09-10-2023,58.529998779296875,59.5,58.0,58.06999969482422,94400
10-10-2023,58.0,59.13999938964844,58.0,59.13999938964844,205400
11-10-2023,59.119998931884766,60.2599983215332,58.83000183105469,60.22999954223633,115700
12-10-2023,59.880001068115234,60.66999816894531,57.290000915527344,57.939998626708984,154100
13-10-2023,58.0,58.93000030517578,57.20000076293945,57.65999984741211,193400
16-10-2023,57.75,58.97999954223633,57.75,58.58000183105469,145900
17-10-2023,58.38999938964844,59.59000015258789,58.029998779296875,58.36000061035156,144100
18-10-2023,57.779998779296875,58.52000045776367,57.040000915527344,57.38999938964844,115400
19-10-2023,57.209999084472656,59.0,56.5,57.310001373291016,170600
20-10-2023,57.63999938964844,58.81999969482422,57.20000076293945,57.439998626708984,100900
23-10-2023,57.11000061035156,57.88999938964844,56.61000061035156,56.86000061035156,127900
24-10-2023,57.029998779296875,58.31999969482422,56.529998779296875,58.08000183105469,75900
25-10-2023,57.7400016784668,59.119998931884766,57.54999923706055,58.9900016784668,95500
26-10-2023,58.9900016784668,61.59000015258789,58.9900016784668,60.47999954223633,278700
27-10-2023,60.279998779296875,60.279998779296875,58.400001525878906,58.880001068115234,177500
30-10-2023,59.52000045776367,60.5,58.72999954223633,60.5,83600
31-10-2023,60.43000030517578,62.119998931884766,59.900001525878906,61.7400016784668,108600
01-11-2023,61.5099983215332,62.5099983215332,60.95000076293945,61.65999984741211,109800
02-11-2023,62.060001373291016,63.150001525878906,61.540000915527344,62.560001373291016,126800
03-11-2023,63.33000183105469,65.5,62.810001373291016,65.43000030517578,201600
06-11-2023,65.81999969482422,65.81999969482422,62.7400016784668,62.95000076293945,129800
07-11-2023,62.95000076293945,64.25,62.880001068115234,63.63999938964844,133500
08-11-2023,60.9900016784668,60.9900016784668,52.08000183105469,54.31999969482422,962200
09-11-2023,54.970001220703125,55.099998474121094,51.33000183105469,52.25,269800
10-11-2023,52.279998779296875,53.400001525878906,51.09000015258789,52.15999984741211,237300
13-11-2023,52.029998779296875,52.7400016784668,51.29999923706055,51.650001525878906,182100
14-11-2023,52.72999954223633,54.09000015258789,51.77000045776367,53.220001220703125,277600
15-11-2023,52.959999084472656,54.290000915527344,52.25,52.29999923706055,154400
16-11-2023,52.16999816894531,52.720001220703125,51.130001068115234,51.25,97700
17-11-2023,51.43000030517578,52.02000045776367,50.56999969482422,51.38999938964844,167200
20-11-2023,51.36000061035156,52.220001220703125,51.0,51.29999923706055,211900
21-11-2023,51.31999969482422,52.13999938964844,50.77000045776367,51.810001373291016,131000
22-11-2023,52.29999923706055,53.5,51.0099983215332,51.709999084472656,140900
24-11-2023,51.65999984741211,52.40999984741211,51.459999084472656,51.849998474121094,79500
27-11-2023,51.65999984741211,52.27000045776367,51.09000015258789,51.09000015258789,232600
28-11-2023,51.06999969482422,51.5,49.720001220703125,50.31999969482422,142400
29-11-2023,50.529998779296875,51.220001220703125,49.20000076293945,49.27000045776367,80000
30-11-2023,49.47999954223633,50.380001068115234,49.25,49.810001373291016,208800
01-12-2023,49.61000061035156,51.09000015258789,49.61000061035156,50.56999969482422,160800
04-12-2023,50.40999984741211,51.5,49.900001525878906,50.06999969482422,188500
05-12-2023,50.11000061035156,50.2599983215332,49.08000183105469,49.959999084472656,153800
06-12-2023,50.18000030517578,50.5099983215332,48.38999938964844,48.720001220703125,133000
07-12-2023,48.84000015258789,49.400001525878906,48.41999816894531,48.72999954223633,129600
08-12-2023,48.470001220703125,49.130001068115234,48.20000076293945,48.939998626708984,205200
11-12-2023,49.209999084472656,50.650001525878906,48.560001373291016,50.29999923706055,134700
12-12-2023,50.27000045776367,51.650001525878906,49.279998779296875,51.599998474121094,126400
13-12-2023,51.88999938964844,52.70000076293945,51.2400016784668,52.59000015258789,233200
14-12-2023,53.119998931884766,53.9900016784668,51.95000076293945,52.900001525878906,209200
15-12-2023,52.900001525878906,53.20000076293945,51.790000915527344,52.90999984741211,577000
18-12-2023,52.880001068115234,53.310001373291016,51.880001068115234,52.45000076293945,150400
19-12-2023,52.790000915527344,53.5,52.41999816894531,52.7400016784668,238400
20-12-2023,52.52000045776367,52.779998779296875,52.09000015258789,52.33000183105469,198800
21-12-2023,52.86000061035156,53.5,52.470001220703125,53.130001068115234,104500
22-12-2023,53.119998931884766,53.7599983215332,52.0,53.43000030517578,201800
26-12-2023,53.95000076293945,55.38999938964844,53.45000076293945,55.310001373291016,111100
27-12-2023,55.369998931884766,55.59000015258789,54.540000915527344,55.119998931884766,106400
28-12-2023,55.20000076293945,55.52000045776367,54.66999816894531,54.81999969482422,54000
29-12-2023,54.689998626708984,55.52000045776367,54.279998779296875,55.13999938964844,241400
02-01-2024,54.810001373291016,57.25,54.349998474121094,57.189998626708984,163100
03-01-2024,56.70000076293945,57.34000015258789,55.0099983215332,56.18000030517578,221200
04-01-2024,56.38999938964844,56.9900016784668,55.52000045776367,56.130001068115234,159600
05-01-2024,55.59000015258789,57.439998626708984,55.15999984741211,56.77000045776367,143000
08-01-2024,56.5,56.90999984741211,56.0,56.81999969482422,81900
09-01-2024,56.560001373291016,56.810001373291016,55.380001068115234,55.77000045776367,142700
10-01-2024,55.77000045776367,56.88999938964844,55.209999084472656,56.599998474121094,100000
11-01-2024,56.130001068115234,56.900001525878906,54.9900016784668,55.790000915527344,101400
12-01-2024,56.43000030517578,57.22999954223633,55.810001373291016,56.7400016784668,68900
16-01-2024,56.709999084472656,56.709999084472656,53.470001220703125,55.40999984741211,86000
17-01-2024,54.75,55.61000061035156,54.59000015258789,55.599998474121094,111700
18-01-2024,55.29999923706055,55.849998474121094,54.70000076293945,55.59000015258789,81700
19-01-2024,55.790000915527344,55.91999816894531,55.02000045776367,55.40999984741211,67400
22-01-2024,55.72999954223633,56.2599983215332,55.54999923706055,56.16999816894531,79100
23-01-2024,56.209999084472656,57.150001525878906,55.72999954223633,56.619998931884766,104800
24-01-2024,56.849998474121094,56.849998474121094,55.18000030517578,55.20000076293945,81900
25-01-2024,55.869998931884766,56.529998779296875,53.900001525878906,54.29999923706055,90300
26-01-2024,54.849998474121094,54.880001068115234,53.9900016784668,54.63999938964844,74700
29-01-2024,54.38999938964844,55.18000030517578,53.689998626708984,55.02000045776367,96100
30-01-2024,54.95000076293945,54.95000076293945,53.70000076293945,54.20000076293945,114100
31-01-2024,54.529998779296875,56.81999969482422,54.5,55.81999969482422,90200
01-02-2024,55.66999816894531,56.5099983215332,54.38999938964844,56.5099983215332,123800
02-02-2024,55.790000915527344,55.869998931884766,54.84000015258789,55.41999816894531,83700
05-02-2024,55.08000183105469,56.33000183105469,55.02000045776367,56.040000915527344,105500
06-02-2024,55.70000076293945,57.25,55.470001220703125,56.869998931884766,60300
07-02-2024,56.68000030517578,56.70000076293945,55.88999938964844,56.029998779296875,47900
08-02-2024,55.9900016784668,56.540000915527344,55.22999954223633,55.90999984741211,54100
09-02-2024,56.11000061035156,56.5099983215332,55.43000030517578,56.5099983215332,59500
12-02-2024,56.36000061035156,57.2599983215332,56.11000061035156,57.029998779296875,63000
13-02-2024,56.040000915527344,57.20000076293945,54.619998931884766,55.02000045776367,80200
14-02-2024,55.43000030517578,56.689998626708984,55.400001525878906,56.099998474121094,59700
15-02-2024,56.31999969482422,57.56999969482422,56.31999969482422,57.54999923706055,85000
16-02-2024,57.97999954223633,59.720001220703125,57.630001068115234,59.720001220703125,79800
20-02-2024,59.630001068115234,60.31999969482422,57.970001220703125,58.369998931884766,92200
21-02-2024,58.41999816894531,58.41999816894531,57.290000915527344,57.630001068115234,76100
22-02-2024,57.38999938964844,58.59000015258789,57.04999923706055,58.150001525878906,78000
23-02-2024,58.099998474121094,59.25,57.58000183105469,59.130001068115234,73700
26-02-2024,59.130001068115234,61.47999954223633,59.130001068115234,60.25,144000
27-02-2024,60.130001068115234,60.810001373291016,59.560001373291016,59.939998626708984,102200
28-02-2024,59.61000061035156,60.81999969482422,58.959999084472656,60.279998779296875,114900
29-02-2024,64.5,70.5,63.66999816894531,67.66999816894531,804700
01-03-2024,68.23999786376953,69.20999908447266,65.79000091552734,67.16999816894531,226800
04-03-2024,67.0,67.75,64.9800033569336,66.41999816894531,215400
05-03-2024,66.58999633789062,66.77999877929688,64.44999694824219,65.33999633789062,132300
06-03-2024,66.04000091552734,66.25,64.70999908447266,65.80999755859375,160800
07-03-2024,66.56999969482422,67.12999725341797,65.52999877929688,66.70999908447266,195300
08-03-2024,67.18000030517578,67.91000366210938,66.41999816894531,67.41999816894531,176900
11-03-2024,66.20999908447266,66.76000213623047,65.08000183105469,66.12999725341797,268300
12-03-2024,65.75,67.3499984741211,65.5,66.54000091552734,228200
13-03-2024,66.54000091552734,67.9800033569336,65.68000030517578,66.2300033569336,178700
14-03-2024,65.91999816894531,66.79000091552734,65.5,66.05000305175781,107400
15-03-2024,65.88999938964844,67.33999633789062,65.5,66.0,332100
18-03-2024,66.04000091552734,67.88999938964844,65.81999969482422,67.62000274658203,209000
19-03-2024,67.1500015258789,68.66999816894531,67.13999938964844,67.87000274658203,212200
20-03-2024,67.58000183105469,68.93000030517578,67.58000183105469,68.16000366210938,112700
21-03-2024,68.58000183105469,69.45999908447266,68.33000183105469,69.31999969482422,188300
22-03-2024,69.93000030517578,70.45999908447266,69.36000061035156,69.58000183105469,145900
25-03-2024,70.80999755859375,70.80999755859375,69.0,69.5999984741211,117900
26-03-2024,69.62999725341797,70.20999908447266,69.0999984741211,69.55000305175781,90400
27-03-2024,69.8499984741211,70.30999755859375,69.48999786376953,69.69000244140625,110800
28-03-2024,69.69000244140625,70.05000305175781,69.0,69.12999725341797,252200
01-04-2024,69.0199966430664,69.0199966430664,66.5,67.87000274658203,203900
02-04-2024,67.4800033569336,67.4800033569336,66.47000122070312,66.72000122070312,173600
03-04-2024,66.58999633789062,67.3499984741211,66.47000122070312,67.23999786376953,177300
04-04-2024,67.68000030517578,68.31999969482422,66.94000244140625,67.94000244140625,160100
05-04-2024,68.0,68.4000015258789,67.30999755859375,67.6500015258789,203200
08-04-2024,68.38999938964844,68.38999938964844,67.1500015258789,67.58999633789062,117700
09-04-2024,67.37000274658203,67.5999984741211,66.75,67.05000305175781,152800
10-04-2024,66.0999984741211,67.0999984741211,65.5199966430664,66.95999908447266,171000
11-04-2024,67.41999816894531,68.12000274658203,66.63999938964844,68.11000061035156,136600
12-04-2024,67.79000091552734,68.16999816894531,66.41000366210938,66.87999725341797,95000
15-04-2024,66.83000183105469,67.30999755859375,65.6500015258789,66.30000305175781,111900
16-04-2024,66.0999984741211,66.58000183105469,65.5199966430664,65.55999755859375,99000
17-04-2024,65.55999755859375,66.05999755859375,65.0199966430664,65.4800033569336,123200
18-04-2024,65.30000305175781,65.97000122070312,64.43000030517578,64.58000183105469,184200
19-04-2024,64.19999694824219,65.77999877929688,64.19999694824219,65.4800033569336,207300
22-04-2024,65.9800033569336,66.37000274658203,65.18000030517578,65.62000274658203,95300
23-04-2024,65.9000015258789,66.9000015258789,65.51000213623047,66.13999938964844,85900
24-04-2024,66.02999877929688,66.19000244140625,65.1500015258789,65.43000030517578,83400
25-04-2024,65.05000305175781,65.27999877929688,64.29000091552734,64.94999694824219,82900
26-04-2024,64.83000183105469,65.5999984741211,64.68000030517578,65.36000061035156,67200
29-04-2024,65.33999633789062,65.75,65.01000213623047,65.5,75500
30-04-2024,65.4800033569336,66.5,64.91999816894531,66.0,114000
01-05-2024,65.91000366210938,67.30000305175781,65.68000030517578,66.5199966430664,124800
02-05-2024,66.95999908447266,67.87000274658203,66.77999877929688,67.11000061035156,126700
03-05-2024,67.72000122070312,67.93000030517578,66.6500015258789,67.25,108700
06-05-2024,67.38999938964844,67.9000015258789,67.02999877929688,67.36000061035156,116800
07-05-2024,67.41999816894531,67.73999786376953,66.69999694824219,66.72000122070312,149600
08-05-2024,66.61000061035156,67.37999725341797,65.27999877929688,65.62000274658203,161300
09-05-2024,65.94000244140625,66.70999908447266,65.5,65.87999725341797,187700
10-05-2024,70.0,70.0,64.05000305175781,68.05000305175781,305700
13-05-2024,67.69000244140625,69.5999984741211,67.23999786376953,67.33999633789062,140100
14-05-2024,67.5,67.97000122070312,65.43000030517578,66.02999877929688,155500
15-05-2024,66.12999725341797,66.56999969482422,64.5999984741211,64.81999969482422,150900
16-05-2024,64.9000015258789,64.9000015258789,63.22999954223633,63.77000045776367,132100
17-05-2024,63.86000061035156,64.51000213623047,61.279998779296875,61.43000030517578,153400
20-05-2024,61.5,62.47999954223633,61.31999969482422,61.72999954223633,140900
21-05-2024,61.61000061035156,62.459999084472656,61.13999938964844,61.709999084472656,89200
22-05-2024,61.599998474121094,62.70000076293945,61.369998931884766,61.65999984741211,98600
23-05-2024,61.61000061035156,61.779998779296875,59.439998626708984,60.36000061035156,116100
24-05-2024,60.18000030517578,61.88999938964844,60.029998779296875,61.31999969482422,93900
28-05-2024,61.720001220703125,63.5,61.66999816894531,63.22999954223633,158200
29-05-2024,62.58000183105469,63.70000076293945,61.7400016784668,63.08000183105469,154100
30-05-2024,63.459999084472656,64.11000061035156,62.790000915527344,63.459999084472656,70200
31-05-2024,63.619998931884766,64.95999908447266,63.11000061035156,64.9000015258789,175100
03-06-2024,64.91000366210938,65.48999786376953,63.290000915527344,63.439998626708984,202200
04-06-2024,63.099998474121094,64.88999938964844,62.27000045776367,64.76000213623047,128400
05-06-2024,64.91000366210938,67.2699966430664,64.36000061035156,67.0,196400
06-06-2024,66.61000061035156,69.08999633789062,66.61000061035156,68.81999969482422,222900
07-06-2024,68.55999755859375,68.68000030517578,66.5199966430664,66.73999786376953,303900
10-06-2024,65.68000030517578,65.80000305175781,64.18000030517578,64.9800033569336,196600
11-06-2024,64.5999984741211,65.16999816894531,63.4900016784668,64.93000030517578,143500
12-06-2024,65.73999786376953,66.51000213623047,63.43000030517578,64.20999908447266,133800
13-06-2024,63.79999923706055,64.58000183105469,62.56999969482422,63.2400016784668,135700
14-06-2024,62.72999954223633,63.119998931884766,62.04999923706055,62.619998931884766,91800
17-06-2024,62.54999923706055,62.66999816894531,60.689998626708984,61.779998779296875,108900
18-06-2024,61.81999969482422,62.36000061035156,60.33000183105469,60.7400016784668,156900
20-06-2024,60.189998626708984,60.72999954223633,59.29999923706055,59.38999938964844,169000
21-06-2024,59.47999954223633,59.869998931884766,58.43000030517578,58.529998779296875,324200
24-06-2024,58.939998626708984,62.95000076293945,58.7599983215332,62.81999969482422,236500
25-06-2024,62.83000183105469,64.94999694824219,62.83000183105469,64.19000244140625,203900
26-06-2024,65.29000091552734,65.79000091552734,63.2400016784668,65.48999786376953,224000
27-06-2024,65.7300033569336,65.9000015258789,62.599998474121094,63.09000015258789,158900
28-06-2024,63.5099983215332,64.69000244140625,62.86000061035156,63.68000030517578,675500
01-07-2024,63.5,64.16000366210938,62.79999923706055,63.439998626708984,150900
02-07-2024,63.029998779296875,63.599998474121094,62.40999984741211,62.63999938964844,104900
03-07-2024,62.380001068115234,62.40999984741211,60.63999938964844,60.81999969482422,81900
05-07-2024,60.959999084472656,61.56999969482422,60.560001373291016,61.439998626708984,129300
08-07-2024,61.689998626708984,62.45000076293945,61.290000915527344,62.36000061035156,106800
09-07-2024,62.54999923706055,62.70000076293945,61.2599983215332,61.34000015258789,111200
10-07-2024,61.7400016784668,62.65999984741211,61.58000183105469,62.380001068115234,73300
11-07-2024,63.279998779296875,64.43000030517578,63.209999084472656,64.25,106300
12-07-2024,64.91000366210938,65.25,63.380001068115234,63.5,153500
15-07-2024,63.16999816894531,64.3499984741211,62.470001220703125,63.220001220703125,151900
16-07-2024,63.689998626708984,64.94000244140625,63.25,64.2300033569336,304100
17-07-2024,63.79999923706055,64.19999694824219,62.33000183105469,62.97999954223633,191100
18-07-2024,62.91999816894531,64.01000213623047,61.02000045776367,61.349998474121094,125200
19-07-2024,61.4900016784668,62.400001525878906,61.16999816894531,62.189998626708984,131600
22-07-2024,62.5,62.5,61.060001373291016,62.06999969482422,120200
23-07-2024,62.099998474121094,65.11000061035156,62.0,64.7300033569336,292500
24-07-2024,64.30999755859375,64.69999694824219,63.06999969482422,63.2599983215332,144300
25-07-2024,63.58000183105469,63.58000183105469,61.5,62.029998779296875,138200
26-07-2024,62.63999938964844,63.38999938964844,61.720001220703125,63.25,179300
29-07-2024,63.45000076293945,64.0199966430664,62.720001220703125,63.529998779296875,109700
30-07-2024,64.08999633789062,64.73999786376953,63.439998626708984,64.37999725341797,233400
31-07-2024,64.5199966430664,66.51000213623047,64.41000366210938,65.72000122070312,194700
01-08-2024,65.86000061035156,65.87999725341797,63.369998931884766,63.849998474121094,123700
02-08-2024,62.52000045776367,62.779998779296875,60.61000061035156,61.0099983215332,145400
05-08-2024,59.27000045776367,60.130001068115234,58.18000030517578,59.15999984741211,182400
06-08-2024,60.79999923706055,65.69000244140625,59.900001525878906,63.290000915527344,286700
07-08-2024,53.5099983215332,58.599998474121094,52.77000045776367,57.0099983215332,1630200
08-08-2024,56.95000076293945,57.45000076293945,56.16999816894531,56.43000030517578,2134100
09-08-2024,56.43000030517578,58.9900016784668,56.08000183105469,57.900001525878906,743300
12-08-2024,57.900001525878906,59.70000076293945,57.18000030517578,59.68000030517578,574200
13-08-2024,59.619998931884766,59.84000015258789,58.81999969482422,58.95000076293945,122000
14-08-2024,59.22999954223633,59.81999969482422,58.209999084472656,59.20000076293945,312300
15-08-2024,60.13999938964844,61.189998626708984,58.84000015258789,61.099998474121094,184100
16-08-2024,60.880001068115234,61.189998626708984,59.63999938964844,60.02000045776367,175900
19-08-2024,60.16999816894531,61.58000183105469,59.560001373291016,61.22999954223633,230200
20-08-2024,61.06999969482422,61.47999954223633,59.88999938964844,61.189998626708984,214000
21-08-2024,61.5,61.5,60.29999923706055,61.349998474121094,224800
22-08-2024,61.06999969482422,61.20000076293945,59.70000076293945,60.52000045776367,152900
23-08-2024,61.0099983215332,62.0,60.34000015258789,61.68000030517578,102300
26-08-2024,62.349998474121094,63.540000915527344,61.34000015258789,63.290000915527344,391100
27-08-2024,63.380001068115234,63.61000061035156,61.90999984741211,63.25,367100
28-08-2024,63.380001068115234,63.779998779296875,61.900001525878906,62.720001220703125,519800
29-08-2024,63.349998474121094,63.5099983215332,62.029998779296875,62.45000076293945,509700
30-08-2024,62.81999969482422,64.20999908447266,62.349998474121094,63.75,365600
03-09-2024,63.43000030517578,63.599998474121094,61.81999969482422,63.029998779296875,487000
04-09-2024,62.959999084472656,63.41999816894531,62.2599983215332,62.939998626708984,334600
05-09-2024,63.099998474121094,63.720001220703125,60.5099983215332,60.7599983215332,405700
06-09-2024,60.79999923706055,61.650001525878906,60.060001373291016,60.5099983215332,409900
09-09-2024,60.22999954223633,60.29999923706055,57.83000183105469,58.47999954223633,529400
10-09-2024,58.58000183105469,58.810001373291016,54.540000915527344,55.47999954223633,616600
11-09-2024,53.5099983215332,55.560001373291016,52.529998779296875,54.31999969482422,657200
12-09-2024,54.5,56.220001220703125,54.41999816894531,56.150001525878906,532600
13-09-2024,56.81999969482422,58.779998779296875,56.279998779296875,58.5099983215332,662700
16-09-2024,58.66999816894531,59.060001373291016,55.91999816894531,56.20000076293945,374200
17-09-2024,57.04999923706055,61.72999954223633,57.0,60.060001373291016,552100
18-09-2024,60.459999084472656,62.88999938964844,60.349998474121094,61.04999923706055,364500
19-09-2024,62.060001373291016,62.11000061035156,60.09000015258789,60.380001068115234,225000
20-09-2024,60.459999084472656,61.16999816894531,59.29999923706055,59.65999984741211,1287200
23-09-2024,59.45000076293945,60.540000915527344,59.45000076293945,60.08000183105469,477600
24-09-2024,60.11000061035156,60.91999816894531,58.5099983215332,58.52000045776367,150400
25-09-2024,58.54999923706055,58.83000183105469,57.099998474121094,57.279998779296875,297500
26-09-2024,58.0099983215332,58.58000183105469,57.439998626708984,58.29999923706055,165200
27-09-2024,58.58000183105469,59.08000183105469,58.0,58.779998779296875,184600
30-09-2024,58.70000076293945,60.189998626708984,58.70000076293945,59.65999984741211,263200
01-10-2024,59.68000030517578,59.68000030517578,58.560001373291016,59.47999954223633,217500
02-10-2024,59.40999984741211,59.68000030517578,57.04999923706055,57.5,197700
03-10-2024,57.27000045776367,57.689998626708984,56.619998931884766,56.790000915527344,115700
04-10-2024,57.61000061035156,58.29999923706055,57.439998626708984,57.83000183105469,74400
07-10-2024,57.70000076293945,57.77000045776367,55.66999816894531,55.84000015258789,220800
08-10-2024,56.060001373291016,57.099998474121094,55.61000061035156,56.790000915527344,405000
09-10-2024,56.7599983215332,57.7400016784668,56.65999984741211,56.72999954223633,222900
10-10-2024,56.220001220703125,56.220001220703125,54.93000030517578,55.099998474121094,132600
11-10-2024,56.099998474121094,57.459999084472656,55.95000076293945,57.13999938964844,114600
14-10-2024,57.189998626708984,58.70000076293945,57.189998626708984,58.5,207200
15-10-2024,58.5099983215332,59.43000030517578,57.75,58.599998474121094,165000
16-10-2024,58.790000915527344,59.939998626708984,58.58000183105469,59.65999984741211,136000
17-10-2024,60.13999938964844,60.70000076293945,59.06999969482422,60.119998931884766,138700
18-10-2024,60.209999084472656,60.63999938964844,59.38999938964844,60.310001373291016,140500
21-10-2024,60.310001373291016,60.349998474121094,59.18000030517578,59.279998779296875,128500
22-10-2024,58.95000076293945,60.13999938964844,58.279998779296875,60.08000183105469,322600
23-10-2024,60.06999969482422,60.06999969482422,58.400001525878906,59.040000915527344,295300
24-10-2024,59.16999816894531,59.81999969482422,58.439998626708984,59.279998779296875,156500
25-10-2024,60.689998626708984,61.150001525878906,58.15999984741211,58.31999969482422,155500
28-10-2024,58.5,59.93000030517578,57.880001068115234,57.970001220703125,191300
29-10-2024,57.38999938964844,59.25,57.119998931884766,59.0099983215332,156900
30-10-2024,58.619998931884766,60.439998626708984,58.13999938964844,58.5099983215332,140000
31-10-2024,58.15999984741211,58.470001220703125,57.119998931884766,57.25,110700
01-11-2024,57.45000076293945,58.93000030517578,57.45000076293945,58.189998626708984,241100
04-11-2024,58.04999923706055,58.04999923706055,55.79999923706055,56.0099983215332,783900
05-11-2024,55.599998474121094,57.68000030517578,55.54999923706055,57.310001373291016,165300
06-11-2024,59.040000915527344,60.13999938964844,57.709999084472656,58.400001525878906,364700
07-11-2024,58.83000183105469,59.91999816894531,57.95000076293945,58.380001068115234,381300
08-11-2024,61.58000183105469,62.27000045776367,57.79999923706055,61.439998626708984,348400
11-11-2024,61.529998779296875,62.33000183105469,59.560001373291016,61.7400016784668,324700
12-11-2024,61.65999984741211,62.90999984741211,60.720001220703125,61.0,299900
13-11-2024,61.36000061035156,63.22999954223633,59.58000183105469,59.83000183105469,445500
14-11-2024,59.79999923706055,59.90999984741211,58.0099983215332,58.90999984741211,255600
15-11-2024,59.0,59.31999969482422,56.02000045776367,56.58000183105469,293100
18-11-2024,56.72999954223633,57.20000076293945,54.849998474121094,55.25,234000
19-11-2024,54.459999084472656,56.0099983215332,53.93000030517578,55.689998626708984,216200
20-11-2024,55.36000061035156,56.2400016784668,54.47999954223633,55.099998474121094,365200
21-11-2024,55.599998474121094,56.380001068115234,54.75,55.86000061035156,181900
22-11-2024,56.45000076293945,57.13999938964844,55.9900016784668,56.90999984741211,131800
25-11-2024,57.369998931884766,59.16999816894531,57.369998931884766,58.63999938964844,356400
26-11-2024,58.13999938964844,58.83000183105469,56.59000015258789,57.86000061035156,196900
27-11-2024,57.790000915527344,59.560001373291016,57.5,59.38999938964844,228700
29-11-2024,59.33000183105469,59.33000183105469,56.709999084472656,57.22999954223633,224900
02-12-2024,57.18000030517578,58.540000915527344,56.29999923706055,57.869998931884766,357500
03-12-2024,57.88999938964844,58.11000061035156,56.130001068115234,56.869998931884766,247700
04-12-2024,56.599998474121094,57.66999816894531,56.20000076293945,56.86000061035156,213700
05-12-2024,56.709999084472656,57.08000183105469,55.79999923706055,55.9900016784668,300800
06-12-2024,56.09000015258789,57.47999954223633,55.970001220703125,56.970001220703125,403200
09-12-2024,57.220001220703125,58.79999923706055,56.33000183105469,58.029998779296875,276100
10-12-2024,58.40999984741211,59.34000015258789,57.25,59.15999984741211,243200
11-12-2024,59.970001220703125,60.90999984741211,58.47999954223633,59.16999816894531,254400
12-12-2024,59.11000061035156,59.689998626708984,56.540000915527344,56.560001373291016,292300
13-12-2024,56.2400016784668,56.849998474121094,55.65999984741211,56.59000015258789,229600
16-12-2024,56.310001373291016,57.33000183105469,55.45000076293945,56.36000061035156,315300
17-12-2024,56.209999084472656,56.900001525878906,55.290000915527344,55.83000183105469,217700
18-12-2024,55.97999954223633,56.25,53.72999954223633,53.880001068115234,198800
19-12-2024,54.119998931884766,54.779998779296875,52.5,54.2599983215332,393400
20-12-2024,53.689998626708984,54.560001373291016,53.0,53.349998474121094,1066300
23-12-2024,53.38999938964844,54.400001525878906,52.790000915527344,54.209999084472656,164200
24-12-2024,54.06999969482422,54.33000183105469,53.33000183105469,54.15999984741211,43800
26-12-2024,54.0,55.58000183105469,52.88999938964844,55.5,248000
27-12-2024,55.209999084472656,55.369998931884766,53.66999816894531,54.40999984741211,248900
30-12-2024,54.0099983215332,54.45000076293945,53.150001525878906,54.209999084472656,150600
31-12-2024,54.599998474121094,55.380001068115234,54.209999084472656,55.279998779296875,246100
02-01-2025,55.599998474121094,56.630001068115234,54.959999084472656,55.439998626708984,156400
03-01-2025,55.439998626708984,55.88999938964844,54.650001525878906,55.5,101800
06-01-2025,55.5,55.91999816894531,54.349998474121094,54.599998474121094,164400
07-01-2025,54.43000030517578,55.130001068115234,53.93000030517578,54.380001068115234,181600
08-01-2025,54.400001525878906,54.68000030517578,53.630001068115234,54.15999984741211,185000
10-01-2025,53.630001068115234,55.209999084472656,53.0,55.040000915527344,141400
13-01-2025,53.91999816894531,54.970001220703125,52.7400016784668,53.93000030517578,478200
14-01-2025,54.11000061035156,54.4900016784668,53.36000061035156,54.15999984741211,264000
15-01-2025,55.27000045776367,56.9900016784668,54.75,56.54999923706055,265900
16-01-2025,56.43000030517578,57.93000030517578,56.02000045776367,57.5,172300
17-01-2025,57.939998626708984,58.58000183105469,57.56999969482422,58.459999084472656,302500
21-01-2025,58.880001068115234,59.2599983215332,57.97999954223633,58.349998474121094,154700
22-01-2025,58.290000915527344,58.40999984741211,57.119998931884766,58.15999984741211,112400
23-01-2025,57.650001525878906,58.95000076293945,57.16999816894531,58.689998626708984,76300
24-01-2025,58.689998626708984,58.689998626708984,57.36000061035156,58.63999938964844,89100
27-01-2025,58.540000915527344,60.779998779296875,58.439998626708984,60.41999816894531,159000
28-01-2025,60.099998474121094,60.790000915527344,58.939998626708984,59.119998931884766,91200
29-01-2025,59.25,59.84000015258789,58.939998626708984,59.349998474121094,97800
30-01-2025,59.61000061035156,60.9900016784668,59.36000061035156,59.560001373291016,138600
31-01-2025,59.4900016784668,59.4900016784668,58.02000045776367,58.63999938964844,119700
03-02-2025,57.86000061035156,58.68000030517578,57.08000183105469,57.90999984741211,119000
04-02-2025,57.5,59.189998626708984,57.5,58.59000015258789,199400
05-02-2025,58.68000030517578,60.220001220703125,58.56999969482422,59.810001373291016,121800
06-02-2025,59.900001525878906,61.0,59.029998779296875,60.189998626708984,553000
07-02-2025,59.88999938964844,61.31999969482422,59.59000015258789,60.54999923706055,255300
10-02-2025,60.279998779296875,60.72999954223633,59.290000915527344,59.59000015258789,226900
11-02-2025,59.0,60.68000030517578,58.59000015258789,59.849998474121094,225500
12-02-2025,59.0099983215332,60.02000045776367,58.41999816894531,59.68000030517578,161000
13-02-2025,59.540000915527344,59.540000915527344,58.75,59.189998626708984,77500
14-02-2025,59.0,59.41999816894531,58.150001525878906,58.91999816894531,132400
18-02-2025,58.84000015258789,59.83000183105469,58.54999923706055,58.72999954223633,140300
19-02-2025,58.689998626708984,60.540000915527344,58.369998931884766,59.9900016784668,172100
20-02-2025,59.86000061035156,60.40999984741211,58.84000015258789,59.66999816894531,156900
21-02-2025,60.20000076293945,60.220001220703125,57.38999938964844,57.939998626708984,218500
24-02-2025,58.189998626708984,58.189998626708984,55.16999816894531,55.56999969482422,549700
25-02-2025,56.029998779296875,56.029998779296875,54.22999954223633,54.5099983215332,264600
26-02-2025,54.63999938964844,55.18000030517578,54.099998474121094,55.0099983215332,273300
27-02-2025,54.58000183105469,56.33000183105469,54.560001373291016,54.58000183105469,185400
28-02-2025,61.63999938964844,62.619998931884766,58.0,61.88999938964844,715000
03-03-2025,60.88999938964844,62.040000915527344,58.08000183105469,58.459999084472656,427300
04-03-2025,58.060001373291016,62.0,57.880001068115234,59.130001068115234,230400
05-03-2025,59.13999938964844,60.77000045776367,57.900001525878906,59.68000030517578,317000
06-03-2025,59.220001220703125,62.470001220703125,58.5,61.04999923706055,319800
07-03-2025,60.86000061035156,62.7599983215332,60.439998626708984,60.619998931884766,438200
10-03-2025,59.970001220703125,60.52000045776367,58.47999954223633,58.810001373291016,254400
11-03-2025,58.810001373291016,62.029998779296875,57.720001220703125,61.400001525878906,430200
12-03-2025,62.560001373291016,64.43000030517578,61.83000183105469,63.2599983215332,870800
13-03-2025,63.33000183105469,63.33000183105469,61.369998931884766,61.459999084472656,145800
14-03-2025,63.36000061035156,63.599998474121094,61.47999954223633,62.4900016784668,199300
17-03-2025,62.810001373291016,64.91999816894531,62.68000030517578,64.3499984741211,334300
18-03-2025,64.4000015258789,65.0,63.2599983215332,64.22000122070312,233000
19-03-2025,64.22000122070312,65.04000091552734,63.25,64.87000274658203,454700
20-03-2025,64.30999755859375,65.0999984741211,63.689998626708984,64.3499984741211,200600
21-03-2025,63.45000076293945,65.51000213623047,63.029998779296875,64.26000213623047,519800
24-03-2025,64.16000366210938,65.98999786376953,62.959999084472656,65.9800033569336,422900
25-03-2025,65.9800033569336,68.12999725341797,64.73999786376953,66.33000183105469,536700
26-03-2025,67.0,68.81999969482422,66.44000244140625,67.16999816894531,414000
27-03-2025,67.13999938964844,69.33000183105469,66.97000122070312,68.36000061035156,392400
28-03-2025,68.13999938964844,68.48999786376953,67.0199966430664,67.61000061035156,356000
31-03-2025,66.91000366210938,67.80000305175781,65.27999877929688,66.94999694824219,294200
01-04-2025,67.11000061035156,68.95999908447266,65.38999938964844,68.0199966430664,394200
02-04-2025,67.01000213623047,69.44999694824219,66.62999725341797,69.36000061035156,279100
03-04-2025,68.0,68.45999908447266,66.37999725341797,68.29000091552734,457400
04-04-2025,66.0199966430664,68.4000015258789,65.12999725341797,67.5199966430664,698200
07-04-2025,64.58000183105469,68.81999969482422,64.0,66.98999786376953,580300
08-04-2025,68.25,68.3499984741211,61.7400016784668,63.04999923706055,440400
09-04-2025,62.2599983215332,67.48999786376953,61.43000030517578,66.01000213623047,761600
10-04-2025,64.73999786376953,66.0,62.29999923706055,65.12000274658203,383800
11-04-2025,65.44999694824219,68.20999908447266,64.75,68.12000274658203,291300
14-04-2025,68.95999908447266,69.62999725341797,66.7699966430664,68.72000122070312,431700
15-04-2025,68.4000015258789,69.91999816894531,68.05999755859375,69.55000305175781,191900
16-04-2025,69.30999755859375,70.18000030517578,68.38999938964844,69.19999694824219,327900
17-04-2025,69.12000274658203,70.4800033569336,68.63999938964844,69.20999908447266,299700
21-04-2025,69.16000366210938,69.30000305175781,67.5999984741211,68.0,191500
22-04-2025,68.5199966430664,69.98999786376953,67.79000091552734,68.94999694824219,240300
23-04-2025,69.7300033569336,70.30000305175781,68.12000274658203,68.37000274658203,210200
24-04-2025,68.48999786376953,70.05000305175781,68.19000244140625,69.63999938964844,142200
25-04-2025,68.93000030517578,70.55000305175781,68.93000030517578,69.81999969482422,205400
28-04-2025,70.0,71.8499984741211,68.9000015258789,70.75,1089000
29-04-2025,70.83000183105469,72.56999969482422,69.98999786376953,70.76000213623047,385800
30-04-2025,70.62999725341797,71.16000366210938,69.29000091552734,70.81999969482422,560900
01-05-2025,70.83999633789062,71.26000213623047,68.5,70.69000244140625,423500
02-05-2025,71.1500015258789,73.16000366210938,70.05999755859375,72.94999694824219,323000
05-05-2025,72.52999877929688,73.72000122070312,72.0199966430664,72.55999755859375,839800
06-05-2025,72.0,73.5,70.13999938964844,70.2699966430664,649200
07-05-2025,70.70999908447266,71.70999908447266,70.08000183105469,70.81999969482422,287100
08-05-2025,71.01000213623047,72.18000030517578,69.62999725341797,71.52999877929688,470400
09-05-2025,76.01000213623047,77.0,65.95999908447266,66.30000305175781,756700
12-05-2025,66.27999877929688,67.63999938964844,62.13999938964844,62.29999923706055,747400
13-05-2025,62.20000076293945,62.560001373291016,60.779998779296875,62.0,418000
14-05-2025,62.22999954223633,62.599998474121094,60.029998779296875,60.369998931884766,543700
15-05-2025,60.5,61.2400016784668,59.439998626708984,59.529998779296875,597400
16-05-2025,59.529998779296875,60.599998474121094,58.9900016784668,59.9900016784668,373000
19-05-2025,59.540000915527344,60.20000076293945,58.939998626708984,60.15999984741211,268200
20-05-2025,60.15999984741211,61.22999954223633,59.45000076293945,60.63999938964844,362100
21-05-2025,60.470001220703125,60.790000915527344,58.66999816894531,59.08000183105469,305800
22-05-2025,58.939998626708984,59.0099983215332,57.119998931884766,57.27000045776367,358400
23-05-2025,56.959999084472656,57.86000061035156,56.709999084472656,57.790000915527344,244200
27-05-2025,58.54999923706055,59.060001373291016,58.040000915527344,58.31999969482422,364400
28-05-2025,58.189998626708984,58.61000061035156,57.38999938964844,57.810001373291016,292200
29-05-2025,57.84000015258789,58.58000183105469,57.33000183105469,58.2599983215332,218800
30-05-2025,58.31999969482422,59.5099983215332,57.45000076293945,58.720001220703125,285500
02-06-2025,58.70000076293945,62.040000915527344,58.70000076293945,61.90999984741211,676200
03-06-2025,61.959999084472656,62.470001220703125,60.790000915527344,61.65999984741211,425500
04-06-2025,61.7599983215332,62.099998474121094,60.34000015258789,60.869998931884766,307300
05-06-2025,60.5099983215332,61.189998626708984,59.61000061035156,59.880001068115234,247300
06-06-2025,60.41999816894531,61.97999954223633,59.88999938964844,61.959999084472656,310100
09-06-2025,62.400001525878906,63.209999084472656,61.560001373291016,63.18000030517578,278600
10-06-2025,63.54999923706055,64.44999694824219,62.63999938964844,62.869998931884766,262000
11-06-2025,62.869998931884766,63.70000076293945,62.18000030517578,62.779998779296875,211900
12-06-2025,63.0099983215332,63.0099983215332,61.689998626708984,62.119998931884766,199500
13-06-2025,61.369998931884766,62.58000183105469,61.18000030517578,62.560001373291016,150700
16-06-2025,62.77000045776367,64.62999725341797,62.13999938964844,64.29000091552734,323200
17-06-2025,63.619998931884766,65.19000244140625,63.349998474121094,63.349998474121094,305300
18-06-2025,63.40999984741211,65.62999725341797,62.810001373291016,64.66000366210938,344200
20-06-2025,65.70999908447266,65.91999816894531,64.75,65.55999755859375,420600
23-06-2025,65.45999908447266,66.05000305175781,63.79999923706055,66.02999877929688,179600
24-06-2025,66.44000244140625,67.41999816894531,65.58999633789062,66.9800033569336,215800
25-06-2025,66.86000061035156,66.86000061035156,65.7699966430664,65.91000366210938,219600
26-06-2025,65.91000366210938,66.43000030517578,65.1500015258789,65.80999755859375,166900
27-06-2025,65.94000244140625,66.06999969482422,64.66000366210938,65.5,325400
30-06-2025,65.73999786376953,66.08000183105469,64.8499984741211,65.25,394100
01-07-2025,64.8499984741211,66.2300033569336,63.27000045776367,63.560001373291016,322000
02-07-2025,63.630001068115234,65.55000305175781,63.16999816894531,65.22000122070312,203900
03-07-2025,65.19999694824219,65.72000122070312,63.7400016784668,65.27999877929688,98500
07-07-2025,65.18000030517578,66.18000030517578,64.33000183105469,64.91000366210938,219300
08-07-2025,64.91999816894531,66.08000183105469,64.36000061035156,65.06999969482422,224700
09-07-2025,65.61000061035156,66.97000122070312,65.26000213623047,65.30999755859375,316100
10-07-2025,66.30000305175781,66.58000183105469,64.86000061035156,66.0999984741211,397500
11-07-2025,65.55000305175781,66.01000213623047,64.38999938964844,64.95999908447266,218700
14-07-2025,64.87999725341797,65.45999908447266,64.1500015258789,65.19000244140625,198600
15-07-2025,65.0999984741211,65.72000122070312,64.0,64.0,335200
16-07-2025,63.70000076293945,66.76000213623047,63.599998474121094,66.5999984741211,571100
17-07-2025,66.37000274658203,68.38999938964844,65.95999908447266,68.04000091552734,401200
18-07-2025,68.44000244140625,68.5999984741211,66.19999694824219,66.30000305175781,326200
21-07-2025,66.58000183105469,66.72000122070312,64.2699966430664,65.41000366210938,347000
22-07-2025,65.12000274658203,66.66000366210938,64.88999938964844,66.33999633789062,198200
23-07-2025,66.0,68.19999694824219,65.26000213623047,66.9000015258789,316500
24-07-2025,66.9000015258789,67.69999694824219,66.27999877929688,66.7699966430664,265700
25-07-2025,66.83000183105469,67.91000366210938,65.68000030517578,67.4800033569336,416000
28-07-2025,67.4800033569336,68.18000030517578,66.01000213623047,66.5,394300
29-07-2025,66.44999694824219,67.5,64.13999938964844,64.19999694824219,469200
30-07-2025,64.55999755859375,66.38999938964844,63.349998474121094,64.02999877929688,253600
31-07-2025,63.52000045776367,65.06999969482422,62.61000061035156,63.349998474121094,196500
01-08-2025,63.119998931884766,64.37999725341797,62.68000030517578,63.93000030517578,318800
04-08-2025,63.95000076293945,65.56999969482422,63.66999816894531,65.43000030517578,204800
05-08-2025,65.26000213623047,66.18000030517578,64.69000244140625,65.87000274658203,249200
06-08-2025,65.29000091552734,69.70999908447266,64.98999786376953,69.08999633789062,887200
07-08-2025,69.02999877929688,70.95999908447266,67.9800033569336,69.01000213623047,780500
08-08-2025,77.86000061035156,83.80000305175781,76.98999786376953,81.4800033569336,2104100
11-08-2025,81.5,87.94999694824219,81.44000244140625,84.87999725341797,1671200
12-08-2025,84.5199966430664,88.36000061035156,84.04000091552734,88.33999633789062,1427300
13-08-2025,88.87000274658203,90.2300033569336,87.87000274658203,88.73999786376953,1245500
14-08-2025,88.54000091552734,90.2300033569336,88.30000305175781,90.0,605100
15-08-2025,88.4800033569336,90.13999938964844,85.44000244140625,87.47000122070312,1063500
18-08-2025,87.77999877929688,90.83000183105469,87.30999755859375,89.70999908447266,720200
19-08-2025,89.41000366210938,91.1500015258789,88.81999969482422,90.12000274658203,707000
20-08-2025,90.75,90.86000061035156,89.25,90.62000274658203,396300
21-08-2025,90.5999984741211,91.54000091552734,89.29000091552734,91.13999938964844,643800
22-08-2025,91.55999755859375,92.52999877929688,90.7699966430664,91.01000213623047,432200
25-08-2025,91.0,92.6500015258789,89.68000030517578,90.31999969482422,351700
26-08-2025,90.31999969482422,92.13999938964844,90.0,91.88999938964844,499400
27-08-2025,91.88999938964844,92.62000274658203,91.5199966430664,91.87999725341797,241700
28-08-2025,91.55999755859375,92.52999877929688,90.33999633789062,92.52999877929688,477300
29-08-2025,93.0,93.72000122070312,91.9800033569336,93.5,283200
02-09-2025,93.5999984741211,95.5999984741211,93.2300033569336,94.0999984741211,490000
03-09-2025,94.06999969482422,95.30999755859375,93.2300033569336,94.91999816894531,544600
04-09-2025,95.4000015258789,96.37000274658203,94.80000305175781,96.0,398600
05-09-2025,95.6500015258789,96.55999755859375,93.91999816894531,95.3499984741211,414000
08-09-2025,95.8499984741211,96.02999877929688,94.30999755859375,95.19999694824219,376200
09-09-2025,95.44999694824219,98.48999786376953,95.19999694824219,98.45999908447266,613400
10-09-2025,97.87999725341797,99.5,97.05000305175781,97.45999908447266,353600
11-09-2025,97.5999984741211,98.76000213623047,96.5,98.7300033569336,323400
12-09-2025,98.41999816894531,99.0999984741211,97.18000030517578,97.70999908447266,210900
15-09-2025,97.55999755859375,98.9800033569336,96.08000183105469,98.80999755859375,340800
16-09-2025,98.87999725341797,99.38999938964844,96.91000366210938,97.55000305175781,460800
17-09-2025,98.18000030517578,98.44999694824219,95.11000061035156,95.36000061035156,432100
18-09-2025,95.73999786376953,98.55000305175781,94.55999755859375,97.4800033569336,374900
19-09-2025,98.04000091552734,98.04000091552734,96.08999633789062,96.79000091552734,346300
22-09-2025,97.25,97.5199966430664,95.36000061035156,95.93000030517578,290200
23-09-2025,96.05999755859375,96.79000091552734,94.70999908447266,95.33000183105469,258900
24-09-2025,96.41000366210938,96.52999877929688,91.88999938964844,94.98999786376953,423500
25-09-2025,94.94999694824219,95.12000274658203,92.97000122070312,93.37000274658203,219400
26-09-2025,93.80999755859375,94.7699966430664,92.63999938964844,93.05000305175781,230800
29-09-2025,93.19000244140625,93.4000015258789,90.7300033569336,91.93000030517578,372700
30-09-2025,92.95999908447266,93.20999908447266,91.4800033569336,91.5999984741211,355300
01-10-2025,91.55999755859375,91.5999984741211,88.45999908447266,90.18000030517578,471700
02-10-2025,90.0,90.62000274658203,88.16000366210938,89.12999725341797,347100
03-10-2025,89.70999908447266,92.5199966430664,89.55999755859375,89.63999938964844,277500
06-10-2025,89.93000030517578,92.47000122070312,89.12999725341797,92.05999755859375,346600
07-10-2025,92.3499984741211,92.43000030517578,90.6500015258789,91.68000030517578,240000
08-10-2025,91.83000183105469,92.55999755859375,90.37000274658203,91.6500015258789,200600
09-10-2025,91.6500015258789,92.26000213623047,89.72000122070312,90.77999877929688,264300
10-10-2025,91.05000305175781,91.47000122070312,89.30999755859375,89.79000091552734,173800
13-10-2025,90.08999633789062,90.8499984741211,88.41999816894531,88.61000061035156,148500
14-10-2025,88.08000183105469,89.30999755859375,87.5999984741211,88.73999786376953,180100
15-10-2025,88.87999725341797,90.61000061035156,88.87999725341797,90.0999984741211,214500
16-10-2025,90.27999877929688,92.26000213623047,90.27999877929688,91.94999694824219,270700
17-10-2025,90.69999694824219,95.94000244140625,90.69999694824219,94.79000091552734,315400
20-10-2025,95.0999984741211,95.66999816894531,92.94999694824219,95.12000274658203,187300
21-10-2025,94.95999908447266,95.94000244140625,93.5199966430664,95.37999725341797,189700
22-10-2025,95.43000030517578,95.83000183105469,93.0,93.76000213623047,198000
23-10-2025,93.66000366210938,95.16000366210938,93.26000213623047,94.9000015258789,156100
24-10-2025,95.16999816894531,97.0,93.80999755859375,94.23999786376953,260600
27-10-2025,94.62999725341797,96.56999969482422,91.22000122070312,92.86000061035156,338500
28-10-2025,92.83000183105469,93.63999938964844,90.05999755859375,93.29000091552734,2088000
29-10-2025,93.12999725341797,93.80000305175781,91.5,92.2300033569336,243000
30-10-2025,92.38999938964844,93.45999908447266,91.66999816894531,91.93000030517578,198100
31-10-2025,92.25,94.0,90.44999694824219,90.5999984741211,324500
03-11-2025,90.5199966430664,94.25,88.95999908447266,94.05999755859375,344900
04-11-2025,93.37999725341797,95.12000274658203,92.37000274658203,94.4800033569336,203400
05-11-2025,94.0199966430664,95.56999969482422,92.37000274658203,92.62000274658203,223900
06-11-2025,92.55999755859375,94.45999908447266,90.04000091552734,90.2300033569336,456800
07-11-2025,83.20999908447266,95.44999694824219,79.38999938964844,90.43000030517578,710600
10-11-2025,87.58000183105469,90.87000274658203,81.81999969482422,88.93000030517578,467400
11-11-2025,89.61000061035156,90.7300033569336,86.81999969482422,88.54000091552734,427300
12-11-2025,89.47000122070312,89.56999969482422,87.20999908447266,87.2699966430664,382800
13-11-2025,87.2699966430664,87.88999938964844,84.08999633789062,84.55000305175781,593700
14-11-2025,84.75,85.04000091552734,83.73999786376953,84.0199966430664,394300
17-11-2025,84.22000122070312,85.16999816894531,81.68000030517578,81.97000122070312,853600
18-11-2025,82.22000122070312,82.80999755859375,80.94999694824219,81.06999969482422,633500
19-11-2025,81.58999633789062,81.58999633789062,79.05999755859375,80.33000183105469,660100
20-11-2025,81.36000061035156,82.12000274658203,78.1500015258789,78.5199966430664,353800
21-11-2025,78.62000274658203,80.77999877929688,77.98999786376953,79.72000122070312,330200
24-11-2025,79.29000091552734,81.55000305175781,78.4000015258789,80.9800033569336,370400
25-11-2025,81.73999786376953,84.66999816894531,81.54000091552734,83.22000122070312,435400
26-11-2025,84.0199966430664,85.23999786376953,82.94999694824219,84.36000061035156,588700
28-11-2025,84.05000305175781,85.06999969482422,83.0199966430664,84.8499984741211,150300
01-12-2025,84.19999694824219,85.08999633789062,83.4800033569336,84.47000122070312,502000
02-12-2025,84.37000274658203,84.6500015258789,81.86000061035156,82.12000274658203,371300
03-12-2025,82.25,84.16999816894531,81.75,82.66999816894531,390900
04-12-2025,82.4000015258789,83.47000122070312,81.58999633789062,82.73999786376953,328200
05-12-2025,82.52999877929688,83.13999938964844,80.56999969482422,81.7699966430664,519700
08-12-2025,82.16999816894531,83.25,81.1500015258789,81.33999633789062,426200
09-12-2025,82.83000183105469,83.5999984741211,81.44999694824219,81.66999816894531,232400
10-12-2025,81.13999938964844,82.36000061035156,80.30000305175781,82.02999877929688,273300
11-12-2025,82.16000366210938,82.98999786376953,81.58000183105469,82.12999725341797,193700
12-12-2025,82.31999969482422,83.0,79.9800033569336,80.38999938964844,426400
15-12-2025,81.08999633789062,82.77999877929688,80.48999786376953,81.51000213623047,659100
16-12-2025,81.55999755859375,82.51000213623047,80.7699966430664,81.0999984741211,340600
17-12-2025,81.37000274658203,83.58000183105469,81.19000244140625,82.3499984741211,486300
18-12-2025,82.4000015258789,83.91999816894531,82.1500015258789,82.83000183105469,260900
19-12-2025,82.87000274658203,84.37000274658203,82.62999725341797,82.8499984741211,965200
22-12-2025,82.37000274658203,83.6500015258789,78.55000305175781,80.72000122070312,520000
23-12-2025,80.91999816894531,82.22000122070312,80.4000015258789,80.7300033569336,516500
24-12-2025,80.7300033569336,82.36000061035156,80.41999816894531,82.18000030517578,199900
26-12-2025,81.91000366210938,82.77999877929688,80.2699966430664,82.41000366210938,225700
29-12-2025,82.5,82.52999877929688,81.0,81.37999725341797,275900
30-12-2025,81.30999755859375,81.5,79.30999755859375,79.41999816894531,584900
31-12-2025,79.61000061035156,80.0,78.55000305175781,78.94000244140625,374500
02-01-2026,79.0999984741211,80.29000091552734,77.41000366210938,78.43000030517578,631600
05-01-2026,78.04000091552734,79.08999633789062,76.86000061035156,78.66000366210938,417800
06-01-2026,78.66000366210938,79.87999725341797,76.69000244140625,77.4800033569336,418100
07-01-2026,78.06999969482422,80.18000030517578,77.19999694824219,79.47000122070312,317400
08-01-2026,79.4000015258789,81.3499984741211,78.05000305175781,81.04000091552734,387900
09-01-2026,81.36000061035156,81.36000061035156,75.0999984741211,76.27999877929688,1279000
12-01-2026,82.30000305175781,87.01000213623047,79.3499984741211,84.3499984741211,1082700
13-01-2026,84.33000183105469,84.33000183105469,80.11000061035156,82.27999877929688,649900
14-01-2026,82.27999877929688,85.37999725341797,81.63999938964844,85.02999877929688,522800
15-01-2026,84.69999694824219,85.87000274658203,83.98999786376953,85.29000091552734,611700
16-01-2026,85.91999816894531,87.06999969482422,84.38999938964844,84.83000183105469,517800
20-01-2026,83.38999938964844,86.94999694824219,83.02999877929688,85.7699966430664,605700
21-01-2026,85.80000305175781,86.22000122070312,83.94000244140625,85.5199966430664,406500
22-01-2026,85.69999694824219,86.97000122070312,85.25,85.38999938964844,286300
23-01-2026,85.3499984741211,85.56999969482422,82.37000274658203,82.98999786376953,310600
26-01-2026,82.76000213623047,83.88999938964844,81.11000061035156,81.33000183105469,774600
27-01-2026,81.55999755859375,83.0199966430664,80.0,80.44999694824219,729200
28-01-2026,80.58000183105469,80.58999633789062,78.0999984741211,79.51000213623047,615400
29-01-2026,79.41999816894531,82.5999984741211,79.12000274658203,82.0,498400
30-01-2026,81.47000122070312,82.05000305175781,80.26000213623047,81.8499984741211,284200
02-02-2026,81.8499984741211,81.91999816894531,79.41000366210938,80.0,405000
03-02-2026,80.16000366210938,81.98999786376953,79.12999725341797,79.87999725341797,320600
04-02-2026,79.69000244140625,81.5199966430664,78.79000091552734,81.2699966430664,363900
05-02-2026,81.47000122070312,83.80000305175781,81.20999908447266,81.5,360400
06-02-2026,82.41999816894531,82.41999816894531,80.56999969482422,81.83999633789062,301800
09-02-2026,82.05000305175781,82.05000305175781,78.37999725341797,80.33999633789062,481600
10-02-2026,80.37000274658203,81.06999969482422,79.30000305175781,79.91000366210938,184600
11-02-2026,79.9000015258789,79.94000244140625,75.63999938964844,76.25,307500
12-02-2026,76.41000366210938,77.1500015258789,75.30000305175781,76.69999694824219,400000
13-02-2026,76.80000305175781,79.12999725341797,76.0999984741211,77.36000061035156,279200
17-02-2026,78.08000183105469,80.0999984741211,77.66000366210938,78.9000015258789,221000
18-02-2026,78.87999725341797,80.04000091552734,76.63999938964844,77.80999755859375,370300
19-02-2026,77.52999877929688,78.3499984741211,76.69000244140625,78.0999984741211,363600
20-02-2026,77.87999725341797,78.83999633789062,77.0199966430664,77.7699966430664,289400
23-02-2026,78.1500015258789,78.1500015258789,75.0,75.0999984741211,336700
24-02-2026,75.36000061035156,76.91000366210938,73.80000305175781,76.69999694824219,291100
25-02-2026,77.06999969482422,77.19000244140625,75.9800033569336,76.30000305175781,191100
26-02-2026,77.0999984741211,77.48999786376953,75.54000091552734,77.1500015258789,186400
27-02-2026,76.23999786376953,78.0,72.43000030517578,73.9000015258789,602600
02-03-2026,74.0,76.44000244140625,73.94000244140625,75.22000122070312,476100
03-03-2026,74.80999755859375,77.97000122070312,74.0,76.0999984741211,665400
04-03-2026,76.06999969482422,77.19999694824219,74.80000305175781,76.52999877929688,676700
05-03-2026,75.58000183105469,76.16000366210938,74.81999969482422,75.5999984741211,314000
06-03-2026,75.0,75.48999786376953,72.94999694824219,74.04000091552734,174400
09-03-2026,73.83000183105469,74.9800033569336,72.63999938964844,74.80999755859375,241500
10-03-2026,74.69000244140625,76.97000122070312,74.58999633789062,75.95999908447266,313100
11-03-2026,76.0,77.47000122070312,74.91000366210938,76.29000091552734,225000
12-03-2026,76.0,77.0199966430664,72.18000030517578,72.48999786376953,993600
13-03-2026,72.62000274658203,72.9000015258789,70.1500015258789,70.48999786376953,517900
16-03-2026,70.7699966430664,72.41000366210938,70.38999938964844,72.16999816894531,310600
17-03-2026,72.27999877929688,74.44000244140625,71.9800033569336,74.27999877929688,449600
18-03-2026,73.44999694824219,76.0,72.19999694824219,74.16999816894531,482600
19-03-2026,74.0,75.51000213623047,73.98999786376953,74.81999969482422,291100
20-03-2026,74.81999969482422,75.61000061035156,73.75,74.66999816894531,571400
23-03-2026,75.94999694824219,75.94999694824219,73.80999755859375,73.91999816894531,246300
24-03-2026,73.19000244140625,74.43000030517578,72.81999969482422,73.30999755859375,219700
25-03-2026,73.9800033569336,75.08999633789062,73.5,74.06999969482422,152600
26-03-2026,73.52999877929688,74.9800033569336,73.52999877929688,74.13999938964844,196100
27-03-2026,73.94999694824219,74.6500015258789,72.5999984741211,72.81999969482422,130700
30-03-2026,73.04000091552734,74.44999694824219,73.0199966430664,73.70999908447266,185400
31-03-2026,74.2699966430664,77.36000061035156,74.2699966430664,76.9000015258789,372100
01-04-2026,77.30999755859375,78.0999984741211,75.73999786376953,75.95999908447266,455800
02-04-2026,75.0999984741211,76.2699966430664,74.20999908447266,74.20999908447266,275800
06-04-2026,73.97000122070312,78.33000183105469,73.37999725341797,77.19999694824219,524900
07-04-2026,76.83999633789062,81.11000061035156,76.0999984741211,79.47000122070312,398900
08-04-2026,81.12000274658203,82.08000183105469,78.25,79.01000213623047,716300
09-04-2026,78.83000183105469,80.79000091552734,78.4800033569336,80.13999938964844,334600
10-04-2026,80.13999938964844,80.79000091552734,77.8499984741211,78.36000061035156,581400
13-04-2026,77.94999694824219,79.5,77.61000061035156,78.30999755859375,274100
14-04-2026,78.20999908447266,78.91000366210938,77.5999984741211,78.29000091552734,205400
15-04-2026,78.29000091552734,78.45999908447266,75.87999725341797,76.4800033569336,229800
16-04-2026,76.5,78.30999755859375,76.5,78.06999969482422,263300
17-04-2026,79.11000061035156,81.19999694824219,78.79000091552734,80.91999816894531,552800
20-04-2026,81.0,82.43000030517578,80.19000244140625,81.7300033569336,347600
21-04-2026,81.69999694824219,82.23999786376953,79.37999725341797,79.94000244140625,309900
22-04-2026,80.3499984741211,81.98999786376953,79.2699966430664,80.13999938964844,218200
23-04-2026,80.13999938964844,81.58000183105469,78.04000091552734,78.05999755859375,206500
24-04-2026,77.87999725341797,79.2300033569336,76.83999633789062,78.63999938964844,204200
27-04-2026,78.13999938964844,80.18000030517578,78.13999938964844,79.5999984741211,245200
28-04-2026,80.19000244140625,81.01000213623047,78.31999969482422,78.5,221500
29-04-2026,77.69999694824219,78.58000183105469,77.13999938964844,77.97000122070312,258100
30-04-2026,77.91000366210938,79.69999694824219,77.91000366210938,79.44999694824219,222700
01-05-2026,80.11000061035156,81.04000091552734,79.0,80.38999938964844,266300
04-05-2026,80.26000213623047,83.83000183105469,80.26000213623047,82.31999969482422,332000
05-05-2026,82.4000015258789,84.91000366210938,82.26000213623047,84.62999725341797,340700
06-05-2026,85.0,86.16999816894531,84.01000213623047,84.05999755859375,269300
07-05-2026,84.18000030517578,84.77999877929688,82.83000183105469,83.91000366210938,400500
08-05-2026,87.76000213623047,87.76000213623047,79.37000274658203,81.86000061035156,1307700
11-05-2026,80.75,81.27999877929688,76.12000274658203,78.70999908447266,895800
12-05-2026,79.30999755859375,80.23999786376953,77.70999908447266,79.5,561900
13-05-2026,78.16000366210938,81.4800033569336,78.11000061035156,80.87999725341797,308800
14-05-2026,80.69999694824219,81.5999984741211,78.93000030517578,79.58000183105469,223800
15-05-2026,79.27999877929688,80.0,76.66999816894531,78.01000213623047,325000
18-05-2026,77.87999725341797,80.30000305175781,77.63999938964844,79.33999633789062,169200
19-05-2026,79.9000015258789,80.87000274658203,78.91000366210938,80.31999969482422,257500
20-05-2026,80.91000366210938,82.51000213623047,80.66999816894531,82.0,345600
21-05-2026,81.54000091552734,83.19999694824219,80.7300033569336,82.7699966430664,324100
22-05-2026,82.80000305175781,83.5199966430664,81.27999877929688,82.72000122070312,562400
26-05-2026,82.93000030517578,83.75,81.06999969482422,81.41000366210938,456100
27-05-2026,82.19999694824219,82.58000183105469,81.0199966430664,81.76000213623047,335300
28-05-2026,81.52999877929688,82.7300033569336,80.81999969482422,81.11000061035156,174100
29-05-2026,80.7300033569336,81.30000305175781,78.12999725341797,78.51000213623047,430000
01-06-2026,78.4800033569336,79.48999786376953,76.44000244140625,76.70999908447266,427900
02-06-2026,75.83000183105469,76.63999938964844,73.94999694824219,74.6500015258789,264500
03-06-2026,74.23999786376953,75.8499984741211,73.54000091552734,75.2300033569336,257500
04-06-2026,76.0,80.20999908447266,76.0,79.19999694824219,548900
05-06-2026,79.7699966430664,81.30999755859375,79.25,81.11000061035156,338200
08-06-2026,80.87999725341797,81.5,80.12000274658203,80.12999725341797,251800
09-06-2026,81.05000305175781,82.25,80.7699966430664,81.19999694824219,271900
10-06-2026,81.58000183105469,83.97000122070312,81.33000183105469,81.8499984741211,268500
11-06-2026,82.06999969482422,82.27999877929688,81.04000091552734,81.6500015258789,167600
12-06-2026,82.0999984741211,83.66000366210938,80.75,81.68000030517578,179800
15-06-2026,82.16000366210938,82.98999786376953,81.25,82.29000091552734,293900
16-06-2026,82.69000244140625,83.25,82.16999816894531,83.0,308400
17-06-2026,83.0,83.3499984741211,79.9800033569336,80.5199966430664,301600
18-06-2026,81.0,81.0,78.37999725341797,79.48999786376953,351400
22-06-2026,79.56999969482422,82.1500015258789,78.83999633789062,80.58000183105469,477400
23-06-2026,81.30999755859375,83.30999755859375,80.62000274658203,82.94000244140625,378100
24-06-2026,83.38999938964844,83.94999694824219,80.58999633789062,82.72000122070312,285100
25-06-2026,82.72000122070312,84.5,81.61000061035156,83.27999877929688,264600
26-06-2026,83.75,85.44000244140625,83.5,84.5,780600
29-06-2026,84.6500015258789,85.25,83.4800033569336,84.12000274658203,315600
30-06-2026,84.12000274658203,84.12000274658203,82.66000366210938,82.77999877929688,238700
01-07-2026,83.44999694824219,84.81999969482422,82.37000274658203,83.05000305175781,254900
02-07-2026,83.18000030517578,86.12999725341797,82.69999694824219,86.02999877929688,581000
06-07-2026,85.29000091552734,86.72000122070312,82.20999908447266,85.05000305175781,362500
07-07-2026,86.19000244140625,87.19000244140625,85.62000274658203,85.98999786376953,211200
08-07-2026,85.62000274658203,86.13999938964844,84.68000030517578,84.7699966430664,228500
09-07-2026,84.19000244140625,85.05000305175781,82.80999755859375,83.77999877929688,297500
10-07-2026,84.0199966430664,85.9000015258789,81.97000122070312,82.06999969482422,254100
13-07-2026,81.83999633789062,82.79000091552734,80.05000305175781,81.08000183105469,303400
14-07-2026,80.8499984741211,81.73999786376953,79.86000061035156,80.55000305175781,240300
15-07-2026,80.55999755859375,82.45999908447266,79.69000244140625,80.81999969482422,361300
16-07-2026,81.38999938964844,82.97000122070312,81.19999694824219,81.91999816894531,242900
17-07-2026,80.9000015258789,82.47000122070312,78.5999984741211,79.19999694824219,322500
20-07-2026,79.11000061035156,79.55000305175781,77.62000274658203,77.72000122070312,420600
21-07-2026,77.25,79.1500015258789,77.01000213623047,79.1500015258789,205400
22-07-2026,79.16999816894531,80.01000213623047,77.2699966430664,77.61000061035156,203500
23-07-2026,77.1500015258789,78.95999908447266,76.43000030517578,78.52999877929688,245700
24-07-2026,79.04000091552734,79.18000030517578,77.43000030517578,77.6500015258789,158000
27-07-2026,78.05000305175781,79.12000274658203,77.7699966430664,78.37000274658203,352400
28-07-2026,79.44000244140625,81.04000091552734,78.36000061035156,81.04000091552734,219700
29-07-2026,81.04000091552734,82.0,79.7699966430664,81.77999877929688,288300
30-07-2026,80.91999816894531,81.25,79.93000030517578,80.43000030517578,192600
31-07-2026,79.6500015258789,80.37999725341797,78.23999786376953,79.23999786376953,205200
03-08-2026,79.36000061035156,80.70999908447266,78.29000091552734,80.05999755859375,432400
04-08-2026,80.05000305175781,80.93000030517578,79.0999984741211,79.19999694824219,289500
05-08-2026,80.11000061035156,81.08999633789062,79.38999938964844,79.87999725341797,205400
06-08-2026,80.55999755859375,83.20999908447266,79.47000122070312,82.62999725341797,717000
07-08-2026,77.08999633789062,78.58999633789062,74.33000183105469,78.25,1020100
10-08-2026,77.0199966430664,78.86000061035156,74.97000122070312,75.76000213623047,515000
11-08-2026,75.95999908447266,77.0,74.0,74.52999877929688,526200
12-08-2026,73.72000122070312,75.3499984741211,73.2699966430664,75.12000274658203,466500
13-08-2026,75.4800033569336,75.75,74.0,74.7699966430664,330000
14-08-2026,74.47000122070312,76.70999908447266,73.38999938964844,76.54000091552734,236800
17-08-2026,76.05999755859375,78.33999633789062,75.76000213623047,76.0,260800
18-08-2026,76.7699966430664,77.38999938964844,76.43000030517578,76.87000274658203,286500
19-08-2026,77.79000091552734,78.93000030517578,76.93000030517578,78.0199966430664,245000
20-08-2026,77.7699966430664,78.37999725341797,76.68000030517578,77.31999969482422,316500
21-08-2026,77.33000183105469,77.80999755859375,74.80999755859375,75.3499984741211,379100
24-08-2026,75.30999755859375,75.80999755859375,74.08000183105469,74.16999816894531,327800
25-08-2026,74.23999786376953,75.83999633789062,73.55999755859375,75.6500015258789,811900
26-08-2026,75.5,76.08000183105469,73.6500015258789,74.55999755859375,411900
27-08-2026,73.73999786376953,74.5,73.23999786376953,73.51000213623047,316600
28-08-2026,73.2300033569336,73.93000030517578,72.61000061035156,72.83000183105469,361000
31-08-2026,72.80999755859375,73.52999877929688,71.7699966430664,73.25,340500
01-09-2026,73.54000091552734,74.98999786376953,71.55999755859375,71.91999816894531,580500
02-09-2026,72.52999877929688,73.44000244140625,72.41000366210938,73.05999755859375,287600
03-09-2026,74.08999633789062,74.18000030517578,71.87000274658203,71.98999786376953,337800
04-09-2026,71.3499984741211,72.05999755859375,71.12000274658203,71.2300033569336,219200
08-09-2026,70.56999969482422,71.83999633789062,70.16000366210938,70.2300033569336,253700
09-09-2026,70.2300033569336,70.93000030517578,69.95999908447266,70.69999694824219,298300
10-09-2026,70.5199966430664,71.4800033569336,70.06999969482422,71.45999908447266,228900
11-09-2026,71.52999877929688,71.91999816894531,69.58000183105469,70.19000244140625,371400
14-09-2026,70.79000091552734,71.87000274658203,70.1500015258789,70.4000015258789,357700
15-09-2026,70.88999938964844,72.23999786376953,70.0,72.11000061035156,462900
16-09-2026,72.20999908447266,73.86000061035156,72.20999908447266,73.58999633789062,431600
17-09-2026,73.68000030517578,75.66999816894531,73.54000091552734,75.38999938964844,586000
18-09-2026,75.87999725341797,77.41000366210938,74.20999908447266,76.13999938964844,1160400
21-09-2026,75.5,79.43000030517578,75.0,78.8499984741211,579300
22-09-2026,78.48999786376953,79.31999969482422,76.58000183105469,77.91000366210938,469600
23-09-2026,77.0,78.86000061035156,74.20999908447266,74.43000030517578,433600
24-09-2026,74.0,75.5,73.69000244140625,74.04000091552734,368800
25-09-2026,74.0,74.97000122070312,73.30000305175781,74.0,278700
28-09-2026,73.72000122070312,74.91999816894531,73.05000305175781,74.83000183105469,421700
29-09-2026,74.13999938964844,74.77999877929688,72.47000122070312,72.62000274658203,328700
