Date,Open,High,Low,Close,Volume
30-09-2021,6.625247525887971,6.665015070064934,6.52980587496495,6.561619758605957,736400
01-10-2021,6.625246918508562,6.784316322130673,6.5377589361420885,6.75250244140625,811700
04-10-2021,6.839991108604183,6.903618869367713,6.792269908780165,6.832037448883057,974800
05-10-2021,6.943385145112529,6.943385145112529,6.752501876728601,6.887711048126221,858300
06-10-2021,6.744548171896137,6.760455490071709,6.4343630524992665,6.585478782653809,886700
07-10-2021,6.5854791801738655,6.760455898153906,6.537758739771952,6.712734699249268,1030400
08-10-2021,6.720688488295509,6.887711549925461,6.720688488295509,6.832037448883057,523200
11-10-2021,6.967246851391173,7.070642155541136,6.855897887267499,6.863851547241211,531000
12-10-2021,6.863851320245939,7.038828041367102,6.83999109961665,6.879757881164551,613900
13-10-2021,6.808176918347027,6.943385334938441,6.696827962827547,6.935432434082031,627300
14-10-2021,7.038827730242398,7.038827730242398,6.927478774722917,6.935432434082031,580000
15-10-2021,7.078593566791306,7.078593566791306,6.8718037605285645,6.8718037605285645,744600
18-10-2021,6.919526699486984,6.935434021846958,6.736597043364557,6.784317493438721,696200
19-10-2021,6.824084527441231,6.8320381880228425,6.672968768904725,6.800224304199219,711500
20-10-2021,6.760456621217594,6.999061124255246,6.7127354172089415,6.99110746383667,632300
21-10-2021,6.9354334378907545,7.030875088505875,6.800224243226963,6.911572456359863,718200
22-10-2021,6.935432986361618,6.9433858878513295,6.704782156099155,6.855897903442383,760600
25-10-2021,6.919525650051666,6.975200511364885,6.847944227293787,6.863851547241211,391200
26-10-2021,6.871806196782022,6.967247854702246,6.800224763716136,6.808178424835205,654600
27-10-2021,6.720687436550255,6.8081761627857285,6.545710742581926,6.601385593414307,669500
28-10-2021,6.617292371139357,6.696827441533928,6.577525594444717,6.680920124053955,607000
29-10-2021,6.728641665014822,6.784315762060775,6.474130640230254,6.51389741897583,658300
01-11-2021,6.521850947122059,6.744548089335254,6.521850947122059,6.672967433929443,574200
02-11-2021,6.752502001998314,6.768409320576756,6.625246487381569,6.688874244689941,558700
03-11-2021,6.505944632054044,6.760455661287535,6.410502996091485,6.688874244689941,599200
04-11-2021,6.800222939054745,6.919524789817786,6.688873988773949,6.7206878662109375,801300
05-11-2021,6.863851016855415,6.959292653656668,6.800223258987914,6.935432434082031,901500
08-11-2021,6.947565373017596,7.0688845973662495,6.931389065062406,7.004180908203125,431500
09-11-2021,7.004180908203125,7.01226906218072,6.866685375899283,7.004180908203125,424200
10-11-2021,6.9556526633607785,6.996091885570064,6.753453466999462,6.769629001617432,494000
11-11-2021,6.769628788809188,6.834332467904503,6.745365101980618,6.753453254699707,363200
12-11-2021,6.72918843972054,6.745364744300953,6.599781088391861,6.648309230804443,518100
15-11-2021,6.688750264257844,6.696837646480888,6.559342121415045,6.632133960723877,1014900
16-11-2021,6.6563965593048815,6.6968365491085375,6.543165513449024,6.599781036376953,831400
17-11-2021,6.502725681696843,6.632133035150922,6.397582014183236,6.446109771728516,833000
18-11-2021,6.446111076479206,6.486551461115605,6.268175929464178,6.413759231567383,761300
19-11-2021,6.243911008174598,6.26817508140785,6.090239958466655,6.138767719268799,963000
22-11-2021,6.122592092897164,6.446110513774273,6.122592092897164,6.332879066467285,763800
23-11-2021,6.4865516194921975,6.632134539485564,6.397583465315805,6.535079002380371,833900
24-11-2021,6.462287032525574,6.543167030889953,6.438023341547792,6.502727031707764,534900
26-11-2021,6.106416090743391,6.276263452280025,6.009360180105047,6.251999378204346,726500
29-11-2021,6.373318667648804,6.405670507735196,6.195383161509296,6.235823154449463,720800
30-11-2021,6.082151535813774,6.163031133564421,5.920392340312481,5.977007865905762,1832800
01-12-2021,6.187295014096836,6.203470933145986,5.847600328400365,5.855688095092773,914600
02-12-2021,5.863776557439722,6.017447989362692,5.774808805133929,6.009359836578369,859900
03-12-2021,6.122591883862168,6.179207412750529,5.985096366851522,6.082151889801025,765100
06-12-2021,6.10641622543335,6.211559520308788,6.04171215502581,6.10641622543335,1087200
07-12-2021,6.195383503518397,6.251999419627177,6.114503898837552,6.243911266326904,906500
08-12-2021,6.251998985057312,6.292438977418981,6.10641570675113,6.154943466186523,765000
09-12-2021,6.065975584552265,6.146855181880094,5.968920067758871,6.122591495513916,899000
10-12-2021,6.179207188405633,6.179207188405633,5.912304317152604,6.009359836578369,707200
13-12-2021,5.896129257461201,6.009360713311108,5.807161492175499,5.928481101989746,1097500
14-12-2021,5.879952692092218,5.977008215062655,5.7101053340617725,5.766721248626709,3172100
15-12-2021,5.790984850471473,6.082151800719822,5.766721162921654,6.041711807250977,1919400
16-12-2021,6.114503374914032,6.243910731315067,5.977007865905762,5.977007865905762,990000
17-12-2021,5.968920058343154,6.03362373610335,5.831424550270569,5.985095977783203,2358700
20-12-2021,5.839513301849365,5.896129222268596,5.653490004088358,5.839513301849365,1645000
21-12-2021,5.968920189072822,6.074063860568138,5.920392429689834,6.0174479484558105,794100
22-12-2021,6.001272544893529,6.138768067804928,5.928480706725286,6.10641622543335,587200
23-12-2021,6.146855530183823,6.171119603589235,6.065975928273055,6.090240001678467,422800
27-12-2021,6.041711251367179,6.1064153120969324,5.952743890984376,6.098327159881592,621100
28-12-2021,6.1064153120969324,6.227734510012451,6.090239393330576,6.098327159881592,740900
29-12-2021,6.098327720974488,6.114503641229153,6.017448119701157,6.041711807250977,432000
30-12-2021,6.041712029724868,6.122592019640802,5.936568737030029,5.936568737030029,716700
31-12-2021,5.928480792484992,6.074064470927449,5.904217103187508,6.049800395965576,573000
03-01-2022,6.12259163288578,6.316702670827816,6.106415713057277,6.292438983917236,1198900
04-01-2022,6.389495198101407,6.4946384955946845,6.357143354924338,6.405671119689941,1106000
05-01-2022,6.5189022951196085,6.5836059749094415,6.413758236964602,6.421846389770508,1097800
06-01-2022,6.559341046573296,6.599781036376953,6.454197767279576,6.599781036376953,700000
07-01-2022,6.6321337490647885,6.672573744204505,6.526990070233024,6.615958213806152,755700
10-01-2022,6.632132873954148,6.704924701334998,6.543165513449024,6.599781036376953,1068000
11-01-2022,6.67257281504495,6.907123828599445,6.599780988195514,6.890948295593262,1107000
12-01-2022,6.90712433924437,6.90712433924437,6.777716980313215,6.826244354248047,668400
13-01-2022,6.83433250701342,6.947564331742531,6.801980667280631,6.826244354248047,786200
14-01-2022,6.818157197547069,6.979916401542815,6.818157197547069,6.955652713775635,1041000
18-01-2022,7.044620964282784,7.109324653974223,6.874773586010546,6.915213584899902,1074800
19-01-2022,6.947564331742531,6.947564331742531,6.777716980313215,6.826244354248047,588900
20-01-2022,6.769629573162092,6.88286141036268,6.664485889617716,6.672574043273926,697900
21-01-2022,6.648309162774181,6.713012837776426,6.46228551864624,6.46228551864624,1069000
24-01-2022,6.2843513748434185,6.607870185066127,6.22773545771352,6.591693878173828,1798300
25-01-2022,6.551254318121906,6.979916401542815,6.543166165089937,6.955652713775635,1209000
26-01-2022,7.052707482298319,7.133586689986526,6.785804631402813,6.890948295593262,828100
27-01-2022,6.963739201853643,7.0769710157845,6.696836356678917,6.801980018615723,623000
28-01-2022,6.761540069899666,6.899035569295939,6.599780885706589,6.793891906738281,522500
31-01-2022,6.737276987815053,6.890948805042326,6.65639700281873,6.826244354248047,841900
01-02-2022,6.785805437234284,6.963740178075724,6.75345359605141,6.939476490020752,1488800
02-02-2022,6.963740614676567,6.971828768311567,6.8424213954667055,6.947565078735352,1041400
03-02-2022,6.907125145034336,6.939476988541314,6.713014083992474,6.721102237701416,879900
04-02-2022,6.801980759794361,6.850508905717927,6.672573399103137,6.7858052253723145,1058600
07-02-2022,6.724078470090152,6.798150450833092,6.691157676970359,6.732308864593506,756800
08-02-2022,6.691157774035591,6.732308962255697,6.600625787866263,6.658236980438232,671500
09-02-2022,6.650007352320307,6.740539348924693,6.625316950499787,6.666468143463135,547000
10-02-2022,6.584165717823876,6.798151292027645,6.575935322302104,6.633547306060791,647700
11-02-2022,6.699389324013604,7.012137309570844,6.674698135887197,6.995676517486572,642600
14-02-2022,6.995674606091289,6.995674606091289,6.781689076824632,6.8557610511779785,951800
15-02-2022,6.72407925342225,6.847532045779896,6.641776868588012,6.822841644287109,662300
16-02-2022,6.888682117593908,7.209660424360455,6.880451723470606,7.053286075592041,990500
17-02-2022,7.053286455274579,7.127358436584473,6.913372887221141,7.127358436584473,698000
18-02-2022,7.069747800481168,7.102668596442339,6.8722230247141445,6.970985412597656,951900
22-02-2022,7.1932012685624205,7.1932012685624205,6.76523088064228,6.789921283721924,993300
23-02-2022,6.896913858275156,7.00390664808668,6.732309868139634,6.938065052032471,944200
24-02-2022,6.913372979854114,6.929833769207373,6.526553456329353,6.691157817840576,1130900
25-02-2022,6.691158092306747,6.872222858151549,6.559474519206844,6.839302062988281,968400
28-02-2022,6.7899195772767404,6.872221946716309,6.658236414088283,6.872221946716309,1837600
01-03-2022,6.93806413365868,7.086207312724448,6.666467389662199,6.880452156066895,2088200
02-03-2022,6.954524581059529,7.217891732085723,6.946294185894467,7.160279750823975,1327300
03-03-2022,7.061516747642648,7.366034278147795,7.036826349194559,7.341343879699707,1203600
04-03-2022,7.291962208694489,7.316653391734103,7.053286266900133,7.2755022048950195,915900
07-03-2022,7.38249626243822,7.711704244697802,7.308424270206379,7.538869857788086,1503900
08-03-2022,7.711701830650492,7.942147346094246,7.514177103127273,7.629400253295898,1292200
09-03-2022,7.440106206867081,7.571789377536542,7.324883040084497,7.448336601257324,1629600
10-03-2022,7.514178679759836,7.785775433314341,7.440106695173397,7.761085033416748,883500
11-03-2022,7.645859429285938,7.719931390332969,7.555327468502574,7.588248252868652,836600
14-03-2022,7.489487591257368,7.489487591257368,7.127358096550808,7.226120471954346,1253200
15-03-2022,6.9792144571940895,7.102668020711803,6.85576167857,6.9051432609558105,926700
16-03-2022,6.946293611530881,7.045056775557892,6.85576162688201,7.012135982513428,1470600
17-03-2022,7.119128118681457,7.341344065004101,7.094437719610152,7.333113670349121,898500
18-03-2022,7.300193265499143,7.324883665885688,6.995675711086163,7.04505729675293,5106900
21-03-2022,7.217891816862572,7.440106994673459,7.217891816862572,7.316654205322266,1009700
22-03-2022,7.324884479931247,7.448338065371248,7.226122082515504,7.308424472808838,1332600
23-03-2022,7.423645757715269,7.52240812979367,7.333112994639896,7.390724182128906,1162300
24-03-2022,7.440106725570272,7.571789905420314,7.415416325571806,7.481257915496826,1278600
25-03-2022,7.489486946152828,7.794004440307617,7.423645368221713,7.794004440307617,2109400
28-03-2022,7.654090871355966,7.7117020556746,7.431874957738059,7.514177322387695,1382400
29-03-2022,7.382494400108064,7.703471905616974,7.30019203285814,7.678781509399414,1175600
30-03-2022,7.728166188211476,7.901000600883741,7.596482190785197,7.62117338180542,786500
31-03-2022,7.522408696759322,7.719933455803608,7.481257509068357,7.596479892730713,1495200
01-04-2022,7.596479610847287,7.876306734889927,7.596479610847287,7.818695545196533,1539400
04-04-2022,7.900998238400837,7.925688637144509,7.629401497539586,7.909227848052978,1366500
05-04-2022,7.933920221393325,8.040913011851124,7.53063946200816,7.538869857788086,1251200
06-04-2022,7.629402200588946,7.670552607322532,7.489488619992403,7.571790218353271,968600
07-04-2022,7.612942108192001,7.728165298337204,7.481258910822493,7.687014102935791,901700
08-04-2022,7.728165232767421,7.818697233967394,7.662323634641302,7.703474044799805,1178400
11-04-2022,7.719934792094935,7.719934792094935,7.481258804045779,7.497718811035156,1114700
12-04-2022,7.670552810970765,7.835157581850047,7.670552810970765,7.73639440536499,1167400
13-04-2022,7.843386139508692,7.925688513899284,7.728163757234198,7.900998115539551,848700
14-04-2022,7.884537844920338,8.007990629726628,7.826926649996558,7.933919429779053,578200
18-04-2022,8.024450117851082,8.131442880276321,7.933918142672897,8.03268051147461,919900
19-04-2022,7.966838932273467,8.073831694698706,7.92568774904937,8.03268051147461,1118800
20-04-2022,8.082062076767583,8.15613405667989,7.876306925852779,8.040911674499512,810800
21-04-2022,8.123212875121306,8.123212875121306,7.777544175337968,7.826925754547119,985000
22-04-2022,7.818697233967394,7.942150034230427,7.695244433704361,7.703474044799805,1018300
25-04-2022,7.497719693144616,7.588252489365561,7.094439663286853,7.349576473236084,1656600
26-04-2022,7.349573794714524,7.481256957705773,7.143818656317308,7.201429843902588,1172800
27-04-2022,7.242581305799493,7.3495740760488495,7.127358141324741,7.2590413093566895,818600
28-04-2022,7.349574467852599,7.50594804200337,7.135588915946376,7.423646450042725,702200
29-04-2022,7.382495028486247,7.489487801060669,7.143819085018262,7.168509483337402,779500
02-05-2022,7.143819040287776,7.3248830066859,6.979214292807871,7.135588645935059,1174200
03-05-2022,7.1438188848981925,7.333113241531575,7.1108980930970125,7.226120471954346,639800
04-05-2022,7.374264848270319,7.50594802298867,7.176740086192794,7.473027229309082,677900
05-05-2022,7.547101289710027,7.571791695545808,7.152050871868291,7.349576473236084,990300
06-05-2022,7.423646254384823,7.464796656833767,7.250811895460971,7.341343879699707,711600
09-05-2022,7.228401746167433,7.228401746167433,6.860288262103203,6.8937530517578125,1035100
10-05-2022,6.9857796797406,7.303694685049205,6.810089388457803,7.169835567474365,905300
11-05-2022,7.303695137553389,7.512850221188205,7.18656880135042,7.245131969451904,969500
12-05-2022,7.18656929662069,7.387357999260488,7.10290693825575,7.378991603851318,895800
13-05-2022,7.420821017292753,7.621609672156063,7.420821017292753,7.537948131561279,918300
16-05-2022,7.521216738285273,7.7471046152572915,7.496118351242829,7.613245487213135,951300
17-05-2022,7.713640023409713,7.914428720425969,7.6801752405736705,7.705273628234863,1193400
18-05-2022,7.797300809209746,7.85586477176931,7.588145737736409,7.713639259338379,1090500
19-05-2022,7.537949465832975,7.755470946036035,7.529583070933627,7.638343811035156,793200
20-05-2022,7.705273851145818,7.797301807141433,7.571414715929148,7.722005844116211,723400
23-05-2022,7.822400921650327,7.855865705147578,7.67180899698101,7.788936138153076,684900
24-05-2022,7.747106197226021,7.939528533616542,7.671810222859817,7.914430141448975,687300
25-05-2022,7.947893803746521,8.073386544660321,7.922795415136439,8.039921760559082,677700
26-05-2022,8.148681293276503,8.223977245742503,8.081751735054118,8.182146072387695,573600
27-05-2022,8.215612863989683,8.3494720132245,8.173782478251402,8.341106414794922,489700
31-05-2022,8.366203721003378,8.684119558145111,8.257442976886733,8.391302108764648,1705400
01-06-2022,8.516796764108324,8.625557522537889,8.307641643558423,8.608824729919434,795100
02-06-2022,8.583725740208159,8.73431687395439,8.458232197912322,8.575359344482422,757600
03-06-2022,8.516796334031827,8.625557086969252,8.42476757500447,8.533528327941895,779800
06-06-2022,8.53352766408775,8.558626051932068,8.374570143922583,8.441499710083008,728000
07-06-2022,8.382937029970911,8.633922518835766,8.332739453479894,8.575359344482422,928700
08-06-2022,8.575358294596596,8.60045668083759,8.399667995183012,8.466597557067871,694200
09-06-2022,8.38293606704146,8.466597621098588,8.30764010988572,8.31600570678711,558900
10-06-2022,8.223978078629095,8.257442861129446,7.931160633353505,8.065020561218262,1165300
13-06-2022,7.839134018611005,7.939528383243326,7.496119739984702,7.56304931640625,893600
14-06-2022,7.680176171211031,7.696908165724855,7.362260296813821,7.437556266784668,1068800
15-06-2022,7.479386462137524,7.521217644155386,7.220034569780957,7.429189682006836,1078500
16-06-2022,7.253498596910806,7.27859698435018,6.9104843764070605,6.969047546386719,1000700
17-06-2022,6.994146109501278,7.035977288193164,6.63439948869147,6.718061447143555,1850500
21-06-2022,6.868654793699509,7.119641119963506,6.810091610121206,6.977415561676025,846300
22-06-2022,6.718062774046523,6.97741549487098,6.676231986024209,6.868654727935791,833700
23-06-2022,6.885386276348224,6.910485465606973,6.534006004292253,6.634400367736816,836300
24-06-2022,6.692963600158691,6.801724354404882,6.609301634943051,6.692963600158691,1308700
27-06-2022,6.818457209301295,7.002513954943364,6.743162029499279,6.977415561676025,1020500
28-06-2022,7.119640062481508,7.194936028963332,7.0276113043977615,7.128006458282471,835000
29-06-2022,7.22839991430344,7.236765511199393,6.943948875394765,7.061075210571289,820800
30-06-2022,6.902118583917107,7.027611329933869,6.81845622133032,6.918851375579834,1666400
01-07-2022,6.943948715494972,7.061075047974402,6.676230073337994,7.01924467086792,1049400
05-07-2022,6.810091469496345,6.877021048736211,6.425245591003591,6.600935935974121,1381100
06-07-2022,6.492174778214372,6.61766752453409,6.157526523854465,6.4252448081970215,954400
07-07-2022,6.508907416696287,6.835189287521736,6.508907416696287,6.776626110076904,883900
08-07-2022,6.885385453091764,6.90211824393026,6.726427929442955,6.826822280883789,741900
11-07-2022,6.7515268993145146,6.81009087442971,6.626034148671217,6.726428508758545,620200
12-07-2022,6.567469911614297,6.718061436591516,6.542371523583936,6.609301090240479,812200
13-07-2022,6.534005373491803,6.751526473288617,6.534005373491803,6.6762309074401855,500400
14-07-2022,6.433610517452956,6.525638867340289,6.333216171538593,6.517272472381592,546300
15-07-2022,6.692963711119467,6.692963711119467,6.50890738459364,6.592569351196289,915100
18-07-2022,6.768259021146491,6.893751759358777,6.701329454384823,6.718061447143555,582100
19-07-2022,6.743161093442872,6.893752230006031,6.7264283016783954,6.843555450439453,617700
20-07-2022,6.759892649551493,6.860287000046214,6.7096958732358205,6.8519206047058105,614500
21-07-2022,6.634398870799831,6.634398870799831,6.441976184815389,6.575835704803467,650100
22-07-2022,6.6343995293618905,6.726427883689182,6.492174398587316,6.559103965759277,703800
25-07-2022,6.65113312729601,6.902119448637345,6.567471153159485,6.8937530517578125,906600
26-07-2022,6.9355834115537975,7.035977768550379,6.810090664773926,6.843555450439453,547600
27-07-2022,6.860288393104223,7.119641116277575,6.810091606595533,7.111274719238281,800500
28-07-2022,7.211669090119197,7.236767483373542,6.969049161024432,7.111274719238281,433300
29-07-2022,7.236765511199393,7.278596687132431,7.061075210571289,7.061075210571289,1152400
01-08-2022,6.89375228691003,6.977414650696146,6.768259539094288,6.902118682861328,696100
02-08-2022,6.927216334287063,7.061075463782335,6.8519203744801365,7.0443434715271,772000
03-08-2022,7.17820385743444,7.17820385743444,6.6762316350345285,6.768260002136231,1227000
04-08-2022,6.692962428804172,6.751525594739954,6.324849447348145,6.36668062210083,1506500
05-08-2022,6.324850168524835,6.634399620409106,6.3081177765022165,6.433610916137695,1093200
08-08-2022,6.463455174558113,6.531670995936293,6.352604261519385,6.395239353179932,1091400
09-08-2022,6.471983432769775,6.523145307319135,6.36965927707262,6.471983432769775,810300
10-08-2022,6.514618124928357,6.557253223685375,6.412294375829638,6.471983432769775,785000
11-08-2022,6.58283293329783,6.727791758596339,6.58283293329783,6.719264984130859,761900
12-08-2022,6.6681026735524265,6.787480354309082,6.608413629874926,6.787480354309082,638500
15-08-2022,6.557252056053581,6.608413921492689,6.429347189156632,6.574306011199951,589800
16-08-2022,6.6254688208971135,6.676630693627782,6.480509978194342,6.506091117858887,543400
17-08-2022,6.446400993056641,6.540197947460176,6.446400993056641,6.489036083221436,527500
18-08-2022,6.565778856452137,6.651049039121627,6.548724901237912,6.642521858215332,457700
19-08-2022,6.608413309939527,6.608413309939527,6.497562408447266,6.497562408447266,569100
22-08-2022,6.471981681394175,6.548724269151773,6.395238687038252,6.497562408447266,753700
23-08-2022,6.59988639095148,6.736318431492485,6.574305662886401,6.65104866027832,732200
24-08-2022,6.633995452917279,6.7789538770021895,6.599887133993221,6.753373146057129,673800
25-08-2022,6.7789538770021895,6.821588970708472,6.685157321405787,6.753373146057129,857000
26-08-2022,6.693683723858007,6.761899544714908,6.616941128693177,6.642521858215332,962900
29-08-2022,6.591359992572657,6.761899544714908,6.557252082144206,6.642521858215332,728000
30-08-2022,6.557252232528141,6.557252232528141,6.335550403060343,6.403766632080078,1023600
31-08-2022,6.3014421463012695,6.412293054956503,6.130902599599641,6.3014421463012695,1301500
01-09-2022,6.250281937771626,6.301443815333105,6.105323081381541,6.139430999755859,1006800
02-09-2022,6.327023479968502,6.378185345583001,6.216172567837905,6.25880765914917,579900
06-09-2022,6.284388489450338,6.378185447880478,6.156483620063487,6.207645893096924,1044100
07-09-2022,6.105322491537928,6.258808515992326,6.045633843448702,6.25028133392334,700500
08-09-2022,6.224699595622108,6.250280324500931,6.088267550741084,6.113848686218262,1113600
09-09-2022,6.2332262315032,6.369657866760703,6.207645503191591,6.352603912353516,810700
12-09-2022,6.429348334012758,6.5657799994777175,6.412294375829638,6.471983432769775,853900
13-09-2022,6.369659036700212,6.437875273456846,6.233227376383787,6.25028133392334,941800
14-09-2022,6.258806868204999,6.403765672426384,6.250279688381006,6.344076633453369,754400
15-09-2022,6.233226623015272,6.284388489450338,6.182064756580205,6.207645893096924,714400
16-09-2022,6.173537580654533,6.182064761699958,6.020051981222223,6.088267803192139,1920400
19-09-2022,5.960362686551904,6.122375460311751,5.934781957673081,6.113848686218262,783900
20-09-2022,6.054160095346453,6.054160095346453,5.926255221561998,5.985944271087647,864700
21-09-2022,6.122375664799829,6.14795680113142,5.8836202898307,5.892147064208984,659100
22-09-2022,5.9688905222672926,6.037106348894604,5.875093557355541,5.883620738983154,726500
23-09-2022,5.678972572196679,5.687499753403403,5.465797921209136,5.593702793121338,1401000
26-09-2022,5.534013542132455,5.636337679880025,5.354947215920527,5.3720011711120605,959000
27-09-2022,5.457271682343274,5.525487512300321,5.363474712853123,5.406109809875488,781900
28-09-2022,5.516960276430233,5.687500256257397,5.440217671776503,5.661919116973877,754300
29-09-2022,5.585175412829608,5.585175412829608,5.423162646856716,5.516959190368652,884800
30-09-2022,5.499904952709215,5.636336983995412,5.44874309345126,5.4743242263793945,1301300
03-10-2022,5.696026910647047,5.900674800773636,5.687500135465909,5.832458972930908,1227100
04-10-2022,5.926254653213962,6.062686695245661,5.883619970440212,6.037105560302734,890400
05-10-2022,6.028579037678102,6.11384881337827,5.934782081108736,6.071213722229004,822900
06-10-2022,6.037106532292826,6.182065371578694,6.0200525751179255,6.105322360992432,790700
07-10-2022,6.088268232782887,6.139430102870326,5.9859444926080085,6.011525630950928,1194800
10-10-2022,6.011525724317272,6.07974155216,5.832458972930908,5.832458972930908,653300
11-10-2022,5.755715370178223,5.900674192705116,5.687499549365182,5.755715370178223,707300
12-10-2022,5.678972619282696,5.747188443108567,5.602230020777784,5.7301344871521,539300
13-10-2022,5.653391567597195,5.96036275738105,5.644864386804019,5.934782028198242,650100
14-10-2022,5.866566541402223,5.909201227994201,5.713080531195632,5.7301344871521,679400
17-10-2022,5.8580391514429575,6.011525156181893,5.8580391514429575,5.951836109161377,598400
18-10-2022,5.9944710028154375,6.130902641100258,5.960362686645878,6.054159641265869,528900
19-10-2022,6.071213845161277,6.16501080362988,6.011525204261742,6.147956848144531,689200
20-10-2022,6.241753651614683,6.258807606676539,6.011525054980448,6.062686920166016,675600
21-10-2022,6.105322729271002,6.199119702690083,6.011526162450357,6.156484603881836,667100
24-10-2022,6.18206490451433,6.29291582107544,6.122375855612567,6.29291582107544,752700
25-10-2022,6.233226397456241,6.301442216901167,6.130902668288853,6.241753578186035,708400
26-10-2022,6.335549675535591,6.471981711309905,6.233225953653602,6.309968948364258,1214800
27-10-2022,6.429347239674853,6.5487249266374405,6.250280505931788,6.267334461212158,777500
28-10-2022,6.309969524763669,6.369658164681402,6.173537476526641,6.25880765914917,718000
31-10-2022,6.267334580638981,6.480509229004922,6.216172713822961,6.403766632080078,1130200
01-11-2022,6.497563236901033,6.548725104128793,6.378185546702929,6.480509281158447,1206300
02-11-2022,6.489035437674753,6.582831976148802,6.335549453629375,6.344076633453369,830600
03-11-2022,6.369657652884797,6.838642399831088,6.31849579138111,6.821588039398193,925100
04-11-2022,6.966548082787159,7.060344642172226,6.83864360969872,7.043291091918945,872300
07-11-2022,7.134423426733541,7.507634782837446,7.117064335519531,7.394804000854492,1293400
08-11-2022,7.438199981197257,7.629145843548381,7.420841717925527,7.551031589508057,925600
09-11-2022,7.446880566920936,7.472918379329154,7.22121731877736,7.238576412200928,679100
10-11-2022,7.386124389334337,7.481596906978319,7.273292780631257,7.46423864364624,697100
11-11-2022,7.646506146515048,7.750658225834534,7.542353239468413,7.629147052764893,639500
14-11-2022,7.551032424555504,7.724619215104356,7.524994612904953,7.577070236206055,587300
15-11-2022,7.655185541774841,7.741979362737018,7.551033453256563,7.663865089416504,653100
16-11-2022,7.577068928584618,7.655183177782721,7.39480345075833,7.438199520111084,605500
17-11-2022,7.281971858146639,7.325367927551269,7.177819801666987,7.325367927551269,663300
18-11-2022,7.2385761824735795,7.368766068110025,7.108385469110027,7.316690444946289,602300
21-11-2022,7.143101225949272,7.316688804856403,7.021590913986586,7.281971454620361,774700
22-11-2022,7.403483398295021,7.542352829845715,7.351407775327061,7.429522037506103,578400
23-11-2022,7.308010461155587,7.37744517303659,7.247255295191473,7.334048271179199,640400
25-11-2022,7.342729288560964,7.429523109669015,7.308011925663188,7.37744665145874,374200
28-11-2022,7.203857743531794,7.281971994283626,7.091026139971034,7.2125372886657715,756800
29-11-2022,7.299330799204565,7.420841956928242,7.255933898037034,7.360085964202881,736000
30-11-2022,7.498956290675126,7.559711456298828,7.273293064462731,7.559711456298828,1528900
01-12-2022,7.611788422042934,7.741978308022795,7.577070236206055,7.577070236206055,789400
02-12-2022,7.507634610616255,7.74197737026752,7.472917256711661,7.733297824859619,766600
05-12-2022,7.811410901497483,7.89820468704932,7.6378241581206945,7.69857931137085,1072100
06-12-2022,7.637826137805713,7.715940399503801,7.3687659950375295,7.386125087738037,748100
07-12-2022,7.386124187333911,7.48159670236685,7.247254773567092,7.290650844573975,637200
08-12-2022,7.420841617483073,7.507634588120994,7.203857949297761,7.247254848480225,683600
09-12-2022,7.26461384381335,7.342728104670551,7.047630153755387,7.056309700012207,807300
12-12-2022,7.021591824061844,7.290651116332472,7.012912278446138,7.25593376159668,913800
13-12-2022,7.342729288560964,7.481598740152067,7.273294562765413,7.37744665145874,3171500
14-12-2022,7.3514066999014815,7.4295209506533135,7.203857743531794,7.2125372886657715,923500
15-12-2022,7.13442325592041,7.212537509059178,7.047629457382444,7.13442325592041,710500
16-12-2022,6.952157264093332,7.099706231825179,6.9087603628086045,7.004232883453369,2556200
19-12-2022,7.038951518331092,7.108386241916249,6.934799432953356,7.012913703918457,732600
20-12-2022,7.030271180294912,7.290650919935682,7.021591634913018,7.247254848480225,730000
21-12-2022,7.360085270912981,7.464238154995096,7.281971849441843,7.438199520111084,708100
22-12-2022,7.498956781473578,7.507635500182796,7.160461920000869,7.316690444946289,565500
23-12-2022,7.394803197005212,7.507633966722938,7.334047212087662,7.498955249786377,531900
27-12-2022,7.577070236206055,7.603108875583714,7.455559896685412,7.577070236206055,630200
28-12-2022,7.594428556018686,7.594428556018686,7.386124428565231,7.481596946716309,821000
29-12-2022,7.490276396124737,7.837449937423155,7.481596850660523,7.776694774627685,970700
30-12-2022,7.733297914591505,7.846129523022408,7.681222296993869,7.794053077697754,1324400
03-01-2023,7.759335648183544,7.802732547578965,7.507634624962513,7.620466232299805,847100
04-01-2023,7.498955804544596,7.811411986002996,7.472917168627814,7.672542572021484,830100
05-01-2023,7.672542777411195,7.715939677373878,7.603108068561711,7.7072601318359375,791600
06-01-2023,7.846127625903222,8.080470331611798,7.802730736580135,8.01971435546875,852800
09-01-2023,8.149906698590675,8.201982314300679,8.07179244729868,8.080471992492676,880500
10-01-2023,8.149907316255877,8.228020745740945,8.028396157511798,8.184624671936035,794000
11-01-2023,8.219342027616193,8.236700291592747,8.106510414723918,8.184624671936035,518500
12-01-2023,8.228022808168774,8.332175729043163,8.193305443786397,8.306137084960938,704200
13-01-2023,8.254056498864301,8.306132100322866,8.141224925401728,8.271414756774902,626800
17-01-2023,8.297453385230945,8.401605415874837,8.228017870408257,8.271414756774902,824000
18-01-2023,8.297455815561108,8.375569240628428,8.05443351181721,8.071792602539062,789600
19-01-2023,7.967640541388965,8.14122730997246,7.941601905306188,8.071792602539062,572900
20-01-2023,8.115188908178022,8.158584976355222,7.976318675739372,8.097829818725586,733300
23-01-2023,8.097831769483877,8.184625582200693,8.089152222666767,8.141228675842285,423600
24-01-2023,8.21066017185424,8.21066017185424,7.993676552965625,8.01971435546875,458700
25-01-2023,7.958962331318684,8.158586941749363,7.880848065418977,8.141228675842285,478300
26-01-2023,8.210662638324568,8.228020902632107,8.080472758973288,8.175945281982422,481100
27-01-2023,8.219342833936025,8.349532723576521,8.184625474850085,8.323494911193848,551000
30-01-2023,8.262739895493167,8.375570693854195,8.210663442018953,8.314815521240234,516200
31-01-2023,8.332173241966618,8.627270337269447,8.28009679707376,8.601232528686523,1047900
01-02-2023,8.56651391766796,8.696704596933198,8.349530279952782,8.618590354919434,1049000
02-02-2023,8.549158096313477,8.609913267335779,8.427646926541744,8.549158096313477,1035200
03-02-2023,8.549157249871373,8.688026671445694,8.4623634475239,8.49708080291748,881500
06-02-2023,8.461824239924177,8.54115313291158,8.29435017109074,8.36486530303955,566000
07-02-2023,8.37367963400976,8.532339096069336,8.356050431289072,8.532339096069336,684300
08-02-2023,8.453008651733398,8.549966736695424,8.408936489257357,8.453008651733398,586100
09-02-2023,8.43537934018039,8.479451502080044,8.073989125695043,8.082803726196289,675300
10-02-2023,8.15331866625047,8.400121590507677,8.15331866625047,8.391307830810547,727400
13-02-2023,8.364862652400912,8.470635316807128,8.294347542796768,8.417749404907227,537600
14-02-2023,8.311978707617827,8.541152447764455,8.259091942595306,8.470637321472168,815000
15-02-2023,8.373678916269872,8.514709163520521,8.285534591434924,8.49708080291748,708100
16-02-2023,8.408937725205513,8.54996799337225,8.382494760075925,8.514710426330566,734200
17-02-2023,8.470635316807128,8.470635316807128,8.285532943944647,8.417749404907227,1648400
21-02-2023,8.30316368413998,8.435379329058044,8.038731553697282,8.126875877380371,1308200
22-02-2023,8.223832817217543,8.832026716711882,8.223832817217543,8.62048053741455,1463700
23-02-2023,8.920173205846812,9.20223375287541,8.85847267133599,9.175790786743164,1749500
24-02-2023,9.175789061976513,9.678209527083268,9.096459337884587,9.642951965332031,1967900
27-02-2023,9.678209890698804,9.678209890698804,9.466664512243517,9.519551277160645,1992100
28-02-2023,9.59888207163866,9.960272343505068,9.590067469737845,9.757540702819824,2483200
01-03-2023,9.75754037943908,9.828055511095211,9.660582283563569,9.783984184265137,2516700
02-03-2023,9.704652713268292,10.039599948962024,9.607693794147735,10.021970748901367,1482500
03-03-2023,9.942641743725714,10.127744154620371,9.819240696867,10.101301193237305,1312900
06-03-2023,10.118929958134949,10.118929958134949,9.775168924604529,9.845684051513672,1535500
07-03-2023,9.872128005710318,9.925014776508508,9.739912339624896,9.757540702819824,926500
08-03-2023,9.72228146613808,9.731096066525094,9.519550700876117,9.67820930480957,808300
09-03-2023,9.67820936128336,9.713467763037157,9.484293195276884,9.493107795715332,836300
10-03-2023,9.466663342342049,9.510735500892062,8.981871279504901,9.052387237548828,1408700
13-03-2023,8.779141930009452,9.17578973913444,8.673369236949895,8.84965705871582,1347300
14-03-2023,8.973057186506857,9.263932245268084,8.911355830589356,9.131715774536133,1175700
15-03-2023,8.761511650670158,8.814398411003054,8.40012145031608,8.523523330688477,2118700
16-03-2023,8.329605486562981,8.673367292390497,8.21501821795381,8.62048053741455,1419900
17-03-2023,8.52352325797997,8.567595417780344,8.250276539702886,8.382493019104004,2938100
20-03-2023,8.453008714827146,8.664554087563234,8.435379513462511,8.594038963317871,1181300
21-03-2023,8.814398709315295,8.884913831741292,8.602853342037303,8.62929630279541,1391800
22-03-2023,8.673369853349868,8.752699588934009,8.3648655128797,8.373680114746094,912800
23-03-2023,8.408935607697803,8.470636124331875,7.994658668824697,8.091617584228516,1029200
24-03-2023,7.941773032248781,8.25909106692024,7.888886272833609,8.241462707519531,876900
27-03-2023,8.320792467949405,8.50589488461831,8.24146358132554,8.470637321472168,649900
28-03-2023,8.36486766231431,8.549970146038966,8.36486766231431,8.47945499420166,658300
29-03-2023,8.594037057818326,8.60285165654624,8.46182143932522,8.549964904785156,689600
30-03-2023,8.673369355408225,8.699812318882604,8.470637727153582,8.532339096069336,561500
31-03-2023,8.61166763305664,8.629295992726432,8.505894112611747,8.61166763305664,1048600
03-04-2023,8.990685977374707,9.14934541364225,8.902542499920028,9.061201095581056,1338800
04-04-2023,9.10527408778502,9.10527408778502,8.690997099959631,8.779141426086426,808100
05-04-2023,8.743882906884709,8.849655582297851,8.699810748644275,8.823212623596191,643000
06-04-2023,8.823214124623657,8.840842486554912,8.726255191878503,8.761512756347656,594100
10-04-2023,8.752697944641113,8.955428705842703,8.71744038440577,8.752697944641113,1047300
11-04-2023,8.814399340982007,9.061202287159649,8.805584739895435,8.98187255859375,957700
12-04-2023,9.052387336260148,9.14934541364225,8.990685977374707,9.061201095581056,1028100
13-04-2023,9.017128639721973,9.078829996576312,8.920170565531565,8.955428123474121,473600
14-04-2023,8.946616172790527,8.999502945666556,8.867287274386593,8.946616172790527,526600
17-04-2023,8.92017069214151,8.99068580902749,8.805583417050165,8.867284774780273,404100
18-04-2023,8.832028189883822,8.876099512340627,8.69981170069363,8.779141426086426,479200
19-04-2023,8.664552895279412,8.735068009821559,8.576408581798491,8.717439651489258,547100
20-04-2023,8.62048117279392,8.655738731841085,8.514708495652423,8.64692497253418,658600
21-04-2023,8.673368152810715,8.673368152810715,8.514708712749911,8.61166763305664,511300
24-04-2023,8.611667575519627,8.884913453124785,8.611667575519627,8.840841293334961,429700
25-04-2023,8.69099638174492,8.787955300593131,8.558780744087478,8.699810981750488,593100
26-04-2023,8.60285165654624,8.74388187376726,8.514707350479902,8.549964904785156,563000
27-04-2023,8.505893984660588,8.717440181761626,8.46182266584579,8.699810981750488,513500
28-04-2023,8.796769187402969,9.131716427007191,8.75269786794985,9.070015907287598,1010800
01-05-2023,8.94661617197906,9.219862957368068,8.94661617197906,9.175790786743164,895300
02-05-2023,9.017130308900676,9.017130308900676,8.620482498471045,8.761512756347656,1225300
03-05-2023,8.488266990868272,8.620482649796879,7.739042681988417,8.356050491333008,1728200
04-05-2023,8.33842218279216,8.867286503125811,8.33842218279216,8.7703275680542,1109400
05-05-2023,8.946615840803876,8.946615840803876,8.682184508056338,8.743885040283203,1284000
08-05-2023,8.824431878783352,8.958678316642153,8.717035240603877,8.743885040283203,628000
09-05-2023,8.699135921027336,8.985526946077593,8.645437177074124,8.860230445861816,732300
10-05-2023,8.913928988009955,8.913928988009955,8.734934601405852,8.85128116607666,587000
11-05-2023,8.708085073187691,8.752833884603845,8.475392790146346,8.5201416015625,759300
12-05-2023,8.56488784526454,8.672284459061087,8.484340171539024,8.529088973999023,476900
15-05-2023,8.538040010615426,8.708084457764215,8.502241134715021,8.564888954162598,564400
16-05-2023,8.520142476656185,8.600689321263028,8.376946094714445,8.394845962524414,632100
17-05-2023,8.47539269413787,8.51119157216275,8.341146261410138,8.45749282836914,707700
18-05-2023,8.412744108488978,8.609638366512574,8.332197272195884,8.582789421081543,631000
19-05-2023,8.69913598929946,8.717035001749284,8.5380406096881,8.582789421081543,532800
22-05-2023,8.582788314715545,8.66333599413821,8.529089577262942,8.546989440917969,613800
23-05-2023,8.555937344510745,8.600685286015597,8.466439754476491,8.484338760375977,642500
24-05-2023,8.48434208064695,8.511191880272019,8.332197483667937,8.40379524230957,437500
25-05-2023,8.242700214220875,8.341146923222212,8.17110245249033,8.323247909545898,796500
26-05-2023,8.332196737599947,8.394844557423715,8.269548064263647,8.350095748901367,576300
30-05-2023,8.251648801123984,8.314296619035757,8.162151186810734,8.189000129699707,847200
31-05-2023,8.07265507658667,8.162151844599975,7.983157455060791,8.054755210876465,960800
01-06-2023,8.05475417870672,8.41274291191092,8.045804246998498,8.359045028686523,1031200
02-06-2023,8.538039663590151,8.725983967806483,8.466441914699404,8.64543628692627,999700
05-06-2023,8.69018569816972,8.779683317268143,8.582789067359146,8.663336753845215,828500
06-06-2023,8.564890699092546,8.878131567172213,8.564890699092546,8.869181632995605,655600
07-06-2023,8.949729241046219,9.119773721080511,8.922880292306635,9.083974838256836,1180800
08-06-2023,9.083971938213455,9.182419474683872,9.02132412665041,9.173469543457031,893600
09-06-2023,9.128724202771249,9.128724202771249,8.887081942594158,8.913930892944336,695400
12-06-2023,8.770732883315995,8.940777325668103,8.690185201434076,8.896028518676758,1034500
13-06-2023,8.967626238483252,9.227168269248066,8.931826513607149,9.110821723937988,701600
14-06-2023,9.12872306842229,9.20032082946775,8.887080838272029,8.940778732299805,882900
15-06-2023,8.958677590896762,9.119772108359353,8.931827793392547,9.092923164367676,661500
16-06-2023,9.128723161848717,9.137673095449154,8.896030009313199,9.003427505493164,1822200
20-06-2023,8.99447805795399,9.092924772340927,8.949729241046219,9.083974838256836,572500
21-06-2023,8.994477850006616,9.307717854093683,8.985527916129442,9.137673377990724,585600
22-06-2023,9.057124795573808,9.07502466158,8.949728160074425,8.985527038574219,671000
23-06-2023,8.842330633097147,8.896028518676758,8.788631894005032,8.896028518676758,2257600
26-06-2023,8.878129758306489,9.101872946059148,8.851280814759678,8.994476318359375,456800
27-06-2023,8.994478340229486,9.25402046222458,8.967629390647296,9.155572891235352,541300
28-06-2023,9.092923523716308,9.110823389426514,8.940778079229858,8.949728012084961,1615700
29-06-2023,9.021326798125468,9.200321208105604,8.994477850006616,9.137673377990724,1025700
30-06-2023,9.218218346078816,9.23611735502008,9.119770809608402,9.173469543457031,807700
03-07-2023,9.173471684377152,9.343516149810297,9.128722871311812,9.334567070007324,350100
05-07-2023,9.334566589728638,9.334566589728638,8.949728012084961,8.949728012084961,828400
06-07-2023,8.88708122267879,8.90498023695805,8.56489043052537,8.734935760498047,700700
07-07-2023,8.699135133534845,8.958677189869642,8.699135133534845,8.896028518676758,878900
10-07-2023,8.842332683978483,8.878131567172213,8.743885968573899,8.869181632995605,778700
11-07-2023,8.91392951468569,9.164521670737564,8.86023076877541,9.14662265777588,681700
12-07-2023,9.271918972097655,9.307717854093683,9.092924562117522,9.137673377990724,610000
13-07-2023,9.119773499733302,9.2182210652435,9.066075603557442,9.200321197509766,484100
14-07-2023,9.119773004114412,9.191371617645617,9.012376364086546,9.182421684265137,594800
17-07-2023,9.119774007288193,9.262970396589552,9.11082492643594,9.155572891235352,457500
18-07-2023,9.146623076062838,9.424064191001287,9.101874261343283,9.379315376281738,825600
19-07-2023,9.39721248685986,9.459860296981624,9.31666481469622,9.441961288452148,830600
20-07-2023,9.36141550415692,9.522510880971474,9.36141550415692,9.504611015319824,544900
21-07-2023,9.531460402642082,9.65675690748095,9.513561389672308,9.612008094787598,775500
24-07-2023,9.656755900093838,9.89839895132232,9.620957024376194,9.826800346374512,858700
25-07-2023,9.799952296206788,10.005796490479838,9.71940460512223,9.916298866271973,578500
26-07-2023,9.844699665854115,10.005795024419356,9.844699665854115,9.96104621887207,664900
27-07-2023,9.969996955215432,10.0415947084637,9.880499336898827,9.925248146057127,600700
28-07-2023,9.987897369281711,10.35483611958312,9.987897369281711,10.310088157653809,736900
31-07-2023,10.310085311238312,10.489079670076665,10.310085311238312,10.435380935668944,1483400
01-08-2023,10.319035625442694,11.446701501506604,10.319035625442694,11.428802490234377,2047000
02-08-2023,11.52725093417811,11.697295407858762,11.26770883002596,11.58094882965088,1221800
03-08-2023,11.598846938126934,11.607796870519314,11.401952693057238,11.428802490234377,867000
04-08-2023,11.48250133029276,11.661495725429267,11.20506023120932,11.491451263427734,1392000
07-08-2023,11.486922551780212,11.758694469664238,11.387272042210336,11.550335884094238,865200
08-08-2023,11.369154211950034,11.713399617207234,11.251385978787688,11.69528102874756,784700
09-08-2023,11.64998493021852,12.012348908653204,11.52315827211692,11.921757698059082,1094400
10-08-2023,11.921758070868758,11.957994383451204,11.46880373161726,11.604690551757812,881100
11-08-2023,11.64092576919627,11.9308162425838,11.59563016674403,11.822107315063477,1291000
14-08-2023,11.813049261909905,11.822108556139742,11.622808402792554,11.69528102874756,807600
15-08-2023,11.622807390677549,11.6318666841185,11.423507254685427,11.57751178741455,597700
16-08-2023,11.59563081660627,11.704339750219049,11.37821294938072,11.423507690429688,649900
17-08-2023,11.577511721997508,11.604689602166804,11.396330173911036,11.45974349975586,679300
18-08-2023,11.396331051111996,11.559394888912088,11.278562819805463,11.48692226409912,633100
21-08-2023,11.523158194197752,11.613748540237497,11.314798756816913,11.423507690429688,698300
22-08-2023,11.45068562231076,11.495980363559577,11.31479880673889,11.351035118103027,1088500
23-08-2023,11.323858709896312,11.577512903094268,11.142677143326342,11.550335884094238,1260600
24-08-2023,11.39632958231861,11.550334106183056,11.269502073270914,11.332916259765623,1160800
25-08-2023,11.378212475466462,11.441625801447234,11.260444252972338,11.341976165771484,736300
28-08-2023,11.341976252188951,11.595630421986462,11.3057390782761,11.50503921508789,608600
29-08-2023,11.541276589780276,11.64092709935015,11.3963313365243,11.550335884094238,859600
30-08-2023,11.568453859589829,11.77681243411675,11.51409896052874,11.54127597808838,988600
31-08-2023,11.64092563484983,11.65904335725658,11.50503882906136,11.586570739746094,1373500
01-09-2023,11.776813744525676,11.93987759591129,11.704341113674715,11.722458839416504,874600
05-09-2023,11.76775348876012,11.7858720769643,11.514099301494497,11.532217025756836,676000
06-09-2023,11.495978207870191,11.559392388822564,11.251383368013371,11.405387878417969,759200
07-09-2023,11.459742788446624,11.459742788446624,11.27856125160614,11.287620544433594,659500
08-09-2023,11.314797900564107,11.432566119051234,11.206088975177932,11.27856159210205,602000
11-09-2023,11.423506364086505,11.43256565682118,11.224207107573925,11.242324829101562,547300
12-09-2023,11.287621291556594,11.459743546962326,11.27856199812951,11.3872709274292,767000
13-09-2023,11.37821229491144,11.432566326620506,11.1607935762499,11.178912162780762,637100
14-09-2023,11.305739959504727,11.369154154853272,11.07926278854726,11.197031021118164,693200
15-09-2023,11.079259442666393,11.106437317011835,10.898077933404696,10.970550537109377,2136100
18-09-2023,11.097379714765657,11.351033866342334,11.024907100029465,11.287620544433594,1476100
19-09-2023,11.378210577258336,11.414446880908072,11.079259992220978,11.124555587768556,923400
20-09-2023,11.106440778152963,11.269503755333616,11.052085876464844,11.052085876464844,407500
21-09-2023,11.061144880860049,11.187972405514024,10.952435944274566,10.988672256469728,1098900
22-09-2023,11.024908017356283,11.178912552470065,11.024908017356283,11.09738063812256,734700
25-09-2023,11.052085264582535,11.423507669738902,11.033967540984126,11.378212928771973,746200
26-09-2023,11.260444433164206,11.387271087155254,11.242325846055897,11.36009407043457,973000
27-09-2023,11.532216981971573,12.1029395491087,11.532216981971573,11.9851713180542,1237500
28-09-2023,11.967052231533104,12.492479132459078,11.649983886793548,11.876461029052734,2328400
29-09-2023,11.81304715612224,11.81304715612224,11.369152185290856,11.414447784423828,1259700
02-10-2023,11.42350743157079,11.48692162269762,10.979612413391918,11.09738063812256,1340400
03-10-2023,11.024906847260407,11.224206965186424,10.943374941566049,11.151734352111816,872100
04-10-2023,10.970551567148826,11.061142762256193,10.798429333174829,10.825606346130373,1018100
05-10-2023,10.69877870518762,10.997728411454816,10.626305237541358,10.970550537109377,910800
06-10-2023,11.00678949195277,11.26950295969004,10.95243545804398,11.21514892578125,1131600
09-10-2023,11.450686132134878,11.767753654702563,11.360094917720197,11.69528102874756,660500
10-10-2023,11.686219720257608,11.885519839253032,11.66810199886259,11.794929504394531,686000
11-10-2023,11.686220194997349,11.930815923329302,11.659043179829933,11.876461029052734,666300
12-10-2023,11.99423031186741,11.99423031186741,11.649984921389173,11.73151683807373,923200
13-10-2023,11.93987627670558,12.030466623289234,11.722457544232824,11.73151683807373,823500
16-10-2023,11.831166037262683,11.93081566669421,11.713397822148124,11.740574836730955,654100
17-10-2023,11.713399904366762,11.939877082013812,11.713399904366762,11.758694648742676,686500
18-10-2023,11.81304886516626,11.876462194761675,11.749635535570842,11.776812553405762,653200
19-10-2023,11.686220486770027,11.77681169151221,11.514098234489992,11.631866455078123,876700
20-10-2023,11.60469129398928,11.659045334368493,11.341977794978034,11.514100074768066,714700
23-10-2023,11.459742788446624,11.495979095814722,11.251384237065498,11.287620544433594,920400
24-10-2023,11.351035499738847,11.649985294529491,11.323858481287472,11.604690551757812,841100
25-10-2023,11.541275477592508,11.649984407058634,11.523157754652374,11.57751178741455,683900
26-10-2023,11.514100074768066,11.60469129398928,11.36009552045714,11.514100074768066,852800
27-10-2023,11.559393399102548,11.613747428736044,11.287620659109896,11.332916259765623,1153200
30-10-2023,11.432567145149406,11.55033537420649,11.242326292663623,11.39633083343506,833300
31-10-2023,11.332918057825871,11.550335938738431,11.305740174755403,11.477863311767578,771900
01-11-2023,11.532216042310992,11.957993325439464,11.38727080480558,11.939875602722168,4586700
02-11-2023,12.012348345262282,12.728016110776544,11.89458012259009,12.483420372009276,2115200
03-11-2023,12.58307068348837,13.135674614888794,12.564952096913718,12.918256759643556,1460900
06-11-2023,12.959470122099775,13.06937452723033,12.657235191579826,12.776297569274902,1076300
07-11-2023,12.684711407262482,12.684711407262482,12.474062321789736,12.565649032592772,1163800
08-11-2023,12.44658619618851,12.556489721013673,12.04360573172735,12.235937118530272,1388000
09-11-2023,12.3824778529389,12.455746880304812,12.208463257868084,12.42827033996582,1038300
10-11-2023,12.611442323503791,12.693869314682296,12.446586594275582,12.602283477783203,1226500
13-11-2023,12.574807117747218,12.703028339334766,12.501538097821651,12.648077011108398,1079400
14-11-2023,12.812933483371214,12.99610605626085,12.767140121789875,12.950313568115234,1244000
15-11-2023,12.867883190277873,13.069373418002105,12.867883190277873,13.00526237487793,1419600
16-11-2023,12.941152392648515,12.968628055279416,12.721345344730189,12.89535903930664,2688300
17-11-2023,13.014421853973214,13.35329128280227,12.904518326253164,13.188435554504396,1882400
20-11-2023,13.417400607038063,13.508987311063558,13.261703734256049,13.270862579345703,1669800
21-11-2023,13.188436214643357,13.316657440119249,13.060215862603108,13.25254726409912,982100
22-11-2023,13.051057852284336,13.206754752677671,12.785457411631418,13.170120239257812,1033100
24-11-2023,13.225070929444884,13.39908551480249,13.170119598705597,13.380767822265623,551900
27-11-2023,13.334975404196816,13.371609916017317,13.243388687927736,13.344133377075195,1250900
28-11-2023,13.380768049270385,13.380768049270385,12.858726031212433,12.87704372406006,1286700
29-11-2023,12.97778865418692,13.151802372276014,12.776298396318742,13.124326705932615,1328900
30-11-2023,13.25254576260193,13.518146156153216,13.14264224183266,13.270862579345703,1530200
01-12-2023,13.215911980294722,13.417401342701414,13.151800934587513,13.29833984375,1060800
04-12-2023,13.307498602353151,13.673844586756315,13.124326046869392,13.490671157836914,1485200
05-12-2023,13.499830828128417,13.499830828128417,13.27086490143654,13.325817108154297,1397700
06-12-2023,13.25254783016531,13.37161021459946,12.9503128825385,13.041898727416992,1353600
07-12-2023,13.133485657987046,13.289182557576012,13.041898938192704,13.206754684448242,2249300
08-12-2023,13.243387517374469,13.444877751295776,13.225069826365448,13.37160873413086,1423100
11-12-2023,13.508988010601872,13.692160554702577,13.380766793013583,13.573098182678224,1670700
12-12-2023,13.499830003970011,13.55478220733296,13.399085316812856,13.490671157836914,1357400
13-12-2023,13.490670041641891,13.5547810858335,13.307497501313511,13.481512069702148,2301000
14-12-2023,13.692162272311004,13.73795563243961,13.508989705232285,13.683003425598145,1859500
15-12-2023,13.710478717763088,13.87533357641045,13.563940677438492,13.747113227844238,6751500
18-12-2023,13.783748207271207,14.168411012939105,13.783748207271207,14.159252166748049,1573900
19-12-2023,14.177568622003037,14.67213582240538,14.177568622003037,14.653818130493164,1689400
20-12-2023,14.60802269592982,14.690451424372402,13.948600729308684,14.021870613098145,1700400
21-12-2023,14.067665386168008,14.24167996924476,14.040189721158493,14.195886611938477,1057600
22-12-2023,14.287473569941604,14.49812179432906,14.195886853768831,14.205045700073242,859600
26-12-2023,14.397375996715086,14.543914032559824,14.296630441995134,14.43401050567627,540600
27-12-2023,14.47064572803379,14.543914749568293,14.37905901439785,14.42485237121582,592400
28-12-2023,14.37905988906436,14.388218735672206,14.15009396448233,14.186728477478027,703000
29-12-2023,14.269156242922898,14.269156242922898,14.049349166599358,14.104300498962402,872000
02-01-2024,14.150092821121737,14.223361841192824,13.765430029030725,13.902810096740724,1051400
03-01-2024,13.857018024628298,14.223363158923974,13.792907844485478,13.957762718200684,1368200
04-01-2024,14.140934107864345,14.241679666483568,13.829541206359863,13.829541206359863,1371100
05-01-2024,13.847856760268314,14.10429830950415,13.847856760268314,14.012712478637695,1118900
08-01-2024,13.783747737925388,13.783747737925388,13.362450435274368,13.747113227844238,991800
09-01-2024,13.664686777995923,13.756273499408554,13.444879694728469,13.72879695892334,965800
10-01-2024,13.68300269387568,13.710479232544904,13.35329209076583,13.417402267456056,838000
11-01-2024,13.472353542816796,13.536463715088418,13.179277471362996,13.29833984375,877000
12-01-2024,13.46319562513578,13.55478234049523,13.270864221629456,13.417402267456056,701500
16-01-2024,13.399084709075575,13.747112985427156,13.353291353922758,13.737954139709473,1676200
17-01-2024,13.499829518602564,13.737954268887831,13.45403616301915,13.664685249328612,1745300
18-01-2024,13.71047894451922,13.893651497954435,13.472354188335624,13.719636917114258,1062200
19-01-2024,13.774588747078004,13.976078987121582,13.673844063774016,13.976078987121582,876200
22-01-2024,14.06766570773872,14.470646213122928,14.06766570773872,14.443170547485352,1664600
23-01-2024,14.443168809484051,14.589706839831866,14.287471933880614,14.296629905700684,1062800
24-01-2024,14.443170575255447,14.589708623518488,14.397377216814332,14.52559757232666,1132200
25-01-2024,14.653818130493164,14.717928305314672,14.479804424505232,14.653818130493164,592700
26-01-2024,14.8369934243738,15.413986817302444,14.653819975926137,15.322400093078612,1487400
29-01-2024,15.239968909618293,15.294921980353278,14.882782684196329,15.185017585754396,1317800
30-01-2024,15.029320488384071,15.432300933411616,14.946892630381369,15.36819076538086,1580800
31-01-2024,15.413986802337218,15.441463343639132,14.94689608143349,14.965213775634766,1159500
01-02-2024,15.10258902014465,15.267444730896798,14.928574464698382,15.194175720214844,1388100
02-02-2024,15.120910579497622,15.14838712061218,14.88278579711914,14.88278579711914,867900
05-02-2024,14.804136982574448,14.804136982574448,14.480296133122502,14.646842956542969,671700
06-02-2024,14.693104829121111,14.76712543723596,14.572821120335671,14.591326713562012,724100
07-02-2024,14.628338698343107,14.730116825596012,14.563569997004576,14.665349006652832,910600
08-02-2024,14.628338727836796,14.989189896380674,14.628338727836796,14.961431503295898,825500
09-02-2024,14.989188985790602,15.127977413201688,14.952177797259324,15.09096622467041,928100
12-02-2024,15.11872412612085,15.414806565613606,15.11872412612085,15.276018142700195,1293900
13-02-2024,15.053957464589589,15.183493100578485,14.850399448274825,14.970684051513672,1272300
14-02-2024,15.164986312567851,15.266765312718954,14.970682873869071,15.044703483581545,991300
15-02-2024,15.118724013022833,15.877435699744993,15.118724013022833,15.775656700134276,1895300
16-02-2024,15.710887705013734,16.18276971570303,15.590604885719788,16.053234100341797,1223500
20-02-2024,15.886689032189471,16.34931829723309,15.877436235113729,16.32155990600586,2486700
21-02-2024,16.51586381218263,17.968519307462238,16.51586381218263,17.09877586364746,3113500
22-02-2024,17.117285018253398,17.77421781239488,17.07102279168796,17.570661544799805,2076700
23-02-2024,17.376356885744705,17.5429019488517,16.81194858337823,17.015504837036133,1356600
26-02-2024,16.978496572480367,17.0062532025012,16.58063507080078,16.58063507080078,1596900
27-02-2024,16.636152255430332,16.737931284829084,16.36782812991232,16.506616592407227,1246000
28-02-2024,16.654654939926488,16.895222389722537,16.52511929957121,16.6083927154541,1017300
29-02-2024,16.728670863441273,16.950732655215553,16.728670863441273,16.904470443725586,1288000
01-03-2024,17.043264123678252,17.209810960309472,16.802696666854363,16.987749099731445,1302900
04-03-2024,17.06176971992412,17.23756758988748,16.932232310993843,16.987749099731445,1270300
05-03-2024,16.904470443725586,17.117279440243824,16.737923658697316,16.904470443725586,1360600
06-03-2024,16.98774675238972,17.219061379127965,16.83970553246049,16.867462158203125,1437200
07-03-2024,16.86746235967914,17.06176756615126,16.571379916284073,16.728673934936523,1119200
08-03-2024,16.821198941748577,16.83970453434051,16.451095913862176,16.636146545410156,1014000
11-03-2024,16.58063509941995,16.756434737282216,16.43259385641725,16.71017074584961,753700
12-03-2024,16.774936901574346,17.16354556702502,16.774936901574346,17.03400993347168,1183100
13-03-2024,17.237565483966073,17.700194744848357,17.108029855652017,17.524396896362305,2309200
14-03-2024,17.5891675913586,17.672441013139583,16.997002605174604,17.2930850982666,1501100
15-03-2024,17.219061690673936,17.431870727573763,17.126535485346444,17.320838928222656,2058100
18-03-2024,17.34859918073658,17.4781348232197,17.080273332974954,17.126537322998047,1148900
19-03-2024,16.9784954538082,17.57066038578057,16.8212014231542,17.54290199279785,1168400
20-03-2024,17.413367211193577,17.940764350257936,17.35785218728964,17.84823989868164,1093900
21-03-2024,17.940762482629776,18.310867309570312,17.903753058810086,18.310867309570312,1496400
22-03-2024,18.36638255525674,18.63470661684353,17.857489294303562,17.90375328063965,1383000
25-03-2024,17.922259393914107,18.02403663721807,17.644680762235268,17.950016021728516,1420800
26-03-2024,18.03328845805624,18.24609749546397,17.84823781175018,18.051794052124023,1428700
27-03-2024,18.061047555968468,18.125815372949777,17.792721725856588,17.894500732421875,1041900
28-03-2024,18.18132732459044,18.53292650714624,18.08880113103416,18.19983291625977,2063900
01-04-2024,18.264604835069782,18.384889443215314,17.97777515876936,18.32011985778809,976400
02-04-2024,18.46815945952952,19.08808274682662,18.32011823552936,19.041820526123047,2182500
03-04-2024,19.00481155652212,19.39341845521295,18.903032550794148,19.22687339782715,1640100
04-04-2024,19.31014664568132,19.800532545954752,19.26388265947304,19.49519729614257,2382500
05-04-2024,19.73576447807657,19.73576447807657,19.31014639913821,19.50444984436035,1585000
08-04-2024,19.559964146120635,19.689501536316303,19.20836669225362,19.328649520874023,1918400
09-04-2024,19.31014438376992,19.411921611925123,18.838262368463507,18.97705078125,1141000
10-04-2024,18.680971679473984,19.236127193957618,18.532930444250447,19.18986320495605,1427000
11-04-2024,19.189862899287032,19.282389111025605,18.73648640303779,19.004812240600582,1130800
12-04-2024,19.143598050385137,19.273133670179696,18.458907001086025,18.625452041625977,828500
15-04-2024,18.75499567578521,18.967804769157617,18.37563972158534,18.41264915466309,882300
16-04-2024,18.347873845495275,18.347873845495275,17.598415042005183,17.940759658813477,1623000
17-04-2024,18.024035882286963,18.209088295655327,17.63542722604588,17.64468002319336,1064500
18-04-2024,17.73720593281842,17.96852056325956,17.468880114407217,17.524396896362305,1051000
19-04-2024,17.487387618520707,18.09805816840496,17.404114201282784,17.987028121948242,1271900
22-04-2024,18.0240378149756,18.17207905562828,17.792723155856947,18.042543411254883,1086400
23-04-2024,17.940760188171648,18.49591559279257,17.820477370152464,18.45890617370605,1000900
24-04-2024,18.458909057430617,18.61620308389981,18.2275944164342,18.35713005065918,959500
25-04-2024,18.1535723780296,18.64395824901252,18.08880280120665,18.54218101501465,1042700
26-04-2024,18.671714288102468,18.90302888183061,18.505167498251755,18.69021987915039,1044000
29-04-2024,18.55143143534473,18.92153623154141,18.54218040375123,18.625452041625977,1016500
30-04-2024,18.61620326437029,18.634707094588485,17.718701319137534,17.755712509155273,1754000
01-05-2024,18.86602303298423,19.023317071776543,17.561408496738295,18.042543411254883,1905200
02-05-2024,18.36638165374317,18.690222483037537,18.310866637655447,18.532928466796875,2092900
03-05-2024,18.6902233022888,18.74573832080992,18.338624067143595,18.6994743347168,1559700
06-05-2024,18.86272887332699,18.984003600546245,18.62951016024735,18.68548393249512,1079300
07-05-2024,18.94668580459772,19.27319232520675,18.79742598591656,18.81608390808105,1831100
08-05-2024,18.72279429613059,18.881383060812976,18.70413637574037,18.806753158569336,1154300
09-05-2024,18.80675623340752,19.18923476735471,18.778769348246435,18.993331909179688,1439700
10-05-2024,19.133263285283185,19.207893201713663,18.666825862763314,18.825414657592773,1264500
13-05-2024,18.946688393619592,18.984004243047703,18.405621032135453,18.50823783874512,1156400
14-05-2024,18.46159418145677,18.72279800134272,18.284347461307323,18.68548393249512,2147500
15-05-2024,18.685484292669205,18.741456286678293,18.442936612873016,18.65749740600586,1692200
16-05-2024,18.657496287131146,19.0493037803336,18.61085325814032,19.002660751342773,1632200
17-05-2024,19.10527644914899,19.24520732040597,18.83474366862783,19.21722221374512,1257400
20-05-2024,19.301179005288063,19.98217714326725,19.291850044304013,19.88888931274414,3377900
21-05-2024,19.888891513111364,20.159426073626697,19.571713921832902,19.60902976989746,1691700
22-05-2024,19.543729043791704,19.543729043791704,18.060457872902965,18.40562057495117,2866300
23-05-2024,18.52689619405296,18.657498111451464,18.181731696091333,18.21904754638672,1318400
24-05-2024,18.265688989571387,18.48957873389693,18.172401151273032,18.461593627929688,1125200
28-05-2024,18.57353497232887,18.704136859805924,18.33098733893057,18.37763214111328,1322700
29-05-2024,18.31232905710231,18.61085044723569,18.20038509270487,18.26568603515625,1771000
30-05-2024,18.27501926862477,18.47092214178653,18.24703238132267,18.36830711364746,1499900
31-05-2024,18.41494840162333,18.96534467785593,18.32166056543997,18.881385803222656,2023900
03-06-2024,19.17057734717978,19.2172221570061,18.004483791285203,18.16307258605957,1288700
04-06-2024,18.02314012110629,18.02314012110629,17.416771881536643,17.482072830200195,1665700
05-06-2024,17.49140385842194,17.91119826275111,17.388787053070896,17.864553451538086,1266000
06-06-2024,17.780596557479626,17.83657033718978,17.482076849630058,17.603351593017578,1001100
07-06-2024,17.603350981794616,17.771266977141266,17.444762170091323,17.64066505432129,819400
10-06-2024,17.631334117539627,18.06978643103828,17.463416361673552,18.04179954528809,1172600
11-06-2024,17.855223405723482,18.11642899471192,17.771264529952823,17.93918228149414,934900
12-06-2024,18.191058425046744,18.330989287837458,17.96716868871811,17.976497650146484,994500
13-06-2024,17.892541256671677,17.92985532823978,17.342144911329978,17.538047790527344,962400
14-06-2024,17.444760111553478,17.510061065257744,17.20221244113939,17.2581844329834,1327000
17-06-2024,17.295498592792203,17.566031343071916,17.22086690519243,17.510059356689453,1224100
18-06-2024,17.53804209081471,17.892535441751757,17.500728031373356,17.808576583862305,1135600
20-06-2024,17.836568615961855,17.92052571878961,17.60334989429525,17.715293884277344,872400
21-06-2024,17.724619385342788,17.789920329966442,17.538043732717526,17.68730354309082,2392400
24-06-2024,17.687305032487384,18.35897601504396,17.67797785045627,18.24703025817871,1099700
25-06-2024,18.256356603749094,18.358973384562805,18.12575472221687,18.3030014038086,1039800
26-06-2024,18.172404422056065,18.508239988648924,18.11643242072987,18.48958206176757,1218700
27-06-2024,18.53622232439173,18.797426119278203,18.46159241452168,18.6761531829834,825200
28-06-2024,18.834743013209465,19.02131690862045,18.62950941514462,18.862728118896484,8000800
01-07-2024,18.96534288105609,19.15191853574641,18.638836375006697,18.872055053710938,1196000
02-07-2024,18.909370535423104,19.16124713065188,18.87205469347042,19.03064346313477,801900
03-07-2024,19.002659166267044,19.553053623855057,19.002659166267044,19.506410598754883,864900
05-07-2024,19.4411104352096,19.450439396468987,18.6668244438546,18.7880973815918,658200
08-07-2024,18.788097129341143,19.03997374201065,18.69481107663458,18.93735694885254,874600
09-07-2024,18.75078430197923,18.806756293161715,18.48957871093177,18.59219551086425,1482600
10-07-2024,18.6761535989246,19.17057609558105,18.573536803323847,19.17057609558105,908600
11-07-2024,19.310511285618905,20.066139462040503,19.21722343906024,20.047481536865234,1369500
12-07-2024,20.24338364609484,20.43928649783892,20.112779965614656,20.2247257232666,1272800
15-07-2024,20.476600156827995,21.36283004472037,20.36465441113058,21.03632354736328,1591600
16-07-2024,21.0176697308506,21.62403799055269,21.008340769400725,21.54007911682129,1290200
17-07-2024,21.540081328942183,21.866587895949447,21.20424579952698,21.26021957397461,1072300
18-07-2024,21.260212911434635,21.69866333129998,21.12028029848538,21.45611572265625,912900
19-07-2024,21.362835171407088,21.70799967243308,21.16693229357012,21.34417724609375,835600
22-07-2024,21.372161692303404,21.84792805753128,21.12028506730321,21.78262710571289,992500
23-07-2024,20.81243891664697,20.924384689675968,20.196741613281723,20.56056404113769,8386600
24-07-2024,20.681834156653583,20.756464068649063,20.06613693786153,20.2247257232666,5321600
25-07-2024,20.18741039780129,20.40197295721993,19.91687762709061,19.92620658874512,2119200
26-07-2024,20.06613680239761,20.569888260136963,19.926205940765428,20.36465644836425,2037000
29-07-2024,20.4206272481574,20.66317489121226,20.038148751617864,20.17807960510254,2097700
30-07-2024,20.084797146142726,20.457946748580884,20.047481296240083,20.066139221191406,2163300
31-07-2024,19.59037189158752,19.74896068759688,18.424278326612068,19.3384952545166,3558500
01-08-2024,18.862729950123068,19.067963568112347,17.73395216845274,18.21904754638672,3261200
02-08-2024,17.72462327822988,18.032471927152745,17.22086997309191,17.426103591918945,3000400
05-08-2024,16.474572720137726,16.857051336207817,16.110752031514448,16.633161544799805,2668600
06-08-2024,16.713192091091635,17.92784184314192,16.57195420725575,17.635948181152344,2326100
07-08-2024,17.843097490181915,17.993751461730657,17.372303380107848,17.381717681884766,2023400
08-08-2024,17.579454596229066,18.00317007282444,17.457048900733323,17.890178680419922,1897500
09-08-2024,17.890179722789945,18.04083372414898,17.64536652159718,17.83368492126465,1302700
12-08-2024,17.730107106367626,17.97492027282715,17.70185881164407,17.97492027282715,1449200
13-08-2024,17.9843371477873,18.012583647793683,17.466462497778398,17.683029174804688,1054300
14-08-2024,17.796018692858304,17.96550487594202,17.730107798534007,17.75835609436035,1178800
15-08-2024,18.134992520041298,18.389221815148435,17.89959542366891,18.21031951904297,1249200
16-08-2024,18.11615776002525,18.615200180317007,17.93725548921317,18.46454620361328,1162300
19-08-2024,18.483376188051167,18.59636756600628,18.313891815024032,18.379802703857425,973000
20-08-2024,18.549290516152272,18.549290516152272,18.05966416153119,18.10674285888672,780600
21-08-2024,18.15382337100717,18.332723857893463,18.03141588425636,18.144407272338867,665700
22-08-2024,18.17265425443797,18.332724344170703,18.08791116011257,18.153823852539062,771600
23-08-2024,18.36096960648108,19.00124985959545,18.295058720884644,18.935338973999023,999200
26-08-2024,19.42496655696973,19.726276332697,19.1895694732666,19.1895694732666,1058900
27-08-2024,19.02008523222218,19.161323124375183,18.907093840937435,19.03891563415528,611000
28-08-2024,18.897674841750305,19.02949661473728,18.558702515855856,18.634031295776367,1159900
29-08-2024,18.86001442427023,19.08599540230025,18.643447748879773,18.83176612854004,901800
30-08-2024,18.728190150927976,19.10482689638812,18.67169535748379,19.04833030700684,1469700
03-09-2024,18.68111344259127,18.84118353765536,17.86193076880743,17.937257766723633,1222900
04-09-2024,17.946672512253887,18.144406989329795,17.748939831115138,17.87134552001953,768000
05-09-2024,18.134990529665,18.530457680004243,18.09732613632929,18.24798011779785,1302700
06-09-2024,18.389219543994333,18.718774001464315,17.890177114781494,18.05024719238281,1287600
09-09-2024,18.16323765226863,18.295059428560528,17.40054989988464,17.419382095336914,1923200
10-09-2024,17.494710848316156,17.68302922998655,17.30639246664576,17.570037841796875,1618300
11-09-2024,17.447631460972225,17.918425600595402,17.353472273860167,17.786602020263672,1613900
12-09-2024,17.861925975817172,18.285641347858714,17.861925975817172,18.03141212463379,1357000
13-09-2024,18.229151253167537,18.37038914820375,18.106743760448825,18.23856735229492,930800
16-09-2024,18.445713108337,18.61519927285073,18.21973215429768,18.370386123657227,1058800
17-09-2024,18.51162777167931,18.98242197095078,18.5022116721814,18.944759368896484,887400
18-09-2024,18.944759036106124,19.65095032260813,18.92592683744112,19.208402633666992,1155400
19-09-2024,19.72627684473603,19.8580986403316,19.41555275801986,19.660364151000977,1271200
20-09-2024,19.726275897316576,19.91459248256039,19.47204662150338,19.67919540405273,6649900
23-09-2024,19.679193798187125,20.112325321184063,19.679193798187125,19.95225524902344,927700
24-09-2024,20.14057679996945,20.24415210637649,19.707446965789995,19.782773971557617,1047000
25-09-2024,19.90517494242332,19.90517494242332,19.566204395157,19.688610076904297,860000
26-09-2024,19.46263021574202,19.58503590442216,18.86943037747542,18.982419967651367,1107600
27-09-2024,19.462629506820747,19.575620888818165,19.142489353088,19.198984146118164,1612000
30-09-2024,19.095413192198603,19.29314589201204,18.728192498929275,19.057748794555664,1909700
01-10-2024,18.982419562298205,19.4720458984375,18.88826037520417,19.4720458984375,1350800
02-10-2024,19.86751428920496,19.96167348218396,19.48146321433457,19.72627639770508,903200
03-10-2024,19.688613645815582,19.93342684962398,19.47204874104032,19.914594650268555,1002100
04-10-2024,20.31006027293831,20.536041259765625,20.084079286110992,20.536041259765625,1029200
07-10-2024,20.488962323824964,20.59253761506506,20.1405738507047,20.338308334350582,1145300
08-10-2024,20.19707082405101,20.19707082405101,19.83926624535846,19.961673736572266,934500
09-10-2024,19.77335430278361,20.055830074448508,19.650948613978724,19.98050308227539,821000
10-10-2024,19.88634435976972,20.036998334045947,19.745104687440843,19.95225524902344,621100
11-10-2024,19.88634554554313,20.2253161099081,19.88634554554313,20.13115692138672,756100
14-10-2024,19.93342527013197,20.178238454541773,19.84868217568484,20.074663162231445,1231900
15-10-2024,19.47204984827399,19.97109058800793,19.34964234144068,19.782773971557617,966500
16-10-2024,20.14998952662305,20.564288886950727,20.00875163894733,20.21590042114257,1432800
17-10-2024,20.084077095817644,20.33830635174956,19.867512231551363,19.876928329467773,797900
18-10-2024,19.858098403595385,19.858098403595385,19.453215126593182,19.462631225585938,739800
21-10-2024,19.679195363940675,19.74510625843853,19.198985109251403,19.217817306518555,779500
22-10-2024,19.311976962517072,19.387303957464585,19.13307467604028,19.1895694732666,731100
23-10-2024,19.04832984625144,19.208399920418973,19.01066725017869,19.07657814025879,851300
24-10-2024,19.17073602023596,19.18015211759787,18.681109733038262,18.935338973999023,1244700
25-10-2024,19.29314631127321,19.43438421362883,19.001254406946632,19.180156707763672,1182300
28-10-2024,18.803517405009103,19.32139203932404,18.68111171817081,19.283727645874023,1376100
29-10-2024,19.321395065606094,19.321395065606094,18.94476005179979,19.11424446105957,963000
30-10-2024,19.08599285198797,19.3025577025034,18.907090594809752,18.97300148010254,1204500
31-10-2024,18.973004984818395,19.104828575691503,18.765856193356736,18.85059928894043,736700
01-11-2024,18.95416996459892,19.085993535844697,18.5775350380474,18.756437301635746,777800
04-11-2024,18.784686830109194,19.06716259461757,18.76585463355874,19.01066780090332,617800
05-11-2024,19.085995938819803,19.359055621472187,19.05774764229553,19.34022521972656,1103100
06-11-2024,20.38961786064592,21.918602408868804,19.971760192051352,21.6906795501709,2749500
07-11-2024,21.842627594611084,21.842627594611084,21.16835604701756,21.43426513671875,1057100
08-11-2024,21.37728516655445,21.60520802283759,21.187348547300253,21.48175048828125,1251600
11-11-2024,21.804640988482525,22.535894656251983,21.69068046003816,22.421934127807617,1547800
12-11-2024,22.80180225315589,23.46657673589069,22.127528947836247,23.00123405456543,1953100
13-11-2024,23.15318618265824,23.21016825873877,22.41243730731091,22.469417572021484,1545200
14-11-2024,22.469417655376244,22.55488895844416,21.757158004056954,22.08954620361328,1219600
15-11-2024,22.203504196891245,22.3364605483466,21.7951435650041,22.05155563354492,1049800
18-11-2024,22.383947592434648,22.896775439254053,22.15602470874937,22.75432205200196,1194500
19-11-2024,22.31746818054492,23.314630927893653,22.31746818054492,23.30513572692871,1257900
20-11-2024,23.31463445502348,23.419099795140664,22.86828567598034,23.09620857238769,1124800
21-11-2024,23.3146325521058,24.549217071092777,23.19117500589212,24.44475173950196,1404100
22-11-2024,24.53971988710333,25.03355369125709,24.397268315889374,24.558713912963867,1504400
25-11-2024,24.75814458962217,24.92908719161241,24.10286521911621,24.10286521911621,1458200
26-11-2024,24.20733146232889,24.22632548801861,23.74198870115073,23.969911575317383,1169600
27-11-2024,23.91292868303791,24.17883776800673,23.599534539060528,23.66601181030273,1189300
29-11-2024,24.12186080791337,24.349783688220032,23.84645467347326,24.330791473388672,927200
02-12-2024,24.292799598390467,24.520722442832305,23.855947932719378,24.11236000061035,1054800
03-12-2024,24.33079090513372,24.72015937631833,24.06487997863472,24.615694046020508,3278900
04-12-2024,24.5492143787602,24.87210553974736,24.216826205818137,24.520723342895508,1006100
05-12-2024,24.454248209886657,24.95757901930956,24.311796640840925,24.89109992980957,734900
06-12-2024,24.89109877283028,24.919589809863105,24.08387264863567,24.16934394836425,1268700
09-12-2024,24.254813815202315,24.454245628540686,23.77997409425977,24.045883178710938,1730400
10-12-2024,24.0648800884895,24.710662476242177,23.969911770637047,24.39726829528809,2509500
11-12-2024,24.53971970885507,25.68883109452031,24.53971970885507,25.31845664978028,2124500
12-12-2024,25.14751260183293,25.34694623776633,24.54921531677246,24.54921531677246,1350300
13-12-2024,24.577705539555826,24.86261048653883,24.33079045475516,24.68217086791992,678900
16-12-2024,24.56821284990252,24.96707836735995,24.56821284990252,24.881607055664062,1112500
17-12-2024,24.596697718377293,24.653677978948146,23.94141838201809,24.30229759216309,988300
18-12-2024,24.42575913303836,24.5017334300552,22.48841365342405,22.57388496398925,1703700
19-12-2024,23.11519900961254,23.3336248583218,22.74482458689946,22.820798873901367,1452600
20-12-2024,22.583378685496225,23.60903245139616,22.35545582767067,23.31463050842285,3893200
23-12-2024,23.096205399024846,23.371613326449708,22.92526279736389,23.295639038085938,1222400
24-12-2024,23.39060595215057,23.599536607359685,23.105702818608982,23.552051544189453,508100
26-12-2024,23.504567646633,23.666013234236388,23.210167508545613,23.571044921875,622700
27-12-2024,23.447587289211405,23.666013138802857,23.00123676632377,23.30513572692871,1016100
30-12-2024,23.305137254467084,23.83695730048663,23.04872333872962,23.637523651123047,638400
31-12-2024,23.760983008198124,24.150351482597973,23.5995374106638,23.637523651123047,1007500
02-01-2025,23.922427867983497,24.359279582327744,23.69450499814694,24.0363883972168,772500
03-01-2025,24.254813972766545,24.79613096833837,24.083871382297588,24.691665649414062,1352300
06-01-2025,24.88160510711286,25.185502275401323,24.397268315889374,24.558713912963867,1470800
07-01-2025,24.55871351946425,24.758145353694346,23.96041439403402,24.083873748779297,1088600
08-01-2025,23.92242722391971,24.10286502557617,23.67551033540203,24.055381774902344,901100
10-01-2025,24.739149836331976,25.02405476838476,24.43525269123824,24.720157623291016,1399000
13-01-2025,24.701165162180097,25.61285665516092,24.69166814937364,25.59386444091797,1723400
14-01-2025,25.54637813457913,27.208317256121617,25.54637813457913,27.1418399810791,2287800
15-01-2025,27.407752666606097,27.835107381555936,27.189324991281502,27.41724967956543,1700000
16-01-2025,27.303285149980773,28.290952682255003,27.284291125582453,28.072525024414062,1332700
17-01-2025,28.24346956229032,28.490386462328228,27.96806343506688,28.23397254943848,1140800
21-01-2025,28.575854523305672,28.908242689914577,28.26246038024465,28.81327438354492,1510000
22-01-2025,28.80377998030728,28.860760244741417,28.233971901855995,28.252965927124023,1289200
23-01-2025,28.347935486646342,28.46189602051781,28.053535327546687,28.110515594482425,931400
24-01-2025,28.063031003457134,28.39541922037757,27.94907046765988,28.20548439025879,1042200
27-01-2025,27.75912853537959,27.75912853537959,25.422918071738643,25.53687858581543,1878700
28-01-2025,25.78379782460166,27.151336799155427,25.69832652548143,27.094356536865234,1638700
29-01-2025,26.99938860656224,27.588188885068146,26.980394581740786,27.407751083374023,1218000
30-01-2025,27.80661864437567,28.566361580818977,27.65467005708701,28.48089027404785,1786200
31-01-2025,28.642334770298604,28.670825808580663,26.64800737480388,26.676498413085938,2003200
03-02-2025,26.41058878222108,27.398256421221344,26.201659925372585,27.17983055114746,1164600
04-02-2025,26.90442278893138,27.455236880246574,26.69549393062909,27.227313995361328,897200
05-02-2025,27.445737618038027,27.74013776047025,27.217814751828893,27.23680877685547,1461100
06-02-2025,27.5597013445212,27.59768758511712,26.439079170706307,26.65750503540039,1206800
07-02-2025,26.685995269557623,26.98989243063988,26.4770646127861,26.5720329284668,851800
10-02-2025,26.837945320513512,27.369765381545164,26.79046025438654,27.17983055114746,687300
11-02-2025,27.13234468114374,27.19882196038185,26.5720335970368,26.71448516845703,878400
12-02-2025,26.39896063043758,26.72404757154925,26.01650411829128,26.0451889038086,1007200
13-02-2025,26.16948563495362,26.523255508392094,25.94957261170284,26.3607120513916,990900
14-02-2025,26.418081283569336,26.74316821590073,26.14080232580888,26.418081283569336,1012600
18-02-2025,26.53281831848794,27.05869326739729,26.45632738367044,26.733606338500977,1240300
19-02-2025,26.61887162605524,27.20211616088885,26.60931003096265,26.89615058898925,1024700
20-02-2025,26.78141543512656,27.039573034839364,25.83483939320076,26.026065826416016,1223000
21-02-2025,26.20773426718508,26.23641905477412,25.089053082843776,25.23247337341309,1400200
24-02-2025,25.02212188934352,25.203788549961395,24.47712373117767,24.67791175842285,1743300
25-02-2025,25.4523825267568,25.787029212191225,24.54405111966649,25.24203109741211,2061800
26-02-2025,25.155977195027774,25.90176510394659,25.11773264322268,25.452381134033203,1348000
27-02-2025,25.815712582775667,26.1503610735862,25.318520643496456,25.452381134033203,1598100
28-02-2025,25.328084641430475,26.054749431575665,25.041244092759783,25.93045234680176,1930200
03-03-2025,26.11211872803709,26.217294453186355,24.59185971764244,24.88826370239257,1330500
04-03-2025,24.324140825859327,24.44843791026768,23.50186191401294,24.00861549377441,2187400
05-03-2025,23.6452810920206,24.190279201845303,23.559228566923263,24.171157836914062,1509500
06-03-2025,23.44449621897664,23.8173893284921,22.450112162018232,22.61265563964844,2219000
07-03-2025,22.708269657677256,22.918619288504942,21.58002691552681,22.631778717041016,1919200
10-03-2025,22.42142970386473,22.43098947598072,21.44616881612089,21.723447799682617,1666000
11-03-2025,21.74256970439341,23.4349337640718,21.70432514712932,23.00467109680176,2254100
12-03-2025,23.51142406624602,23.93212512689708,22.985549108198025,23.377565383911133,1745900
13-03-2025,23.38712578788189,23.616600426217783,22.736953724889577,23.00467109680176,1484400
14-03-2025,23.36800414009709,24.0659841708862,23.01423241529713,23.86519432067871,1753100
17-03-2025,23.82694881932056,24.630104540936017,23.76958107454452,24.563175201416016,1544300
18-03-2025,24.706597195446925,24.93607001421632,24.38151024626832,24.5822982788086,1020000
19-03-2025,24.754401745661017,25.806153464673,24.754401745661017,25.64361000061035,1731000
20-03-2025,25.23247142952737,25.72966343397318,25.18466527758319,25.51931381225586,1224800
21-03-2025,25.203788391657344,25.50975214002605,25.08905107417518,25.25159454345703,2606300
24-03-2025,25.6340470871802,26.169485425777072,25.60536412797197,26.11211585998535,1240100
25-03-2025,25.90176873601049,26.35115276893855,25.90176873601049,26.026065826416016,1103100
26-03-2025,26.30334522184486,26.48501187390128,25.59580362672077,25.681856155395508,966800
27-03-2025,25.76791058618208,25.825278334970715,25.29940152939664,25.404577255249023,965600
28-03-2025,25.36633169115961,25.461943994119046,24.84045490644383,25.2802791595459,937800
31-03-2025,24.744840174927848,25.194226012078524,24.47712281528513,25.08905029296875,1546300
01-04-2025,25.08905065577448,25.337646653100258,24.5727372949346,25.308961868286133,1217300
02-04-2025,24.80221157300114,25.98782206030112,24.80221157300114,25.9208927154541,993900
03-04-2025,24.2380871244874,24.486683104968368,23.215020243380675,23.339317321777344,1689900
04-04-2025,22.45967284638476,22.45967284638476,19.95459326182211,20.8342399597168,2718900
07-04-2025,19.28529577524683,21.838183281270155,19.23748962395273,20.61432647705078,3011000
08-04-2025,21.83818319832132,21.83818319832132,19.67731197691821,20.07888984680176,3033500
09-04-2025,19.639066318377992,22.947301393972243,19.46696126613317,22.45967102050781,2193100
10-04-2025,21.58002644272385,21.87642860323433,20.86292320608737,21.331430435180664,1837100
11-04-2025,21.178447226590578,21.98160294705515,20.71950162166446,21.799936294555664,1916600
14-04-2025,22.46923351204928,22.69870631630853,21.95291833470016,22.33537483215332,1431100
15-04-2025,22.36405851829695,22.97598783985832,22.316252366408506,22.50748062133789,985000
16-04-2025,22.383183295018533,22.9855510641597,22.163272062844168,22.545726776123047,1566100
17-04-2025,22.708267304386244,23.5401077933274,22.708267304386244,22.97598648071289,939100
21-04-2025,22.736952839147,22.736952839147,21.47484967221743,21.76169204711914,945300
22-04-2025,22.134584678465306,22.45011000786151,21.75213001005896,22.10590171813965,1082400
23-04-2025,22.717828386679347,23.234141714903515,22.09633934446848,22.21107482910156,1764400
24-04-2025,22.631777778828184,23.15765274594091,22.402304966432386,23.04291725158692,925600
25-04-2025,22.736951579405915,23.35844062172772,22.736951579405915,23.32019424438477,1045100
28-04-2025,23.224581935792543,23.71221048083689,23.224581935792543,23.60703659057617,974800
29-04-2025,23.4349343221883,23.6739687377671,23.14809192928102,23.205461502075195,1303400
30-04-2025,22.650899037175368,23.06203847486718,22.058092954615336,22.49791717529297,1325800
01-05-2025,22.37362005111247,23.11940805483508,22.37362005111247,22.78475952148437,2321400
02-05-2025,23.1672150475942,23.66440706812473,22.985550205379003,23.48274040222168,996200
05-05-2025,23.06204169259529,23.40625001801248,22.84212863972932,22.861251831054688,1418800
06-05-2025,22.79378491719403,23.217855855821096,21.993833963815582,23.05401039123535,1827200
07-05-2025,23.005820375910776,23.44916582787521,22.745594912386064,22.976905822753903,1430100
08-05-2025,23.51663164936355,23.70939166350989,23.005820736978475,23.47808074951172,1379500
09-05-2025,23.59373638825822,23.81540912806286,23.3913400184268,23.80577278137207,805400
12-05-2025,25.058704003292814,25.39603307868856,24.27802950868222,24.40332221984864,2286300
13-05-2025,24.38404841314714,24.78884297847168,24.20092841900434,24.53825569152832,873400
14-05-2025,24.451517902231537,24.971967053941853,24.451517902231537,24.8370361328125,1270400
15-05-2025,24.55753115403053,24.8466711690396,24.37441116665006,24.61536026000977,782300
16-05-2025,24.59608330930361,24.6057214934054,24.143097847997648,24.52861785888672,1117200
19-05-2025,24.1238229410666,24.44187565827239,24.017804755899466,24.38404655456543,745600
20-05-2025,24.40332427532652,24.644273372576265,24.29730608428201,24.451515197753903,996100
21-05-2025,24.355136953578413,24.355136953578413,23.613013239156764,23.69011688232422,962600
22-05-2025,23.613013018745463,23.69011666119321,23.13111479387311,23.59373664855957,717200
23-05-2025,23.131113589073525,23.99852998100464,23.131113589073525,23.882875442504883,931300
27-05-2025,24.16237614603774,24.4611525238738,23.719030671719445,24.374412536621094,975200
28-05-2025,24.49006657690152,24.557532031325067,24.22984110558576,24.33585929870605,1079300
29-05-2025,24.46115278483208,24.50934370970414,24.07563457733471,24.1623764038086,803400
30-05-2025,24.008167618575435,24.10454762399306,23.68047670313292,23.9985294342041,1309400
02-06-2025,24.499705288686744,24.80811985171321,24.17201435589717,24.57680892944336,1109200
03-06-2025,24.711737992776847,25.135808904366005,24.538254354476933,24.933412551879883,1274900
04-06-2025,24.79847823344653,25.0394273072382,24.162372825700206,24.258752822875977,1001500
05-06-2025,24.538254594813285,25.039429146300456,24.229840051835232,24.721376419067383,1056500
06-06-2025,25.18400137337042,25.511692325713657,24.99124317912469,25.45386505126953,956900
09-06-2025,25.598432109965792,25.69481211853115,25.000879365792933,25.04906845092773,1036400
10-06-2025,25.25146558680426,25.39603467440172,23.892512854455884,23.902149200439453,1479400
11-06-2025,24.017805996391544,24.13346237148336,23.641925994360648,23.892513275146484,1663500
12-06-2025,23.6901164225148,24.008169174194336,23.622650965839725,24.008169174194336,1045300
13-06-2025,24.32622134169673,24.403324981516064,23.77685767819701,23.92142677307129,1397900
16-06-2025,24.08527400077172,24.326223122634136,23.6226521279869,23.670841217041016,1199400
17-06-2025,23.767217947609574,24.04671977271068,23.70939068108011,23.91178703308105,999900
18-06-2025,23.88287652181278,24.355136558336444,23.64192741103769,24.056358337402344,1507700
20-06-2025,24.229838926027696,24.30694255818969,23.796131684477327,24.037080764770508,1631000
23-06-2025,24.210566229653818,24.210566229653818,23.28532073536537,23.47808074951172,1182200
24-06-2025,23.30459488270008,23.9792511913026,23.20821488481528,23.84432029724121,1234600
25-06-2025,23.74793947360414,23.988888540790207,23.487715878147764,23.66119766235352,939900
26-06-2025,23.651565759123187,24.3744130964319,23.651565759123187,24.30694580078125,1175400
27-06-2025,24.326220580185765,24.422600586516783,23.95034057762008,24.09490966796875,1586500
30-06-2025,24.18165189101252,24.29730642989188,23.902150051845176,23.93106460571289,1307500
01-07-2025,23.89251352584454,24.05635714830889,23.381700774464075,23.680477142333984,2024500
02-07-2025,23.863597367566022,23.88287373537004,23.19857738469262,23.825044631958008,1337000
03-07-2025,23.82504731304948,24.03708370616333,23.65156549817789,23.80577278137207,1011900
07-07-2025,23.622650864524697,23.661201766046908,22.947992624075795,23.09256172180176,1441400
08-07-2025,23.16966473422116,23.71902835005843,22.82269746598893,23.16002655029297,1801400
09-07-2025,23.21785601058604,23.32387420552344,22.59138870239257,22.59138870239257,1778700
10-07-2025,22.543196700086337,22.639576705575067,22.205869438319336,22.46609306335449,1586300
11-07-2025,22.40826664423176,22.678130302163822,22.360077558809785,22.49500846862793,1787600
14-07-2025,22.43718249891932,22.928718919555106,22.29261155768253,22.91908073425293,1641700
15-07-2025,22.813060855054644,23.0925608550615,22.44681903200876,22.50464630126953,1173100
16-07-2025,22.51428402949391,22.62993856567112,22.18659311316564,22.311885833740234,1281900
17-07-2025,22.18659711595636,22.58175355606269,22.18659711595636,22.40826988220215,1878200
18-07-2025,22.658853657071283,22.74559548041239,22.331162732959484,22.55283546447754,1840400
21-07-2025,22.552835380033223,22.58174993380392,21.955282641804946,21.99383354187012,1170200
22-07-2025,21.887813837516163,22.07093565548775,21.829986572265625,21.829986572265625,1427700
23-07-2025,22.04202526419271,22.41790528536453,21.849265241989013,22.17695617675781,1820900
24-07-2025,22.215505584110296,22.581749234006327,22.186592869531346,22.52392196655273,1409100
25-07-2025,22.7841461515298,22.870887973998723,22.43718069994981,22.45645523071289,1280000
28-07-2025,22.649215669445766,22.79378476350648,22.437181120709774,22.44681930541992,1134700
29-07-2025,22.51428508773612,22.95763056108023,22.485370533184888,22.793785095214844,1505900
30-07-2025,22.69740559994513,22.8612510695277,22.14804191907883,22.32152557373047,1927500
31-07-2025,22.2155078131306,22.658855143547115,22.15768053987483,22.51428604125977,1787200
01-08-2025,22.2251452761201,22.427543483381584,21.50229794987846,21.6661434173584,1764400
04-08-2025,21.666142965842155,22.13840298854943,21.61795388041529,21.98419570922852,2030000
05-08-2025,21.77991782637731,21.857737916235816,20.59316099219078,21.40054512023925,3263500
06-08-2025,21.83828328713433,22.324659290363364,21.604821172852454,22.18847274780273,2046500
07-08-2025,22.577570434152832,22.83048614772572,22.07174086238404,22.217653274536133,1633600
08-08-2025,22.460844307938743,22.606756739978337,22.12038072959487,22.58730125427246,1240100
11-08-2025,22.69430378497087,23.01531186650081,22.480299015743302,22.82076072692871,1464300
12-08-2025,23.034766125310853,23.384957415747827,22.772122657483123,23.346046447753903,1521400
13-08-2025,23.482232777253834,23.530871490668588,23.054223231467223,23.355775833129883,1322900
14-08-2025,23.28768565984922,23.44332584652576,22.99585891829769,23.27795791625977,1172500
15-08-2025,23.355776093838323,23.462779409168,22.96667565906299,23.209863662719727,1313300
18-08-2025,23.054224588175416,23.52114513217143,23.00558587189834,23.511417388916016,1449900
19-08-2025,23.375230266601,23.65732737020327,23.346047039865404,23.462778091430664,1071200
20-08-2025,23.58923700088849,24.104796250699405,23.326593504454035,23.939428329467773,1091000
21-08-2025,23.890791491759902,24.36743980679866,23.72542355753198,24.27989196777344,1790200
22-08-2025,24.24098020917968,24.83435953012064,24.24098020917968,24.513351440429688,1816300
25-08-2025,24.5328045892315,24.58144330209533,23.277955483379507,23.365503311157227,1505200
26-08-2025,23.35577668200737,23.8713359306788,23.23904562094652,23.73514938354492,1654100
27-08-2025,23.71569231745132,24.095066849090905,23.71569231745132,23.86160659790039,953100
28-08-2025,24.00752067598164,24.21179771407217,23.84215275474667,24.143705368041992,1130000
29-08-2025,24.27016390519432,24.30907302162145,23.95888169689089,24.08534049987793,1153700
02-09-2025,23.988065991301514,24.02697696483435,23.579510046093425,23.77406120300293,1002800
03-09-2025,24.075611718568165,24.532804485288025,23.9394270338808,24.464712142944336,1870600
04-09-2025,24.668990828830644,24.814903254887174,24.416075091156657,24.746810913085938,1469300
05-09-2025,24.6203534330344,24.91218015612887,24.250708476900776,24.561988830566406,1703900
08-09-2025,24.620352428162818,24.74681122628889,23.501688007068413,23.569780349731445,2225600
09-09-2025,23.72542024095505,24.07561154810269,23.35577530425922,23.37523078918457,1713800
10-09-2025,23.52114517345036,24.10479678215833,23.482234200360416,24.0561580657959,1516800
11-09-2025,24.017246784665502,24.172886952250952,23.851878874683827,24.133975982666016,1626500
12-09-2025,24.04642973920417,24.211797660070307,23.72542164050841,23.73514938354492,1150100
15-09-2025,23.79351231893524,23.881060144751203,23.404411901629373,23.45305061340332,1631900
16-09-2025,23.41414154862155,23.62814818708113,23.19040902239316,23.384960174560547,1331500
17-09-2025,23.28768236607508,23.59896269540113,22.966674294535444,23.190406799316406,1445600
18-09-2025,23.43359703223101,23.871336196868864,23.258501366375864,23.793514251708984,1828600
19-09-2025,23.99779342067088,24.09506899785277,23.28768486138451,23.44332504272461,3584000
22-09-2025,23.637873545807327,23.812969207763672,23.2293176197016,23.812969207763672,1860700
23-09-2025,23.929699109160747,25.17482045768478,23.89078813933079,24.88299560546875,2113600
24-09-2025,25.291551788041108,25.525012043439304,24.980271447510184,25.00945281982422,1617300
25-09-2025,24.814902909373497,25.797382619027594,24.805175167054887,25.787654876708984,2002700
26-09-2025,25.884930709906293,26.381034440979008,25.63201497316076,25.77792739868164,1621100
29-09-2025,25.84602218645412,25.92384227778909,25.20400596909629,25.69038200378418,1646600
30-09-2025,25.632018198079752,25.87520622300389,25.359646942228856,25.593107223510746,1847500
01-10-2025,25.1261834060819,25.456919225565148,24.873267670278405,25.16509437561035,1191600
02-10-2025,25.20400219244127,25.612558074574764,24.377162686292888,24.52307510375977,1463600
03-10-2025,24.853813696758944,25.009453873582213,24.41607639520998,24.4258041381836,1292600
06-10-2025,24.59117416560732,24.62035554165193,23.307139813699216,23.39468765258789,1651500
07-10-2025,23.394685536615075,23.705967744163363,23.1806807583418,23.67678451538086,1375400
08-10-2025,23.939429237993,25.18455071063555,23.686513475018145,25.13591384887696,1840800
09-10-2025,24.85381450798972,25.09700252413591,24.23125378037621,24.32852935791016,996100
10-10-2025,24.153431569410102,24.532804247578817,23.2098628175184,23.239044189453125,1273000
13-10-2025,23.657326785468232,23.72541912412447,23.33631872081948,23.48223114013672,1405900
14-10-2025,23.248773624995,23.59896495673185,23.025041098775244,23.52114486694336,2833700
15-10-2025,23.676783666237355,24.13397643516966,23.52114349573371,23.63787269592285,1132200
16-10-2025,23.84215095086952,24.0172466019151,23.01531140725265,23.112586975097656,1470800
17-10-2025,23.08340383538185,23.6086907905041,22.86939906961565,23.589235305786133,1015800
20-10-2025,23.783786781848228,24.367436488704712,23.735148069358743,23.919971466064453,2085100
21-10-2025,24.16315973300422,24.202068848054417,23.64760050710449,23.97833633422852,1729900
22-10-2025,24.065885330843653,24.678720157191147,23.919972895410485,24.552261352539062,1613200
23-10-2025,24.863539528674067,24.9413596111043,24.386891291866736,24.766263961791992,1549000
24-10-2025,24.882997248002408,25.242916321179223,24.571716890323696,24.75654029846192,1364200
27-10-2025,25.11645612533251,25.27209629555264,24.834359012574964,24.873268127441406,1275200
28-10-2025,24.51335041356805,25.077546482584,24.386891618315417,24.9608154296875,1664100
29-10-2025,25.35964403463194,25.486102832104763,23.939427022490364,24.26043510437012,3210000
30-10-2025,24.202069244655668,25.038636568781467,24.04642907115001,24.717628479003903,2715600
31-10-2025,24.66898970198274,24.892722202074744,24.41607397586161,24.58144187927246,2226900
03-11-2025,24.561987530178307,24.98027117903773,23.93942685580735,24.95108795166016,2487100
04-11-2025,24.59800674127599,25.215898433886696,24.51954427442554,24.892240524291992,2560100
05-11-2025,24.96089622557393,25.27474608550612,24.480311523023445,24.53915977478028,2278200
06-11-2025,24.56858405435916,24.79416529662891,24.2056958254212,24.33319664001465,2064300
07-11-2025,24.274349404388097,24.47050651148856,23.764342422481143,24.107616424560547,2225600
10-11-2025,24.421466502908885,24.803972677873524,23.81338283307641,24.509737014770508,1460900
11-11-2025,24.36261950395555,24.52935248096648,24.019345507675084,24.15665435791016,1228100
12-11-2025,24.13704109211621,24.57839178693221,23.36222255948796,23.568187713623047,2418500
13-11-2025,23.646649297053,23.78395814753045,22.87183079348957,23.05817985534668,1589400
14-11-2025,23.20529676886413,23.744725999673484,22.75413804792436,23.62703323364257,1794600
17-11-2025,23.61722325363667,23.931073098225703,22.74432813953683,22.8129825592041,1633200
18-11-2025,22.773752752394834,23.06798841519612,22.44028679030241,22.80317687988281,1566200
19-11-2025,22.65605836112229,23.048370679399053,22.557979813879925,22.960100173950195,1016200
20-11-2025,23.1660671186995,23.764342749266508,22.508943232777444,22.597213745117188,2058800
21-11-2025,22.646250634262657,23.11702542274168,22.508941788629453,22.871829986572266,1469100
24-11-2025,22.63644174251176,23.00913796839265,22.46970877734836,22.9306755065918,1125400
25-11-2025,22.930677511131307,23.74472632498692,22.930677511131307,23.53876304626465,1340600
26-11-2025,23.5485717580452,24.09780905427597,23.5485717580452,23.64665031433105,1568000
28-11-2025,23.64664773400796,24.0879983830948,23.597607525869865,24.068384170532227,749200
01-12-2025,23.960499868581103,23.999730168140548,23.63684194677111,23.734920501708984,1347900
02-12-2025,23.734919234931773,23.921266421605907,23.372029162237617,23.55837821960449,1670100
03-12-2025,23.70549461066584,24.313580109493405,23.53876164088188,24.097806930541992,1329800
04-12-2025,24.10761546315993,24.666660764201133,24.038961039620528,24.65685272216797,1108200
05-12-2025,24.735315325173463,25.11782148382117,24.441081545314685,24.450889587402344,1846500
08-12-2025,24.23511743667959,24.803972677873524,23.705496236202688,24.509737014770508,2079600
09-12-2025,24.509737533537383,25.13743730166769,24.34300454879116,24.82358741760254,1246800
10-12-2025,24.91185826069693,25.9024481395574,24.78435744511957,25.588598251342773,4093600
11-12-2025,25.43167266067522,25.88283139584052,25.17666916531068,25.76513862609864,2170400
12-12-2025,25.990717728480053,26.0299498984556,25.500326827942693,25.608213424682617,2006400
15-12-2025,25.57878988223144,25.79456120995352,25.304170298200084,25.676868438720703,1938700
16-12-2025,25.5297509233733,25.794560587604472,24.529353038566747,24.754932403564453,1911500
17-12-2025,24.91185714924466,25.09820621356789,24.588199232626845,24.92166519165039,2645900
18-12-2025,24.862818952440293,25.117822444393195,24.607815460487394,24.71570205688477,1734300
19-12-2025,24.67646915987083,25.255130553271105,24.67646915987083,24.853010177612305,2136200
22-12-2025,24.872626660535065,25.313977341268483,24.872626660535065,25.088397979736328,1720100
23-12-2025,25.206092288083536,25.608212664938645,25.157052077069025,25.46109390258789,1130000
24-12-2025,25.451289380405044,25.69648483928874,25.215900093666946,25.304170608520508,485100
26-12-2025,25.26493872491386,25.40224757466408,25.068781621819745,25.215898513793945,780100
29-12-2025,25.343401627641093,25.5591729481993,25.166860605960377,25.4512882232666,1155400
30-12-2025,25.529750228764687,25.85340813907928,25.4807100176911,25.74552154541016,1085200
31-12-2025,25.72590652021574,25.85340920356408,25.402248596574907,25.519943237304688,895800
02-01-2026,25.5003276442582,26.206489890188216,25.284556314563915,26.11821937561035,975200
05-01-2026,26.667457211235654,26.853804403160453,25.52975049228378,25.90244674682617,1523400
06-01-2026,25.78475451068385,25.89263923699244,25.363018035888672,25.363018035888672,1341700
07-01-2026,25.372825814150687,25.676867646260227,25.117822323425884,25.206092834472656,1304500
08-01-2026,25.058974633677483,25.69648431020321,24.88243547829816,25.55917358398437,1478200
09-01-2026,25.62782702012608,25.89263854898796,25.08839779083805,25.255130767822266,1192200
12-01-2026,25.46109484675469,25.755330511674483,24.686278190920863,24.87262725830078,1495800
13-01-2026,25.382631605043656,26.010333215368806,25.29436296601404,25.53955841064453,1950500
14-01-2026,25.51013506388167,25.83379298586293,25.30416991133385,25.44148063659668,1344800
15-01-2026,25.35321051179115,25.89263976644278,25.068782885041585,25.676868438720703,1427200
16-01-2026,25.77494697477464,26.02014243045696,25.461095220119265,25.961294174194336,1166400
20-01-2026,25.96129399696668,26.441876862340127,25.94167978237257,26.41245460510254,1242800
21-01-2026,26.961691558913177,27.648239569772244,26.843998790058546,27.35400390625,1531100
22-01-2026,27.35400490118494,27.481507587890025,27.069579140530266,27.37362098693848,1457400
23-01-2026,27.63843340934859,27.97189939496616,27.216696905732668,27.314775466918945,1092500
26-01-2026,27.56977567367148,27.922855832657618,27.373618574807047,27.62862205505371,1048100
27-01-2026,27.64823920907705,28.079781850171297,27.579584783025368,27.97189712524414,818800
28-01-2026,28.128821334010805,28.442671199661746,27.697276833394376,27.824779510498047,1536300
29-01-2026,28.33478404785613,28.933061511633618,27.98170389131064,28.60940361022949,1767200
30-01-2026,29.207682760783683,29.57057098023108,28.25632321482589,29.021333694458008,1796500
02-02-2026,28.57998145549061,29.17825896052991,28.442672600180416,28.93306350708008,1759300
03-02-2026,28.87421530455022,29.335182054570787,28.658442121852847,29.2567195892334,1689000
04-02-2026,29.443070826188208,29.570571640293167,28.678060329479845,29.413646697998047,1767700
05-02-2026,29.14883311687616,30.69846821663507,29.12921890348129,30.14923095703125,3086300
06-02-2026,30.45327539534352,31.796945469068223,30.404237051601967,31.434057235717773,2816500
09-02-2026,31.42425247551933,32.23829949408717,31.37521225888134,31.72829246520996,1971900
10-02-2026,31.93566351388928,32.02453842346517,31.382665541473912,31.471540451049805,1440300
11-02-2026,32.34053647964796,32.34053647964796,31.54066419638674,31.985036849975582,1662800
12-02-2026,32.24179001384032,32.301037444012394,31.22466706434784,31.372791290283203,1640900
13-02-2026,31.283916259818152,32.58741245672695,30.8691672986652,32.25166320800781,1507900
17-02-2026,32.37016222808499,32.61703656787699,31.836916517056927,32.29116439819336,1373100
18-02-2026,32.87378992443189,32.99228855974121,32.23191509641599,32.48866653442383,1316400
19-02-2026,32.62691045954374,33.15028280326725,32.23191004771268,32.45903396606445,1424200
20-02-2026,32.36028574660824,32.56765926766815,31.975162416924665,32.45903396606445,1459300
23-02-2026,32.45903444981943,32.99228388363774,32.14303562244631,32.40966033935547,1328600
24-02-2026,32.488662732600474,33.39715844199925,32.01466071282352,33.27865982055664,1320800
25-02-2026,34.55253254204694,34.848780981712004,33.43665952673847,34.5920295715332,2348200
26-02-2026,34.522905087696344,35.451154970897406,34.10815802524733,34.987030029296875,2900900
27-02-2026,34.463658618981746,35.29315653396651,34.29578211260213,34.888282775878906,2256600
02-03-2026,35.71777828065292,36.47815171218981,34.621659357609815,36.32015228271485,2505300
03-03-2026,36.01403099227611,36.36953065513545,35.312904982968604,36.27077865600586,1772600
04-03-2026,36.07327475535493,36.794147324157166,35.65852770220975,36.57690048217773,1837400
05-03-2026,36.73490339070984,36.73490339070984,34.562408395317725,35.3524055480957,2211400
06-03-2026,35.2536565769811,35.46103011892133,34.6907833819985,34.8784065246582,1321500
09-03-2026,34.750030966911645,35.62890678727584,34.32540679800649,35.49065399169922,1776300
10-03-2026,35.293157340541015,36.34977921547826,35.13515791345704,35.66840362548828,1308500
11-03-2026,35.461032376298014,35.806654968200014,34.84878502764145,35.510406494140625,1320700
12-03-2026,35.19440393358218,35.520279857820654,34.56240625057786,34.63153076171875,1304900
13-03-2026,34.858656063168915,35.046282972497266,34.02915812988485,34.177284240722656,1485600
16-03-2026,34.947532553589866,35.24378102163285,34.32540813379703,35.036407470703125,1648500
17-03-2026,35.075907484287164,35.964652868483164,35.075907484287164,35.747406005859375,1498500
18-03-2026,35.717776049667194,35.93502666425181,35.17465328020897,35.293155670166016,1701100
19-03-2026,35.00678406662078,36.162154232407325,34.88828543174609,35.86590576171875,1682400
20-03-2026,36.083155571861845,36.28065580346607,34.77965931707897,35.08578109741211,3560500
23-03-2026,35.47090226577966,36.71515101041196,35.34253032519323,36.33990097045898,2001700
24-03-2026,36.19177883523761,37.25827399821608,36.093026841533714,36.5571517944336,1508600
25-03-2026,36.84352538395293,37.08052262491838,36.18190023833432,36.39915084838867,1581600
26-03-2026,35.56965716455578,36.07327918623526,35.20428417757248,35.253658294677734,1525700
27-03-2026,34.96728334243122,35.54990696842726,34.91790922504248,35.07590866088867,1829000
30-03-2026,35.470902197624255,35.470902197624255,33.85140718315412,34.05878448486328,1997800
31-03-2026,34.32540551377684,34.937656570270704,33.96990963946205,34.36490631103516,1803800
01-04-2026,34.06865817776399,34.226657601241605,33.40703676914006,33.70328521728516,1723700
02-04-2026,33.41691034493584,34.33528317823044,33.13053521046689,34.22665786743164,1284600
06-04-2026,34.22665636896512,34.671030908685466,33.979782043231964,34.46365737915039,1362900
07-04-2026,34.37478641497705,34.91790924050106,34.23653361242219,34.680908203125,1247900
08-04-2026,34.27603420117752,35.49065556358443,33.93041161443705,35.253658294677734,2141800
09-04-2026,35.145029818008105,36.13252713937163,35.145029818008105,35.42152786254883,1594100
10-04-2026,35.4906531599656,35.68815338201451,34.819154665201346,35.50053024291992,1158000
13-04-2026,35.80665314495751,36.32015223178195,35.70790491430046,36.01403045654297,1432400
14-04-2026,35.79677953579732,36.5472758768594,35.145031424584324,35.88565444946289,1191300
15-04-2026,35.559781080231176,36.07328019996423,35.54990776333413,35.85603332519531,1028100
16-04-2026,35.70790603791011,36.1127798235497,35.54990660368498,35.73752975463867,1165300
17-04-2026,35.36228166449592,35.90540445674186,34.463659221469804,35.846153259277344,1764100
20-04-2026,35.66840219288971,36.21152496623898,35.18453061494345,35.42152786254883,1155700
21-04-2026,35.648652958687315,36.181902433720055,34.67103268813075,34.750030517578125,1229100
22-04-2026,35.016654980871486,35.628906047560385,35.016654980871486,35.41165542602539,1209500
23-04-2026,35.609157804145774,36.310280058082014,35.54990660368498,35.73752975463867,1108800
24-04-2026,35.648656083617944,37.14965264472869,35.41165880749739,36.86328125,1472800
27-04-2026,37.05090303044527,37.29777738131417,36.69540336247347,36.92252731323242,1363300
28-04-2026,37.25827467126447,37.682898834353374,36.98177661790554,37.5150260925293,1353500
29-04-2026,37.682897951126506,38.11739542007854,37.10027437591634,37.524898529052734,1595100
30-04-2026,37.41627368631833,38.57164753532045,37.32739877485663,38.26552200317383,1491000
01-05-2026,38.15689641189272,38.90739649582213,37.682898143254704,38.53214645385742,1480600
04-05-2026,38.43339587418639,39.20364638518947,37.8606493578031,38.3840217590332,1732700
05-05-2026,38.40377364498054,39.61839500637986,38.17664969288184,39.33202362060547,1521600
06-05-2026,36.29052774533822,39.10489369633857,35.54990473012723,38.61114501953125,2998200
07-05-2026,38.01865006569089,38.01865006569089,36.58677807604985,37.62364959716797,2007900
08-05-2026,37.65327579904931,37.65327579904931,36.2806550565152,36.49790191650391,2005700
11-05-2026,36.74477481956343,37.23852348556242,36.1621512430045,36.25102615356445,2426700
12-05-2026,36.30069954321823,37.25441156987551,35.76423510708049,36.98617935180664,1511400
13-05-2026,37.02591745358579,37.15506713852791,35.99272755347814,36.55899429321289,2284800
14-05-2026,36.32056839924655,37.03585051220676,36.15167976568624,36.97624588012695,2086600
15-05-2026,36.82722870299379,37.51270853681508,36.55899647505115,37.184871673583984,1744300
18-05-2026,36.99611721112175,38.38694634870816,36.95637826126404,38.3670768737793,1328800
19-05-2026,38.227995387174175,38.23793201976848,37.512709428982106,37.79087829589844,1404300
20-05-2026,38.13858236919128,38.90354007561555,36.90670528096847,37.0457878112793,1958600
21-05-2026,37.0954613546717,37.25441336678137,36.310634136879926,36.65834426879883,1899900
22-05-2026,36.55899639757297,37.035852427444354,35.784105822746334,37.00605010986328,1199400
26-05-2026,37.02592028947039,37.68159781673623,36.549064250523855,37.19480514526367,1830800
27-05-2026,36.727885943609,36.79742721281922,36.09207788813552,36.131813049316406,1395500
28-05-2026,35.96292544898,36.03246671288495,34.30386037794076,34.3734016418457,2236100
29-05-2026,34.2740595017566,34.472750459709744,33.2110672348793,33.27067565917969,2290000
01-06-2026,33.27067732316918,33.429629339538515,32.38650270554258,32.70440673828125,2338600
02-06-2026,32.734211495831,34.125040634234054,32.56532285369397,33.985958099365234,2244000
03-06-2026,34.30386211898393,34.591963821049255,33.93628630687135,33.985958099365234,1476500
04-06-2026,33.89654884860302,34.572095867448795,33.77733578342877,34.542293548583984,1452300
05-06-2026,34.42307833128301,34.66150444672514,33.77733367167392,33.97602462768555,1430200
08-06-2026,34.23432239661814,34.97941068679842,34.23432239661814,34.66150665283203,1534800
09-06-2026,34.86019645177676,35.178100475076064,34.3237319913161,34.93967056274414,1289000
10-06-2026,35.07875584795627,35.57548134333519,34.97940847505163,35.45626449584961,1345900
11-06-2026,36.08214113907239,36.30070157857894,35.56554614823915,35.833778381347656,1718900
12-06-2026,35.883450396883966,37.04579008087641,35.81390912746813,36.370243072509766,1948100
15-06-2026,36.01259869701129,36.5788654630009,35.72449699790364,36.052337646484375,1443900
16-06-2026,35.94305718495507,36.33050246538604,35.34698810578662,35.515872955322266,1304400
17-06-2026,35.4860724346559,35.85364825909339,35.00921638923876,35.247642517089844,1416700
18-06-2026,35.525807560109605,36.78749083699598,34.8303948631537,36.72788619995117,2980300
22-06-2026,36.56893276927191,37.86041831468311,36.43978307781634,37.83061599731445,1641500
23-06-2026,37.055723255653575,39.10223377458928,36.757688699814295,38.80419921875,2898400
24-06-2026,38.1882548441002,39.40026626945839,37.70146597929275,38.53596496582031,4757500
25-06-2026,38.74458805970315,41.29775676456281,38.74458805970315,41.12887191772461,2883200
26-06-2026,41.228216373989824,41.95343514700748,40.83083445931846,41.675270080566406,7553300
29-06-2026,40.92024452948058,41.705071713741056,39.83738280896221,40.18509292602539,3332300
30-06-2026,40.23476608905533,41.93356641439499,40.23476608905533,40.443389892578125,2446000
01-07-2026,40.42352155109988,40.42352155109988,38.44655609895736,38.506160736083984,1758200
02-07-2026,38.62537745943637,39.06249455232157,36.1119437536303,36.54906463623047,1692000
06-07-2026,36.4993914453804,37.6319249802022,36.08214005429536,36.29076385498047,1597100
07-07-2026,36.22122073896078,37.88028579663878,36.22122073896078,37.68159484863281,2233100
08-07-2026,37.95976128807343,39.48967671695362,37.76107033281247,39.30092239379883,1779300
09-07-2026,39.48967817762266,40.026142639755896,38.18825597275458,38.25779724121094,1352600
10-07-2026,38.05910755089885,38.51609408187469,37.5325759663518,38.27766418457031,926100
13-07-2026,38.55583605613691,39.102233367776805,37.53257891245735,37.85048294067383,1353000
14-07-2026,38.40681387018162,38.923408822912215,37.81074481149268,38.27766418457031,1439800
15-07-2026,38.31740525610533,38.31740525610533,37.08552812261554,37.24448013305664,1869900
16-07-2026,37.25441143446458,37.70146512962109,36.648405735442935,36.68814468383789,1464500
17-07-2026,36.43978391513887,36.91663995256887,35.823845340506146,36.89677047729492,1129800
20-07-2026,37.294152998003725,37.50277680713434,36.36030659381247,36.78749084472656,2658500
21-07-2026,37.34382154963873,38.19818997728393,36.469583648128,38.03923797607422,1784100
22-07-2026,38.19819064633023,38.39688159875113,37.90015611255624,38.10877990722656,1116100
23-07-2026,38.327342256603664,38.50615995406692,37.35375691987152,38.13858413696289,1164400
24-07-2026,38.74459091962705,39.34066003327377,35.55561396115858,35.9033203125,2076200
27-07-2026,35.88344872505266,36.47952159333622,34.94960615803762,35.45626449584961,1354000
28-07-2026,35.49600520373796,35.605285424490205,34.12504170744466,35.06882095336914,1494800
29-07-2026,35.764234124892944,36.07220528304345,34.77078317697925,34.899932861328125,1541200
30-07-2026,35.41653113202533,35.77417032347008,34.522423679126,35.18803405761719,1482800
31-07-2026,35.7145645441966,35.90331887167639,34.96947628718157,35.52580642700195,1223900
03-08-2026,34.92973834069571,35.20790341859669,34.31379975832283,34.88999938964844,1787100
04-08-2026,34.779998779296875,35.810001373291016,34.650001525878906,35.7400016784668,1695300
05-08-2026,33.5,34.88999938964844,33.060001373291016,33.93000030517578,4396700
06-08-2026,34.13999938964844,34.56999969482422,33.2400016784668,33.349998474121094,2697100
07-08-2026,32.91999816894531,33.84000015258789,32.86000061035156,33.08000183105469,1739000
10-08-2026,33.209999084472656,33.529998779296875,32.59000015258789,33.130001068115234,2201400
11-08-2026,33.400001525878906,33.65999984741211,32.91999816894531,32.9900016784668,873200
12-08-2026,33.29999923706055,33.70000076293945,33.119998931884766,33.279998779296875,1097400
13-08-2026,33.290000915527344,33.880001068115234,33.15999984741211,33.34000015258789,1130900
14-08-2026,33.34000015258789,34.709999084472656,33.34000015258789,34.689998626708984,926000
17-08-2026,34.84000015258789,34.86000061035156,34.02000045776367,34.619998931884766,2534500
18-08-2026,34.630001068115234,34.81999969482422,34.099998474121094,34.119998931884766,1155800
19-08-2026,34.560001373291016,34.90999984741211,32.08000183105469,32.290000915527344,1635200
20-08-2026,32.61000061035156,32.7400016784668,31.90999984741211,32.279998779296875,1562200
21-08-2026,32.33000183105469,32.59000015258789,31.190000534057617,31.799999237060547,2074000
24-08-2026,31.6200008392334,31.780000686645508,30.61000061035156,30.700000762939453,2710500
25-08-2026,30.86000061035156,31.540000915527344,30.65999984741211,30.709999084472656,2524200
26-08-2026,30.65999984741211,32.119998931884766,30.309999465942383,31.670000076293945,1762200
27-08-2026,31.559999465942383,32.189998626708984,30.850000381469727,32.060001373291016,2270200
28-08-2026,32.279998779296875,32.279998779296875,31.21999931335449,31.239999771118164,2416400
31-08-2026,31.81999969482422,31.950000762939453,31.01000022888184,31.520000457763672,1917100
01-09-2026,31.549999237060547,31.989999771118164,31.18000030517578,31.690000534057617,1584500
02-09-2026,31.5,32.40999984741211,31.100000381469727,32.29999923706055,2035100
03-09-2026,32.2400016784668,33.029998779296875,32.06999969482422,32.560001373291016,1688200
04-09-2026,32.5,32.72999954223633,32.130001068115234,32.689998626708984,1128600
08-09-2026,32.93000030517578,33.56999969482422,32.58000183105469,33.36000061035156,1849100
09-09-2026,33.540000915527344,33.95000076293945,32.72999954223633,32.959999084472656,1519400
10-09-2026,33.02000045776367,33.02000045776367,31.96999931335449,32.36000061035156,2297000
11-09-2026,32.709999084472656,33.16999816894531,32.31999969482422,32.77000045776367,1082500
14-09-2026,32.27000045776367,32.27000045776367,30.440000534057617,30.489999771118164,2805400
15-09-2026,30.61000061035156,30.989999771118164,29.8700008392334,30.57999992370605,2859500
16-09-2026,30.700000762939453,31.65999984741211,30.6299991607666,31.049999237060547,1793300
17-09-2026,31.3,31.68,30.9,31.22,1855900
18-09-2026,31.18,31.61,31.0,31.56,4487900
21-09-2026,31.5,31.59,30.69,30.73,987700
22-09-2026,30.56,31.36,30.35,30.4,1512100
23-09-2026,30.44,31.01,30.25,30.84,960100
24-09-2026,30.97,30.99,29.93,30.68,1234600
25-09-2026,30.44,31.02,30.3,30.43,1333600
28-09-2026,30.87,31.04,30.34,30.55,979100
29-09-2026,30.32,30.8,29.89,29.99,1269800
30-09-2026,30.07,30.6,29.75,30.29,1396900
01-10-2026,30.17,30.49,29.92,30.42,1371800
02-10-2026,30.36,31.34,30.21,30.33,1453500
