Date,Open,High,Low,Close,Volume
30-09-2021,32.96857071397324,32.96857071397324,32.379452305474736,32.44572830200195,43100
01-10-2021,32.6740157828831,33.99953313462299,32.416277312233746,33.77861404418945,42100
04-10-2021,33.55032778311574,33.86697946772137,33.0937585393217,33.675514221191406,19200
05-10-2021,33.874346835037066,34.09526592648131,33.461962470972786,33.75652313232422,28900
06-10-2021,33.55033181516627,33.793341969104254,33.020123756918146,33.69024658203125,12100
07-10-2021,33.65342749444408,34.441374027216256,33.65342749444408,34.205726623535156,20900
08-10-2021,34.25728466557469,34.4413844308825,33.94799559910503,34.0363655090332,11500
11-10-2021,34.109991961185635,34.109991961185635,33.70497318574532,33.91852951049805,11400
12-10-2021,34.22045686163283,34.70648001019664,34.22045686163283,34.45610427856445,15400
13-10-2021,34.41192486604037,34.88321977566236,33.92590163935029,34.72857666015625,17100
14-10-2021,34.832883829528335,35.086214007434556,34.63916208985265,34.8179817199707,25800
15-10-2021,35.384251367067115,35.384251367067115,34.17720604437998,34.192108154296875,32000
18-10-2021,34.03563986399441,34.616807932495846,34.03563986399441,34.601905822753906,8500
19-10-2021,34.60934878764167,35.58541254806476,34.497584416434954,34.646602630615234,13600
20-10-2021,34.430533571684656,35.145817738782355,34.430533571684656,35.0564079284668,19800
21-10-2021,35.197973198730644,35.265031260672124,34.86268288902325,35.093658447265625,23400
22-10-2021,35.22032821557665,35.22032821557665,34.69876577886988,34.803077697753906,18100
25-10-2021,34.87013566789222,34.87013566789222,34.348573232651894,34.38582992553711,32200
26-10-2021,34.34856880256977,34.65405488573708,34.0356330871582,34.0356330871582,20900
27-10-2021,34.132502977015676,34.162304354929425,33.70035031096727,33.81211471557617,17600
28-10-2021,34.6838660749054,35.37679854672073,33.93132800628934,34.91484451293945,24400
29-10-2021,35.01915734326733,35.28738964151358,34.557203297558175,34.572105407714844,51500
01-11-2021,34.944645696130756,36.12933631833295,34.5348448187286,35.99522018432617,37900
02-11-2021,36.13678829971069,36.13678829971069,35.421504100050804,35.79404830932617,19100
03-11-2021,35.481108038402944,37.08304920038317,35.242679982985415,36.73285675048828,31200
04-11-2021,36.9563783374222,36.9563783374222,35.57051649465505,36.635990142822266,32900
05-11-2021,37.10539526470687,38.282636095197,36.97127914877037,38.14106750488281,36600
08-11-2021,38.36460229203521,38.36460229203521,36.73285690566297,37.29912567138672,25100
09-11-2021,37.60461672735055,38.61048504464727,37.44814598544619,38.357154846191406,25200
10-11-2021,38.46146868843417,38.521077134458885,38.09637690453778,38.342254638671875,20300
11-11-2021,38.42420765109255,38.45401186853587,38.066565568632555,38.24538803100586,14400
12-11-2021,38.20068204539921,38.23048626310823,37.73127556448533,37.746177673339844,15100
15-11-2021,38.05166872104051,38.64773894088815,37.75363218997318,38.640289306640625,20900
16-11-2021,38.14853287366583,38.5285267690684,37.798340358988476,38.342254638671875,20200
17-11-2021,38.111268154704895,38.54341789607707,37.63440924926872,38.43910598754883,36500
18-11-2021,38.349699016383425,40.03359746893423,38.349699016383425,40.01124572753906,45700
19-11-2021,39.474784801027404,39.73556745769688,38.72224673503256,39.22145462036133,28200
22-11-2021,39.36302806974797,40.28693624741712,38.84146553472201,39.83243179321289,36600
23-11-2021,40.29438393322117,40.577515492103636,39.61635072870644,39.9814453125,33400
24-11-2021,39.89204073130008,40.37634657228466,39.76537420272509,40.123016357421875,21900
26-11-2021,39.46733396584363,39.68340744448863,37.41088836367749,38.13362503051758,26400
29-11-2021,37.88029326986999,38.133623432206235,37.246969285172675,37.48539733886719,37000
30-11-2021,37.00853623898623,37.664214769694354,36.42736824715769,36.68069839477539,54200
01-12-2021,37.57480826653899,38.08146860628809,36.16659164428711,36.16659164428711,31400
02-12-2021,36.97873896671503,38.24538984527689,36.72540879100266,37.88774490356445,31000
03-12-2021,38.729693160989065,38.729693160989065,37.515198321124906,37.83558654785156,33100
06-12-2021,38.684985240049784,39.27360571066992,38.684985240049784,38.893611907958984,34500
07-12-2021,39.206551079843614,39.489685469616994,39.05008319692413,39.243804931640625,32500
08-12-2021,39.228898488306456,39.728106264093284,39.10223200462464,39.14693832397461,44900
09-12-2021,38.69989205961554,39.534393148279584,38.50617031827838,38.744598388671875,33000
10-12-2021,39.258710210775945,39.258710210775945,37.89519979735846,38.02931594848633,42900
13-12-2021,37.67912149282544,38.409307809568,37.507751495840765,37.701473236083984,40200
14-12-2021,37.64931208115493,37.99205487014111,37.64186244852511,37.813232421875,62200
15-12-2021,37.99206311215795,38.69244526504482,37.373638305124594,38.6104850769043,63400
16-12-2021,38.80419703759772,39.19164042252491,38.12616400825993,38.223026275634766,40800
17-12-2021,38.06656386072341,38.79675010160424,37.13520342455607,37.31402587890625,289000
20-12-2021,36.88931921992387,37.72382013381072,36.21874147824496,37.53754806518555,87600
21-12-2021,38.029309399982125,38.87870964933718,38.029309399982125,38.41675567626953,48700
22-12-2021,38.24538961013792,39.00537729031576,38.118723101917126,38.92341995239258,36100
23-12-2021,39.154399837680536,39.154399837680536,38.595583466517766,38.737152099609375,25900
27-12-2021,39.064982019066775,39.34811638501646,38.72969169653247,39.34066390991211,46200
28-12-2021,39.24379785768619,39.64614620605609,39.16929016752267,39.4002685546875,34300
29-12-2021,39.48968122931215,39.48968122931215,39.16184338949945,39.459877014160156,16000
30-12-2021,39.48967824546582,39.76536010907516,39.10223200462464,39.14693832397461,116800
31-12-2021,39.32576280875486,39.74301331440015,39.295961434433906,39.50458526611328,25200
03-01-2022,39.44498119333555,40.15281578343498,39.27361119232821,39.988895416259766,28600
04-01-2022,40.137911925530084,41.30770050402336,40.137911925530084,40.73398208618164,32300
05-01-2022,40.94260329019841,40.94260329019841,39.973989053591744,40.11555480957031,44100
06-01-2022,39.98143784443167,40.75633035431888,39.929281891101404,40.428489685058594,17900
07-01-2022,40.29438489933718,40.80849490864307,39.966544160979616,40.05595397949219,34800
10-01-2022,40.078305736580376,40.54025974895256,39.66850768484925,40.190067291259766,31800
11-01-2022,40.03359738206931,40.24967368937556,39.45242936876363,39.728111267089844,32900
12-01-2022,39.720668769537575,40.0559563191152,39.54929875642608,39.631256103515625,35100
13-01-2022,39.78189034901063,40.80618787775323,39.638791057494736,40.158470153808594,24500
14-01-2022,40.06808995093839,40.06808995093839,39.48815673361725,39.92498779296875,28600
18-01-2022,39.86473455302645,39.887328419769126,39.10404181116603,39.29233169555664,28000
19-01-2022,39.15676313666212,39.60112735054225,37.95170622920434,38.049617767333984,27200
20-01-2022,38.14753103387037,38.53164112689711,36.95000727597444,37.017791748046875,25300
21-01-2022,36.9048124159987,38.117399569359264,36.9048124159987,37.22113800048828,73900
24-01-2022,36.88975168776947,37.91404905975743,36.36253946711973,37.861328125,44800
25-01-2022,37.44708848442612,38.230372122844734,36.64120810899066,37.898983001708984,26900
26-01-2022,38.29815748973661,38.76511842474534,36.889750100395,37.14582443237305,29400
27-01-2022,37.23619905012179,37.808601793027755,35.88051272845905,36.37759780883789,26700
28-01-2022,36.15918723804028,37.69563334612611,35.49640893002626,37.61278533935547,43900
31-01-2022,37.35670645654839,37.49227538335086,36.520701905366764,37.19101333618164,29900
01-02-2022,37.281397806326396,37.281397806326396,36.56589565765045,36.76171875,22900
02-02-2022,36.814433865253044,36.85962159243513,36.513168943021384,36.70899200439453,27800
03-02-2022,36.70899564204097,36.71652597295912,35.88051846034428,36.02362060546875,31100
04-02-2022,35.93323844736749,35.94077165116229,35.052043226356105,35.616912841796875,28400
07-02-2022,35.58677952636523,36.2872179564127,35.360832294463606,35.47380447387695,30500
08-02-2022,35.76000431971697,35.87297936742358,35.30810987504017,35.33070373535156,24000
09-02-2022,35.481341296064784,35.940769009210165,35.33070883507159,35.8353271484375,30900
10-02-2022,35.21773300627447,35.90310795948853,34.90140743082575,35.24032974243164,33700
11-02-2022,35.34577829949081,35.85039382445585,35.05957686288674,35.4135627746582,30500
14-02-2022,35.27798510404739,35.963360017734615,34.47210480574729,34.720645904541016,37000
15-02-2022,35.09722331085949,35.64703214508518,34.931530213451225,35.33070373535156,24300
16-02-2022,35.42109180233215,35.84286217374677,35.413561471179925,35.78260803222656,13800
17-02-2022,35.458751798599316,35.60185107397158,35.17255037477922,35.277992248535156,32000
18-02-2022,35.15749102068569,35.60185530798652,34.93154371104098,35.082176208496094,43000
22-02-2022,35.262922796979396,35.3081133951824,34.645332320247086,34.939064025878906,31600
23-02-2022,35.345776622080685,35.345776622080685,34.23110087350845,34.298885345458984,22900
24-02-2022,33.899712360305465,34.63027809230306,33.48547515457289,34.487178802490234,26700
25-02-2022,34.90893733989802,35.345771174717214,34.095526674927115,35.14994812011719,27100
28-02-2022,34.83363044408613,35.210210232670846,34.464580987119774,34.66793441772461,38700
01-03-2022,34.893885651527285,34.893885651527285,33.9524361514072,34.20097732543945,37000
02-03-2022,34.54741939511476,35.165009846839546,34.54741939511476,34.908935546875,35700
03-03-2022,35.24033795538284,35.42109464831553,35.104768999145406,35.26293182373047,16800
04-03-2022,34.901409706804,35.398494838549986,34.765840773320974,35.39096450805664,23600
07-03-2022,35.33071015220843,35.33071015220843,34.682992556943304,34.705589294433594,29700
08-03-2022,34.73572142982303,35.32318789658369,34.41186255815687,34.630279541015625,26800
09-03-2022,35.27799604076716,35.390971130836036,34.886352701091155,34.99179458618164,23600
10-03-2022,35.00685313353592,35.07463760330075,34.54742537991601,34.94660186767578,17200
11-03-2022,34.87881290255226,35.10476014828864,34.61520538829722,34.63780212402344,21200
14-03-2022,35.19514489564508,35.19514489564508,34.5398969014938,35.00685501098633,32700
15-03-2022,35.338244295824516,36.27969372237238,35.006855131986896,36.27216339111328,60600
16-03-2022,36.15918828614903,36.97260196921048,36.08387348130659,36.85209655761719,56300
17-03-2022,36.89727991069058,37.95923453942175,36.89727991069058,37.823665618896484,43600
18-03-2022,38.034552599958225,38.034552599958225,37.00272494774718,37.33411407470703,87200
21-03-2022,37.10816662526379,37.10816662526379,36.21190790974771,36.35500717163086,32700
22-03-2022,36.543297035039096,36.70899303422244,36.04621191056437,36.35500717163086,29400
23-03-2022,36.21944539833597,36.24957247197351,35.767550786076455,36.15166091918945,24700
24-03-2022,36.32488046813628,36.60354866431327,36.249565671248014,36.56589126586914,13800
25-03-2022,36.686404551148414,37.3943764356211,36.686404551148414,37.35671615600586,22000
28-03-2022,37.50733837083717,37.59771669636516,36.85962081289034,37.57512283325195,23200
29-03-2022,37.838736660227106,39.36764961134509,37.838736660227106,39.27727127075195,68400
30-03-2022,39.27726766420521,39.962642669677734,38.84796699446283,39.962642669677734,61800
31-03-2022,40.301551156192936,40.572688952295344,39.563455418511154,39.69149398803711,56600
01-04-2022,39.54086843470731,40.89655477785369,39.54086843470731,40.73086166381836,44700
04-04-2022,40.67060931512582,41.05471936117113,40.00782821071456,40.97187423706055,44200
05-04-2022,40.836309342196394,41.642189783918205,40.61035919189453,40.61035919189453,47800
06-04-2022,40.36181068967118,41.56686453054376,40.36181068967118,41.18275451660156,36100
07-04-2022,40.91162014268107,40.96434107310893,40.211181640625,40.211181640625,35000
08-04-2022,40.23377789507673,40.78358684176817,39.75175628933528,39.77435302734375,40700
11-04-2022,39.7818811216414,40.29402976722031,39.736690521240234,39.736690521240234,45200
12-04-2022,39.94757568156678,40.670608023558685,39.83460062116018,40.467254638671875,52000
13-04-2022,40.505316092054834,41.236101039126844,40.505316092054834,40.954444885253906,42300
14-04-2022,41.0458001030203,41.97450796524092,40.97729172355989,41.28178405761719,41900
18-04-2022,41.37312557179826,41.7156819396952,40.93922180708927,41.07624435424805,41400
19-04-2022,41.26655347602381,41.87554096642193,41.26655347602381,41.64717102050781,32500
20-04-2022,42.02779009561966,42.47691893062304,42.02779009561966,42.18764877319336,23300
21-04-2022,42.40079712953682,42.796639743807916,41.73090940508716,41.85270690917969,30100
22-04-2022,41.85271181359274,42.00495943751957,41.01535423781802,41.099090576171875,25400
25-04-2022,40.96967454943685,41.35790609271739,39.95723333445111,41.26655578613281,61800
26-04-2022,40.90877699724585,41.60150084656844,40.55860663192245,40.6195068359375,69500
27-04-2022,40.67279721563142,40.93922837569878,39.82782567387227,40.03335952758789,47800
28-04-2022,40.482483831624236,41.39596655454376,40.025743922105235,41.038185119628906,35600
29-04-2022,40.878323469580465,40.878323469580465,39.20360574997051,39.2873420715332,53600
02-05-2022,39.2569013071538,39.66035505729717,37.92473962993715,38.83822250366211,60200
03-05-2022,39.150323654798086,39.24928503652043,38.274902078393005,39.020912170410156,67200
04-05-2022,39.23406742461784,39.71364356506913,38.70120214245645,39.45482635498047,36900
05-05-2022,38.754485156022525,39.097041587761005,37.369037279997514,37.9551887512207,31600
06-05-2022,37.536504267329946,38.03891932307644,36.54689630260008,37.99324417114258,57900
09-05-2022,37.52127812570177,37.962792966032126,37.02647415772395,37.034088134765625,45800
10-05-2022,37.41471211870518,37.59740694481446,35.816116418898524,36.05971145629883,48000
11-05-2022,36.22718379174376,36.76004901998624,35.35176213792527,35.40504837036133,52200
12-05-2022,35.38981958224648,36.645855701877004,35.38981958224648,36.63824462890625,50800
13-05-2022,36.81332505680277,36.81332505680277,36.044476080792656,36.463157653808594,50700
16-05-2022,36.074927638167246,37.18633008599353,36.00641636925296,36.919898986816406,53100
17-05-2022,37.33097979279151,37.962803581499585,37.133056988703046,37.71159744262695,34200
18-05-2022,37.232009223536814,37.338581674629474,35.70953899905544,36.09015655517578,91200
19-05-2022,36.09776524555933,36.204340593497804,35.03203790110635,35.237571716308594,69900
20-05-2022,35.67148408801948,35.67148408801948,33.95870478471931,34.392608642578125,209100
23-05-2022,34.91024355379602,35.55729225325078,34.44588965951085,35.4887809753418,67500
24-05-2022,35.57251476057133,36.6154060018261,34.84172978438761,36.45554733276367,42600
25-05-2022,36.470774919131884,36.75243110381287,35.98358490112752,36.40226364135742,49000
26-05-2022,36.912298005330605,37.01887047413632,36.48600522622576,36.62302780151367,26100
27-05-2022,36.94273406992792,37.62784673981032,36.94273406992792,37.42992401123047,27000
31-05-2022,37.34619903564453,37.445157518407186,36.874231132498394,37.34619903564453,78500
01-06-2022,37.30052574171677,37.45277336633689,36.5469015969822,37.224403381347656,66900
02-06-2022,37.42231250680962,37.498434845303905,36.706752651767694,37.452762603759766,29300
03-06-2022,37.346205677520935,37.346205677520935,36.37943647698012,36.5392951965332,38400
06-06-2022,36.95035253333834,36.95035253333834,35.95313350471701,36.189117431640625,28800
07-06-2022,36.05971060578755,36.62302593141549,36.044485553323895,36.584964752197266,35500
08-06-2022,36.3337589517109,36.3337589517109,35.161455943397,35.27564239501953,33600
09-06-2022,35.30607424131789,35.30607424131789,34.52961432198555,34.681861877441406,24700
10-06-2022,34.29364088901366,34.575297064690936,33.989148589435416,34.28602981567383,28800
13-06-2022,33.60852799386048,33.60852799386048,32.58847292968048,32.61130905151367,44400
14-06-2022,32.5275790585872,32.60370431930394,31.781568926853808,32.398170471191406,43200
15-06-2022,32.816840747195144,33.76077050470055,32.816840747195144,33.23551940917969,40700
16-06-2022,32.67220805786878,32.67220805786878,31.766339363108546,32.24591827392578,56800
17-06-2022,32.656987517063556,32.931029718548636,32.35249231023813,32.71027374267578,74000
21-06-2022,33.159405191946306,33.494347622776644,32.618926011992286,33.136566162109375,31400
22-06-2022,33.037610375647276,34.00437656912285,33.0147713439471,33.570472717285156,47400
23-06-2022,33.654203610885425,35.06249031067783,33.654203610885425,34.856956481933594,51300
24-06-2022,35.199516114383094,36.50883865356445,35.199516114383094,36.50883865356445,114700
27-06-2022,36.50883268763298,36.80571389565543,35.907456294833956,35.98358154296875,34200
28-06-2022,36.341363350969445,36.554508240338926,35.762823074278955,35.80088424682617,32400
29-06-2022,35.99881851230137,35.99881851230137,35.03204931998861,35.64103698730469,28000
30-06-2022,35.24519191284524,36.21957501905817,35.24519191284524,35.861793518066406,36000
01-07-2022,35.6867049351648,36.78288251467764,35.6867049351648,36.61540985107422,33600
05-07-2022,36.280462648102876,37.10259790233935,35.76282257777946,37.04930877685547,52300
06-07-2022,37.193947503439226,37.41470637968427,35.78566082411048,36.029258728027344,28700
07-07-2022,36.20434740050196,36.68392348892729,35.48878444921273,35.915077209472656,20200
08-07-2022,36.029259531956924,36.485999441244296,35.69431422152343,36.341365814208984,27600
11-07-2022,36.19673427033726,36.333756842778214,35.89985299800917,36.31092071533203,51700
12-07-2022,36.447939878240064,36.866618630918914,35.86939953674644,36.12821960449219,25600
13-07-2022,35.73237880642315,36.1206103798579,35.22235262251224,35.84656524658203,11800
14-07-2022,35.39173016819982,35.622997693444894,35.330060200473326,35.491947174072266,14300
15-07-2022,36.208879471622595,36.53265342696454,35.89281315966804,36.47869110107422,54400
18-07-2022,36.85643646279685,36.85643646279685,36.24742960832412,36.44786071777344,17100
19-07-2022,36.90268902693998,37.66587525822846,36.90268902693998,37.419189453125,39800
20-07-2022,37.55023461070869,37.75066863653999,37.203331828097866,37.38834762573242,34000
21-07-2022,37.51939777477899,37.84317468218263,36.85643161338354,37.78150177001953,38400
22-07-2022,37.99735337866553,38.220913270382994,37.349802515545946,38.01277160644531,35600
25-07-2022,38.190083689654664,38.90701523647939,38.097574306322784,38.78367233276367,33700
26-07-2022,38.58323251610707,39.053478185296484,38.58323251610707,38.883880615234375,20900
27-07-2022,38.84534004434182,39.546853319618506,38.72970773302409,39.43122100830078,23900
28-07-2022,39.46975841139195,40.36399499444584,39.46975841139195,40.3254508972168,19800
29-07-2022,40.47191611489273,40.60296662219254,40.14043161431268,40.30231857299805,24500
01-08-2022,40.15585369458201,40.81111217543131,39.7318627398721,40.56442642211914,30200
02-08-2022,40.4333812477198,40.4333812477198,39.47747162171486,39.62394332885742,23900
03-08-2022,39.66248245049064,39.878331750886005,39.500595475194125,39.55455780029297,33400
04-08-2022,39.408088724813666,39.46205105349091,38.799084881066726,39.22307586669922,23300
05-08-2022,38.89159124013097,39.677903237518144,38.23632977194516,38.69886779785156,23400
08-08-2022,39.045772552490234,39.361838896149266,38.86075674464583,39.045772552490234,27200
09-08-2022,36.70225601001749,37.32667813524076,36.70225601001749,37.07228469848633,60900
10-08-2022,37.419190553908464,38.05903096074103,37.38835409218171,37.84318161010742,37800
11-08-2022,38.23633773055408,38.45219003052899,37.843183120391465,37.96652603149414,25400
12-08-2022,38.04360630985578,38.80679243480446,37.97422575304227,38.79137420654297,25100
15-08-2022,38.49843600517157,38.72970650190877,37.88943212717963,38.05131912231445,35900
16-08-2022,37.874015003105214,38.2286254620502,37.83547089943322,37.95110321044922,23600
17-08-2022,37.71211702147611,37.85858870121602,37.35750663814178,37.727535247802734,28100
18-08-2022,37.65046127745907,37.87402123254461,37.18021548942644,37.38064956665039,18100
19-08-2022,37.187929875390864,37.46544926026546,37.064586946315245,37.211055755615234,24200
22-08-2022,37.002901000707936,37.002901000707936,36.16262667285447,36.301387786865234,18800
23-08-2022,36.44785570386103,36.52494684360327,36.05470118371766,36.116371154785156,30800
24-08-2022,36.11637959887528,36.34765013144725,35.66926264673855,36.03929138183594,9800
25-08-2022,35.900527515499085,36.77163841745864,35.800310488367906,36.5557861328125,20400
26-08-2022,36.393896406268446,36.393896406268446,35.21442980691912,35.222137451171875,30400
29-08-2022,34.8058570578586,35.20671925536621,34.55917127136475,34.775020599365234,30100
30-08-2022,35.03711606166977,35.19900301814948,34.127461343270696,34.40498352050781,24100
31-08-2022,34.651676905964266,34.72105746560898,34.142887115478516,34.142887115478516,31900
01-09-2022,33.765152291810274,34.458957979332986,33.61868350921186,34.435829162597656,37400
02-09-2022,34.66709168622949,34.90606685844562,34.24309778573086,34.551456451416016,30500
06-09-2022,34.505203204395094,34.505203204395094,33.58784069395481,33.795982360839844,47200
07-09-2022,33.95016318853065,33.95016318853065,33.10988884051549,33.74972915649414,35400
08-09-2022,33.52617377380894,33.74202310397371,33.071346299014216,33.33345031738281,27900
09-09-2022,33.6032673450738,33.6032673450738,33.27949035740694,33.4567985534668,21800
12-09-2022,33.52618479650459,33.78057831344843,33.310332454645604,33.63410949707031,28300
13-09-2022,33.37969451696828,33.425949194712906,31.945831854869898,32.246482849121094,34900
14-09-2022,32.223364699733295,32.223364699733295,31.32142024078416,31.884172439575195,52200
15-09-2022,31.66060907346198,32.323578231718656,31.329124494333644,31.498722076416016,50300
16-09-2022,31.182658295669974,32.03064039449117,30.835755458615193,31.876461029052734,182900
19-09-2022,31.64518333364749,32.24648237253714,31.591221014105916,32.11542892456055,35900
20-09-2022,31.861042736870072,31.861042736870072,30.99763954806476,31.267454147338867,46600
21-09-2022,31.575816087262886,31.645196661712607,30.820340354769847,31.05931854248047,30600
22-09-2022,31.067018006693658,31.082436234813986,29.841296808027536,30.0494384765625,32400
23-09-2022,29.86442940721231,29.86442940721231,29.33251076215879,29.787338256835938,29400
26-09-2022,29.787332436116788,29.787332436116788,28.75433474874426,29.170618057250977,36100
27-09-2022,29.209169832326847,29.455855648715826,28.677254092124404,28.731216430664062,57000
28-09-2022,28.731210406206106,29.540648255302195,28.46910641366081,29.471267700195312,34100
29-09-2022,29.240006635518558,29.240006635518558,28.29180746633038,28.53078269958496,35000
30-09-2022,28.58474762126571,29.309386838686383,28.492238234655236,28.90852165222168,41100
03-10-2022,29.132081192608155,29.42501875734348,28.65412485718911,28.684961318969727,39000
04-10-2022,29.13978727512368,29.7333758992997,29.13978727512368,29.4404354095459,41800
05-10-2022,29.132071312964744,29.509807549130567,28.762042719266734,29.332502365112305,30200
06-10-2022,29.008728249002257,29.008728249002257,28.56160853007019,28.63098907470703,25300
07-10-2022,28.376603243062338,28.476817324706087,27.921775760891126,28.106788635253906,47400
10-10-2022,28.214714081337853,28.33034933655324,27.914065946649888,28.122207641601562,23800
11-10-2022,27.91406594267068,28.862265036830905,27.91406594267068,28.823720932006836,48300
12-10-2022,28.89310378319924,29.116663725885793,28.338059219488333,28.53078269958496,48100
13-10-2022,28.006574293025196,29.62545016190661,27.914064915977935,29.532943725585938,46900
14-10-2022,29.940073332443532,30.52728708803228,28.851767996571212,29.157121658325195,40700
17-10-2022,29.454642117887705,30.112321665360454,29.454642117887705,29.814802169799805,48100
18-10-2022,30.597748930884435,30.597748930884435,29.932238301269418,30.041851043701172,31100
19-10-2022,29.626892259874733,29.924414740273495,29.164950640330748,29.235416412353516,58300
20-10-2022,29.031852621405413,29.493791291388547,28.914408663011237,29.227590560913086,24300
21-10-2022,29.509455405161166,30.362873077392578,29.360695622560975,30.362873077392578,34200
24-10-2022,30.74651584119463,30.96574137729886,30.4803121244721,30.707368850708008,21300
25-10-2022,30.879616670595055,31.81133118649801,30.879616670595055,31.37287712097168,54700
26-10-2022,31.537297733329975,31.62342290971127,31.122334232646406,31.21628761291504,23900
27-10-2022,31.435518835653024,32.061879735512896,31.40420004397894,31.560791015625,27500
28-10-2022,31.748693721946754,32.422032722993755,31.631252748311752,32.29676055908203,32100
31-10-2022,32.21063414521021,32.335906304294824,31.756523688549937,32.06187438964844,37400
01-11-2022,32.27327721909503,32.42986520459832,32.04622045870113,32.288936614990234,28200
02-11-2022,32.25760555858403,32.899625612564044,31.670391876037197,31.92876434326172,27700
03-11-2022,31.388540204287185,31.39636840873283,30.61341654829835,31.23978042602539,21200
04-11-2022,31.740861886823282,32.461176000221315,31.32589546463007,32.265438079833984,25100
07-11-2022,32.46117720074548,32.54730236677689,31.631250299112825,32.51598358154297,34500
08-11-2022,32.74303888342952,32.74303888342952,31.63124893604869,31.967918395996094,24000
09-11-2022,31.067526722076124,32.03838525210875,30.527291071657515,30.785663604736328,66800
10-11-2022,31.95225819403376,33.54947730423607,31.95225819403376,33.47901153564453,40200
11-11-2022,33.753045485971654,33.88614583038606,33.377229059319646,33.61211395263672,25700
14-11-2022,33.65909543600756,33.65909543600756,32.89180012940705,32.94660949707031,17400
15-11-2022,33.29110979477283,33.69824507573169,33.01707488178998,33.38506317138672,29400
16-11-2022,33.103199530442026,33.361575045442365,32.60211088080688,32.73521423339844,24400
17-11-2022,32.320249011420195,33.36157632819548,32.320249011420195,33.2989387512207,27100
18-11-2022,33.92529884408812,34.520340826305166,33.89398005904413,34.05839920043945,65500
21-11-2022,33.745214715147966,34.207156305308416,33.54164860154395,33.96444320678711,34400
22-11-2022,33.88614898941542,34.277624843680286,33.67475166970554,34.02708053588867,35200
23-11-2022,33.870493137854986,34.09754987388013,33.04839435529656,33.314598083496094,21700
25-11-2022,33.0170753829687,33.43204186053331,33.0170753829687,33.361576080322266,9600
28-11-2022,33.24413038713412,33.588631066553965,32.71172296141608,32.80567932128906,24600
29-11-2022,32.923123880720915,33.60429113708778,32.923123880720915,33.19715881347656,17100
30-11-2022,33.23630332447286,33.839176547423634,32.7665304691575,33.74522018432617,36200
01-12-2022,33.768722937483275,34.019267355915645,33.15801830416996,33.674766540527344,28100
02-12-2022,33.36157277832789,34.36375000949435,33.36157277832789,34.02708053588867,21000
05-12-2022,33.71391170249658,33.71391170249658,32.241961215046054,32.335914611816406,54200
06-12-2022,32.56296638453123,32.6334321679544,31.920946129664134,32.085365295410156,31700
07-12-2022,31.89746086660341,32.91529771202186,31.89746086660341,32.24195861816406,32100
08-12-2022,32.1401675580369,32.9152910761863,32.1401675580369,32.508155822753906,19300
09-12-2022,32.16365900271271,32.93877955491352,32.16365900271271,32.39071273803711,17500
12-12-2022,32.78218754802784,32.99358486998291,32.429858678102725,32.89963150024414,29600
13-12-2022,33.925301720234316,34.2384806370539,33.36157548854548,33.74522018432617,141800
14-12-2022,33.823522137930645,33.98794131749463,32.93095746404109,33.33809280395508,41600
15-12-2022,32.883978920046054,33.095376285796135,32.155833433592804,32.24195861816406,69500
16-12-2022,31.780015429025482,32.085366169940606,31.231948541542923,31.47466468811035,150500
19-12-2022,31.365045882958636,31.63907778069823,31.169307959795017,31.451168060302734,34100
20-12-2022,31.53729998254898,31.67040335191949,31.18497403473292,31.23978042602539,30800
21-12-2022,31.5294678461471,32.41420417438775,31.5294678461471,31.599933624267578,37900
22-12-2022,31.349393272188085,31.513812446398937,30.926598549882186,31.388540267944336,24600
23-12-2022,31.490314303062032,32.085356204815156,31.310235793495647,31.897449493408203,18600
27-12-2022,31.787842519416905,32.3750563811307,31.709548532544726,32.14800262451172,30600
28-12-2022,32.343735252519686,32.343735252519686,31.412020833851546,31.513805389404297,32200
29-12-2022,31.69388351709371,32.1088469500283,31.69388351709371,31.967918395996094,18400
30-12-2022,32.2967594742432,32.2967594742432,31.513807729413063,31.85047721862793,24800
03-01-2023,31.983577520368595,32.04621509346251,31.662567425071973,31.86613655090332,26700
04-01-2023,31.41985578213485,32.054044812723184,31.372877600092597,31.69388771057129,37700
05-01-2023,31.592108424527517,31.592108424527517,30.23760197645996,30.30023956298828,38200
06-01-2023,30.77000037682577,31.044035256416173,30.668215822307985,30.96573829650879,34700
09-01-2023,30.96574847422365,31.122339458782573,30.66822590223416,30.91094207763672,25300
10-01-2023,31.020543267727383,31.020543267727383,30.72302379374821,30.942249298095703,34200
11-01-2023,31.059698624817013,31.999241447272375,31.059698624817013,31.960094451904297,33300
12-01-2023,32.218464342871435,32.9622660844954,31.819157294715044,32.89963150024414,36800
13-01-2023,32.232590456759304,33.00287013086488,32.08171221337337,32.79640197753906,31600
17-01-2023,32.82022701429419,33.28080445734641,32.184943186382746,33.050514221191406,17700
18-01-2023,33.11404218942725,33.129924587270814,32.29611536140056,32.30405807495117,11900
19-01-2023,32.16111153694215,32.68521841859612,32.14522914304271,32.367576599121094,19100
20-01-2023,32.574052995500494,33.01080833668929,32.12141525636295,33.00286865234375,24800
23-01-2023,32.97904020231005,33.53491195721451,32.75669271205121,33.2490348815918,17700
24-01-2023,33.43167739768452,33.55873353726249,33.129920959472656,33.129920959472656,13500
25-01-2023,32.94727758197735,33.050508611622725,32.494636871175636,32.939334869384766,12000
26-01-2023,32.99493296247681,33.121989143856,32.72493819838875,33.034637451171875,10800
27-01-2023,33.24903577608633,33.62226452699662,33.03462796360111,33.304622650146484,13300
30-01-2023,32.93140014706275,33.28080382234111,32.701109915301735,32.772579193115234,15800
31-01-2023,33.05845088532763,34.28136506296695,32.93933443207848,33.99549102783203,47200
01-02-2023,33.81285092657738,34.416366869399845,33.43167945512819,33.93990707397461,40500
02-02-2023,33.9954939491323,34.90076937799475,33.79696852949554,33.93990707397461,55700
03-02-2023,33.46344752950086,34.464017438933865,33.03463185402958,34.25754928588867,47100
06-02-2023,33.90020495921723,34.074908325650405,33.391980288783955,34.01932144165039,27700
07-02-2023,33.62227225589329,34.074910065437194,33.352277507283056,33.71756362915039,40700
08-02-2023,33.384040372446336,33.669917504900035,33.25698420571779,33.574623107910156,26200
09-02-2023,33.62226573077615,33.62226573077615,32.82022435543734,32.883750915527344,18400
10-02-2023,32.62170432478743,33.53491960317601,32.62170432478743,33.3760986328125,15900
13-02-2023,33.4078561369606,33.89225862761692,32.859927089586975,33.69373321533203,15900
14-02-2023,33.360208818626944,33.49520767367308,33.16168340710885,33.280799865722656,48800
15-02-2023,33.2331610445962,33.256986159872596,32.891697008463225,33.177574157714844,14200
16-02-2023,32.74875548769042,33.12198122732882,32.629639020817095,32.82022476196289,13900
17-02-2023,32.93933814144655,33.15374596388558,32.629638963231585,33.074337005615234,24500
21-02-2023,32.63758253333449,32.89169486516446,32.08171370074263,32.15318298339844,27500
22-02-2023,32.10553159776457,32.375526293776424,31.91494585912074,32.08964920043945,37600
23-02-2023,32.21670621332123,32.732873537821426,31.637012327075354,32.27229309082031,21300
24-02-2023,31.90701066032153,31.90701066032153,31.16849574180562,31.573486328125,28800
27-02-2023,31.95464228100807,32.097577748830275,31.081128906720853,31.303476333618164,31600
28-02-2023,31.073195202653423,31.438481196895516,31.00172594036631,31.22407341003418,101900
01-03-2023,31.120842095362526,31.684656560445404,30.771438465257408,31.660831451416016,34400
02-03-2023,31.54171744566287,32.423170732174185,31.486130574374524,32.176998138427734,32300
03-03-2023,31.954649543885022,32.5422830283198,31.843472775910833,32.34375762939453,25200
06-03-2023,32.20877057156408,32.20877057156408,30.96997065483769,31.367021560668945,41100
07-03-2023,31.247900655337975,31.279665450331375,30.40615479281598,30.56497573852539,24000
08-03-2023,30.46968180438322,30.946144648561337,30.46968180438322,30.811145782470703,26600
09-03-2023,30.660264738893325,30.660264738893325,30.175862254857854,30.231449127197266,32600
10-03-2023,30.088519534488267,30.263222916208186,28.929131524957395,29.000600814819336,41900
13-03-2023,28.420902630562125,29.484999106880352,28.30178615522304,29.191179275512695,34100
14-03-2023,29.889992089990127,30.51733325627854,29.008538583048338,29.54058837890625,67300
15-03-2023,28.90530157680336,29.381761360129516,28.722655529628994,29.34999656677246,35400
16-03-2023,29.0720617242633,29.882045766123646,29.032357247842743,29.754989624023438,35000
17-03-2023,29.556461610043815,29.556461610043815,28.357366534631648,28.738534927368164,172600
20-03-2023,28.913244108005998,29.889988880498557,28.913244108005998,29.42146873474121,39600
21-03-2023,29.659694785827615,30.35850507117701,29.413525218280967,29.548521041870117,36800
22-03-2023,29.41353351704096,29.41353351704096,28.468550368269216,28.579727172851562,37800
23-03-2023,28.468547410835207,29.159418135878788,28.468547410835207,28.762367248535156,43500
24-03-2023,28.55589398283922,29.70734195602379,28.55589398283922,29.67557716369629,42100
27-03-2023,30.0646874993428,30.0646874993428,29.484993686395587,29.50881576538086,40200
28-03-2023,29.500882780560662,29.921755760901878,29.29441461828381,29.580291748046875,47800
29-03-2023,29.985279774621937,30.024987284240332,29.604111310495206,29.96940040588379,32300
30-03-2023,30.080575849814398,30.501448817908585,29.85028560984451,30.064693450927734,17200
31-03-2023,29.48499934529928,31.02555567691534,29.48499934529928,30.969968795776367,67100
03-04-2023,31.184377426192015,31.390842557191647,30.414097726225954,30.73967933654785,38000
04-04-2023,30.588800322325003,30.699974084638402,30.04087119552704,30.30292320251465,39100
05-04-2023,30.731736756483635,30.819088429189907,30.128217761017186,30.271156311035156,28600
06-04-2023,30.509382648459436,30.5808519151067,30.14409663193221,30.44585609436035,25900
10-04-2023,30.318811480547044,30.834978939103056,29.953525325181033,30.191755294799805,48600
11-04-2023,30.167925677320067,30.390273189569754,29.60411115385347,30.207630157470703,34900
12-04-2023,30.628502876422587,30.644385274218575,29.85028355996493,29.90587043762207,17500
13-04-2023,29.88204823459846,30.819088495965364,29.72322728653909,30.811145782470703,70700
14-04-2023,31.036932840775073,31.036932840775073,29.827387576265302,29.996723175048828,44200
17-04-2023,29.899955322213227,30.383772115193857,29.835444775931993,30.27894401550293,44900
18-04-2023,30.383770896701318,30.383770896701318,29.7548084758436,29.843505859375,14100
19-04-2023,29.787059731194834,29.83544263743785,29.3113052525836,29.698362350463867,31100
20-04-2023,29.448390905927837,29.754809850568034,29.150037317638052,29.56934356689453,35100
21-04-2023,29.77093738888296,29.79513038432181,29.36775565993688,29.472583770751953,20300
24-04-2023,29.359691905360833,29.60966567213386,29.00489310906598,29.1339111328125,26800
25-04-2023,28.754917127616274,28.996825519005405,28.54526400868758,28.79523468017578,38300
26-04-2023,28.472692794290648,28.9403819672946,28.08563873096702,28.375926971435547,35700
27-04-2023,28.54526348869201,28.96456971891109,28.25497219390032,28.48075294494629,25700
28-04-2023,28.625902509971365,29.432265960956475,28.625902509971365,29.053274154663086,26100
01-05-2023,28.771048493881054,29.30324825434724,28.593647548381497,28.78717613220215,25600
02-05-2023,28.464627564685774,28.464627564685774,27.384100479574922,27.65826416015625,47200
03-05-2023,27.875981789833816,28.585582425250866,27.867919509491063,28.20659065246582,45300
04-05-2023,28.17433957033251,28.51301383972168,27.867923655209733,28.51301383972168,29700
05-05-2023,27.02123717752808,27.47280180556073,25.90845785921392,27.15025520324707,47200
08-05-2023,26.513232004389835,26.932541381859615,26.49710436571416,26.682567596435547,37100
09-05-2023,26.41646330850031,26.98898365330518,26.271320728219436,26.658374786376953,46500
10-05-2023,27.029302067337763,27.46473905012715,26.60999272198861,27.40022850036621,47600
11-05-2023,27.013174980282564,27.142193006400827,26.65031082056483,26.988985061645508,38100
12-05-2023,27.303464003497353,27.658262776367557,26.85996476840157,27.247018814086914,37000
15-05-2023,27.41635783785297,27.529248230902457,27.0857489399084,27.464740753173828,32200
16-05-2023,27.287337196146527,27.53731095401052,27.263147278816284,27.42441749572754,27200
17-05-2023,27.69858362044324,28.246911019322994,27.432485278181513,28.222721099853516,36800
18-05-2023,28.142079634100106,28.706531467904508,27.875978275850784,28.617834091186523,47700
19-05-2023,28.95650902174513,28.95650902174513,27.634073562992718,28.013065338134766,39200
22-05-2023,28.02919149706118,28.359800380599612,27.68245805181759,28.279165267944336,31700
23-05-2023,28.150144098329534,28.75491660380155,28.150144098329534,28.48075294494629,31000
24-05-2023,28.3033540609149,28.3033540609149,27.59375648487839,27.722774505615234,39400
25-05-2023,27.48893025142571,27.722776391176332,26.93254057591135,27.198638916015625,27500
26-05-2023,27.376039440660023,27.545375025043914,27.053492833805777,27.496992111206055,21500
30-05-2023,27.496991228749746,27.65826452700115,27.126064795994132,27.4405460357666,30900
31-05-2023,27.166381532473267,27.505055756193304,26.997045958629357,27.263147354125977,126400
01-06-2023,27.44861401527408,27.496993856149686,27.013176991197987,27.48086929321289,41200
02-06-2023,27.948557373996575,28.867811225357727,27.89211217793282,28.82749366760254,43600
05-06-2023,28.35980141155721,28.416249683706805,27.875984565972715,28.222721099853516,23500
06-06-2023,28.30335384384218,29.31130808437833,28.117890632707397,29.117782592773438,40200
07-06-2023,29.40807445419196,30.79501742331156,29.40807445419196,30.601491928100586,51700
08-06-2023,30.64987529983922,30.78695869445801,30.028978111377356,30.786958694458008,37000
09-06-2023,30.65794104841776,30.65794104841776,30.270886932374374,30.56924057006836,24300
12-06-2023,30.44828041088183,30.44828041088183,30.045098713790516,30.287010192871094,35000
13-06-2023,30.254753939055973,30.504727690528796,29.512898040896193,29.74674415588379,37500
14-06-2023,29.89995730860858,29.956402502338502,29.4322650450951,29.641918182373047,34700
15-06-2023,29.529028055713432,30.061227798461914,29.238736727662918,30.061227798461914,31100
16-06-2023,30.270882739381275,30.270882739381275,29.690300107719676,30.2628173828125,118100
20-06-2023,29.924148011282387,30.037038401700773,29.351630702142053,29.730619430541992,52700
21-06-2023,29.633853170540277,29.633853170540277,28.8678073713335,28.908124923706055,25200
22-06-2023,28.81943071222291,28.81943071222291,28.271103326689765,28.7065372467041,35600
23-06-2023,28.238848050827247,28.73073024161719,27.93242908219816,28.7065372467041,154600
26-06-2023,28.4968792344516,29.58546846245435,28.472689319705903,29.351625442504883,39700
27-06-2023,29.593535942643356,29.674171048272576,29.238734095397735,29.28711700439453,25200
28-06-2023,29.311307944749593,29.424201403018927,29.077464899843644,29.23067283630371,17600
29-06-2023,29.31936659101239,30.238620151451475,29.31936659101239,30.04509162902832,38800
30-06-2023,30.15798919366076,30.488598029574874,29.093589864569857,29.698362350463867,65000
03-07-2023,29.512898681132157,30.101546659500272,29.33550082801056,29.948335647583008,15900
05-07-2023,29.908022844868682,29.98059568413982,29.24680500974616,29.400012969970703,38800
06-07-2023,29.109718322753906,29.343564453534032,28.472693556743423,29.109718322753906,50300
07-07-2023,28.964572660616746,29.593538221888547,28.964572660616746,29.109718322753906,39000
10-07-2023,28.908124798308314,29.666108314165427,28.908124798308314,29.537090301513672,30700
11-07-2023,29.746749935350817,30.786959620508288,29.537096772373825,30.76276969909668,57900
12-07-2023,31.04499193286133,31.827165441214426,31.04499193286133,31.375600814819336,77700
13-07-2023,31.665890150126607,32.03681656490311,31.2627084620568,32.01262664794922,79100
14-07-2023,31.68520995646043,31.717951817398443,30.833940306686323,30.98127555847168,47100
17-07-2023,30.776654010103204,31.38236615237213,30.662060580536945,31.079511642456055,28000
18-07-2023,31.03039342520519,31.316876949180735,30.49016512111114,31.23502540588379,35800
19-07-2023,31.23502926164273,31.505145008251883,31.169548643409264,31.292325973510742,30400
20-07-2023,31.308691187908774,31.308691187908774,30.956723952210602,31.10405921936035,41900
21-07-2023,31.243209311238992,31.374176776412074,31.022209519849987,31.23502540588379,43000
24-07-2023,31.562443104681495,31.562443104681495,31.284143439498614,31.529701232910156,18600
25-07-2023,31.333257571112398,31.636115244319637,31.19410927999328,31.464221954345703,21500
26-07-2023,31.235031856777855,31.914411671710827,31.235031856777855,31.840744018554688,21900
27-07-2023,32.03718190441598,32.03718190441598,31.243208832372694,31.284137725830078,25400
28-07-2023,31.52150299823356,31.881657214814297,31.325058082312832,31.75887680053711,47400
31-07-2023,32.00443657991962,32.26636523307222,31.43965350701604,31.55424690246582,30300
01-08-2023,31.349621919180542,31.55425392011832,31.210473657312388,31.431476593017578,20000
02-08-2023,31.23502588613253,31.456028803355757,31.046764835705993,31.1859130859375,32700
03-08-2023,30.923984461735678,31.316877496816733,30.809391050141574,31.054948806762695,63400
04-08-2023,31.104061723802783,31.153174524285852,29.483376777096993,29.925382614135742,31800
07-08-2023,30.015419867271806,31.18591514170373,30.015419867271806,30.923986434936523,35500
08-08-2023,30.457426928323475,30.77665235709444,30.40831724539662,30.686616897583008,18100
09-08-2023,30.637498742610525,31.071317519043923,30.35919913901799,30.89942741394043,20600
10-08-2023,30.858506953237004,31.480586874055877,30.686616818562438,30.817581176757812,30800
11-08-2023,31.15317954552671,31.76707559954897,31.071324864861666,31.726146697998047,20600
14-08-2023,31.767069416902576,31.775253322157894,31.08768975057213,31.398731231689453,32000
15-08-2023,30.91580366479519,31.194103316264933,30.793023212921018,30.817581176757812,25100
16-08-2023,30.97309360465449,31.030390303685806,30.432865354905,30.473791122436523,16500
17-08-2023,30.351012105533954,30.760276002604677,30.08908033876781,30.138193130493164,23900
18-08-2023,29.87627136717169,30.400128776485687,29.85171652687149,30.146387100219727,30700
21-08-2023,30.02360436457626,30.301903982358816,29.40970842438853,29.679821014404297,21600
22-08-2023,29.213259417835808,29.82715533844199,29.213259417835808,29.589784622192383,21000
23-08-2023,29.499748253044483,30.203682794064584,29.450635451658307,30.17912483215332,25800
24-08-2023,29.97449415924143,30.621132021583144,29.827158871051257,29.868087768554688,30400
25-08-2023,30.12182993593915,30.12182993593915,29.794420607657308,29.8189754486084,20700
28-08-2023,29.884457281358205,30.84213670909592,29.76167994917012,30.5638370513916,37600
29-08-2023,30.260978933424944,30.645684941872222,30.260978933424944,30.547462463378906,14600
30-08-2023,30.54746049816059,30.866685874554275,30.54746049816059,30.678424835205078,35000
31-08-2023,30.637504133300823,31.095880949997916,30.637504133300823,30.743913650512695,37000
01-09-2023,30.932172034837226,31.10406215525788,30.367385749974602,30.44105339050293,33900
05-09-2023,30.28552717191612,30.400120558922858,29.483370340433314,29.810779571533203,41900
06-09-2023,29.900826612968597,30.34283247898517,29.712565549095576,30.228239059448242,25200
07-09-2023,30.00723097069006,30.62112686053432,30.00723097069006,30.236417770385742,35800
08-09-2023,30.44104690196477,30.858497816790678,30.22004402748676,30.711162567138672,29700
11-09-2023,30.67024119853603,31.04676328052857,30.506534995189153,30.58838653564453,33700
12-09-2023,30.5392783505189,30.719352372794724,30.367385111277226,30.50653648376465,24000
13-09-2023,30.2855279511752,30.40012134113048,29.94993168526231,30.05634117126465,31800
14-09-2023,30.211864182240827,30.92398256960083,30.015416115502155,30.86668586730957,31100
15-09-2023,30.719355846885268,30.719355846885268,30.359204639167395,30.481985092163086,184000
18-09-2023,30.57201923042262,30.70298358415176,30.02360697494324,30.113645553588867,25300
19-09-2023,30.228231256197564,30.228231256197564,29.810780338576837,30.05634117126465,33000
20-09-2023,30.318276208195975,30.580204904049545,30.09727328561271,30.17912483215332,46200
21-09-2023,29.97448878567064,29.97448878567064,29.597966726656075,29.704376220703125,28000
22-09-2023,30.015420674363675,30.514723260825935,29.761678989230543,30.162755966186523,37000
25-09-2023,29.851712963943193,30.121825542315694,29.728932532223638,29.999048233032227,29900
26-09-2023,29.87627110938355,29.87627110938355,29.303300901976577,29.360597610473633,24100
27-09-2023,29.507931336065518,29.753489091277736,28.910406320155833,28.951332092285156,36100
28-09-2023,28.779443480535225,29.507932878807598,28.779443480535225,29.115039825439453,67400
29-09-2023,29.254191187667864,29.36878460452827,28.6812209809294,28.869482040405273,50600
02-10-2023,28.853105574359773,29.057737528787854,27.903613430710898,28.345619201660156,74200
03-10-2023,28.41110101997856,28.89403257800548,27.600760194308485,27.96909523010254,35700
04-10-2023,27.90361945489791,28.247399713787534,27.608948877314518,28.18191909790039,36900
05-10-2023,28.083694943938244,28.533884689632373,28.026398237528245,28.468400955200195,34100
06-10-2023,28.30469597573899,28.632105258748926,27.936357800221224,28.28013801574707,27500
09-10-2023,28.288329516863094,28.967706150314473,28.288329516863094,28.713964462280273,20000
10-10-2023,28.763069163513507,28.99225597041447,28.353805224084034,28.386547088623047,65300
11-10-2023,28.566627955771537,28.84492759586415,28.427476574506994,28.70577621459961,32400
12-10-2023,28.84492930910027,28.84492930910027,28.2965139023287,28.664852142333984,35700
13-10-2023,28.81471010728511,28.81471010728511,28.17364279778899,28.25689697265625,32700
16-10-2023,28.548291361259658,28.68149993926263,28.348476906283693,28.506664276123047,35700
17-10-2023,28.281872085339387,29.18102912547589,28.281872085339387,28.98954200744629,48900
18-10-2023,28.64819940368503,28.99787393523667,28.41508516661279,28.798059463500977,27400
19-10-2023,28.539966272392675,29.139406508293703,28.539966272392675,28.723129272460938,54100
20-10-2023,28.906290330423246,29.081125995500066,28.456710183703088,28.490013122558594,30600
23-10-2023,28.223592897506297,28.573264189673097,27.940524299872013,28.13201141357422,43100
24-10-2023,28.048754764972927,28.514986341932243,28.048754764972927,28.431732177734375,35600
25-10-2023,28.256892809314305,28.290195744731665,28.057081548695592,28.107032775878906,18400
26-10-2023,28.298523076531467,28.931262969970703,28.298523076531467,28.931262969970703,54900
27-10-2023,28.84800837081663,28.84800837081663,28.13201114963902,28.381776809692383,31900
30-10-2023,28.69815170895189,28.83968443508671,28.206944476934083,28.323501586914062,38100
31-10-2023,28.58159136561868,28.989541204398417,28.265219834361044,28.947914123535156,40300
01-11-2023,28.99787111165201,29.36419390223065,28.88131082852233,29.247636795043945,30100
02-11-2023,29.672236523934572,30.180095185552652,29.555679423092943,30.121816635131836,27900
03-11-2023,30.60470072847102,30.937723784766554,29.680567940340232,30.671306610107422,37800
06-11-2023,30.43818817737541,30.43818817737541,30.02191100240227,30.121816635131836,39500
07-11-2023,30.063537837442876,30.063537837442876,29.455773548094,29.647260665893555,37700
08-11-2023,29.547353895783356,29.705538071539237,29.131076740269567,29.522375106811523,33600
09-11-2023,29.713861930622713,29.713861930622713,28.71479930778044,28.981216430664062,32100
10-11-2023,29.25595696296986,29.41414430916196,28.74809834277057,29.23930549621582,33900
13-11-2023,28.97289357296891,29.364195171967086,28.748103495413137,29.181032180786133,21400
14-11-2023,30.213401988578635,31.0126535045914,30.046890462090175,30.921072006225586,34700
15-11-2023,31.07092401042917,31.220784027838185,30.629671279137288,30.704601287841797,30000
16-11-2023,30.37158454093718,30.388236010275154,30.021913212668863,30.038564682006836,22400
17-11-2023,30.438186527023007,30.438186527023007,29.880373491313254,29.93865203857422,41600
20-11-2023,29.93865410790221,30.05521121048044,29.597306946376168,29.94698143005371,19400
21-11-2023,29.772144960512417,29.863726455782217,29.364195069147254,29.8387508392334,29200
22-11-2023,30.113491024104864,30.479816991498677,29.730516763595862,29.81377410888672,16000
24-11-2023,29.70554258551206,30.071865394690246,29.638936706056132,29.988611221313477,10700
27-11-2023,30.02191512022794,30.271680824281294,29.62228935855393,30.10516929626465,25700
28-11-2023,29.95530358394778,30.354929270184005,29.697210605445317,30.27167510986328,28100
29-11-2023,30.621350258601716,31.04595478727122,30.14679449781324,30.338281631469727,18000
30-11-2023,30.413211544097173,30.81283727929913,30.313305904282437,30.76288604736328,56800
01-12-2023,30.821165335990326,32.161578474539716,30.762886780048447,31.9284610748291,44300
04-12-2023,31.736976319697767,33.102365177304904,31.678697759381123,33.05241394042969,36300
05-12-2023,33.05240978733448,33.077385402633865,32.403015206064225,32.902549743652344,17000
06-12-2023,33.23557165984961,33.31882900926395,32.586180214133485,32.64445877075195,29200
07-12-2023,32.91087770193656,32.91087770193656,32.65278784476913,32.73604202270508,20400
08-12-2023,32.69441126289507,32.69441126289507,31.986738126121903,32.57785415649414,36800
11-12-2023,32.677761710517686,32.944178876757285,32.45297163101369,32.64445877075195,28900
12-12-2023,32.71938399272372,32.8192896214076,32.27813122142249,32.527896881103516,25600
13-12-2023,32.42799684044863,33.57692288409678,32.344739488912836,33.41873550415039,102100
14-12-2023,33.71844899361573,34.16802907575683,33.65184312547219,33.868309020996094,79300
15-12-2023,33.91826451106236,33.95989159201723,32.77766280205428,33.0024528503418,203400
18-12-2023,33.09403975265188,33.28552689715152,32.785995492017086,32.95250701904297,41100
19-12-2023,33.27719728271038,33.8516586218284,33.26886996095845,33.66017150878906,44400
20-12-2023,33.635198859259155,34.15970584191179,33.143991638720436,33.21892166137695,58000
21-12-2023,33.37710921497876,33.643526394381496,33.14399497698719,33.560272216796875,44900
22-12-2023,33.685152039278556,33.768409389237696,33.260550670288026,33.4520378112793,74900
26-12-2023,33.64351987888914,33.73510136206228,33.56026571742773,33.6518440246582,20300
27-12-2023,33.56859636417802,33.87664063237307,33.34380627356759,33.560272216796875,37800
28-12-2023,33.59357182125882,33.66850185110317,33.42706346688761,33.551944732666016,38100
29-12-2023,33.41873368263934,33.41873368263934,32.686084908774006,32.69441223144531,53100
02-01-2024,32.644452601063584,32.95249997176203,32.51957136445891,32.752685546875,43200
03-01-2024,32.67776090653914,32.67776090653914,32.05334509303839,32.53622817993164,99200
04-01-2024,32.58618591792885,32.88590607639637,32.56953444513135,32.7443733215332,42400
05-01-2024,32.44464135211909,32.81096409247902,32.30310547283608,32.752685546875,36300
08-01-2024,32.85259426109498,33.243895826331325,32.71106154444352,33.110687255859375,38200
09-01-2024,32.744365669613885,33.06906137342876,32.502924134387406,32.57785415649414,58300
10-01-2024,32.41966393072942,32.76101107334678,32.34473391523085,32.527896881103516,47900
11-01-2024,32.4696219125359,33.64352350079755,32.344737480956624,33.34380340576172,96800
12-01-2024,33.84235115564452,33.84235115564452,32.78609797835581,33.04804992675781,27700
16-01-2024,32.79455374228961,32.870604109113074,32.48190044344356,32.701602935791016,39100
17-01-2024,32.262194975064865,32.802996047032416,31.822793298234068,32.15234375,38400
18-01-2024,32.279096574456865,32.32134605533364,31.890396192904518,32.1861457824707,25200
19-01-2024,32.388954758378766,32.81990471334603,32.0847532732586,32.7945556640625,30800
22-01-2024,32.91285383010895,33.37760464247014,32.91285383010895,33.13255310058594,47200
23-01-2024,33.46209954113836,33.46209954113836,32.68469874585723,32.99734878540039,26400
24-01-2024,33.36915448130473,33.36915448130473,32.77765200972356,33.014251708984375,44000
25-01-2024,33.57195230465554,33.88460235844685,33.52970282010467,33.83390426635742,94500
26-01-2024,33.867707005346894,33.98600685796484,33.53815327150219,33.5550537109375,109200
29-01-2024,33.495904912294215,33.54660623230704,33.09875263076705,33.29310607910156,48200
30-01-2024,33.073405832796,33.29310834437086,33.00580729160881,33.0987548828125,69000
31-01-2024,33.242404052352484,33.36915573797514,32.32979965209961,32.32979965209961,77300
01-02-2024,32.363600413895114,32.92975385794384,32.17770202533385,32.862152099609375,41000
02-02-2024,32.372052889490895,32.372052889490895,31.77209855433797,31.865049362182617,30400
05-02-2024,31.459453008248584,31.91575528155834,31.282003198660274,31.628454208374023,31800
06-02-2024,31.552395528868125,32.118545693404606,31.552395528868125,31.957996368408203,38900
07-02-2024,31.729851530935093,31.83970278723254,31.47635135930446,31.49325180053711,43700
08-02-2024,31.603098369399685,32.169248561287915,31.484795298318076,32.076297760009766,42900
09-02-2024,32.169251438258634,32.36360166584455,31.788999591490807,32.06785202026367,43200
12-02-2024,32.06785731864497,32.65935993096655,32.06785731864497,32.48190689086914,33300
13-02-2024,31.67069910065702,31.96645196375981,31.222848725314535,31.476348876953125,60600
14-02-2024,31.915748145114964,31.915748145114964,31.34114612722882,31.552396774291992,56400
15-02-2024,31.755204201896063,32.14390468482269,31.687602436119462,31.949554443359375,57200
16-02-2024,31.611550138250394,31.805900367890434,31.4679012298584,31.4679012298584,46700
20-02-2024,31.18904433991857,31.476345339064643,30.89329473348686,30.969345092773438,39100
21-02-2024,30.994697736485765,31.129898032755186,30.800347512062807,30.851045608520508,29600
22-02-2024,30.749649429300188,30.749649429300188,30.360948939534396,30.53839874267578,63300
23-02-2024,30.436993418144958,30.724294425223523,30.403192541211233,30.496143341064453,61000
26-02-2024,30.420088712881604,30.42853731921549,29.465235025722816,29.69338607788086,88800
27-02-2024,29.7778934715252,30.03984221830628,29.71874032311779,29.95534324645996,75100
28-02-2024,29.84548959063806,30.48769332907844,29.727189750248755,30.234189987182617,31600
29-02-2024,30.580642700195312,30.766544302273953,30.141240964737026,30.580642700195312,63100
01-03-2024,30.774990805375236,31.44254358225381,30.03139089476937,31.366493225097656,34700
04-03-2024,31.248198906802575,31.57774943822827,31.121450438100847,31.417200088500977,31700
05-03-2024,31.222851363442775,31.61155184369324,31.070750614922233,31.349599838256836,36500
06-03-2024,31.467895087501752,32.19459454296621,31.467895087501752,32.025596618652344,128100
07-03-2024,32.329800577566544,32.329800577566544,31.746749898556416,32.04249954223633,73300
08-03-2024,32.2537461274783,32.72694872091889,32.160798553675264,32.62554931640625,56600
11-03-2024,32.69315549403568,32.81990719690383,32.481904804875235,32.811458587646484,28200
12-03-2024,32.74384674320944,33.149447554765494,32.51569568231628,32.904396057128906,46700
13-03-2024,32.81990528169452,33.06495684044375,32.53260423226461,32.718505859375,61400
14-03-2024,32.59174776469555,32.70159899764024,31.265094032540443,31.391845703125,83900
15-03-2024,31.155242722637308,31.332695705703124,30.682043363605466,31.112993240356445,166800
18-03-2024,31.096098136205143,31.577749408360894,30.943997395163386,31.138347625732422,55000
19-03-2024,31.020049290938854,31.56930235208855,30.732748235225557,31.349599838256836,52400
20-03-2024,31.298902132726486,31.966455068166326,31.239752199047473,31.898853302001953,46500
21-03-2024,31.991795744418056,32.20304637323917,31.636893011815616,32.025596618652344,76000
22-03-2024,32.14390428256113,32.14390428256113,31.425650035606505,31.49325180053711,40900
25-03-2024,31.51014553046137,31.814346960998456,31.27354262702759,31.408742904663086,31600
26-03-2024,31.51859358402306,31.63689342194788,31.16369407024858,31.484792709350586,49400
27-03-2024,31.76365167494536,32.279103838554285,31.76365167494536,32.21150207519531,43000
28-03-2024,32.591749378867206,32.591749378867206,32.18614852570887,32.52415084838867,59100
01-04-2024,32.541050672433336,32.541050672433336,31.831248316640192,32.11854934692383,39000
02-04-2024,31.881950732899636,31.881950732899636,31.231298282420532,31.577749252319336,49200
03-04-2024,31.391852579020593,32.12700404851938,31.391852579020593,32.110103607177734,104600
04-04-2024,32.36359988376251,32.541049661339876,31.619996671410313,31.721399307250977,42000
05-04-2024,31.61154458864329,31.696043552459617,31.45099526802073,31.51014518737793,34400
08-04-2024,31.518599322587544,31.746750433022772,31.484798441760976,31.577749252319336,52900
09-04-2024,31.5777482929227,31.8904015959253,31.37494946098355,31.476348876953125,114500
10-04-2024,30.8763967069851,31.112996410609302,30.310243271761063,30.614444732666016,79800
11-04-2024,30.842596495669227,31.50169752627109,30.66514671411169,31.298898696899414,81000
12-04-2024,31.298896211367357,31.298896211367357,30.938248797939504,31.118574142456055,47600
15-04-2024,31.13574461180927,31.38476267195871,30.491734420419125,30.792274475097656,42900
16-04-2024,30.50032409555718,30.680646169139425,30.294239386030803,30.491735458374023,42800
17-04-2024,30.474560793245264,30.474560793245264,30.036632070501067,30.174020767211914,48600
18-04-2024,30.208373892537175,30.551847330471105,30.139677894708203,30.440217971801758,37700
19-04-2024,30.440212211345365,31.27312973596616,30.440212211345365,31.22161102294922,53600
22-04-2024,31.144335128333704,31.341831205873408,30.912491052368292,30.99835777282715,69700
23-04-2024,30.955422319332435,31.298895729152363,30.955422319332435,31.255962371826172,55500
24-04-2024,30.998358721944168,31.290310166290922,30.94683999833361,31.170095443725586,38000
25-04-2024,30.938250229458706,31.06705358498668,30.697820793118915,30.809450149536133,32200
26-04-2024,30.903902710713368,31.084224771652995,30.42304060593592,30.508907318115234,46900
29-04-2024,30.543256986563872,30.998356482136405,30.543256986563872,30.972597122192383,32300
30-04-2024,30.68923877735687,31.470637806261074,30.68923877735687,31.26455307006836,58800
01-05-2024,31.35041575225594,31.89138524877134,31.35041575225594,31.62519645690918,56700
02-05-2024,31.899971084006417,31.899971084006417,31.401934990349012,31.874208450317383,54700
03-05-2024,31.942906129190487,31.942906129190487,30.732167101116904,30.895315170288086,58500
06-05-2024,31.01553539111895,31.17868676487584,30.895320658207005,30.912494659423828,74400
07-05-2024,31.101402488368027,31.685305372705766,31.101402488368027,31.18726921081543,45000
08-05-2024,30.929665051581146,31.25596448541455,30.929665051581146,30.99835777282715,62500
09-05-2024,31.178685728385673,31.599437279590195,31.178685728385673,31.530744552612305,35800
10-05-2024,31.736819388050694,31.86562272822044,31.376175276543417,31.676712036132812,39100
13-05-2024,31.805519255003944,31.805519255003944,31.264549746166477,31.47063446044922,33200
14-05-2024,31.74541343039315,31.753998792584152,31.23879189537927,31.47922134399414,76900
15-05-2024,31.805520872708595,32.49246449591498,31.771172872646883,32.0373649597168,101800
16-05-2024,32.16615977990717,32.664195872440786,32.02877107776083,32.55256652832031,61700
17-05-2024,32.62985059802641,32.741479951452305,32.4323545269531,32.71571731567383,52400
20-05-2024,32.62984799265284,32.66419598721138,32.04594518757802,32.217681884765625,64300
21-05-2024,32.18333591061403,32.449527971746086,32.08888055745088,32.43235397338867,40400
22-05-2024,32.19192226599922,32.41517767761192,31.68530081498055,31.788341522216797,51000
23-05-2024,31.736818645495177,31.736818645495177,31.109982507585695,31.3847599029541,68300
24-05-2024,31.487807110907383,31.487807110907383,31.024122207705336,31.12716293334961,59000
28-05-2024,31.28172086515066,31.341828218864457,30.672058691422084,30.852380752563477,60500
29-05-2024,30.680645143011322,30.689233779907227,30.35434572867668,30.689233779907227,73500
30-05-2024,30.869556195711464,31.152918979973776,30.835208198950802,30.886730194091797,43800
31-05-2024,30.99836120026671,31.3761826735138,30.989775837513722,31.247379302978516,48500
03-06-2024,31.25596735881262,31.41053009033203,31.049882624918165,31.41053009033203,41900
04-06-2024,31.230202335373694,31.668131133111082,31.21302833589326,31.547916412353516,50100
05-06-2024,31.633783680492538,31.633783680492538,31.213028874968792,31.48780632019043,38700
06-06-2024,31.298899459582902,31.608024910143616,31.101403371859245,31.565088272094727,28400
07-06-2024,31.170096498453447,31.34183322604606,31.067055772140133,31.213029861450195,31200
10-06-2024,31.11857654195201,31.11857654195201,30.70640710179419,30.98118782043457,44300
11-06-2024,30.809450816621712,31.204442977905273,30.6205400979185,31.204442977905273,59100
12-06-2024,31.87421312616009,32.09747184765613,31.470635596018916,31.48780632019043,56500
13-06-2024,31.436285954143283,31.831278101563182,31.006945808963735,31.711063385009766,40600
14-06-2024,31.453461053013864,31.728238493489865,31.195857612018298,31.547916412353516,63400
17-06-2024,31.37618041601746,31.4963951395446,31.187269692985918,31.393354415893555,31200
18-06-2024,31.444868242259002,31.45345687866211,31.23878682705487,31.45345687866211,39500
20-06-2024,31.213027850975926,31.633782642696147,31.213027850975926,31.34183120727539,42100
21-06-2024,31.47063406818318,31.539326788350937,31.118575278859353,31.135746002197266,150800
24-06-2024,31.29890092148436,31.711067116281473,31.1185788254367,31.496397018432617,32500
25-06-2024,31.496396883915178,31.496396883915178,30.800864590637353,30.96401596069336,32400
26-06-2024,30.732169872355456,30.972599317152437,30.577607150527246,30.749343872070312,34600
27-06-2024,30.895320541873794,30.9296685441781,30.60336907349876,30.800865173339844,41800
28-06-2024,31.024118411296204,31.753995315003962,30.835207707727285,31.573673248291016,211300
01-07-2024,31.58226103372763,31.58226103372763,30.895317434755817,31.3332462310791,42300
02-07-2024,31.462045314660344,31.771170743286472,31.307482600347278,31.711063385009766,58000
03-07-2024,31.882802154688154,31.951494879032875,31.427699344031424,31.47922134399414,21200
05-07-2024,31.47921982222519,31.52215318231585,31.34183110457183,31.47063446044922,26700
08-07-2024,31.513567311299816,31.822692739925948,31.496393312419993,31.711063385009766,31100
09-07-2024,31.668130616463653,31.668130616463653,31.27313518606874,31.44487190246582,48300
10-07-2024,31.64237147451134,32.01160430908203,31.59085274682617,32.01160430908203,25300
11-07-2024,32.60409597140937,33.03343617318993,32.432359235575994,32.88745880126953,55100
12-07-2024,33.23951380699916,33.48853188149403,33.067777090947345,33.12788772583008,51000
15-07-2024,33.1627620638975,33.563891887287866,32.80523569465228,33.45924758911133,60600
16-07-2024,33.781900329956336,34.008623019771626,33.62493718836232,33.93014144897461,61700
17-07-2024,33.9475789523737,34.63647230562514,33.83421595496453,34.27894592285156,43500
18-07-2024,34.1394228286514,34.65391232783705,33.8952561217059,33.912696838378906,48900
19-07-2024,33.982459342524315,34.05221888199552,33.5028479553249,33.51156997680664,73400
22-07-2024,33.58133012302458,34.06966021405233,33.45052973672406,33.86037826538086,62700
23-07-2024,33.83421936476352,34.30510879240232,33.738297074710026,34.08710479736328,62600
24-07-2024,34.07839110768065,34.56671799936312,33.48541988794269,33.52029800415039,51900
25-07-2024,33.69469251020467,34.156859854440604,33.38076626639288,33.51156997680664,64700
26-07-2024,33.834221266918284,34.18302900918145,33.64238000250298,33.921424865722656,37400
29-07-2024,33.921424360779476,33.95630247330488,33.59877603972187,33.694698333740234,27200
30-07-2024,33.903981547489046,35.46488759196884,33.537733113535054,35.403846740722656,104600
31-07-2024,35.42128849994576,35.569532947668776,34.47951296270572,34.48823165893555,65000
01-08-2024,34.65391283387146,35.02887660514848,33.87781589973434,34.453346252441406,62400
02-08-2024,33.903985619993925,34.77600168708704,33.18893271109576,33.87782287597656,59700
05-08-2024,33.040683418620056,33.040683418620056,32.45643433580732,32.639556884765625,69200
06-08-2024,32.508753638527125,33.10172475223218,32.508753638527125,33.075565338134766,39400
07-08-2024,33.162765546923524,33.18892828745374,32.82267985832247,32.95348358154297,41800
08-08-2024,33.058123333984035,33.49413129319062,32.97964176826778,33.48541259765625,66900
09-08-2024,33.65981687791883,33.74702047538155,33.18893075752861,33.46797561645508,37600
12-08-2024,33.65981659904568,33.65981659904568,32.604678027067024,33.29357147216797,78500
13-08-2024,33.52901461138206,33.58133344048014,33.1802068938359,33.424373626708984,37500
14-08-2024,33.63365775255912,33.8865431976706,33.41565374673414,33.869102478027344,54800
15-08-2024,34.22662896040299,34.331269951925655,33.598776358312726,33.99118423461914,37500
16-08-2024,33.95630256647294,33.991184005571164,33.86038359866851,33.93886184692383,18600
19-08-2024,34.12198847026418,34.296392343016045,33.755740004837534,34.21791076660156,20000
20-08-2024,34.18302364246508,34.33998676919266,33.97373836466942,34.27894592285156,23500
21-08-2024,34.348705356043,34.531827894488266,34.069660537514025,34.470787048339844,19900
22-08-2024,34.73240430950189,34.97656776322093,34.52311897311587,34.810882568359375,30400
23-08-2024,35.06375934348373,35.953215981026396,35.03759993035731,35.4997673034668,30200
26-08-2024,35.77881622314453,36.30202783084095,35.6654565356492,35.77881622314453,42900
27-08-2024,35.700340365018626,35.700340365018626,35.22073214268829,35.491058349609375,33200
28-08-2024,35.27304621065042,35.49105020042394,35.037601502517795,35.26432418823242,33800
29-08-2024,35.52593176969192,35.578250598487564,34.915519930753206,35.403846740722656,28800
30-08-2024,35.6828919474439,35.709054688586164,35.098642843405464,35.5956916809082,32000
03-09-2024,35.560805820480695,36.0404172062015,35.11607919410275,35.24687957763672,41500
04-09-2024,35.238163151069855,35.65673039298104,35.028877866875895,35.27304458618164,22100
05-09-2024,35.47360820278313,35.90961616660645,35.38640794060918,35.56953048706055,24800
06-09-2024,35.578250778043135,36.00554006539974,35.29920593480177,35.33408737182617,33400
09-09-2024,35.264324179564845,35.56080973864303,34.095822661606924,34.932960510253906,61600
10-09-2024,35.01144033775823,35.203281577163196,34.73239551091763,35.133522033691406,41000
11-09-2024,34.8457526363776,34.95039693364707,34.339985172147756,34.828311920166016,41400
12-09-2024,35.055035118537916,35.508483724572926,34.84574986710783,35.473602294921875,36300
13-09-2024,35.630573555303904,35.90961840341437,35.124802689055564,35.80497741699219,40700
16-09-2024,36.014256829305886,36.179941983044564,35.16840364894293,35.4997673034668,62900
17-09-2024,35.61312790079816,35.63056861719755,35.02015684912513,35.12479782104492,56700
18-09-2024,34.95912378978309,35.665457992102795,34.479515624667016,35.281768798828125,69000
19-09-2024,35.70905455751095,35.70905455751095,34.793438456339274,35.45616912841797,52100
20-09-2024,35.150966289293336,35.39512970573592,34.92424026561632,34.95912170410156,425400
23-09-2024,35.12479886934658,35.86601436929775,35.12479886934658,35.787532806396484,84100
24-09-2024,35.72649793491092,36.24970622409703,35.552094063023155,36.12762451171875,44700
25-09-2024,36.084022265102654,36.23226338532766,35.56953270268455,35.80497741699219,42000
26-09-2024,35.848577008716255,36.16250328971279,35.62185099400679,35.682891845703125,50200
27-09-2024,35.883456636261826,36.0316977467696,35.40384521643839,35.76137161254883,69000
30-09-2024,35.83113362455627,36.79034978826219,35.83113362455627,36.589786529541016,65800
01-10-2024,36.59850992489077,36.59850992489077,35.99681679966997,36.19738006591797,57000
02-10-2024,36.267143270762006,36.40666568884582,35.98809843459439,36.16250228881836,58300
03-10-2024,35.9183405878468,36.11018518698288,35.75265873271483,35.83985900878906,41800
04-10-2024,35.90961410115157,35.95321422973075,35.55208772443978,35.7003288269043,68900
07-10-2024,35.53465425321784,35.68289538590868,35.13352766613728,35.281768798828125,60600
08-10-2024,35.25560938164204,35.36025037686365,34.828320050898135,35.281768798828125,38900
09-10-2024,35.17712003838057,35.4823242597697,34.97655678911393,35.24687957763672,37000
10-10-2024,34.94168083147075,35.08120325832218,34.662635977767884,34.92424011230469,42800
11-10-2024,35.07248916477615,35.44745635986328,35.055048443321226,35.44745635986328,38300
14-10-2024,35.360246607900656,35.630572753760106,35.1509646397643,35.403846740722656,52200
15-10-2024,35.403842267767686,36.19138374205725,34.987953371828,35.92591857910156,55600
16-10-2024,36.11175024168354,36.44800031387629,35.93477456522246,35.9967155456543,62700
17-10-2024,36.147144315782704,36.147144315782704,35.60737337261732,35.67816162109375,31300
18-10-2024,35.757797588247435,36.00556150096359,35.678158705512935,35.97016906738281,43200
21-10-2024,35.890527875221316,35.890527875221316,35.01450022151107,35.094139099121094,25700
22-10-2024,35.076441328425794,35.43039264703848,34.87292050165898,35.262264251708984,29200
23-10-2024,34.99680645686697,35.35075781599918,34.99680645686697,35.306514739990234,22900
24-10-2024,35.45694165575231,35.55427844769235,35.17378192039782,35.35075759887695,36700
25-10-2024,35.27112178109946,35.3242121263911,34.828684234172535,34.84638214111328,40400
28-10-2024,35.12068426648113,35.36845153878449,35.06759393176107,35.094139099121094,24000
29-10-2024,34.88177588542108,34.890626526988115,34.740196000125,34.872928619384766,26400
30-10-2024,34.96141183125522,35.29766529627886,34.96141183125522,35.076446533203125,25600
31-10-2024,34.92601686662302,35.40384679487816,34.63400650024414,34.63400650024414,41200
01-11-2024,34.91716653448905,35.54542697156599,33.67834356532004,34.28890609741211,46200
04-11-2024,34.40394049678156,35.09414190761688,34.29775306778366,34.722496032714844,53400
05-11-2024,34.536671571367194,35.40384870149458,34.536671571367194,35.297664642333984,34200
06-11-2024,36.094050717997725,36.616127083605924,35.43039449267527,36.22677993774414,96500
07-11-2024,36.35066931695467,36.57188808336594,35.9259263149782,36.27103042602539,54000
08-11-2024,36.44800133262182,37.22669230549732,36.41260889676458,37.01432418823242,50000
11-11-2024,37.023168255849626,37.509848806041305,36.66036965928527,36.704612731933594,45800
12-11-2024,37.138207476095396,37.18245055414146,36.00556510003929,36.0144157409668,60000
13-11-2024,36.315268286973755,36.474546045949694,35.589671107430036,35.59851837158203,43200
14-11-2024,35.687011365423885,35.79319542323647,34.810983605761635,34.91716766357422,40300
15-11-2024,35.07644795840655,35.173784758199666,34.65170832110705,34.890625,46000
18-11-2024,34.899472486404925,35.253423874158706,34.518975926005325,34.84638214111328,31300
19-11-2024,34.784439949172246,35.483488683688826,34.580919089702306,35.45694351196289,23200
20-11-2024,35.262268719395024,35.262268719395024,34.96141107311493,35.129539489746094,28700
21-11-2024,35.18263473340977,35.324214623413255,35.03220757707581,35.20033264160156,23900
22-11-2024,35.42154748200621,35.66046415266536,35.33306132644229,35.58967590332031,33400
25-11-2024,35.731251869549425,36.16483871013312,35.62506444385007,35.89052963256836,44800
26-11-2024,35.86398164005005,36.279873958278,35.757797588247435,35.97016906738281,57800
27-11-2024,36.2179341974692,36.41260777859256,35.87283348586344,36.209083557128906,31300
29-11-2024,36.48339658140908,36.7311605062409,36.27102846741904,36.37721252441406,25500
02-12-2024,36.36836591946331,36.527643710394855,35.62507068695966,36.33297348022461,42400
03-12-2024,36.46569722465204,36.46569722465204,35.802040987668676,36.00556182861328,28500
04-12-2024,36.10289743035744,36.262175192041596,35.78434190698913,36.14714050292969,30200
05-12-2024,35.98786400974728,36.28872163958532,35.62506540101877,35.70470428466797,35500
06-12-2024,35.65161193907228,35.74009808235481,35.02335154538834,35.34190368652344,34600
09-12-2024,35.30651745022497,35.75780226100672,35.30651745022497,35.6162223815918,41700
10-12-2024,35.16493885400883,35.93477926544892,35.147240946494826,35.731258392333984,46100
11-12-2024,35.9878665372977,36.076356067306264,35.465793500134026,35.67816162109375,42900
12-12-2024,35.793195885310816,35.97901883276432,35.695859091255066,35.76664733886719,31800
13-12-2024,35.72240447998047,35.863984351598354,35.13838708761538,35.72240447998047,44100
16-12-2024,35.6162223815918,35.802045340411894,35.439246688440505,35.6162223815918,25200
17-12-2024,35.598522948063945,35.810894445843964,35.28881802997896,35.54542922973633,51300
18-12-2024,35.722405716826,35.81089524935753,33.996898651062224,34.08538818359375,60600
19-12-2024,34.15617247745204,34.572064793347124,33.77567597046933,33.82876968383789,70300
20-12-2024,33.60754765730998,34.572061414974335,33.60754765730998,34.20926284790039,138000
23-12-2024,34.05883996535745,34.218114358607565,33.74913169249337,34.12078094482422,34200
24-12-2024,34.049989443411675,34.30660400239698,33.7491318097293,34.28890609741211,19900
26-12-2024,34.05884170841473,34.58091811601784,34.05884170841473,34.439334869384766,25100
27-12-2024,34.28890695440725,34.53667087932747,33.84646944531813,33.93495559692383,40200
30-12-2024,33.899558961019615,34.38623948560578,33.607548620949984,34.200416564941406,33600
31-12-2024,34.271207977006235,34.642857228291994,34.129628113547426,34.33314895629883,34100
02-01-2025,34.33315146676553,34.412790356755,33.7933771430069,33.837623596191406,49500
03-01-2025,33.81107418321629,34.26236234010857,33.81107418321629,34.103084564208984,41100
06-01-2025,34.08538974746203,34.12963282799245,33.40403550559548,33.51021957397461,50100
07-01-2025,33.50136726982115,34.00574573818206,32.91734991827009,33.18281173706055,47800
08-01-2025,33.050079139900234,33.58985341757458,32.91734991827009,33.18281173706055,40200
10-01-2025,32.758069318007536,33.04122901695872,31.988229097454624,32.31563186645508,62000
13-01-2025,32.31563441299658,32.9527454736074,32.31563441299658,32.75807189941406,82600
14-01-2025,32.837712000215085,33.244753692692505,32.78461828468445,33.08547592163086,59600
15-01-2025,33.72380649069976,34.28122727409211,32.94162368774414,32.94162368774414,57400
16-01-2025,32.81575672304285,33.49005309406429,32.537046321680464,33.22932434082031,50200
17-01-2025,33.35519331371293,33.624914612840904,33.04951214706352,33.15740203857422,59300
21-01-2025,33.44510017424331,33.83169702872205,33.23831636853469,33.43610763549805,32500
22-01-2025,33.2652900775034,33.35519489504248,32.429162241723965,32.58200454711914,53500
23-01-2025,32.44714352332388,32.635945695804956,32.24035970160905,32.53704833984375,41900
24-01-2025,32.54603690597086,33.04052019576002,32.18641082449775,32.923641204833984,49300
27-01-2025,33.040521708242814,33.75078136535881,33.040521708242814,33.30125045776367,44200
28-01-2025,33.15740035631993,33.4810631551333,33.08547376562869,33.16638946533203,28000
29-01-2025,33.08548032781937,33.38217242879389,32.64494187622903,32.78879165649414,32400
30-01-2025,33.0495134724853,33.26528983451144,32.788788131666905,33.05850601196289,52900
31-01-2025,32.92364122527759,33.247304012874665,32.510073632080655,32.833736419677734,61200
03-02-2025,32.51007611087072,33.022541087090424,32.36622635315376,32.8876838684082,44400
04-02-2025,32.743831773980745,33.3462050124103,32.61796366048323,33.265289306640625,35500
05-02-2025,33.47207264482929,33.58895164696094,33.2922595868534,33.337215423583984,33000
06-02-2025,33.561974512588705,33.57096362043779,33.193355927460864,33.328216552734375,23100
07-02-2025,33.454086826256244,33.454086826256244,32.74382722208705,33.11244583129883,33800
10-02-2025,33.49005073065806,33.49005073065806,32.71685706437428,32.74382781982422,39900
11-02-2025,32.59998202632913,33.2203369140625,32.59998202632913,33.2203369140625,28200
12-02-2025,32.8607091540848,33.346203364713695,32.797775100445726,33.13941955566406,28200
13-02-2025,33.22033130564482,33.6788512747066,33.22033130564482,33.48106002807617,26900
14-02-2025,33.48106640792089,33.71482099108018,32.60897527413062,32.67190933227539,40400
18-02-2025,32.5640190416399,32.9506158846475,32.546037394331584,32.761810302734375,41300
19-02-2025,32.68089863681789,32.79777764391818,32.32127593522706,32.330265045166016,58600
20-02-2025,32.258340567269244,32.57301084709418,32.150450674487416,32.38420867919922,45700
21-02-2025,32.662919620969404,32.67190873068931,32.069535489989356,32.177425384521484,58200
24-02-2025,32.32127079744833,32.77080167521632,32.18641016225856,32.4741096496582,59200
25-02-2025,32.546037590158015,33.310238742292896,32.49209264790846,33.23831558227539,78600
26-02-2025,33.14840997776247,33.17538416585375,32.83373969710444,33.08547592163086,36300
27-02-2025,32.93263324438089,33.355189939616004,32.77979096169279,33.13042449951172,42300
28-02-2025,33.2473007497705,33.7327948835166,33.130421770243146,33.66986083984375,58600
03-03-2025,32.9955711217457,34.065453506108106,32.73484235785649,33.040523529052734,64100
04-03-2025,33.02254626330647,33.65189033808481,32.779799116049844,32.78879165649414,83600
05-03-2025,32.77979613547612,33.26529038584474,32.42916254231511,32.80677032470703,49400
06-03-2025,32.69887763611822,32.734840932257185,32.19540520876742,32.43815231323242,47700
07-03-2025,32.5730075076715,33.34620117842843,32.5730075076715,33.310237884521484,85600
10-03-2025,33.4630813482975,33.804722363510095,32.98657626135598,33.508033752441406,68700
11-03-2025,33.633900320018746,33.633900320018746,32.72584945104276,33.13042449951172,62200
12-03-2025,33.103459117563624,33.103459117563624,32.33925786902275,32.59998321533203,50700
13-03-2025,32.72584980841529,32.86969955446696,32.114487530283576,32.132469177246094,48900
14-03-2025,32.19540897702018,32.56402423146678,32.11449326606122,32.48310852050781,27700
17-03-2025,32.54603922303872,32.86070949449382,32.348244521181954,32.45613098144531,39800
18-03-2025,32.33926036469358,32.6539306843413,32.30329706254833,32.608978271484375,37900
19-03-2025,32.53704539529126,32.61796109469596,31.979628038085867,32.420169830322266,47800
20-03-2025,32.29430174611224,32.51906722072488,32.168433629073,32.330265045166016,40800
21-03-2025,32.09650967844683,32.28531184940473,31.67394949898487,32.177425384521484,125200
24-03-2025,32.43815694102064,32.67191153997514,32.29430373594195,32.50109100341797,36300
25-03-2025,32.45612928307686,32.45612928307686,31.655964837834667,31.88972282409668,39800
26-03-2025,32.0066013874807,32.37521661915231,31.871744163980672,32.31228256225586,34600
27-03-2025,32.42017032952392,32.62695413570916,32.13247082268804,32.258338928222656,39800
28-03-2025,32.35723875378417,32.47411432949992,32.05155757566431,32.402191162109375,34200
31-03-2025,32.30329675979518,32.82475091741698,32.123483680403474,32.42916488647461,89700
01-04-2025,32.528061688167014,32.81576123835048,32.15045388502048,32.68090057373047,55800
02-04-2025,32.59098896607664,32.74382781982422,32.35723441633078,32.74382781982422,41400
03-04-2025,32.33026175164673,32.555027203362265,31.664957935171977,32.07852554321289,65400
04-04-2025,31.853760017540818,31.853760017540818,30.765896056879054,30.81983757019043,66300
07-04-2025,30.280404934697067,30.918738057805513,29.08465096666532,29.7139949798584,96300
08-04-2025,30.07361646951543,30.361315957497737,28.769976235418348,28.958778381347656,70500
09-04-2025,28.698051730199737,30.50516609136178,28.43732299411838,30.136550903320312,91000
10-04-2025,29.68702219286569,30.163523867761295,28.698053831747014,29.05767822265625,71200
11-04-2025,29.08465065167195,29.830873663576728,28.401365127088912,29.534181594848633,71200
14-04-2025,29.61509390540898,30.289390242842554,29.219507955454755,30.019672393798828,63900
15-04-2025,30.047134442451572,30.440681857577477,29.900693648100553,30.202722549438477,39300
16-04-2025,30.239331226924122,30.532205818212542,29.818324438364577,29.96476173400879,54100
17-04-2025,29.955608883925052,30.66949029820385,29.955608883925052,30.312549591064453,46500
21-04-2025,30.221026404603055,30.266787405283523,29.64442802027559,29.946456909179688,50300
22-04-2025,30.31254921036388,30.742710309124636,29.882391602943777,30.285093307495117,41400
23-04-2025,30.422380697162854,30.577968806438587,29.918999187527824,30.120351791381836,45500
24-04-2025,30.04713293852937,30.24848203800267,29.7542548558272,29.836626052856445,40900
25-04-2025,29.745103944350188,29.86408533770293,29.397314059117825,29.790864944458008,33600
28-04-2025,29.699344746060888,30.340009260460153,29.699344746060888,30.29424476623535,45800
29-04-2025,30.1386581315145,30.230180141756787,29.626125796671374,29.827478408813477,56400
30-04-2025,29.800019884737203,30.156960581186077,29.012918097008615,29.928152084350586,53400
01-05-2025,29.818323844743457,30.312547525615873,29.269181378504562,29.983062744140625,64400
02-05-2025,30.11119702496839,30.889144451659245,30.11119702496839,30.577964782714844,34800
05-05-2025,30.51390197762835,30.73355967581926,30.193571471246468,30.221027374267578,49700
06-05-2025,30.0928969678972,30.285095283198245,29.708496845954226,30.175268173217773,32100
07-05-2025,30.349158820712347,30.568816513430786,29.955607927624722,30.037979125976562,41000
08-05-2025,30.092896162358013,30.440682583209966,29.864087652741357,30.102046966552734,36400
09-05-2025,30.065432634722452,30.43152759632717,28.601059770984186,30.230175018310547,28300
12-05-2025,30.63288045803003,31.05388722383612,30.495593973321796,30.60542106628418,52000
13-05-2025,30.660338974647708,31.05388987362954,30.440681278639456,30.632883071899414,48900
14-05-2025,30.495597604074742,30.5047518995267,29.955609386654142,30.120351791381836,51400
15-05-2025,30.211870628629747,30.66948759568245,30.211870628629747,30.651185989379883,40500
16-05-2025,30.66948861104263,31.694553164942093,30.66948861104263,31.474895477294922,88600
19-05-2025,31.15456714611936,31.58472476509969,30.76101623483428,31.456592559814453,44000
20-05-2025,31.33761602251638,31.58472614848067,30.889149793034914,30.94406509399414,52500
21-05-2025,30.678642776601478,30.80677497246402,30.001368109604563,30.092893600463867,40100
22-05-2025,29.91899593501804,30.330851902064186,29.653580748557516,29.818323135375977,53800
23-05-2025,29.635277925059597,30.587118632523463,29.21426937692058,29.845781326293945,46500
27-05-2025,30.019675721063702,30.58711984653663,29.92815371388254,30.49559783935547,55500
28-05-2025,30.49559369090695,30.879993749725937,30.001366540142673,30.230175018310547,44100
29-05-2025,30.4223819545746,30.98982609912305,30.14780894111935,30.94406509399414,57100
30-05-2025,30.962367365767943,30.962367365767943,30.751860476992057,30.82508087158203,60600
02-06-2025,30.751863973785643,31.419987930699484,30.43153343938118,31.392528533935547,105500
03-06-2025,31.49320096518908,31.767770459639735,31.136260273269166,31.236936569213867,36300
04-06-2025,31.39252826748843,31.79523349742573,31.13626384213993,31.694557189941406,90300
05-06-2025,31.667092894647485,31.722008187873122,31.136259025494596,31.24608612060547,73400
06-06-2025,31.54811833305297,31.7220115429822,31.200328421853733,31.43828773498535,36900
09-06-2025,31.474897183661955,32.014885391589594,31.209478481673305,31.932514190673828,40100
10-06-2025,32.06980251491258,32.44504834236985,32.00573640959116,32.17047882080078,52600
11-06-2025,32.371823223693795,32.417584222063084,31.758618164596545,31.941665649414062,34300
12-06-2025,31.941668866124676,32.05149597153926,31.639639962058656,31.959970474243164,42400
13-06-2025,31.776925251250315,31.776925251250315,31.01727936367763,31.31015396118164,30000
16-06-2025,31.593875994724137,32.03318786650391,31.355913215422337,31.639636993408203,51800
17-06-2025,31.410835159206364,31.96912853884348,31.410835159206364,31.6487979888916,38400
18-06-2025,31.63963904232535,32.43589164328108,31.4565915443949,31.96912384033203,49800
20-06-2025,32.17047562707616,32.390129825988886,31.584722950180954,31.6304874420166,137000
23-06-2025,31.584722553520603,32.371824320977474,31.584722553520603,32.26199722290039,39000
24-06-2025,32.28030536014205,32.45419857274686,31.63964082691991,31.923364639282227,35600
25-06-2025,31.83183690767507,31.83183690767507,30.907452118242354,30.980669021606445,50700
26-06-2025,31.127109536969254,31.49320456565099,31.053892626037474,31.41083335876465,43500
27-06-2025,31.438289786871916,31.749469519025084,31.136264350825577,31.21863555908203,267800
30-06-2025,31.26439121834735,31.4382844098846,30.660336958226942,31.24608612060547,114900
01-07-2025,31.154563159684894,32.22538515941332,31.063037673806203,31.758617401123047,95500
02-07-2025,31.886751871755113,32.35351966344621,31.117955192062308,32.17962646484375,67900
03-07-2025,32.234546210546604,32.380983527307805,31.82269016611165,32.316917419433594,50400
07-07-2025,32.261996296917395,32.719613265667995,31.584721646976732,31.74946403503418,70400
08-07-2025,31.722013292470237,32.0423438261486,31.502355575561523,31.502355575561523,52200
09-07-2025,31.548114996040066,31.667092894350564,31.227781022570785,31.639636993408203,41200
10-07-2025,31.66709289406094,32.25284554776902,31.25524041456769,32.03318786621094,51900
11-07-2025,31.77692953116007,32.207087190301245,31.621337916400957,32.06064987182617,50200
14-07-2025,31.92336206872633,32.20708236690189,31.685399279753973,32.17962646484375,81100
15-07-2025,32.11447034610075,32.11447034610075,30.895050048828125,30.895050048828125,63800
16-07-2025,30.95089917417728,31.5187207497315,30.94159219547998,31.164995193481445,61600
17-07-2025,31.02537090991973,31.61180647504807,30.71818733215332,30.71818733215332,67100
18-07-2025,30.80196196606095,31.211536487140222,30.541323957276557,30.606483459472656,57100
21-07-2025,30.755420026496544,30.9695160413685,30.550630990129214,30.820579528808594,60700
22-07-2025,30.77403902040957,31.27669755524189,30.77403902040957,30.922975540161133,51800
23-07-2025,30.978825197032645,31.258084284769247,30.671645171819915,31.10914421081543,52400
24-07-2025,30.84850546049537,31.10914348195441,30.671644453209126,30.708879470825195,36700
25-07-2025,30.690260524184495,30.988133549304308,30.615790492441263,30.820579528808594,44200
28-07-2025,30.736802408398376,30.988133438241164,30.39238739013672,30.39238739013672,45200
29-07-2025,30.46685648496076,30.680952517436356,30.429621466027566,30.54132652282715,39100
30-07-2025,30.50409002201429,30.699568535527,29.94557541792939,30.066587448120117,58700
31-07-2025,29.92696314198074,30.30861321163449,29.787333595381636,29.992122650146484,145900
01-08-2025,29.787332247392918,30.178289278695125,29.38706468624444,29.536001205444336,81200
04-08-2025,29.768716932001098,30.094518033018176,29.526694626603103,29.787334442138672,56000
05-08-2025,29.768716062995423,30.038664625719466,29.703556554879533,30.029354095458984,42700
06-08-2025,30.131745331441046,30.234139847560463,29.86180034913025,29.945573806762695,50700
07-08-2025,30.094515600458408,30.485472628965212,29.936268552543734,30.457548141479492,61900
08-08-2025,30.504090015965925,30.680951020881402,30.2899939939335,30.43893051147461,59300
11-08-2025,30.345843848226668,30.680951910138603,30.00142880722908,30.448238372802734,56400
12-08-2025,30.6530275254793,30.97882505847912,30.438931496518446,30.83919906616211,67600
13-08-2025,31.00675303452468,31.034677522745845,30.615792444794472,30.662334442138672,65300
14-08-2025,30.54132442193915,30.569248908754744,30.24345139281749,30.345842361450195,74300
15-08-2025,30.41100134707926,30.513395864895937,30.1503633387652,30.39238739013672,62600
18-08-2025,30.336534377686267,30.52270590245057,30.16898036049104,30.317916870117188,58100
19-08-2025,30.31791861973334,31.146378224271242,30.31791861973334,31.081218719482422,40900
20-08-2025,31.14637654573593,31.434942587768425,30.708877544435275,30.746109008789062,51400
21-08-2025,30.494779339549364,30.848504898605643,30.494779339549364,30.82988739013672,41800
22-08-2025,31.08121863826904,31.86313624461849,30.79265613236588,31.64904022216797,77300
25-08-2025,31.704893793929447,31.704893793929447,31.230156186415904,31.267391204833984,31700
26-08-2025,31.21153456813051,31.51871810324801,30.98813158888718,31.425630569458008,48500
27-08-2025,31.332549677909224,31.732817235381365,31.332549677909224,31.64904022216797,31800
28-08-2025,31.86313552895474,31.86313552895474,31.258082492382663,31.500102996826172,46100
29-08-2025,31.574567979371928,31.84451650872596,31.53733651571303,31.807281494140625,44000
02-09-2025,31.73281768934758,31.73281768934758,31.12776107960312,31.13707160949707,80600
03-09-2025,31.00675389846462,31.397710948161265,31.00675389846462,31.04398536682129,73900
04-09-2025,31.267391263927955,31.57457128914069,30.8764306716528,31.10914421081543,67400
05-09-2025,31.192919997410577,31.46286854442102,30.792655992680842,31.006752014160156,66400
08-09-2025,30.92297446243419,31.071910976995017,30.047969332328538,30.345842361450195,103100
09-09-2025,30.364460408828737,30.448237421689775,29.964192853040075,30.262065887451172,60700
10-09-2025,30.150363931731736,30.3086109762679,29.68493687863078,29.7594051361084,71400
11-09-2025,29.684938747071723,30.178290318114946,29.684938747071723,30.150365829467773,63000
12-09-2025,30.085206647261302,30.215525663592796,29.843186124206653,29.992122650146484,47200
15-09-2025,29.98280906677246,30.20621560839648,29.908342586848796,29.98280906677246,56600
16-09-2025,29.926962266751723,30.020046261144252,29.563927941859994,29.629087448120117,57700
17-09-2025,29.629086250549,30.438930107460173,29.629086250549,29.77802276611328,64000
18-09-2025,29.90834431347042,30.345843341729424,29.68493775894904,30.122440338134766,47100
19-09-2025,30.15967440923104,30.15967440923104,29.36844628976979,29.54530906677246,135800
22-09-2025,29.554619307889364,29.71286458465093,29.247437508936137,29.647705078125,86800
23-09-2025,29.545310512546965,29.647705037211203,29.359140747795998,29.433609008789062,64700
24-09-2025,29.321903165874016,29.731479453257197,28.9961038867161,29.51738166809082,92100
25-09-2025,29.396371307525975,29.6756268168962,29.368445046403657,29.480148315429688,71100
26-09-2025,29.48014962446017,29.833873403733357,29.48014962446017,29.74078941345215,79200
29-09-2025,29.75940728662076,29.75940728662076,29.117119185261174,29.191587448120117,65100
30-09-2025,29.19158687591104,29.703555951097794,29.19158687591104,29.666322708129883,60700
01-10-2025,29.74079209434745,29.88972862277879,29.517385526236975,29.712865829467773,47700
02-10-2025,29.657014534854362,29.657014534854362,29.12642794005147,29.191587448120117,70600
03-10-2025,29.275362359817642,29.843183932934924,29.275362359817642,29.368446350097656,66300
06-10-2025,29.368447485337814,29.51738400609896,29.117118216217992,29.396373748779297,94300
07-10-2025,29.414990878630494,29.573236151832617,28.71685028076172,28.71685028076172,120000
08-10-2025,28.763392819339995,29.005415110885973,28.51206177325801,28.633073806762695,60600
09-10-2025,28.67030531981724,28.75408233012379,28.437591796846437,28.47482681274414,54500
10-10-2025,28.623765752639002,28.623765752639002,28.102487914110945,28.176956176757812,82500
13-10-2025,28.260731868573686,28.446901628726675,28.02801833678494,28.307273864746094,82500
14-10-2025,28.260731804466083,28.62376434508474,28.0838690235781,28.4841365814209,101000
15-10-2025,28.474645046775063,28.949222464221315,28.446169749995384,28.749900817871094,81100
16-10-2025,28.66447668582448,28.854306566236595,28.436677932739258,28.436677932739258,78200
17-10-2025,28.45566288177821,28.74041043213853,28.313290011782684,28.46515464782715,68200
20-10-2025,28.541086568462575,28.702442968309356,28.246849066519346,28.692951202392578,57200
21-10-2025,28.71193388806378,29.158036010790045,28.68345859115263,29.015663146972656,60400
22-10-2025,29.101087180937405,29.376342952865443,28.95871431734702,29.32888412475586,41100
23-10-2025,29.423800963082254,29.537700344017942,29.05363114318744,29.51871681213379,62600
24-10-2025,29.623122616758156,29.632614382700233,29.309901582146566,29.51871681213379,54200
27-10-2025,29.518716276731137,29.518716276731137,29.196003482030747,29.23396873474121,75400
28-10-2025,29.186512795870602,29.186512795870602,28.598035968952352,28.730918884277344,41700
29-10-2025,28.598034224666517,28.930238777162856,28.057016261351787,28.237356185913086,94900
30-10-2025,28.189897686602635,28.465151631376102,28.019049536565067,28.455659866333008,78100
31-10-2025,28.313290353197733,28.389222672135592,27.943120524671823,28.104476928710938,115200
03-11-2025,27.952609811750296,28.313287842124687,27.677354048531868,28.13294792175293,97400
04-11-2025,28.10447536423408,28.29430524582693,27.791254339755156,28.189899444580078,61700
05-11-2025,28.370237593871163,28.550577520410066,27.933627236362355,28.25634002685547,95000
06-11-2025,28.16142473230124,28.446170465786377,27.829220169655766,28.360746383666992,71300
07-11-2025,28.408203065945578,29.11057739111532,28.227863149503495,29.034645080566406,103500
10-11-2025,28.9776982399838,28.9776982399838,28.227865039047256,28.27532386779785,65100
11-11-2025,28.34176460979027,28.83532375955754,28.34176460979027,28.673967361450195,46100
12-11-2025,28.56006809267378,28.920746120311467,28.10447422290962,28.11396598815918,97700
13-11-2025,28.1519313812261,28.48413592516504,28.094982599809715,28.379728317260742,58100
14-11-2025,28.465153458984148,28.721425700494482,28.17091596523294,28.702442169189453,58400
17-11-2025,28.702441869587012,28.730917166247323,28.25633975079046,28.303796768188477,54500
18-11-2025,28.322779361026768,28.93023785336972,28.322779361026768,28.806848526000977,79000
19-11-2025,28.702440682020217,29.015661690847427,28.683457151698786,28.920745849609375,51600
20-11-2025,29.10108558899035,29.252950209895044,28.844813362325276,28.968204498291016,64600
21-11-2025,29.044137123776874,29.51871452184392,29.044137123776874,29.366849899291992,64300
24-11-2025,29.44278242359985,29.471255909053667,28.768881572076737,29.00617027282715,72700
25-11-2025,29.186512760248355,29.774989586448363,29.186512760248355,29.556682586669922,90800
26-11-2025,29.423798479083956,29.841427093432365,29.414306713943187,29.54718780517578,99300
28-11-2025,29.50922504619171,29.547190299590778,29.39532566525602,29.51871681213379,39300
01-12-2025,29.271934474017446,29.385832037367106,29.044137536948995,29.205493927001953,63700
02-12-2025,29.33837683363555,29.33837683363555,28.66447774613559,28.75939178466797,89100
03-12-2025,28.93973003575633,29.02515411376953,28.730916628595807,29.02515411376953,42900
04-12-2025,28.873289566053867,29.01566242633526,28.30379631455915,28.398712158203125,68200
05-12-2025,28.332271572295046,28.721424901374753,28.303796276129773,28.711933135986328,55800
08-12-2025,28.721424936231195,28.882781327291955,28.484136232340028,28.77837371826172,70600
09-12-2025,28.863797616214715,29.471256115063916,28.844814085533393,29.205493927001953,81300
10-12-2025,29.11057914062808,29.737021192897362,28.968206276088548,29.528207778930664,102600
11-12-2025,29.623120285903806,29.993291887041423,29.55667973990629,29.680070877075195,70300
12-12-2025,29.850919895269108,30.221089696769337,29.72752875452293,30.183122634887695,107100
15-12-2025,30.259053843438124,30.80007359328242,30.107189222194876,30.55329132080078,124000
16-12-2025,30.638716445203695,30.667193551918974,29.974309157116387,30.050241470336914,100600
17-12-2025,30.183123078114573,30.610243478709354,29.822445036788345,30.46786880493164,72800
18-12-2025,30.572275016067238,30.7241396381302,30.268545771941312,30.3065128326416,66500
19-12-2025,30.211596814092218,30.297020889797825,29.746511185455628,29.793968200683594,121700
22-12-2025,29.632613499918026,30.031258605763075,29.490240635766764,29.774988174438477,94600
23-12-2025,29.850919944034082,29.88888519560859,29.42379954901364,29.4902400970459,72200
24-12-2025,29.471256897314813,29.99329314269266,29.471256897314813,29.955326080322266,50900
26-12-2025,29.850919174502714,30.031257282978686,29.737019801977105,29.945833206176758,35000
29-12-2025,30.088207874426043,30.088207874426043,29.77498686294201,29.945833206176758,54600
30-12-2025,29.898376500111286,30.202105749500976,29.898376500111286,29.96481704711914,66000
31-12-2025,30.059732364274065,30.116681144946075,29.71803605950381,29.926851272583008,76700
02-01-2026,29.79396968598645,30.012276673877857,29.243459954199984,29.955326080322266,81500
05-01-2026,29.83193591791427,30.05024108935946,29.61363074646908,29.89837646484375,68500
06-01-2026,29.80346175957067,30.069225767802322,29.784478228189297,29.97430992126465,67700
07-01-2026,30.126174600883584,30.562786771523797,29.793970042642613,30.486852645874023,123600
08-01-2026,30.39193646802686,31.075329067766983,30.39193646802686,30.781089782714844,54800
09-01-2026,30.69566754316827,30.866515703319017,30.553292869463192,30.648210525512695,43300
12-01-2026,30.629226063952114,30.942445267555673,30.534308410785695,30.591259002685547,49000
13-01-2026,30.534308375346658,30.838041244388428,30.22108917210663,30.524818420410156,40300
14-01-2026,30.562785657465547,30.97092251610991,30.562785657465547,30.85702133178711,100400
15-01-2026,30.74101819375284,31.48537664184125,30.712018412549043,30.886024475097656,80500
16-01-2026,30.741019047016074,30.915025114394485,30.451010163939728,30.779687881469727,72100
20-01-2026,30.557346596563598,30.847355469975696,30.131998650905263,30.315671920776367,61800
21-01-2026,30.383340048134595,30.75068473815918,30.20933398934295,30.75068473815918,113400
22-01-2026,30.847355684797073,31.185698758190263,30.480010986328125,30.480010986328125,59400
23-01-2026,30.441342541884094,30.605681398417108,30.006329223177755,30.45100975036621,44600
26-01-2026,30.50901026397139,30.50901026397139,30.064329749805395,30.19966697692871,78600
27-01-2026,30.15133337858381,30.402675265255606,29.996661731990628,30.335004806518555,33700
28-01-2026,30.45100811387224,30.605679753610797,29.745318527086162,29.803319931030273,65700
29-01-2026,29.99666148176598,30.779686916591114,29.967659856834878,30.576679229736328,62900
30-01-2026,30.55734656876643,30.953692889190428,30.335004465932535,30.673349380493164,110000
02-02-2026,30.76035261044301,31.147033568920573,30.509010724965176,30.886024475097656,66500
03-02-2026,30.789354871021278,31.408043311057252,30.779687662476647,31.330705642700195,70900
04-02-2026,31.48537796041844,32.616417414351254,31.466043542918563,32.490745544433594,84100
05-02-2026,32.616415919318435,33.72811721713145,32.423075440844855,33.58311462402344,84600
06-02-2026,33.81511918398163,33.960125460189545,33.20609798663629,33.476776123046875,78000
09-02-2026,33.33177170609997,33.62178058702984,32.9160909579574,33.16743469238281,65900
10-02-2026,33.109432146294516,33.824790842975986,33.109432146294516,33.56378173828125,54200
11-02-2026,33.60244464263017,33.60244464263017,33.08043015574848,33.09009552001953,69900
12-02-2026,33.35110675089282,33.53477818515063,33.022429029609384,33.20610046386719,65900
13-02-2026,33.35110322558051,33.6604464967178,33.16743181073732,33.273765563964844,47500
17-02-2026,33.56378183300159,34.18246844395153,33.070763404632494,34.08579635620117,53100
18-02-2026,33.95045701966364,34.008460268723766,33.48644209017121,33.61211395263672,46200
19-02-2026,33.6217813031047,33.8344562078922,33.38977566848476,33.56378173828125,34700
20-02-2026,33.68944700468031,33.76678466796875,33.41877255849627,33.76678466796875,65700
23-02-2026,33.84411666052679,33.98912292686472,33.544442452000126,33.81511688232422,77000
24-02-2026,33.815120484616486,33.85378931811429,32.77108779381622,32.9354248046875,91200
25-02-2026,32.82908899176347,33.31243837157505,32.44241170051207,33.177101135253906,130700
26-02-2026,33.312433164497975,33.38010177208125,32.91608688251202,33.003089904785156,61500
27-02-2026,32.86775739243069,33.583116087661224,32.62608270572164,32.94509506225586,226600
02-03-2026,32.142731251955134,33.35110460729179,31.176032567685805,33.09009552001953,114100
03-03-2026,32.86775388484145,33.670115529167134,32.36507014761259,33.37043762207031,75100
04-03-2026,33.61211256066763,34.037458639838576,32.95475718252719,33.8924560546875,47900
05-03-2026,33.650783113602714,33.718451727668196,33.041761899350476,33.322105407714844,43100
06-03-2026,33.10943173883505,33.28343780649014,32.61641700558763,33.235103607177734,57800
09-03-2026,32.916091577478994,33.35110675089282,32.30707033469964,33.20610046386719,52000
10-03-2026,32.96442350638499,33.302770256915444,32.7420832525487,32.925758361816406,61800
11-03-2026,32.70341893346329,32.732418714537424,32.16206633154769,32.41340637207031,36300
12-03-2026,32.104062884482076,32.35540661112329,31.74638539866807,31.939725875854492,45100
13-03-2026,32.17173258431312,32.471410518450924,31.6400490198505,31.949392318725586,37600
16-03-2026,32.06539439929481,32.65508120166087,31.97839505566335,32.31673812866211,41100
17-03-2026,32.5100790636594,32.54874420992773,32.03639506715829,32.28773880004883,74200
18-03-2026,32.14273040920733,32.23939880003459,31.678715495443566,32.0750617980957,50300
19-03-2026,31.88172269967634,32.42307529950999,31.727051055104283,32.15239715576172,41800
20-03-2026,32.355406119342696,32.37474053553375,31.27270093862028,31.30170440673828,162000
23-03-2026,31.81405602109915,32.3747430715722,31.417709677292144,31.794721603393555,56600
24-03-2026,31.630381331963562,31.901055776683346,31.42737181076099,31.620712280273438,56100
25-03-2026,31.785053423933515,31.8817218162388,31.282369671087896,31.591712951660156,34300
26-03-2026,31.582046508789062,31.736721849515536,31.369375290616347,31.582046508789062,36000
27-03-2026,31.601379804576005,31.69805188909833,31.137364861857733,31.263036727905273,39900
30-03-2026,31.698051477799204,31.901057321167535,31.14703350999207,31.60137939453125,80800
31-03-2026,31.910721747260084,32.12339663653251,31.205032154639447,31.495044708251953,69700
01-04-2026,31.659381791658674,31.959059710222302,31.41770712149334,31.70771598815918,43900
02-04-2026,31.48537892715776,32.09440019028275,31.48537892715776,31.978397369384766,34900
06-04-2026,31.74638420010799,32.37473980532506,31.659381173041975,31.930055618286133,49900
07-04-2026,32.15239529622226,32.70341691628361,32.13306456847378,32.55841064453125,50000
08-04-2026,32.86775530930518,33.10942998069713,32.39407133080532,32.635746002197266,67300
09-04-2026,32.44240936485154,33.08043035276259,32.44240936485154,32.53907775878906,55800
10-04-2026,32.53907486665361,33.09009277598021,32.53907486665361,32.74208068847656,48100
13-04-2026,32.70342104543276,32.848423647830536,32.15239935579917,32.62608337402344,71800
14-04-2026,32.519742552946546,32.95475769042969,32.37473996556068,32.95475769042969,83000
15-04-2026,32.767852728424195,33.05312987942694,32.60061767186828,32.97443389892578,60600
16-04-2026,32.78752509972805,33.426943494547245,32.71866096233199,33.200687408447266,73500
17-04-2026,33.338409358878316,34.18441269063238,33.338409358878316,33.86962127685547,61800
20-04-2026,33.93848168588903,34.164737780148464,33.623690271909844,33.69255065917969,44800
21-04-2026,33.65320084934916,33.91880680894304,33.21052425002603,33.249874114990234,54800
22-04-2026,33.23019793746949,33.68271386238405,32.954756398259384,33.112152099609375,66200
23-04-2026,33.28922267944551,33.92864482599971,33.28922267944551,33.73189926147461,46200
24-04-2026,33.584339089050864,34.08604046531093,33.584339089050864,33.96799087524414,55100
27-04-2026,33.7712503430663,34.1942482560304,33.7712503430663,33.899131774902344,42200
28-04-2026,34.10571165272698,34.24343617450528,33.544989233905795,34.11555099487305,61100
29-04-2026,33.93848045437878,34.04669070262185,33.2793871279666,33.52531814575195,59200
30-04-2026,33.45645520089224,34.09587737096952,33.45645520089224,33.86962127685547,54300
01-05-2026,34.03685381840873,34.17457835050626,33.60401654678875,33.85978317260742,52700
04-05-2026,33.65320080517766,34.1647377912119,33.456455233224546,33.6040153503418,57100
05-05-2026,33.741736127437,33.90897117702298,33.47613016817198,33.7515754699707,50500
06-05-2026,33.88929750253184,33.997507758761344,33.64336646659563,33.653202056884766,43900
07-05-2026,33.859780696314445,33.89913055975022,33.17117684923597,33.64336395263672,60800
08-05-2026,33.62368887954238,34.85334396216868,33.59417835839439,34.61724853515625,51500
11-05-2026,34.61724861774218,34.69594834447057,33.466293258910696,33.87945556640625,66700
12-05-2026,34.11555230340678,34.48936851449548,33.50564440829023,33.86962127685547,66700
13-05-2026,33.68271508864502,34.05652754757941,33.10231771517255,33.367919921875,45400
14-05-2026,33.358083156723744,33.8007597399815,32.90557098388672,32.90557098388672,36800
15-05-2026,32.74817532176332,32.787525185346816,32.10875317266486,32.462894439697266,91000
18-05-2026,32.48257179965065,33.3777606237406,32.48257179965065,33.003944396972656,73400
19-05-2026,32.777688293368584,33.062969196760164,32.659642446403375,33.003944396972656,79500
20-05-2026,32.90557342590495,33.35808563232422,32.90557342590495,33.35808563232422,63100
21-05-2026,33.11215199385193,33.93848036145255,33.08264147263354,33.87945556640625,33700
22-05-2026,33.90896983282026,34.12538657605701,33.6335245419406,33.96799087524414,51300
26-05-2026,33.8302713557577,34.20408756622515,33.8302713557577,34.164737701416016,53400
27-05-2026,34.223763745868396,34.528715827728604,34.194249469881115,34.5090446472168,54500
28-05-2026,34.47952910094363,34.518878965737095,33.71222550051929,34.105712890625,98900
29-05-2026,34.0073432782172,34.27294924678826,33.47613134107508,34.09587860107422,65500
01-06-2026,33.9188079440498,34.65660105007568,33.59418092875551,34.0368537902832,79000
02-06-2026,34.017182448915946,35.187812820669286,34.017182448915946,34.951717376708984,67800
03-06-2026,34.912370033553394,35.26650755810589,34.725460052490234,34.725460052490234,121300
04-06-2026,34.98123153168549,35.896095275878906,34.43034466608856,35.896095275878906,61600
05-06-2026,36.023977964467676,36.81095654797516,35.896096524567014,35.945281982421875,73900
08-06-2026,36.191212988087116,36.27974831318122,35.778046886777986,35.915767669677734,57700
09-06-2026,36.15186046748641,37.24379481263619,36.15186046748641,36.82079315185547,71500
10-06-2026,37.00769931619437,37.7946778398229,36.88965347580249,37.204444885253906,110100
11-06-2026,37.47005354766137,37.47005354766137,36.49616497439222,36.594539642333984,97900
12-06-2026,36.80111949458789,37.01754000367835,36.663398717024776,36.84046936035156,64200
15-06-2026,36.80112088746834,36.8896562124827,35.99446737183085,36.092838287353516,63500
16-06-2026,36.16169614544214,36.41746651205896,35.748533826059074,36.02397537231445,88600
17-06-2026,35.83706929230469,35.83706929230469,34.754974282469995,34.93204116821289,113000
18-06-2026,35.000907753239446,35.6009763444623,35.000907753239446,35.443580627441406,165800
22-06-2026,35.31569799362338,35.640325007239866,35.13862734888356,35.18781280517578,74200
23-06-2026,35.148461530580164,36.387955994088166,35.148461530580164,36.17153549194336,166000
24-06-2026,36.220720892652324,36.57486216741614,36.014139733243304,36.466651916503906,95600
25-06-2026,36.565024117037744,37.10607539071714,36.122351260550595,36.39779281616211,82500
26-06-2026,36.55518714820282,37.27330528582735,36.29942053515406,37.26346969604492,398500
29-06-2026,37.47005345074225,37.47005345074225,36.65356059568197,37.12575149536133,95800
30-06-2026,36.95851519282886,37.13558583609718,36.62404883916757,36.78144454956055,86900
01-07-2026,36.61421326112506,37.09623598259595,36.48632807369799,36.84046936035156,80500
02-07-2026,36.761770859397444,37.18477254899224,36.732260335391715,36.97819137573242,68100
06-07-2026,36.81095388902679,36.899489207814376,36.063325226850274,36.112510681152344,111100
07-07-2026,36.338768095055165,37.16509651626502,35.94528069371366,36.01414108276367,139700
08-07-2026,36.13218572967739,36.39779168689492,35.266507471258386,35.28618240356445,146200
09-07-2026,35.551787090379754,35.70918279059434,35.24683503205683,35.325531005859375,65900
10-07-2026,35.364882102246305,35.65016299152352,35.01074082626212,35.551788330078125,62300
13-07-2026,35.541952743987416,36.122350112442795,35.532113401537025,35.69934844970703,77600
14-07-2026,35.90593088084254,35.94528074681775,35.65016425722319,35.65999984741211,96700
15-07-2026,35.529998779296875,36.33000183105469,35.310001373291016,35.529998779296875,97100
16-07-2026,35.689998626708984,36.790000915527344,35.689998626708984,36.59000015258789,78700
17-07-2026,36.70000076293945,37.15999984741211,36.2599983215332,36.650001525878906,105300
20-07-2026,36.349998474121094,36.56999969482422,36.15999984741211,36.310001373291016,74000
21-07-2026,36.029998779296875,36.27000045776367,35.91999816894531,36.27000045776367,113000
22-07-2026,36.5,36.7400016784668,35.790000915527344,35.790000915527344,109200
23-07-2026,35.439998626708984,35.79999923706055,35.27000045776367,35.27000045776367,89200
24-07-2026,35.40999984741211,35.849998474121094,35.25,35.68000030517578,56800
27-07-2026,36.13999938964844,36.13999938964844,35.2599983215332,36.029998779296875,42100
28-07-2026,36.279998779296875,36.279998779296875,35.41999816894531,35.470001220703125,55000
29-07-2026,35.869998931884766,35.869998931884766,34.849998474121094,34.95000076293945,59700
30-07-2026,35.06999969482422,35.06999969482422,34.09000015258789,34.65999984741211,74900
31-07-2026,34.61000061035156,34.75,34.02000045776367,34.06999969482422,86400
03-08-2026,34.13999938964844,34.939998626708984,33.9900016784668,34.31999969482422,102000
04-08-2026,34.02000045776367,34.18000030517578,33.5,34.13999938964844,97600
05-08-2026,33.900001525878906,34.2599983215332,33.25,33.630001068115234,134500
06-08-2026,33.72999954223633,34.02000045776367,33.25,33.79999923706055,126800
07-08-2026,33.349998474121094,34.09000015258789,32.7599983215332,34.0099983215332,106600
10-08-2026,34.130001068115234,34.25,33.11000061035156,33.93000030517578,155200
11-08-2026,33.869998931884766,34.619998931884766,33.77000045776367,34.5099983215332,109600
12-08-2026,34.54999923706055,35.119998931884766,33.7599983215332,34.400001525878906,177200
13-08-2026,34.47999954223633,35.08000183105469,34.47999954223633,35.0,106800
14-08-2026,34.959999084472656,35.36000061035156,34.66999816894531,34.79999923706055,150200
17-08-2026,34.619998931884766,35.0,34.130001068115234,34.27000045776367,90500
18-08-2026,34.45000076293945,34.540000915527344,34.0,34.0099983215332,92500
19-08-2026,34.11000061035156,34.47999954223633,34.060001373291016,34.220001220703125,61500
20-08-2026,34.029998779296875,34.47999954223633,33.75,34.02000045776367,78200
21-08-2026,33.9900016784668,34.15999984741211,33.630001068115234,33.720001220703125,61200
24-08-2026,33.880001068115234,34.25,33.779998779296875,34.13999938964844,88900
25-08-2026,34.279998779296875,34.279998779296875,33.84000015258789,34.130001068115234,57500
26-08-2026,34.279998779296875,34.279998779296875,33.63999938964844,33.68000030517578,70300
27-08-2026,33.41999816894531,33.619998931884766,33.16999816894531,33.45000076293945,61200
28-08-2026,33.5,33.66999816894531,33.20000076293945,33.27000045776367,71300
31-08-2026,33.09000015258789,33.09000015258789,32.58000183105469,32.61000061035156,140400
01-09-2026,32.619998931884766,33.0,32.40999984741211,32.75,121200
02-09-2026,32.91999816894531,32.959999084472656,32.54999923706055,32.63999938964844,119300
03-09-2026,32.939998626708984,32.939998626708984,32.41999816894531,32.5,128200
04-09-2026,32.5,32.90999984741211,32.310001373291016,32.52000045776367,102800
08-09-2026,32.59000015258789,32.59000015258789,32.220001220703125,32.54999923706055,178900
09-09-2026,32.599998474121094,32.65999984741211,31.59000015258789,31.850000381469727,115100
10-09-2026,32.290000915527344,32.290000915527344,31.510000228881836,31.65999984741211,121100
11-09-2026,31.700000762939453,32.11000061035156,31.170000076293945,31.270000457763672,81800
14-09-2026,31.450000762939453,31.719999313354492,31.010000228881836,31.139999389648438,108000
15-09-2026,31.059999465942383,31.3799991607666,30.559999465942383,30.719999313354492,149100
16-09-2026,30.860000610351562,31.06999969482422,30.0,30.329999923706055,188300
17-09-2026,30.59000015258789,30.68000030517578,30.209999084472656,30.309999465942383,151600
18-09-2026,30.190000534057617,30.389999389648438,29.899999618530273,30.239999771118164,272500
21-09-2026,30.270000457763672,30.450000762939453,29.84000015258789,30.229999542236328,184800
22-09-2026,30.3700008392334,30.3700008392334,30.09000015258789,30.229999542236328,143600
23-09-2026,30.0,30.1299991607666,29.65999984741211,29.790000915527344,126800
24-09-2026,30.079999923706055,30.079999923706055,29.43000030517578,29.850000381469727,178100
25-09-2026,29.889999389648438,30.1299991607666,29.43000030517578,30.0,134800
28-09-2026,30.0,30.469999313354492,29.90999984741211,30.209999084472656,156000
29-09-2026,30.040000915527344,30.450000762939453,29.81999969482422,30.15999984741211,142100
