Date,Open,High,Low,Close,Volume
30-09-2021,67.61951598364104,67.98963634425627,66.0102938216468,66.1148910522461,159400
01-10-2021,66.13100075614345,67.51493309156315,66.00226000926874,66.98388671875,181800
04-10-2021,66.96779132422635,67.70803213777509,66.14708448158638,66.75859069824219,181400
05-10-2021,67.3861896940411,67.3861896940411,66.17122503266278,66.31605529785156,128300
06-10-2021,65.84131595007436,65.9298236462591,64.71485938483697,65.9217758178711,133500
07-10-2021,66.33213463569261,67.11260830943125,66.33213463569261,66.78271484375,131800
08-10-2021,66.92754507329629,67.03214229625391,66.37236150358635,66.78271484375,137000
11-10-2021,67.08847119182587,67.11261468128828,65.92178755432559,65.97006225585938,132500
12-10-2021,65.70455902192295,65.86547881987393,65.21374565786661,65.78501892089844,132500
13-10-2021,65.72062801329294,66.09879617289401,64.88383182025318,65.72867584228516,142000
14-10-2021,66.21143677324896,66.67006477585849,65.71257576707767,66.64592742919922,74300
15-10-2021,67.24132818141523,67.53903640448331,66.74246724676712,66.95166778564453,135100
18-10-2021,66.83905293660526,68.07010710511437,66.71031833519005,67.50688171386719,172500
19-10-2021,67.90111854081032,68.60917397690562,67.28157080156372,68.48848724365234,147300
20-10-2021,68.21491013957589,69.19653640566118,68.21491013957589,69.15630340576172,116400
21-10-2021,69.26091287796748,69.34137274619127,68.3677942216861,68.97125244140625,127200
22-10-2021,68.96321496847331,69.74368869869821,68.96321496847331,69.5666732788086,155700
25-10-2021,70.01725628795819,71.52188127781737,69.67932109409537,70.56439208984375,256800
26-10-2021,70.9505795643632,71.57817499710399,69.94481607889576,70.66091918945312,182600
27-10-2021,70.16206517130227,70.26666851281263,67.58731285148511,67.6114501953125,198000
28-10-2021,67.94136115062584,68.56090897747066,67.71607103177318,68.51263427734375,159600
29-10-2021,68.59308992194,68.79424267830933,67.80456841594646,67.98963165283203,103900
01-11-2021,68.63331752041924,69.78391144173332,68.39997960477434,69.70344543457031,212500
02-11-2021,69.61494566836633,69.7034533753731,68.19883463364837,68.26319885253906,118400
03-11-2021,68.05400102650857,70.3310516690507,68.05400102650857,70.07357025146484,164900
04-11-2021,69.78391475622696,70.63680045215264,68.39193502469857,68.8505630493164,112400
05-11-2021,69.3735536844866,70.33104263234969,69.3735536844866,70.29080963134766,102700
08-11-2021,70.41151569718184,70.84600640695186,69.75173487242633,70.19426727294922,75800
09-11-2021,69.59884338207674,70.34713177034509,69.40573848343479,70.0413818359375,74200
10-11-2021,70.25058488129385,70.69312338951626,70.04943213004634,70.45978546142578,117100
11-11-2021,70.62071169318229,70.87818699287939,69.85633362371458,70.52416229248047,91400
12-11-2021,70.48392836162763,70.85404871643522,69.62299476401766,70.36323547363281,65400
15-11-2021,70.83796519252039,71.24831859096103,70.41152227237623,71.13567352294922,99500
16-11-2021,70.82186092930822,71.46555221578224,70.29886866508002,70.57243347167969,105900
17-11-2021,70.17012772626616,70.33909530721489,68.95516334284041,69.43793487548828,88100
18-11-2021,69.26091158409741,69.80804727197037,68.8746956296659,69.51838684082031,118900
19-11-2021,68.66552062017111,68.66552062017111,67.68390005894216,68.42414093017578,114400
22-11-2021,69.05976580918338,70.26668234773453,68.7620575197439,69.34942626953125,91700
23-11-2021,69.60690351619807,70.37932938602175,69.3172430476773,70.3310546875,99400
24-11-2021,70.04942371549089,70.62874455168502,69.26895015221235,69.81608581542969,73000
26-11-2021,67.7241018733891,67.7241018733891,65.55165477396577,66.30799102783203,165200
29-11-2021,67.32237927150476,67.32237927150476,65.89413032452347,65.95093536376953,128000
30-11-2021,64.91221352496169,65.34230972259229,64.21431947893592,64.7417984008789,191400
01-12-2021,65.61009060894499,67.45220797208292,64.89596938913003,64.96900177001953,244700
02-12-2021,65.50459826584776,67.68754582027955,65.44779323835952,67.46031951904297,173500
03-12-2021,67.46031791587457,67.7443492378495,65.28548718599185,65.57762908935547,124700
06-12-2021,66.82735658905996,68.87235024105892,66.36479953298857,68.22314453125,202400
07-12-2021,68.73440027028839,69.05900317440995,66.95721035975448,67.40353393554688,137000
08-12-2021,67.4846773431885,67.77681309470202,66.7137448086391,67.19253540039062,122500
09-12-2021,66.6407279688775,67.31427175795004,66.20251495242579,66.71376037597656,92000
10-12-2021,67.15195697091521,67.379177103595,66.26742056994257,67.30614471435547,93300
13-12-2021,66.72997552762938,66.77866378560378,65.61009606394549,66.0320816040039,135000
14-12-2021,66.17815933972985,67.80116747861925,66.12946488548955,66.51898956298828,182100
15-12-2021,66.5838989296237,67.50901290057996,65.94281009163059,67.18441009521484,227600
16-12-2021,67.72000299461405,68.30428683649822,66.68939568944005,66.86792755126953,163800
17-12-2021,67.03835383230587,67.03835383230587,65.05828185784584,65.56141662597656,892000
20-12-2021,64.9203187573349,65.16377242918853,63.8897114212272,65.04204559326172,209400
21-12-2021,65.67502633355186,66.8922824700754,65.67502633355186,66.68128967285156,172800
22-12-2021,66.76243328517509,67.4116389804499,66.50275224532204,67.0870361328125,98100
23-12-2021,67.68754942897165,67.96345780825752,67.12760970581812,67.63885498046875,92900
27-12-2021,67.5739409688898,68.40167858476528,66.90850788126671,68.25560760498047,130700
28-12-2021,67.8985320815698,69.27809247214626,67.8985320815698,68.3124008178711,154000
29-12-2021,68.42601103476906,68.87234067216167,68.1987909252905,68.43412780761719,85600
30-12-2021,68.66135512217868,69.01030209586193,68.02838298184263,68.06895446777344,85500
31-12-2021,67.89854192189331,68.41790401510487,67.58205583982017,67.9715805053711,87400
03-01-2022,68.69380689007562,69.78933592506117,68.65322921825697,69.3917007446289,141700
04-01-2022,70.09771555808756,71.29062746727162,70.09771555808756,70.43043518066406,174900
05-01-2022,70.63331463184257,71.67203884548537,70.36551680421395,70.48724365234375,201700
06-01-2022,71.34742414805247,72.39426496229642,70.97413308263957,72.28065490722656,160300
07-01-2022,72.15893572556193,73.66021691916764,71.70449545712803,73.64398956298828,251500
10-01-2022,73.8468597176176,73.88743739177818,73.24634852600084,73.80628204345703,246300
11-01-2022,74.01727336934186,74.41490856501196,72.89740016486371,73.66020965576172,147500
12-01-2022,73.45732189801932,74.19579333433111,73.19764092738627,73.71700286865234,148100
13-01-2022,73.9929465055481,74.94240484769121,73.75760956589735,74.29320526123047,118600
14-01-2022,73.36807612781405,74.59344265190092,73.03535653179738,74.56098175048828,126100
18-01-2022,74.8206750386826,74.96674602334848,73.87121673399683,74.37435150146484,135400
19-01-2022,74.32565505769672,74.44738190687656,72.55658212258415,72.60527038574219,122600
20-01-2022,72.42671787515957,73.41675355268579,71.64767493004459,71.66390228271484,246500
21-01-2022,71.53409399799453,72.5809351227986,70.49536964847016,71.02284240722656,238100
24-01-2022,70.19509206653315,71.89113235967707,69.5377758445776,71.81809997558594,268900
25-01-2022,71.29875156417087,72.46731946319645,69.91108027972051,71.5503158569336,179100
26-01-2022,71.94794886449749,72.20762990136741,69.53778095192874,70.30059051513672,268700
27-01-2022,71.12021577184221,72.38616013221882,68.60455440822615,69.49720764160156,255400
28-01-2022,69.60270311165361,69.9273059860809,67.93912344105169,69.52967071533203,181000
31-01-2022,68.97785170892854,69.85427766360925,68.10954252918519,69.84616088867188,251100
01-02-2022,69.83803437077601,70.38985735511518,69.14825718817315,70.30870819091797,183700
02-02-2022,69.99223832127959,69.99223832127959,68.9778580557538,69.3268051147461,180200
03-02-2022,69.76499653559515,70.20320941760114,69.00218083084947,69.47285461425781,163300
04-02-2022,70.00845567308819,70.73881059811379,69.32679520392091,70.16264343261719,131900
07-02-2022,70.52782348573677,70.52782348573677,69.7406635272506,70.02468872070312,172800
08-02-2022,70.80374425669437,72.14272747802944,70.80374425669437,71.71263122558594,168700
09-02-2022,71.77753217543328,71.84245398663448,70.85241803531243,70.98226165771484,119900
10-02-2022,71.01471851850552,71.86679402467189,70.89299167725767,71.1607894897461,176300
11-02-2022,70.85242235968494,72.07779530793668,70.45478707655664,71.04718780517578,165100
14-02-2022,71.63958385166698,71.80188839299514,70.37363938573343,70.96603393554688,145200
15-02-2022,71.46102703760519,72.21572586562783,71.41233878782405,71.923583984375,146200
16-02-2022,71.4123406037075,72.41860366956409,71.34741880815982,71.5665283203125,134600
17-02-2022,71.09587309880298,71.26628821301962,69.97599969482874,70.13829803466797,125200
18-02-2022,69.89483318145905,71.3717701269667,69.89483318145905,70.82806396484375,118900
22-02-2022,70.92546181491598,71.38801891885149,70.32495049553843,70.70635223388672,114300
23-02-2022,71.38800309480729,71.63956733676692,69.52154154315835,69.8218002319336,123500
24-02-2022,68.10953662519566,68.3935618105315,66.24307479364364,68.25560760498047,241600
25-02-2022,68.97573949911119,71.05425936592783,68.75479105731941,70.93151092529297,169000
28-02-2022,69.04118425572364,70.57961299281104,69.04118425572364,70.52233123779297,203400
01-03-2022,69.79403082995982,70.38321815386585,66.84810045367261,67.80552673339844,226900
02-03-2022,68.39472297783992,70.6859996834669,68.39472297783992,70.1131820678711,148900
03-03-2022,69.92497480245679,70.66145913559696,69.21304514979168,69.76131439208984,169300
04-03-2022,68.46835904745315,68.46835904745315,66.58623981914992,67.21633911132812,142800
07-03-2022,66.69263189678252,67.29818288000689,65.62064189726134,65.66973876953125,149400
08-03-2022,66.51258936736754,67.27362196257765,65.13782100967323,65.34239959716797,248100
09-03-2022,66.99541328702034,67.35546743733121,66.54533779507618,66.98722839355469,174000
10-03-2022,66.39803782243357,67.54367936749169,66.39803782243357,67.3145523071289,114800
11-03-2022,68.0837498765399,69.35213958753233,68.0837498765399,68.62384033203125,328200
14-03-2022,69.73676976763201,70.86604164469217,67.97739216539547,68.37836456298828,159700
15-03-2022,68.73022857430996,69.6549278940047,67.90373547895086,68.51747131347656,115400
16-03-2022,69.22120118132136,70.43230904932635,69.22120118132136,70.40776062011719,128500
17-03-2022,69.75310049875665,70.25227265906288,68.92660765380008,69.77764892578125,205100
18-03-2022,69.7940280443534,70.02315505156244,68.296511363068,69.72856140136719,370500
21-03-2022,70.10500713723223,70.71056440919051,69.34397434365842,69.95771026611328,144900
22-03-2022,70.60416002090145,71.05423540369817,69.72037903826948,70.15409088134766,169900
23-03-2022,69.83494860603524,69.94133347478774,68.47654993477362,68.55838012695312,164700
24-03-2022,68.82022586571111,69.11481948956012,68.28014171748266,68.73839569091797,97000
25-03-2022,68.9920806395004,70.71872441217516,68.83660515888153,70.63689422607422,158300
28-03-2022,70.27683310014616,70.86602042242733,69.3685036855032,70.16226959228516,135700
29-03-2022,70.96423842307142,71.41430767739321,70.16228742101998,71.177001953125,149100
30-03-2022,71.02969791624056,71.06242500072001,68.63203628888981,69.18030548095703,139600
31-03-2022,68.97572169153219,69.70402100982909,68.64839468209412,68.67294311523438,151200
01-04-2022,69.0166532902622,69.49946217119768,67.51095735924996,67.82191467285156,212100
04-04-2022,67.49455607456578,67.71549815535752,66.21798171287915,67.404541015625,186000
05-04-2022,67.53549581349809,68.03466816629064,66.52897245791222,66.74172973632812,156800
06-04-2022,66.4144001067407,66.84810574247295,65.92340646914458,66.0216064453125,181300
07-04-2022,66.02977625174915,66.44711200781697,64.6140899075078,64.9659652709961,211200
08-04-2022,65.20329975169716,65.35878150487382,64.21313995373058,64.72867584228516,251400
11-04-2022,64.9005047351349,65.96431581587495,64.26222058398793,64.31131744384766,153500
12-04-2022,64.35223232959943,65.01506487641522,63.36207283307181,63.69757843017578,209700
13-04-2022,63.22298673657787,64.93326122656512,63.22298673657787,64.89234924316406,208500
14-04-2022,64.81866953306847,65.44877498758906,64.19674896897135,64.38496398925781,167600
18-04-2022,64.5731897524083,64.86777718099862,63.656675413010454,64.05764770507812,156900
19-04-2022,64.04128370546374,66.20981801298014,64.04128370546374,66.11161804199219,146300
20-04-2022,66.65170314306422,67.38818732696548,66.46349433360476,66.59442138671875,121700
21-04-2022,66.97084790862854,67.42910822083535,65.7597460854415,66.0216064453125,181000
22-04-2022,65.71882397890931,66.2589144510072,63.55029592857313,63.57484436035156,213000
25-04-2022,64.08221404915948,64.10676248813341,62.846563503675625,63.9921989440918,367200
26-04-2022,63.44390822216036,64.57318597928409,62.52740017955884,62.56012725830078,352400
27-04-2022,62.740154523196146,63.62393544642501,62.02004020236661,62.18370056152344,410700
28-04-2022,62.57650906571455,63.083860045864384,62.273730461605396,62.731990814208984,240300
29-04-2022,62.61741800229964,63.08385698188401,60.6125501279838,60.833492279052734,257100
02-05-2022,61.20172415416687,61.83182338630635,60.45705518203243,61.22627258300781,244800
03-05-2022,61.25083995202344,61.913678951905744,60.768037386878255,61.7254638671875,222400
04-05-2022,61.717267274704284,63.664859439034544,61.529058468907564,63.57484436035156,229500
05-05-2022,63.083849016167335,63.083849016167335,61.430856808386764,61.970947265625,225200
06-05-2022,61.72544478024814,61.946386883058985,60.4816098541157,61.22627258300781,226500
09-05-2022,60.59618654829794,61.815473311141645,60.481623026594164,61.47996139526367,233000
10-05-2022,61.823666629257694,61.93823016657476,60.244319301107225,61.01353073120117,232100
11-05-2022,61.17717476168374,62.29008263538687,60.547069296227136,60.60435104370117,225500
12-05-2022,60.56343457688005,61.27536392211914,59.73693550196435,61.27536392211914,425400
13-05-2022,61.447213513350476,61.93820705377011,61.1035230296505,61.299922943115234,200700
16-05-2022,61.16898637390729,62.02003389003763,60.35067217492525,61.54541015625,244800
17-05-2022,62.42920268533237,63.48482894897461,62.30645428384038,63.48482894897461,226600
18-05-2022,62.977476599016015,63.31298850576204,62.134613750889095,62.46194076538086,214300
19-05-2022,61.82365046849478,62.35554979132307,61.31629333353961,61.47177505493164,269700
20-05-2022,61.77454690532458,62.396467543041915,60.596178517785724,61.59451675415039,681900
23-05-2022,62.7483465311763,63.89398790494265,62.29827112758277,62.936561584472656,191400
24-05-2022,63.06749916449088,63.50938974998069,61.54543367332963,63.46847152709961,288300
25-05-2022,63.419364403823344,64.49953913490712,62.83836194363557,63.53392791748047,222700
26-05-2022,64.15584984733036,64.74503721093107,64.0740196564399,64.25404357910156,178600
27-05-2022,64.20449417985049,65.54208374023438,64.20449417985049,65.54208374023438,131400
31-05-2022,64.88155540482003,65.84759382748604,64.41092081690059,65.62466430664062,276100
01-06-2022,65.57512441657026,65.57512441657026,63.59350263001869,64.5595474243164,183500
02-06-2022,64.51002087385157,65.86412811279297,63.998106124619945,65.86412811279297,171100
03-06-2022,65.55035931704884,65.67421186768571,65.17054944799085,65.40999603271484,135500
06-06-2022,65.8806265377341,66.04575906191818,65.01366503726274,65.4017333984375,128600
07-06-2022,64.95586579193296,65.69071620828554,64.7164192305122,65.66594696044922,149300
08-06-2022,64.87331269211121,65.170556325246,64.16323137955627,64.61735534667969,98300
09-06-2022,64.31183236501812,64.56778962754309,62.9742364491694,62.9990119934082,120600
10-06-2022,61.95867853467511,62.65224279952975,61.61189640224779,62.049503326416016,213900
13-06-2022,60.69537905491239,61.8926054437639,60.604554288927666,60.92656707763672,401300
14-06-2022,61.09996128630942,61.818300936784354,60.16695063174896,60.57978820800781,293200
15-06-2022,60.97611217175157,61.71096259473446,60.37337280429012,60.60456085205078,216100
16-06-2022,59.86145841301764,59.86145841301764,58.598176229585256,58.96147537231445,261400
17-06-2022,59.58896997025629,59.993555301532886,58.895405915612486,59.110076904296875,409300
21-06-2022,59.836692486758494,61.463273903291935,59.25046375531294,61.149513244628906,325100
22-06-2022,60.32384059676723,61.43850738727495,60.32384059676723,61.26511001586914,220600
23-06-2022,60.9761088552341,61.273352414588274,60.05960893045901,60.98436737060547,215200
24-06-2022,61.215560926525605,64.3944092958243,61.215560926525605,64.36138153076172,607300
27-06-2022,64.12194716031136,64.32010746952503,63.14765004919045,63.321041107177734,319200
28-06-2022,63.882500351920285,64.26231023472407,62.80911994009026,62.87517547607422,178900
29-06-2022,63.246699372515444,63.246699372515444,61.37242002368302,61.55406951904297,249600
30-06-2022,60.38988803920983,62.13206334253407,59.89448414287075,61.430240631103516,135300
01-07-2022,61.52105157897079,62.63571166992187,61.174263260056385,62.635711669921875,146500
05-07-2022,61.595377933453406,62.29720069923416,60.431179001869396,62.26417922973633,129200
06-07-2022,61.958664872926114,62.58617975947868,61.54582729218919,62.31370544433594,192100
07-07-2022,62.85040073386325,63.27149056531556,62.718289673437525,62.974246978759766,147600
08-07-2022,63.05681882070582,63.16415433152368,62.31370986280749,62.660491943359375,71000
11-07-2022,62.21462953973975,62.40453762115045,61.56234532884531,61.86784744262695,148600
12-07-2022,61.24858601066454,62.42930178751153,61.15776123556848,61.50454330444336,151800
13-07-2022,60.6623581323217,60.85225990122145,59.886221426204784,60.10089874267578,117000
14-07-2022,58.96970921596685,59.341266759644164,58.53210245733851,59.200897216796875,137200
15-07-2022,60.18346191108157,61.13298960500344,59.72108583726984,60.852256774902344,132700
18-07-2022,61.413721508422825,62.206368975473325,61.09996718794516,61.223819732666016,124800
19-07-2022,61.80179154503983,63.04030442690196,61.47977869970786,62.80911636352539,140400
20-07-2022,62.24765207027266,63.58524814585998,62.24765207027266,63.36231231689453,166700
21-07-2022,62.89168409637936,63.54396831863962,62.66049602760912,63.51094055175781,150300
22-07-2022,63.51094394416699,63.932040120149686,62.99077076164914,63.53571319580078,202400
25-07-2022,64.4852315914849,65.17054351648646,63.84946446187022,64.691650390625,177700
26-07-2022,64.78249249336768,65.40174905641857,64.38617182068108,64.89808654785156,163400
27-07-2022,65.06320971890561,65.95493416708442,64.7494491043483,65.43476104736328,140900
28-07-2022,65.6494337804034,65.88062181745752,64.96412188527758,65.55860900878906,131900
29-07-2022,64.99715597422967,66.93749153054416,64.99715597422967,66.14484405517578,233800
01-08-2022,65.65768074416269,66.97050742013141,65.31915723109974,66.57418060302734,144300
02-08-2022,66.10355692364864,66.16961245393078,65.31090945846923,65.3521957397461,117900
03-08-2022,65.51734413330986,66.20265625230407,65.14579270944263,65.77330780029297,95600
04-08-2022,65.60816058413204,65.85586570145192,65.2283506904703,65.3852310180664,74700
05-08-2022,65.38522463220791,66.54116493506471,65.38522463220791,66.48336791992188,95600
08-08-2022,66.78886085002452,67.25949542277051,66.16960450170603,66.29345703125,204600
09-08-2022,66.71458103188502,67.08613247660927,66.136604418598,67.06136322021484,130400
10-08-2022,67.71362990392869,68.11820901789932,67.13565344171118,67.3255615234375,163800
11-08-2022,67.9448114058671,68.25031349064622,67.5567430628617,68.0521469116211,113100
12-08-2022,68.06041520114971,69.33195591852079,68.01912891640676,69.2493896484375,81700
15-08-2022,68.67141425625903,69.67873914581672,68.67141425625903,69.53837585449219,85500
16-08-2022,69.07599735211438,70.55395056847568,69.07599735211438,70.24019622802734,77900
17-08-2022,69.82736242117592,70.03378125372042,69.23287517554331,69.72827911376953,112800
18-08-2022,69.37324003371313,69.79433622542956,69.0925134388375,69.6622314453125,83800
19-08-2022,69.49707678227945,69.49707678227945,68.7374571460949,69.20809173583984,181800
22-08-2022,68.39068645009299,68.44848346898102,67.38336157855646,67.44941711425781,135600
23-08-2022,67.09436974422101,67.45766255527904,66.59896587503134,66.78060913085938,120500
24-08-2022,66.38429647326456,66.76410636159191,66.06228360491305,66.2769546508789,111900
25-08-2022,66.27696115821318,67.20997838580546,66.27696115821318,66.97879028320312,139700
26-08-2022,67.06960647895686,67.27602530115068,65.47605291964437,65.63292694091797,122500
29-08-2022,65.22833082935668,65.37695259461479,64.63384376832423,64.88980102539062,97700
30-08-2022,65.13139304290209,65.2063685715884,64.46491423763007,64.9564437866211,158600
31-08-2022,64.9564645734006,65.29803046229794,64.66488238628946,64.99811553955078,181200
01-09-2022,64.78150852683495,64.91480050308026,64.29831160641534,64.88980865478516,127700
02-09-2022,65.53129738804718,66.03947981340565,64.21500492626105,64.42327880859375,153000
06-09-2022,64.93979067773319,64.98978072904934,63.16529957835632,63.623504638671875,136300
07-09-2022,63.76514709445354,64.97313334458715,63.64018146540139,64.70654296875,120700
08-09-2022,64.18167850941498,65.68957934051527,64.15668666121111,65.67292022705078,106600
09-09-2022,65.88119658539834,66.72261850136118,65.80621468194762,66.18943786621094,104200
12-09-2022,66.18944037443217,67.19749160560275,66.18111399507787,66.63931274414062,168400
13-09-2022,65.68958735849353,65.88120214480193,64.848159015512,65.20639038085938,173900
14-09-2022,65.55628097795666,65.79787941374693,64.81482655874443,65.73956298828125,212700
15-09-2022,65.63959729922614,66.7642749888594,65.63959729922614,66.23109436035156,180000
16-09-2022,65.68958186607668,66.28941167008836,64.9564600811816,66.12279510498047,596100
19-09-2022,65.54796749163023,67.28080800860637,65.54796749163023,67.06420135498047,143200
20-09-2022,66.87256712620561,67.75565260088273,66.86424074826577,67.47239685058594,144900
21-09-2022,67.64735720189216,67.82231286348936,66.11446441620893,66.14778900146484,184000
22-09-2022,66.21443963685915,66.21443963685915,64.9814553791719,65.11475372314453,138800
23-09-2022,64.44827074083358,64.74818564026157,63.648499794363765,64.73985290527344,177200
26-09-2022,64.11502755896511,64.93146392831471,64.0650438639486,64.15668487548828,150100
27-09-2022,64.4399519626436,64.8315079637032,62.198928822561825,62.70711135864258,218200
28-09-2022,62.5737977425369,63.890090036583665,62.298874727448585,63.290260314941406,225400
29-09-2022,63.14864725401773,63.42356396374767,62.06562046194035,63.21529006958008,333900
30-09-2022,62.98202795723488,64.14003036710722,62.94037698960826,63.41524124145508,354300
03-10-2022,63.99006652343141,64.84815391441175,63.34858575297504,64.63155364990234,227800
04-10-2022,65.2813672445681,67.29745693277098,65.2813672445681,67.25580596923828,258900
05-10-2022,66.52267851432737,67.04753277960798,66.22276360731405,66.96421813964844,137400
06-10-2022,66.57266292021373,67.23913549123124,66.3643890500181,66.6726303100586,97300
07-10-2022,66.54766652686394,66.54766652686394,63.873430723533524,63.88176345825195,275100
10-10-2022,64.2983164342309,64.77318065553571,63.440229012927006,63.748470306396484,139900
11-10-2022,63.240292098031915,64.04838951718925,62.53215573025211,63.023685455322266,260100
12-10-2022,63.08200562295007,63.731819233466055,62.14060344093255,62.77375793457031,152000
13-10-2022,62.39053366979431,64.93980436367711,61.78237739540492,64.79817962646484,264300
14-10-2022,64.98979575138367,65.63127662808904,63.90676882539571,64.22334289550781,119500
17-10-2022,65.11475216002744,66.24775627652193,65.11475216002744,65.89785766601562,122500
18-10-2022,66.66429938813059,67.15582904028399,65.66458732641567,66.13111877441406,141300
19-10-2022,65.86453633784545,66.11446756114611,64.25666156984927,65.03144073486328,132100
20-10-2022,65.01476611266008,65.4646383936924,62.857045710450265,63.29859161376953,189500
21-10-2022,62.99035114669967,63.890095810475,62.33220494019814,63.06532669067383,304600
24-10-2022,61.815680834380224,62.473827013108114,58.44164802162766,59.14144515991211,658300
25-10-2022,58.774896388862274,60.99926008765736,58.774896388862274,59.64964294433594,358500
26-10-2022,59.957899981310796,61.76571616814481,59.283094482081495,61.34083557128906,412000
27-10-2022,61.83235866104686,62.48217223533187,61.274186114521555,61.482460021972656,194100
28-10-2022,61.94897564702801,63.04032860814798,61.35747866434393,62.865379333496094,154100
31-10-2022,62.55714642688846,63.406907510126025,62.49882998831452,63.27360916137695,182500
01-11-2022,63.415229977269874,63.44022182460969,62.57380176608309,63.14863967895508,147700
02-11-2022,62.99036728528973,64.01507145155864,62.64046861173526,62.9570426940918,237200
03-11-2022,62.44885574170694,62.44885574170694,61.22420399019914,61.78238296508789,145100
04-11-2022,62.50716370538806,63.44023309323409,62.49050458954045,63.41524124145508,137300
07-11-2022,63.59852451520567,64.14003800697424,62.73211055559511,63.16531753540039,114700
08-11-2022,63.240296286723314,64.09005108592089,62.765425646094045,63.323604583740234,99700
09-11-2022,63.14865545535734,63.490221381024845,62.75709946650714,62.93204879760742,103300
10-11-2022,64.24833630860545,67.08918905910127,64.1067052230615,67.08085632324219,256600
11-11-2022,67.1558518756819,68.49713660077646,67.13918640057837,67.7306900024414,188500
14-11-2022,67.35578197578694,68.49712530351187,67.35578197578694,67.7806625366211,225800
15-11-2022,67.94727847441483,68.56377382534336,66.94756624720341,67.4307632446289,209200
16-11-2022,67.42242295155474,67.48907212083596,66.02282217672244,66.08113861083984,170900
17-11-2022,65.26471657225515,65.61462161015079,64.91481789037555,65.4813232421875,155700
18-11-2022,66.38104564553308,66.88923437801881,65.40632549542654,66.15611267089844,208200
21-11-2022,66.04782058655839,66.85592436531971,66.04782058655839,66.58100128173828,123600
22-11-2022,66.98088584068833,67.70567492676236,66.91423666890697,67.55571746826172,116300
23-11-2022,67.68067246500327,68.11388565764574,67.4224149098601,67.96392822265625,107700
25-11-2022,68.22219548168422,69.03863193409286,68.04724617531411,69.01363372802734,77500
28-11-2022,68.3305003683778,68.53044789471613,66.85592390872002,67.11418151855469,307600
29-11-2022,66.91249632745925,67.7192777014639,66.72760772705078,66.72760772705078,126200
30-11-2022,66.63515215997724,67.82010989865876,65.31572767583346,67.7948989868164,209300
01-12-2022,67.84532842311073,68.39998772864193,67.25704601889149,68.2319107055664,117500
02-12-2022,67.7780777250581,68.9126133701483,67.60999433321737,68.78655242919922,141100
05-12-2022,68.49242995486308,68.49242995486308,65.33253200460662,65.57624816894531,201000
06-12-2022,65.59306849014747,65.70231792529896,64.71064799820795,65.23169708251953,188300
07-12-2022,64.77786703682716,65.58464819370553,64.43330084484722,64.84510040283203,127100
08-12-2022,65.18967206441904,65.70231535311777,64.71064546484965,65.30732727050781,133400
09-12-2022,65.10561148311436,65.48378788713143,64.89551205605474,64.92072296142578,117900
12-12-2022,64.94595427485693,66.02166265354751,64.44171677381168,65.77794647216797,141800
13-12-2022,66.76120600409837,67.29065433145051,64.87871023894856,65.40816497802734,163500
14-12-2022,65.40817802971017,65.56784929010355,63.87024814734749,63.94588088989258,216900
15-12-2022,63.248354693274784,64.02151930734546,62.28189571982252,62.811344146728516,405200
16-12-2022,62.42475467787948,63.492063596176465,61.77765111923472,62.8365478515625,510500
19-12-2022,62.979433985342126,63.51728824205286,62.08860766313557,62.7357177734375,197000
20-12-2022,62.78614090778624,63.90387191294654,62.78614090778624,63.15591812133789,123300
21-12-2022,63.62652934095748,64.9459538932755,63.62652934095748,64.38288879394531,130900
22-12-2022,64.19800094772533,64.5761774726703,63.29877536883758,64.2988510131836,155100
23-12-2022,64.46692524335009,64.85350752655482,64.03832049843133,64.54256439208984,89800
27-12-2022,64.70224156803496,65.14765149140591,64.34927593952155,64.66862487792969,170700
28-12-2022,64.94596210137698,64.97117301770821,64.2568359375,64.2568359375,95400
29-12-2022,64.26523972023526,65.36615911074205,64.26523972023526,65.3325424194336,115800
30-12-2022,65.19808596658666,65.64349593254714,64.84512030432312,65.1812744140625,100200
03-01-2023,65.54262419476106,65.73591851454505,64.56776605753623,65.31571960449219,137900
04-01-2023,65.71910337755656,66.18132471805568,64.55095098436009,64.9963607788086,97900
05-01-2023,64.19798577851647,64.85349501978695,63.67693684769126,64.73583984375,92900
06-01-2023,65.31572050309619,67.22342075982235,65.31572050309619,67.18980407714844,110600
09-01-2023,67.24026307725144,67.68567310598591,66.69400295434461,67.23185729980469,122300
10-01-2023,66.80323514387982,67.83692750378927,66.79483578033408,67.82852172851562,90100
11-01-2023,67.74447148367577,68.1562646366079,67.60160538739498,67.93775939941406,104100
12-01-2023,68.01341661706302,68.68573764324552,67.6520451875424,67.90416717529297,144300
13-01-2023,67.23184641858134,67.93777772834676,66.1225212091439,67.736083984375,94500
17-01-2023,67.55959891817635,67.77810420708,66.70239572590557,67.41673278808594,90600
18-01-2023,66.97131415866568,66.97131415866568,64.95435781223948,65.02159118652344,99200
19-01-2023,64.48372710314503,64.92073114535866,63.77778960513656,64.49212646484375,95000
20-01-2023,64.54257310137145,65.98805236816406,64.54257310137145,65.98805236816406,142300
23-01-2023,65.55104072946277,66.76121584083646,62.996230167522555,63.09708023071289,595100
24-01-2023,62.81975289874594,63.24835769039584,61.34905634258801,62.76092529296875,405100
25-01-2023,62.27349529280161,62.987832365231576,61.85329626058065,62.777732849121094,202800
26-01-2023,62.58443909099008,62.96261562028715,61.970945739582326,62.7861328125,176100
27-01-2023,62.99623194236059,63.85344147431025,62.85336582427823,63.5424919128418,125200
30-01-2023,63.24834642905599,63.987894257397116,63.03824695844155,63.676944732666016,142200
31-01-2023,63.676948292563026,64.40809679939831,63.576104644535654,64.28203582763672,258100
01-02-2023,63.99630012280243,64.66021522029845,63.78620065188826,64.60978698730469,241600
02-02-2023,64.77787449540705,66.05527653794731,64.51734677507247,66.02165985107422,162100
03-02-2023,65.97965093797329,66.96291509138814,65.8872066420049,66.9292984008789,156900
06-02-2023,66.92929117834429,66.95450209057361,65.3241344530459,65.58465576171875,108200
07-02-2023,65.13083247020892,66.4082343633036,65.00477151211479,66.3241958618164,108800
08-02-2023,65.85359419025754,66.21496562183192,65.35775598799104,65.39137268066406,87500
09-02-2023,65.5846581437683,65.90400706315086,64.26523359145028,64.38288879394531,81100
10-02-2023,64.0131123669157,64.52575564580502,63.94587898994353,64.2988510131836,127800
13-02-2023,64.06352012018179,65.19805574395866,64.06352012018179,64.92072296142578,108300
14-02-2023,64.7190487700291,64.97957008617877,63.70216800665572,64.50894927978516,134900
15-02-2023,64.2064102295,65.21488529225097,64.13917684885577,65.1896743774414,98200
16-02-2023,64.72745294524145,64.72745294524145,63.920671612133305,63.971099853515625,130500
17-02-2023,63.626518878015766,63.878640791461216,63.23153087242363,63.84502410888672,160200
21-02-2023,63.62653768391556,63.62653768391556,61.937335752702644,62.7357177734375,197000
22-02-2023,62.4331698188078,62.92900157411878,62.30710883317224,62.55923080444336,187000
23-02-2023,62.937409522258676,63.21474241788499,62.21466668550857,63.02985382080078,152400
24-02-2023,62.55081493500924,63.172707575599915,62.22306027228396,63.13069152832031,129200
27-02-2023,63.41063792525485,63.690579418548225,62.97800166035028,63.24945831298828,204500
28-02-2023,63.47001913563852,64.0807982246803,63.43608624490985,63.50395202636719,238000
01-03-2023,63.088281914276884,63.3258056640625,62.63867599128351,63.3258056640625,211000
02-03-2023,63.003447393016174,63.1985598886909,62.17211425640492,62.88468551635742,233000
03-03-2023,63.12221174942395,63.44456446967603,62.63867296099112,63.34276580810547,174700
06-03-2023,63.39367582672445,63.91961945990494,62.536888122558594,62.536888122558594,280800
07-03-2023,62.265424839188,62.42659796509019,61.56981682413594,61.94306564331055,252500
08-03-2023,61.88368245225677,62.39266927518592,61.73098769978529,61.85823440551758,188100
09-03-2023,61.39166952947854,61.442565621090715,57.26043299667438,57.28588104248047,477000
10-03-2023,55.27540373735635,55.27540373735635,50.813329989675346,53.76542282104492,1520300
13-03-2023,40.124721561750036,53.604252458369224,29.444589241807673,43.8996696472168,3274800
14-03-2023,51.381696007590946,52.62870205404153,41.69408040117822,43.339786529541016,1865300
15-03-2023,39.225522352031255,42.88170529829072,38.17362547076652,40.37921142578125,2314900
16-03-2023,39.429106354119035,45.36722483942644,39.24247873762655,44.68858337402344,2341100
17-03-2023,44.75645211466445,45.3841975798032,42.96653601248265,43.33130645751953,1877700
20-03-2023,43.526414391645,46.29187987715138,42.47451757896286,43.23799133300781,1287900
21-03-2023,45.553862057317644,48.43808970219424,45.18909158602744,45.40964889526367,1138300
22-03-2023,45.452067460684916,45.74048731805852,42.75446418602293,43.10226821899414,691600
23-03-2023,43.628211401537605,43.9844970090483,41.54138737921379,42.567832946777344,758900
24-03-2023,41.82132139271564,43.093775410157406,41.53289835265479,42.92411422729492,716000
27-03-2023,44.49347822809405,44.93459602999225,42.96653398214985,43.77241897583008,479400
28-03-2023,43.5518693200532,44.70556173690525,43.399174545115805,43.69607925415039,395500
29-03-2023,44.39167986962457,44.76493187605481,43.560340412909,44.73099899291992,490900
30-03-2023,45.002459175746985,45.121221040174724,42.89018719038372,43.11074447631836,577200
31-03-2023,43.61972448729302,44.30685085826636,43.15315863659076,44.17960739135742,443800
03-04-2023,44.315334622841256,44.42561164428405,43.15315758994848,43.2464714050293,508800
04-04-2023,43.585795417689184,43.68759083977446,41.354758319203974,42.34727096557617,500500
05-04-2023,41.72801212077182,42.38120564245483,41.21903175282005,42.160648345947266,836400
06-04-2023,42.033403491920915,42.813843758061076,41.761946852224796,42.72901153564453,474300
10-04-2023,42.28788844467813,43.45854708075189,41.92311802355383,43.2464714050293,450200
11-04-2023,43.229509662431305,44.03539796499451,43.025918803773905,43.8996696472168,416000
12-04-2023,44.264438334697864,44.281404778242674,42.771423662937075,42.94956970214844,361900
13-04-2023,42.95805877064395,43.57731950555505,42.601773102346655,42.898677825927734,447100
14-04-2023,43.5433751222086,43.85724618613145,41.64317582588116,41.98249816894531,546900
17-04-2023,41.88070977103664,43.46703839155568,41.210552995350405,43.35675811767578,579400
18-04-2023,43.39916496898774,43.45854589769212,40.76094311705536,41.176612854003906,889800
19-04-2023,41.51593001648683,42.70355500631761,41.17661090226215,42.27940368652344,846700
20-04-2023,41.566830685338616,42.32181954124823,41.38868790190288,42.1436767578125,422600
21-04-2023,42.075820286257745,42.075820286257745,40.998478508804,41.397178649902344,650500
24-04-2023,40.40465585046826,43.75545194235613,40.40465585046826,42.101261138916016,1364300
25-04-2023,41.44807235640943,41.93160465888755,40.50645579810421,40.52342224121094,482600
26-04-2023,40.625222963992336,40.930612507719644,39.44608252039302,39.8023681640625,453600
27-04-2023,39.94656773124857,40.48948085258446,39.63269668972953,39.921119689941406,483100
28-04-2023,39.75994442630251,41.15964509767655,39.71752994087071,41.08329772949219,703300
01-05-2023,41.032402386748885,41.414139264710734,40.17561804822841,40.54887008666992,737600
02-05-2023,40.61673097450769,40.61673097450769,36.16314215121572,37.333797454833984,1680000
03-05-2023,37.74947328651757,40.22651582304075,37.503464706432965,38.003963470458984,1078600
04-05-2023,36.90117475779723,37.07931758343178,33.482515235301975,34.48351287841797,2291600
05-05-2023,36.21404592782555,37.3931895563406,34.89069561038459,37.079315185546875,970500
08-05-2023,38.173624648332606,38.23300558334855,36.26494341591597,36.51095199584961,762600
09-05-2023,36.001970361842616,36.375225672097905,34.805863520199445,34.924625396728516,650100
10-05-2023,35.637194770727476,35.92561781628711,32.88869585282317,33.083805084228516,1409900
11-05-2023,32.40517167062682,32.65118029011931,29.32583121441,29.69908332824707,2315100
12-05-2023,30.05536506770953,30.394687443785692,26.153172304914698,28.469039916992188,4211100
15-05-2023,29.045884831063805,30.538896105717694,28.698080865967178,29.30037498474121,1782600
16-05-2023,29.037396917990236,31.310848090716718,29.01194887612206,29.622724533081055,1803100
17-05-2023,30.26744648267225,33.007464348353494,30.26744648267225,32.73600769042969,1638700
18-05-2023,32.65966780746809,33.65218083430185,31.89619375911953,32.888710021972656,1264800
19-05-2023,33.16015177249904,33.39767548652707,31.539893788912348,32.0234260559082,1359400
22-05-2023,32.12522000153866,34.49198513868648,32.12522000153866,34.44108581542969,1260100
23-05-2023,34.59378999485512,36.01893907499802,34.22053789711051,34.33081817626953,1167400
24-05-2023,34.23749944283432,34.636202770104035,32.70207030327959,33.6267204284668,986000
25-05-2023,33.43161501148363,33.872732879462816,32.16764234784919,33.550376892089844,755100
26-05-2023,34.788898805383795,35.00945936077782,32.608760717785735,33.27043914794922,2115800
30-05-2023,33.78866789869042,34.971964654530176,32.07850560833171,34.557376861572266,2091900
31-05-2023,34.17733147027043,34.67828964530708,32.83856881896281,33.814571380615234,1212600
01-06-2023,34.34144649491827,35.56792849196427,33.728207143807595,34.54874038696289,8430600
02-06-2023,35.47291531599309,37.56311560983694,35.10151613107237,37.476741790771484,1290400
05-06-2023,37.22626506348025,37.459469447791456,35.26562701893972,36.103431701660156,829400
06-06-2023,35.84431063160692,39.29918394549675,35.62838104948881,38.76367950439453,1159100
07-06-2023,38.65140104082166,41.596680854262246,38.44410716093584,41.16482162475586,1369400
08-06-2023,40.620677493606344,41.08708624557817,39.014160655586316,40.95752716064453,940600
09-06-2023,41.026633549677825,41.026633549677825,39.178276270611704,39.42011642456055,525700
12-06-2023,39.47192898672466,41.2339151995531,38.89323598283414,39.17826461791992,789600
13-06-2023,39.160990323973074,40.76750699048006,38.82414069289723,39.96424865722656,570900
14-06-2023,40.21473294491279,40.47384782563073,38.1849925738359,38.616851806640625,763300
15-06-2023,38.43547529682152,39.946982752314504,38.25409519292031,39.636043548583984,555900
16-06-2023,39.71377395010763,40.508396637706184,38.5132058313416,40.27519226074219,3094400
20-06-2023,39.73105401701279,39.92970889171887,38.89324595404921,39.575584411621094,755700
21-06-2023,39.28192001312296,39.480574888059614,38.366377146400865,38.4182014465332,550900
22-06-2023,38.31454623753589,38.31454623753589,35.99978081381075,37.139888763427734,1144500
23-06-2023,36.84623637794546,37.416290538145596,34.84240943331315,35.542022705078125,5182500
26-06-2023,35.75794289690265,37.03624572705225,35.749303867844816,36.7857666015625,1253100
27-06-2023,36.77713394165039,38.00361258445102,36.13798082573458,36.77713394165039,630400
28-06-2023,36.61302889709644,36.6734889321587,35.85295564868194,36.30208969116211,445800
29-06-2023,36.708033369805534,37.56311606743665,36.34527320978432,36.52665328979492,765700
30-06-2023,36.86349517952793,36.92395519345178,35.5938282974797,35.61110305786133,762200
03-07-2023,36.05160975523347,37.424922230240675,35.87886540529824,36.673484802246094,792800
05-07-2023,36.18116058678493,37.0103293990207,35.62838137862775,36.38845443725586,711000
06-07-2023,35.62837959225187,35.65429008670261,33.70228819391626,35.08423614501953,1222600
07-07-2023,35.19652798834042,36.62166479536867,35.049697428555135,36.20707702636719,820500
10-07-2023,36.41436845582492,38.05543477177347,35.99114498029737,37.26945114135742,686700
11-07-2023,36.91532001183784,38.858686103666564,36.8980452511983,38.703216552734375,956400
12-07-2023,39.27328055404611,40.4738487206192,39.27328055404611,40.11972427368164,939800
13-07-2023,40.23201161383874,40.88843626168057,39.34237926744778,40.82797622680664,634500
14-07-2023,41.121635706280756,41.13027144101068,39.80878327409768,40.75023651123047,810700
17-07-2023,40.52566366216448,41.898975979325115,40.21472782180891,41.596675872802734,658400
18-07-2023,41.77805385542639,45.62160100523256,41.77805385542639,45.414310455322266,1382700
19-07-2023,45.595697396214376,46.95173508812315,45.06018958928685,46.63216018676758,1420900
20-07-2023,46.45078205933817,47.44405969896265,45.95846275477987,46.54579162597656,1431300
21-07-2023,47.11584146514159,47.444055403405734,46.278036797090905,46.373043060302734,886100
24-07-2023,47.228130819184884,49.53425777796614,46.38168703123382,49.41333770751953,1394700
25-07-2023,48.92101340443877,49.86246666450604,46.83081629749233,47.35768508911133,1686200
26-07-2023,47.996838591046384,49.90565575725691,47.850008022026216,49.63790512084961,1059600
27-07-2023,49.819279473594484,50.6398126438199,48.52370182423574,48.601436614990234,795800
28-07-2023,49.24058787860353,50.15613063092215,48.54097803577487,49.36151123046875,499100
31-07-2023,49.439247842370065,50.04384814981672,48.644625117858716,49.34423828125,508100
01-08-2023,49.02465923359803,49.02465923359803,47.288586547072136,47.945011138916016,452500
02-08-2023,46.839445162028156,47.34040338052129,46.20893116948693,46.753074645996094,575000
03-08-2023,46.3989532245146,47.124476807963255,45.37976525503139,46.407588958740234,504000
04-08-2023,46.17438743493985,47.798179039576574,45.837537767423726,47.590885162353516,433500
07-08-2023,47.53906712508728,48.12639596983865,47.22812793729836,47.98820114135742,312700
08-08-2023,46.46805751406215,47.79818487705917,45.09474488236,47.6081657409668,421200
09-08-2023,47.31448745727539,48.160930996569526,46.78761876668467,47.31448745727539,491700
10-08-2023,47.504507939334566,49.15420981052578,47.18493308120247,48.54960632324219,662400
11-08-2023,47.789539410155385,49.45651284754677,47.789539410155385,48.50642395019531,380100
14-08-2023,47.93637488002106,48.23867502529861,47.30586079499612,47.35768508911133,522900
15-08-2023,46.053465225864194,46.51123492751084,45.06018773927606,45.08610153198242,722400
16-08-2023,45.172472316688754,45.39704094904981,44.26556864249039,45.32794189453125,519900
17-08-2023,45.61296873518911,47.418140277274055,45.561144446364615,46.97764205932617,724300
18-08-2023,46.44214474454083,47.44405808578165,46.07938125651288,46.80490493774414,435300
21-08-2023,46.88264530973592,46.88264530973592,44.74062354257037,45.93255615234375,784600
22-08-2023,46.2953077260776,46.5457868680064,44.74061517087806,44.93927001953125,511300
23-08-2023,45.077464912845606,46.46805215048622,44.68879424453688,45.99300765991211,328500
24-08-2023,45.59570521255233,46.66671442035858,45.56979141433972,46.46805953979492,303400
25-08-2023,46.58033958464466,46.81354397810791,44.7924425295844,44.93063735961914,554100
28-08-2023,45.44022290599318,46.485321318397816,44.999724702534024,46.217567443847656,336500
29-08-2023,46.21757408251925,46.709896643815306,45.71661908103261,46.683982849121094,304900
30-08-2023,46.57896835915756,47.13025147150646,46.386456054325095,46.86773681640625,288600
31-08-2023,46.67522769184842,47.296513196797136,46.526467263054194,47.02524948120117,269300
01-09-2023,47.47153294240873,48.74035799281238,47.32277582393432,48.250328063964844,319900
05-09-2023,47.74279435277343,47.9265543024049,46.16769953291686,46.23770523071289,369700
06-09-2023,46.09769163688048,46.83273468518367,44.17257857341452,44.35633850097656,527200
07-09-2023,44.041329527905575,44.3038442264318,43.32378445611916,43.53379821777344,302500
08-09-2023,43.78756160327728,44.050076288197054,42.947513276311874,43.621299743652344,327600
11-09-2023,43.69131095802086,44.0938337482724,42.59749685099661,42.746253967285156,400600
12-09-2023,42.93000732272377,43.21877244425149,42.186211899530605,43.08751678466797,388700
13-09-2023,42.98250982244816,42.98250982244816,41.73993884175273,42.807498931884766,360500
14-09-2023,43.490045867398536,43.91007004823828,43.07877072992702,43.883819580078125,373400
15-09-2023,43.490043931439324,44.6976154838832,43.201275442310326,44.373844146728516,1392900
18-09-2023,44.19882951664436,44.31258709410517,43.32377841814132,43.98881912231445,410900
19-09-2023,44.102580824061725,44.71511397985133,43.551297645795735,44.3913459777832,338300
20-09-2023,44.863869909195536,45.26639261057783,43.603797537803366,43.700050354003906,321400
21-09-2023,43.30628778347343,43.56005010877124,42.63249792115001,42.83375930786133,285900
22-09-2023,42.87750865019305,42.930012923709555,42.151214554464,42.51873779296875,304200
25-09-2023,42.36997539307116,42.947512360861595,42.12496213744267,42.41373062133789,323800
26-09-2023,41.809949671245434,43.07877471248915,41.47743258362464,41.51243209838867,381100
27-09-2023,41.80994737748796,42.11621731577512,40.96114994053663,41.48617935180664,419000
28-09-2023,41.31991088052232,43.34127663206469,41.31991088052232,42.59748458862305,573000
29-09-2023,43.096278961932484,44.286349331315414,42.65875328719205,43.481300354003906,582000
02-10-2023,43.323788003428604,43.647559384908014,42.36998196151072,42.55374526977539,490400
03-10-2023,42.229968882426405,42.273724112289656,40.87364020805002,41.07490158081055,382400
04-10-2023,40.969901875393234,41.5649370304526,40.18235436485707,41.354923248291016,322700
05-10-2023,41.24991666709998,42.49249121633164,41.0224048038057,42.15121841430664,402300
06-10-2023,41.35491072350331,42.606233979013915,40.6373691370216,42.13370895385742,444100
09-10-2023,41.55618091352217,42.75500006392346,41.50367664240374,42.52748489379883,335500
10-10-2023,43.08752365075735,44.356345252529,42.65874708312612,43.63005447387695,402200
11-10-2023,44.00632201049401,44.828868868782216,43.24502512604154,43.98006820678711,323000
12-10-2023,44.2425939523906,44.2425939523906,43.08752652895026,43.38504409790039,315700
13-10-2023,43.72630535433784,43.805060088335416,42.17746447775555,42.42247772216797,379000
16-10-2023,42.92126195371958,44.41759874855925,42.92126195371958,43.822566986083984,522200
17-10-2023,43.31503550947609,45.28390075990682,43.31503550947609,44.688865661621094,562400
18-10-2023,44.08507735593978,44.1988316007093,42.64124164010796,42.86000442504883,444700
19-10-2023,43.00001248880023,43.437538058833695,41.83619620829991,42.01120376586914,466900
20-10-2023,41.73994543339797,41.73994543339797,39.86733628617065,39.9810905456543,777500
23-10-2023,42.00245647987584,43.46379034263829,41.10990387911183,41.80994415283203,1068600
24-10-2023,42.54498796642241,42.632495088344655,41.363670193942895,42.116214752197266,499100
25-10-2023,41.818699247503865,41.818699247503865,40.523623822570876,41.2586669921875,405200
26-10-2023,41.78370229450009,42.85126601816053,41.25867281555077,42.71125793457031,416900
27-10-2023,42.798753089818454,42.798753089818454,41.42492300395663,42.483734130859375,436200
30-10-2023,43.157524921858816,43.691306688008325,42.9562635464026,43.192527770996094,401300
31-10-2023,43.26252477516084,43.586296082513485,42.73749545532385,43.218772888183594,243800
01-11-2023,43.56004922181922,44.27759096437296,42.73750226617496,44.22509002685547,385300
02-11-2023,45.065141876097684,46.893999223620774,44.68886955067027,46.51772689819336,622500
03-11-2023,47.97030026928372,49.676650554659034,47.261507687897215,48.81034851074219,801700
06-11-2023,48.58284040040445,49.43164108673491,47.401519341379284,47.75154113769531,458300
07-11-2023,47.629037476654894,47.69029079411666,46.64022867782778,46.65773010253906,263500
08-11-2023,46.52647259426269,46.570227826486835,45.74767752867299,46.167701721191406,289800
09-11-2023,46.02769615971556,46.54397655031029,45.318906756700514,45.905189514160156,480700
10-11-2023,46.25521234027622,46.44772469482111,44.837630166229175,45.555171966552734,290600
13-11-2023,45.283899916570704,46.43021819828434,44.78512099612827,46.080196380615234,363900
14-11-2023,48.110317550696195,50.989236977869105,47.92655758846532,49.66790771484375,705100
15-11-2023,49.702904442881675,51.12923874602487,49.702904442881675,50.00917434692383,413400
16-11-2023,49.85166835104209,49.85166835104209,48.582843432770076,49.14287567138672,255500
17-11-2023,49.76415559322749,50.026670258100474,49.00286206367932,49.71165466308594,293700
20-11-2023,49.90416363703009,50.105424991367876,49.00286206367932,49.71165466308594,268300
21-11-2023,49.18662624652491,49.51039758797198,48.36407933534815,48.39908218383789,203700
22-11-2023,49.23912563145527,49.431637940983435,48.224066492401846,48.65283966064453,271600
24-11-2023,48.740347075950446,49.300379247451176,48.626589497972155,48.94160842895508,112700
27-11-2023,48.59159135995009,49.195378815509706,48.13656434201217,49.18662643432617,319800
28-11-2023,48.99411171147586,49.56289291381836,48.285319131018916,49.56289291381836,304800
29-11-2023,50.059056761310096,52.71705977518497,50.059056761310096,51.21085739135742,710200
30-11-2023,51.388064878363906,52.0437071932458,50.581803995637785,51.4500846862793,390900
01-12-2023,51.23744292625064,55.516826288886506,50.77672196943436,55.46366500854492,682300
04-12-2023,54.91434828108793,56.854689491323796,54.91434828108793,56.48257064819336,404700
05-12-2023,56.08386818694441,56.261069080485925,55.18014667172599,55.60542678833008,505700
06-12-2023,56.41168600586441,57.85587206337389,55.35734595862283,55.68516540527344,349900
07-12-2023,56.18133104195813,58.12167228347593,55.7560509087416,57.979915618896484,324400
08-12-2023,57.758408240514456,59.00766615468999,57.359703728597864,58.19254684448242,255400
11-12-2023,57.82928778919626,58.37861089485315,57.62551132524335,58.12166976928711,360200
12-12-2023,58.25457010181043,58.46720846499289,57.43945074323458,58.201412200927734,429900
13-12-2023,58.414047057371604,62.61368996628174,57.634368599407466,62.498512268066406,671700
14-12-2023,64.56290302664324,66.6184253221437,63.889540293391654,65.97164154052734,916300
15-12-2023,65.67926090752147,65.70584661935689,63.87181780288375,64.56290435791016,2130400
18-12-2023,65.28054998090661,65.28054998090661,63.260468905284796,63.80093002319336,431200
19-12-2023,64.05788400495307,65.53750426054559,63.854100772071945,64.83756256103516,376300
20-12-2023,64.58948355877276,65.71470201666148,63.21617910702979,63.384521484375,417100
21-12-2023,64.06673082580579,64.54517218203382,63.57943432643278,64.18191528320312,291800
22-12-2023,64.66036134057572,65.44003985204998,64.30595955912315,64.38569641113281,220500
26-12-2023,64.545185777736,66.18428663843254,64.43000805572906,65.82102966308594,220100
27-12-2023,65.76785995853092,66.18427476786292,65.32485943997855,65.82987976074219,388900
28-12-2023,65.11221914724088,66.13998367104561,64.99704143736012,65.52864074707031,189300
29-12-2023,65.2096790716179,65.51977810213646,64.11990151298811,64.19963836669922,299500
02-01-2024,63.32250807270294,65.32487271621052,62.99468518887492,64.28824615478516,238600
03-01-2024,63.198463136107755,63.20731828058582,60.92144046957469,61.860599517822266,375000
04-01-2024,61.73655830775264,62.64913837974572,61.71884125960078,61.87831497192383,295400
05-01-2024,61.07207111479243,62.773192022886995,61.07207111479243,62.409934997558594,291400
08-01-2024,62.08209992596405,62.68458097462213,62.00236306759056,62.35675811767578,267300
09-01-2024,61.780856893921246,62.578252440275755,61.26697465675599,62.2858772277832,278300
10-01-2024,62.02006936512816,62.454207957981744,61.15178541976988,61.461891174316406,448200
11-01-2024,60.90371218519292,60.930291135978244,59.229170689200124,60.806251525878906,520600
12-01-2024,61.52391895051588,61.79857713022826,59.893673400806954,60.5050163269043,306300
16-01-2024,59.41522839195337,60.753091873354194,59.184872985351795,59.326629638671875,253700
17-01-2024,57.93560651817547,59.52154916501977,57.563487709772154,58.84818649291992,249700
18-01-2024,59.317767641903956,59.82278797042881,58.53808915074413,59.37978744506836,269400
19-01-2024,59.44180835517969,60.45185579069044,58.60897194855573,60.425270080566406,356200
22-01-2024,58.910210267448754,61.497338573796654,58.71528894714324,60.41641616821289,746700
23-01-2024,60.15061301543142,60.43413309175303,57.14706988326896,57.173648834228516,742300
24-01-2024,58.02420901557657,58.93678904924876,56.0750093374215,56.22562789916992,878400
25-01-2024,57.093913595492765,57.85587508958378,55.47252994460242,57.43059158325195,784600
26-01-2024,57.66981050925728,58.777311925640184,57.17365203780645,57.41287612915039,292100
29-01-2024,57.652095856100345,59.13171618754481,57.253398033498776,59.096275329589844,394500
30-01-2024,58.52038043342678,59.08742064582524,58.24571547204602,58.48493957519531,250400
31-01-2024,56.26106363268622,58.97222453599185,55.685161629397776,56.02184295654297,426000
01-02-2024,56.43826934863861,56.93443116909174,53.151206160179576,55.171287536621094,455000
02-02-2024,53.86000519950806,55.56112561084246,53.47902447366895,54.852325439453125,716800
05-02-2024,54.09036300331227,54.55994585441962,52.99172360261086,54.028343200683594,439300
06-02-2024,54.02834141352032,54.568802572686174,53.284100426768696,53.54990005493164,328200
07-02-2024,53.904311227704866,54.10809109088439,52.23862808454349,53.41701126098633,362000
08-02-2024,53.16006169174462,54.161243799957006,53.12462083945862,54.152381896972656,316900
09-02-2024,54.32073015271129,55.10927061264075,53.727107641864556,54.683990478515625,471400
12-02-2024,54.621968958879556,55.826927611236144,54.48020891861255,54.81688690185547,298100
13-02-2024,52.69934463907439,53.257526274365325,51.77790269061892,53.03602600097656,460300
14-02-2024,53.9486006234403,54.365022177101096,52.84996127055842,53.72710037231445,265800
15-02-2024,54.16124677544326,56.26106838127503,54.05492421274416,55.89780807495117,331900
16-02-2024,54.81688817350072,55.83579081018675,54.57766746628332,55.35734939575195,237300
20-02-2024,54.39160389878655,55.26874642508831,54.39160389878655,54.69284439086914,218000
21-02-2024,54.648551133543684,54.76373222924991,54.099231367587,54.38275146484375,258700
22-02-2024,54.04606583664567,54.71942516978212,53.9397466534822,54.444766998291016,250400
23-02-2024,54.329593428831124,54.82575531862082,53.735974245888876,54.22327423095703,136800
26-02-2024,53.86000243764311,54.613101947409056,53.168919348628684,53.54990005493164,163900
27-02-2024,54.02834618630514,54.45362630489961,53.186644472913095,53.425865173339844,217800
28-02-2024,52.8431999300649,53.56032493567587,52.43981604580818,52.45774459838867,369800
29-02-2024,53.47964801371109,54.37605512317291,53.09419268308077,54.03541946411133,376100
01-03-2024,53.56928972238713,53.9637110564613,52.332250318759705,53.900962829589844,217100
04-03-2024,54.60015997209745,55.335213569645205,53.64100458457728,53.93681716918945,325400
05-03-2024,53.72167687096768,57.0294177831808,53.72167687096768,56.688785552978516,406400
06-03-2024,56.61706487298478,57.63000572058745,55.415879379758614,56.02543640136719,413400
07-03-2024,56.76946654841874,57.16388446406859,56.20472908548221,56.64396667480469,251900
08-03-2024,56.742571265779794,57.68379807867113,55.97166057842362,56.25851058959961,300200
11-03-2024,56.29436855194425,56.76946666854081,55.64895772674446,55.783416748046875,298900
12-03-2024,55.67584615198663,56.088192601921875,54.5642998309419,55.10214614868164,253700
13-03-2024,54.94975057122808,55.962691478421654,54.78839703133808,55.003536224365234,200900
14-03-2024,54.41191445196848,54.51948235203394,52.923878726228985,53.246585845947266,272900
15-03-2024,53.013515460678065,54.20573854760777,53.013515460678065,53.15694046020508,1080400
18-03-2024,53.013513228586234,53.452754194624795,52.5294525932429,53.210723876953125,305600
19-03-2024,52.9776578224833,54.03541846566508,52.9776578224833,53.28243637084961,252600
20-03-2024,52.977651487387824,55.38002248264033,52.977651487387824,54.81528854370117,288600
21-03-2024,55.26349756467286,56.16886720621202,54.913895932878475,55.604129791259766,255800
22-03-2024,55.86408630191527,55.86408630191527,53.82924191650317,53.874061584472656,195800
25-03-2024,54.09816819895752,54.9497556448905,54.09816819895752,54.196773529052734,148800
26-03-2024,54.77943903271155,54.77943903271155,53.72167836947555,53.74856948852539,148900
27-03-2024,54.241593926479126,55.9447688411236,54.11609747541472,55.93580627441406,260700
28-03-2024,55.86409350868341,56.47365064636466,55.56828092630623,55.926841735839844,269000
01-04-2024,56.05233338274406,56.05233338274406,54.39398165951747,54.600154876708984,179400
02-04-2024,54.062315627463235,54.062315627463235,53.174871057835134,53.658931732177734,220300
03-04-2024,53.264505577557415,53.936810868944086,53.264505577557415,53.479644775390625,178000
04-04-2024,54.331237358855844,55.08421949401744,53.33622488530069,53.59618377685547,161300
05-04-2024,53.264505059494,53.97266744688537,53.103154937090345,53.17486572265625,204500
08-04-2024,53.775470279429896,54.90494186462676,53.4437971481509,54.698768615722656,198900
09-04-2024,54.86907781657394,55.91787590260945,54.32226893798946,55.65791702270508,193900
10-04-2024,53.775463560929424,53.793388693792764,52.33224757938843,53.01351547241211,350800
11-04-2024,53.41689912721801,53.41689912721801,52.30535282067944,52.5025634765625,423600
12-04-2024,52.00057298110708,52.475671056725155,51.60615509864224,52.24260330200195,195900
15-04-2024,52.377067834882546,53.29140349959016,51.47169473670658,52.3143196105957,333800
16-04-2024,51.83923181376381,52.14400698958402,50.62908000011497,50.7007942199707,478300
17-04-2024,51.211736512479064,51.57029728628695,50.42289733886719,50.42289733886719,280800
18-04-2024,50.45875955962675,51.17588459949485,50.198800664073964,50.53943634033203,237600
19-04-2024,50.35118318658615,52.60116683408314,50.35118318658615,52.35017395019531,550400
22-04-2024,51.73164529792738,53.15693251369963,50.2167187531717,52.359130859375,804700
23-04-2024,51.26552152439482,52.628060745512784,51.26552152439482,52.170894622802734,334500
24-04-2024,51.624083374036964,52.70873510964766,51.61512080791328,52.592201232910156,186700
25-04-2024,52.20675618916181,53.02248659432736,51.35516867575287,52.986629486083984,343700
26-04-2024,52.87009567148902,53.49758138857896,52.377072400747664,52.55635452270508,201900
29-04-2024,52.52945639435319,52.54738494727675,51.58822959275807,51.71372604370117,237000
30-04-2024,51.14002507018137,51.89300718125553,50.75456973835045,50.817317962646484,273800
01-05-2024,51.46273115817994,53.06730067801129,50.89799373118199,51.99161148071289,289700
02-05-2024,52.5115315762428,52.717704806818936,51.66890668138522,52.43085479736328,234900
03-05-2024,53.183832246778216,53.667889457935445,52.36809854349276,52.76251983642578,206500
06-05-2024,53.147974870056174,53.506535638713444,52.96869277596677,53.112117767333984,234100
07-05-2024,53.19279785881538,53.578253188333896,52.78045141033754,52.807342529296875,181100
08-05-2024,52.457741811889406,53.33622032453923,52.457741811889406,53.067298889160156,170600
09-05-2024,53.04041036390408,53.542399607826255,52.84320311268484,53.30036926269531,173500
10-05-2024,53.39001203099675,53.71271573831604,52.56531566023332,53.30036926269531,139800
13-05-2024,53.63203682087025,53.76649583011207,53.22865295410156,53.22865295410156,173800
14-05-2024,53.856143427681545,54.10713633643332,53.2286577362802,53.83821487426758,201600
15-05-2024,54.4477726935183,54.83322462841486,53.3810459789323,53.73064422607422,185900
16-05-2024,53.55136717068667,53.73961186037768,53.336227939952614,53.354156494140625,152600
17-05-2024,53.53343804212191,54.03542387591197,53.4169041509112,53.623077392578125,164300
20-05-2024,53.50653458009909,53.56032023311823,52.75355253543841,52.78940963745117,208900
21-05-2024,52.753551745654214,53.18383012432264,52.57427307731734,52.69080352783203,143900
22-05-2024,52.52946030990991,52.72667098724739,51.75855299386412,52.206756591796875,238600
23-05-2024,52.2874287472539,52.323282433077644,50.772498531862254,51.041419982910156,187000
24-05-2024,51.39101991394454,51.39101991394454,50.808353939870855,50.96970748901367,189500
28-05-2024,51.05934366798989,51.15794898852896,50.34221872705324,50.57528305053711,209400
29-05-2024,49.58027295713622,50.575281865898646,48.85418204796447,50.52149963378906,308200
30-05-2024,51.328272223688025,52.15296858496928,50.75457219124294,52.05436325073242,379100
31-05-2024,52.244900694476804,52.78023065458417,51.673272660534245,52.39007568359375,248300
03-06-2024,52.762087498235964,52.762087498235964,51.29218682033995,51.627906799316406,287000
04-06-2024,50.87481524108717,51.33756295991193,50.64797907416196,50.82944869995117,202900
05-06-2024,51.301265716552734,51.446440717504004,50.56631532728659,51.301265716552734,165000
06-06-2024,51.46458651671499,51.98177265877161,50.92925306741578,51.82752227783203,223600
07-06-2024,51.00183683831613,51.71863987073205,51.00183683831613,51.627906799316406,219100
10-06-2024,50.91110152186878,51.6641956728948,50.09449007015896,50.348548889160156,282200
11-06-2024,49.88581392972643,50.57539787788675,49.88581392972643,49.98562240600586,313700
12-06-2024,51.65513242466433,52.69858018137267,51.264973939025225,51.81845474243164,388700
13-06-2024,51.59161738212147,52.018070475462295,50.711491963522796,51.34663391113281,285500
14-06-2024,50.60261569862005,51.019993441173874,50.2759710440143,50.75686264038086,324600
17-06-2024,50.49372568966541,51.97269481692987,50.17615301980428,51.80030059814453,346700
18-06-2024,51.45551298293528,52.6078410749434,51.45551298293528,52.11787414550781,529000
20-06-2024,52.17231176530334,52.17231176530334,50.46650303756749,51.219600677490234,485100
21-06-2024,50.974623929181206,51.2649739472038,50.29411542545726,50.82037353515625,984400
24-06-2024,50.97462051736735,52.571545509606864,50.84759282564029,52.22675704956055,407700
25-06-2024,51.9273367973202,51.98177872540173,51.101653258266445,51.11980056762695,257000
26-06-2024,50.8022336347262,51.428300260746525,50.43022242890331,51.319419860839844,208700
27-06-2024,51.0472096949204,51.97270167518674,50.5481708178515,51.81845474243164,225800
28-06-2024,52.19954116806278,53.17039975149615,51.70957764479641,51.9091911315918,517900
01-07-2024,51.954552694408704,52.6985784854296,51.90918615454338,52.18138885498047,485900
02-07-2024,52.108806132400474,52.70765349289948,51.61883916619802,52.53525924682617,208300
03-07-2024,52.96170272250725,52.96170272250725,51.74586083406912,51.75493621826172,150300
05-07-2024,51.65512797135142,51.736789123194875,50.83851645291691,51.083499908447266,176200
08-07-2024,51.546250347400154,51.736791891481886,50.82944724966967,51.0290641784668,139000
09-07-2024,50.811299202442264,51.909185372367645,50.5844630452885,51.79123306274414,152500
10-07-2024,51.7186391956499,52.47173683129983,51.591611512828166,52.39007568359375,240300
11-07-2024,53.651294896162,54.82176696823421,53.06151943670088,54.3862419128418,664900
12-07-2024,54.72195042282315,55.493191896893634,54.050513940651236,55.22098922729492,315400
15-07-2024,56.06482648014361,57.66175153338967,55.79262377872321,57.15364074707031,351700
16-07-2024,57.71619823632453,60.429157012863605,57.598242453487266,60.10251235961914,453800
17-07-2024,59.49459341042473,61.96257217288864,59.458298790683685,61.67222213745117,498400
18-07-2024,60.94633475565834,62.62492087110905,60.138798620293024,60.71043014526367,410700
19-07-2024,60.53803160816896,61.83553463710416,60.401928536394536,61.05521774291992,447900
22-07-2024,60.51081478588847,62.91527248544826,58.36040554926454,61.99885940551758,581600
23-07-2024,61.454453100933506,62.951566160177805,61.327418487628755,62.00792694091797,430600
24-07-2024,61.517972979485364,62.37087228395957,60.08436670256294,60.14788055419922,355300
25-07-2024,60.27491265001261,62.851768444176685,60.238618028933956,62.28014373779297,370400
26-07-2024,62.9515714300955,63.477833006092126,62.334576770562684,62.724735260009766,280300
29-07-2024,62.58863363172678,62.60677747785377,60.43822443495629,60.69227981567383,378600
30-07-2024,61.155018060364185,62.53417859528981,60.76485966520613,62.479740142822266,321600
31-07-2024,62.561408715785,63.913357182390094,61.76294794310105,62.234764099121094,424000
01-08-2024,62.10773570236002,62.21661954751066,59.11350264686242,59.68512725830078,436700
02-08-2024,57.552871780403855,58.7596418337243,56.86328790386498,58.63261413574219,383400
05-08-2024,56.554794236493166,59.47644514501907,55.50227110963697,59.03184127807617,484500
06-08-2024,59.00461556459917,60.038987808067496,58.668902508160095,59.01369094848633,307600
07-08-2024,59.794009428227305,60.0752840338736,58.41484178491877,58.97739791870117,280300
08-08-2024,59.66698491605698,59.884745689357395,58.97740105770047,59.821231842041016,257700
09-08-2024,59.74864470240186,60.038994717800016,59.149800824232734,59.69420623779297,240400
12-08-2024,58.024694384687805,59.81216109396675,56.80885234556765,57.571022033691406,411200
13-08-2024,58.36948344102293,58.60538806762891,57.04475761137426,58.4602165222168,232300
14-08-2024,58.66890728198944,58.6961265133761,57.407695334901135,57.5800895690918,204300
15-08-2024,58.81408623744812,59.766800991018215,58.44207849078613,58.505592346191406,244300
16-08-2024,58.50558740063789,59.612542083772965,58.45114201311353,59.26775360107422,195700
19-08-2024,59.27682487675307,59.93011410183281,59.02276949421984,59.85752487182617,155300
20-08-2024,59.45829421215012,59.45829421215012,58.08820184301473,58.12449645996094,150800
21-08-2024,58.4329972039159,58.8685187620002,57.89766371867329,58.63261413574219,215900
22-08-2024,58.70519812852107,59.28589817092602,58.29689579081122,58.42392349243164,218500
23-08-2024,58.97739693515555,62.35271983658126,58.39669696528549,61.57240295410156,486300
26-08-2024,62.017013214300015,62.74289179425536,61.36372387683845,61.86276626586914,260100
27-08-2024,61.46352221669088,61.54518683164919,59.549024527269815,60.34749221801758,431900
28-08-2024,60.12065293026064,61.808314378189785,60.12065293026064,60.8283805847168,178200
29-08-2024,61.40909435115317,61.63593054380334,59.90289870916027,60.864688873291016,215800
30-08-2024,61.24060860571537,61.396482107517464,60.26868324684384,60.855506896972656,205100
03-09-2024,60.351202222584554,60.98387431417468,59.78271374930867,60.23200607299805,287100
04-09-2024,59.91108036864707,60.60793607137142,59.38844034047622,59.947757720947266,191600
05-09-2024,60.51624424816534,60.65378256600906,59.48013531198962,59.59016036987305,187100
06-09-2024,59.782721678285114,59.91108893193892,58.11394388304032,58.8933219909668,223200
09-09-2024,58.847469253345444,58.920823963080814,58.031417345137385,58.37067413330078,293700
10-09-2024,58.48069925434588,58.48069925434588,57.10533000755321,58.26980972290039,261200
11-09-2024,57.61880904877372,57.69216026483971,56.01421141047786,57.472103118896484,223000
12-09-2024,57.57295960891444,57.91221638945504,56.86693628342806,57.71966552734375,283000
13-09-2024,58.55405540228693,59.15005015634453,58.42568816239636,59.113372802734375,252000
16-09-2024,59.21423473793099,59.75520997261386,58.26064451505048,59.15005111694336,284100
17-09-2024,59.48930740356445,60.818835327535844,59.01251576580634,59.48930740356445,347400
18-09-2024,59.819398927307695,60.80049550444804,58.64575147003596,59.4618034362793,506800
19-09-2024,61.02055221000184,61.15808353940671,59.48013836125912,60.507076263427734,439100
20-09-2024,60.28702150849586,60.54375599412055,58.54488564755538,58.61824035644531,979100
23-09-2024,59.06752532110782,59.260076184070705,58.26064451505048,59.15005111694336,440200
24-09-2024,59.05835921488178,59.296751515853586,57.70132513751168,57.884708404541016,218300
25-09-2024,57.88471441699293,57.92138827601217,56.86694050212222,56.90361785888672,268700
26-09-2024,57.793016649447615,58.01307727562809,56.986135848190834,57.67382049560547,235800
27-09-2024,58.42569655086849,58.54489272059764,57.16952324245287,57.24287796020508,188400
30-09-2024,56.967798958910016,58.159785018952235,56.967798958910016,57.554622650146484,181000
01-10-2024,57.20620038471769,57.20620038471769,55.54659012593087,56.19759750366211,226300
02-10-2024,57.71967028769957,57.71967028769957,56.45432945079876,56.848602294921875,342800
03-10-2024,56.68355735076554,57.435425677498486,56.252607152121556,57.4262580871582,225200
04-10-2024,58.4165233684546,58.85664466370167,57.65548743665326,58.3156623840332,367900
07-10-2024,57.939719201326696,58.26980837254658,57.20618965291851,57.61880111694336,186600
08-10-2024,57.893884322920734,58.18729619328196,57.27038322396679,57.637149810791016,349400
09-10-2024,57.5454504742728,58.97583581792114,57.49043794035038,58.61824035644531,318200
10-10-2024,58.05892236655078,58.939157878016104,57.67382064193908,58.911651611328125,295500
11-10-2024,59.46179673962819,61.46066702627004,59.37927794121837,60.928855895996094,364900
14-10-2024,60.80048926539957,61.60737705609301,60.268685125294276,61.213104248046875,289000
15-10-2024,61.56153240948066,62.65266101433565,60.92886026105343,61.49734878540039,354500
16-10-2024,62.111677007117045,63.19363449360492,61.92829722791171,62.09334182739258,268000
17-10-2024,61.96498268432166,62.57014163121153,61.524861362999964,62.51512908935547,345400
18-10-2024,62.524300552783046,62.524300552783046,61.203943576397975,61.46067810058594,307900
21-10-2024,61.552361701823564,61.552361701823564,59.278421581370345,59.44346618652344,267200
22-10-2024,59.61767312076111,59.96610449660654,59.37010971809901,59.89274978637695,266300
23-10-2024,59.856078767958714,60.09447810369804,58.957507956734304,59.5259895324707,262000
24-10-2024,59.59934176873333,61.2406167892081,59.04002430941827,61.130584716796875,534300
25-10-2024,61.36898914469329,61.790768297432784,60.46124720717766,60.543766021728516,462500
28-10-2024,62.35007523445075,66.64122775099432,61.85494144460072,66.35698699951172,749000
29-10-2024,67.24582432920202,67.92171141933645,66.4958731300821,67.39396667480469,399800
30-10-2024,67.28285258208727,68.56980904802087,66.68103673034928,66.89398956298828,330400
31-10-2024,66.99583336317679,67.77355937484501,66.68103445572906,66.87547302246094,423500
01-11-2024,67.27359911032707,67.63468720928299,66.69955817833339,67.00509643554688,308600
04-11-2024,66.51436534752945,67.11618106541192,66.10698815976463,66.33845520019531,408600
05-11-2024,66.70881438521575,67.91243894675483,66.4495653254947,67.75504302978516,330700
06-11-2024,72.55105102333138,75.35643124698032,71.05114161789828,74.0787353515625,865500
07-11-2024,73.50470091994723,74.06022061678257,71.52334286081758,71.838134765625,559600
08-11-2024,72.22700273128221,72.68993697531127,71.53260136523862,71.93072509765625,330400
11-11-2024,73.13433890848978,75.41197419933611,72.56030505296037,74.08798217773438,411300
12-11-2024,73.96761885765976,75.20828606853902,72.80102280703308,73.00471496582031,247300
13-11-2024,73.71764585164502,74.43056142414494,71.98626937012317,72.0047836303711,233700
14-11-2024,72.52327540835513,72.78251743708313,71.0881765244195,71.56037139892578,196100
15-11-2024,72.09738388370994,72.18996932254646,70.82894147381934,71.838134765625,251000
18-11-2024,71.80109138107791,72.44919638261696,71.40296771904256,71.44925689697266,243800
19-11-2024,70.46784141674638,71.55110570220099,70.42154517323875,71.35667419433594,274800
20-11-2024,71.17151403852377,71.48630593745219,70.27342046456812,70.76412963867188,168200
21-11-2024,70.76412324177514,72.95843392832265,70.68079141124021,72.17144012451172,236800
22-11-2024,72.44920078099608,74.42129788867466,72.35661535570033,74.3287124633789,305100
25-11-2024,74.90275222116514,76.5693110416539,74.3935217943459,74.54166412353516,864300
26-11-2024,74.48610220737014,74.93052210122593,73.49542340496065,73.89354705810547,297300
27-11-2024,74.52315282288183,75.38421080160415,74.14355041495908,74.3935317993164,286000
29-11-2024,75.21544221527564,75.27148025041623,73.1886525175522,73.76773834228516,120900
02-12-2024,73.92652086951621,74.17869916494962,72.57220890990737,73.47819519042969,255900
03-12-2024,73.43149892388715,74.01991969494118,72.82439405641527,73.1045913696289,218000
04-12-2024,73.19799386996414,73.5715902685449,71.91840411455203,72.85240936279297,229400
05-12-2024,73.40347243390814,73.78641802382843,71.41404372846125,71.49810791015625,204700
06-12-2024,72.12389321565607,72.32003348118911,70.88166440805152,71.3766860961914,230000
09-12-2024,71.70359003772234,72.18927682684337,70.59212847879819,70.76958465576172,235800
10-12-2024,70.93769827005698,71.88104559949606,69.92897798185226,70.41465759277344,380400
11-12-2024,71.0684659888477,71.8810532352855,70.30258186179773,70.3399429321289,489500
12-12-2024,70.28389709089375,71.21790236784915,69.62075419936279,69.77953338623047,449600
13-12-2024,69.63943489945768,69.77019507516349,68.32249109387917,69.19111633300781,320700
16-12-2024,69.28452682279298,69.67680741435541,68.78016300825716,69.34990692138672,371400
17-12-2024,68.85487705774958,69.64878019754559,67.99559382705024,68.21041107177734,461100
18-12-2024,68.86421776000297,69.48999963582483,64.80128877680944,65.07215118408203,531800
19-12-2024,66.14625824350551,66.32372153933031,63.59642051642962,63.70850372314453,346500
20-12-2024,63.3442350958023,65.63254508359039,63.06403067342665,64.86666107177734,922700
23-12-2024,64.2595787632169,65.29632539816174,64.2595787632169,65.14688110351562,319900
24-12-2024,65.08149359976927,65.87539672851562,64.81063119096963,65.87539672851562,112700
26-12-2024,65.28696162423088,67.08024980789591,65.19356253410342,66.92147064208984,250000
27-12-2024,66.42645587340542,66.9494965325529,65.28696832949596,65.74462890625,309000
30-12-2024,65.37102981838372,66.92148205736787,64.49306967035301,66.725341796875,495700
31-12-2024,66.74401072649385,67.26705135812624,65.70726438458385,66.53852844238281,329600
02-01-2025,66.89346637563675,67.18300575663476,65.33367201045577,65.42707824707031,336200
03-01-2025,65.56716662850073,67.18299886928504,64.9600689081159,67.16432189941406,327000
06-01-2025,67.24837438952258,68.0236004156164,66.23964706346514,66.53852844238281,461500
07-01-2025,66.9401579535043,67.24838141185676,64.11946509078963,65.00676727294922,414100
08-01-2025,64.45570752549405,65.03478624892001,63.94200176191142,64.74524688720703,300700
10-01-2025,63.288203865024066,63.55906626886576,62.13937416086066,62.94261932373047,653600
13-01-2025,62.65307275579882,64.35296199525564,62.65307275579882,64.06341552734375,539400
14-01-2025,64.57712967718948,65.73529432218471,64.41835047704807,65.53915405273438,398300
15-01-2025,67.51924486774502,67.80878423421359,66.19295903475958,66.5945816040039,368200
16-01-2025,66.21163198680466,66.4451333006602,65.13752451789027,66.19295501708984,371700
17-01-2025,66.94015117547903,67.01487330191877,65.8940699088994,66.51985168457031,355100
21-01-2025,66.81874068965438,67.5846247583274,66.56655526561491,66.7440185546875,297800
22-01-2025,66.31437310968369,66.85609786783664,65.97813064778836,66.4171142578125,340600
23-01-2025,66.13691377417108,67.40716156686749,66.00615360073719,66.42646026611328,461400
24-01-2025,66.09954876562489,66.92147795065547,65.64188818589305,66.4171142578125,475600
27-01-2025,68.35051388681066,69.62076177170074,65.72596105339147,69.25650024414062,1005000
28-01-2025,69.48065246646176,70.90967941001124,69.15375204242999,70.4893798828125,700200
29-01-2025,70.1531331397809,70.68551583390548,69.2471469298386,69.39659118652344,519400
30-01-2025,70.0223767534894,70.56410152433827,69.27516968156718,69.77953338623047,361500
31-01-2025,69.8262442651261,70.199847842632,68.99498004627067,69.59274291992188,309600
03-02-2025,68.00491738970813,69.56471151365437,67.14563430255433,68.40653991699219,288300
04-02-2025,68.40655220615754,70.2839050198795,68.40655220615754,70.15314483642578,366100
05-02-2025,70.63882091411841,70.74156207103042,69.29385807745298,70.46136474609375,228700
06-02-2025,70.6201399652833,70.98440145531133,69.8822749371536,70.80693817138672,360200
07-02-2025,70.69486597037218,70.7415619615084,69.56472037198503,70.16248321533203,270900
10-02-2025,70.33993856346795,70.33993856346795,68.81751245297927,68.9109115600586,309200
11-02-2025,68.5466468369308,69.77953351983673,68.50928577067369,69.72349548339844,269800
12-02-2025,68.63071409496708,68.69609418237508,67.62198663847656,67.86483001708984,383600
13-02-2025,67.99559019190583,68.23842644462404,67.47254236674681,67.86483001708984,181800
14-02-2025,68.36919047861758,69.31253790094844,67.82747277775708,68.06097412109375,199900
18-02-2025,67.95822930742452,69.23781203956301,67.82746913225554,68.68675231933594,259900
19-02-2025,67.84613855186821,68.93892294810551,67.84613855186821,68.33182525634766,262600
20-02-2025,68.07030483307837,68.31314821037596,66.8934632661105,67.80878448486328,370300
21-02-2025,68.51863370559347,68.51863370559347,66.0154990584639,66.17427825927734,303500
24-02-2025,66.53853212904271,66.59457728974726,65.49245080781836,65.5951919555664,286700
25-02-2025,65.99682589370936,66.97752730168366,65.76332454049225,66.23966217041016,286400
26-02-2025,66.07152972097089,66.62259652669859,65.58585012392973,66.2863540649414,368300
27-02-2025,66.25834285978318,67.09894198739426,66.19296276928242,66.75336456298828,262300
28-02-2025,67.29100414555322,68.46063155043568,67.29100414555322,68.12106323242188,474500
03-03-2025,68.02673864554394,69.94152221668774,67.48909002115194,67.92298126220703,517200
04-03-2025,67.20611852234022,67.6966021156755,65.4139539224687,65.69692993164062,560500
05-03-2025,65.74408103644566,66.26286793441223,64.57446089856789,65.55543518066406,505400
06-03-2025,64.96119728863742,65.61203055890985,64.1500071174541,65.1309814453125,395800
07-03-2025,65.03664126480105,66.19683402216172,64.08397044061208,65.67804718017578,357800
10-03-2025,64.78198330702472,66.85711675116058,64.38582264527898,64.64049530029297,913800
11-03-2025,64.77255190635981,65.1875814932952,63.16904027818466,63.518035888671875,560800
12-03-2025,63.885900242539535,64.3197914896344,62.565357596906445,62.73514175415039,554300
13-03-2025,63.06526670244812,63.536888495199676,62.08429250995959,62.22578048706055,408800
14-03-2025,62.678540272285645,64.27262440996361,62.244649038794826,64.23489379882812,368700
17-03-2025,64.14057257183163,65.41395014684966,63.90476164325872,64.86686706542969,567300
18-03-2025,64.55560263926768,64.98949388784071,63.57462830478052,64.38581848144531,392700
19-03-2025,64.6027569890615,64.98005589660431,63.66894777008611,64.20659637451172,467000
20-03-2025,63.48973262768009,65.11211298100967,63.31052121402984,64.38581848144531,594900
21-03-2025,64.61219534816524,64.87630244050361,63.48973300934868,64.55560302734375,2866500
24-03-2025,65.23474180384152,66.38549314446009,64.58390130751839,66.22514343261719,536700
25-03-2025,66.22514525962895,66.62130592206844,65.22530915069716,65.77239227294922,337800
26-03-2025,66.03650391043094,66.92314823531481,65.87614698678709,66.19685363769531,446500
27-03-2025,66.32890519521865,66.47039320762393,65.17814658234532,65.82898712158203,291200
28-03-2025,65.5271453272713,66.33833553866941,64.08398352217756,64.65936279296875,254800
31-03-2025,64.08399427588242,65.45169508235999,63.51804216635238,65.05553436279297,273400
01-04-2025,64.65936167848461,64.8480075491671,63.77271025424392,64.58390045166016,259600
02-04-2025,63.9424893656836,65.56486963236657,63.876462596522224,65.55543518066406,244900
03-04-2025,62.338972808226224,63.055840036701206,61.18822153679373,61.2259521484375,689600
04-04-2025,58.78294669293914,59.4715141574334,56.8587286945724,58.00948715209961,766300
07-04-2025,56.33994777556962,60.69773281726409,55.13259694799453,57.415245056152344,699200
08-04-2025,58.80181233739564,59.51867596540569,55.95321593473913,56.613487243652344,773000
09-04-2025,55.56648438674453,60.41475986700052,54.18934949382065,59.59413528442383,832700
10-04-2025,58.35848389534658,58.35848389534658,55.91548268630904,56.990779876708984,876000
11-04-2025,56.21732796123442,58.5377103993023,55.51932957762359,57.773681640625,505100
14-04-2025,58.52826654715061,58.88670013419837,56.981347568992454,58.5754280090332,543300
15-04-2025,58.698059723335035,60.26384424689091,58.698059723335035,59.73563003540039,353800
16-04-2025,59.68846307399041,60.76376036833335,59.584705686257436,60.58454895019531,682500
17-04-2025,60.37703441825932,61.67870820182509,60.37703441825932,61.32027816772461,666100
21-04-2025,62.25408195733441,62.46159671527934,59.90540364574089,60.72602462768555,675300
22-04-2025,61.51835808513701,63.103007861625144,61.35800837591812,63.01811218261719,468100
23-04-2025,64.14057156623092,65.21586880795454,62.329545390315204,62.79173278808594,495200
24-04-2025,62.39557952407459,62.74457512839004,61.58438927107133,62.574790954589844,571600
25-04-2025,61.95224672563841,62.47103364104695,61.7541664114947,62.17862319946289,314900
28-04-2025,62.08429457350346,62.79172728614429,61.857918120444154,62.67853546142578,551600
29-04-2025,62.499334272200514,63.018114028346446,61.43346420544571,62.99925231933594,399100
30-04-2025,62.159761178553715,62.848325048576896,61.574947494711054,62.35784149169922,313700
01-05-2025,62.1786283926727,63.98022747085488,61.83906005538578,63.33882141113281,370900
02-05-2025,64.09341629942949,64.58390712811499,63.348259995737045,64.4612808227539,250100
05-05-2025,64.10284698763931,65.36679740604559,63.08414196917078,64.37638854980469,315900
06-05-2025,63.77270363619904,64.64048606548972,62.98037522952386,63.96134948730469,245700
07-05-2025,64.51787518527883,64.81971290325292,62.706848877434226,63.13130569458008,594300
08-05-2025,63.62178224357207,64.98005542225971,63.319944559016825,64.51786804199219,404000
09-05-2025,64.72538782917374,64.87630308498977,63.89532873486042,64.1971664428711,569800
12-05-2025,66.7910905058379,67.30044301629911,65.9516041079608,66.8099594116211,442900
13-05-2025,67.04576062874055,67.04576062874055,65.67805301311785,66.44208526611328,288800
14-05-2025,66.05535758097211,66.3383335798965,65.44224771422166,65.59317016601562,285600
15-05-2025,65.74408531572071,66.26287224745506,65.09325203344684,66.07422637939453,253000
16-05-2025,66.01761938176018,66.17797626745887,65.10267191293948,66.02705383300781,352600
19-05-2025,65.33848550225505,66.02705654404934,65.27245873356613,65.86670684814453,245000
20-05-2025,65.8006836707983,66.1119486279615,65.4516809050354,65.56487274169922,218700
21-05-2025,65.05551996836738,65.2724619921565,63.48973195217835,63.56519317626953,234000
22-05-2025,63.18789897170076,64.78198326689164,63.03698370862496,63.77271270751953,475800
23-05-2025,62.41443031810594,63.30108164803653,62.35783800219647,63.09356689453125,412600
27-05-2025,63.68782101406772,64.07455444335938,62.9237958052654,64.07455444335938,204300
28-05-2025,63.82929924888505,64.34808616078658,62.88605555188467,62.92378616333008,251200
29-05-2025,63.225619795357474,63.640649298207066,62.48989091039889,63.62178039550781,345400
30-05-2025,63.49788518277731,63.73616904109655,62.90693859628092,63.39303970336914,261100
02-06-2025,63.41210089966094,63.45022719062801,62.0109906119683,62.78303527832031,409000
03-06-2025,62.668654737961674,63.65038307074157,62.249272820329004,63.39303970336914,286400
04-06-2025,63.23099373593546,63.47881095563477,62.53520902349467,62.868804931640625,377000
05-06-2025,62.80209685800581,63.10709992394969,62.32552911297809,62.81163024902344,229300
06-06-2025,63.917257737941746,64.21273465744854,63.21193957650346,63.81241226196289,242900
09-06-2025,64.02209295642007,65.16585961879743,63.602718391542076,64.50819396972656,294900
10-06-2025,64.53680012324575,65.7758791107707,64.53680012324575,65.06102752685547,205000
11-06-2025,65.2611845512234,65.6424401804881,63.96491977483117,64.09835815429688,243900
12-06-2025,63.86007441773731,63.86007441773731,63.09756315774222,63.64085006713867,206400
13-06-2025,62.49708596097136,62.90693446121371,61.925206192965845,62.29692840576172,287100
16-06-2025,63.08803290452587,63.28819046099158,61.95379947937435,62.096771240234375,294600
17-06-2025,61.801290135395774,62.33505085493434,61.34378925790024,61.6487922668457,213800
18-06-2025,61.48676127889053,62.59239446422785,61.286603735127194,62.16348648071289,195700
20-06-2025,62.48755180508838,62.82115499819379,61.90613865438758,62.049110412597656,476200
23-06-2025,61.925210639919186,63.68850974783073,61.772705479181646,63.64085006713867,305400
24-06-2025,63.95538076600299,65.0419544872542,63.898194971783134,63.93632125854492,258100
25-06-2025,63.7933567032787,64.04117395928553,63.53601332839018,63.745697021484375,211600
26-06-2025,64.01258301752421,65.27072157381666,63.90773753184594,65.2040023803711,294500
27-06-2025,65.07054642384404,65.4041496101239,64.22225655349155,64.66069793701172,1158700
30-06-2025,64.99430724880334,65.17539803550889,64.24132938705975,64.365234375,392200
01-07-2025,64.10788794970281,67.64401935093507,64.10788794970281,66.7480697631836,484200
02-07-2025,66.77666351145444,67.59636053369688,66.30962920356849,67.57730102539062,485400
03-07-2025,68.01575606184245,68.5304501513819,67.60590746860812,67.7965316772461,151600
07-07-2025,67.40573170041937,68.07292352267449,66.3191580059779,66.49072265625,322600
08-07-2025,66.99588440276888,67.72979542023198,66.60509542007414,66.9863510131836,517000
09-07-2025,67.11979716082271,67.53917908904432,66.42401234919663,66.91963958740234,222500
10-07-2025,66.57651051208619,67.4057409812153,66.22385504541528,66.78620147705078,366400
11-07-2025,66.1571376883886,66.70995074462309,65.51853138505851,65.71868896484375,341300
14-07-2025,65.75680991608964,66.50025437257862,65.46134026590711,66.26197052001953,363100
15-07-2025,65.9855814269304,66.09995304605609,63.698054510397625,63.841026306152344,391100
16-07-2025,64.22226354899168,64.4891475814554,63.06897053526868,63.89820098876953,280900
17-07-2025,63.850535109120564,64.97523511385288,63.850535109120564,64.90851593017578,414300
18-07-2025,65.22305874083129,65.22305874083129,64.01257992624748,64.4796142578125,284300
21-07-2025,64.48914314442143,65.49946431777323,64.32710460361272,64.42241668701172,324000
22-07-2025,64.44148190787433,64.95617587199276,64.12694549560547,64.12694549560547,416200
23-07-2025,64.43195927059847,64.92759380994787,63.3835116599166,64.26992797851562,298000
24-07-2025,63.67897399553013,64.41289232862816,62.77349827073472,62.90693664550781,282500
25-07-2025,62.9641208908042,63.164278448030366,62.163490661899544,62.61146545410156,408000
28-07-2025,62.23974510145704,62.430369274472724,58.522515552882574,59.923622131347656,1148400
29-07-2025,59.694874913100165,60.20003554370296,59.00861621799959,59.675811767578125,1245500
30-07-2025,59.5900296077052,60.4764458795355,58.96096034730207,59.28502655029297,637900
31-07-2025,58.541569789175895,59.40892642352886,58.36047538675119,58.98001480102539,395200
01-08-2025,58.29376290707706,59.10392657034412,57.493128998328956,58.474857330322266,619100
04-08-2025,58.25563365980729,59.78065245596487,57.855318543716805,59.628150939941406,477000
05-08-2025,59.752060904882285,60.20956549110509,58.884707778432606,60.19050598144531,390600
06-08-2025,60.190501295464074,60.190501295464074,59.34220774471595,59.68533706665039,346600
07-08-2025,60.180971788769405,60.23816122475641,59.275492383219365,59.36127471923828,420600
08-08-2025,59.83784452506133,60.362071950026596,59.43752936700421,60.29534912109375,509300
11-08-2025,60.390658492144155,60.50503372012815,59.79971557231675,60.276283264160156,339000
12-08-2025,60.75285546561237,62.754434829637304,60.6956660294138,62.52568435668945,410300
13-08-2025,62.601938685046676,64.01258239658635,62.601938685046676,63.91726303100586,377100
14-08-2025,63.02131394237952,63.783817883258884,62.62099155618356,63.70756530761719,362200
15-08-2025,63.89820050592027,63.89820050592027,62.24927300192833,62.28739929199219,204900
18-08-2025,62.23974014985224,62.23974014985224,61.54394815719254,61.82035827636719,313600
19-08-2025,61.839424941991545,62.725841195113645,61.839424941991545,62.66865539550781,527300
20-08-2025,62.86881660731809,63.05944807012275,62.182557884914836,62.54475402832031,337100
21-08-2025,62.19208807701661,62.59240322054507,62.14442839580524,62.46849822998047,236300
22-08-2025,62.83067870276741,65.95696139651537,62.61146165086488,65.46133422851562,582300
25-08-2025,65.08008305639567,65.37555269935469,64.49866988861793,64.73695373535156,464500
26-08-2025,64.70835761522547,65.69961924090117,64.37476170077825,65.30883026123047,300700
27-08-2025,65.20399295656931,65.97603026512215,65.00382813331535,65.48992919921875,246600
28-08-2025,65.97602936197045,65.97602936197045,64.87992226720483,65.30883026123047,250400
29-08-2025,65.30884526073056,66.13700284018084,65.29921347113617,65.59774017333984,357600
02-09-2025,64.7503091658516,65.06809205200486,64.11475074044677,64.45178985595703,319600
03-09-2025,64.35550085988565,65.1932828436988,64.24957321990199,65.02957916259766,310000
04-09-2025,65.19328084524147,66.32958948276783,64.94291311013902,66.31033325195312,296800
05-09-2025,66.71477817851121,67.60071170690736,65.54958155698762,65.78069305419922,469100
08-09-2025,65.65550818617052,65.76143581804342,64.58660742592721,65.74217224121094,244200
09-09-2025,65.75181207233607,65.75181207233607,64.95254251476615,65.59774017333984,314400
10-09-2025,65.49180815844706,66.04070257825644,64.59624280539992,65.42440032958984,417400
11-09-2025,65.45328327488127,66.40662459392037,65.1932764216604,66.28144073486328,536400
12-09-2025,66.0118086085833,66.27180811162638,65.40513085664664,65.50142669677734,314500
15-09-2025,65.53032644820891,65.79032596865868,63.99919530408691,64.15327453613281,321700
16-09-2025,63.97994493564025,64.17253664644153,62.77622837587521,63.32512283325195,270000
17-09-2025,63.41177714503818,66.00217713420597,63.04585001204156,64.45178985595703,394800
18-09-2025,64.68290031889035,66.01180787744097,64.52882844576803,65.4629135131836,950500
19-09-2025,65.50143821662694,65.50143821662694,63.77772253849985,64.13401794433594,1066300
22-09-2025,63.96067799106364,64.27846090937783,63.08437620205166,63.199928283691406,291700
23-09-2025,63.39252632491861,64.6829068620942,63.39252632491861,63.61400604248047,398200
24-09-2025,63.51770422613123,64.11475018767456,63.421408386373045,63.671783447265625,247700
25-09-2025,63.642891555595995,63.642891555595995,62.949557063366555,63.209556579589844,230700
26-09-2025,63.517707899989965,63.85474703208873,63.03622132644829,63.3636360168457,196100
29-09-2025,63.29622628962829,63.29622628962829,62.47769326166649,63.142147064208984,284600
30-09-2025,63.25770817554699,63.49845146152864,62.188807398036296,63.209556579589844,211100
01-10-2025,62.911038803309914,63.0362226702146,62.24658496664933,62.51621627807617,212300
02-10-2025,62.3332565689177,62.62214411197184,61.82287461707444,62.21769714355469,263100
03-10-2025,62.468070226061485,63.21918809962943,62.15028732665904,62.59325408935547,268600
06-10-2025,63.334738638552274,63.864376791379506,62.51621295892077,63.28659439086914,262800
07-10-2025,63.24807375454338,64.17252705260823,62.90140284940634,62.949554443359375,297000
08-10-2025,62.94956026976453,63.084375929029065,62.15992254539983,62.57400131225586,334600
09-10-2025,62.6799173219135,62.728068917033475,61.72657598313357,62.2562141418457,283000
10-10-2025,62.651030432194474,62.939925314314664,60.06063399584778,60.185821533203125,438100
13-10-2025,60.734716647418324,61.17768341749446,60.11841441540788,61.11990737915039,345000
14-10-2025,60.879164230002274,62.15028850480599,60.65768084445553,61.88065719604492,564700
15-10-2025,61.92880185848029,62.07324930253688,59.74285600768482,60.38804626464844,657200
16-10-2025,60.01248579829369,60.25322908332325,57.16208618517189,57.60505294799805,878400
17-10-2025,58.04801729179869,58.953214356796366,57.75912609649233,58.866546630859375,652000
20-10-2025,59.11692328096051,59.91619278832901,58.924327909134874,59.531002044677734,339000
21-10-2025,59.37692461770645,59.87767109935118,59.26136886761953,59.45396423339844,279100
22-10-2025,59.656191487016926,60.21471404230005,59.06877723729669,59.29989242553711,431100
23-10-2025,59.6080418410018,60.1665643801697,58.70284469275032,59.993228912353516,383000
24-10-2025,60.51322853530549,62.11176370225495,60.34952120139971,61.53398132324219,758500
27-10-2025,63.41178007760646,63.835490612072576,60.195449628968554,61.697689056396484,1100600
28-10-2025,62.26585219886012,63.5080811927155,61.245095585386856,63.11326599121094,736300
29-10-2025,62.8243666986839,63.633267970864644,61.726577887576006,62.03472900390625,615600
30-10-2025,61.84213863594759,62.84363162219843,61.84213863594759,62.53548049926758,557600
31-10-2025,62.188809247653765,62.612512447689845,61.524355407573594,62.525848388671875,445400
03-11-2025,62.07324482231713,62.81473821973499,61.1969394528017,62.77621841430664,409800
04-11-2025,62.39102990419988,62.5451017844377,61.83250372617121,62.11176681518555,343700
05-11-2025,62.15028561073583,63.440666055976976,61.75546310779076,63.13251495361328,322200
06-11-2025,62.7954767420603,63.171035673910026,62.034727089956476,62.2562141418457,323700
07-11-2025,62.41992710082092,63.24808470121493,61.6784409151627,63.23845291137695,281900
10-11-2025,63.12289924195365,64.05697711958803,62.58362922806144,63.47919464111328,439400
11-11-2025,63.94142274733902,64.27846190216461,63.585120014007636,64.14364624023438,398300
12-11-2025,64.11475395296644,64.82735202530796,63.82585906982422,63.82585906982422,315800
13-11-2025,63.382896658655284,64.28809383092481,63.1710413760473,63.546600341796875,269300
14-11-2025,63.4599362402576,63.60438369166591,62.41029161713297,63.5369758605957,292700
17-11-2025,63.46956650574998,63.53697433520186,60.72509070904044,60.75397872924805,458200
18-11-2025,60.22433907348695,61.46657526479693,60.22433907348695,61.00434494018555,269900
19-11-2025,61.30287076389541,61.52435414823824,60.83101230267735,61.418426513671875,288000
20-11-2025,61.726575747726734,62.728068677807244,61.05249750002922,61.34138870239258,240700
21-11-2025,61.784358757693504,63.41177833070137,61.48583209531543,62.68954849243164,492000
24-11-2025,62.5258513100855,63.094001981933,61.84214120724579,62.79548263549805,393800
25-11-2025,63.29622751722425,64.95253514119385,63.29622751722425,64.40364074707031,375900
26-11-2025,63.9414176940918,64.8177194273848,63.9221541171084,63.9414176940918,567700
28-11-2025,64.12633570536144,64.35990959704783,63.48400564692881,63.78570556640625,205900
01-12-2025,63.14336581861941,64.71027182680784,63.14336581861941,64.44750213623047,340500
02-12-2025,64.6713379803002,64.6713379803002,63.69810485839844,63.69810485839844,288500
03-12-2025,63.62998286472894,64.60321604823756,63.54239544229953,64.2236557006836,434400
04-12-2025,64.29177640540857,65.33313552856744,64.11659414986879,64.8367919921875,309300
05-12-2025,64.40856002773116,65.13848477535949,64.38909863487295,64.72972869873047,206000
08-12-2025,65.09956644664085,66.27717769673443,64.74920190981534,65.60565185546875,541400
09-12-2025,65.57644105476705,66.47182111508333,65.57644105476705,65.83921813964844,327400
10-12-2025,65.8197575827793,68.01926665840233,65.48886186419546,67.70783233642578,570100
11-12-2025,67.73702367023053,68.69079539495547,67.62024044793974,67.63970184326172,340800
12-12-2025,67.98033248494455,67.98033248494455,66.76379107531713,67.299072265625,381800
15-12-2025,67.95113676332333,68.31123569408378,67.25040772248111,67.76622009277344,513100
16-12-2025,67.88300937693903,68.38908732672044,67.0654971291738,67.39639282226562,446000
17-12-2025,67.36719632369848,68.89517199264047,67.25040567871424,68.77838134765625,415600
18-12-2025,69.22607236578808,69.54724109233877,68.47668609568292,69.43045043945312,446700
19-12-2025,69.20660843346971,69.65429478202276,68.39882315393334,69.0411605834961,1022800
22-12-2025,69.04115799794715,69.92679625154129,68.60319865096126,69.00222778320312,330600
23-12-2025,69.07036186305031,69.22607531501856,68.27231093061525,68.31124114990234,211600
24-12-2025,68.23338131523306,68.63240307239211,68.02900323105206,68.43775939941406,125600
26-12-2025,68.36962697626439,68.43775299795242,67.79542299706233,68.10685729980469,189400
29-12-2025,68.18470664813529,68.45721072026613,67.25040379003853,67.35746002197266,209100
30-12-2025,67.22121414139175,67.59104006955175,66.83191939190873,66.870849609375,211100
31-12-2025,66.98763382987303,67.06549425732972,66.47182149203577,66.53994750976562,165000
02-01-2026,66.28690789921,66.75405563519989,65.24554876564075,66.58860778808594,335000
05-01-2026,66.14092350387946,68.99249690973096,66.14092350387946,68.24311065673828,412700
06-01-2026,67.85380957314331,68.6713217727335,67.58130550661325,68.49613952636719,317600
07-01-2026,68.19444257167585,68.33069461076578,67.21147506808778,67.84407806396484,350000
08-01-2026,67.65916337702451,70.15064521856462,67.49371552832106,69.38179016113281,381800
09-01-2026,69.3428617935431,70.07278665452776,68.56427230508758,69.17741394042969,297200
12-01-2026,68.46694805712936,68.93410321873905,67.7759534374908,67.8635482788086,327200
13-01-2026,67.83435373639551,68.36963498750865,67.40613616068535,67.53265380859375,236100
14-01-2026,67.50344589690539,68.66159561884561,67.15308139993488,68.62266540527344,232800
15-01-2026,68.53507302870318,70.16037052149609,68.53507302870318,69.93653106689453,319800
16-01-2026,69.79055136792167,70.46208464704259,69.11901808880074,69.34286499023438,276500
20-01-2026,68.31123975689519,69.17741669912449,68.07765844593585,68.2917709350586,216000
21-01-2026,68.93409851563497,71.47423736285661,68.88543389320313,71.26985931396484,435600
22-01-2026,71.09468166813541,72.9827488527471,71.02655564743054,72.03871154785156,394200
23-01-2026,71.70781591308399,71.70781591308399,68.02899594165598,68.9049072265625,618700
26-01-2026,70.13117670516073,73.40124060354496,70.13117670516073,73.09954071044922,1111500
27-01-2026,75.66887612265934,76.15549268936455,72.6713162897122,72.7589111328125,663300
28-01-2026,72.8270355425772,73.36230929899294,71.90245963120194,72.15550231933594,470300
29-01-2026,72.47667096904391,73.32337902355572,71.73701172558424,73.31365203857422,474300
30-01-2026,72.80756189225748,73.69320752938394,72.13603613874396,72.77836608886719,464500
02-02-2026,72.66159462046225,74.06304538598191,71.96086552511237,73.42071533203125,407000
03-02-2026,72.38907344651393,74.47179163303063,72.22362560580446,73.15792846679688,587000
04-02-2026,73.93652359453942,75.25038686202146,73.7321455240582,74.2868881225586,481600
05-02-2026,74.53019549709394,75.38663798554985,73.92678827841253,75.31851196289062,596700
06-02-2026,75.93164437073841,76.93408071641196,75.89272158029347,76.7978286743164,481200
09-02-2026,76.11655921741,77.28444338265841,76.03869878802426,77.00220489501953,540500
10-02-2026,76.9048843141102,77.39150091485172,75.90245530461148,76.67131042480469,502100
11-02-2026,77.37202974910558,78.1019545580594,74.97787726675853,75.13359069824219,531800
12-02-2026,75.60074822455739,75.87325230712234,73.13846964615068,74.58858489990234,379000
13-02-2026,74.53019388474135,76.88541624592798,73.80999603200475,76.10682678222656,686800
17-02-2026,76.23335160663359,77.13845869971978,75.78566526518593,76.91461181640625,470300
18-02-2026,76.93407489559722,78.45231606418034,76.66156340684488,76.94380187988281,426500
19-02-2026,76.61291764866961,76.99247799748613,75.64941887284151,76.88542175292969,351900
20-02-2026,76.97300137782167,77.96570328583663,75.92191528575417,77.92677307128906,298900
23-02-2026,77.8586461762931,78.1798148738133,73.54722334727371,74.66644287109375,375100
24-02-2026,74.44260302596082,75.03627585313062,73.47910426759503,74.77350616455078,280400
25-02-2026,75.44502934755796,76.1554928030875,74.62751707835861,76.12629699707031,238000
26-02-2026,76.41826968393045,77.7224060686405,75.35744903104549,76.58372497558594,405500
27-02-2026,75.30716424336121,75.61157207119896,72.16486064920348,74.40374755859375,682400
02-03-2026,73.3628585139102,77.03541824466083,73.20574746512575,76.73101043701172,801200
03-03-2026,75.02238527142103,76.99614380085748,74.31536684345429,76.41677856445312,640700
04-03-2026,76.87831314556642,77.5853316493742,76.04364143650307,76.89794921875,546300
05-03-2026,76.25967215166506,76.55425818665886,74.31537135667782,75.21878051757812,488100
06-03-2026,73.43159710088742,74.34482802931954,71.69351629739376,74.25645446777344,394800
09-03-2026,73.07809265877408,73.48070333261535,70.43660253568181,72.950439453125,659200
10-03-2026,72.75403395945688,74.33500365671627,71.24180924121455,72.7343978881836,593500
11-03-2026,72.30233381200722,73.01917407230546,71.2909075136961,72.55764770507812,442500
12-03-2026,71.3301880592875,72.64602968634927,70.83920383118567,72.42017364501953,365800
13-03-2026,72.99952466535768,73.20574461483359,71.74260635672327,71.77206420898438,526700
16-03-2026,72.37107186894755,72.53801219946658,70.89811919189849,70.91776275634766,366200
17-03-2026,71.8604528124169,72.23359813332718,70.46605938541938,70.96685791015625,296400
18-03-2026,70.75083089161402,71.27127297931051,69.77867671726509,70.26966094970703,401000
19-03-2026,70.07326262706202,70.71154355813444,69.22876923982602,69.86705017089844,329000
20-03-2026,70.15183115039584,70.57407789973003,69.11093945911563,69.29751586914062,695100
23-03-2026,71.01595382475402,72.390711072209,70.39731643472021,70.98649597167969,351900
24-03-2026,70.36786364126205,72.59692875544485,70.34822007658389,72.09612274169922,382300
25-03-2026,72.86205536442671,73.35303958518922,72.01756190536922,72.66566467285156,237700
26-03-2026,72.1943137913685,73.16646790578801,72.1943137913685,72.67548370361328,228000
27-03-2026,72.25323902486382,72.25323902486382,71.26144881082928,71.37928771972656,198100
30-03-2026,72.07648009458983,72.3023286250148,71.37928344860437,71.4480209350586,251700
31-03-2026,72.577290031598,73.4905134765055,72.06666225416473,72.9111557006836,373600
01-04-2026,73.4217742771282,74.14843629026558,73.10754468749356,73.58871459960938,436200
02-04-2026,72.07647847068158,73.49050780185623,71.67386785064627,73.44141387939453,221800
06-04-2026,73.59853232259441,75.00274750561141,73.08791202505401,74.86527252197266,250800
07-04-2026,75.41517609721993,75.92579636868513,74.30554701073942,75.1205825805664,374700
08-04-2026,76.93722839469964,77.801365446084,76.71137984123321,76.81939697265625,337300
09-04-2026,76.52479854552591,78.59675249144892,76.04363612199374,78.12540435791016,395500
10-04-2026,77.96829564289698,78.09594884305407,76.56408047387033,77.1238021850586,298200
13-04-2026,76.80956546520662,77.84062773666608,75.98470815621509,77.71297454833984,451300
14-04-2026,77.35947095753863,78.02720978305874,76.3775025371752,77.69334411621094,282800
15-04-2026,77.69333984492573,77.76207733089926,76.56407472522561,77.25144958496094,348300
16-04-2026,77.00596695015538,77.2416447811422,76.52480448925105,76.97650909423828,335300
17-04-2026,77.93884013026522,79.8242177938848,77.17289843083394,78.6458511352539,720300
20-04-2026,76.0141761898335,81.24806198196275,76.0141761898335,78.61638641357422,646900
21-04-2026,78.40035498743462,78.40035498743462,75.77850110638968,76.37750244140625,625000
22-04-2026,76.68190978104336,77.35947038344975,75.5428303176237,76.70155334472656,432100
23-04-2026,77.0648826658524,77.41838439433484,76.24002532119529,76.46588134765625,320900
24-04-2026,76.26948994750767,76.61317741670983,75.26788539557207,75.69013214111328,413800
27-04-2026,75.76868678350131,77.63442078558487,75.76868678350131,77.29073333740234,329600
28-04-2026,78.1155927495849,78.55747555283975,76.49534331794264,76.50516510009766,347200
29-04-2026,76.01418367030138,76.62299933343316,75.28752160062963,75.9847183227539,831900
30-04-2026,75.37589611716187,78.12540312876952,75.37589611716187,78.07630920410156,571700
01-05-2026,78.125402824001,78.87170089919108,77.09434050810444,78.6949462890625,420300
04-05-2026,77.97811019801796,79.17610529078647,77.5263981646274,77.71297454833984,426500
05-05-2026,77.82099608149557,78.87170197497339,77.4183854394462,78.44945526123047,377000
06-05-2026,79.18592971210808,79.89294814572365,78.84224227682945,79.23503112792969,414300
07-05-2026,79.42160759516497,79.70637935205667,78.39054519106564,78.42982482910156,289600
08-05-2026,78.66548311683373,79.12700942828572,78.32179570144089,79.00917053222656,420200
11-05-2026,79.34305233720922,79.47070553636848,76.84885161981381,77.04524230957031,481200
12-05-2026,77.17288859122763,77.17288859122763,74.76706914414892,76.10254669189453,406600
13-05-2026,75.67048296039259,75.88651720837998,74.36447067434727,74.39392852783203,586700
14-05-2026,75.00274852099794,76.11237767916465,75.00274852099794,75.53301239013672,319900
15-05-2026,75.52318951107688,75.52318951107688,73.49050783129029,74.35464477539062,429000
18-05-2026,73.0879076908842,75.68030364551915,73.0879076908842,75.55265045166016,286300
19-05-2026,75.05184784104593,75.18932282269945,74.30554973219486,75.11076354980469,416500
20-05-2026,75.20895700769009,77.27109666439428,75.20895700769009,76.8095703125,308900
21-05-2026,76.24984603920217,76.89794127284127,75.66066651085093,76.71137237548828,329000
22-05-2026,76.8193899584087,77.14343383126506,76.15165115777494,76.38732147216797,247700
26-05-2026,76.79974609635968,77.93883301316971,76.41677902752767,77.0059585571289,291000
27-05-2026,77.55586965206663,77.83081961290351,76.23020628230735,76.45606231689453,272300
28-05-2026,76.27930649760587,76.33822220490634,75.36607557532633,75.8963394165039,339300
29-05-2026,75.83688427622592,76.41163316480937,75.59906001761433,75.90625,288600
01-06-2026,75.25222950984647,75.6684238420441,69.43539016683947,73.77571868896484,469200
02-06-2026,73.85499282070388,75.212587677411,73.85499282070388,75.11349487304688,289800
03-06-2026,74.6279332593272,75.00449653050093,73.46853147873821,73.51808166503906,450700
04-06-2026,74.77657513011275,75.74770282076476,74.61802814487585,75.67833709716797,315700
05-06-2026,75.78734210334045,76.7485506927212,75.44050592210235,76.3620834350586,246900
08-06-2026,76.71881894289143,76.99628182278238,75.79724148594138,76.02516174316406,231900
09-06-2026,76.64945128094182,78.71061485119111,76.64945128094182,77.27375030517578,228400
10-06-2026,77.59085179498106,78.25478189208694,77.14492284057995,77.58094024658203,300400
11-06-2026,77.93768064990962,78.36378650895563,76.98637612838057,78.11605072021484,292700
12-06-2026,78.71062022185306,79.69165189220712,78.39351869404688,79.523193359375,232600
15-06-2026,79.88984563164797,80.58350286598818,77.93768626605178,78.13587188720703,273000
16-06-2026,78.80970959582979,79.00790276725341,78.06650221365818,78.48269653320312,322900
17-06-2026,77.92777484739798,78.87907943907047,75.67833704630216,76.59991455078125,519800
18-06-2026,77.14492797851562,77.65031113637744,76.82782645129379,77.14492797851562,611200
22-06-2026,77.31338525294618,78.67098016068068,77.31338525294618,78.46288299560547,286900
23-06-2026,78.90880602874789,80.4447710466278,78.56197741318374,80.36549377441406,399100
24-06-2026,80.54386090092213,81.36634555928813,80.30603665330544,81.00960540771484,350900
25-06-2026,81.78253689067998,82.42665144969443,80.50421932102564,81.0393295288086,393400
26-06-2026,81.3465216995967,81.75281203075245,80.40512870639148,81.24742889404297,794300
29-06-2026,80.33576575675484,80.93033017087657,79.87002123826552,80.0682144165039,414800
30-06-2026,79.80065617192065,80.91051529828856,79.64210918832339,80.75196075439453,414200
01-07-2026,80.92042513044724,82.88248842757729,80.36549179888907,82.22846984863281,338800
02-07-2026,83.01131007280858,83.05094870877733,81.11861245715637,81.9807357788086,259100
06-07-2026,81.8618178447207,82.55547505626274,81.50507769012863,82.3077392578125,273700
07-07-2026,82.91221352119268,82.98157924093329,81.90145481064438,81.94109344482422,334300
08-07-2026,81.47535443043887,81.51499306728812,79.61237630000879,80.19703674316406,540900
09-07-2026,79.979025035501,82.12936997230892,79.979025035501,81.1483383178711,402300
10-07-2026,81.4456272623342,82.28792750373124,81.20779544147389,81.73300170898438,426600
13-07-2026,81.69335760540791,82.1591021063881,81.13842428749922,81.63389587402344,469800
14-07-2026,81.69335665910208,82.0897278754929,80.86096047202943,81.33661651611328,344100
15-07-2026,81.46543882632841,83.50677938052993,81.46543882632841,82.38701629638672,426600
16-07-2026,82.54556936236584,85.5283028706706,81.32670593264162,85.01301574707031,573000
17-07-2026,84.01216270440885,85.16166043738879,83.4374138379189,85.07247161865234,639100
20-07-2026,84.65628089441645,85.18147959947997,82.882491595987,83.04104614257812,527700
21-07-2026,83.44732323725758,83.68514748060115,81.91136586363889,83.63560485839844,395700
22-07-2026,83.84370665308629,84.19053526887106,83.00140642609561,83.97252655029297,411900
23-07-2026,82.9914939227709,84.03198731845866,82.19873632983769,83.98243713378906,539600
24-07-2026,84.56709054306155,85.09229679892717,83.20950317382812,83.20950317382812,917000
27-07-2026,82.44647255681224,83.45723887101771,79.09708720804375,79.29527282714844,1021500
28-07-2026,79.84028969271436,79.84028969271436,78.37369049684322,79.34481811523438,543000
29-07-2026,79.6024716809032,79.73129157942084,78.34396954186657,78.8989028930664,413800
30-07-2026,79.46373848791308,80.01866426662818,79.06735969156084,79.14663696289062,291900
31-07-2026,79.32500407208607,79.83037964721684,78.70070503411823,79.17636108398438,397800
03-08-2026,79.14663228086474,80.41503830592025,78.90880048094462,79.4240951538086,268300
04-08-2026,79.60247158514218,81.1186135193902,79.15654259487714,80.12767028808594,355400
05-08-2026,80.3456770685816,80.3456770685816,78.77007343749821,78.91871643066406,387300
06-08-2026,78.36379065189992,79.54300792764755,78.14578193663492,78.30432891845703,383600
07-08-2026,78.12595615621828,78.88898663344665,77.76922356929299,78.56197357177734,238300
10-08-2026,78.09623378884658,78.66107112935617,77.54130799755207,77.97732543945312,419600
11-08-2026,78.32414983017311,78.76016724853292,78.06650248656992,78.71061706542969,187000
12-08-2026,79.08717275200631,79.1069958493662,78.46288127050643,78.71061706542969,241500
13-08-2026,79.27545782576588,79.51328208236006,78.78989776346617,79.13672637939453,218000
14-08-2026,78.99799075921098,79.82047540516905,78.99799075921098,79.56282806396484,176200
17-08-2026,79.3150917861957,79.96911034334876,78.85925883780504,79.10699462890625,314100
18-08-2026,79.47364399811167,79.98893871132378,78.29442669576622,78.3637924194336,265600
19-08-2026,78.65116213085562,78.70070475318172,76.88727693746651,77.10528564453125,349400
20-08-2026,77.05574177781884,77.28365446949037,76.29271131541455,76.88727569580078,262700
21-08-2026,77.45212182450679,77.56111861777401,76.39180537433394,76.798095703125,441400
24-08-2026,76.7881871185126,77.49175588939198,76.1143454342441,76.15398406982422,310700
25-08-2026,76.18371048519926,76.23326066931199,75.46032618305172,75.4702377319336,412800
26-08-2026,75.72787696891841,76.6395428916982,75.14322411418895,76.55036163330078,280100
27-08-2026,75.94588766540006,76.57017917138425,75.48014314303069,76.53054809570312,197700
28-08-2026,76.79810114055942,77.10529112582665,76.21344825759319,76.59000396728516,193600
31-08-2026,76.5999984741211,77.0199966430664,75.6500015258789,75.93000030517578,194600
01-09-2026,75.86000061035156,76.41000366210938,74.80000305175781,75.18000030517578,270500
02-09-2026,75.75,77.05999755859375,75.22000122070312,76.51000213623047,367800
03-09-2026,77.0,77.70999908447266,76.58999633789062,76.6500015258789,274800
04-09-2026,76.5199966430664,77.33999633789062,76.4800033569336,77.19000244140625,217400
08-09-2026,76.91999816894531,76.91999816894531,76.04000091552734,76.19000244140625,228300
09-09-2026,75.9800033569336,76.23999786376953,75.19999694824219,75.38999938964844,252200
10-09-2026,75.25,76.0999984741211,74.56999969482422,75.81999969482422,211800
11-09-2026,76.76000213623047,76.76000213623047,75.20999908447266,75.80000305175781,227800
14-09-2026,75.75,76.58000183105469,75.4800033569336,76.0,289400
15-09-2026,75.97000122070312,76.41000366210938,75.25,75.43000030517578,257000
16-09-2026,75.63999938964844,75.86000061035156,73.68000030517578,74.86000061035156,399600
17-09-2026,75.5199966430664,75.5199966430664,74.2699966430664,74.58000183105469,310900
18-09-2026,74.58000183105469,74.9000015258789,73.94000244140625,74.63999938964844,693100
21-09-2026,74.91000366210938,75.06999969482422,72.75,72.81999969482422,581100
22-09-2026,73.26000213623047,73.38999938964844,71.37999725341797,71.48999786376953,637700
23-09-2026,71.37999725341797,71.37999725341797,70.11000061035156,70.33999633789062,763600
24-09-2026,70.76000213623047,71.30999755859375,70.12999725341797,71.12999725341797,645100
25-09-2026,71.44999694824219,72.5,71.44999694824219,71.6500015258789,521500
28-09-2026,71.61000061035156,71.8499984741211,70.27999877929688,70.43000030517578,417600
29-09-2026,70.37000274658203,71.08999633789062,68.51000213623047,69.16999816894531,854700
