Date,Open,High,Low,Close,Volume
30-09-2021,587.8900146484375,597.8800048828125,584.030029296875,585.2999877929688,153100
01-10-2021,586.72998046875,586.72998046875,568.5399780273438,581.739990234375,105400
04-10-2021,587.72998046875,619.6599731445312,587.72998046875,603.760009765625,228900
05-10-2021,607.4099731445312,615.6400146484375,601.3099975585938,614.510009765625,208700
06-10-2021,613.7100219726562,615.52001953125,601.5900268554688,612.280029296875,145900
07-10-2021,617.0399780273438,624.8499755859375,613.0700073242188,622.0399780273438,118300
08-10-2021,626.1300048828125,627.489990234375,614.0,615.0499877929688,117200
11-10-2021,617.5399780273438,635.02001953125,614.3900146484375,621.9000244140625,101100
12-10-2021,626.3200073242188,637.9299926757812,617.02001953125,629.6300048828125,41700
13-10-2021,633.0800170898438,633.0800170898438,625.219970703125,630.8099975585938,60100
14-10-2021,632.739990234375,632.739990234375,613.4000244140625,617.989990234375,70100
15-10-2021,617.530029296875,623.1699829101562,613.1300048828125,614.8400268554688,56200
18-10-2021,612.6500244140625,621.3599853515625,611.1699829101562,616.0700073242188,47200
19-10-2021,617.6799926757812,620.5399780273438,613.0800170898438,614.2999877929688,63000
20-10-2021,612.9500122070312,626.9600219726562,612.9500122070312,622.030029296875,38100
21-10-2021,622.5,627.0,614.010009765625,615.7000122070312,49800
22-10-2021,614.6400146484375,632.1599731445312,614.6400146484375,622.4199829101562,54800
25-10-2021,626.4299926757812,632.489990234375,614.7000122070312,618.9000244140625,57300
26-10-2021,614.6500244140625,614.7899780273438,590.1400146484375,594.7899780273438,135500
27-10-2021,593.5399780273438,602.3800048828125,581.7899780273438,588.8900146484375,112600
28-10-2021,593.3499755859375,604.5,585.219970703125,603.010009765625,117500
29-10-2021,600.8800048828125,613.1099853515625,596.7899780273438,598.2100219726562,94500
01-11-2021,594.780029296875,610.3800048828125,588.1300048828125,596.0499877929688,140000
02-11-2021,588.9299926757812,673.8200073242188,580.0999755859375,670.2999877929688,298600
03-11-2021,668.0,678.6699829101562,660.0499877929688,675.8699951171875,236200
04-11-2021,678.0,697.6300048828125,671.8400268554688,696.25,221700
05-11-2021,699.8800048828125,703.27001953125,680.3599853515625,685.9000244140625,127100
08-11-2021,691.8699951171875,691.8699951171875,650.5499877929688,665.0,103300
09-11-2021,663.25,663.5999755859375,651.25,659.010009765625,66100
10-11-2021,659.010009765625,670.9400024414062,647.22998046875,670.1099853515625,107300
11-11-2021,670.1099853515625,679.469970703125,666.5599975585938,672.1199951171875,55600
12-11-2021,676.4400024414062,680.0900268554688,667.9099731445312,674.6400146484375,55300
15-11-2021,679.3200073242188,681.27001953125,670.9000244140625,672.6699829101562,65800
16-11-2021,672.0,673.5800170898438,658.9199829101562,667.5800170898438,105000
17-11-2021,667.5800170898438,679.3599853515625,648.0999755859375,653.3099975585938,119000
18-11-2021,652.4199829101562,659.989990234375,636.4500122070312,646.4299926757812,115800
19-11-2021,644.9400024414062,647.0800170898438,639.8900146484375,642.3099975585938,52100
22-11-2021,647.510009765625,656.4199829101562,641.030029296875,649.9299926757812,83200
23-11-2021,647.9299926757812,654.010009765625,644.5399780273438,651.4500122070312,116100
24-11-2021,645.6699829101562,652.7000122070312,645.0,648.8800048828125,85700
26-11-2021,638.5800170898438,649.8900146484375,632.510009765625,645.530029296875,61800
29-11-2021,646.4600219726562,663.239990234375,637.489990234375,639.4000244140625,113900
30-11-2021,634.97998046875,635.75,622.2899780273438,624.9000244140625,133400
01-12-2021,629.1900024414062,639.9400024414062,622.8699951171875,625.0499877929688,106600
02-12-2021,625.8900146484375,651.5,621.2000122070312,643.1099853515625,135900
03-12-2021,641.9600219726562,651.9099731445312,636.1199951171875,648.6099853515625,117500
06-12-2021,654.6599731445312,654.6599731445312,644.4099731445312,647.6099853515625,80100
07-12-2021,646.77001953125,669.989990234375,644.260009765625,657.0599975585938,157000
08-12-2021,662.0999755859375,662.8599853515625,650.0,652.0399780273438,83200
09-12-2021,655.219970703125,661.1699829101562,648.6099853515625,654.010009765625,79600
10-12-2021,651.8699951171875,652.0900268554688,641.8300170898438,643.5499877929688,96200
13-12-2021,639.0800170898438,647.2100219726562,636.3599853515625,642.6900024414062,127400
14-12-2021,640.6099853515625,656.5700073242188,640.6099853515625,656.0800170898438,114000
15-12-2021,658.469970703125,679.3599853515625,657.3499755859375,673.3300170898438,115700
16-12-2021,672.1599731445312,678.5700073242188,654.5800170898438,657.4000244140625,89700
17-12-2021,652.6099853515625,661.3900146484375,645.4600219726562,658.25,229800
20-12-2021,658.6500244140625,658.6500244140625,647.5700073242188,652.5700073242188,87300
21-12-2021,656.5,668.969970703125,656.5,666.0,79000
22-12-2021,661.9500122070312,672.77001953125,660.1599731445312,670.989990234375,64900
23-12-2021,671.0900268554688,684.9000244140625,671.0900268554688,680.0,80800
27-12-2021,681.0499877929688,687.3900146484375,670.489990234375,676.1400146484375,39900
28-12-2021,677.4400024414062,683.8699951171875,666.1199951171875,680.0,82200
29-12-2021,682.1500244140625,684.7899780273438,658.3800048828125,670.27001953125,64900
30-12-2021,649.5,672.75,647.5900268554688,669.0,142300
31-12-2021,671.469970703125,690.77001953125,665.7000122070312,687.6799926757812,110000
03-01-2022,693.1500244140625,699.0800170898438,646.1699829101562,648.8400268554688,68200
04-01-2022,648.0,648.0,611.4400024414062,631.6300048828125,88600
05-01-2022,638.02001953125,653.1099853515625,630.4199829101562,632.4400024414062,82900
06-01-2022,637.6500244140625,650.0499877929688,634.0,640.5399780273438,33100
07-01-2022,639.0499877929688,644.469970703125,629.030029296875,632.9600219726562,35600
10-01-2022,633.8499755859375,633.8499755859375,613.780029296875,618.1699829101562,42600
11-01-2022,617.1699829101562,621.8400268554688,606.2000122070312,619.8099975585938,59200
12-01-2022,624.9199829101562,626.0,606.97998046875,611.9000244140625,49300
13-01-2022,616.4299926757812,616.4299926757812,590.719970703125,594.8499755859375,67000
14-01-2022,592.4000244140625,594.0,568.3699951171875,577.0,66400
18-01-2022,571.2999877929688,589.77001953125,558.469970703125,578.5999755859375,70000
19-01-2022,580.030029296875,580.030029296875,551.4600219726562,553.8599853515625,64700
20-01-2022,557.9400024414062,565.510009765625,543.5599975585938,543.8200073242188,52400
21-01-2022,546.0900268554688,562.239990234375,535.75,546.6599731445312,82900
24-01-2022,541.510009765625,551.280029296875,526.0,549.8599853515625,74600
25-01-2022,547.3099975585938,563.530029296875,533.3099975585938,550.72998046875,75800
26-01-2022,557.6900024414062,563.1400146484375,532.0999755859375,539.1599731445312,103300
27-01-2022,546.8499755859375,547.4600219726562,508.7300109863281,526.9600219726562,97600
28-01-2022,531.010009765625,541.3300170898438,521.7899780273438,531.2999877929688,71200
31-01-2022,534.47998046875,546.97998046875,532.010009765625,539.5599975585938,188100
01-02-2022,525.0,538.0599975585938,490.0,526.3200073242188,185400
02-02-2022,531.1599731445312,531.72998046875,505.260009765625,521.9099731445312,133200
03-02-2022,519.780029296875,526.989990234375,508.6900024414063,510.8299865722656,105200
04-02-2022,512.7000122070312,528.8499755859375,503.5899963378906,521.1599731445312,123700
07-02-2022,518.27001953125,529.1699829101562,512.0800170898438,520.3099975585938,73000
08-02-2022,518.5700073242188,541.5999755859375,515.969970703125,538.5999755859375,103600
09-02-2022,540.1599731445312,559.1300048828125,540.1599731445312,553.260009765625,97400
10-02-2022,551.1400146484375,563.9600219726562,540.010009765625,545.9400024414062,76400
11-02-2022,543.010009765625,556.6900024414062,537.3900146484375,540.9400024414062,84100
14-02-2022,540.6099853515625,542.72998046875,525.739990234375,536.8099975585938,98800
15-02-2022,535.8599853515625,554.3699951171875,531.010009765625,547.5499877929688,69200
16-02-2022,545.0,551.760009765625,538.0700073242188,543.739990234375,75900
17-02-2022,541.0399780273438,541.0399780273438,519.27001953125,523.1599731445312,143800
18-02-2022,525.510009765625,543.1500244140625,525.489990234375,537.9500122070312,98700
22-02-2022,535.7000122070312,547.7000122070312,526.530029296875,542.0599975585938,73900
23-02-2022,545.6599731445312,545.6599731445312,529.7000122070312,529.7000122070312,76300
24-02-2022,513.9500122070312,542.0700073242188,505.3999938964844,540.3400268554688,69100
25-02-2022,540.3400268554688,559.02001953125,540.3400268554688,555.989990234375,72200
28-02-2022,547.010009765625,561.989990234375,544.4000244140625,550.1199951171875,85100
01-03-2022,546.719970703125,553.510009765625,529.1799926757812,532.02001953125,122600
02-03-2022,523.9500122070312,559.0,523.9500122070312,555.2999877929688,102200
03-03-2022,552.3400268554688,561.72998046875,536.9600219726562,555.9099731445312,86100
04-03-2022,552.2999877929688,552.2999877929688,530.0700073242188,535.3099975585938,103000
07-03-2022,532.1900024414062,534.0999755859375,481.260009765625,487.2300109863281,193200
08-03-2022,487.6099853515625,504.8500061035156,481.2699890136719,497.4700012207031,120300
09-03-2022,506.4100036621094,521.7899780273438,500.6499938964844,513.260009765625,148600
10-03-2022,508.9800109863281,508.9800109863281,486.7200012207031,490.6900024414063,137700
11-03-2022,492.4100036621094,492.4100036621094,470.0400085449219,470.30999755859375,153300
14-03-2022,475.3299865722656,487.7099914550781,462.260009765625,470.8200073242188,173700
15-03-2022,471.5400085449219,494.4200134277344,471.5400085449219,492.7699890136719,150100
16-03-2022,496.4800109863281,503.0499877929688,485.6799926757813,498.6600036621094,127100
17-03-2022,494.0199890136719,516.3499755859375,491.0400085449219,511.2200012207031,129500
18-03-2022,512.239990234375,531.510009765625,507.1600036621094,516.780029296875,158800
21-03-2022,516.780029296875,523.0700073242188,511.8200073242188,514.780029296875,89900
22-03-2022,525.3099975585938,531.1599731445312,517.2000122070312,523.6599731445312,85500
23-03-2022,520.0,530.6699829101562,515.5,525.0599975585938,61500
24-03-2022,530.239990234375,530.239990234375,521.8300170898438,526.9400024414062,58800
25-03-2022,523.9199829101562,527.5800170898438,518.7000122070312,527.260009765625,35000
28-03-2022,522.3900146484375,524.989990234375,509.989990234375,521.72998046875,98800
29-03-2022,528.0599975585938,558.5800170898438,528.0599975585938,553.02001953125,95300
30-03-2022,550.3099975585938,561.0999755859375,544.4000244140625,547.6199951171875,74100
31-03-2022,547.0499877929688,565.5999755859375,547.0499877929688,550.3699951171875,103100
01-04-2022,550.8599853515625,554.1199951171875,539.3599853515625,549.719970703125,87500
04-04-2022,547.6400146484375,557.0599975585938,547.6400146484375,550.6300048828125,123400
05-04-2022,550.5599975585938,557.25,542.8499755859375,544.8599853515625,77000
06-04-2022,538.469970703125,555.8099975585938,531.75,552.2000122070312,109900
07-04-2022,550.3400268554688,550.3400268554688,526.9000244140625,537.239990234375,82900
08-04-2022,533.47998046875,567.5499877929688,528.6099853515625,561.47998046875,102500
11-04-2022,561.47998046875,579.72998046875,557.3400268554688,559.1500244140625,119300
12-04-2022,559.9000244140625,573.5,554.3099975585938,556.3200073242188,109300
13-04-2022,561.9000244140625,575.7000122070312,559.1099853515625,575.0999755859375,76400
14-04-2022,571.1400146484375,592.760009765625,571.1400146484375,585.9299926757812,103100
18-04-2022,582.7899780273438,597.280029296875,581.8499755859375,591.739990234375,53800
19-04-2022,597.1599731445312,624.4299926757812,597.1599731445312,615.4099731445312,124300
20-04-2022,616.0999755859375,628.5599975585938,603.4199829101562,607.3400268554688,94300
21-04-2022,608.3099975585938,610.5999755859375,582.8300170898438,585.7000122070312,51300
22-04-2022,583.6599731445312,584.9299926757812,555.280029296875,556.510009765625,77900
25-04-2022,551.1699829101562,556.3900146484375,530.4199829101562,548.1400146484375,73100
26-04-2022,543.0,543.0,521.5700073242188,521.5700073242188,48600
27-04-2022,527.7899780273438,528.2000122070312,508.8699951171875,512.6699829101562,66200
28-04-2022,521.3599853515625,539.0900268554688,510.0,537.8499755859375,39400
29-04-2022,534.2999877929688,540.1400146484375,511.1300048828125,512.5,54900
02-05-2022,512.6599731445312,528.739990234375,506.2900085449219,517.5599975585938,136700
03-05-2022,530.0999755859375,625.0,530.0999755859375,621.8800048828125,312200
04-05-2022,621.0,648.9500122070312,610.1900024414062,640.9299926757812,160400
05-05-2022,627.010009765625,632.0499877929688,593.4299926757812,605.010009765625,127500
06-05-2022,605.010009765625,605.010009765625,589.1900024414062,599.5800170898438,91500
09-05-2022,590.0900268554688,590.5800170898438,562.6599731445312,573.52001953125,134800
10-05-2022,569.75,581.8900146484375,553.510009765625,573.8499755859375,103200
11-05-2022,579.0599975585938,598.0599975585938,567.0700073242188,568.0599975585938,91900
12-05-2022,561.6599731445312,574.6099853515625,545.0,561.469970703125,112900
13-05-2022,566.5800170898438,591.7100219726562,566.5800170898438,588.5800170898438,86600
16-05-2022,584.0399780273438,603.1799926757812,573.3699951171875,591.9500122070312,91500
17-05-2022,602.8599853515625,613.010009765625,597.47998046875,612.010009765625,69100
18-05-2022,601.760009765625,607.5,586.8499755859375,591.27001953125,133100
19-05-2022,581.5399780273438,595.0,560.6300048828125,567.6699829101562,97000
20-05-2022,578.4500122070312,578.4500122070312,537.6199951171875,552.5,93000
23-05-2022,558.1099853515625,566.489990234375,545.02001953125,562.8099975585938,101300
24-05-2022,558.5800170898438,562.7999877929688,529.6500244140625,554.9600219726562,81200
25-05-2022,551.5499877929688,573.6099853515625,546.0,561.4000244140625,76200
26-05-2022,560.5599975585938,589.4500122070312,560.5599975585938,581.4000244140625,62900
27-05-2022,587.6900024414062,591.1199951171875,578.5900268554688,590.0,35300
31-05-2022,589.6900024414062,599.3300170898438,574.6199951171875,595.3099975585938,67300
01-06-2022,595.97998046875,600.3800048828125,572.7999877929688,583.6599731445312,53200
02-06-2022,584.030029296875,594.5499877929688,573.739990234375,593.5700073242188,71900
03-06-2022,588.739990234375,588.739990234375,557.97998046875,565.3300170898438,68000
06-06-2022,571.780029296875,577.7999877929688,558.0399780273438,565.260009765625,62500
07-06-2022,561.1799926757812,585.6900024414062,547.9199829101562,582.77001953125,66800
08-06-2022,571.2999877929688,573.8499755859375,557.8800048828125,560.719970703125,34100
09-06-2022,561.8699951171875,579.4199829101562,538.1900024414062,544.1799926757812,53100
10-06-2022,528.6799926757812,536.3800048828125,518.6199951171875,522.0700073242188,61700
13-06-2022,504.2799987792969,512.3400268554688,490.010009765625,506.0499877929688,94000
14-06-2022,514.2000122070312,514.3300170898438,497.8800048828125,505.5700073242188,50900
15-06-2022,510.0,527.4299926757812,506.5299987792969,512.4600219726562,78400
16-06-2022,501.25,501.25,455.3800048828125,460.6799926757813,102800
17-06-2022,460.6799926757813,482.3599853515625,460.6799926757813,469.7900085449219,128500
21-06-2022,479.9599914550781,488.1600036621094,471.7000122070313,474.8900146484375,113600
22-06-2022,464.7000122070313,482.6499938964844,464.7000122070313,476.3900146484375,44300
23-06-2022,477.2000122070313,487.6900024414063,457.2300109863281,480.1499938964844,76000
24-06-2022,482.2200012207031,508.739990234375,476.2699890136719,505.4500122070313,139200
27-06-2022,510.7699890136719,510.7699890136719,489.3800048828125,494.8599853515625,44700
28-06-2022,499.3800048828125,510.9299926757813,487.3399963378906,489.6700134277344,49900
29-06-2022,490.05999755859375,490.05999755859375,467.5199890136719,471.2099914550781,78600
30-06-2022,460.7799987792969,480.9599914550781,452.4800109863281,473.4100036621094,48500
01-07-2022,472.8299865722656,499.3599853515625,472.8299865722656,495.7099914550781,79600
05-07-2022,482.1600036621094,532.1300048828125,478.0,526.5800170898438,173100
06-07-2022,521.989990234375,521.989990234375,495.5499877929688,497.5499877929688,64200
07-07-2022,505.9400024414063,525.030029296875,505.9400024414063,520.25,70500
08-07-2022,514.9000244140625,515.719970703125,500.3200073242188,504.8800048828125,54500
11-07-2022,499.2900085449219,501.4599914550781,485.010009765625,499.2000122070313,61100
12-07-2022,503.8999938964844,514.8200073242188,499.5499877929688,500.0700073242188,42700
13-07-2022,490.0,509.0,490.0,506.4200134277344,33800
14-07-2022,494.9599914550781,507.6900024414063,488.6000061035156,500.7999877929688,65000
15-07-2022,506.1799926757813,515.719970703125,505.8399963378906,512.1300048828125,38300
18-07-2022,522.25,530.2000122070312,514.0399780273438,517.6699829101562,44800
19-07-2022,513.77001953125,543.9099731445312,513.77001953125,541.7100219726562,58200
20-07-2022,541.7999877929688,554.280029296875,535.530029296875,552.3400268554688,51800
21-07-2022,551.8499755859375,556.4299926757812,543.3099975585938,554.280029296875,32200
22-07-2022,557.5999755859375,559.2100219726562,537.1099853515625,552.02001953125,28200
25-07-2022,553.9000244140625,554.0,546.6099853515625,551.5,36200
26-07-2022,539.6400146484375,546.010009765625,537.2999877929688,540.9199829101562,52300
27-07-2022,544.2999877929688,557.0700073242188,542.239990234375,553.489990234375,25700
28-07-2022,550.8699951171875,563.7100219726562,541.0399780273438,560.280029296875,44100
29-07-2022,563.6400146484375,584.8200073242188,563.0,575.9099731445312,63700
01-08-2022,579.780029296875,598.5,570.75,581.7000122070312,114300
02-08-2022,563.4099731445312,563.9299926757812,522.3599853515625,528.8900146484375,148900
03-08-2022,530.1099853515625,547.4000244140625,517.4500122070312,545.5999755859375,64300
04-08-2022,545.8300170898438,549.4199829101562,531.2000122070312,544.3400268554688,37700
05-08-2022,540.2100219726562,545.8400268554688,531.4299926757812,544.0800170898438,34500
08-08-2022,546.0,581.6799926757812,546.0,560.0,61300
09-08-2022,559.8400268554688,559.8400268554688,534.4500122070312,545.969970703125,50100
10-08-2022,559.0,570.280029296875,554.489990234375,556.1300048828125,63100
11-08-2022,561.8200073242188,570.6699829101562,553.8099975585938,555.9600219726562,33600
12-08-2022,556.0900268554688,558.5800170898438,551.0,557.780029296875,29300
15-08-2022,556.5,574.3499755859375,553.7100219726562,574.3499755859375,43100
16-08-2022,574.8599853515625,617.4400024414062,568.030029296875,605.3800048828125,80500
17-08-2022,600.969970703125,601.0,587.0,599.4000244140625,57800
18-08-2022,601.280029296875,614.8099975585938,595.0,603.5999755859375,52300
19-08-2022,602.5599975585938,602.5599975585938,585.3300170898438,595.1199951171875,55600
22-08-2022,587.6599731445312,587.6599731445312,557.9600219726562,562.47998046875,35100
23-08-2022,568.3099975585938,584.0,568.3099975585938,576.8900146484375,56500
24-08-2022,574.9000244140625,584.2000122070312,573.9199829101562,575.6300048828125,19900
25-08-2022,581.8200073242188,592.0,577.0,583.7899780273438,29600
26-08-2022,589.0800170898438,589.0800170898438,555.969970703125,558.5,52800
29-08-2022,557.1400146484375,559.010009765625,549.5900268554688,553.6799926757812,23800
30-08-2022,554.530029296875,554.530029296875,539.6599731445312,539.6599731445312,44300
31-08-2022,540.1799926757812,542.2999877929688,527.489990234375,532.0800170898438,82000
01-09-2022,528.22998046875,534.9199829101562,521.989990234375,533.47998046875,33600
02-09-2022,543.3200073242188,544.02001953125,514.7100219726562,521.3599853515625,48300
06-09-2022,520.030029296875,520.030029296875,496.260009765625,508.0700073242188,71000
07-09-2022,511.0199890136719,514.030029296875,502.2699890136719,512.5399780273438,50100
08-09-2022,506.1000061035156,512.0399780273438,491.1600036621094,511.5,88500
09-09-2022,510.8699951171875,523.7999877929688,503.2300109863281,515.219970703125,74900
12-09-2022,525.0499877929688,550.5,525.0499877929688,532.8400268554688,85700
13-09-2022,518.6900024414062,519.72998046875,494.760009765625,497.1199951171875,72600
14-09-2022,501.8200073242188,503.6199951171875,482.4599914550781,495.4100036621094,53300
15-09-2022,491.8200073242188,502.989990234375,488.3500061035156,495.5,62300
16-09-2022,485.7999877929688,495.25,478.4800109863281,487.2000122070313,172300
19-09-2022,482.3500061035156,495.0499877929688,482.1499938964844,493.8699951171875,36100
20-09-2022,487.6400146484375,487.6400146484375,468.489990234375,472.5700073242188,85200
21-09-2022,477.1499938964844,487.739990234375,471.9100036621094,476.3500061035156,52300
22-09-2022,474.1000061035156,476.5199890136719,459.1600036621094,467.4500122070313,70300
23-09-2022,458.6300048828125,465.1499938964844,447.7900085449219,462.2799987792969,83100
26-09-2022,461.8900146484375,472.5,447.8399963378906,452.2300109863281,80700
27-09-2022,460.0199890136719,465.6199951171875,440.0700073242188,448.7099914550781,70700
28-09-2022,451.0799865722656,467.7900085449219,451.0799865722656,461.3999938964844,69100
29-09-2022,449.7000122070313,449.989990234375,423.3900146484375,441.1400146484375,134500
30-09-2022,439.9500122070313,444.9400024414063,425.9700012207031,438.0,114900
03-10-2022,447.1799926757813,466.5,438.6600036621094,457.8800048828125,74700
04-10-2022,468.7300109863281,482.260009765625,468.0899963378906,478.6000061035156,81500
05-10-2022,468.7999877929688,472.2099914550781,454.2099914550781,468.6700134277344,57500
06-10-2022,463.7900085449219,472.1099853515625,456.4599914550781,457.7999877929688,57100
07-10-2022,452.0400085449219,452.0400085449219,435.8999938964844,443.3200073242188,83100
10-10-2022,446.4599914550781,446.4599914550781,429.3699951171875,430.4599914550781,57100
11-10-2022,426.2099914550781,443.80999755859375,421.6400146484375,433.9800109863281,58700
12-10-2022,437.010009765625,441.7000122070313,424.1900024414063,440.0700073242188,61000
13-10-2022,431.2099914550781,456.5799865722656,424.0799865722656,449.8699951171875,81900
14-10-2022,456.7900085449219,462.0700073242188,428.8900146484375,431.9800109863281,87100
17-10-2022,440.6000061035156,446.7200012207031,433.2200012207031,446.0400085449219,66800
18-10-2022,453.4200134277344,455.5700073242188,440.0400085449219,450.0499877929688,63100
19-10-2022,433.6700134277344,439.9700012207031,411.8900146484375,419.6700134277344,131300
20-10-2022,419.6700134277344,424.0,407.4100036621094,407.7000122070313,149700
21-10-2022,407.260009765625,424.6900024414063,397.5799865722656,424.1199951171875,115400
24-10-2022,424.7099914550781,433.9100036621094,418.7999877929688,431.760009765625,71400
25-10-2022,433.0,463.2900085449219,433.0,458.6900024414063,104500
26-10-2022,457.989990234375,467.4500122070313,455.7300109863281,458.7000122070313,82600
27-10-2022,460.2000122070313,475.0,454.9400024414063,455.7900085449219,82000
28-10-2022,459.80999755859375,471.9800109863281,455.5,471.4200134277344,69700
31-10-2022,464.5899963378906,473.9599914550781,462.4400024414063,465.6199951171875,99100
01-11-2022,471.1000061035156,480.0799865722656,468.2099914550781,471.8399963378906,131300
02-11-2022,432.2099914550781,456.5,423.30999755859375,437.30999755859375,252000
03-11-2022,428.3500061035156,447.5799865722656,425.3699951171875,445.1300048828125,105800
04-11-2022,454.7900085449219,454.7900085449219,436.1499938964844,442.760009765625,78500
07-11-2022,448.2699890136719,450.55999755859375,438.1600036621094,440.9400024414063,209400
08-11-2022,440.6900024414063,453.0400085449219,438.55999755859375,449.3399963378906,142300
09-11-2022,445.6499938964844,454.3699951171875,439.8500061035156,445.5499877929688,126600
10-11-2022,465.8800048828125,491.1199951171875,464.0,490.1000061035156,173200
11-11-2022,495.1799926757813,532.25,491.9400024414063,521.7000122070312,191500
14-11-2022,515.0,516.010009765625,497.6099853515625,503.05999755859375,189800
15-11-2022,510.6000061035156,519.0,491.4800109863281,495.75,150600
16-11-2022,489.4400024414063,491.0,476.4800109863281,481.4599914550781,106700
17-11-2022,462.8399963378906,478.6600036621094,461.8999938964844,475.6600036621094,69900
18-11-2022,484.6300048828125,487.739990234375,467.5400085449219,473.80999755859375,77100
21-11-2022,467.3200073242188,478.9200134277344,463.5199890136719,474.2200012207031,80500
22-11-2022,475.6900024414063,483.1400146484375,471.760009765625,474.7300109863281,68300
23-11-2022,474.5199890136719,484.2300109863281,464.9500122070313,480.0700073242188,42400
25-11-2022,475.9299926757813,483.55999755859375,475.9299926757813,477.989990234375,44800
28-11-2022,475.2099914550781,478.6099853515625,464.489990234375,466.1099853515625,58600
29-11-2022,464.7000122070313,475.3999938964844,463.75,471.30999755859375,59400
30-11-2022,471.0899963378906,476.5,459.7300109863281,473.9599914550781,75800
01-12-2022,470.8399963378906,477.2699890136719,463.9800109863281,474.4299926757813,81400
02-12-2022,470.1499938964844,481.9800109863281,469.3699951171875,474.1900024414063,52700
05-12-2022,468.9599914550781,468.9599914550781,457.3800048828125,460.8299865722656,57400
06-12-2022,460.0,460.0,445.9200134277344,457.75,88900
07-12-2022,459.8800048828125,459.8800048828125,439.0,440.6799926757813,173900
08-12-2022,444.0,455.7999877929688,440.30999755859375,455.0,85600
09-12-2022,454.3500061035156,471.1900024414063,454.3500061035156,463.7999877929688,86600
12-12-2022,463.7999877929688,471.1400146484375,462.0,463.9500122070313,65800
13-12-2022,482.8200073242188,488.489990234375,452.5700073242188,459.739990234375,110400
14-12-2022,456.510009765625,460.4800109863281,445.8200073242188,452.9200134277344,45000
15-12-2022,445.5700073242188,455.9500122070313,442.2900085449219,452.5400085449219,104200
16-12-2022,445.4500122070313,452.6400146484375,440.0,442.7200012207031,152200
19-12-2022,443.0,445.5899963378906,439.4400024414063,440.0,127400
20-12-2022,440.9200134277344,452.3500061035156,436.5400085449219,440.1000061035156,116900
21-12-2022,444.6199951171875,464.3999938964844,444.6199951171875,463.2099914550781,135300
22-12-2022,449.5400085449219,449.989990234375,439.6799926757813,442.4700012207031,145000
23-12-2022,440.0499877929688,467.3399963378906,440.0499877929688,465.2300109863281,104000
27-12-2022,468.0700073242188,471.7099914550781,460.8599853515625,464.739990234375,89300
28-12-2022,462.6000061035156,467.5899963378906,457.8999938964844,463.6799926757813,103700
29-12-2022,470.1400146484375,476.1900024414063,464.9599914550781,476.1499938964844,49600
30-12-2022,469.4299926757813,476.3599853515625,465.5400085449219,474.3999938964844,77100
03-01-2023,477.2799987792969,487.4299926757813,456.4800109863281,456.4800109863281,101200
04-01-2023,456.1799926757813,467.5700073242188,391.2200012207031,403.489990234375,482700
05-01-2023,398.1099853515625,398.1099853515625,358.0,378.2200012207031,406200
06-01-2023,384.3599853515625,410.0,379.489990234375,402.2799987792969,164200
09-01-2023,402.80999755859375,407.5400085449219,394.9100036621094,396.1300048828125,182800
10-01-2023,391.5,398.1300048828125,385.5700073242188,397.1499938964844,94100
11-01-2023,397.6000061035156,410.2900085449219,393.0400085449219,396.55999755859375,151100
12-01-2023,399.9800109863281,418.6900024414063,390.6000061035156,418.4700012207031,129300
13-01-2023,407.1099853515625,414.55999755859375,402.2300109863281,410.8999938964844,184500
17-01-2023,408.2099914550781,412.3500061035156,392.8900146484375,396.25,129100
18-01-2023,400.8699951171875,411.0899963378906,391.2999877929688,392.5799865722656,92600
19-01-2023,381.4599914550781,390.4500122070313,369.1300048828125,381.4299926757813,132500
20-01-2023,381.5899963378906,411.3299865722656,381.5499877929688,405.989990234375,187600
23-01-2023,405.4599914550781,443.3999938964844,400.5799865722656,441.7200012207031,233800
24-01-2023,440.8399963378906,457.9299926757813,436.0899963378906,439.7300109863281,96000
25-01-2023,435.3999938964844,451.0,430.7699890136719,448.8999938964844,87800
26-01-2023,456.3200073242188,459.1900024414063,443.4500122070313,455.9500122070313,102500
27-01-2023,455.4599914550781,473.25,455.4599914550781,472.1499938964844,110100
30-01-2023,468.7000122070313,472.0,448.739990234375,448.75,128100
31-01-2023,457.2900085449219,467.4599914550781,450.6900024414063,462.6400146484375,114400
01-02-2023,470.8900146484375,528.469970703125,470.8900146484375,526.0800170898438,383700
02-02-2023,536.2000122070312,572.1199951171875,520.1400146484375,548.989990234375,315600
03-02-2023,535.010009765625,536.9000244140625,518.1300048828125,527.9299926757812,207000
06-02-2023,516.1099853515625,525.760009765625,503.8399963378906,511.3500061035156,149200
07-02-2023,506.3399963378906,512.3300170898438,491.6000061035156,505.489990234375,130000
08-02-2023,506.05999755859375,507.0899963378906,482.1499938964844,482.8999938964844,119500
09-02-2023,485.8699951171875,493.5,482.3200073242188,484.2300109863281,112600
10-02-2023,478.0899963378906,484.4299926757813,460.5299987792969,463.9100036621094,132900
13-02-2023,463.9100036621094,493.9400024414063,458.3500061035156,493.5199890136719,101600
14-02-2023,487.3999938964844,491.8299865722656,475.010009765625,487.8999938964844,109700
15-02-2023,480.3599853515625,492.989990234375,475.3500061035156,488.30999755859375,82900
16-02-2023,477.0,489.0700073242188,477.0,479.6700134277344,97800
17-02-2023,474.30999755859375,478.8699951171875,463.3500061035156,468.1099853515625,89900
21-02-2023,458.0,462.989990234375,448.7000122070313,453.6499938964844,69600
22-02-2023,453.0199890136719,459.6000061035156,451.1000061035156,456.3699951171875,71100
23-02-2023,461.9100036621094,461.9100036621094,447.5799865722656,457.510009765625,80900
24-02-2023,448.5299987792969,456.5199890136719,441.80999755859375,450.05999755859375,88700
27-02-2023,453.2300109863281,457.6000061035156,440.9299926757813,442.2099914550781,111700
28-02-2023,444.2099914550781,455.6799926757813,439.1099853515625,444.3399963378906,83300
01-03-2023,439.30999755859375,451.7300109863281,439.30999755859375,444.239990234375,70200
02-03-2023,440.3299865722656,451.5700073242188,434.7000122070313,448.8200073242188,58400
03-03-2023,450.2099914550781,453.6300048828125,445.3699951171875,449.8500061035156,47400
06-03-2023,450.3900146484375,458.4100036621094,445.0400085449219,446.6799926757813,59900
07-03-2023,446.6799926757813,452.7699890136719,440.1000061035156,441.2300109863281,76800
08-03-2023,441.2300109863281,453.8699951171875,435.9700012207031,443.5299987792969,61900
09-03-2023,448.7200012207031,450.739990234375,426.6400146484375,427.1000061035156,77500
10-03-2023,423.05999755859375,430.0,405.3399963378906,416.510009765625,118500
13-03-2023,407.4800109863281,427.8200073242188,387.7000122070313,403.4299926757813,109300
14-03-2023,415.3399963378906,426.8699951171875,404.0499877929688,406.0400085449219,148100
15-03-2023,397.3900146484375,403.2900085449219,391.0899963378906,401.9200134277344,90700
16-03-2023,396.4100036621094,413.5,384.6400146484375,405.6499938964844,66900
17-03-2023,400.6099853515625,408.6400146484375,388.6400146484375,395.9400024414063,137500
20-03-2023,396.1000061035156,410.9700012207031,394.7999877929688,408.7900085449219,200500
21-03-2023,417.9400024414063,436.7999877929688,413.9299926757813,415.3900146484375,98000
22-03-2023,417.9700012207031,423.0700073242188,408.739990234375,408.989990234375,58300
23-03-2023,413.2900085449219,417.4500122070313,397.010009765625,401.739990234375,56400
24-03-2023,397.6900024414063,406.260009765625,392.0700073242188,405.7300109863281,53000
27-03-2023,411.239990234375,413.55999755859375,405.9200134277344,410.1700134277344,44000
28-03-2023,410.1700134277344,414.0,405.0,413.1799926757813,52800
29-03-2023,422.3599853515625,426.5199890136719,418.4299926757813,425.0700073242188,45700
30-03-2023,428.6199951171875,432.5299987792969,423.3800048828125,424.9500122070313,39000
31-03-2023,427.8200073242188,436.6099853515625,426.5899963378906,436.0400085449219,46800
03-04-2023,434.55999755859375,443.7200012207031,427.0899963378906,433.2699890136719,69800
04-04-2023,431.9700012207031,431.9700012207031,422.5199890136719,425.6700134277344,51600
05-04-2023,426.010009765625,428.2000122070313,422.25,427.3800048828125,66000
06-04-2023,421.9599914550781,432.7999877929688,421.9599914550781,427.5700073242188,31100
10-04-2023,422.7999877929688,434.739990234375,422.7999877929688,433.4100036621094,23800
11-04-2023,438.3800048828125,457.8900146484375,436.0,456.1600036621094,75100
12-04-2023,458.8299865722656,468.5799865722656,455.3299865722656,463.239990234375,84500
13-04-2023,469.1400146484375,488.6199951171875,466.0199890136719,478.5899963378906,86800
14-04-2023,478.5899963378906,488.3999938964844,474.3399963378906,478.4500122070313,57200
17-04-2023,481.9299926757813,490.8900146484375,478.6499938964844,484.3500061035156,67700
18-04-2023,484.3900146484375,490.3399963378906,481.1300048828125,484.0400085449219,49800
19-04-2023,480.1300048828125,509.0,473.5700073242188,498.4800109863281,130300
20-04-2023,496.4100036621094,500.0,483.239990234375,494.010009765625,75300
21-04-2023,498.8299865722656,498.8299865722656,485.4299926757813,490.5700073242188,59600
24-04-2023,494.0299987792969,494.510009765625,486.0,494.010009765625,35900
25-04-2023,491.7200012207031,491.7200012207031,475.1300048828125,476.010009765625,50700
26-04-2023,477.1499938964844,483.0199890136719,470.0400085449219,473.9700012207031,99800
27-04-2023,476.3800048828125,485.0700073242188,476.3800048828125,479.8900146484375,65000
28-04-2023,479.3699951171875,491.9500122070313,479.3699951171875,489.5,43300
01-05-2023,492.75,507.4400024414063,490.3299865722656,498.7300109863281,127700
02-05-2023,436.1499938964844,459.9299926757813,411.0700073242188,430.1199951171875,290100
03-05-2023,429.0499877929688,456.8999938964844,429.0499877929688,450.9800109863281,89900
04-05-2023,447.7000122070313,449.55999755859375,429.2699890136719,438.4599914550781,57900
05-05-2023,448.6199951171875,453.9700012207031,440.9599914550781,450.2699890136719,39500
08-05-2023,449.3200073242188,449.3200073242188,438.5,446.3999938964844,35000
09-05-2023,443.9200134277344,447.3900146484375,436.6799926757813,437.6000061035156,57600
10-05-2023,445.8699951171875,445.8699951171875,425.8699951171875,431.6199951171875,49700
11-05-2023,426.6900024414063,433.0199890136719,426.6900024414063,429.5899963378906,28800
12-05-2023,430.0499877929688,431.0499877929688,423.8800048828125,429.8999938964844,36000
15-05-2023,433.0700073242188,437.9100036621094,431.739990234375,437.8500061035156,33300
16-05-2023,434.0,435.1300048828125,424.7000122070313,425.9800109863281,34200
17-05-2023,425.6099853515625,436.8800048828125,424.1600036621094,436.8699951171875,38400
18-05-2023,435.0499877929688,442.760009765625,432.75,437.7999877929688,58700
19-05-2023,441.8399963378906,442.0,429.0199890136719,435.1900024414063,41500
22-05-2023,434.7999877929688,444.9500122070313,434.4200134277344,443.8399963378906,58000
23-05-2023,443.8399963378906,455.0,439.1900024414063,441.1900024414063,61900
24-05-2023,431.0499877929688,435.9299926757813,425.760009765625,433.9299926757813,77700
25-05-2023,435.2699890136719,438.3599853515625,430.8999938964844,434.260009765625,38800
26-05-2023,437.0,447.2799987792969,432.6499938964844,445.4700012207031,43400
30-05-2023,446.0,458.9800109863281,446.0,458.9800109863281,53400
31-05-2023,455.0,455.010009765625,439.5400085449219,445.6799926757813,96600
01-06-2023,442.6799926757813,457.6199951171875,437.0,449.239990234375,71400
02-06-2023,458.0799865722656,475.8599853515625,457.6700134277344,475.1900024414063,59900
05-06-2023,477.5499877929688,479.9100036621094,461.6000061035156,477.6199951171875,113300
06-06-2023,476.4100036621094,500.0,476.4100036621094,498.5199890136719,114400
07-06-2023,501.1099853515625,513.3400268554688,499.3900146484375,512.3099975585938,88500
08-06-2023,510.0,510.7300109863281,499.80999755859375,502.1199951171875,59200
09-06-2023,503.739990234375,507.2000122070313,493.3399963378906,498.0,51300
12-06-2023,498.3299865722656,502.5299987792969,488.1499938964844,490.239990234375,47500
13-06-2023,501.1799926757813,509.2699890136719,497.7900085449219,505.6600036621094,50900
14-06-2023,504.7300109863281,507.0,491.9200134277344,494.989990234375,44700
15-06-2023,491.6900024414063,510.9500122070313,485.9500122070313,508.9400024414063,66200
16-06-2023,511.0,511.0,493.1600036621094,494.5499877929688,62100
20-06-2023,489.489990234375,493.4700012207031,485.0,492.0,48700
21-06-2023,490.5799865722656,496.989990234375,490.5799865722656,493.30999755859375,52200
22-06-2023,488.5799865722656,496.1400146484375,483.989990234375,494.1300048828125,44800
23-06-2023,486.5299987792969,503.55999755859375,486.239990234375,501.3999938964844,80300
26-06-2023,500.7699890136719,506.1300048828125,486.6400146484375,488.05999755859375,51400
27-06-2023,487.010009765625,508.7900085449219,487.010009765625,505.2999877929688,51900
28-06-2023,505.0199890136719,509.7099914550781,494.7300109863281,505.4700012207031,74200
29-06-2023,510.8200073242188,523.6699829101562,503.510009765625,506.5799865722656,66400
30-06-2023,511.80999755859375,514.2999877929688,500.6499938964844,507.9299926757813,80600
03-07-2023,506.739990234375,515.3300170898438,505.3999938964844,511.510009765625,33800
05-07-2023,504.6400146484375,509.4100036621094,503.3599853515625,504.6000061035156,49000
06-07-2023,497.6300048828125,505.9599914550781,487.6499938964844,504.9100036621094,66800
07-07-2023,506.1400146484375,524.77001953125,506.1400146484375,511.7699890136719,58600
10-07-2023,513.0399780273438,521.2899780273438,513.0399780273438,517.0399780273438,34500
11-07-2023,514.9400024414062,537.7899780273438,514.9400024414062,531.8300170898438,58400
12-07-2023,540.8900146484375,542.3300170898438,529.0,538.0700073242188,69200
13-07-2023,537.010009765625,546.780029296875,536.3200073242188,545.5900268554688,60500
14-07-2023,548.2100219726562,554.469970703125,542.4000244140625,553.8400268554688,76300
17-07-2023,549.2999877929688,556.8300170898438,548.5399780273438,553.6500244140625,65300
18-07-2023,552.780029296875,571.489990234375,552.780029296875,569.010009765625,87800
19-07-2023,571.3200073242188,576.0499877929688,562.1400146484375,573.280029296875,106300
20-07-2023,566.260009765625,566.260009765625,549.0599975585938,554.6699829101562,80500
21-07-2023,559.8900146484375,559.8900146484375,542.1599731445312,546.6900024414062,65000
24-07-2023,548.75,555.1599731445312,543.8400268554688,546.9199829101562,55500
25-07-2023,546.469970703125,553.010009765625,545.3900146484375,550.6900024414062,111500
26-07-2023,550.8200073242188,557.3699951171875,539.0800170898438,541.4000244140625,91600
27-07-2023,545.2000122070312,550.0599975585938,538.260009765625,540.0800170898438,49700
28-07-2023,544.4199829101562,552.4500122070312,542.02001953125,547.9000244140625,53900
31-07-2023,545.2000122070312,557.1699829101562,545.2000122070312,556.5999755859375,72300
01-08-2023,549.47998046875,554.9500122070312,543.77001953125,553.0999755859375,86000
02-08-2023,515.0,515.0,462.5199890136719,483.4800109863281,264500
03-08-2023,479.4500122070313,494.3200073242188,477.2200012207031,490.1099853515625,104100
04-08-2023,490.1600036621094,502.8500061035156,487.80999755859375,498.30999755859375,53700
07-08-2023,501.3599853515625,509.739990234375,498.4500122070313,499.1799926757813,50200
08-08-2023,495.2200012207031,509.2300109863281,487.8500061035156,505.0400085449219,53700
09-08-2023,507.0899963378906,518.97998046875,503.6799926757813,503.75,72500
10-08-2023,504.510009765625,506.0,496.6300048828125,496.6499938964844,54100
11-08-2023,492.8500061035156,502.75,492.8500061035156,498.9599914550781,46800
14-08-2023,496.7000122070313,496.7000122070313,487.55999755859375,493.5,62800
15-08-2023,490.0,490.0,482.0,485.3299865722656,53900
16-08-2023,482.6600036621094,486.739990234375,474.989990234375,477.989990234375,71900
17-08-2023,477.6499938964844,484.6000061035156,473.9800109863281,474.8999938964844,70300
18-08-2023,469.0199890136719,484.1700134277344,469.0199890136719,481.1400146484375,82000
21-08-2023,479.9800109863281,487.239990234375,477.9400024414063,485.1000061035156,31100
22-08-2023,487.0899963378906,487.0899963378906,470.7900085449219,472.6199951171875,94100
23-08-2023,476.3699951171875,488.2799987792969,476.010009765625,487.989990234375,65400
24-08-2023,488.5899963378906,495.4500122070313,486.3599853515625,493.1400146484375,59200
25-08-2023,497.9500122070313,501.1000061035156,488.0700073242188,497.75,76200
28-08-2023,497.2900085449219,503.3299865722656,490.7999877929688,493.3299865722656,110900
29-08-2023,495.0,501.0299987792969,493.4400024414063,500.2099914550781,66700
30-08-2023,499.260009765625,502.3999938964844,498.4100036621094,502.0299987792969,36300
31-08-2023,507.8500061035156,509.9800109863281,499.7699890136719,501.7699890136719,41800
01-09-2023,505.0700073242188,509.3299865722656,498.0,498.6499938964844,56100
05-09-2023,498.25,504.0499877929688,493.2799987792969,500.30999755859375,65300
06-09-2023,498.760009765625,501.6099853515625,491.80999755859375,499.9299926757813,69900
07-09-2023,489.8800048828125,491.3299865722656,484.260009765625,484.4800109863281,98000
08-09-2023,481.5,488.1099853515625,481.3399963378906,485.2999877929688,73500
11-09-2023,487.55999755859375,493.6499938964844,486.8299865722656,489.7200012207031,56300
12-09-2023,491.5700073242188,500.7000122070313,489.9299926757813,498.9500122070313,35900
13-09-2023,492.8699951171875,506.0199890136719,492.8699951171875,505.6199951171875,65000
14-09-2023,509.010009765625,513.3099975585938,506.0,510.1900024414063,52600
15-09-2023,508.8900146484375,512.989990234375,503.3599853515625,504.1700134277344,57600
18-09-2023,507.4400024414063,507.4400024414063,492.4100036621094,492.4100036621094,26000
19-09-2023,492.260009765625,495.0,487.2200012207031,487.3900146484375,25100
20-09-2023,486.260009765625,492.2799987792969,482.6799926757813,484.6099853515625,35800
21-09-2023,481.7900085449219,482.3500061035156,473.2900085449219,473.2900085449219,34100
22-09-2023,471.6400146484375,476.8699951171875,469.2000122070313,470.1700134277344,42600
25-09-2023,465.6099853515625,473.8500061035156,465.0199890136719,469.4800109863281,74100
26-09-2023,468.7000122070313,468.7000122070313,457.2799987792969,465.6499938964844,59400
27-09-2023,473.9400024414063,479.5199890136719,469.4700012207031,476.8200073242188,39400
28-09-2023,476.0,479.3800048828125,461.8999938964844,466.739990234375,51600
29-09-2023,469.4299926757813,473.0,458.6900024414063,460.1199951171875,38300
02-10-2023,461.3999938964844,465.239990234375,449.6700134277344,456.7900085449219,83100
03-10-2023,455.0199890136719,455.0199890136719,431.9500122070313,434.8699951171875,80300
04-10-2023,435.0,435.0,427.0499877929688,433.3999938964844,79000
05-10-2023,435.989990234375,439.7000122070313,420.5499877929688,434.1400146484375,54800
06-10-2023,429.4299926757813,442.2900085449219,427.1000061035156,431.3999938964844,54300
09-10-2023,431.0799865722656,435.0299987792969,429.5299987792969,433.7699890136719,38300
10-10-2023,432.8699951171875,445.6400146484375,432.8699951171875,437.3299865722656,39500
11-10-2023,435.8900146484375,443.4299926757813,430.010009765625,436.1400146484375,60000
12-10-2023,436.0,436.0,424.7799987792969,429.1900024414063,59500
13-10-2023,432.3200073242188,432.3200073242188,420.9400024414063,422.9299926757813,52000
16-10-2023,426.5,432.05999755859375,425.0,431.2699890136719,33100
17-10-2023,429.7699890136719,440.9299926757813,429.7699890136719,440.1199951171875,55300
18-10-2023,437.0299987792969,437.0299987792969,425.6600036621094,426.3800048828125,41100
19-10-2023,422.8800048828125,424.8699951171875,417.0299987792969,418.4800109863281,41100
20-10-2023,414.3699951171875,418.2200012207031,408.7999877929688,415.510009765625,55000
23-10-2023,410.6400146484375,421.7200012207031,408.1099853515625,411.7300109863281,52700
24-10-2023,412.3500061035156,421.0,406.0,409.2699890136719,68500
25-10-2023,410.0299987792969,414.739990234375,400.6799926757813,410.2200012207031,85400
26-10-2023,411.0899963378906,412.7999877929688,405.760009765625,410.9200134277344,59800
27-10-2023,411.0,412.3900146484375,403.7799987792969,404.5899963378906,72800
30-10-2023,415.3200073242188,415.3200073242188,394.010009765625,397.05999755859375,80500
31-10-2023,395.0,408.8699951171875,379.7699890136719,402.4299926757813,146200
01-11-2023,400.5199890136719,418.5,400.2999877929688,415.4200134277344,91600
02-11-2023,422.7799987792969,437.489990234375,420.3399963378906,436.25,84900
03-11-2023,439.1600036621094,459.6600036621094,439.0,443.3500061035156,69300
06-11-2023,444.3299865722656,444.3299865722656,422.6799926757813,430.05999755859375,60600
07-11-2023,429.3500061035156,433.8999938964844,422.010009765625,426.5199890136719,51200
08-11-2023,426.5199890136719,426.5199890136719,419.2300109863281,420.1900024414063,35000
09-11-2023,418.3200073242188,419.6700134277344,410.2900085449219,410.3200073242188,42300
10-11-2023,415.0,416.3999938964844,407.2799987792969,411.5299987792969,24600
13-11-2023,411.75,412.2300109863281,406.5299987792969,407.8299865722656,23800
14-11-2023,418.2999877929688,436.6000061035156,418.0,436.6000061035156,63300
15-11-2023,449.1799926757813,453.0299987792969,444.5700073242188,449.8200073242188,94400
16-11-2023,448.4599914550781,448.4599914550781,427.8900146484375,430.1199951171875,36600
17-11-2023,433.9400024414063,438.7300109863281,433.9400024414063,435.2099914550781,25700
20-11-2023,433.9400024414063,441.7099914550781,433.9400024414063,439.8999938964844,23500
21-11-2023,439.239990234375,439.239990234375,423.3800048828125,426.9200134277344,37000
22-11-2023,429.7799987792969,433.4200134277344,428.0,431.9400024414063,18500
24-11-2023,430.8500061035156,438.260009765625,430.8500061035156,435.3299865722656,20700
27-11-2023,436.6400146484375,437.510009765625,431.80999755859375,434.4400024414063,48100
28-11-2023,433.2999877929688,443.7999877929688,432.1199951171875,440.2300109863281,38500
29-11-2023,439.4200134277344,455.6000061035156,439.4200134277344,450.8500061035156,78600
30-11-2023,451.2999877929688,457.9700012207031,449.0199890136719,457.0,89400
01-12-2023,457.1300048828125,480.4299926757813,453.0,473.8999938964844,73300
04-12-2023,469.989990234375,476.0,457.010009765625,460.2900085449219,69800
05-12-2023,449.9500122070313,449.9500122070313,434.4400024414063,446.4700012207031,62700
06-12-2023,452.4500122070313,467.0,446.3299865722656,447.8599853515625,38300
07-12-2023,448.010009765625,456.9100036621094,448.010009765625,455.7300109863281,47100
08-12-2023,454.4700012207031,462.8299865722656,452.2099914550781,461.0700073242188,45000
11-12-2023,455.55999755859375,467.9400024414063,455.55999755859375,464.55999755859375,34100
12-12-2023,465.5700073242188,472.4500122070313,464.239990234375,467.9800109863281,58700
13-12-2023,470.8599853515625,505.2699890136719,468.4200134277344,499.6499938964844,95100
14-12-2023,506.8800048828125,524.5900268554688,506.8800048828125,517.239990234375,140800
15-12-2023,515.77001953125,515.77001953125,499.8500061035156,511.7099914550781,117400
18-12-2023,514.6699829101562,519.1099853515625,503.7999877929688,506.2300109863281,53900
19-12-2023,506.0700073242188,519.2999877929688,506.0700073242188,516.02001953125,59200
20-12-2023,514.5999755859375,522.6799926757812,509.6700134277344,509.6700134277344,67900
21-12-2023,513.6900024414062,527.1199951171875,513.6900024414062,524.8200073242188,41800
22-12-2023,523.4600219726562,528.6699829101562,521.9000244140625,528.1199951171875,51200
26-12-2023,532.3699951171875,535.8400268554688,529.25,535.4500122070312,33600
27-12-2023,535.0,538.8200073242188,531.9199829101562,535.3800048828125,35500
28-12-2023,535.3800048828125,537.8200073242188,529.3499755859375,534.2100219726562,66900
29-12-2023,533.3499755859375,537.280029296875,527.0800170898438,532.72998046875,81700
02-01-2024,523.5399780273438,541.4099731445312,522.8099975585938,540.1099853515625,71600
03-01-2024,531.5800170898438,533.0,520.8699951171875,522.2100219726562,70600
04-01-2024,522.0,525.989990234375,518.75,521.1500244140625,47400
05-01-2024,520.0,537.4199829101562,517.6199951171875,534.27001953125,101400
08-01-2024,534.780029296875,544.27001953125,534.780029296875,539.3900146484375,68200
09-01-2024,531.219970703125,539.0599975585938,531.2100219726562,533.9600219726562,70100
10-01-2024,533.9600219726562,538.3400268554688,532.6500244140625,538.0599975585938,74900
11-01-2024,538.0599975585938,540.8900146484375,530.469970703125,535.7000122070312,70100
12-01-2024,537.280029296875,539.6400146484375,521.739990234375,523.989990234375,81300
16-01-2024,519.4000244140625,524.75,514.5900268554688,521.25,49800
17-01-2024,513.0,517.0399780273438,510.5199890136719,516.260009765625,57000
18-01-2024,518.22998046875,518.22998046875,508.1400146484375,516.4299926757812,54000
19-01-2024,520.719970703125,534.6699829101562,516.0499877929688,531.75,77200
22-01-2024,538.7100219726562,550.0,533.1400146484375,538.9000244140625,96500
23-01-2024,543.4000244140625,547.0700073242188,533.969970703125,544.030029296875,71900
24-01-2024,547.0900268554688,554.9199829101562,546.97998046875,549.2000122070312,65400
25-01-2024,556.5800170898438,559.7000122070312,548.5399780273438,550.6699829101562,47900
26-01-2024,551.010009765625,556.1199951171875,549.2999877929688,550.52001953125,48400
29-01-2024,551.8300170898438,558.3400268554688,545.1699829101562,557.6199951171875,96100
30-01-2024,556.5700073242188,557.0700073242188,552.0700073242188,554.3200073242188,49900
31-01-2024,552.6300048828125,558.3200073242188,539.1099853515625,541.0700073242188,99700
01-02-2024,568.0,616.6599731445312,568.0,581.3900146484375,205100
02-02-2024,579.97998046875,591.3900146484375,575.3400268554688,582.4199829101562,114500
05-02-2024,575.5999755859375,575.5999755859375,559.1500244140625,564.8499755859375,88100
06-02-2024,566.3800048828125,570.9600219726562,548.6599731445312,554.510009765625,66100
07-02-2024,557.280029296875,558.8400268554688,541.0,551.47998046875,74500
08-02-2024,547.6300048828125,557.5900268554688,547.6300048828125,555.9299926757812,43100
09-02-2024,556.8400268554688,559.6799926757812,549.2100219726562,551.8699951171875,48600
12-02-2024,555.2100219726562,566.989990234375,555.2100219726562,560.8300170898438,52600
13-02-2024,548.0,562.4600219726562,547.0399780273438,555.6500244140625,70900
14-02-2024,561.0,562.760009765625,555.0599975585938,556.52001953125,43400
15-02-2024,562.739990234375,577.8400268554688,561.1599731445312,566.3800048828125,47700
16-02-2024,566.3800048828125,570.969970703125,560.510009765625,561.1400146484375,39500
20-02-2024,553.3400268554688,563.4199829101562,546.7899780273438,550.3099975585938,80000
21-02-2024,550.2999877929688,551.0999755859375,544.97998046875,548.8300170898438,87400
22-02-2024,549.780029296875,555.1900024414062,548.5999755859375,549.47998046875,40200
23-02-2024,553.0,556.0499877929688,548.5399780273438,550.77001953125,71400
26-02-2024,552.3900146484375,557.5399780273438,541.7999877929688,543.1099853515625,72400
27-02-2024,541.5599975585938,553.52001953125,541.5599975585938,552.2999877929688,53500
28-02-2024,549.2899780273438,557.8400268554688,548.5700073242188,549.4299926757812,78700
29-02-2024,554.02001953125,555.8400268554688,550.739990234375,553.5999755859375,88900
01-03-2024,550.4500122070312,556.3300170898438,548.7999877929688,552.0,94800
04-03-2024,549.6199951171875,554.9000244140625,544.530029296875,545.8099975585938,90100
05-03-2024,540.8499755859375,552.8800048828125,540.8499755859375,548.1300048828125,79400
06-03-2024,550.530029296875,557.3900146484375,548.9500122070312,549.8499755859375,50300
07-03-2024,553.0,563.1199951171875,549.1099853515625,561.6799926757812,91200
08-03-2024,562.530029296875,564.219970703125,555.5499877929688,556.510009765625,52400
11-03-2024,556.8499755859375,559.6699829101562,548.4299926757812,550.27001953125,53700
12-03-2024,547.6500244140625,556.260009765625,545.2899780273438,555.0900268554688,58200
13-03-2024,556.6099853515625,560.9099731445312,551.9500122070312,555.2999877929688,57700
14-03-2024,550.530029296875,555.0999755859375,547.1699829101562,550.5999755859375,52900
15-03-2024,549.75,555.27001953125,547.8200073242188,548.989990234375,53800
18-03-2024,551.6099853515625,553.0399780273438,546.3800048828125,547.9500122070312,50000
19-03-2024,543.5,557.6199951171875,543.5,556.0399780273438,37500
20-03-2024,552.7100219726562,569.719970703125,552.7100219726562,562.0,50000
21-03-2024,566.5700073242188,575.7000122070312,564.4000244140625,566.4600219726562,59800
22-03-2024,566.3699951171875,569.5499877929688,552.5,554.1099853515625,57700
25-03-2024,551.530029296875,553.5,548.5800170898438,549.5900268554688,55400
26-03-2024,554.4000244140625,554.4000244140625,549.0700073242188,551.1300048828125,57900
27-03-2024,553.3499755859375,558.0399780273438,549.22998046875,551.5999755859375,90600
28-03-2024,551.5999755859375,555.989990234375,549.3900146484375,551.5499877929688,66600
01-04-2024,552.8300170898438,552.8300170898438,544.3499755859375,544.5399780273438,85700
02-04-2024,537.25,538.0599975585938,534.3300170898438,535.739990234375,74500
03-04-2024,536.6900024414062,544.489990234375,536.6900024414062,542.219970703125,77700
04-04-2024,543.9099731445312,549.5999755859375,535.2000122070312,535.2000122070312,53500
05-04-2024,533.27001953125,543.02001953125,532.9000244140625,542.02001953125,59900
08-04-2024,544.0,557.1500244140625,544.0,556.75,80300
09-04-2024,556.5399780273438,559.469970703125,552.0399780273438,556.2899780273438,42200
10-04-2024,543.9099731445312,552.4400024414062,540.2899780273438,543.7999877929688,74600
11-04-2024,544.6900024414062,573.9199829101562,544.6900024414062,572.489990234375,100700
12-04-2024,566.6300048828125,567.0999755859375,552.4000244140625,554.510009765625,81400
15-04-2024,557.22998046875,560.6400146484375,545.4000244140625,547.4000244140625,61400
16-04-2024,540.8300170898438,541.010009765625,535.0700073242188,537.8699951171875,55600
17-04-2024,540.1699829101562,545.0800170898438,531.8699951171875,532.5499877929688,40200
18-04-2024,532.9400024414062,542.6099853515625,532.9400024414062,536.4000244140625,33100
19-04-2024,537.9400024414062,544.489990234375,533.3200073242188,535.47998046875,56500
22-04-2024,536.3099975585938,536.3099975585938,519.1199951171875,519.1799926757812,81300
23-04-2024,518.2000122070312,527.530029296875,518.2000122070312,522.260009765625,34800
24-04-2024,520.530029296875,525.530029296875,518.4099731445312,522.219970703125,42400
25-04-2024,516.1400146484375,517.469970703125,506.5700073242188,515.52001953125,46900
26-04-2024,525.4099731445312,531.3200073242188,524.1699829101562,526.5999755859375,26900
29-04-2024,531.3400268554688,537.22998046875,527.25,529.0,42600
30-04-2024,527.7999877929688,527.7999877929688,512.3400268554688,513.719970703125,63700
01-05-2024,490.5400085449219,505.4200134277344,482.9800109863281,492.5799865722656,170900
02-05-2024,491.2699890136719,502.3399963378906,484.3500061035156,501.1600036621094,69900
03-05-2024,507.4100036621094,511.3299865722656,503.4100036621094,506.2799987792969,50000
06-05-2024,505.9100036621094,522.260009765625,505.9100036621094,522.1699829101562,38900
07-05-2024,525.1500244140625,530.260009765625,525.1500244140625,528.5999755859375,39700
08-05-2024,523.1199951171875,523.1199951171875,512.6099853515625,513.989990234375,49000
09-05-2024,517.0999755859375,523.8200073242188,514.52001953125,523.8200073242188,23400
10-05-2024,525.1099853515625,525.1099853515625,508.8399963378906,514.9400024414062,28400
13-05-2024,521.0,528.4099731445312,517.5900268554688,518.2000122070312,45000
14-05-2024,519.3300170898438,531.6300048828125,519.3300170898438,525.1799926757812,38500
15-05-2024,528.9600219726562,531.0599975585938,516.9099731445312,519.8800048828125,36400
16-05-2024,517.1500244140625,517.1599731445312,494.3699951171875,498.4100036621094,91400
17-05-2024,497.010009765625,500.0,492.0,497.0,58200
20-05-2024,497.0,497.0,491.4500122070313,493.7900085449219,41300
21-05-2024,494.3699951171875,497.0899963378906,490.989990234375,493.4800109863281,45600
22-05-2024,490.010009765625,494.8500061035156,483.2799987792969,486.489990234375,44100
23-05-2024,485.30999755859375,485.30999755859375,473.7000122070313,476.010009765625,45500
24-05-2024,477.510009765625,482.1900024414063,477.510009765625,481.2900085449219,25300
28-05-2024,484.0400085449219,493.2300109863281,484.0400085449219,485.7200012207031,39500
29-05-2024,479.5299987792969,482.3500061035156,477.3999938964844,478.3599853515625,34800
30-05-2024,480.2300109863281,491.2999877929688,478.3800048828125,487.3900146484375,27700
31-05-2024,488.5,490.8299865722656,480.30999755859375,490.8299865722656,39100
03-06-2024,494.3500061035156,494.3500061035156,482.8900146484375,486.80999755859375,35000
04-06-2024,485.489990234375,488.0,482.0499877929688,485.80999755859375,29800
05-06-2024,487.6799926757813,496.30999755859375,485.0499877929688,494.6199951171875,31000
06-06-2024,492.010009765625,492.9400024414063,484.2999877929688,485.30999755859375,38900
07-06-2024,481.4599914550781,485.80999755859375,476.6900024414063,479.7200012207031,38100
10-06-2024,475.6000061035156,482.989990234375,470.3800048828125,474.3299865722656,32700
11-06-2024,470.0,475.2900085449219,469.1900024414063,470.510009765625,28000
12-06-2024,481.3200073242188,489.9100036621094,480.6400146484375,481.1199951171875,32900
13-06-2024,481.6199951171875,482.0,471.489990234375,475.05999755859375,38800
14-06-2024,469.1700134277344,473.0,465.05999755859375,471.0499877929688,57900
17-06-2024,471.0499877929688,483.510009765625,471.0499877929688,482.9200134277344,31600
18-06-2024,484.1900024414063,486.1199951171875,481.1799926757813,482.5400085449219,31000
20-06-2024,481.6499938964844,485.2000122070313,480.3800048828125,485.1700134277344,21600
21-06-2024,484.0,489.9500122070313,482.6799926757813,488.7900085449219,61600
24-06-2024,494.0,494.7900085449219,489.989990234375,490.4200134277344,31000
25-06-2024,485.1799926757813,491.1199951171875,485.1799926757813,490.1799926757813,32700
26-06-2024,487.2099914550781,498.0,487.2099914550781,497.0,32800
27-06-2024,497.5,498.1400146484375,495.6000061035156,495.9200134277344,38900
28-06-2024,498.0,516.5,498.0,514.6799926757812,202800
01-07-2024,516.5499877929688,520.6500244140625,513.0999755859375,517.219970703125,49000
02-07-2024,517.4299926757812,522.5,513.6900024414062,522.5,80300
03-07-2024,523.2899780273438,529.27001953125,518.72998046875,519.0,34900
05-07-2024,514.5700073242188,522.25,512.280029296875,521.5599975585938,89900
08-07-2024,524.0,525.3499755859375,520.8099975585938,522.1799926757812,30700
09-07-2024,523.969970703125,526.6599731445312,521.8300170898438,523.9600219726562,25300
10-07-2024,525.9000244140625,532.97998046875,523.6699829101562,532.97998046875,25700
11-07-2024,539.6400146484375,563.1799926757812,539.6400146484375,560.2899780273438,44400
12-07-2024,564.6699829101562,590.8699951171875,564.6699829101562,576.77001953125,82100
15-07-2024,578.0,592.8099975585938,578.0,584.9600219726562,45100
16-07-2024,586.6900024414062,611.1099853515625,586.6900024414062,611.1099853515625,75000
17-07-2024,607.3599853515625,614.9600219726562,599.719970703125,606.9500122070312,55200
18-07-2024,606.9500122070312,614.4000244140625,588.0,588.72998046875,43500
19-07-2024,588.3699951171875,591.2899780273438,581.2999877929688,582.4299926757812,40200
22-07-2024,583.7899780273438,592.6199951171875,565.0,569.0399780273438,57400
23-07-2024,566.3099975585938,568.8400268554688,558.3300170898438,559.27001953125,49000
24-07-2024,556.27001953125,559.9600219726562,548.6099853515625,550.780029296875,81900
25-07-2024,552.219970703125,574.9500122070312,551.9500122070312,573.9299926757812,81200
26-07-2024,580.0,580.2999877929688,562.75,573.0599975585938,49200
29-07-2024,571.75,571.75,559.3800048828125,567.0399780273438,37400
30-07-2024,567.719970703125,585.27001953125,567.5999755859375,580.8900146484375,41900
31-07-2024,580.739990234375,590.5,565.3300170898438,574.9000244140625,69900
01-08-2024,525.0,540.4299926757812,487.010009765625,489.2900085449219,239000
02-08-2024,483.1199951171875,488.7000122070313,469.2699890136719,480.0199890136719,113800
05-08-2024,471.6300048828125,485.7999877929688,469.6300048828125,474.2699890136719,58300
06-08-2024,475.3800048828125,484.510009765625,468.9200134277344,470.7699890136719,84900
07-08-2024,478.8900146484375,478.8900146484375,457.8999938964844,458.489990234375,53100
08-08-2024,463.7300109863281,471.4700012207031,462.2099914550781,463.1300048828125,39100
09-08-2024,463.6700134277344,464.5899963378906,457.4500122070313,459.1799926757813,44800
12-08-2024,461.4800109863281,461.4800109863281,441.8399963378906,444.0299987792969,57600
13-08-2024,444.1799926757813,450.4400024414063,442.0,449.4800109863281,52100
14-08-2024,450.7200012207031,453.1900024414063,443.5799865722656,444.2000122070313,28500
15-08-2024,452.7799987792969,458.3699951171875,451.8299865722656,455.3999938964844,48800
16-08-2024,453.260009765625,459.5199890136719,451.0,457.9700012207031,48100
19-08-2024,461.9700012207031,467.9599914550781,461.9700012207031,467.5,34000
20-08-2024,467.010009765625,475.9299926757813,460.1099853515625,463.5899963378906,29900
21-08-2024,465.4200134277344,471.30999755859375,460.2099914550781,469.4299926757813,36600
22-08-2024,469.0899963378906,474.0,465.7000122070313,467.989990234375,36700
23-08-2024,470.8299865722656,481.5299987792969,470.8299865722656,480.9700012207031,39500
26-08-2024,482.2300109863281,490.7900085449219,476.5,476.5,28500
27-08-2024,476.1000061035156,477.989990234375,473.260009765625,473.260009765625,31700
28-08-2024,472.2000122070313,476.760009765625,471.4400024414063,473.7300109863281,24100
29-08-2024,477.4700012207031,481.0,471.5899963378906,472.3299865722656,45400
30-08-2024,473.6799926757813,476.0499877929688,461.0,466.5299987792969,47100
03-09-2024,465.8999938964844,468.1300048828125,457.6199951171875,458.0,36600
04-09-2024,458.0,462.760009765625,449.6900024414063,452.4400024414063,41400
05-09-2024,456.0400085449219,456.0499877929688,447.2900085449219,450.8900146484375,32200
06-09-2024,450.239990234375,451.5,440.4100036621094,442.1700134277344,28600
09-09-2024,446.5799865722656,462.1499938964844,441.989990234375,447.1900024414063,53100
10-09-2024,442.5,442.5,409.2200012207031,423.8699951171875,138100
11-09-2024,423.3500061035156,423.739990234375,415.0,420.9299926757813,58600
12-09-2024,422.760009765625,430.8500061035156,418.80999755859375,421.3900146484375,37500
13-09-2024,423.5400085449219,435.2799987792969,423.5400085449219,432.3399963378906,49200
16-09-2024,433.9700012207031,440.9800109863281,433.8900146484375,436.1600036621094,32900
17-09-2024,440.3299865722656,457.6199951171875,434.0,442.1199951171875,100800
18-09-2024,445.5499877929688,458.3900146484375,440.6000061035156,450.1000061035156,68200
19-09-2024,459.5199890136719,468.8399963378906,452.7300109863281,464.2099914550781,43900
20-09-2024,463.1400146484375,463.1400146484375,449.7699890136719,453.55999755859375,79800
23-09-2024,460.0,462.6099853515625,454.4400024414063,454.6700134277344,43200
24-09-2024,458.6099853515625,458.6099853515625,446.4200134277344,447.6199951171875,30800
25-09-2024,448.1000061035156,448.1000061035156,438.2999877929688,439.4200134277344,26200
26-09-2024,438.9800109863281,443.6799926757813,434.4400024414063,441.3599853515625,43400
27-09-2024,444.9500122070313,452.0,441.760009765625,447.6900024414063,31100
30-09-2024,443.4299926757813,451.0899963378906,432.8399963378906,443.4200134277344,82400
01-10-2024,445.2000122070313,445.2000122070313,432.0,438.5,36300
02-10-2024,438.489990234375,438.489990234375,431.7699890136719,434.9299926757813,23800
03-10-2024,434.3299865722656,434.6600036621094,430.5499877929688,432.8200073242188,25700
04-10-2024,441.0199890136719,450.739990234375,439.3699951171875,442.7999877929688,24100
07-10-2024,444.239990234375,444.239990234375,438.010009765625,443.1799926757813,41500
08-10-2024,440.8900146484375,448.2000122070313,437.9400024414063,443.4500122070313,36300
09-10-2024,444.0,452.7999877929688,444.0,451.4299926757813,35600
10-10-2024,446.4500122070313,455.7900085449219,446.0,454.8299865722656,33100
11-10-2024,452.260009765625,459.55999755859375,452.260009765625,457.1099853515625,34300
14-10-2024,458.0,467.6600036621094,450.7000122070313,458.5700073242188,58500
15-10-2024,460.5,474.4200134277344,460.5,466.2799987792969,46000
16-10-2024,472.6799926757813,483.25,472.6799926757813,480.8999938964844,44000
17-10-2024,480.8999938964844,480.8999938964844,474.1900024414063,475.5499877929688,27800
18-10-2024,475.1000061035156,477.2099914550781,467.3500061035156,475.3500061035156,38300
21-10-2024,475.0,479.0,473.1400146484375,477.8500061035156,52900
22-10-2024,470.7099914550781,478.3900146484375,467.4299926757813,475.25,72100
23-10-2024,475.25,477.5299987792969,469.7200012207031,474.9800109863281,48100
24-10-2024,477.8699951171875,482.6099853515625,477.0199890136719,480.4500122070313,45000
25-10-2024,485.75,491.4100036621094,466.8399963378906,469.8299865722656,77900
28-10-2024,470.260009765625,474.4800109863281,458.9800109863281,465.5899963378906,65800
29-10-2024,465.5899963378906,465.5899963378906,452.2300109863281,452.4400024414063,50700
30-10-2024,452.4400024414063,468.5,452.4400024414063,461.9299926757813,68200
31-10-2024,466.7799987792969,466.7799987792969,420.8999938964844,425.0,161500
01-11-2024,422.3699951171875,438.7300109863281,416.8200073242188,417.3299865722656,90300
04-11-2024,415.0,425.6000061035156,414.1600036621094,423.6199951171875,88800
05-11-2024,420.1499938964844,436.4599914550781,420.1499938964844,433.0,99300
06-11-2024,458.8500061035156,469.8299865722656,453.7200012207031,458.010009765625,179100
07-11-2024,460.989990234375,460.989990234375,450.5199890136719,454.5,103100
08-11-2024,453.489990234375,459.1000061035156,446.0899963378906,450.0,87400
11-11-2024,453.1799926757813,461.3299865722656,446.6900024414063,448.0,62500
12-11-2024,445.1799926757813,449.8200073242188,433.8599853515625,439.6099853515625,62500
13-11-2024,439.7999877929688,450.7300109863281,439.7999877929688,442.0,85600
14-11-2024,445.9100036621094,445.9100036621094,435.6499938964844,441.7699890136719,83300
15-11-2024,445.3800048828125,446.9299926757813,435.5299987792969,445.3200073242188,77600
18-11-2024,445.0700073242188,447.9800109863281,441.0199890136719,445.9599914550781,46100
19-11-2024,437.6400146484375,450.5400085449219,437.6400146484375,445.0,95600
20-11-2024,446.1300048828125,454.0199890136719,441.3500061035156,447.5700073242188,52100
21-11-2024,451.4800109863281,470.1000061035156,447.8200073242188,460.0199890136719,143500
22-11-2024,463.3999938964844,473.989990234375,459.3200073242188,473.1000061035156,70600
25-11-2024,479.2900085449219,497.6199951171875,466.3299865722656,485.1099853515625,151600
26-11-2024,480.4100036621094,485.5,474.9800109863281,483.2000122070313,62600
27-11-2024,484.1300048828125,495.1400146484375,484.0799865722656,494.239990234375,69300
29-11-2024,499.2799987792969,504.5499877929688,496.6000061035156,497.7000122070313,51000
02-12-2024,502.239990234375,502.9299926757813,484.4800109863281,485.4299926757813,87800
03-12-2024,484.8900146484375,484.8900146484375,478.0700073242188,481.9100036621094,52300
04-12-2024,480.4100036621094,482.7000122070313,470.760009765625,477.4200134277344,37900
05-12-2024,477.4200134277344,477.6799926757813,468.6900024414063,471.5700073242188,43600
06-12-2024,471.5700073242188,489.989990234375,471.5700073242188,483.1000061035156,77200
09-12-2024,483.2000122070313,495.760009765625,481.75,494.6199951171875,121700
10-12-2024,495.3699951171875,498.0199890136719,488.1099853515625,494.0400085449219,71100
11-12-2024,495.9299926757813,498.7099914550781,488.0499877929688,495.760009765625,57600
12-12-2024,491.6799926757813,498.8699951171875,489.6900024414063,497.1799926757813,48400
13-12-2024,497.1799926757813,497.1799926757813,485.5899963378906,485.5899963378906,52300
16-12-2024,483.2300109863281,496.9500122070313,483.2300109863281,496.1900024414063,60700
17-12-2024,497.0899963378906,497.3800048828125,484.55999755859375,490.739990234375,56300
18-12-2024,490.739990234375,495.7900085449219,468.8699951171875,468.8699951171875,56100
19-12-2024,471.7699890136719,473.4200134277344,454.2099914550781,460.989990234375,60700
20-12-2024,459.0499877929688,466.55999755859375,457.1000061035156,461.1900024414063,72400
23-12-2024,459.7900085449219,470.6000061035156,454.0299987792969,461.3599853515625,43900
24-12-2024,459.3999938964844,468.7900085449219,458.4599914550781,468.7900085449219,13200
26-12-2024,464.8699951171875,474.6700134277344,464.8699951171875,472.8200073242188,30100
27-12-2024,472.6900024414063,473.7900085449219,464.2799987792969,469.2000122070313,28800
30-12-2024,467.4299926757813,469.5,457.9500122070313,464.2099914550781,30600
31-12-2024,466.4100036621094,473.4800109863281,466.010009765625,469.4599914550781,46400
02-01-2025,475.0199890136719,488.5,457.9400024414063,465.2000122070313,52700
03-01-2025,465.8999938964844,468.3999938964844,452.8800048828125,467.8699951171875,68500
06-01-2025,470.2000122070313,481.2999877929688,469.9299926757813,470.7900085449219,30300
07-01-2025,472.5,473.5700073242188,462.6099853515625,466.2799987792969,54900
08-01-2025,460.2799987792969,463.1000061035156,453.5199890136719,454.5499877929688,61500
10-01-2025,447.4100036621094,447.4100036621094,435.1900024414063,440.4400024414063,77100
13-01-2025,437.1199951171875,452.1799926757813,437.1199951171875,451.6199951171875,41900
14-01-2025,453.6199951171875,462.9400024414063,453.6199951171875,461.9800109863281,30400
15-01-2025,471.8399963378906,479.010009765625,468.489990234375,475.6900024414063,38900
16-01-2025,472.55999755859375,482.9200134277344,470.1900024414063,482.239990234375,31300
17-01-2025,487.2999877929688,497.1199951171875,480.1000061035156,484.8200073242188,37300
21-01-2025,490.1799926757813,498.7999877929688,489.9400024414063,496.4700012207031,58400
22-01-2025,492.6199951171875,506.9700012207031,491.8699951171875,505.2900085449219,83400
23-01-2025,503.6099853515625,524.6900024414062,503.3500061035156,524.1400146484375,99600
24-01-2025,522.3499755859375,526.9600219726562,518.77001953125,523.5499877929688,60000
27-01-2025,521.9600219726562,528.239990234375,519.3099975585938,524.1099853515625,49600
28-01-2025,519.7999877929688,530.3800048828125,519.7999877929688,525.6400146484375,63700
29-01-2025,525.7000122070312,539.760009765625,522.4500122070312,525.02001953125,63100
30-01-2025,535.27001953125,539.0599975585938,512.6099853515625,514.0599975585938,89400
31-01-2025,550.0,560.0,493.1700134277344,507.7699890136719,132000
03-02-2025,492.9800109863281,512.3200073242188,492.9800109863281,510.6000061035156,101700
04-02-2025,507.3800048828125,518.719970703125,507.3800048828125,518.719970703125,91200
05-02-2025,520.6199951171875,525.510009765625,514.4099731445312,519.3499755859375,74500
06-02-2025,520.0,526.4600219726562,517.8400268554688,519.530029296875,63300
07-02-2025,516.47998046875,518.9400024414062,504.4700012207031,510.260009765625,72500
10-02-2025,511.4400024414063,511.8599853515625,501.7699890136719,503.3699951171875,62400
11-02-2025,501.7000122070313,512.7100219726562,501.0,507.4700012207031,48500
12-02-2025,501.6499938964844,506.5799865722656,499.0499877929688,502.7099914550781,28700
13-02-2025,505.0,513.5,505.0,511.8999938964844,32400
14-02-2025,514.9000244140625,525.4600219726562,514.9000244140625,520.6099853515625,38500
18-02-2025,520.6099853515625,527.1699829101562,517.1599731445312,524.7100219726562,59800
19-02-2025,524.2000122070312,528.489990234375,518.3800048828125,522.52001953125,49900
20-02-2025,524.5999755859375,524.5999755859375,511.1600036621094,513.6900024414062,39300
21-02-2025,517.6500244140625,517.6500244140625,492.7699890136719,495.55999755859375,79700
24-02-2025,495.9599914550781,495.9599914550781,488.760009765625,490.2099914550781,53300
25-02-2025,490.9200134277344,493.55999755859375,477.7900085449219,479.510009765625,52500
26-02-2025,483.1600036621094,489.2099914550781,479.3699951171875,480.5199890136719,40900
27-02-2025,481.80999755859375,487.2699890136719,476.1400146484375,476.3800048828125,43600
28-02-2025,477.80999755859375,493.3399963378906,477.80999755859375,492.3900146484375,79700
03-03-2025,492.05999755859375,496.25,471.489990234375,477.3299865722656,122800
04-03-2025,470.0,474.5,453.0,465.4800109863281,124500
05-03-2025,465.4800109863281,480.6600036621094,464.4800109863281,480.6600036621094,47600
06-03-2025,472.7300109863281,484.6700134277344,470.9500122070313,481.30999755859375,67600
07-03-2025,481.1199951171875,495.3800048828125,474.2000122070313,493.9100036621094,74400
10-03-2025,490.0700073242188,497.1400146484375,469.1400146484375,483.260009765625,104600
11-03-2025,481.7699890136719,482.3299865722656,469.0,471.4700012207031,82800
12-03-2025,474.2900085449219,478.7300109863281,468.5,474.5499877929688,79000
13-03-2025,474.010009765625,477.8200073242188,458.1099853515625,458.5899963378906,64900
14-03-2025,464.8800048828125,479.2099914550781,464.8800048828125,478.2099914550781,45800
17-03-2025,477.3399963378906,489.0299987792969,477.3399963378906,486.8500061035156,59900
18-03-2025,485.5799865722656,489.5499877929688,480.0799865722656,485.7000122070313,67200
19-03-2025,489.489990234375,504.3999938964844,486.2799987792969,502.0199890136719,61100
20-03-2025,495.3399963378906,502.0,494.2000122070313,497.7000122070313,61000
21-03-2025,488.0400085449219,499.4200134277344,487.80999755859375,495.489990234375,77000
24-03-2025,503.0299987792969,520.5499877929688,502.7900085449219,512.02001953125,78100
25-03-2025,514.6400146484375,520.030029296875,510.7099914550781,514.5700073242188,96200
26-03-2025,514.760009765625,517.6799926757812,505.80999755859375,510.4100036621094,102800
27-03-2025,509.4700012207031,521.4400024414062,503.510009765625,510.9599914550781,107800
28-03-2025,508.010009765625,514.8400268554688,500.9200134277344,513.1300048828125,88200
31-03-2025,505.1499938964844,518.739990234375,496.4299926757813,516.3499755859375,85900
01-04-2025,511.5199890136719,524.4600219726562,510.7000122070313,523.52001953125,74000
02-04-2025,520.0,543.1300048828125,520.0,529.7999877929688,102900
03-04-2025,505.0299987792969,509.6400146484375,491.0,496.7799987792969,313700
04-04-2025,475.1000061035156,488.5400085449219,460.5199890136719,461.4400024414063,220400
07-04-2025,441.7200012207031,481.3299865722656,435.0,465.0299987792969,171500
08-04-2025,484.989990234375,490.75,461.1499938964844,468.2799987792969,170800
09-04-2025,461.8399963378906,509.55999755859375,451.3500061035156,501.25,258600
10-04-2025,489.6000061035156,503.25,479.7099914550781,495.8699951171875,107400
11-04-2025,496.4700012207031,496.4700012207031,473.8399963378906,493.1900024414063,97600
14-04-2025,499.1300048828125,501.9599914550781,491.5,497.30999755859375,52500
15-04-2025,500.6499938964844,503.3699951171875,484.3500061035156,488.6700134277344,63900
16-04-2025,482.510009765625,498.239990234375,474.6600036621094,482.1499938964844,45500
17-04-2025,487.7000122070313,487.7000122070313,468.3399963378906,472.1900024414063,57900
21-04-2025,470.0,472.1900024414063,440.7900085449219,443.3200073242188,68800
22-04-2025,449.989990234375,456.1499938964844,441.3900146484375,451.80999755859375,85500
23-04-2025,463.8800048828125,475.6799926757813,459.1700134277344,463.0899963378906,59400
24-04-2025,465.0,488.3800048828125,465.0,486.75,64600
25-04-2025,480.7699890136719,496.0,473.5299987792969,483.3599853515625,53300
28-04-2025,485.2300109863281,490.25,477.6600036621094,487.6499938964844,49300
29-04-2025,487.5,489.6099853515625,482.6499938964844,488.989990234375,46400
30-04-2025,482.4100036621094,498.30999755859375,465.0299987792969,487.4200134277344,67000
01-05-2025,461.0,470.489990234375,440.0,467.7900085449219,195900
02-05-2025,471.8399963378906,495.1300048828125,471.8399963378906,488.5899963378906,174100
05-05-2025,488.1799926757813,511.1300048828125,486.7799987792969,496.1099853515625,161300
06-05-2025,492.4800109863281,500.2999877929688,488.6000061035156,496.989990234375,106500
07-05-2025,497.1799926757813,500.25,484.4299926757813,484.7000122070313,165100
08-05-2025,492.989990234375,502.7900085449219,488.6400146484375,493.5,184000
09-05-2025,494.3699951171875,495.4100036621094,490.3599853515625,491.7799987792969,106800
12-05-2025,506.9299926757813,519.47998046875,496.1499938964844,499.0799865722656,236200
13-05-2025,502.510009765625,502.510009765625,497.4700012207031,498.0,124200
14-05-2025,495.4700012207031,498.9500122070313,490.5,496.1900024414063,158600
15-05-2025,498.0899963378906,502.4500122070313,490.6900024414063,501.5400085449219,118900
16-05-2025,501.3200073242188,504.9700012207031,500.0,502.1700134277344,61500
19-05-2025,495.8699951171875,502.8699951171875,495.8699951171875,502.6300048828125,55500
20-05-2025,499.7200012207031,501.6499938964844,494.3299865722656,496.0400085449219,74600
21-05-2025,494.2799987792969,494.2799987792969,482.3900146484375,483.1400146484375,95800
22-05-2025,483.4500122070313,483.8900146484375,476.2099914550781,481.4599914550781,115700
23-05-2025,474.4400024414063,478.9599914550781,466.9700012207031,476.80999755859375,99000
27-05-2025,486.0899963378906,493.25,480.9599914550781,493.25,98400
28-05-2025,491.05999755859375,497.0400085449219,488.7999877929688,493.0199890136719,112600
29-05-2025,497.6900024414063,497.6900024414063,480.5199890136719,483.0400085449219,94600
30-05-2025,480.7300109863281,482.7799987792969,473.2900085449219,477.2999877929688,83700
02-06-2025,477.8500061035156,477.8500061035156,460.260009765625,473.3900146484375,172700
03-06-2025,471.0799865722656,488.510009765625,468.6000061035156,488.510009765625,375900
04-06-2025,490.9500122070313,491.6499938964844,479.8999938964844,487.0499877929688,393600
05-06-2025,487.2099914550781,490.5,470.0,474.5299987792969,393400
06-06-2025,479.5299987792969,505.6099853515625,479.5299987792969,505.6000061035156,162800
09-06-2025,505.6000061035156,511.989990234375,501.5,506.7099914550781,389100
10-06-2025,509.5799865722656,512.0399780273438,503.2099914550781,510.9800109863281,301800
11-06-2025,513.1099853515625,524.4400024414062,510.0,513.1500244140625,257100
12-06-2025,508.0700073242188,508.3500061035156,499.1199951171875,499.5400085449219,218800
13-06-2025,492.7000122070313,501.8999938964844,484.6799926757813,484.7099914550781,152400
16-06-2025,489.9200134277344,503.1000061035156,489.9200134277344,496.0899963378906,99800
17-06-2025,489.9200134277344,501.9700012207031,489.9200134277344,499.8800048828125,161000
18-06-2025,501.0,510.260009765625,499.010009765625,503.989990234375,111300
20-06-2025,504.1799926757813,506.7000122070313,499.4500122070313,502.25,303800
23-06-2025,501.3699951171875,506.2000122070313,486.2000122070313,500.3500061035156,165800
24-06-2025,501.30999755859375,515.0,501.30999755859375,509.9700012207031,366600
25-06-2025,511.6400146484375,511.9500122070313,499.6400146484375,509.239990234375,302100
26-06-2025,513.8300170898438,515.9299926757812,506.2799987792969,508.7000122070313,217300
27-06-2025,512.47998046875,513.989990234375,499.2200012207031,502.6600036621094,238500
30-06-2025,505.5799865722656,513.0399780273438,498.8299865722656,509.4299926757813,336300
01-07-2025,505.8200073242188,530.1500244140625,503.1400146484375,529.4099731445312,199900
02-07-2025,530.780029296875,549.75,529.4600219726562,543.739990234375,268500
03-07-2025,545.4000244140625,545.4000244140625,524.1699829101562,530.5700073242188,185400
07-07-2025,529.6400146484375,534.72998046875,524.2100219726562,531.9500122070312,279800
08-07-2025,532.9400024414062,537.3300170898438,525.530029296875,525.72998046875,94600
09-07-2025,527.4099731445312,529.8699951171875,516.8900146484375,521.27001953125,118600
10-07-2025,518.5499877929688,533.0800170898438,518.5499877929688,530.4600219726562,86800
11-07-2025,528.1599731445312,528.1599731445312,514.4199829101562,515.239990234375,204300
14-07-2025,515.6599731445312,515.6599731445312,506.4299926757813,514.219970703125,82200
15-07-2025,513.75,513.75,500.3800048828125,501.1099853515625,54300
16-07-2025,505.8999938964844,506.7999877929688,493.2099914550781,501.8800048828125,72500
17-07-2025,499.8599853515625,506.1300048828125,498.05999755859375,505.05999755859375,101400
18-07-2025,508.75,508.75,490.0700073242188,498.7900085449219,63000
21-07-2025,503.7799987792969,506.8699951171875,498.0199890136719,504.9400024414063,87400
22-07-2025,507.3500061035156,521.2999877929688,506.0,519.0399780273438,90500
23-07-2025,522.0,533.7000122070312,520.1300048828125,533.47998046875,72700
24-07-2025,529.7999877929688,529.7999877929688,513.489990234375,513.489990234375,57100
25-07-2025,515.02001953125,520.47998046875,509.3900146484375,520.469970703125,63400
28-07-2025,520.25,520.25,511.0299987792969,515.3300170898438,47200
29-07-2025,517.1799926757812,520.2000122070312,513.9600219726562,515.8800048828125,65600
30-07-2025,515.8800048828125,519.7899780273438,499.3599853515625,504.5499877929688,65100
31-07-2025,504.5499877929688,505.5,488.739990234375,490.2799987792969,147900
01-08-2025,450.0,472.489990234375,433.7300109863281,447.510009765625,290400
04-08-2025,452.1000061035156,456.7999877929688,447.6400146484375,448.2000122070313,144100
05-08-2025,448.0799865722656,460.8699951171875,448.0799865722656,450.9400024414063,133400
06-08-2025,448.7300109863281,469.3399963378906,448.7300109863281,465.1000061035156,139700
07-08-2025,468.989990234375,470.0899963378906,461.8599853515625,463.30999755859375,114900
08-08-2025,465.0,467.2000122070313,461.260009765625,463.1700134277344,124000
11-08-2025,463.1499938964844,467.6400146484375,461.760009765625,463.9200134277344,97400
12-08-2025,468.989990234375,478.4500122070313,466.1700134277344,478.3900146484375,127200
13-08-2025,479.0499877929688,491.6000061035156,479.0499877929688,488.1099853515625,65300
14-08-2025,482.5,483.010009765625,475.3399963378906,477.6600036621094,97400
15-08-2025,479.2900085449219,480.5400085449219,473.3599853515625,474.739990234375,93200
18-08-2025,473.5700073242188,477.4599914550781,471.25,474.55999755859375,74500
19-08-2025,476.9599914550781,476.9599914550781,471.5199890136719,476.75,96300
20-08-2025,476.4100036621094,483.9500122070313,473.1199951171875,481.5199890136719,102800
21-08-2025,480.989990234375,484.9800109863281,474.4800109863281,482.239990234375,87600
22-08-2025,484.0,508.5199890136719,484.0,506.489990234375,142200
25-08-2025,502.0,518.4500122070312,493.0400085449219,512.3300170898438,217400
26-08-2025,510.239990234375,523.3300170898438,503.8900146484375,521.7100219726562,175900
27-08-2025,518.3900146484375,525.0,509.3399963378906,510.2699890136719,84900
28-08-2025,511.9100036621094,512.1099853515625,506.4299926757813,510.010009765625,63700
29-08-2025,511.7699890136719,515.0800170898438,505.3800048828125,514.72998046875,74400
02-09-2025,509.239990234375,512.989990234375,501.1099853515625,512.1199951171875,73600
03-09-2025,509.8800048828125,523.9000244140625,509.8800048828125,519.7000122070312,160400
04-09-2025,518.5399780273438,521.4400024414062,513.1599731445312,520.72998046875,93500
05-09-2025,521.72998046875,530.9000244140625,513.1599731445312,522.6099853515625,79800
08-09-2025,523.6900024414062,523.6900024414062,510.7000122070313,513.1699829101562,80600
09-09-2025,513.0800170898438,523.739990234375,507.4100036621094,518.75,82400
10-09-2025,517.25,523.7899780273438,511.0299987792969,516.4099731445312,124500
11-09-2025,516.47998046875,526.4000244140625,512.9099731445312,525.0,119100
12-09-2025,523.3200073242188,523.3200073242188,473.3200073242188,474.4400024414063,272600
15-09-2025,478.5199890136719,504.2000122070313,478.5199890136719,502.0499877929688,157100
16-09-2025,501.8399963378906,504.55999755859375,491.7799987792969,501.0,67800
17-09-2025,505.1900024414063,515.0700073242188,499.6900024414063,504.3599853515625,112400
18-09-2025,509.6099853515625,511.760009765625,494.739990234375,504.2699890136719,90800
19-09-2025,507.30999755859375,511.010009765625,503.6400146484375,507.2900085449219,214900
22-09-2025,502.8800048828125,502.8800048828125,490.0,496.3699951171875,77200
23-09-2025,496.3699951171875,504.5400085449219,481.0,492.010009765625,58700
24-09-2025,494.9299926757813,494.9299926757813,482.5899963378906,485.2999877929688,48600
25-09-2025,469.5499877929688,472.4400024414063,448.8999938964844,466.3999938964844,208100
26-09-2025,469.5299987792969,469.5299987792969,456.4700012207031,458.4599914550781,144400
29-09-2025,461.0199890136719,461.0199890136719,444.2699890136719,449.7000122070313,175100
30-09-2025,451.739990234375,468.0,451.739990234375,466.9299926757813,289400
01-10-2025,466.6000061035156,486.9400024414063,466.6000061035156,479.2799987792969,209000
02-10-2025,481.7300109863281,484.510009765625,471.9599914550781,480.1900024414063,99300
03-10-2025,479.0899963378906,488.0,479.0899963378906,485.8599853515625,101900
06-10-2025,486.6700134277344,496.75,480.010009765625,492.2799987792969,113100
07-10-2025,490.9500122070313,494.4200134277344,485.0,492.9800109863281,78600
08-10-2025,495.9800109863281,515.47998046875,490.0,513.1400146484375,150400
09-10-2025,514.989990234375,515.4500122070312,489.0700073242188,492.8699951171875,138800
10-10-2025,496.8399963378906,496.8399963378906,475.4599914550781,478.7000122070313,122700
13-10-2025,481.9299926757813,490.5700073242188,480.1600036621094,488.1400146484375,99900
14-10-2025,482.0899963378906,509.2000122070313,482.0899963378906,504.25,84500
15-10-2025,510.0,510.8900146484375,490.0799865722656,491.1199951171875,213100
16-10-2025,491.1000061035156,492.9400024414063,469.80999755859375,475.760009765625,122500
17-10-2025,478.25,499.9800109863281,478.25,491.3200073242188,118700
20-10-2025,492.8599853515625,506.2699890136719,490.6700134277344,494.4100036621094,64200
21-10-2025,494.4100036621094,514.8400268554688,494.4100036621094,501.8200073242188,113200
22-10-2025,498.2999877929688,504.6000061035156,489.6700134277344,501.3900146484375,106100
23-10-2025,500.0,501.8399963378906,490.2999877929688,499.8999938964844,159400
24-10-2025,499.5400085449219,515.8800048828125,499.3999938964844,506.55999755859375,84000
27-10-2025,506.6600036621094,510.7799987792969,499.5400085449219,503.1099853515625,121500
28-10-2025,493.6600036621094,500.0,477.80999755859375,494.1700134277344,149500
29-10-2025,493.9800109863281,493.9800109863281,455.0299987792969,459.2900085449219,305900
30-10-2025,458.2300109863281,465.9400024414063,451.1099853515625,452.3800048828125,222300
31-10-2025,471.1099853515625,480.3299865722656,444.8699951171875,447.3399963378906,301000
03-11-2025,445.3299865722656,463.260009765625,438.1799926757813,456.989990234375,200200
04-11-2025,449.4800109863281,451.9100036621094,425.1499938964844,429.760009765625,283900
05-11-2025,433.1700134277344,454.2699890136719,428.75,451.3900146484375,165100
06-11-2025,454.7000122070313,464.5299987792969,401.8999938964844,416.4700012207031,411100
07-11-2025,409.8699951171875,430.2200012207031,405.0499877929688,422.3500061035156,199900
10-11-2025,430.0,445.7000122070313,426.6499938964844,433.0,248300
11-11-2025,436.5299987792969,444.7000122070313,433.6499938964844,439.8200073242188,160300
12-11-2025,439.0,452.30999755859375,439.0,445.0,153300
13-11-2025,445.0,451.510009765625,438.260009765625,440.239990234375,111600
14-11-2025,431.8699951171875,445.6199951171875,431.0,441.2999877929688,106200
17-11-2025,439.0,440.0,416.7999877929688,421.1000061035156,114900
18-11-2025,418.5499877929688,427.5299987792969,415.3599853515625,423.5199890136719,80400
19-11-2025,425.0,432.1799926757813,420.0,423.6799926757813,97000
20-11-2025,425.0,430.3999938964844,410.9700012207031,411.0400085449219,78500
21-11-2025,413.9500122070313,435.8800048828125,413.9500122070313,428.1000061035156,128100
24-11-2025,428.5,440.5700073242188,425.80999755859375,439.6099853515625,114000
25-11-2025,440.2200012207031,451.3999938964844,440.0,448.2300109863281,82900
26-11-2025,448.2300109863281,456.7900085449219,445.0700073242188,450.5700073242188,76700
28-11-2025,450.6799926757813,462.8399963378906,447.5799865722656,461.9700012207031,86000
01-12-2025,453.6900024414063,464.5700073242188,449.9700012207031,460.1799926757813,105100
02-12-2025,462.1099853515625,473.3999938964844,453.8599853515625,466.239990234375,121200
03-12-2025,463.0,474.6799926757813,457.7000122070313,474.4100036621094,105600
04-12-2025,471.2999877929688,472.2099914550781,455.4299926757813,460.9299926757813,110400
05-12-2025,463.8399963378906,467.3599853515625,456.3200073242188,464.6799926757813,85900
08-12-2025,462.1199951171875,462.4800109863281,448.9400024414063,461.2900085449219,143600
09-12-2025,461.0,463.1300048828125,454.05999755859375,460.6199951171875,74900
10-12-2025,459.2999877929688,476.7099914550781,458.9500122070313,475.1600036621094,82200
11-12-2025,473.3500061035156,485.0,466.0400085449219,477.4700012207031,61000
12-12-2025,478.1900024414063,478.1900024414063,467.1900024414063,472.2099914550781,72300
15-12-2025,471.8800048828125,474.1000061035156,457.5799865722656,464.0400085449219,136200
16-12-2025,466.510009765625,469.7799987792969,454.1400146484375,454.8699951171875,97700
17-12-2025,460.0400085449219,468.3900146484375,455.0,456.9400024414063,132700
18-12-2025,463.989990234375,467.3599853515625,457.2699890136719,457.2699890136719,81200
19-12-2025,455.0,465.9100036621094,450.4700012207031,462.1099853515625,191300
22-12-2025,466.7999877929688,471.75,462.0299987792969,463.8500061035156,85300
23-12-2025,463.8999938964844,467.0,457.1300048828125,460.9800109863281,110600
24-12-2025,461.1099853515625,463.3999938964844,450.8800048828125,457.3299865722656,56000
26-12-2025,459.1199951171875,462.0799865722656,453.0,457.2300109863281,68900
29-12-2025,453.80999755859375,459.6700134277344,449.7799987792969,455.4700012207031,104200
30-12-2025,454.510009765625,460.010009765625,450.3299865722656,450.3299865722656,85900
31-12-2025,450.0,452.4200134277344,441.4800109863281,443.4599914550781,143200
02-01-2026,444.4100036621094,454.5700073242188,439.239990234375,453.9200134277344,182700
05-01-2026,455.5499877929688,470.6700134277344,455.0,460.239990234375,177100
06-01-2026,461.7000122070313,471.2200012207031,456.989990234375,465.6400146484375,166900
07-01-2026,465.8200073242188,467.0299987792969,450.5299987792969,460.5799865722656,144100
08-01-2026,471.3699951171875,483.7200012207031,462.75,466.2200012207031,229600
09-01-2026,466.8800048828125,478.7200012207031,461.6499938964844,476.3200073242188,152600
12-01-2026,468.6400146484375,474.0199890136719,451.0,466.010009765625,169300
13-01-2026,467.239990234375,468.6600036621094,456.8999938964844,461.5799865722656,142600
14-01-2026,458.6300048828125,477.8500061035156,455.0,475.30999755859375,154600
15-01-2026,476.2200012207031,479.4200134277344,466.3699951171875,473.489990234375,110500
16-01-2026,474.3200073242188,478.7099914550781,469.1199951171875,472.0299987792969,92900
20-01-2026,465.1000061035156,465.4500122070313,441.0,442.25,149700
21-01-2026,444.3500061035156,447.8399963378906,435.5,441.2200012207031,134600
22-01-2026,445.5799865722656,452.80999755859375,440.9200134277344,443.9700012207031,163800
23-01-2026,441.8999938964844,448.0799865722656,439.7000122070313,445.4200134277344,89500
26-01-2026,445.4200134277344,454.5199890136719,443.1600036621094,452.9500122070313,112100
27-01-2026,450.5199890136719,452.5299987792969,433.010009765625,437.7200012207031,177200
28-01-2026,441.0,445.3200073242188,431.7099914550781,433.4299926757813,142400
29-01-2026,437.9500122070313,451.4299926757813,434.2200012207031,451.239990234375,240900
30-01-2026,485.0,501.7300109863281,467.4299926757813,498.239990234375,313000
02-02-2026,490.0,515.8800048828125,489.010009765625,511.4299926757813,255900
03-02-2026,508.9800109863281,515.4600219726562,486.9599914550781,495.9700012207031,311400
04-02-2026,496.5400085449219,516.3699951171875,494.739990234375,507.260009765625,330300
05-02-2026,499.75,506.3999938964844,483.0199890136719,495.0700073242188,350300
06-02-2026,494.5199890136719,515.4199829101562,494.4400024414063,508.8999938964844,252400
09-02-2026,506.7900085449219,516.52001953125,503.2999877929688,503.5899963378906,315700
10-02-2026,507.1799926757813,517.7999877929688,503.6499938964844,507.3599853515625,226500
11-02-2026,507.3599853515625,513.530029296875,494.9299926757813,510.7099914550781,175300
12-02-2026,513.25,515.77001953125,467.55999755859375,485.1400146484375,302900
13-02-2026,484.7300109863281,498.0199890136719,477.55999755859375,483.9800109863281,192400
17-02-2026,485.3599853515625,496.010009765625,476.1099853515625,491.3599853515625,287600
18-02-2026,491.3599853515625,509.6300048828125,486.25,505.5,175700
19-02-2026,505.30999755859375,507.4500122070313,480.4299926757813,485.6499938964844,191500
20-02-2026,480.9200134277344,502.0700073242188,476.6199951171875,495.3399963378906,286600
23-02-2026,494.5,497.010009765625,474.9400024414063,489.8900146484375,381600
24-02-2026,487.9700012207031,502.6400146484375,484.7000122070313,495.5299987792969,233600
25-02-2026,501.9299926757813,501.9299926757813,489.9800109863281,494.3299865722656,211800
26-02-2026,495.760009765625,501.4100036621094,486.3800048828125,486.9299926757813,168400
27-02-2026,476.6400146484375,485.7900085449219,467.6000061035156,473.1799926757813,272500
02-03-2026,461.6700134277344,482.6499938964844,461.6700134277344,482.1499938964844,176600
03-03-2026,468.0199890136719,485.7300109863281,468.0199890136719,481.2300109863281,198800
04-03-2026,482.6300048828125,496.8800048828125,470.9500122070313,490.0299987792969,428000
05-03-2026,482.8699951171875,519.0,482.8699951171875,511.2799987792969,511900
06-03-2026,500.7099914550781,511.6700134277344,491.0700073242188,497.8800048828125,384300
09-03-2026,488.25,502.8299865722656,479.4700012207031,501.5299987792969,310900
10-03-2026,500.8800048828125,507.9599914550781,492.9700012207031,499.4100036621094,259500
11-03-2026,499.8299865722656,507.1199951171875,491.8299865722656,499.8399963378906,210800
12-03-2026,489.0499877929688,507.5899963378906,488.239990234375,494.0,238300
13-03-2026,500.2900085449219,500.2900085449219,444.010009765625,447.7900085449219,305300
16-03-2026,453.2799987792969,460.3599853515625,439.2799987792969,444.5499877929688,145200
17-03-2026,451.7900085449219,470.510009765625,451.7900085449219,459.4400024414063,213200
18-03-2026,459.4400024414063,472.4800109863281,456.9299926757813,461.25,270300
19-03-2026,459.8999938964844,468.0400085449219,442.3599853515625,449.7799987792969,195100
20-03-2026,449.8999938964844,451.3500061035156,422.1600036621094,431.1799926757813,279000
23-03-2026,441.0,451.6900024414063,436.5199890136719,438.239990234375,163000
24-03-2026,432.05999755859375,453.6600036621094,425.1400146484375,439.7699890136719,99700
25-03-2026,445.4200134277344,452.2699890136719,432.9100036621094,443.9100036621094,93600
26-03-2026,439.4500122070313,449.6700134277344,438.2000122070313,442.8500061035156,89200
27-03-2026,441.4700012207031,441.4700012207031,418.989990234375,419.489990234375,123300
30-03-2026,420.8800048828125,428.1600036621094,417.3399963378906,421.8500061035156,95100
31-03-2026,428.3399963378906,438.3200073242188,420.2300109863281,423.4599914550781,229100
01-04-2026,426.3900146484375,428.1600036621094,405.0,419.6000061035156,211300
02-04-2026,412.0,428.8599853515625,405.3800048828125,416.510009765625,155500
06-04-2026,415.2799987792969,442.510009765625,415.2799987792969,441.0899963378906,150300
07-04-2026,440.989990234375,451.75,438.739990234375,444.7200012207031,126200
08-04-2026,462.3599853515625,470.510009765625,456.9800109863281,467.25,208500
09-04-2026,462.5899963378906,475.6400146484375,459.8500061035156,468.9700012207031,170200
10-04-2026,468.9700012207031,472.0899963378906,462.4400024414063,465.1499938964844,89900
13-04-2026,460.0,475.5,459.1199951171875,475.0700073242188,74600
14-04-2026,478.4700012207031,491.7900085449219,470.80999755859375,489.8399963378906,104800
15-04-2026,490.5700073242188,504.3399963378906,481.9100036621094,497.3599853515625,124200
16-04-2026,504.8200073242188,509.4100036621094,489.989990234375,494.55999755859375,177600
17-04-2026,509.989990234375,529.0999755859375,502.260009765625,527.5599975585938,286800
20-04-2026,520.2100219726562,542.739990234375,520.2100219726562,542.7100219726562,177600
21-04-2026,538.8099975585938,543.0,520.9500122070312,521.22998046875,141300
22-04-2026,523.260009765625,530.52001953125,517.1500244140625,526.760009765625,103000
23-04-2026,522.6199951171875,534.0999755859375,512.0,517.75,82800
24-04-2026,518.6699829101562,518.7899780273438,506.9100036621094,514.1099853515625,76400
27-04-2026,515.3400268554688,521.030029296875,511.25,515.239990234375,89800
28-04-2026,517.4600219726562,522.3800048828125,510.0,516.7899780273438,130700
29-04-2026,515.4600219726562,516.02001953125,496.6700134277344,500.6199951171875,102500
30-04-2026,499.9700012207031,509.8999938964844,495.6000061035156,504.9100036621094,119200
01-05-2026,507.1499938964844,511.6199951171875,497.1499938964844,504.8399963378906,79400
04-05-2026,505.3800048828125,515.3499755859375,498.5,507.0,116700
05-05-2026,506.489990234375,528.260009765625,505.989990234375,525.6699829101562,205400
06-05-2026,545.0,565.1400146484375,533.969970703125,539.9299926757812,303000
07-05-2026,545.5499877929688,545.5499877929688,519.4099731445312,522.8699951171875,154000
08-05-2026,526.9099731445312,533.239990234375,510.0,533.1500244140625,199000
11-05-2026,535.3200073242188,538.3499755859375,517.6599731445312,521.739990234375,193200
12-05-2026,520.6099853515625,529.4600219726562,512.9299926757812,526.719970703125,188500
13-05-2026,523.3300170898438,530.739990234375,520.3200073242188,525.0,136200
14-05-2026,530.9000244140625,549.75,525.02001953125,546.6599731445312,218500
15-05-2026,546.280029296875,549.2999877929688,540.9299926757812,547.8099975585938,145300
18-05-2026,549.989990234375,559.8300170898438,545.5,555.4299926757812,201700
19-05-2026,554.5800170898438,555.969970703125,545.0,547.9299926757812,119000
20-05-2026,550.9400024414062,562.9400024414062,541.0,557.9400024414062,103900
21-05-2026,550.469970703125,556.9199829101562,529.0800170898438,547.97998046875,118300
22-05-2026,547.280029296875,552.6900024414062,542.6500244140625,544.7999877929688,66600
26-05-2026,546.5,557.2899780273438,541.4600219726562,552.0,88900
27-05-2026,556.0999755859375,564.9500122070312,550.5900268554688,552.7899780273438,100700
28-05-2026,551.719970703125,563.4400024414062,542.52001953125,560.4099731445312,166500
29-05-2026,560.7999877929688,579.7999877929688,558.5,573.6400146484375,239100
01-06-2026,570.9000244140625,576.719970703125,560.760009765625,561.6699829101562,126300
02-06-2026,557.0,557.8699951171875,536.5499877929688,541.9400024414062,186800
03-06-2026,541.75,553.1199951171875,533.1099853515625,541.5800170898438,98100
04-06-2026,545.239990234375,555.22998046875,536.530029296875,548.4000244140625,68800
05-06-2026,544.0700073242188,548.5,540.3900146484375,544.7100219726562,80700
08-06-2026,564.1400146484375,578.4099731445312,550.8900146484375,562.6599731445312,317800
09-06-2026,567.9600219726562,579.0599975585938,557.9400024414062,569.3200073242188,197600
10-06-2026,565.9500122070312,574.6300048828125,553.77001953125,557.2100219726562,163000
11-06-2026,552.739990234375,553.8699951171875,525.0999755859375,548.8499755859375,198400
12-06-2026,549.6799926757812,560.0,545.3300170898438,548.1500244140625,151000
15-06-2026,554.8099975585938,576.3499755859375,552.1599731445312,572.7899780273438,180600
16-06-2026,575.8699951171875,583.8599853515625,572.2100219726562,574.0999755859375,142500
17-06-2026,571.6900024414062,588.7100219726562,562.8800048828125,563.3200073242188,172500
18-06-2026,563.6900024414062,584.3200073242188,563.02001953125,579.72998046875,1000700
22-06-2026,576.0800170898438,583.0399780273438,572.8599853515625,577.530029296875,128700
23-06-2026,571.6599731445312,596.0,568.0399780273438,589.969970703125,169800
24-06-2026,590.0,605.469970703125,590.0,602.1400146484375,224100
25-06-2026,613.0,630.6400146484375,605.1900024414062,623.7000122070312,257900
26-06-2026,619.6099853515625,638.5499877929688,611.719970703125,628.8599853515625,208800
29-06-2026,627.469970703125,640.2999877929688,620.7899780273438,638.22998046875,137600
30-06-2026,639.0,645.0,631.77001953125,636.739990234375,110300
01-07-2026,642.0999755859375,663.4299926757812,631.4099731445312,655.719970703125,159700
02-07-2026,655.0,666.239990234375,646.469970703125,657.1199951171875,169400
06-07-2026,657.219970703125,668.8599853515625,655.0,657.2000122070312,162400
07-07-2026,661.6900024414062,667.0999755859375,641.3699951171875,646.5800170898438,145100
08-07-2026,646.5800170898438,646.5800170898438,618.5800170898438,628.9600219726562,121900
09-07-2026,628.9600219726562,632.9299926757812,617.02001953125,627.1099853515625,117700
10-07-2026,634.9400024414062,635.5800170898438,624.5599975585938,625.969970703125,268600
13-07-2026,625.0,639.739990234375,621.6300048828125,626.1300048828125,91700
14-07-2026,626.1300048828125,631.4400024414062,617.2999877929688,617.780029296875,134300
15-07-2026,624.1300048828125,624.1300048828125,604.1500244140625,616.280029296875,118100
16-07-2026,613.02001953125,642.1599731445312,600.0,637.5499877929688,121600
17-07-2026,629.4600219726562,640.719970703125,629.02001953125,640.0,77300
20-07-2026,640.1300048828125,642.3200073242188,615.02001953125,615.75,188400
21-07-2026,618.1599731445312,621.8400268554688,601.989990234375,618.47998046875,97800
22-07-2026,619.6300048828125,624.469970703125,602.9500122070312,606.219970703125,159700
23-07-2026,600.7899780273438,618.1599731445312,580.25,592.5700073242188,119500
24-07-2026,592.5800170898438,596.9199829101562,571.6900024414062,574.0800170898438,181900
27-07-2026,575.3499755859375,583.5399780273438,552.4000244140625,552.72998046875,139100
28-07-2026,552.72998046875,562.1799926757812,547.3900146484375,558.5499877929688,145200
29-07-2026,555.8300170898438,572.25,553.5700073242188,556.7100219726562,158600
30-07-2026,557.5599975585938,562.5499877929688,551.0,555.6699829101562,123900
31-07-2026,554.3699951171875,572.52001953125,550.2000122070312,568.9099731445312,87100
03-08-2026,569.0,582.3900146484375,569.0,572.969970703125,121000
04-08-2026,568.469970703125,588.8099975585938,561.7999877929688,587.8499755859375,121400
05-08-2026,593.9600219726562,621.52001953125,579.9500122070312,592.52001953125,176000
06-08-2026,592.6799926757812,610.9400024414062,579.4400024414062,581.2999877929688,94700
07-08-2026,583.75,585.5800170898438,574.9000244140625,585.5800170898438,116000
10-08-2026,583.3599853515625,590.5700073242188,576.7899780273438,581.25,95600
11-08-2026,579.3499755859375,584.8699951171875,569.8699951171875,572.2100219726562,142600
12-08-2026,575.4500122070312,579.489990234375,563.6599731445312,577.25,131000
13-08-2026,587.0999755859375,590.5499877929688,573.7000122070312,582.8900146484375,92600
14-08-2026,585.0900268554688,593.989990234375,577.0399780273438,587.27001953125,82100
17-08-2026,585.3300170898438,585.3300170898438,570.4500122070312,573.0900268554688,82700
18-08-2026,570.3099975585938,579.5999755859375,570.219970703125,570.5399780273438,86500
19-08-2026,574.8499755859375,584.5399780273438,574.8499755859375,583.0499877929688,100400
20-08-2026,581.9099731445312,593.0599975585938,574.8699951171875,585.8800048828125,138900
21-08-2026,588.8900146484375,606.0999755859375,588.8900146484375,601.0499877929688,126200
24-08-2026,601.0499877929688,607.6699829101562,594.8499755859375,603.0700073242188,94300
25-08-2026,608.9400024414062,610.0,597.1099853515625,604.260009765625,68000
26-08-2026,603.0599975585938,609.3200073242188,593.6300048828125,593.6400146484375,174000
27-08-2026,594.0999755859375,605.780029296875,593.3400268554688,600.47998046875,111000
28-08-2026,604.6699829101562,610.0,589.9500122070312,594.8900146484375,145600
31-08-2026,591.530029296875,603.0399780273438,591.530029296875,599.739990234375,105900
01-09-2026,596.5,603.510009765625,589.3599853515625,594.1799926757812,146400
02-09-2026,599.489990234375,611.1199951171875,592.6199951171875,607.77001953125,89600
03-09-2026,609.0,620.9600219726562,599.9099731445312,601.5800170898438,98500
04-09-2026,600.6699829101562,611.02001953125,598.260009765625,604.719970703125,59500
08-09-2026,596.5700073242188,602.1500244140625,590.989990234375,593.780029296875,156400
09-09-2026,593.52001953125,601.22998046875,589.7999877929688,596.989990234375,94200
10-09-2026,594.4600219726562,605.5999755859375,594.4500122070312,605.4600219726562,76200
11-09-2026,609.989990234375,611.6300048828125,599.1099853515625,604.239990234375,58500
14-09-2026,605.52001953125,607.3900146484375,601.3900146484375,605.3599853515625,63900
15-09-2026,605.0,605.0,590.5900268554688,600.1099853515625,89200
16-09-2026,600.5800170898438,612.5900268554688,597.2100219726562,601.5399780273438,109400
17-09-2026,609.0,609.0,580.75,590.41,176300
18-09-2026,592.54,595.0,565.15,578.29,279700
21-09-2026,580.65,583.13,562.37,564.27,146300
22-09-2026,570.78,580.9,551.87,562.34,172300
23-09-2026,562.82,562.82,546.3,555.13,120100
24-09-2026,550.0,558.48,544.2,547.4,146300
25-09-2026,551.44,563.05,547.59,555.68,140500
28-09-2026,555.48,555.48,541.61,550.0,89200
29-09-2026,551.48,555.15,530.33,537.1,107700
30-09-2026,535.1,539.73,525.69,531.0,105800
01-10-2026,528.88,531.29,506.55,511.95,231500
02-10-2026,520.17,537.07,520.0,527.5,122000
05-10-2026,527.95,539.12,524.88,531.35,130500
