Date,Open,High,Low,Close,Volume
30-09-2021,38.2599983215332,38.58000183105469,37.790000915527344,37.810001373291016,276200
01-10-2021,37.970001220703125,38.209999084472656,37.22999954223633,37.540000915527344,285200
04-10-2021,37.560001373291016,38.27000045776367,37.279998779296875,38.25,270800
05-10-2021,38.31999969482422,39.2400016784668,38.060001373291016,39.06999969482422,246200
06-10-2021,38.5099983215332,38.849998474121094,38.13999938964844,38.70000076293945,228500
07-10-2021,38.97999954223633,38.97999954223633,38.06999969482422,38.18000030517578,427600
08-10-2021,38.08000183105469,38.41999816894531,37.47999954223633,37.7599983215332,360000
11-10-2021,37.7599983215332,38.43000030517578,37.33000183105469,37.4900016784668,573100
12-10-2021,37.529998779296875,37.75,35.11000061035156,35.11000061035156,298100
13-10-2021,34.970001220703125,35.619998931884766,34.4900016784668,35.61000061035156,331100
14-10-2021,36.150001525878906,36.63999938964844,35.7400016784668,36.5099983215332,260600
15-10-2021,37.02000045776367,37.400001525878906,36.38999938964844,36.40999984741211,324800
18-10-2021,36.220001220703125,36.90999984741211,36.0,36.54999923706055,259800
19-10-2021,36.869998931884766,37.560001373291016,36.2599983215332,36.31999969482422,286800
20-10-2021,36.470001220703125,36.52000045776367,35.77000045776367,35.79999923706055,166400
21-10-2021,35.779998779296875,36.7400016784668,35.58000183105469,36.72999954223633,210000
22-10-2021,36.70000076293945,36.84000015258789,36.09000015258789,36.79999923706055,169100
25-10-2021,36.720001220703125,37.59000015258789,36.38999938964844,37.529998779296875,227500
26-10-2021,37.52000045776367,37.849998474121094,36.97999954223633,37.189998626708984,254700
27-10-2021,37.119998931884766,37.41999816894531,36.77000045776367,37.310001373291016,229100
28-10-2021,37.27000045776367,38.04999923706055,36.77000045776367,38.029998779296875,235100
29-10-2021,37.779998779296875,38.029998779296875,36.349998474121094,36.93000030517578,494400
01-11-2021,36.869998931884766,39.060001373291016,36.70000076293945,38.869998931884766,264000
02-11-2021,38.709999084472656,39.08000183105469,34.79999923706055,34.90999984741211,649600
03-11-2021,34.470001220703125,36.47999954223633,34.20000076293945,36.2400016784668,388000
04-11-2021,34.790000915527344,34.790000915527344,30.170000076293945,30.420000076293945,1393300
05-11-2021,30.15999984741211,32.13999938964844,30.049999237060547,31.860000610351562,985700
08-11-2021,31.829999923706055,33.45000076293945,31.790000915527344,32.81999969482422,563200
09-11-2021,32.84000015258789,33.72999954223633,32.4900016784668,33.52000045776367,479400
10-11-2021,34.0,35.119998931884766,33.52000045776367,33.84000015258789,807200
11-11-2021,34.0,34.09000015258789,33.22999954223633,33.34000015258789,223600
12-11-2021,33.2599983215332,33.29999923706055,32.7400016784668,32.900001525878906,314000
15-11-2021,33.060001373291016,33.25,32.18000030517578,32.68000030517578,329200
16-11-2021,32.470001220703125,32.540000915527344,32.040000915527344,32.310001373291016,314000
17-11-2021,32.13999938964844,32.36000061035156,31.350000381469727,31.729999542236328,350000
18-11-2021,31.520000457763672,31.8799991607666,30.149999618530273,30.479999542236328,354900
19-11-2021,30.010000228881836,30.75,30.010000228881836,30.610000610351562,321700
22-11-2021,30.670000076293945,31.299999237060547,30.389999389648438,30.780000686645508,320700
23-11-2021,30.75,31.170000076293945,30.260000228881836,31.010000228881836,452900
24-11-2021,30.8700008392334,32.029998779296875,30.799999237060547,31.719999313354492,278000
26-11-2021,30.850000381469727,31.34000015258789,29.940000534057617,30.65999984741211,207600
29-11-2021,31.25,31.40999984741211,29.479999542236328,29.84000015258789,346200
30-11-2021,29.389999389648438,30.09000015258789,29.31999969482422,29.670000076293945,580400
01-12-2021,30.40999984741211,30.760000228881836,28.829999923706055,28.829999923706055,405200
02-12-2021,28.799999237060547,29.290000915527344,28.40999984741211,28.559999465942383,432300
03-12-2021,28.600000381469727,29.219999313354492,27.75,29.1200008392334,559000
06-12-2021,29.719999313354492,30.940000534057617,29.100000381469727,30.350000381469727,605200
07-12-2021,30.780000686645508,31.559999465942383,30.579999923706055,31.06999969482422,549300
08-12-2021,31.1200008392334,31.790000915527344,30.770000457763672,31.700000762939453,411500
09-12-2021,31.149999618530273,31.31999969482422,30.34000015258789,30.389999389648438,248900
10-12-2021,30.6200008392334,30.780000686645508,29.899999618530273,30.149999618530273,405600
13-12-2021,29.889999389648438,30.420000076293945,29.579999923706055,29.940000534057617,219200
14-12-2021,29.899999618530273,30.360000610351562,29.190000534057617,29.25,248400
15-12-2021,29.049999237060547,29.34000015258789,28.260000228881836,29.06999969482422,448200
16-12-2021,29.260000228881836,29.309999465942383,27.950000762939453,28.229999542236328,510300
17-12-2021,28.059999465942383,28.579999923706055,27.479999542236328,28.209999084472656,879100
20-12-2021,27.690000534057617,27.75,26.65999984741211,27.56999969482422,405600
21-12-2021,27.979999542236328,29.299999237060547,27.700000762939453,29.170000076293945,404100
22-12-2021,29.09000015258789,29.90999984741211,29.09000015258789,29.389999389648438,173200
23-12-2021,29.579999923706055,30.1299991607666,29.299999237060547,30.020000457763672,372800
27-12-2021,30.15999984741211,30.440000534057617,29.860000610351562,30.399999618530273,232100
28-12-2021,30.06999969482422,30.309999465942383,29.719999313354492,29.81999969482422,348000
29-12-2021,29.729999542236328,29.850000381469727,28.8700008392334,29.15999984741211,240900
30-12-2021,28.989999771118164,30.059999465942383,28.93000030517578,29.6299991607666,157500
31-12-2021,29.459999084472656,29.979999542236328,29.459999084472656,29.559999465942383,100500
03-01-2022,29.899999618530273,30.75,29.690000534057617,30.649999618530273,299200
04-01-2022,30.799999237060547,31.510000228881836,30.549999237060547,31.5,278800
05-01-2022,31.610000610351562,32.08000183105469,30.610000610351562,30.639999389648438,350300
06-01-2022,30.6299991607666,31.81999969482422,30.559999465942383,30.579999923706055,451900
07-01-2022,30.530000686645508,31.030000686645508,30.15999984741211,30.18000030517578,341600
10-01-2022,30.18000030517578,30.34000015258789,29.899999618530273,30.209999084472656,217000
11-01-2022,30.0,30.68000030517578,29.860000610351562,30.530000686645508,205200
12-01-2022,30.770000457763672,30.790000915527344,29.200000762939453,29.489999771118164,284100
13-01-2022,29.56999969482422,30.020000457763672,29.219999313354492,29.420000076293945,207100
14-01-2022,29.200000762939453,29.739999771118164,29.200000762939453,29.700000762939453,196000
18-01-2022,29.399999618530273,29.84000015258789,29.280000686645508,29.3700008392334,256600
19-01-2022,29.3700008392334,29.5,28.520000457763672,28.579999923706055,244100
20-01-2022,28.610000610351562,29.639999389648438,28.239999771118164,28.290000915527344,257500
21-01-2022,28.270000457763672,28.860000610351562,27.8700008392334,27.899999618530273,238000
24-01-2022,29.530000686645508,31.8700008392334,29.510000228881836,31.709999084472656,1206800
25-01-2022,31.43000030517578,31.489999771118164,29.90999984741211,30.5,466700
26-01-2022,30.790000915527344,31.079999923706055,29.350000381469727,29.65999984741211,420400
27-01-2022,29.549999237060547,29.829999923706055,28.219999313354492,28.549999237060547,284300
28-01-2022,28.600000381469727,28.600000381469727,27.510000228881836,28.479999542236328,279700
31-01-2022,28.100000381469727,29.420000076293945,28.0,29.420000076293945,344000
01-02-2022,29.459999084472656,29.6299991607666,28.719999313354492,29.3700008392334,343000
02-02-2022,29.43000030517578,29.43000030517578,28.450000762939453,28.579999923706055,284700
03-02-2022,28.229999542236328,28.5,27.790000915527344,27.979999542236328,236500
04-02-2022,27.799999237060547,28.34000015258789,27.469999313354492,28.219999313354492,163000
07-02-2022,28.290000915527344,28.68000030517578,28.030000686645508,28.299999237060547,162700
08-02-2022,28.360000610351562,29.020000457763672,28.360000610351562,28.75,357600
09-02-2022,23.93000030517578,25.440000534057617,23.690000534057617,24.700000762939453,1934800
10-02-2022,24.3700008392334,24.850000381469727,22.549999237060547,22.770000457763672,1213200
11-02-2022,23.959999084472656,25.020000457763672,23.579999923706055,23.760000228881836,827200
14-02-2022,23.799999237060547,24.309999465942383,23.190000534057617,23.489999771118164,523700
15-02-2022,24.3700008392334,24.8799991607666,23.6299991607666,23.690000534057617,590100
16-02-2022,23.3799991607666,23.90999984741211,22.969999313354492,23.100000381469727,474200
17-02-2022,22.690000534057617,22.989999771118164,20.270000457763672,21.100000381469727,1323100
18-02-2022,21.149999618530273,21.729999542236328,20.760000228881836,20.829999923706055,909500
22-02-2022,20.639999389648438,21.0,20.3700008392334,20.43000030517578,693700
23-02-2022,20.549999237060547,20.790000915527344,19.739999771118164,19.739999771118164,429100
24-02-2022,19.479999542236328,20.190000534057617,19.139999389648438,20.1200008392334,439900
25-02-2022,20.170000076293945,20.84000015258789,19.770000457763672,20.770000457763672,414000
28-02-2022,20.610000610351562,20.940000534057617,20.469999313354492,20.780000686645508,483800
01-03-2022,21.739999771118164,22.75,21.510000228881836,22.43000030517578,841500
02-03-2022,22.770000457763672,23.700000762939453,22.770000457763672,23.09000015258789,342100
03-03-2022,22.8799991607666,22.889999389648438,22.270000457763672,22.75,380300
04-03-2022,22.510000228881836,22.8700008392334,22.110000610351562,22.540000915527344,219400
07-03-2022,22.6299991607666,23.799999237060547,22.450000762939453,22.860000610351562,383400
08-03-2022,22.969999313354492,24.110000610351562,22.829999923706055,23.389999389648438,442200
09-03-2022,23.559999465942383,24.1299991607666,23.530000686645508,23.899999618530273,289600
10-03-2022,23.739999771118164,24.020000457763672,23.1200008392334,24.010000228881836,264600
11-03-2022,24.030000686645508,24.649999618530273,24.0,24.149999618530273,336100
14-03-2022,24.43000030517578,25.719999313354492,23.940000534057617,25.479999542236328,369100
15-03-2022,25.8700008392334,27.600000381469727,25.8700008392334,26.850000381469727,532200
16-03-2022,26.93000030517578,27.709999084472656,26.93000030517578,27.6200008392334,354300
17-03-2022,27.40999984741211,28.75,27.309999465942383,28.6299991607666,346200
18-03-2022,28.75,29.3799991607666,28.479999542236328,29.25,610900
21-03-2022,28.940000534057617,29.790000915527344,28.770000457763672,29.43000030517578,345400
22-03-2022,29.489999771118164,29.770000457763672,28.6200008392334,28.850000381469727,264000
23-03-2022,28.610000610351562,29.479999542236328,28.5,28.639999389648438,288600
24-03-2022,28.770000457763672,29.860000610351562,28.600000381469727,29.850000381469727,292000
25-03-2022,29.850000381469727,30.5,29.709999084472656,30.079999923706055,329700
28-03-2022,29.850000381469727,30.65999984741211,29.850000381469727,30.06999969482422,245100
29-03-2022,30.260000228881836,30.969999313354492,29.860000610351562,30.100000381469727,598700
30-03-2022,30.030000686645508,30.530000686645508,30.020000457763672,30.239999771118164,408200
31-03-2022,30.239999771118164,30.540000915527344,29.559999465942383,29.709999084472656,836900
01-04-2022,29.959999084472656,31.0,29.899999618530273,31.0,749700
04-04-2022,31.040000915527344,31.239999771118164,29.8799991607666,30.350000381469727,380200
05-04-2022,30.200000762939453,30.579999923706055,29.3799991607666,29.3799991607666,462600
06-04-2022,29.3799991607666,29.450000762939453,28.309999465942383,29.079999923706055,629800
07-04-2022,29.079999923706055,29.270000457763672,28.65999984741211,29.040000915527344,742800
08-04-2022,29.1299991607666,29.280000686645508,28.770000457763672,28.979999542236328,549700
11-04-2022,29.020000457763672,29.139999389648438,28.520000457763672,28.709999084472656,755200
12-04-2022,28.93000030517578,29.709999084472656,28.770000457763672,29.18000030517578,609500
13-04-2022,29.190000534057617,29.690000534057617,29.06999969482422,29.31999969482422,351900
14-04-2022,29.219999313354492,29.770000457763672,29.219999313354492,29.670000076293945,576600
18-04-2022,29.729999542236328,30.6200008392334,29.5,30.25,414700
19-04-2022,30.469999313354492,30.93000030517578,30.469999313354492,30.6200008392334,494800
20-04-2022,30.700000762939453,31.149999618530273,30.65999984741211,30.889999389648438,387900
21-04-2022,31.149999618530273,31.170000076293945,30.15999984741211,30.25,482700
22-04-2022,29.940000534057617,30.559999465942383,29.770000457763672,29.8799991607666,388000
25-04-2022,29.450000762939453,30.139999389648438,29.209999084472656,30.06999969482422,428300
26-04-2022,29.889999389648438,30.350000381469727,29.5,30.1200008392334,907900
27-04-2022,30.229999542236328,30.610000610351562,29.760000228881836,29.809999465942383,469700
28-04-2022,30.09000015258789,30.360000610351562,29.25,30.1299991607666,324900
29-04-2022,29.979999542236328,30.389999389648438,29.260000228881836,29.309999465942383,366500
02-05-2022,29.200000762939453,30.420000076293945,29.100000381469727,29.670000076293945,376300
03-05-2022,29.5,29.530000686645508,28.729999542236328,28.920000076293945,296400
04-05-2022,29.06999969482422,29.5,28.399999618530273,29.020000457763672,337100
05-05-2022,28.81999969482422,29.290000915527344,27.850000381469727,28.219999313354492,391000
06-05-2022,32.9900016784668,34.81999969482422,30.459999084472656,30.8700008392334,1469800
09-05-2022,30.540000915527344,32.88999938964844,30.309999465942383,31.469999313354492,594600
10-05-2022,31.700000762939453,32.41999816894531,30.889999389648438,32.18000030517578,520300
11-05-2022,32.099998474121094,32.099998474121094,30.3799991607666,30.739999771118164,417800
12-05-2022,30.790000915527344,31.75,30.18000030517578,30.790000915527344,373900
13-05-2022,30.93000030517578,31.309999465942383,30.260000228881836,30.43000030517578,355100
16-05-2022,30.18000030517578,30.6200008392334,29.610000610351562,30.389999389648438,283800
17-05-2022,30.75,31.700000762939453,30.739999771118164,31.170000076293945,552900
18-05-2022,31.149999618530273,32.540000915527344,31.1200008392334,31.700000762939453,543300
19-05-2022,31.59000015258789,32.279998779296875,31.280000686645508,31.989999771118164,422200
20-05-2022,32.22999954223633,32.22999954223633,31.260000228881836,31.850000381469727,338300
23-05-2022,31.940000534057617,32.43000030517578,31.3799991607666,31.600000381469727,455300
24-05-2022,31.010000228881836,31.510000228881836,30.510000228881836,31.479999542236328,338900
25-05-2022,31.459999084472656,32.33000183105469,30.799999237060547,31.8799991607666,279400
26-05-2022,32.279998779296875,32.38999938964844,31.489999771118164,31.639999389648438,228300
27-05-2022,31.520000457763672,32.63999938964844,31.520000457763672,32.619998931884766,244100
31-05-2022,32.439998626708984,32.709999084472656,31.920000076293945,32.619998931884766,465300
01-06-2022,32.779998779296875,33.2400016784668,32.130001068115234,33.099998474121094,479000
02-06-2022,33.29999923706055,33.79999923706055,32.97999954223633,33.61000061035156,552400
03-06-2022,33.630001068115234,34.279998779296875,33.27000045776367,34.09000015258789,559500
06-06-2022,33.880001068115234,34.72999954223633,33.29999923706055,34.58000183105469,528800
07-06-2022,34.2599983215332,35.459999084472656,34.2400016784668,35.349998474121094,527100
08-06-2022,35.060001373291016,35.099998474121094,33.52000045776367,33.9900016784668,620600
09-06-2022,33.86000061035156,34.02000045776367,33.11000061035156,33.290000915527344,342300
10-06-2022,33.040000915527344,33.13999938964844,31.940000534057617,32.0,644400
13-06-2022,31.540000915527344,31.950000762939453,30.920000076293945,31.299999237060547,758900
14-06-2022,31.399999618530273,31.969999313354492,31.18000030517578,31.690000534057617,770700
15-06-2022,31.889999389648438,32.130001068115234,31.170000076293945,31.790000915527344,577000
16-06-2022,32.099998474121094,32.5099983215332,31.030000686645508,31.1200008392334,784800
17-06-2022,31.389999389648438,32.11000061035156,30.489999771118164,31.739999771118164,1875100
21-06-2022,32.34000015258789,32.34000015258789,31.440000534057617,32.029998779296875,652900
22-06-2022,31.790000915527344,33.20000076293945,31.790000915527344,32.810001373291016,525100
23-06-2022,32.9900016784668,33.77000045776367,32.68000030517578,33.70000076293945,363600
24-06-2022,33.869998931884766,36.84000015258789,33.459999084472656,36.63999938964844,1685500
27-06-2022,36.59000015258789,36.77000045776367,35.0099983215332,36.380001068115234,508300
28-06-2022,36.54999923706055,36.900001525878906,35.189998626708984,35.31999969482422,493700
29-06-2022,35.43000030517578,35.88999938964844,35.099998474121094,35.65999984741211,451500
30-06-2022,35.31999969482422,36.34000015258789,35.02000045776367,35.970001220703125,515600
01-07-2022,35.70000076293945,36.65999984741211,35.470001220703125,36.52000045776367,407900
05-07-2022,35.880001068115234,37.5,35.810001373291016,37.45000076293945,590700
06-07-2022,36.97999954223633,37.060001373291016,36.189998626708984,36.83000183105469,427200
07-07-2022,37.0099983215332,37.47999954223633,36.70000076293945,36.939998626708984,292100
08-07-2022,36.86000061035156,38.2599983215332,36.779998779296875,38.119998931884766,757500
11-07-2022,38.150001525878906,38.150001525878906,36.91999816894531,36.93000030517578,411800
12-07-2022,37.150001525878906,38.060001373291016,36.93000030517578,37.0,346600
13-07-2022,36.70000076293945,37.86000061035156,36.310001373291016,37.68000030517578,274300
14-07-2022,37.0099983215332,37.59000015258789,36.720001220703125,37.220001220703125,194300
15-07-2022,37.68000030517578,38.7400016784668,37.45000076293945,38.599998474121094,285600
18-07-2022,38.54999923706055,39.33000183105469,38.54999923706055,38.77000045776367,206200
19-07-2022,39.06999969482422,40.0,39.06999969482422,39.630001068115234,375200
20-07-2022,39.779998779296875,40.040000915527344,39.040000915527344,39.650001525878906,335300
21-07-2022,38.84000015258789,39.68000030517578,38.66999816894531,39.08000183105469,283500
22-07-2022,38.79999923706055,39.45000076293945,38.5,39.11000061035156,468700
25-07-2022,39.15999984741211,39.540000915527344,38.939998626708984,39.189998626708984,554400
26-07-2022,39.209999084472656,40.13999938964844,39.209999084472656,39.7599983215332,281800
27-07-2022,39.939998626708984,40.54999923706055,39.630001068115234,40.220001220703125,333600
28-07-2022,40.13999938964844,40.290000915527344,39.09000015258789,39.7599983215332,350400
29-07-2022,39.81999969482422,40.599998474121094,39.77000045776367,40.099998474121094,336700
01-08-2022,40.029998779296875,40.099998474121094,39.29999923706055,39.939998626708984,362500
02-08-2022,39.91999816894531,40.369998931884766,39.7400016784668,39.869998931884766,205100
03-08-2022,39.939998626708984,40.2400016784668,39.7599983215332,39.90999984741211,191000
04-08-2022,40.18000030517578,40.18000030517578,39.060001373291016,39.220001220703125,389200
05-08-2022,38.88999938964844,39.0,37.47999954223633,38.2599983215332,513800
08-08-2022,38.459999084472656,38.84000015258789,38.09000015258789,38.5,354700
09-08-2022,38.79999923706055,39.209999084472656,38.70000076293945,39.040000915527344,342500
10-08-2022,39.45000076293945,39.45000076293945,38.650001525878906,38.7599983215332,337900
11-08-2022,39.0099983215332,39.099998474121094,37.40999984741211,37.7400016784668,640700
12-08-2022,39.29999923706055,39.5,34.45000076293945,37.56999969482422,748600
15-08-2022,37.16999816894531,38.220001220703125,36.7400016784668,37.95000076293945,323500
16-08-2022,37.5099983215332,38.0099983215332,37.22999954223633,37.7400016784668,333200
17-08-2022,37.45000076293945,38.58000183105469,37.45000076293945,38.13999938964844,233500
18-08-2022,38.119998931884766,38.4900016784668,37.27000045776367,38.349998474121094,299300
19-08-2022,38.20000076293945,39.4900016784668,38.20000076293945,39.40999984741211,293800
22-08-2022,39.18000030517578,39.66999816894531,38.75,38.88999938964844,341100
23-08-2022,38.7400016784668,39.5,38.7400016784668,39.209999084472656,259400
24-08-2022,39.599998474121094,40.0,39.2400016784668,39.7400016784668,312300
25-08-2022,39.79999923706055,41.209999084472656,39.79999923706055,41.119998931884766,330700
26-08-2022,40.970001220703125,41.400001525878906,39.72999954223633,39.75,356600
29-08-2022,39.119998931884766,39.36000061035156,38.619998931884766,38.630001068115234,237100
30-08-2022,38.68000030517578,38.939998626708984,38.11000061035156,38.15999984741211,468400
31-08-2022,38.119998931884766,38.45000076293945,37.599998474121094,37.689998626708984,392000
01-09-2022,37.31999969482422,38.61000061035156,37.189998626708984,38.029998779296875,355900
02-09-2022,38.27000045776367,38.27000045776367,36.41999816894531,36.900001525878906,373600
06-09-2022,37.040000915527344,37.52000045776367,36.61000061035156,37.189998626708984,376600
07-09-2022,37.2599983215332,38.0099983215332,37.08000183105469,37.970001220703125,405300
08-09-2022,37.61000061035156,37.7400016784668,37.209999084472656,37.540000915527344,183100
09-09-2022,37.88999938964844,38.189998626708984,37.56999969482422,37.65999984741211,207100
12-09-2022,37.77000045776367,39.349998474121094,37.77000045776367,39.34000015258789,424400
13-09-2022,38.75,39.2599983215332,37.41999816894531,37.77000045776367,282000
14-09-2022,38.040000915527344,38.40999984741211,37.33000183105469,38.150001525878906,268400
15-09-2022,37.970001220703125,38.900001525878906,37.970001220703125,38.349998474121094,310700
16-09-2022,38.09000015258789,38.189998626708984,36.79999923706055,37.27000045776367,535400
19-09-2022,36.869998931884766,38.16999816894531,36.45000076293945,37.18000030517578,245900
20-09-2022,37.0,37.540000915527344,36.90999984741211,37.22999954223633,195800
21-09-2022,37.310001373291016,37.630001068115234,36.61000061035156,36.869998931884766,239800
22-09-2022,36.59000015258789,36.77000045776367,35.7599983215332,35.959999084472656,180500
23-09-2022,35.779998779296875,35.849998474121094,34.959999084472656,35.470001220703125,253100
26-09-2022,35.369998931884766,36.31999969482422,35.04999923706055,35.33000183105469,345400
27-09-2022,35.790000915527344,36.209999084472656,35.20000076293945,35.470001220703125,350200
28-09-2022,35.66999816894531,37.939998626708984,35.58000183105469,37.619998931884766,407800
29-09-2022,37.27000045776367,37.34000015258789,36.68000030517578,37.02000045776367,238900
30-09-2022,37.150001525878906,37.65999984741211,36.400001525878906,36.45000076293945,535100
03-10-2022,36.58000183105469,36.9900016784668,36.060001373291016,36.380001068115234,270500
04-10-2022,36.849998474121094,37.95000076293945,36.849998474121094,37.75,703200
05-10-2022,37.20000076293945,37.86000061035156,37.060001373291016,37.15999984741211,735900
06-10-2022,37.029998779296875,38.130001068115234,37.029998779296875,37.47999954223633,344200
07-10-2022,37.439998626708984,37.439998626708984,36.529998779296875,36.7400016784668,399300
10-10-2022,36.88999938964844,37.52000045776367,36.459999084472656,37.33000183105469,240200
11-10-2022,37.15999984741211,37.650001525878906,36.65999984741211,37.349998474121094,625200
12-10-2022,37.38999938964844,38.68000030517578,37.209999084472656,38.20000076293945,336200
13-10-2022,37.65999984741211,38.36000061035156,37.529998779296875,37.9900016784668,397000
14-10-2022,38.15999984741211,38.470001220703125,36.279998779296875,36.31999969482422,350300
17-10-2022,36.77000045776367,37.93000030517578,36.61000061035156,37.220001220703125,403500
18-10-2022,37.72999954223633,38.7599983215332,37.72999954223633,38.65999984741211,281200
19-10-2022,38.68000030517578,39.099998474121094,37.459999084472656,37.90999984741211,283400
20-10-2022,37.849998474121094,38.7400016784668,37.709999084472656,37.880001068115234,172000
21-10-2022,38.2400016784668,38.459999084472656,37.5,38.13999938964844,208600
24-10-2022,37.939998626708984,39.04999923706055,37.939998626708984,38.59000015258789,368500
25-10-2022,38.689998626708984,40.97999954223633,38.66999816894531,40.93000030517578,486700
26-10-2022,40.97999954223633,41.31999969482422,40.2599983215332,40.470001220703125,325100
27-10-2022,40.630001068115234,41.02000045776367,40.099998474121094,40.560001373291016,377600
28-10-2022,40.939998626708984,42.22999954223633,40.849998474121094,41.810001373291016,470900
31-10-2022,41.619998931884766,41.959999084472656,41.130001068115234,41.70000076293945,320900
01-11-2022,42.61000061035156,42.75,41.439998626708984,41.65999984741211,272000
02-11-2022,41.54999923706055,42.04999923706055,41.150001525878906,41.290000915527344,747300
03-11-2022,40.75,42.220001220703125,39.81999969482422,41.86000061035156,492300
04-11-2022,41.09000015258789,43.880001068115234,39.779998779296875,42.27000045776367,550500
07-11-2022,42.349998474121094,43.61000061035156,42.279998779296875,43.0,437700
08-11-2022,43.470001220703125,44.400001525878906,43.43000030517578,44.119998931884766,692100
09-11-2022,43.90999984741211,44.189998626708984,42.58000183105469,42.689998626708984,342300
10-11-2022,43.7400016784668,44.040000915527344,42.790000915527344,42.90999984741211,320900
11-11-2022,42.970001220703125,42.970001220703125,40.47999954223633,40.54999923706055,279300
14-11-2022,40.59000015258789,40.650001525878906,39.70000076293945,39.720001220703125,317400
15-11-2022,40.459999084472656,40.84000015258789,39.689998626708984,39.72999954223633,655700
16-11-2022,39.81999969482422,41.22999954223633,39.77000045776367,40.849998474121094,417300
17-11-2022,40.5099983215332,40.849998474121094,40.04999923706055,40.529998779296875,329500
18-11-2022,41.06999969482422,41.27000045776367,40.29999923706055,40.83000183105469,286500
21-11-2022,40.95000076293945,40.95000076293945,39.95000076293945,40.38999938964844,188400
22-11-2022,40.2599983215332,41.209999084472656,40.2599983215332,40.91999816894531,253600
23-11-2022,41.06999969482422,41.15999984741211,40.380001068115234,40.470001220703125,109300
25-11-2022,40.099998474121094,40.86000061035156,40.08000183105469,40.34000015258789,67300
28-11-2022,40.04999923706055,40.91999816894531,40.04999923706055,40.68000030517578,340200
29-11-2022,40.77000045776367,40.77000045776367,40.02000045776367,40.709999084472656,169400
30-11-2022,41.0099983215332,41.7599983215332,40.380001068115234,41.599998474121094,525700
01-12-2022,41.709999084472656,41.880001068115234,40.95000076293945,41.2400016784668,187200
02-12-2022,40.56999969482422,40.779998779296875,39.189998626708984,40.43000030517578,294600
05-12-2022,40.29999923706055,40.310001373291016,38.720001220703125,39.459999084472656,261300
06-12-2022,39.70000076293945,40.04999923706055,39.27000045776367,39.470001220703125,250800
07-12-2022,39.150001525878906,39.63999938964844,38.0099983215332,38.95000076293945,367000
08-12-2022,39.130001068115234,39.400001525878906,38.380001068115234,38.7400016784668,181400
09-12-2022,38.4900016784668,39.0,37.560001373291016,37.58000183105469,207400
12-12-2022,37.52000045776367,37.61000061035156,37.18000030517578,37.529998779296875,241800
13-12-2022,38.2400016784668,38.38999938964844,36.93000030517578,37.02000045776367,275700
14-12-2022,36.97999954223633,37.29999923706055,36.599998474121094,36.81999969482422,265000
15-12-2022,36.58000183105469,37.41999816894531,36.36000061035156,37.08000183105469,367600
16-12-2022,36.810001373291016,36.869998931884766,35.54999923706055,36.0099983215332,2323300
19-12-2022,36.040000915527344,36.61000061035156,35.880001068115234,36.11000061035156,258000
20-12-2022,35.849998474121094,36.36000061035156,35.849998474121094,36.34000015258789,248100
21-12-2022,36.90999984741211,37.7400016784668,36.61000061035156,37.29999923706055,239800
22-12-2022,37.119998931884766,37.66999816894531,36.4900016784668,37.0,314500
23-12-2022,36.779998779296875,37.279998779296875,35.970001220703125,36.16999816894531,181000
27-12-2022,36.2599983215332,36.59000015258789,36.040000915527344,36.130001068115234,173700
28-12-2022,35.959999084472656,36.43000030517578,35.439998626708984,35.650001525878906,222100
29-12-2022,35.970001220703125,36.36000061035156,35.52000045776367,35.58000183105469,181900
30-12-2022,35.36000061035156,35.70000076293945,35.209999084472656,35.5,289400
03-01-2023,35.720001220703125,36.02000045776367,35.0,35.61000061035156,262700
04-01-2023,35.630001068115234,36.599998474121094,35.52000045776367,36.060001373291016,346400
05-01-2023,35.939998626708984,36.560001373291016,35.529998779296875,36.38999938964844,242500
06-01-2023,36.619998931884766,37.7400016784668,36.619998931884766,37.369998931884766,377300
09-01-2023,37.599998474121094,37.599998474121094,36.029998779296875,36.060001373291016,240400
10-01-2023,36.029998779296875,37.119998931884766,35.970001220703125,37.0,215000
11-01-2023,37.27000045776367,37.349998474121094,36.52000045776367,36.88999938964844,146500
12-01-2023,37.060001373291016,37.34000015258789,36.7400016784668,36.970001220703125,158400
13-01-2023,36.79999923706055,37.63999938964844,36.79999923706055,37.31999969482422,155900
17-01-2023,37.59000015258789,37.77000045776367,36.88999938964844,36.91999816894531,164000
18-01-2023,36.849998474121094,37.25,36.22999954223633,36.43000030517578,138300
19-01-2023,36.529998779296875,36.720001220703125,36.060001373291016,36.689998626708984,183600
20-01-2023,37.0,37.72999954223633,36.56999969482422,37.65999984741211,223800
23-01-2023,37.7599983215332,38.18000030517578,37.56999969482422,38.09000015258789,170600
24-01-2023,38.29999923706055,38.81999969482422,37.72999954223633,38.459999084472656,171000
25-01-2023,38.369998931884766,38.86000061035156,38.220001220703125,38.63999938964844,123700
26-01-2023,38.86000061035156,38.86000061035156,38.15999984741211,38.790000915527344,109800
27-01-2023,38.66999816894531,39.15999984741211,38.08000183105469,38.25,138500
30-01-2023,37.9900016784668,38.439998626708984,37.599998474121094,37.619998931884766,162100
31-01-2023,37.779998779296875,38.279998779296875,37.439998626708984,38.18000030517578,230100
01-02-2023,38.130001068115234,38.900001525878906,37.4900016784668,38.540000915527344,393100
02-02-2023,38.650001525878906,39.310001373291016,38.52000045776367,38.63999938964844,278800
03-02-2023,40.2400016784668,43.90999984741211,40.2400016784668,43.83000183105469,435500
06-02-2023,43.529998779296875,43.63999938964844,40.58000183105469,40.720001220703125,398800
07-02-2023,39.81999969482422,39.97999954223633,38.459999084472656,39.72999954223633,340500
08-02-2023,39.27000045776367,40.0,38.619998931884766,38.79999923706055,188200
09-02-2023,39.220001220703125,39.7599983215332,38.869998931884766,39.369998931884766,264500
10-02-2023,39.099998474121094,40.529998779296875,39.099998474121094,40.11000061035156,218200
13-02-2023,39.93000030517578,41.34000015258789,39.93000030517578,41.27000045776367,203200
14-02-2023,41.02000045776367,41.560001373291016,40.18000030517578,40.18000030517578,206400
15-02-2023,39.90999984741211,40.91999816894531,39.599998474121094,40.43000030517578,158600
16-02-2023,39.9900016784668,40.900001525878906,39.790000915527344,40.709999084472656,200100
17-02-2023,40.959999084472656,41.72999954223633,40.93000030517578,40.959999084472656,228300
21-02-2023,40.459999084472656,41.310001373291016,40.459999084472656,40.959999084472656,209500
22-02-2023,40.93000030517578,41.310001373291016,39.9900016784668,40.15999984741211,295900
23-02-2023,40.25,41.11000061035156,39.86000061035156,40.0099983215332,224200
24-02-2023,39.70000076293945,40.20000076293945,39.529998779296875,39.790000915527344,165000
27-02-2023,40.08000183105469,40.279998779296875,38.959999084472656,39.189998626708984,144300
28-02-2023,39.11000061035156,39.599998474121094,38.939998626708984,39.119998931884766,317500
01-03-2023,39.06999969482422,39.38999938964844,38.5099983215332,38.52000045776367,198100
02-03-2023,38.36000061035156,39.150001525878906,38.279998779296875,38.849998474121094,203900
03-03-2023,39.04999923706055,39.43000030517578,38.560001373291016,39.380001068115234,156000
06-03-2023,39.31999969482422,39.31999969482422,38.29999923706055,38.720001220703125,223500
07-03-2023,38.65999984741211,39.02000045776367,38.189998626708984,38.720001220703125,174500
08-03-2023,38.689998626708984,38.88999938964844,37.939998626708984,38.06999969482422,326900
09-03-2023,38.16999816894531,38.849998474121094,38.099998474121094,38.61000061035156,244700
10-03-2023,38.380001068115234,38.380001068115234,37.540000915527344,37.790000915527344,184200
13-03-2023,37.209999084472656,37.63999938964844,36.59000015258789,36.7599983215332,218700
14-03-2023,37.619998931884766,37.779998779296875,37.18000030517578,37.41999816894531,236600
15-03-2023,36.54999923706055,36.9900016784668,36.130001068115234,36.88999938964844,301800
16-03-2023,36.380001068115234,37.5099983215332,36.15999984741211,37.130001068115234,287300
17-03-2023,37.06999969482422,37.2400016784668,36.279998779296875,36.40999984741211,1036400
20-03-2023,36.810001373291016,38.029998779296875,36.779998779296875,37.290000915527344,270300
21-03-2023,37.790000915527344,38.400001525878906,37.43000030517578,37.72999954223633,233700
22-03-2023,37.790000915527344,38.02000045776367,36.58000183105469,36.59000015258789,324800
23-03-2023,36.689998626708984,36.970001220703125,35.599998474121094,36.16999816894531,326900
24-03-2023,35.91999816894531,36.70000076293945,35.91999816894531,36.560001373291016,272800
27-03-2023,37.040000915527344,37.79999923706055,36.880001068115234,37.68000030517578,240600
28-03-2023,37.52000045776367,37.849998474121094,37.029998779296875,37.459999084472656,187300
29-03-2023,37.70000076293945,37.75,36.790000915527344,36.79999923706055,224900
30-03-2023,36.900001525878906,37.43000030517578,36.72999954223633,37.31999969482422,172500
31-03-2023,37.54999923706055,38.720001220703125,37.54999923706055,38.619998931884766,378300
03-04-2023,38.529998779296875,38.86000061035156,37.810001373291016,38.5099983215332,256000
04-04-2023,38.560001373291016,38.720001220703125,37.16999816894531,37.779998779296875,214700
05-04-2023,37.65999984741211,38.31999969482422,37.470001220703125,38.09000015258789,198600
06-04-2023,38.31999969482422,38.31999969482422,37.689998626708984,37.90999984741211,194100
10-04-2023,37.939998626708984,38.349998474121094,37.84000015258789,38.209999084472656,301600
11-04-2023,38.25,39.06999969482422,38.15999984741211,38.619998931884766,183500
12-04-2023,38.849998474121094,39.22999954223633,38.38999938964844,39.20000076293945,234500
13-04-2023,39.279998779296875,40.29999923706055,39.279998779296875,39.97999954223633,230600
14-04-2023,39.83000183105469,40.369998931884766,39.5,39.900001525878906,150000
17-04-2023,40.0,40.15999984741211,39.29999923706055,39.38999938964844,143000
18-04-2023,39.349998474121094,39.540000915527344,38.65999984741211,39.5,213600
19-04-2023,38.9900016784668,39.16999816894531,38.61000061035156,39.06999969482422,232700
20-04-2023,39.189998626708984,39.880001068115234,38.9900016784668,39.63999938964844,234600
21-04-2023,39.65999984741211,41.029998779296875,39.560001373291016,40.63999938964844,229600
24-04-2023,40.529998779296875,41.15999984741211,40.400001525878906,40.560001373291016,193900
25-04-2023,40.18000030517578,40.90999984741211,40.08000183105469,40.58000183105469,176900
26-04-2023,39.93000030517578,40.959999084472656,39.93000030517578,40.849998474121094,215200
27-04-2023,40.91999816894531,41.02000045776367,39.779998779296875,40.630001068115234,217700
28-04-2023,40.40999984741211,41.119998931884766,40.36000061035156,40.56999969482422,248600
01-05-2023,40.36000061035156,41.18000030517578,40.36000061035156,40.81999969482422,218200
02-05-2023,39.869998931884766,39.900001525878906,36.84000015258789,38.34000015258789,452300
03-05-2023,39.150001525878906,43.529998779296875,38.61000061035156,42.63999938964844,601500
04-05-2023,42.11000061035156,42.400001525878906,40.939998626708984,42.099998474121094,324600
05-05-2023,42.5099983215332,43.0099983215332,41.45000076293945,41.650001525878906,311300
08-05-2023,41.5099983215332,42.060001373291016,41.20000076293945,41.5,360200
09-05-2023,41.439998626708984,42.08000183105469,41.290000915527344,41.310001373291016,252100
10-05-2023,42.380001068115234,43.040000915527344,41.34000015258789,41.689998626708984,253800
11-05-2023,41.08000183105469,41.599998474121094,40.7599983215332,41.22999954223633,189300
12-05-2023,41.189998626708984,41.439998626708984,40.93000030517578,41.150001525878906,203800
15-05-2023,41.150001525878906,41.25,40.15999984741211,40.5,379500
16-05-2023,40.40999984741211,41.52000045776367,40.40999984741211,41.41999816894531,401500
17-05-2023,41.47999954223633,42.65999984741211,41.45000076293945,42.459999084472656,436300
18-05-2023,42.290000915527344,43.279998779296875,42.04999923706055,42.97999954223633,353400
19-05-2023,43.220001220703125,43.66999816894531,43.119998931884766,43.5,456500
22-05-2023,43.689998626708984,43.84000015258789,42.88999938964844,42.90999984741211,361100
23-05-2023,42.630001068115234,42.689998626708984,41.880001068115234,42.29999923706055,554500
24-05-2023,42.2400016784668,42.9900016784668,42.099998474121094,42.790000915527344,415600
25-05-2023,42.7599983215332,42.959999084472656,42.189998626708984,42.529998779296875,226700
26-05-2023,42.40999984741211,42.95000076293945,42.0,42.290000915527344,236000
30-05-2023,42.31999969482422,42.619998931884766,41.83000183105469,41.880001068115234,222100
31-05-2023,41.9900016784668,42.08000183105469,41.060001373291016,41.5,393000
01-06-2023,41.439998626708984,42.25,41.34000015258789,41.79999923706055,291900
02-06-2023,42.2599983215332,43.459999084472656,42.13999938964844,43.43000030517578,366600
05-06-2023,42.970001220703125,43.060001373291016,41.16999816894531,41.2599983215332,371600
06-06-2023,41.349998474121094,42.54999923706055,41.150001525878906,42.130001068115234,498800
07-06-2023,42.40999984741211,43.380001068115234,42.29999923706055,42.47999954223633,349000
08-06-2023,42.63999938964844,42.86000061035156,42.099998474121094,42.130001068115234,273400
09-06-2023,42.31999969482422,42.31999969482422,41.84000015258789,41.939998626708984,221600
12-06-2023,41.880001068115234,41.88999938964844,40.869998931884766,41.0099983215332,312300
13-06-2023,41.02000045776367,41.31999969482422,40.369998931884766,40.58000183105469,430900
14-06-2023,40.459999084472656,40.72999954223633,39.349998474121094,39.380001068115234,469500
15-06-2023,39.20000076293945,39.599998474121094,38.47999954223633,38.7599983215332,461500
16-06-2023,39.29999923706055,39.470001220703125,38.689998626708984,38.84000015258789,1506600
20-06-2023,38.709999084472656,39.470001220703125,38.40999984741211,38.529998779296875,470700
21-06-2023,38.38999938964844,38.630001068115234,36.9900016784668,37.02000045776367,416500
22-06-2023,36.849998474121094,37.09000015258789,35.75,36.15999984741211,459200
23-06-2023,35.97999954223633,36.63999938964844,34.7400016784668,34.95000076293945,581200
26-06-2023,34.95000076293945,35.400001525878906,34.2400016784668,34.2599983215332,396000
27-06-2023,34.22999954223633,34.75,34.11000061035156,34.20000076293945,361400
28-06-2023,34.25,34.470001220703125,33.709999084472656,33.810001373291016,357700
29-06-2023,33.709999084472656,34.5,33.709999084472656,34.45000076293945,356000
30-06-2023,34.560001373291016,35.119998931884766,34.33000183105469,34.34000015258789,373800
03-07-2023,34.220001220703125,34.810001373291016,34.130001068115234,34.52000045776367,176500
05-07-2023,34.34000015258789,34.41999816894531,33.68000030517578,34.09000015258789,376400
06-07-2023,33.900001525878906,34.2599983215332,33.59000015258789,33.68000030517578,334200
07-07-2023,35.33000183105469,37.119998931884766,34.95000076293945,35.40999984741211,546200
10-07-2023,35.22999954223633,36.720001220703125,35.22999954223633,36.689998626708984,496800
11-07-2023,36.599998474121094,37.34000015258789,36.58000183105469,37.29999923706055,395300
12-07-2023,37.779998779296875,38.0099983215332,37.15999984741211,37.97999954223633,379600
13-07-2023,37.91999816894531,38.540000915527344,37.529998779296875,38.150001525878906,408000
14-07-2023,38.11000061035156,39.209999084472656,37.720001220703125,39.150001525878906,398900
17-07-2023,39.11000061035156,39.95000076293945,39.08000183105469,39.75,364200
18-07-2023,39.90999984741211,41.04999923706055,39.90999984741211,40.939998626708984,361100
19-07-2023,41.029998779296875,41.529998779296875,40.90999984741211,41.22999954223633,552600
20-07-2023,41.380001068115234,41.880001068115234,41.20000076293945,41.81999969482422,301300
21-07-2023,42.13999938964844,42.560001373291016,41.91999816894531,42.349998474121094,476300
24-07-2023,42.5,43.34000015258789,42.400001525878906,43.189998626708984,309500
25-07-2023,42.790000915527344,43.7599983215332,42.68000030517578,43.720001220703125,308300
26-07-2023,43.65999984741211,44.2599983215332,42.470001220703125,42.54999923706055,375200
27-07-2023,42.619998931884766,43.38999938964844,42.619998931884766,42.81999969482422,245600
28-07-2023,43.119998931884766,43.459999084472656,42.849998474121094,42.91999816894531,214100
31-07-2023,43.060001373291016,43.619998931884766,43.060001373291016,43.2400016784668,194400
01-08-2023,43.06999969482422,43.560001373291016,42.7599983215332,43.310001373291016,312900
02-08-2023,43.029998779296875,43.650001525878906,42.27000045776367,43.209999084472656,383500
03-08-2023,43.15999984741211,44.65999984741211,43.02000045776367,44.40999984741211,440100
04-08-2023,44.61000061035156,46.09000015258789,44.529998779296875,45.060001373291016,262000
07-08-2023,45.2400016784668,45.720001220703125,45.0,45.2400016784668,320000
08-08-2023,45.099998474121094,45.400001525878906,44.619998931884766,44.650001525878906,485200
09-08-2023,44.470001220703125,44.75,43.209999084472656,44.59000015258789,335700
10-08-2023,44.75,44.880001068115234,43.59000015258789,43.939998626708984,477200
11-08-2023,45.529998779296875,47.25,43.099998474121094,44.119998931884766,634700
14-08-2023,44.27000045776367,44.619998931884766,43.5,43.54999923706055,369200
15-08-2023,43.38999938964844,43.540000915527344,42.470001220703125,42.790000915527344,274500
16-08-2023,42.61000061035156,43.029998779296875,41.790000915527344,41.810001373291016,248000
17-08-2023,42.150001525878906,42.5,41.83000183105469,42.29999923706055,331200
18-08-2023,42.11000061035156,42.7400016784668,42.11000061035156,42.52000045776367,296800
21-08-2023,42.529998779296875,43.099998474121094,42.33000183105469,42.650001525878906,349600
22-08-2023,42.52000045776367,43.119998931884766,42.5,42.650001525878906,239100
23-08-2023,42.7599983215332,43.18000030517578,42.439998626708984,42.97999954223633,285400
24-08-2023,42.81999969482422,43.810001373291016,42.81999969482422,43.470001220703125,332600
25-08-2023,43.58000183105469,43.959999084472656,42.90999984741211,43.20000076293945,290300
28-08-2023,43.25,43.84000015258789,43.18000030517578,43.54999923706055,264200
29-08-2023,43.33000183105469,43.58000183105469,42.7599983215332,43.279998779296875,279900
30-08-2023,42.959999084472656,43.689998626708984,42.959999084472656,43.45000076293945,404100
31-08-2023,43.380001068115234,44.2400016784668,43.27000045776367,43.849998474121094,418100
01-09-2023,44.20000076293945,45.959999084472656,44.20000076293945,45.5,528600
05-09-2023,45.189998626708984,45.45000076293945,43.08000183105469,43.459999084472656,477800
06-09-2023,43.72999954223633,44.36000061035156,43.369998931884766,43.970001220703125,341900
07-09-2023,44.0,44.75,43.91999816894531,44.2599983215332,477800
08-09-2023,44.0099983215332,44.7599983215332,43.630001068115234,44.220001220703125,390000
11-09-2023,44.400001525878906,44.81999969482422,44.22999954223633,44.36000061035156,429800
12-09-2023,44.0,44.54999923706055,43.459999084472656,43.59000015258789,336800
13-09-2023,43.849998474121094,44.150001525878906,43.470001220703125,43.810001373291016,539700
14-09-2023,44.36000061035156,44.75,43.43000030517578,43.77000045776367,649600
15-09-2023,43.630001068115234,44.06999969482422,42.47999954223633,43.15999984741211,2203000
18-09-2023,43.47999954223633,43.599998474121094,42.5,42.650001525878906,306200
19-09-2023,42.650001525878906,43.29999923706055,42.650001525878906,43.13999938964844,280400
20-09-2023,43.36000061035156,44.0,42.939998626708984,43.13999938964844,353600
21-09-2023,43.130001068115234,43.31999969482422,42.27000045776367,42.400001525878906,290600
22-09-2023,42.58000183105469,43.34000015258789,42.529998779296875,42.849998474121094,374400
25-09-2023,42.58000183105469,43.380001068115234,42.58000183105469,43.220001220703125,243300
26-09-2023,42.959999084472656,43.33000183105469,42.470001220703125,42.4900016784668,315400
27-09-2023,42.720001220703125,43.27000045776367,42.720001220703125,43.06999969482422,305400
28-09-2023,43.130001068115234,43.90999984741211,43.0099983215332,43.150001525878906,414800
29-09-2023,43.16999816894531,43.5099983215332,42.68000030517578,42.849998474121094,368700
02-10-2023,42.77000045776367,43.11000061035156,42.47999954223633,42.7599983215332,297600
03-10-2023,42.58000183105469,43.119998931884766,42.540000915527344,42.88999938964844,283300
04-10-2023,42.63999938964844,43.380001068115234,41.959999084472656,43.349998474121094,359800
05-10-2023,43.34000015258789,44.33000183105469,43.34000015258789,43.599998474121094,332500
06-10-2023,43.33000183105469,44.189998626708984,43.33000183105469,43.90999984741211,298400
09-10-2023,43.83000183105469,44.56999969482422,43.790000915527344,44.40999984741211,304700
10-10-2023,44.61000061035156,46.06999969482422,44.209999084472656,45.88999938964844,313500
11-10-2023,45.93000030517578,46.720001220703125,45.709999084472656,45.779998779296875,226800
12-10-2023,46.18000030517578,46.18000030517578,44.619998931884766,44.849998474121094,291900
13-10-2023,45.04999923706055,45.22999954223633,44.290000915527344,44.40999984741211,209700
16-10-2023,44.75,45.349998474121094,44.619998931884766,45.04999923706055,224800
17-10-2023,44.86000061035156,45.83000183105469,44.86000061035156,45.150001525878906,316200
18-10-2023,44.83000183105469,45.27000045776367,44.58000183105469,44.959999084472656,214900
19-10-2023,44.77000045776367,44.959999084472656,43.31999969482422,43.41999816894531,314900
20-10-2023,43.52000045776367,44.11000061035156,43.380001068115234,43.40999984741211,343000
23-10-2023,43.16999816894531,43.41999816894531,42.2599983215332,42.290000915527344,298700
24-10-2023,42.66999816894531,44.22999954223633,42.400001525878906,44.060001373291016,363600
25-10-2023,43.630001068115234,44.79999923706055,43.33000183105469,44.40999984741211,321800
26-10-2023,45.18000030517578,45.18000030517578,41.88999938964844,43.150001525878906,344800
27-10-2023,48.0,50.70000076293945,46.70000076293945,49.97999954223633,1037300
30-10-2023,50.209999084472656,51.400001525878906,48.75,51.369998931884766,686600
31-10-2023,51.150001525878906,52.27000045776367,50.43000030517578,51.79999923706055,766600
01-11-2023,52.18000030517578,54.029998779296875,51.97999954223633,53.650001525878906,581800
02-11-2023,53.650001525878906,54.2599983215332,53.119998931884766,54.25,400200
03-11-2023,55.0,55.91999816894531,54.29999923706055,55.20000076293945,531000
06-11-2023,55.060001373291016,55.529998779296875,54.29999923706055,55.20000076293945,387300
07-11-2023,54.439998626708984,55.630001068115234,54.060001373291016,55.5,415500
08-11-2023,55.34000015258789,55.66999816894531,54.5,55.31999969482422,356900
09-11-2023,55.59000015258789,56.11000061035156,55.099998474121094,55.189998626708984,427800
10-11-2023,55.18000030517578,55.72999954223633,54.310001373291016,55.630001068115234,399100
13-11-2023,55.29999923706055,55.52000045776367,53.93000030517578,55.18000030517578,507800
14-11-2023,56.15999984741211,56.41999816894531,55.150001525878906,56.18000030517578,426500
15-11-2023,56.119998931884766,56.36000061035156,55.25,55.369998931884766,468600
16-11-2023,55.43000030517578,55.68000030517578,54.90999984741211,55.209999084472656,299900
17-11-2023,55.38999938964844,55.83000183105469,54.779998779296875,55.2400016784668,439300
20-11-2023,54.91999816894531,56.209999084472656,54.75,55.779998779296875,454300
21-11-2023,55.86000061035156,56.9900016784668,55.689998626708984,56.529998779296875,360000
22-11-2023,56.630001068115234,57.790000915527344,56.529998779296875,57.040000915527344,348700
24-11-2023,56.88999938964844,57.5,56.77000045776367,57.47999954223633,164500
27-11-2023,57.31999969482422,58.0099983215332,57.220001220703125,57.70000076293945,318700
28-11-2023,57.63999938964844,58.34000015258789,57.45000076293945,57.560001373291016,264400
29-11-2023,57.88999938964844,58.33000183105469,57.459999084472656,57.650001525878906,399300
30-11-2023,57.63999938964844,57.9900016784668,56.709999084472656,56.970001220703125,522200
01-12-2023,56.970001220703125,58.810001373291016,56.849998474121094,58.7599983215332,465900
04-12-2023,58.400001525878906,59.38999938964844,58.400001525878906,59.380001068115234,368300
05-12-2023,59.349998474121094,60.11000061035156,59.0,59.40999984741211,341500
06-12-2023,59.560001373291016,60.25,58.709999084472656,59.29999923706055,412200
07-12-2023,59.5099983215332,59.63999938964844,58.709999084472656,59.540000915527344,364400
08-12-2023,59.20000076293945,60.119998931884766,59.16999816894531,59.939998626708984,252200
11-12-2023,59.970001220703125,60.22999954223633,59.619998931884766,60.0099983215332,520700
12-12-2023,60.099998474121094,61.45000076293945,59.93000030517578,60.880001068115234,524700
13-12-2023,60.959999084472656,61.619998931884766,60.08000183105469,61.5099983215332,662400
14-12-2023,61.84000015258789,62.22999954223633,58.779998779296875,60.400001525878906,641900
15-12-2023,60.689998626708984,60.849998474121094,59.45000076293945,59.9900016784668,3802000
18-12-2023,60.15999984741211,60.83000183105469,60.02000045776367,60.279998779296875,418900
19-12-2023,60.599998474121094,60.939998626708984,59.88999938964844,59.900001525878906,437100
20-12-2023,59.7599983215332,60.779998779296875,59.209999084472656,59.380001068115234,390200
21-12-2023,59.810001373291016,60.15999984741211,59.11000061035156,59.27000045776367,306800
22-12-2023,59.7400016784668,60.529998779296875,59.15999984741211,59.59000015258789,252200
26-12-2023,59.689998626708984,60.189998626708984,59.130001068115234,59.880001068115234,321200
27-12-2023,59.77000045776367,60.650001525878906,59.77000045776367,60.11000061035156,298100
28-12-2023,59.88999938964844,60.470001220703125,59.36000061035156,59.58000183105469,271900
29-12-2023,59.290000915527344,59.65999984741211,58.7400016784668,58.95000076293945,371500
02-01-2024,58.47999954223633,58.959999084472656,58.0099983215332,58.810001373291016,325200
03-01-2024,58.81999969482422,60.02000045776367,58.13999938964844,59.61000061035156,423700
04-01-2024,59.33000183105469,59.97999954223633,59.11000061035156,59.209999084472656,359100
05-01-2024,58.81999969482422,59.220001220703125,56.90999984741211,56.90999984741211,441000
08-01-2024,57.25,57.459999084472656,56.16999816894531,57.43000030517578,332800
09-01-2024,57.20000076293945,57.380001068115234,56.59000015258789,56.880001068115234,299000
10-01-2024,57.15999984741211,58.04999923706055,57.15999984741211,57.439998626708984,306700
11-01-2024,57.31999969482422,57.84000015258789,56.470001220703125,57.83000183105469,271800
12-01-2024,58.08000183105469,58.70000076293945,57.61000061035156,58.689998626708984,202800
16-01-2024,58.380001068115234,59.619998931884766,58.380001068115234,58.81999969482422,280200
17-01-2024,58.36000061035156,59.349998474121094,58.36000061035156,58.58000183105469,236600
18-01-2024,58.95000076293945,59.310001373291016,58.09000015258789,58.970001220703125,272500
19-01-2024,61.4900016784668,62.15999984741211,60.34000015258789,62.02000045776367,505700
22-01-2024,62.34000015258789,62.970001220703125,61.91999816894531,62.209999084472656,372800
23-01-2024,62.5099983215332,62.9900016784668,61.560001373291016,61.599998474121094,313700
24-01-2024,62.209999084472656,62.349998474121094,60.65999984741211,61.02000045776367,303600
25-01-2024,61.63999938964844,61.77000045776367,60.56999969482422,61.18000030517578,278700
26-01-2024,61.02000045776367,61.630001068115234,59.810001373291016,60.369998931884766,354700
29-01-2024,60.630001068115234,61.06999969482422,58.310001373291016,58.630001068115234,582800
30-01-2024,47.540000915527344,50.58000183105469,43.779998779296875,47.68000030517578,5703400
31-01-2024,50.790000915527344,51.0,48.7599983215332,50.47999954223633,2306000
01-02-2024,50.86000061035156,51.9900016784668,45.45000076293945,46.720001220703125,1682100
02-02-2024,47.11000061035156,48.650001525878906,46.29999923706055,48.38999938964844,939400
05-02-2024,48.119998931884766,49.02000045776367,47.45000076293945,48.90999984741211,808500
06-02-2024,48.36000061035156,49.20000076293945,48.09000015258789,48.779998779296875,666800
07-02-2024,48.59000015258789,49.119998931884766,48.130001068115234,48.88999938964844,374000
08-02-2024,49.2599983215332,49.4900016784668,48.91999816894531,49.16999816894531,522500
09-02-2024,49.04999923706055,50.90999984741211,48.97999954223633,50.41999816894531,552500
12-02-2024,50.31999969482422,51.099998474121094,50.2599983215332,50.970001220703125,505800
13-02-2024,50.099998474121094,50.849998474121094,49.41999816894531,49.630001068115234,449100
14-02-2024,50.04999923706055,50.33000183105469,49.59000015258789,49.849998474121094,375200
15-02-2024,50.04999923706055,50.08000183105469,49.0099983215332,49.5099983215332,503000
16-02-2024,49.150001525878906,49.189998626708984,47.060001373291016,47.13999938964844,597800
20-02-2024,47.0,47.130001068115234,45.689998626708984,46.0,909900
21-02-2024,46.08000183105469,46.2400016784668,45.15999984741211,45.68000030517578,519600
22-02-2024,46.02000045776367,46.5,45.380001068115234,46.15999984741211,574600
23-02-2024,46.099998474121094,46.959999084472656,46.0,46.849998474121094,396500
26-02-2024,46.58000183105469,47.619998931884766,46.560001373291016,47.47999954223633,354700
27-02-2024,47.709999084472656,47.88999938964844,47.13999938964844,47.650001525878906,513800
28-02-2024,47.41999816894531,48.9900016784668,47.41999816894531,48.65999984741211,593100
29-02-2024,49.02000045776367,49.790000915527344,48.439998626708984,49.5,666100
01-03-2024,49.599998474121094,49.65999984741211,48.83000183105469,49.13999938964844,460600
04-03-2024,49.209999084472656,49.540000915527344,48.70000076293945,48.86000061035156,354600
05-03-2024,48.540000915527344,48.84000015258789,47.7400016784668,48.220001220703125,459800
06-03-2024,48.63999938964844,48.63999938964844,47.52000045776367,47.810001373291016,396700
07-03-2024,47.900001525878906,49.13999938964844,47.7400016784668,49.06999969482422,335200
08-03-2024,49.400001525878906,50.2400016784668,49.15999984741211,50.09000015258789,424300
11-03-2024,50.0,50.439998626708984,49.5099983215332,50.09000015258789,301100
12-03-2024,49.84000015258789,50.25,49.790000915527344,50.040000915527344,321900
13-03-2024,49.939998626708984,50.52000045776367,49.83000183105469,49.9900016784668,313000
14-03-2024,49.84000015258789,49.849998474121094,48.09000015258789,48.56999969482422,452200
15-03-2024,48.47999954223633,49.599998474121094,48.130001068115234,48.9900016784668,945900
18-03-2024,48.95000076293945,50.0099983215332,48.59000015258789,49.060001373291016,375100
19-03-2024,48.88999938964844,49.97999954223633,48.88999938964844,49.939998626708984,330400
20-03-2024,49.630001068115234,49.84000015258789,48.93000030517578,49.59000015258789,348000
21-03-2024,49.77000045776367,50.119998931884766,49.38999938964844,49.91999816894531,349400
22-03-2024,49.849998474121094,50.900001525878906,49.56999969482422,50.709999084472656,185200
25-03-2024,51.0,51.400001525878906,50.619998931884766,50.86000061035156,217100
26-03-2024,51.290000915527344,51.7400016784668,51.04999923706055,51.22999954223633,259300
27-03-2024,51.5,51.810001373291016,51.189998626708984,51.79999923706055,264100
28-03-2024,52.0,52.11000061035156,51.33000183105469,51.400001525878906,335800
01-04-2024,51.75,53.52000045776367,51.349998474121094,52.34000015258789,474800
02-04-2024,52.02000045776367,52.599998474121094,51.2599983215332,51.529998779296875,394600
03-04-2024,51.349998474121094,51.959999084472656,50.31999969482422,51.34000015258789,485700
04-04-2024,51.459999084472656,51.959999084472656,50.689998626708984,50.720001220703125,464700
05-04-2024,50.70000076293945,51.310001373291016,50.58000183105469,50.619998931884766,342800
08-04-2024,50.790000915527344,50.86000061035156,49.349998474121094,49.59000015258789,335400
09-04-2024,49.59000015258789,49.88999938964844,48.41999816894531,48.459999084472656,315100
10-04-2024,48.0099983215332,48.529998779296875,46.630001068115234,46.72999954223633,606500
11-04-2024,47.09000015258789,47.630001068115234,46.83000183105469,47.15999984741211,382300
12-04-2024,47.0099983215332,47.0099983215332,45.970001220703125,46.2599983215332,343700
15-04-2024,46.47999954223633,46.650001525878906,45.31999969482422,45.59000015258789,564600
16-04-2024,45.439998626708984,45.95000076293945,45.18000030517578,45.68000030517578,294500
17-04-2024,46.08000183105469,46.72999954223633,45.86000061035156,45.9900016784668,269400
18-04-2024,46.189998626708984,46.86000061035156,46.029998779296875,46.13999938964844,249800
19-04-2024,46.0,46.58000183105469,45.93000030517578,46.33000183105469,318100
22-04-2024,46.380001068115234,47.2599983215332,46.18000030517578,46.84000015258789,245000
23-04-2024,46.880001068115234,47.38999938964844,46.459999084472656,47.040000915527344,261100
24-04-2024,46.9900016784668,47.400001525878906,46.5,47.209999084472656,340400
25-04-2024,46.939998626708984,47.939998626708984,46.5,47.630001068115234,340500
26-04-2024,47.83000183105469,49.779998779296875,47.599998474121094,49.68000030517578,457500
29-04-2024,49.65999984741211,50.029998779296875,49.0,49.91999816894531,190100
30-04-2024,49.56999969482422,49.97999954223633,49.119998931884766,49.619998931884766,385700
01-05-2024,49.279998779296875,51.33000183105469,48.939998626708984,50.52000045776367,519700
02-05-2024,50.560001373291016,54.5099983215332,50.560001373291016,52.400001525878906,667500
03-05-2024,56.5,61.880001068115234,56.09000015258789,60.08000183105469,1144800
06-05-2024,60.41999816894531,63.33000183105469,59.349998474121094,63.040000915527344,977400
07-05-2024,63.130001068115234,63.939998626708984,62.369998931884766,63.040000915527344,520700
08-05-2024,63.0,65.01000213623047,61.650001525878906,64.5,520200
09-05-2024,64.12000274658203,64.52999877929688,62.77000045776367,64.0,480200
10-05-2024,63.939998626708984,64.87999725341797,63.77000045776367,64.80000305175781,316100
13-05-2024,65.25,65.33999633789062,64.18000030517578,65.0999984741211,490200
14-05-2024,65.54000091552734,66.83000183105469,65.12999725341797,65.72000122070312,520100
15-05-2024,65.7300033569336,66.30000305175781,64.47000122070312,66.0,443500
16-05-2024,65.8499984741211,67.69000244140625,65.75,65.94999694824219,610900
17-05-2024,66.16999816894531,66.16999816894531,64.26000213623047,65.2699966430664,258300
20-05-2024,65.23999786376953,66.13999938964844,65.19999694824219,65.47000122070312,239000
21-05-2024,65.12999725341797,66.30999755859375,64.58000183105469,66.12000274658203,280000
22-05-2024,65.98999786376953,66.56999969482422,65.18000030517578,65.37000274658203,300200
23-05-2024,65.5199966430664,65.80999755859375,64.47000122070312,65.05000305175781,207200
24-05-2024,64.80000305175781,66.08000183105469,64.5999984741211,65.54000091552734,214200
28-05-2024,66.08999633789062,66.58000183105469,64.81999969482422,66.13999938964844,336800
29-05-2024,65.48999786376953,65.69000244140625,64.20999908447266,64.43000030517578,245600
30-05-2024,64.77999877929688,66.08000183105469,63.869998931884766,65.54000091552734,304100
31-05-2024,65.58000183105469,65.62000274658203,63.52000045776367,64.38999938964844,426000
03-06-2024,65.0999984741211,66.04000091552734,64.19000244140625,65.61000061035156,441900
04-06-2024,65.08999633789062,66.11000061035156,64.6500015258789,65.19999694824219,358100
05-06-2024,65.25,65.68000030517578,64.76000213623047,65.63999938964844,161900
06-06-2024,65.5999984741211,66.16999816894531,65.12999725341797,65.73999786376953,315500
07-06-2024,65.36000061035156,66.23999786376953,65.23999786376953,65.43000030517578,341700
10-06-2024,65.12000274658203,66.94999694824219,64.05999755859375,64.41999816894531,550600
11-06-2024,63.97999954223633,65.33999633789062,63.58000183105469,64.5199966430664,348600
12-06-2024,65.5199966430664,65.93000030517578,64.69999694824219,64.76000213623047,357000
13-06-2024,64.62000274658203,64.70999908447266,63.95000076293945,64.11000061035156,256200
14-06-2024,63.619998931884766,64.0,62.279998779296875,63.029998779296875,359100
17-06-2024,62.9900016784668,63.9900016784668,62.70000076293945,63.27000045776367,300000
18-06-2024,63.470001220703125,64.33000183105469,62.86000061035156,64.13999938964844,291800
20-06-2024,63.720001220703125,64.45999908447266,63.2400016784668,63.630001068115234,507200
21-06-2024,63.630001068115234,65.66000366210938,63.59000015258789,65.66000366210938,2304800
24-06-2024,64.01000213623047,67.26000213623047,63.810001373291016,65.3499984741211,659100
25-06-2024,65.38999938964844,66.11000061035156,65.16000366210938,65.83999633789062,508600
26-06-2024,65.41000366210938,65.9800033569336,64.75,65.94999694824219,394600
27-06-2024,66.16999816894531,66.8499984741211,65.55000305175781,65.9800033569336,539700
28-06-2024,66.61000061035156,68.79000091552734,66.55000305175781,68.20999908447266,1258500
01-07-2024,68.37999725341797,68.6500015258789,65.30000305175781,67.2699966430664,583000
02-07-2024,67.4000015258789,68.05999755859375,67.2300033569336,67.43000030517578,376500
03-07-2024,67.81999969482422,68.41000366210938,67.25,68.0,321300
05-07-2024,67.87999725341797,68.55999755859375,67.69000244140625,68.04000091552734,337200
08-07-2024,68.33000183105469,69.13999938964844,68.05999755859375,68.19999694824219,289700
09-07-2024,68.02999877929688,68.62000274658203,66.9000015258789,67.08000183105469,315000
10-07-2024,67.41999816894531,67.80000305175781,67.0,67.66000366210938,238300
11-07-2024,68.55000305175781,69.83000183105469,68.16999816894531,69.73999786376953,325700
12-07-2024,70.0,71.70999908447266,70.0,71.08000183105469,262600
15-07-2024,76.91000366210938,77.87000274658203,74.5,75.0999984741211,853400
16-07-2024,76.0,78.41999816894531,76.0,77.25,677700
17-07-2024,77.0999984741211,79.72000122070312,77.0999984741211,78.02999877929688,654000
18-07-2024,78.05000305175781,79.83999633789062,77.66000366210938,78.02999877929688,370000
19-07-2024,77.9000015258789,78.0999984741211,76.86000061035156,76.88999938964844,377000
22-07-2024,77.3499984741211,78.83000183105469,76.9000015258789,78.27999877929688,440700
23-07-2024,78.19999694824219,80.18000030517578,78.19999694824219,79.31999969482422,425900
24-07-2024,79.04000091552734,80.05000305175781,77.5199966430664,78.91000366210938,384000
25-07-2024,79.25,79.66999816894531,76.86000061035156,77.01000213623047,704900
26-07-2024,78.27999877929688,79.27999877929688,78.23999786376953,78.80999755859375,420500
29-07-2024,79.30000305175781,79.80999755859375,78.05000305175781,78.7300033569336,358700
30-07-2024,79.05000305175781,80.16999816894531,78.05000305175781,78.23999786376953,417200
31-07-2024,78.26000213623047,79.19999694824219,77.0,78.41000366210938,510000
01-08-2024,78.55000305175781,78.98999786376953,76.25,76.98999786376953,458000
02-08-2024,75.12999725341797,76.31999969482422,74.5,75.66999816894531,386300
05-08-2024,72.0,74.19000244140625,71.5,73.6500015258789,562800
06-08-2024,73.7300033569336,75.36000061035156,72.7300033569336,74.70999908447266,863400
07-08-2024,76.0199966430664,76.41999816894531,67.30000305175781,68.25,954000
08-08-2024,68.9800033569336,71.93000030517578,68.63999938964844,71.51000213623047,654900
09-08-2024,71.48999786376953,72.44999694824219,70.5,72.06999969482422,365500
12-08-2024,71.66000366210938,72.79000091552734,70.87999725341797,71.45999908447266,393600
13-08-2024,71.91000366210938,74.27999877929688,71.72000122070312,73.11000061035156,528600
14-08-2024,73.37999725341797,74.37999725341797,72.63999938964844,74.04000091552734,322600
15-08-2024,75.62999725341797,76.0199966430664,73.13999938964844,73.13999938964844,408200
16-08-2024,73.05000305175781,73.70999908447266,72.47000122070312,72.93000030517578,330700
19-08-2024,72.66999816894531,72.80000305175781,71.25,71.69000244140625,363700
20-08-2024,71.66000366210938,72.16000366210938,71.27999877929688,71.91000366210938,261800
21-08-2024,72.01000213623047,74.47000122070312,71.4000015258789,73.37999725341797,405100
22-08-2024,73.41999816894531,74.4800033569336,73.12000274658203,73.87999725341797,291700
23-08-2024,74.08000183105469,75.66000366210938,73.80000305175781,75.3499984741211,395800
26-08-2024,75.83000183105469,76.33000183105469,74.9000015258789,75.76000213623047,436100
27-08-2024,74.9800033569336,75.91000366210938,72.73999786376953,75.55000305175781,369300
28-08-2024,75.4000015258789,76.25,74.95999908447266,75.47000122070312,440200
29-08-2024,75.93000030517578,76.44000244140625,74.93000030517578,75.5,333200
30-08-2024,75.5,76.43000030517578,75.23999786376953,75.70999908447266,368700
03-09-2024,74.72000122070312,75.4000015258789,73.08999633789062,73.38999938964844,478400
04-09-2024,73.2699966430664,74.5199966430664,73.05999755859375,73.6500015258789,421800
05-09-2024,73.30000305175781,73.30000305175781,71.72000122070312,72.05000305175781,362200
06-09-2024,72.19000244140625,72.45999908447266,69.7699966430664,69.79000091552734,480200
09-09-2024,69.4000015258789,71.05000305175781,68.69000244140625,70.05999755859375,387200
10-09-2024,70.05999755859375,70.41999816894531,69.16000366210938,69.63999938964844,288800
11-09-2024,69.05999755859375,71.23999786376953,68.5999984741211,70.83999633789062,550800
12-09-2024,71.06999969482422,72.75,71.06999969482422,72.08999633789062,235400
13-09-2024,72.97000122070312,73.63999938964844,72.38999938964844,72.86000061035156,413600
16-09-2024,72.81999969482422,73.91000366210938,72.81999969482422,73.5,287900
17-09-2024,74.13999938964844,74.98999786376953,73.54000091552734,73.62999725341797,320500
18-09-2024,73.86000061035156,74.5,72.79000091552734,73.56999969482422,438200
19-09-2024,75.2699966430664,75.2699966430664,73.94999694824219,74.98999786376953,311800
20-09-2024,74.88999938964844,75.69000244140625,74.31999969482422,75.30000305175781,1348300
23-09-2024,76.0,77.83000183105469,75.3499984741211,77.62999725341797,376600
24-09-2024,77.63999938964844,77.81999969482422,76.2300033569336,77.41999816894531,262000
25-09-2024,77.5199966430664,77.5199966430664,75.13999938964844,75.2300033569336,286700
26-09-2024,76.0,76.69999694824219,73.80000305175781,74.20999908447266,295900
27-09-2024,75.23999786376953,76.30999755859375,74.25,75.22000122070312,217300
30-09-2024,75.31999969482422,76.43000030517578,74.77999877929688,75.4800033569336,280300
01-10-2024,75.4000015258789,76.54000091552734,74.0199966430664,75.37000274658203,415600
02-10-2024,74.87000274658203,75.61000061035156,73.62999725341797,73.7699966430664,279500
03-10-2024,73.58000183105469,74.02999877929688,71.7699966430664,71.94000244140625,237500
04-10-2024,73.11000061035156,73.54000091552734,72.45999908447266,73.0999984741211,187700
07-10-2024,72.91000366210938,73.26000213623047,72.11000061035156,72.58999633789062,233800
08-10-2024,73.12000274658203,73.25,72.36000061035156,72.87999725341797,227700
09-10-2024,72.9800033569336,73.73999786376953,72.4800033569336,73.13999938964844,214100
10-10-2024,72.52999877929688,72.73999786376953,71.68000030517578,72.51000213623047,193600
11-10-2024,72.80000305175781,73.4000015258789,72.5,73.29000091552734,175300
14-10-2024,73.44000244140625,75.31999969482422,73.2699966430664,74.94999694824219,163700
15-10-2024,74.9800033569336,76.02999877929688,74.63999938964844,74.83999633789062,210300
16-10-2024,74.83999633789062,74.86000061035156,73.7699966430664,74.43000030517578,233700
17-10-2024,74.66999816894531,74.69000244140625,72.70999908447266,74.12000274658203,248400
18-10-2024,74.2300033569336,74.2300033569336,72.61000061035156,73.05000305175781,214100
21-10-2024,73.01000213623047,73.38999938964844,71.68000030517578,71.72000122070312,183600
22-10-2024,71.5999984741211,72.30999755859375,71.08999633789062,72.0199966430664,142300
23-10-2024,71.80999755859375,73.98999786376953,71.69999694824219,73.44000244140625,394400
24-10-2024,73.5,74.66000366210938,72.1500015258789,72.7699966430664,344800
25-10-2024,72.91999816894531,73.77999877929688,71.69999694824219,72.08999633789062,326100
28-10-2024,72.54000091552734,74.4800033569336,72.08000183105469,73.33000183105469,530800
29-10-2024,72.0,75.19000244140625,71.93000030517578,74.98999786376953,507600
30-10-2024,75.70999908447266,85.26000213623047,73.6500015258789,82.12000274658203,1105900
31-10-2024,82.0,83.19999694824219,80.05000305175781,80.91999816894531,525900
01-11-2024,81.55999755859375,81.76000213623047,78.83000183105469,79.69999694824219,404700
04-11-2024,79.13999938964844,82.69999694824219,78.55999755859375,80.58999633789062,364200
05-11-2024,79.9800033569336,82.08999633789062,79.9800033569336,81.27999877929688,319800
06-11-2024,84.5,88.98999786376953,84.5,88.9800033569336,626800
07-11-2024,88.55000305175781,90.86000061035156,86.72000122070312,90.37000274658203,562600
08-11-2024,90.04000091552734,92.93000030517578,89.91000366210938,91.2300033569336,571300
11-11-2024,92.76000213623047,92.8499984741211,89.86000061035156,90.83000183105469,428300
12-11-2024,90.36000061035156,91.76000213623047,89.1500015258789,89.26000213623047,376000
13-11-2024,90.37000274658203,91.2699966430664,89.61000061035156,89.8499984741211,369800
14-11-2024,89.80999755859375,90.08999633789062,83.76000213623047,84.81999969482422,463300
15-11-2024,84.0,88.41999816894531,83.69999694824219,87.19999694824219,751700
18-11-2024,87.56999969482422,88.19999694824219,86.68000030517578,87.33999633789062,449500
19-11-2024,86.5199966430664,88.63999938964844,86.43000030517578,87.7699966430664,234700
20-11-2024,87.87999725341797,88.33000183105469,86.81999969482422,87.29000091552734,260800
21-11-2024,88.08999633789062,89.30000305175781,87.81999969482422,88.81999969482422,299100
22-11-2024,89.52999877929688,91.20999908447266,89.33000183105469,90.08000183105469,337100
25-11-2024,91.0,92.91000366210938,91.0,91.56999969482422,463700
26-11-2024,91.7699966430664,91.83000183105469,90.5999984741211,91.43000030517578,185400
27-11-2024,91.7699966430664,92.2699966430664,90.19999694824219,90.75,224000
29-11-2024,91.20999908447266,91.69999694824219,89.54000091552734,91.41000366210938,202400
02-12-2024,91.06999969482422,92.0,89.56999969482422,91.56999969482422,520900
03-12-2024,91.5,92.61000061035156,90.05999755859375,90.80000305175781,235200
04-12-2024,91.30999755859375,92.69999694824219,90.80999755859375,91.63999938964844,318400
05-12-2024,91.87999725341797,92.5199966430664,91.0999984741211,91.69000244140625,238500
06-12-2024,91.76000213623047,92.0999984741211,89.68000030517578,91.19999694824219,361200
09-12-2024,91.30000305175781,91.30000305175781,87.5,87.91999816894531,374500
10-12-2024,88.06999969482422,89.22000122070312,86.5,88.2699966430664,331800
11-12-2024,89.05000305175781,90.37999725341797,88.44000244140625,88.80000305175781,233600
12-12-2024,89.0999984741211,89.98999786376953,88.44999694824219,89.4000015258789,331700
13-12-2024,89.12000274658203,90.31999969482422,88.27999877929688,88.75,229000
16-12-2024,88.58000183105469,91.52999877929688,88.19999694824219,91.47000122070312,316400
17-12-2024,90.7699966430664,91.98999786376953,89.38999938964844,90.23999786376953,362200
18-12-2024,90.80999755859375,90.80999755859375,84.79000091552734,85.9800033569336,482300
19-12-2024,87.05000305175781,89.0999984741211,86.11000061035156,88.41000366210938,549200
20-12-2024,87.01000213623047,88.94000244140625,86.5,87.27999877929688,2115500
23-12-2024,87.27999877929688,89.41999816894531,86.6500015258789,89.20999908447266,293600
24-12-2024,89.4000015258789,91.33000183105469,89.01000213623047,91.05999755859375,136200
26-12-2024,90.76000213623047,92.62000274658203,90.76000213623047,92.11000061035156,277100
27-12-2024,91.43000030517578,92.77999877929688,89.87000274658203,90.87000274658203,224500
30-12-2024,89.97000122070312,91.1500015258789,89.0,90.12999725341797,169800
31-12-2024,90.41999816894531,92.33000183105469,90.41999816894531,90.8499984741211,399000
02-01-2025,91.11000061035156,95.0,91.06999969482422,92.76000213623047,532300
03-01-2025,93.44000244140625,95.30000305175781,93.23999786376953,94.97000122070312,467900
06-01-2025,96.23999786376953,97.37000274658203,93.04000091552734,94.6500015258789,432600
07-01-2025,94.88999938964844,95.13999938964844,92.66000366210938,93.54000091552734,505600
08-01-2025,93.30999755859375,94.58999633789062,92.08000183105469,94.41000366210938,312400
10-01-2025,93.05000305175781,93.43000030517578,91.2699966430664,91.66000366210938,251500
13-01-2025,91.25,94.58000183105469,89.62000274658203,94.30000305175781,290000
14-01-2025,94.83000183105469,97.0,94.83000183105469,95.70999908447266,406900
15-01-2025,97.5999984741211,98.5,96.2300033569336,97.44999694824219,385900
16-01-2025,97.41999816894531,98.63999938964844,97.0999984741211,97.33999633789062,311800
17-01-2025,98.9800033569336,99.16999816894531,97.68000030517578,98.16999816894531,225100
21-01-2025,99.33999633789062,100.05000305175781,97.83999633789062,99.0999984741211,385000
22-01-2025,99.58000183105469,100.19999694824219,99.0,99.61000061035156,257200
23-01-2025,99.31999969482422,100.54000091552734,99.26000213623047,100.3499984741211,283000
24-01-2025,99.77999877929688,100.36000061035156,98.94000244140625,99.62000274658203,214000
27-01-2025,98.0999984741211,99.76000213623047,96.79000091552734,97.19999694824219,331100
28-01-2025,97.48999786376953,99.5999984741211,97.04000091552734,98.02999877929688,323700
29-01-2025,98.33000183105469,100.23999786376953,98.0199966430664,99.86000061035156,349500
30-01-2025,100.43000030517578,103.1500015258789,100.43000030517578,102.41999816894531,765200
31-01-2025,109.9000015258789,112.44000244140625,105.55999755859375,107.12999725341797,920500
03-02-2025,104.0199966430664,105.2300033569336,101.83999633789062,104.75,646000
04-02-2025,105.29000091552734,107.83000183105469,104.0,107.5999984741211,482500
05-02-2025,108.13999938964844,110.66999816894531,107.16999816894531,110.11000061035156,444500
06-02-2025,110.33999633789062,110.33999633789062,107.93000030517578,109.16999816894531,363700
07-02-2025,109.31999969482422,109.88999938964844,106.37000274658203,107.11000061035156,437900
10-02-2025,107.55999755859375,108.16999816894531,105.76000213623047,107.87000274658203,380300
11-02-2025,106.5,106.80999755859375,105.33000183105469,106.33000183105469,397000
12-02-2025,104.80999755859375,106.0,103.95999908447266,105.0,423100
13-02-2025,106.04000091552734,106.79000091552734,102.55999755859375,103.31999969482422,435300
14-02-2025,104.25,105.41000366210938,102.55999755859375,103.47000122070312,401300
18-02-2025,103.94999694824219,105.91000366210938,102.55999755859375,105.91000366210938,372800
19-02-2025,105.0,107.26000213623047,104.94999694824219,106.51000213623047,390200
20-02-2025,105.70999908447266,105.83000183105469,103.26000213623047,105.2699966430664,379400
21-02-2025,106.06999969482422,106.54000091552734,97.5999984741211,97.66999816894531,531000
24-02-2025,97.61000061035156,99.4800033569336,94.68000030517578,97.94999694824219,559300
25-02-2025,97.72000122070312,99.62000274658203,96.19999694824219,98.01000213623047,381100
26-02-2025,99.05000305175781,103.58999633789062,99.05000305175781,101.95999908447266,446100
27-02-2025,102.81999969482422,104.58999633789062,99.98999786376953,100.06999969482422,559600
28-02-2025,100.80999755859375,103.23999786376953,100.33000183105469,102.30999755859375,526900
03-03-2025,102.33000183105469,105.0,98.94999694824219,99.8499984741211,443700
04-03-2025,97.9000015258789,99.80000305175781,96.12000274658203,98.29000091552734,365400
05-03-2025,99.19000244140625,100.3499984741211,98.16999816894531,99.94000244140625,318700
06-03-2025,97.8499984741211,99.16000366210938,93.70999908447266,93.97000122070312,333600
07-03-2025,93.97000122070312,93.97000122070312,86.26000213623047,90.81999969482422,737500
10-03-2025,89.33000183105469,90.87999725341797,88.4000015258789,89.87999725341797,515800
11-03-2025,89.95999908447266,95.47000122070312,89.91999816894531,93.66000366210938,457600
12-03-2025,95.91000366210938,97.19000244140625,93.98999786376953,95.2699966430664,703100
13-03-2025,95.0199966430664,95.55999755859375,91.5,93.51000213623047,507500
14-03-2025,94.52999877929688,98.05000305175781,93.12000274658203,97.31999969482422,713700
17-03-2025,96.31999969482422,98.0999984741211,95.69999694824219,97.3499984741211,409200
18-03-2025,96.18000030517578,97.38999938964844,95.62999725341797,95.87999725341797,347500
19-03-2025,95.93000030517578,100.06999969482422,95.86000061035156,99.44999694824219,281400
20-03-2025,97.56999969482422,100.48999786376953,97.43000030517578,98.73999786376953,282800
21-03-2025,97.70999908447266,100.16000366210938,96.2699966430664,98.80999755859375,872000
24-03-2025,100.27999877929688,103.5,100.27999877929688,103.29000091552734,326100
25-03-2025,102.81999969482422,104.23999786376953,100.68000030517578,101.97000122070312,324100
26-03-2025,102.19999694824219,103.12000274658203,100.52999877929688,101.27999877929688,200300
27-03-2025,100.4800033569336,103.11000061035156,100.4800033569336,102.88999938964844,290700
28-03-2025,102.72000122070312,102.83999633789062,99.11000061035156,102.0999984741211,444500
31-03-2025,99.37000274658203,101.19000244140625,97.5,100.63999938964844,477300
01-04-2025,100.1500015258789,102.73999786376953,100.13999938964844,101.97000122070312,316800
02-04-2025,100.73999786376953,106.6500015258789,100.73999786376953,105.77999877929688,482900
03-04-2025,100.8499984741211,103.04000091552734,98.55999755859375,100.91000366210938,424100
04-04-2025,96.56999969482422,99.95999908447266,95.62000274658203,98.0199966430664,794400
07-04-2025,95.0,103.94999694824219,92.45999908447266,98.72000122070312,1017500
08-04-2025,100.58000183105469,102.52999877929688,97.5,98.7699966430664,693600
09-04-2025,97.58000183105469,107.05000305175781,96.75,106.4800033569336,983900
10-04-2025,104.30000305175781,105.5199966430664,100.18000030517578,102.77999877929688,464600
11-04-2025,102.66999816894531,104.58000183105469,100.25,103.77999877929688,308800
14-04-2025,105.44000244140625,106.08999633789062,102.13999938964844,104.66000366210938,519700
15-04-2025,106.0,106.68000030517578,104.86000061035156,106.36000061035156,386000
16-04-2025,105.12999725341797,109.16999816894531,104.94999694824219,106.69999694824219,910100
17-04-2025,107.0,109.44000244140625,105.7699966430664,106.04000091552734,434900
21-04-2025,105.48999786376953,106.05999755859375,97.22000122070312,97.31999969482422,795300
22-04-2025,99.12999725341797,102.93000030517578,98.4000015258789,102.13999938964844,513900
23-04-2025,106.58000183105469,107.86000061035156,104.18000030517578,105.08000183105469,592400
24-04-2025,105.25,106.66999816894531,104.05999755859375,104.44999694824219,299300
25-04-2025,104.97000122070312,105.70999908447266,103.12999725341797,105.41000366210938,275700
28-04-2025,105.9800033569336,107.80999755859375,104.12999725341797,106.44999694824219,352000
29-04-2025,106.0,107.83000183105469,105.12000274658203,107.70999908447266,308500
30-04-2025,106.66999816894531,106.72000122070312,103.12999725341797,106.19999694824219,432100
01-05-2025,106.80999755859375,109.80000305175781,105.88999938964844,107.23999786376953,771000
02-05-2025,108.30999755859375,114.70999908447266,108.30999755859375,114.4000015258789,791200
05-05-2025,112.83000183105469,115.97000122070312,112.55999755859375,113.97000122070312,474600
06-05-2025,112.19999694824219,113.80000305175781,111.19999694824219,112.80999755859375,591300
07-05-2025,115.25,116.7699966430664,113.93000030517578,114.73999786376953,661500
08-05-2025,116.13999938964844,117.88999938964844,114.0999984741211,115.87999725341797,856200
09-05-2025,122.5999984741211,136.39999389648438,122.5999984741211,136.25,1962600
12-05-2025,140.1199951171875,140.1199951171875,129.36000061035156,131.88999938964844,1073200
13-05-2025,131.7899932861328,133.1300048828125,127.29000091552734,127.55000305175781,777800
14-05-2025,127.61000061035156,130.1999969482422,126.83999633789062,129.72000122070312,600100
15-05-2025,129.74000549316406,131.3800048828125,129.00999450683594,130.39999389648438,401300
16-05-2025,130.38999938964844,134.8000030517578,130.0500030517578,134.74000549316406,623700
19-05-2025,134.0,135.5,131.2899932861328,134.91000366210938,565900
20-05-2025,134.52000427246094,134.75,132.1300048828125,133.27999877929688,267000
21-05-2025,131.66000366210938,133.27999877929688,130.02999877929688,130.6999969482422,274500
22-05-2025,130.9499969482422,131.4499969482422,128.10000610351562,128.4600067138672,294200
23-05-2025,127.86000061035156,129.55999755859375,125.95999908447266,128.5,675700
27-05-2025,129.64999389648438,130.89999389648438,128.00999450683594,129.6999969482422,413900
28-05-2025,129.0,132.9499969482422,128.5,132.64999389648438,638100
29-05-2025,131.77000427246094,131.77000427246094,128.94000244140625,129.7899932861328,503500
30-05-2025,129.25999450683594,133.1699981689453,128.57000732421875,132.02999877929688,563300
02-06-2025,131.39999389648438,133.47999572753906,130.0399932861328,133.27000427246094,393300
03-06-2025,133.67999267578125,134.49000549316406,126.0999984741211,129.8699951171875,650800
04-06-2025,130.14999389648438,130.97000122070312,128.75999450683594,129.3000030517578,234900
05-06-2025,128.89999389648438,129.1999969482422,126.9000015258789,127.8499984741211,382500
06-06-2025,129.6199951171875,129.89999389648438,127.27999877929688,128.22999572753906,252800
09-06-2025,127.47000122070312,128.3000030517578,119.27999877929688,121.38999938964844,551300
10-06-2025,121.5199966430664,121.5199966430664,117.11000061035156,119.18000030517578,382000
11-06-2025,119.9800033569336,120.98999786376953,119.19999694824219,120.04000091552734,361800
12-06-2025,120.01000213623047,121.08000183105469,118.55999755859375,119.94000244140625,457600
13-06-2025,118.3499984741211,122.31999969482422,117.5999984741211,121.83999633789062,353600
16-06-2025,122.5999984741211,125.9800033569336,121.97000122070312,123.30999755859375,549200
17-06-2025,122.94000244140625,123.76000213623047,120.5199966430664,122.91000366210938,318500
18-06-2025,122.52999877929688,125.36000061035156,122.16999816894531,124.5,423800
20-06-2025,125.31999969482422,129.8800048828125,123.12000274658203,125.08000183105469,951200
23-06-2025,124.8499984741211,128.3699951171875,122.7300033569336,128.02999877929688,367600
24-06-2025,128.8000030517578,128.8000030517578,125.56999969482422,126.27999877929688,398700
25-06-2025,126.80000305175781,126.80000305175781,122.55999755859375,123.16000366210938,333300
26-06-2025,124.05000305175781,125.37999725341797,120.0,125.37999725341797,348500
27-06-2025,124.97000122070312,130.39999389648438,124.33999633789062,128.49000549316406,1296200
30-06-2025,128.8699951171875,129.94000244140625,126.63999938964844,127.2300033569336,343000
01-07-2025,126.61000061035156,127.36000061035156,123.13999938964844,124.4000015258789,462400
02-07-2025,123.26000213623047,124.20999908447266,118.01000213623047,121.83000183105469,508000
03-07-2025,121.41000366210938,123.2300033569336,118.97000122070312,123.05000305175781,287300
07-07-2025,122.63999938964844,123.8499984741211,120.43000030517578,121.66000366210938,357600
08-07-2025,122.05000305175781,122.05000305175781,118.54000091552734,120.0,388900
09-07-2025,120.43000030517578,120.5199966430664,118.83000183105469,120.4000015258789,259300
10-07-2025,119.91000366210938,120.41000366210938,118.8499984741211,118.8499984741211,385400
11-07-2025,118.38999938964844,119.5,116.87000274658203,117.98999786376953,283900
14-07-2025,118.80999755859375,119.37999725341797,116.75,118.7699966430664,285400
15-07-2025,119.45999908447266,120.3499984741211,116.80000305175781,117.8499984741211,354600
16-07-2025,117.8499984741211,118.94000244140625,114.94000244140625,116.5199966430664,449400
17-07-2025,116.4000015258789,117.18000030517578,114.93000030517578,116.58000183105469,440700
18-07-2025,116.6500015258789,117.91999816894531,116.05000305175781,117.08000183105469,355200
21-07-2025,117.05999755859375,118.12999725341797,114.5,116.1500015258789,424600
22-07-2025,116.1500015258789,116.91000366210938,113.73999786376953,114.6500015258789,525700
23-07-2025,114.5,114.7300033569336,112.1500015258789,114.55000305175781,289500
24-07-2025,114.19000244140625,115.22000122070312,113.06999969482422,114.30000305175781,277000
25-07-2025,114.80999755859375,116.55000305175781,113.75,115.12000274658203,304800
28-07-2025,115.16000366210938,115.79000091552734,111.52999877929688,113.83000183105469,398200
29-07-2025,114.31999969482422,115.0,112.01000213623047,113.94000244140625,285800
30-07-2025,113.9000015258789,115.05999755859375,113.19000244140625,114.12000274658203,331900
31-07-2025,113.62999725341797,114.98999786376953,112.19000244140625,114.2699966430664,360900
01-08-2025,114.69999694824219,116.08999633789062,113.06999969482422,114.7699966430664,401300
04-08-2025,115.0,116.77999877929688,113.58999633789062,114.58999633789062,289600
05-08-2025,114.73999786376953,116.80999755859375,113.55000305175781,115.33000183105469,322200
06-08-2025,115.54000091552734,119.9800033569336,115.37000274658203,119.81999969482422,469400
07-08-2025,118.87999725341797,122.0,117.0199966430664,119.2300033569336,960400
08-08-2025,121.66999816894531,127.0,117.0,121.83999633789062,727300
11-08-2025,121.2699966430664,122.25,117.87000274658203,120.22000122070312,494600
12-08-2025,123.16000366210938,127.04000091552734,120.58999633789062,126.98999786376953,432900
13-08-2025,128.0,131.0,126.72000122070312,129.19000244140625,551100
14-08-2025,129.5,129.6300048828125,126.66000366210938,128.30999755859375,383200
15-08-2025,128.8800048828125,129.14999389648438,126.30999755859375,128.8000030517578,336900
18-08-2025,128.4499969482422,129.60000610351562,127.19000244140625,128.52999877929688,371000
19-08-2025,128.52999877929688,129.47999572753906,127.80000305175781,129.24000549316406,234500
20-08-2025,129.0399932861328,130.83999633789062,127.31999969482422,130.47000122070312,310700
21-08-2025,130.77000427246094,133.5399932861328,129.02999877929688,132.88999938964844,269400
22-08-2025,133.4199981689453,136.25999450683594,132.72000122070312,134.8800048828125,560600
25-08-2025,135.22000122070312,137.2100067138672,134.25999450683594,135.3300018310547,379600
26-08-2025,134.97000122070312,137.50999450683594,134.35000610351562,135.89999389648438,535500
27-08-2025,135.6699981689453,136.74000549316406,134.27999877929688,134.5800018310547,389600
28-08-2025,134.47000122070312,134.6300048828125,130.0,131.77000427246094,431800
29-08-2025,131.6999969482422,132.1300048828125,130.1999969482422,130.9499969482422,316900
02-09-2025,129.35000610351562,132.9499969482422,129.02000427246094,132.35000610351562,295700
03-09-2025,132.30999755859375,135.0800018310547,132.30999755859375,134.42999267578125,424200
04-09-2025,134.47999572753906,136.3699951171875,133.7100067138672,134.77000427246094,288100
05-09-2025,135.05999755859375,136.36000061035156,132.5399932861328,134.4499969482422,239500
08-09-2025,134.52000427246094,137.22999572753906,133.47000122070312,136.27999877929688,290900
09-09-2025,136.50999450683594,136.61000061035156,134.22000122070312,136.1999969482422,317600
10-09-2025,136.32000732421875,136.32000732421875,132.94000244140625,133.13999938964844,322700
11-09-2025,133.5500030517578,138.99000549316406,131.82000732421875,138.60000610351562,416600
12-09-2025,137.86000061035156,139.92999267578125,136.91000366210938,137.30999755859375,228800
15-09-2025,137.88999938964844,137.88999938964844,133.9499969482422,135.41000366210938,256500
16-09-2025,134.8699951171875,136.0800018310547,132.0,135.60000610351562,246800
17-09-2025,135.52999877929688,137.3699951171875,134.89999389648438,136.11000061035156,232400
18-09-2025,136.9600067138672,140.66000366210938,136.38999938964844,139.63999938964844,358800
19-09-2025,140.19000244140625,141.67999267578125,138.86000061035156,140.58999633789062,918800
22-09-2025,140.58999633789062,144.47999572753906,140.49000549316406,143.36000061035156,439900
23-09-2025,142.92999267578125,144.77000427246094,141.11000061035156,144.08999633789062,881900
24-09-2025,144.08999633789062,146.8699951171875,142.60000610351562,145.27000427246094,300600
25-09-2025,144.9600067138672,148.22999572753906,144.4499969482422,147.8800048828125,315500
26-09-2025,147.92999267578125,152.30999755859375,147.33999633789062,152.17999267578125,406700
29-09-2025,152.74000549316406,154.47000122070312,150.75,153.5500030517578,456400
30-09-2025,153.33999633789062,155.38999938964844,151.4499969482422,154.4499969482422,314100
01-10-2025,152.10000610351562,152.92999267578125,149.08999633789062,150.27999877929688,297800
02-10-2025,150.85000610351562,151.27999877929688,147.85000610351562,149.9499969482422,317000
03-10-2025,149.9499969482422,150.89999389648438,148.4600067138672,148.49000549316406,360300
06-10-2025,149.22000122070312,151.35000610351562,148.57000732421875,149.8699951171875,211900
07-10-2025,150.0,150.0,142.0,144.58999633789062,423300
08-10-2025,145.4199981689453,147.58999633789062,144.38999938964844,146.32000732421875,259100
09-10-2025,146.13999938964844,146.89999389648438,143.5800018310547,143.58999633789062,256300
10-10-2025,143.5800018310547,145.07000732421875,141.63999938964844,142.5800018310547,242200
13-10-2025,142.5399932861328,145.61000061035156,142.47000122070312,145.11000061035156,268000
14-10-2025,144.50999450683594,149.97000122070312,143.75999450683594,149.72999572753906,364100
15-10-2025,150.35000610351562,152.64999389648438,148.00999450683594,148.6199951171875,309500
16-10-2025,148.6199951171875,150.91000366210938,147.00999450683594,147.60000610351562,276200
17-10-2025,147.0,151.5500030517578,144.3000030517578,151.3300018310547,230400
20-10-2025,151.3300018310547,153.83999633789062,150.17999267578125,153.10000610351562,194700
21-10-2025,153.08999633789062,153.99000549316406,150.99000549316406,153.0800018310547,254700
22-10-2025,153.77000427246094,154.9499969482422,150.24000549316406,152.24000549316406,218700
23-10-2025,152.08999633789062,153.69000244140625,150.39999389648438,153.0399932861328,195700
24-10-2025,153.6999969482422,156.25999450683594,152.52000427246094,152.97000122070312,205400
27-10-2025,153.0800018310547,154.42999267578125,151.52000427246094,153.83999633789062,185900
28-10-2025,153.6699981689453,154.91000366210938,152.0,153.97999572753906,156400
29-10-2025,151.24000549316406,152.1199951171875,139.13999938964844,141.0399932861328,639800
30-10-2025,141.60000610351562,145.44000244140625,140.5500030517578,141.77000427246094,494400
31-10-2025,130.57000732421875,135.99000549316406,94.29000091552734,98.0199966430664,3507400
03-11-2025,99.0,99.80999755859375,92.73999786376953,95.5999984741211,1884900
04-11-2025,94.94000244140625,96.48999786376953,91.02999877929688,92.22000122070312,1211100
05-11-2025,95.47000122070312,99.05000305175781,93.68000030517578,97.48999786376953,1071100
06-11-2025,98.19000244140625,100.30000305175781,94.93000030517578,95.13999938964844,791700
07-11-2025,94.5199966430664,96.91000366210938,93.62000274658203,94.88999938964844,703100
10-11-2025,95.5,97.31999969482422,94.06999969482422,95.19000244140625,484300
11-11-2025,94.9800033569336,97.06999969482422,94.19000244140625,96.51000213623047,530000
12-11-2025,96.0199966430664,98.20999908447266,95.19000244140625,96.86000061035156,699600
13-11-2025,96.47000122070312,98.08999633789062,95.19999694824219,96.26000213623047,600600
14-11-2025,94.87000274658203,98.30999755859375,94.55000305175781,96.47000122070312,522900
17-11-2025,96.44000244140625,96.95999908447266,93.5199966430664,93.77999877929688,516500
18-11-2025,94.25,96.66999816894531,94.25,95.75,499000
19-11-2025,96.0199966430664,96.66999816894531,95.20999908447266,95.80000305175781,491200
20-11-2025,95.95999908447266,96.41999816894531,93.68000030517578,93.77999877929688,609000
21-11-2025,93.94999694824219,95.5199966430664,91.94000244140625,93.37000274658203,755400
24-11-2025,93.58999633789062,93.98999786376953,86.97000122070312,89.36000061035156,1682700
25-11-2025,89.91000366210938,92.36000061035156,89.0199966430664,89.61000061035156,1100000
26-11-2025,90.37000274658203,93.73999786376953,90.37000274658203,92.48999786376953,658000
28-11-2025,92.43000030517578,93.70999908447266,92.18000030517578,92.55999755859375,256300
01-12-2025,91.3499984741211,95.52999877929688,90.56999969482422,93.83000183105469,545800
02-12-2025,94.25,95.91000366210938,93.95999908447266,94.2699966430664,672800
03-12-2025,93.80999755859375,96.26000213623047,93.80999755859375,94.3499984741211,801100
04-12-2025,95.01000213623047,96.62000274658203,94.45999908447266,96.11000061035156,627900
05-12-2025,96.0199966430664,96.9000015258789,92.80000305175781,94.54000091552734,559900
08-12-2025,94.54000091552734,95.0,93.5199966430664,93.55999755859375,538900
09-12-2025,93.19000244140625,94.61000061035156,92.77999877929688,94.0999984741211,532500
10-12-2025,93.66999816894531,94.87000274658203,92.68000030517578,93.0199966430664,530400
11-12-2025,93.2699966430664,94.4000015258789,92.55999755859375,93.0999984741211,633500
12-12-2025,93.87000274658203,94.62999725341797,92.5,92.87999725341797,487200
15-12-2025,96.36000061035156,99.55999755859375,95.58999633789062,97.76000213623047,540400
16-12-2025,98.2300033569336,102.31999969482422,98.0199966430664,100.31999969482422,782000
17-12-2025,100.12000274658203,101.68000030517578,99.5,100.0,497300
18-12-2025,100.62000274658203,101.58999633789062,98.97000122070312,99.4000015258789,495600
19-12-2025,100.51000213623047,101.75,99.58999633789062,100.5999984741211,859200
22-12-2025,100.33999633789062,102.77999877929688,99.2699966430664,102.7300033569336,381300
23-12-2025,102.63999938964844,104.19999694824219,102.36000061035156,103.62000274658203,436700
24-12-2025,102.80999755859375,104.16999816894531,102.7699966430664,103.66000366210938,186500
26-12-2025,103.58000183105469,104.9000015258789,103.01000213623047,104.68000030517578,323000
29-12-2025,104.33999633789062,104.63999938964844,103.55000305175781,104.52999877929688,345000
30-12-2025,104.5199966430664,104.73999786376953,103.58999633789062,104.0,322000
31-12-2025,103.81999969482422,104.11000061035156,103.08999633789062,103.47000122070312,331000
02-01-2026,103.47000122070312,105.2300033569336,103.11000061035156,104.47000122070312,301600
05-01-2026,104.2300033569336,113.11000061035156,104.2300033569336,109.58000183105469,485400
06-01-2026,109.33000183105469,111.55000305175781,108.13999938964844,110.52999877929688,375600
07-01-2026,111.05000305175781,111.05000305175781,108.52999877929688,109.94999694824219,275500
08-01-2026,109.75,113.12000274658203,109.75,113.12000274658203,313000
09-01-2026,112.11000061035156,113.87000274658203,111.30999755859375,113.56999969482422,210900
12-01-2026,113.12000274658203,116.41999816894531,112.27999877929688,116.05000305175781,382900
13-01-2026,116.33999633789062,116.37999725341797,113.12999725341797,114.55999755859375,231100
14-01-2026,114.01000213623047,115.7300033569336,112.08999633789062,114.69000244140625,360400
15-01-2026,115.66999816894531,120.52999877929688,114.95999908447266,117.38999938964844,468200
16-01-2026,117.83000183105469,118.0,115.91000366210938,116.8499984741211,313200
20-01-2026,115.69000244140625,118.4000015258789,115.5,118.2699966430664,266400
21-01-2026,119.45999908447266,122.23999786376953,118.73999786376953,121.58999633789062,309100
22-01-2026,122.19000244140625,124.11000061035156,120.55000305175781,121.66999816894531,248000
23-01-2026,121.94999694824219,122.30999755859375,119.13999938964844,121.27999877929688,297000
26-01-2026,121.44999694824219,121.81999969482422,116.9800033569336,118.19999694824219,442300
27-01-2026,117.98999786376953,118.83000183105469,114.69999694824219,115.22000122070312,607000
28-01-2026,117.13999938964844,117.77999877929688,114.27999877929688,115.91999816894531,790000
29-01-2026,121.79000091552734,124.5999984741211,102.16000366210938,107.77999877929688,1516600
30-01-2026,108.33000183105469,109.83999633789062,103.2300033569336,103.55000305175781,835100
02-02-2026,103.87000274658203,107.26000213623047,102.91000366210938,105.68000030517578,546400
03-02-2026,104.62000274658203,105.38999938964844,97.23999786376953,99.41000366210938,795200
04-02-2026,98.76000213623047,101.7300033569336,97.79000091552734,100.44999694824219,538500
05-02-2026,100.98999786376953,103.8499984741211,100.11000061035156,103.22000122070312,450300
06-02-2026,104.97000122070312,105.98999786376953,103.72000122070312,104.4800033569336,332700
09-02-2026,103.47000122070312,103.94999694824219,100.86000061035156,102.62000274658203,379600
10-02-2026,103.16999816894531,104.27999877929688,100.68000030517578,100.83999633789062,314800
11-02-2026,100.66000366210938,101.33999633789062,94.62999725341797,95.16999816894531,381900
12-02-2026,95.30999755859375,96.79000091552734,90.47000122070312,92.91999816894531,632700
13-02-2026,93.44999694824219,96.19999694824219,92.5999984741211,95.5199966430664,433000
17-02-2026,95.2699966430664,97.22000122070312,94.3499984741211,95.58999633789062,336000
18-02-2026,95.12000274658203,97.88999938964844,95.12000274658203,97.61000061035156,353200
19-02-2026,96.62000274658203,97.87999725341797,95.30000305175781,96.75,483800
20-02-2026,97.37000274658203,99.13999938964844,96.4800033569336,96.63999938964844,422100
23-02-2026,96.0,99.72000122070312,95.9000015258789,98.54000091552734,683200
24-02-2026,98.52999877929688,99.80000305175781,94.11000061035156,99.58999633789062,324400
25-02-2026,99.19000244140625,100.41999816894531,94.22000122070312,96.06999969482422,484100
26-02-2026,97.98999786376953,100.52999877929688,96.11000061035156,98.76000213623047,383400
27-02-2026,97.23999786376953,99.94000244140625,97.0,98.0,602700
02-03-2026,96.81999969482422,100.13999938964844,96.08000183105469,99.80999755859375,550700
03-03-2026,97.8499984741211,103.27999877929688,97.11000061035156,102.69999694824219,345800
04-03-2026,101.73999786376953,103.56999969482422,98.41000366210938,100.63999938964844,530600
05-03-2026,100.36000061035156,102.23999786376953,100.01000213623047,102.04000091552734,235800
06-03-2026,102.6500015258789,104.08000183105469,99.45999908447266,102.05000305175781,265400
09-03-2026,101.5199966430664,103.2300033569336,99.01000213623047,103.12999725341797,332200
10-03-2026,102.08999633789062,103.05999755859375,99.7300033569336,101.12000274658203,305300
11-03-2026,101.0,101.91000366210938,99.0999984741211,101.0999984741211,354500
12-03-2026,101.91999816894531,105.05999755859375,100.47000122070312,103.83999633789062,294200
13-03-2026,104.16999816894531,106.0,102.55999755859375,105.11000061035156,246700
16-03-2026,105.47000122070312,105.7300033569336,103.12999725341797,105.06999969482422,315600
17-03-2026,104.72000122070312,108.05999755859375,104.47000122070312,106.63999938964844,329200
18-03-2026,105.30000305175781,108.0,104.30000305175781,105.63999938964844,351400
19-03-2026,105.5,107.83999633789062,104.70999908447266,106.9800033569336,381700
20-03-2026,107.62999725341797,107.62999725341797,103.58999633789062,106.48999786376953,1597500
23-03-2026,107.33000183105469,111.22000122070312,106.2699966430664,109.63999938964844,352500
24-03-2026,110.4000015258789,114.37999725341797,110.02999877929688,113.08000183105469,395300
25-03-2026,113.2699966430664,116.02999877929688,110.72000122070312,115.9800033569336,270400
26-03-2026,115.33999633789062,117.5,115.33999633789062,116.38999938964844,310100
27-03-2026,115.08999633789062,116.30999755859375,113.0,114.61000061035156,296800
30-03-2026,115.7699966430664,117.6500015258789,113.3499984741211,114.02999877929688,404800
31-03-2026,114.43000030517578,116.43000030517578,112.05000305175781,115.25,364500
01-04-2026,116.70999908447266,117.87999725341797,113.97000122070312,116.66000366210938,205500
02-04-2026,116.48999786376953,118.0,114.30000305175781,117.9000015258789,167500
06-04-2026,116.12999725341797,118.80000305175781,115.94999694824219,117.19999694824219,197600
07-04-2026,117.94000244140625,118.19000244140625,114.62000274658203,114.94000244140625,315800
08-04-2026,116.1500015258789,118.4000015258789,114.88999938964844,118.0,498600
09-04-2026,115.0,116.37000274658203,114.02999877929688,114.26000213623047,327400
10-04-2026,113.7699966430664,114.20999908447266,109.88999938964844,112.04000091552734,227100
13-04-2026,111.69999694824219,113.3499984741211,111.0,113.12999725341797,212000
14-04-2026,112.73999786376953,114.66000366210938,112.73999786376953,113.56999969482422,203200
15-04-2026,113.30999755859375,114.18000030517578,111.95999908447266,112.48999786376953,208000
16-04-2026,112.73999786376953,116.31999969482422,111.0,116.0,192600
17-04-2026,116.51000213623047,119.12999725341797,116.0,117.91000366210938,284500
20-04-2026,117.7300033569336,119.2300033569336,117.0,118.73999786376953,200500
21-04-2026,118.83999633789062,119.19000244140625,117.55000305175781,117.76000213623047,250200
22-04-2026,118.08000183105469,118.16999816894531,116.05999755859375,117.66000366210938,155100
23-04-2026,116.76000213623047,117.19999694824219,105.87999725341797,110.33000183105469,414700
24-04-2026,110.11000061035156,112.06999969482422,105.66999816894531,107.62999725341797,546400
27-04-2026,108.18000030517578,112.43000030517578,108.18000030517578,112.38999938964844,249700
28-04-2026,113.0,116.11000061035156,112.0,113.16000366210938,324100
29-04-2026,112.01000213623047,116.06999969482422,112.01000213623047,114.62000274658203,344100
30-04-2026,113.52999877929688,115.33999633789062,112.55000305175781,115.22000122070312,225000
01-05-2026,115.76000213623047,115.76000213623047,112.66000366210938,113.86000061035156,259700
04-05-2026,113.48999786376953,114.44000244140625,111.66000366210938,113.37000274658203,292600
05-05-2026,113.58000183105469,119.41000366210938,111.79000091552734,118.06999969482422,304800
06-05-2026,118.01000213623047,119.05000305175781,113.80000305175781,115.30999755859375,238600
07-05-2026,116.1500015258789,118.93000030517578,115.05000305175781,117.0,383000
08-05-2026,121.98999786376953,133.74000549316406,121.4000015258789,133.72999572753906,703000
11-05-2026,131.72000122070312,133.74000549316406,125.18000030517578,130.22999572753906,451600
12-05-2026,129.83999633789062,129.99000549316406,126.69000244140625,128.47999572753906,239700
13-05-2026,127.56999969482422,129.83999633789062,124.29000091552734,128.8000030517578,322100
14-05-2026,129.69000244140625,130.83999633789062,126.06999969482422,126.51000213623047,258500
15-05-2026,125.62999725341797,126.72000122070312,122.87999725341797,122.93000030517578,214200
18-05-2026,123.66000366210938,129.25999450683594,122.19000244140625,127.8499984741211,256100
19-05-2026,128.14999389648438,131.1699981689453,125.52999877929688,126.0199966430664,234300
20-05-2026,125.68000030517578,126.7300033569336,122.72000122070312,126.01000213623047,344500
21-05-2026,124.83999633789062,124.83999633789062,120.87999725341797,124.08000183105469,239700
22-05-2026,124.20999908447266,125.62999725341797,122.45999908447266,125.1500015258789,248600
26-05-2026,123.91000366210938,125.55000305175781,122.43000030517578,124.2699966430664,234900
27-05-2026,123.80999755859375,126.0,122.12999725341797,122.54000091552734,284800
28-05-2026,123.12000274658203,123.62999725341797,121.0199966430664,121.12999725341797,240600
29-05-2026,120.88999938964844,121.2699966430664,117.44999694824219,117.80000305175781,516800
01-06-2026,117.0,122.69999694824219,116.38999938964844,122.06999969482422,326600
02-06-2026,122.0,124.9000015258789,121.05999755859375,122.26000213623047,197500
03-06-2026,124.11000061035156,124.11000061035156,119.68000030517578,123.05999755859375,350800
04-06-2026,124.66999816894531,126.91999816894531,123.7699966430664,124.44999694824219,242500
05-06-2026,125.63999938964844,128.0500030517578,124.95999908447266,126.6500015258789,287200
08-06-2026,126.95999908447266,129.0399932861328,126.12000274658203,126.33000183105469,228500
09-06-2026,126.4000015258789,127.19999694824219,124.58999633789062,126.08000183105469,173100
10-06-2026,126.73999786376953,130.5,126.0999984741211,130.25,258500
11-06-2026,132.0,132.89999389648438,130.0,131.88999938964844,211400
12-06-2026,131.00999450683594,132.8000030517578,127.88999938964844,128.39999389648438,296000
15-06-2026,125.95999908447266,127.16000366210938,117.06999969482422,117.6500015258789,374300
16-06-2026,118.52999877929688,119.0199966430664,115.18000030517578,117.88999938964844,406300
17-06-2026,117.7699966430664,119.19000244140625,115.95999908447266,117.33999633789062,277500
18-06-2026,116.69999694824219,119.41999816894531,115.5,119.06999969482422,483500
22-06-2026,118.30000305175781,120.26000213623047,117.16000366210938,119.27999877929688,471500
23-06-2026,119.20999908447266,122.80999755859375,119.20999908447266,120.7300033569336,314500
24-06-2026,120.48999786376953,123.0999984741211,120.05000305175781,122.80999755859375,279700
25-06-2026,123.22000122070312,127.4800033569336,122.3499984741211,124.16000366210938,355900
26-06-2026,123.88999938964844,128.3699951171875,122.33999633789062,127.52999877929688,901700
29-06-2026,126.70999908447266,127.77999877929688,123.66000366210938,123.8499984741211,410100
30-06-2026,123.18000030517578,127.06999969482422,122.36000061035156,124.66000366210938,277200
01-07-2026,124.86000061035156,131.55999755859375,124.3499984741211,128.22999572753906,318900
02-07-2026,129.11000061035156,131.77999877929688,128.69000244140625,129.8800048828125,294000
06-07-2026,129.02000427246094,131.3000030517578,125.19000244140625,129.55999755859375,394600
07-07-2026,131.63999938964844,135.60000610351562,129.44000244140625,135.5500030517578,464700
08-07-2026,135.36000061035156,135.9600067138672,130.72000122070312,130.85000610351562,321300
09-07-2026,129.33999633789062,132.5500030517578,128.24000549316406,131.32000732421875,316200
10-07-2026,131.63999938964844,132.52000427246094,129.17999267578125,130.89999389648438,301000
13-07-2026,132.3800048828125,135.16000366210938,130.69000244140625,133.17999267578125,258100
14-07-2026,132.3800048828125,135.16000366210938,130.64999389648438,132.11000061035156,252400
15-07-2026,132.8699951171875,132.91000366210938,115.55999755859375,115.81999969482422,753200
16-07-2026,116.06999969482422,119.94000244140625,113.97000122070312,116.22000122070312,489300
17-07-2026,115.08000183105469,119.47000122070312,112.86000061035156,118.0,577100
20-07-2026,117.88999938964844,118.30999755859375,114.91000366210938,115.04000091552734,232800
21-07-2026,115.62000274658203,117.8499984741211,114.30000305175781,116.3499984741211,369500
22-07-2026,115.43000030517578,116.48999786376953,109.41999816894531,112.08000183105469,335700
23-07-2026,111.1500015258789,115.31999969482422,111.0,115.12999725341797,283500
24-07-2026,115.66000366210938,116.68000030517578,114.19999694824219,115.83999633789062,219900
27-07-2026,116.80999755859375,120.66999816894531,116.12000274658203,120.22000122070312,237900
28-07-2026,121.0,126.63999938964844,121.0,126.30000305175781,346800
29-07-2026,125.6500015258789,134.6699981689453,125.6500015258789,133.60000610351562,402000
30-07-2026,133.25,133.25,125.9000015258789,126.44000244140625,346000
31-07-2026,122.80999755859375,125.48999786376953,120.0999984741211,124.8499984741211,347200
03-08-2026,124.2699966430664,128.3000030517578,122.55999755859375,127.48999786376953,284700
04-08-2026,125.0999984741211,130.4600067138672,123.44999694824219,129.88999938964844,231300
05-08-2026,133.2899932861328,133.2899932861328,128.35000610351562,128.91000366210938,274200
06-08-2026,127.6500015258789,127.6500015258789,122.06999969482422,124.26000213623047,562600
07-08-2026,127.19000244140625,141.9199981689453,124.13999938964844,140.97999572753906,686900
10-08-2026,138.89999389648438,139.77999877929688,128.55999755859375,128.7100067138672,439700
11-08-2026,130.16000366210938,132.08999633789062,125.19000244140625,126.4800033569336,332900
12-08-2026,125.6500015258789,129.38999938964844,125.33999633789062,128.22000122070312,366000
13-08-2026,130.13999938964844,134.1199951171875,128.3000030517578,131.88999938964844,267400
14-08-2026,131.9600067138672,132.19000244140625,130.49000549316406,132.00999450683594,166400
17-08-2026,130.5,133.47000122070312,130.5,132.32000732421875,317400
18-08-2026,134.3000030517578,136.33999633789062,131.41000366210938,131.4600067138672,286800
19-08-2026,133.42999267578125,135.57000732421875,131.5,131.92999267578125,270400
20-08-2026,130.99000549316406,133.47999572753906,128.00999450683594,128.0399932861328,441000
21-08-2026,128.25,132.7899932861328,126.38999938964844,132.35000610351562,415500
24-08-2026,132.85000610351562,135.9600067138672,131.50999450683594,132.75999450683594,361900
25-08-2026,131.58999633789062,137.11000061035156,129.66000366210938,136.3800048828125,357000
26-08-2026,135.47999572753906,138.7100067138672,135.0,137.77999877929688,300300
27-08-2026,137.17999267578125,141.42999267578125,137.16000366210938,140.67999267578125,307600
28-08-2026,140.67999267578125,142.1300048828125,134.0500030517578,134.47000122070312,388900
31-08-2026,135.99000549316406,136.05999755859375,131.7899932861328,132.3300018310547,547000
01-09-2026,133.1199951171875,137.22000122070312,132.9499969482422,133.5800018310547,305600
02-09-2026,133.66000366210938,135.8800048828125,132.97999572753906,134.16000366210938,354700
03-09-2026,130.0,130.8800048828125,127.12000274658203,127.63999938964844,389400
04-09-2026,126.94999694824219,129.25999450683594,126.26000213623047,128.08999633789062,250700
08-09-2026,129.02999877929688,129.64999389648438,125.0199966430664,125.1500015258789,389200
09-09-2026,124.4800033569336,126.66999816894531,122.5199966430664,125.91000366210938,263500
10-09-2026,125.88999938964844,127.06999969482422,123.3499984741211,123.62999725341797,283200
11-09-2026,124.94000244140625,125.66999816894531,122.91999816894531,125.08999633789062,198600
14-09-2026,126.36000061035156,129.0399932861328,124.45999908447266,125.48999786376953,267400
15-09-2026,125.33999633789062,126.61000061035156,122.4000015258789,126.27999877929688,268300
16-09-2026,125.9800033569336,128.08999633789062,125.6500015258789,127.19999694824219,351200
17-09-2026,127.80000305175781,127.83999633789062,125.77999877929688,126.41000366210938,232000
18-09-2026,126.27999877929688,127.27999877929688,124.06999969482422,126.72000122070312,733500
21-09-2026,127.27999877929688,127.27999877929688,124.01000213623047,125.79000091552734,246700
22-09-2026,127.0,127.19999694824219,122.13999938964844,123.0,428100
23-09-2026,122.2699966430664,124.41999816894531,121.08999633789062,123.19000244140625,260900
24-09-2026,123.80000305175781,125.88999938964844,122.7300033569336,124.16000366210938,407300
25-09-2026,124.30999755859375,124.30999755859375,120.69999694824219,120.75,525900
28-09-2026,120.55000305175781,120.55000305175781,117.29000091552734,117.51000213623047,670100
29-09-2026,116.58999633789062,120.68000030517578,116.58999633789062,119.44999694824219,403800
