Date,Open,High,Low,Close,Volume
30-09-2021,17.920000076293945,18.43000030517578,17.290000915527344,17.5,391500
01-10-2021,17.309999465942383,17.90999984741211,17.1200008392334,17.700000762939453,539500
04-10-2021,17.559999465942383,17.67799949645996,17.010000228881836,17.020000457763672,371300
05-10-2021,17.09000015258789,17.6299991607666,16.261999130249023,16.3799991607666,343300
06-10-2021,16.100000381469727,16.518999099731445,15.649999618530272,16.209999084472656,686000
07-10-2021,16.6299991607666,17.579999923706055,16.309999465942383,16.93000030517578,512000
08-10-2021,16.979999542236328,17.34000015258789,16.75,16.8799991607666,246900
11-10-2021,16.829999923706055,17.434999465942383,16.200000762939453,16.200000762939453,419700
12-10-2021,16.299999237060547,17.239999771118164,16.040000915527344,16.770000457763672,451100
13-10-2021,16.700000762939453,16.969999313354492,16.389999389648438,16.65999984741211,259000
14-10-2021,16.709999084472656,17.799999237060547,16.709999084472656,17.489999771118164,492300
15-10-2021,17.43000030517578,17.889999389648438,16.989999771118164,17.030000686645508,265100
18-10-2021,16.93000030517578,17.100000381469727,16.510000228881836,16.860000610351562,392400
19-10-2021,16.899999618530273,17.4950008392334,16.8700008392334,17.040000915527344,415000
20-10-2021,17.18000030517578,17.299999237060547,16.75,16.950000762939453,144500
21-10-2021,16.920000076293945,17.81999969482422,16.860000610351562,17.760000228881836,296700
22-10-2021,17.59000015258789,17.959999084472656,17.301000595092773,17.549999237060547,144000
25-10-2021,17.510000228881836,18.46999931335449,17.329999923706055,18.200000762939453,272600
26-10-2021,18.239999771118164,18.32299995422364,17.459999084472656,17.56999969482422,141500
27-10-2021,17.649999618530273,18.06399917602539,17.389999389648438,17.469999313354492,195300
28-10-2021,17.469999313354492,18.290000915527344,17.469999313354492,17.959999084472656,166200
29-10-2021,17.90999984741211,19.299999237060547,17.8700008392334,19.299999237060547,495900
01-11-2021,19.36000061035156,20.290000915527344,19.299999237060547,19.700000762939453,518100
02-11-2021,19.739999771118164,20.01000022888184,19.11000061035156,20.01000022888184,277800
03-11-2021,19.549999237060547,19.61000061035156,17.211999893188477,17.93000030517578,708700
04-11-2021,17.81999969482422,18.5,17.68000030517578,17.690000534057617,311900
05-11-2021,17.440000534057617,17.610000610351562,16.299999237060547,17.290000915527344,1082400
08-11-2021,17.290000915527344,18.440000534057617,17.170000076293945,18.420000076293945,566700
09-11-2021,18.440000534057617,18.71999931335449,17.979999542236328,18.65999984741211,279500
10-11-2021,18.489999771118164,18.64999961853028,17.600000381469727,17.809999465942383,359100
11-11-2021,17.899999618530273,18.63999938964844,17.75,18.020000457763672,247900
12-11-2021,18.1200008392334,18.46999931335449,18.06999969482422,18.290000915527344,193100
15-11-2021,17.989999771118164,18.25,17.65999984741211,18.059999465942383,236000
16-11-2021,17.860000610351562,18.13999938964844,17.530000686645508,17.920000076293945,329300
17-11-2021,17.809999465942383,17.889999389648438,17.350000381469727,17.770000457763672,329800
18-11-2021,17.75,17.774999618530273,16.969999313354492,17.18000030517578,349200
19-11-2021,17.0,17.270999908447266,16.43000030517578,16.670000076293945,464400
22-11-2021,16.93000030517578,16.950000762939453,15.119999885559082,15.460000038146973,562800
23-11-2021,15.5600004196167,16.0,14.56999969482422,14.789999961853027,543700
24-11-2021,14.789999961853027,15.270000457763672,14.300000190734863,15.1899995803833,409100
26-11-2021,15.199999809265137,15.899999618530272,14.800000190734863,15.18000030517578,257500
29-11-2021,15.170000076293944,15.619999885559082,14.623000144958496,14.640000343322754,1000200
30-11-2021,14.510000228881836,14.75,13.81999969482422,14.43000030517578,1682700
01-12-2021,14.779999732971191,15.199999809265137,12.75,12.989999771118164,576000
02-12-2021,13.029999732971191,13.779999732971191,12.600000381469728,13.449999809265137,483300
03-12-2021,13.609999656677246,13.75,12.390000343322754,13.119999885559082,878700
06-12-2021,13.579999923706056,13.579999923706056,12.119999885559082,12.470000267028809,745700
07-12-2021,12.550000190734863,13.779999732971191,12.5,13.6899995803833,958000
08-12-2021,13.600000381469728,14.229999542236328,13.449999809265137,14.109999656677246,317500
09-12-2021,14.0,14.30799961090088,13.199999809265137,13.510000228881836,495700
10-12-2021,14.989999771118164,16.389999389648438,14.640000343322754,15.029999732971191,3138600
13-12-2021,15.0,15.869999885559082,14.609999656677246,15.81999969482422,1216500
14-12-2021,15.100000381469728,15.3100004196167,14.5600004196167,14.649999618530272,6660000
15-12-2021,14.5,15.18000030517578,14.072999954223633,15.109999656677246,857700
16-12-2021,15.149999618530272,15.25,14.140000343322754,14.270000457763672,1767100
17-12-2021,14.0,15.0,13.859999656677246,14.630000114440918,892300
20-12-2021,14.100000381469728,14.529999732971191,13.805999755859377,14.15999984741211,544100
21-12-2021,14.100000381469728,15.260000228881836,14.09000015258789,15.050000190734863,1122800
22-12-2021,14.979999542236328,15.520000457763672,14.829999923706056,15.4399995803833,1283400
23-12-2021,15.489999771118164,16.399999618530273,15.06999969482422,16.020000457763672,687800
27-12-2021,16.170000076293945,16.479999542236328,15.880000114440918,16.0,929100
28-12-2021,15.90999984741211,16.40999984741211,15.630000114440918,15.899999618530272,896000
29-12-2021,15.75,16.110000610351562,15.312000274658203,15.760000228881836,915100
30-12-2021,15.59000015258789,16.110000610351562,15.449999809265137,15.829999923706056,936400
31-12-2021,15.75,16.100000381469727,15.579999923706056,15.869999885559082,550300
03-01-2022,15.920000076293944,15.99899959564209,15.25,15.93000030517578,399700
04-01-2022,15.84000015258789,15.989999771118164,14.869999885559082,15.670000076293944,528500
05-01-2022,15.449999809265137,15.710000038146973,14.550000190734863,14.850000381469728,744200
06-01-2022,14.68000030517578,15.210000038146973,14.119999885559082,14.779999732971191,663300
07-01-2022,14.779999732971191,15.170000076293944,14.289999961853027,14.800000190734863,431400
10-01-2022,14.449999809265137,14.449999809265137,13.550000190734863,14.34000015258789,601300
11-01-2022,14.380000114440918,15.109999656677246,14.258000373840332,14.90999984741211,397800
12-01-2022,14.970000267028809,15.039999961853027,14.25,14.34000015258789,480100
13-01-2022,14.15999984741211,14.369999885559082,13.56999969482422,13.720000267028809,917100
14-01-2022,13.399999618530272,13.5600004196167,12.720000267028809,13.270000457763672,1100700
18-01-2022,13.270000457763672,13.270000457763672,12.489999771118164,12.6899995803833,1073600
19-01-2022,12.75,13.010000228881836,12.3100004196167,12.510000228881836,1416000
20-01-2022,12.720000267028809,12.899999618530272,11.529999732971191,11.56999969482422,1374200
21-01-2022,11.31999969482422,11.369999885559082,10.649999618530272,10.739999771118164,2379200
24-01-2022,10.40999984741211,10.90999984741211,9.619999885559082,10.770000457763672,1831400
25-01-2022,10.279999732971191,10.699999809265137,10.0649995803833,10.350000381469728,1195200
26-01-2022,10.579999923706056,11.234999656677246,10.229999542236328,10.470000267028809,1454300
27-01-2022,10.84000015258789,11.039999961853027,10.199999809265137,10.260000228881836,546100
28-01-2022,10.1899995803833,10.770000457763672,9.789999961853027,10.579999923706056,467400
31-01-2022,10.579999923706056,11.279999732971191,10.520000457763672,11.25,587700
01-02-2022,11.359999656677246,11.710000038146973,11.010000228881836,11.449999809265137,500800
02-02-2022,11.649999618530272,11.649999618530272,10.829999923706056,11.0600004196167,511200
03-02-2022,10.460000038146973,10.864999771118164,10.359999656677246,10.520000457763672,487400
04-02-2022,10.609999656677246,11.119999885559082,10.43000030517578,10.979999542236328,341300
07-02-2022,10.920000076293944,11.4399995803833,10.84000015258789,10.970000267028809,266300
08-02-2022,10.970000267028809,11.239999771118164,10.885000228881836,11.170000076293944,237800
09-02-2022,11.380000114440918,11.619999885559082,11.239999771118164,11.5600004196167,259500
10-02-2022,11.449999809265137,12.100000381469728,11.34000015258789,11.470000267028809,1176400
11-02-2022,11.420000076293944,11.640000343322754,10.510000228881836,10.869999885559082,547800
14-02-2022,10.989999771118164,12.289999961853027,10.890000343322754,11.84000015258789,1156000
15-02-2022,12.010000228881836,12.710000038146973,11.81999969482422,12.539999961853027,1159100
16-02-2022,12.380000114440918,12.779999732971191,12.130000114440918,12.510000228881836,645800
17-02-2022,12.40999984741211,12.710000038146973,11.895000457763672,12.010000228881836,492700
18-02-2022,11.920000076293944,12.25,11.600000381469728,11.829999923706056,3177100
22-02-2022,11.649999618530272,11.920000076293944,11.40999984741211,11.609999656677246,589600
23-02-2022,11.729999542236328,12.02400016784668,11.350000381469728,11.399999618530272,685700
24-02-2022,10.8100004196167,11.670000076293944,10.635000228881836,11.579999923706056,860000
25-02-2022,11.649999618530272,11.899999618530272,11.399999618530272,11.720000267028809,772100
28-02-2022,11.640000343322754,12.109999656677246,11.43000030517578,12.0,2653200
01-03-2022,11.869999885559082,12.529999732971191,11.75,12.229999542236328,675600
02-03-2022,12.300000190734863,12.8100004196167,11.880000114440918,12.630000114440918,532000
03-03-2022,12.75,12.75,12.295000076293944,12.59000015258789,542900
04-03-2022,12.470000267028809,12.729999542236328,11.539999961853027,11.84000015258789,882100
07-03-2022,11.93000030517578,12.380000114440918,11.050000190734863,11.0600004196167,902800
08-03-2022,10.979999542236328,11.630000114440918,10.729999542236328,11.359999656677246,737500
09-03-2022,11.699999809265137,12.43000030517578,11.619999885559082,12.18000030517578,947800
10-03-2022,11.859999656677246,12.34000015258789,11.539999961853027,12.239999771118164,651900
11-03-2022,12.279999732971191,12.43000030517578,11.220000267028809,11.220000267028809,638800
14-03-2022,11.109999656677246,11.579999923706056,10.604999542236328,10.649999618530272,688000
15-03-2022,10.649999618530272,11.140000343322754,10.489999771118164,11.100000381469728,593700
16-03-2022,11.3100004196167,12.15999984741211,11.3100004196167,12.020000457763672,1135400
17-03-2022,11.8100004196167,12.300000190734863,11.6899995803833,12.0,1331500
18-03-2022,11.949999809265137,12.289999961853027,11.84000015258789,11.880000114440918,2956000
21-03-2022,11.699999809265137,11.8100004196167,10.869999885559082,11.329999923706056,1437600
22-03-2022,11.380000114440918,12.109999656677246,11.3100004196167,11.970000267028809,1131000
23-03-2022,11.760000228881836,12.1899995803833,11.449999809265137,11.65999984741211,457100
24-03-2022,11.770000457763672,12.029999732971191,11.385000228881836,12.020000457763672,558000
25-03-2022,12.050000190734863,12.166999816894531,11.1899995803833,11.529999732971191,458000
28-03-2022,11.520000457763672,11.93000030517578,11.3100004196167,11.630000114440918,376400
29-03-2022,11.829999923706056,12.420000076293944,11.829999923706056,12.25,445100
30-03-2022,12.18000030517578,12.5,11.949999809265137,12.109999656677246,452000
31-03-2022,12.100000381469728,12.100000381469728,11.675000190734863,11.899999618530272,645000
01-04-2022,11.920000076293944,12.170000076293944,11.777999877929688,12.0,466400
04-04-2022,12.119999885559082,12.65999984741211,12.119999885559082,12.390000343322754,546700
05-04-2022,12.390000343322754,12.390000343322754,11.670000076293944,11.800000190734863,420600
06-04-2022,11.600000381469728,11.600000381469728,11.060999870300291,11.390000343322754,583500
07-04-2022,12.260000228881836,13.84000015258789,12.09000015258789,13.800000190734863,2614100
08-04-2022,13.699999809265137,14.520000457763672,13.581000328063965,13.789999961853027,1103500
11-04-2022,13.56999969482422,15.050000190734863,12.8100004196167,13.8100004196167,1321400
12-04-2022,13.800000190734863,14.329999923706056,13.449999809265137,13.8100004196167,855500
13-04-2022,14.100000381469728,14.56999969482422,13.649999618530272,14.390000343322754,944100
14-04-2022,14.369999885559082,14.449999809265137,13.65999984741211,13.8100004196167,456600
18-04-2022,13.710000038146973,13.75,13.06999969482422,13.420000076293944,439900
19-04-2022,13.3100004196167,13.699999809265137,13.149999618530272,13.609999656677246,313800
20-04-2022,13.670000076293944,13.970000267028809,13.3100004196167,13.449999809265137,469700
21-04-2022,13.630000114440918,13.880000114440918,13.0,13.199999809265137,435600
22-04-2022,13.100000381469728,13.449999809265137,12.93000030517578,13.029999732971191,189300
25-04-2022,12.880000114440918,13.835000038146973,12.800000190734863,13.670000076293944,326900
26-04-2022,13.649999618530272,13.789999961853027,13.100000381469728,13.5,384100
27-04-2022,13.40999984741211,14.119999885559082,13.359999656677246,13.619999885559082,346600
28-04-2022,13.869999885559082,14.399999618530272,13.579999923706056,14.1899995803833,437500
29-04-2022,13.93000030517578,14.56999969482422,13.609999656677246,13.649999618530272,418300
02-05-2022,13.619999885559082,14.09000015258789,13.31999969482422,14.079999923706056,286500
03-05-2022,14.010000228881836,14.300000190734863,13.479999542236328,13.5600004196167,322300
04-05-2022,13.600000381469728,14.300000190734863,13.149999618530272,14.199999809265137,460800
05-05-2022,13.81999969482422,13.949999809265137,13.229999542236328,13.43000030517578,272500
06-05-2022,13.260000228881836,13.640000343322754,12.850000381469728,13.199999809265137,316900
09-05-2022,12.729999542236328,12.9399995803833,12.199999809265137,12.520000457763672,403600
10-05-2022,12.619999885559082,12.979999542236328,11.960000038146973,11.970000267028809,577100
11-05-2022,11.8100004196167,11.9399995803833,10.989999771118164,11.029999732971191,504800
12-05-2022,10.75,11.229999542236328,10.300000190734863,10.779999732971191,575500
13-05-2022,11.020000457763672,11.520000457763672,10.960000038146973,11.270000457763672,592000
16-05-2022,11.260000228881836,11.420000076293944,10.890000343322754,11.239999771118164,352500
17-05-2022,11.43000030517578,11.770000457763672,10.725000381469728,11.369999885559082,421000
18-05-2022,11.119999885559082,11.470000267028809,10.71500015258789,10.81999969482422,278600
19-05-2022,10.81999969482422,11.399999618530272,10.520000457763672,11.140000343322754,563900
20-05-2022,11.09000015258789,11.31999969482422,10.675000190734863,11.3100004196167,389400
23-05-2022,11.109999656677246,11.380000114440918,10.859999656677246,11.300000190734863,295500
24-05-2022,11.279999732971191,11.3100004196167,10.520000457763672,10.619999885559082,390900
25-05-2022,10.539999961853027,11.0600004196167,10.460000038146973,10.960000038146973,352600
26-05-2022,11.109999656677246,12.119999885559082,11.100000381469728,12.010000228881836,734200
27-05-2022,12.0600004196167,13.09000015258789,11.949999809265137,13.09000015258789,483700
31-05-2022,13.130000114440918,13.300000190734863,12.600000381469728,12.65999984741211,1313200
01-06-2022,12.779999732971191,13.210000038146973,12.34000015258789,12.670000076293944,394900
02-06-2022,12.5,13.460000038146973,12.5,13.18000030517578,456700
03-06-2022,12.829999923706056,13.1899995803833,12.649999618530272,13.029999732971191,271400
06-06-2022,13.210000038146973,13.329999923706056,11.720000267028809,11.979999542236328,846800
07-06-2022,11.699999809265137,12.1899995803833,11.651000022888184,12.029999732971191,337000
08-06-2022,12.039999961853027,12.420000076293944,11.722999572753906,12.210000038146973,469400
09-06-2022,12.210000038146973,12.369999885559082,11.630000114440918,11.739999771118164,375600
10-06-2022,11.5600004196167,11.5600004196167,10.93000030517578,10.979999542236328,505900
13-06-2022,10.56999969482422,10.739999771118164,9.699999809265137,9.829999923706056,499000
14-06-2022,10.010000228881836,10.25,9.649999618530272,10.039999961853027,1323800
15-06-2022,10.25,10.649999618530272,9.407999992370604,10.34000015258789,1378600
16-06-2022,9.84000015258789,10.420000076293944,9.630000114440918,9.84000015258789,1292300
17-06-2022,9.81999969482422,10.369999885559082,9.770000457763672,10.270000457763672,1443400
21-06-2022,10.350000381469728,10.56999969482422,10.039999961853027,10.15999984741211,1292300
22-06-2022,10.050000190734863,10.479999542236328,10.050000190734863,10.270000457763672,845100
23-06-2022,10.1899995803833,11.229999542236328,10.140000343322754,11.149999618530272,655500
24-06-2022,11.3100004196167,11.75,11.20300006866455,11.56999969482422,448300
27-06-2022,11.56999969482422,11.630000114440918,11.260000228881836,11.390000343322754,374600
28-06-2022,11.289999961853027,11.489999771118164,10.359999656677246,10.539999961853027,668600
29-06-2022,10.489999771118164,10.550000190734863,10.199999809265137,10.399999618530272,473100
30-06-2022,10.220000267028809,10.350000381469728,9.949999809265137,10.109999656677246,893700
01-07-2022,10.140000343322754,10.40999984741211,9.850000381469728,10.109999656677246,957400
05-07-2022,9.869999885559082,11.0600004196167,9.550000190734863,11.029999732971191,1292800
06-07-2022,11.079999923706056,11.380000114440918,10.770000457763672,11.149999618530272,500600
07-07-2022,11.239999771118164,11.43000030517578,11.039999961853027,11.289999961853027,443000
08-07-2022,11.149999618530272,11.46500015258789,10.850000381469728,11.020000457763672,505500
11-07-2022,10.869999885559082,10.925000190734863,10.470000267028809,10.81999969482422,343600
12-07-2022,10.90999984741211,11.06999969482422,10.270000457763672,10.470000267028809,693900
13-07-2022,10.229999542236328,10.510000228881836,9.949999809265137,10.369999885559082,625000
14-07-2022,10.199999809265137,10.600000381469728,9.800000190734863,10.329999923706056,398800
15-07-2022,10.210000038146973,10.600000381469728,10.09000015258789,10.529999732971191,481100
18-07-2022,10.510000228881836,11.289999961853027,10.510000228881836,10.84000015258789,412800
19-07-2022,11.010000228881836,11.119999885559082,10.710000038146973,10.81999969482422,331600
20-07-2022,10.850000381469728,11.56999969482422,10.760000228881836,11.470000267028809,415900
21-07-2022,11.420000076293944,11.850000381469728,11.395000457763672,11.770000457763672,325200
22-07-2022,11.529999732971191,11.69499969482422,11.050000190734863,11.350000381469728,443200
25-07-2022,11.34000015258789,11.34000015258789,10.93000030517578,11.1899995803833,287300
26-07-2022,11.170000076293944,11.239999771118164,10.550000190734863,10.670000076293944,267500
27-07-2022,10.880000114440918,11.25,10.710000038146973,11.130000114440918,474000
28-07-2022,11.109999656677246,11.34000015258789,10.93000030517578,11.279999732971191,213700
29-07-2022,11.239999771118164,11.904999732971191,11.109999656677246,11.34000015258789,515700
01-08-2022,11.15999984741211,11.609999656677246,10.529999732971191,11.529999732971191,505800
02-08-2022,11.390000343322754,11.770000457763672,11.34000015258789,11.699999809265137,258200
03-08-2022,11.770000457763672,12.5,11.770000457763672,12.34000015258789,277800
04-08-2022,12.399999618530272,12.81999969482422,12.31999969482422,12.68000030517578,311300
05-08-2022,12.329999923706056,12.90999984741211,12.28499984741211,12.609999656677246,203600
08-08-2022,12.760000228881836,13.0600004196167,12.640000343322754,12.800000190734863,360100
09-08-2022,12.56999969482422,12.6899995803833,12.1899995803833,12.359999656677246,234200
10-08-2022,12.770000457763672,12.989999771118164,12.69499969482422,12.869999885559082,164300
11-08-2022,12.960000038146973,13.18000030517578,12.5600004196167,12.579999923706056,329800
12-08-2022,12.619999885559082,12.90999984741211,12.489999771118164,12.789999961853027,231700
15-08-2022,12.699999809265137,12.869999885559082,12.5,12.68000030517578,413900
16-08-2022,12.600000381469728,12.890000343322754,12.4399995803833,12.720000267028809,297100
17-08-2022,12.640000343322754,12.640000343322754,11.84000015258789,11.890000343322754,236800
18-08-2022,11.6899995803833,12.199999809265137,11.630000114440918,12.010000228881836,230800
19-08-2022,11.859999656677246,11.93000030517578,11.600000381469728,11.710000038146973,738000
22-08-2022,11.510000228881836,11.654999732971191,11.270000457763672,11.43000030517578,241100
23-08-2022,11.489999771118164,11.699999809265137,11.43000030517578,11.479999542236328,200200
24-08-2022,11.600000381469728,12.100000381469728,11.600000381469728,11.9399995803833,170000
25-08-2022,12.079999923706056,12.43000030517578,11.949999809265137,12.420000076293944,226700
26-08-2022,12.40999984741211,12.449999809265137,11.649999618530272,11.710000038146973,385100
29-08-2022,11.56999969482422,12.149999618530272,11.56999969482422,11.829999923706056,299100
30-08-2022,11.989999771118164,12.074999809265137,11.68000030517578,11.81999969482422,195200
31-08-2022,12.010000228881836,12.1899995803833,11.8100004196167,11.859999656677246,723300
01-09-2022,11.649999618530272,11.649999618530272,10.970000267028809,11.31999969482422,443900
02-09-2022,11.390000343322754,11.5600004196167,11.149999618530272,11.300000190734863,246400
06-09-2022,11.329999923706056,11.385000228881836,11.09000015258789,11.270000457763672,387900
07-09-2022,11.239999771118164,11.489999771118164,11.149999618530272,11.489999771118164,347400
08-09-2022,11.3100004196167,11.619999885559082,11.145000457763672,11.5600004196167,565700
09-09-2022,12.0,13.25,11.960000038146973,12.300000190734863,1455500
12-09-2022,12.489999771118164,13.460000038146973,12.399999618530272,13.289999961853027,1015600
13-09-2022,12.600000381469728,13.0,12.09000015258789,12.489999771118164,1021200
14-09-2022,12.140000343322754,12.260000228881836,10.729999542236328,10.960000038146973,2553700
15-09-2022,10.729999542236328,10.869999885559082,10.34000015258789,10.710000038146973,1311800
16-09-2022,10.229999542236328,10.59000015258789,10.09000015258789,10.1899995803833,2391300
19-09-2022,10.050000190734863,10.229999542236328,9.9399995803833,10.149999618530272,886200
20-09-2022,10.029999732971191,10.104999542236328,9.449999809265137,9.9399995803833,1469900
21-09-2022,10.010000228881836,10.369999885559082,9.75,9.9399995803833,905400
22-09-2022,9.9399995803833,9.989999771118164,9.579999923706056,9.649999618530272,556400
23-09-2022,9.460000038146973,9.53499984741211,9.279999732971191,9.34000015258789,727900
26-09-2022,9.300000190734863,9.6850004196167,8.9399995803833,8.979999542236328,1365200
27-09-2022,9.220000267028809,9.220000267028809,8.869999885559082,9.0,1533300
28-09-2022,9.079999923706056,9.59000015258789,8.979999542236328,9.380000114440918,1031700
29-09-2022,9.1899995803833,9.260000228881836,8.880000114440918,9.199999809265137,948700
30-09-2022,9.119999885559082,9.550000190734863,9.050000190734863,9.220000267028809,762300
03-10-2022,9.369999885559082,9.600000381469728,9.06999969482422,9.510000228881836,602700
04-10-2022,9.789999961853027,10.0,9.739999771118164,10.0,670400
05-10-2022,9.829999923706056,10.279999732971191,9.779999732971191,10.220000267028809,437000
06-10-2022,10.119999885559082,10.369999885559082,10.0,10.119999885559082,410500
07-10-2022,9.90999984741211,10.050000190734863,9.6899995803833,9.779999732971191,584000
10-10-2022,9.760000228881836,9.8149995803833,9.020000457763672,9.029999732971191,410200
11-10-2022,8.949999809265137,8.99899959564209,8.40999984741211,8.789999961853027,683500
12-10-2022,8.800000190734863,8.899999618530273,8.600000381469727,8.850000381469727,570600
13-10-2022,8.569999694824219,8.90999984741211,8.229999542236328,8.8100004196167,403300
14-10-2022,8.880000114440918,8.970000267028809,8.420000076293945,8.510000228881836,374700
17-10-2022,8.760000228881836,9.079999923706056,8.760000228881836,8.960000038146973,456500
18-10-2022,9.109999656677246,9.27400016784668,8.8100004196167,9.119999885559082,343200
19-10-2022,8.930000305175781,9.260000228881836,8.869999885559082,8.989999771118164,427700
20-10-2022,9.010000228881836,9.56999969482422,9.0,9.3100004196167,379000
21-10-2022,9.25,9.289999961853027,8.989999771118164,9.170000076293944,682800
24-10-2022,9.199999809265137,9.199999809265137,8.59000015258789,8.9399995803833,534800
25-10-2022,9.039999961853027,9.449999809265137,9.039999961853027,9.3100004196167,385600
26-10-2022,9.149999618530272,9.619999885559082,9.0,9.239999771118164,465900
27-10-2022,9.220000267028809,9.59000015258789,9.220000267028809,9.3100004196167,435800
28-10-2022,9.210000038146973,9.529999732971191,9.109999656677246,9.369999885559082,530500
31-10-2022,9.210000038146973,9.539999961853027,9.15999984741211,9.25,493900
01-11-2022,9.4399995803833,9.5,8.989999771118164,9.010000228881836,713700
02-11-2022,9.029999732971191,9.029999732971191,8.350000381469727,8.449999809265137,538100
03-11-2022,8.289999961853027,8.59000015258789,8.229999542236328,8.260000228881836,274500
04-11-2022,8.4399995803833,8.4399995803833,7.960000038146973,8.0,524500
07-11-2022,8.079999923706055,8.175000190734863,7.820000171661377,8.010000228881836,432000
08-11-2022,8.079999923706055,8.1899995803833,7.789999961853027,8.010000228881836,494300
09-11-2022,7.96999979019165,7.96999979019165,7.730000019073486,7.789999961853027,243800
10-11-2022,8.279999732971191,8.739999771118164,8.279999732971191,8.470000267028809,516400
11-11-2022,8.430000305175781,8.949999809265137,8.430000305175781,8.630000114440918,640300
14-11-2022,8.489999771118164,8.529999732971191,8.270000457763672,8.300000190734863,428600
15-11-2022,8.670000076293945,8.835000038146973,8.460000038146973,8.6899995803833,365100
16-11-2022,8.569999694824219,8.729999542236328,8.4399995803833,8.510000228881836,264700
17-11-2022,8.270000457763672,8.460000038146973,8.15999984741211,8.329999923706055,509400
18-11-2022,8.420000076293945,8.479999542236328,8.050000190734863,8.1899995803833,356800
21-11-2022,8.170000076293945,8.430000305175781,8.0,8.109999656677246,327100
22-11-2022,8.149999618530273,8.369999885559082,7.960000038146973,8.329999923706055,217000
23-11-2022,8.260000228881836,8.569999694824219,8.25,8.520000457763672,263300
25-11-2022,8.359999656677246,8.510000228881836,8.220000267028809,8.479999542236328,201400
28-11-2022,8.430000305175781,8.51099967956543,8.34000015258789,8.40999984741211,255500
29-11-2022,8.399999618530273,8.449999809265137,8.270000457763672,8.3100004196167,260600
30-11-2022,8.430000305175781,8.65999984741211,8.239999771118164,8.579999923706055,485700
01-12-2022,8.6899995803833,8.859999656677246,8.630000114440918,8.739999771118164,403700
02-12-2022,8.569999694824219,8.65999984741211,8.430000305175781,8.579999923706055,340000
05-12-2022,8.489999771118164,8.600000381469727,8.1899995803833,8.289999961853027,423100
06-12-2022,8.220000267028809,8.319999694824219,8.09000015258789,8.25,473100
07-12-2022,7.289999961853027,8.359999656677246,7.25,8.260000228881836,978500
08-12-2022,8.40999984741211,8.680000305175781,8.3100004196167,8.479999542236328,557900
09-12-2022,8.399999618530273,8.75,8.354999542236328,8.529999732971191,554700
12-12-2022,8.550000190734863,8.800000190734863,8.550000190734863,8.739999771118164,694100
13-12-2022,9.149999618530272,9.25,8.65999984741211,8.829999923706055,890800
14-12-2022,8.800000190734863,9.050000190734863,8.770000457763672,8.890000343322754,1001100
15-12-2022,8.65999984741211,8.9399995803833,8.65999984741211,8.779999732971191,1443400
16-12-2022,8.649999618530273,8.880000114440918,8.649999618530273,8.84000015258789,1264600
19-12-2022,8.779999732971191,8.779999732971191,8.260000228881836,8.350000381469727,857100
20-12-2022,8.260000228881836,8.520000457763672,8.260000228881836,8.380000114440918,592200
21-12-2022,8.390000343322754,8.40999984741211,8.100000381469727,8.300000190734863,369200
22-12-2022,8.140000343322754,8.15999984741211,8.010000228881836,8.140000343322754,459600
23-12-2022,8.050000190734863,8.079999923706055,7.489999771118164,7.840000152587891,1014000
27-12-2022,7.710000038146973,7.760000228881836,7.480000019073486,7.670000076293945,359100
28-12-2022,7.639999866485596,7.840000152587891,7.550000190734863,7.579999923706055,415700
29-12-2022,7.579999923706055,7.900000095367432,7.579999923706055,7.849999904632568,418400
30-12-2022,7.739999771118164,8.180000305175781,7.730000019073486,8.170000076293945,396100
03-01-2023,8.220000267028809,8.420000076293945,7.940000057220459,8.069999694824219,422100
04-01-2023,8.199999809265137,8.220000267028809,8.0,8.109999656677246,253900
05-01-2023,7.96999979019165,8.0600004196167,7.849999904632568,7.849999904632568,410400
06-01-2023,7.909999847412109,7.909999847412109,7.599999904632568,7.760000228881836,241600
09-01-2023,7.869999885559082,8.279999732971191,7.869999885559082,7.960000038146973,714600
10-01-2023,7.949999809265137,8.149999618530273,7.909999847412109,8.140000343322754,495300
11-01-2023,8.149999618530273,8.539999961853027,8.0600004196167,8.420000076293945,581800
12-01-2023,8.180000305175781,8.40999984741211,7.920000076293945,8.40999984741211,706200
13-01-2023,8.329999923706055,8.510000228881836,8.270000457763672,8.40999984741211,459300
17-01-2023,8.460000038146973,8.515000343322754,8.270000457763672,8.5,622200
18-01-2023,8.640000343322754,8.654999732971191,8.270000457763672,8.319999694824219,598800
19-01-2023,8.260000228881836,8.5,8.225000381469727,8.5,479100
20-01-2023,8.539999961853027,8.850000381469727,8.470000267028809,8.789999961853027,960400
23-01-2023,8.890000343322754,8.890000343322754,8.664999961853027,8.789999961853027,832800
24-01-2023,8.84000015258789,9.390000343322754,8.670000076293945,9.34000015258789,791900
25-01-2023,9.1899995803833,9.5600004196167,8.960000038146973,9.539999961853027,605400
26-01-2023,9.729999542236328,9.958999633789062,9.579999923706056,9.739999771118164,607800
27-01-2023,9.699999809265137,10.06999969482422,9.6850004196167,10.0,779300
30-01-2023,9.850000381469728,10.029999732971191,9.84000015258789,9.970000267028809,671700
31-01-2023,10.0,10.170000076293944,9.869999885559082,9.9399995803833,1065200
01-02-2023,9.949999809265137,10.600000381469728,9.899999618530272,10.399999618530272,1415200
02-02-2023,10.5,10.90999984741211,10.369999885559082,10.899999618530272,1500400
03-02-2023,10.520000457763672,10.880000114440918,10.399999618530272,10.619999885559082,1086100
06-02-2023,10.5600004196167,10.75,10.489999771118164,10.550000190734863,469400
07-02-2023,10.579999923706056,10.675000190734863,9.970000267028809,10.609999656677246,1078400
08-02-2023,10.670000076293944,10.880000114440918,10.489999771118164,10.600000381469728,728800
09-02-2023,10.81999969482422,10.93000030517578,10.56999969482422,10.75,979900
10-02-2023,10.59000015258789,11.039999961853027,10.350000381469728,10.75,1392300
13-02-2023,10.770000457763672,11.010000228881836,10.56999969482422,10.779999732971191,716200
14-02-2023,10.710000038146973,11.119999885559082,10.6899995803833,11.020000457763672,612700
15-02-2023,11.130000114440918,11.220000267028809,10.850000381469728,11.0600004196167,843700
16-02-2023,10.880000114440918,11.239999771118164,10.859999656677246,11.100000381469728,956700
17-02-2023,10.960000038146973,11.029999732971191,10.670000076293944,10.899999618530272,2171400
21-02-2023,10.739999771118164,10.928000450134276,10.710000038146973,10.800000190734863,745100
22-02-2023,10.869999885559082,10.970000267028809,10.6899995803833,10.850000381469728,471200
23-02-2023,10.949999809265137,11.045000076293944,10.81999969482422,11.020000457763672,523100
24-02-2023,10.8100004196167,10.9399995803833,10.739999771118164,10.920000076293944,714800
27-02-2023,11.020000457763672,11.020000457763672,10.869999885559082,11.0,679400
28-02-2023,11.0,11.050000190734863,10.81999969482422,10.850000381469728,564400
01-03-2023,10.859999656677246,10.899999618530272,10.56999969482422,10.729999542236328,634100
02-03-2023,10.600000381469728,11.020000457763672,10.479999542236328,11.0,797300
03-03-2023,10.989999771118164,11.130000114440918,10.880000114440918,11.050000190734863,982800
06-03-2023,11.100000381469728,11.15999984741211,10.90999984741211,10.960000038146973,622300
07-03-2023,10.970000267028809,11.130000114440918,10.949999809265137,11.020000457763672,634100
08-03-2023,11.010000228881836,11.079999923706056,10.920000076293944,11.050000190734863,1163900
09-03-2023,11.100000381469728,11.324999809265137,10.725000381469728,10.739999771118164,1196700
10-03-2023,10.699999809265137,10.774999618530272,10.09000015258789,10.170000076293944,944400
13-03-2023,10.15999984741211,10.460000038146973,10.050000190734863,10.130000114440918,773600
14-03-2023,10.359999656677246,10.359999656677246,9.835000038146973,10.039999961853027,1882200
15-03-2023,9.979999542236328,10.15999984741211,9.789999961853027,10.050000190734863,2506900
16-03-2023,10.0,10.40999984741211,9.930999755859377,10.31999969482422,4016300
17-03-2023,10.34000015258789,10.609999656677246,10.3100004196167,10.489999771118164,1141600
20-03-2023,10.390000343322754,10.40999984741211,10.25,10.399999618530272,1171700
21-03-2023,10.420000076293944,10.854999542236328,10.420000076293944,10.850000381469728,973900
22-03-2023,10.850000381469728,10.859999656677246,10.510000228881836,10.529999732971191,642800
23-03-2023,10.65999984741211,10.779999732971191,10.515000343322754,10.640000343322754,674000
24-03-2023,10.56999969482422,10.640000343322754,10.470000267028809,10.59000015258789,404900
27-03-2023,10.630000114440918,10.710000038146973,10.550000190734863,10.579999923706056,416600
28-03-2023,10.520000457763672,10.6899995803833,10.454999923706056,10.640000343322754,549900
29-03-2023,10.789999961853027,10.979999542236328,10.699999809265137,10.880000114440918,1449700
30-03-2023,12.880000114440918,13.050000190734863,12.300000190734863,12.789999961853027,5535300
31-03-2023,12.960000038146973,13.057000160217283,12.699999809265137,12.960000038146973,2880300
03-04-2023,12.9399995803833,12.975000381469728,12.550000190734863,12.850000381469728,2162400
04-04-2023,12.93000030517578,13.1899995803833,12.670000076293944,12.899999618530272,3868300
05-04-2023,12.920000076293944,13.0,12.369999885559082,12.699999809265137,1730800
06-04-2023,12.489999771118164,12.81999969482422,12.460000038146973,12.81999969482422,1276500
10-04-2023,12.75,12.970000267028809,12.539999961853027,12.970000267028809,1818500
11-04-2023,12.890000343322754,12.904999732971191,12.5,12.56999969482422,3579300
12-04-2023,12.670000076293944,12.920000076293944,12.670000076293944,12.850000381469728,1031200
13-04-2023,12.9399995803833,13.100000381469728,12.880000114440918,13.039999961853027,1250300
14-04-2023,12.989999771118164,13.279999732971191,12.93000030517578,13.130000114440918,1019700
17-04-2023,13.079999923706056,13.119999885559082,12.93000030517578,13.039999961853027,705400
18-04-2023,13.170000076293944,13.18000030517578,12.84000015258789,12.960000038146973,931000
19-04-2023,12.869999885559082,12.904999732971191,12.640000343322754,12.75,973100
20-04-2023,12.579999923706056,12.96500015258789,12.550000190734863,12.869999885559082,939500
21-04-2023,12.81999969482422,12.93000030517578,12.789999961853027,12.81999969482422,657100
24-04-2023,12.729999542236328,12.895000457763672,12.510000228881836,12.59000015258789,898600
25-04-2023,12.59000015258789,12.664999961853027,12.085000038146973,12.109999656677246,1037000
26-04-2023,12.279999732971191,12.399999618530272,11.960000038146973,12.039999961853027,801800
27-04-2023,12.079999923706056,12.25,11.954999923706056,12.119999885559082,823400
28-04-2023,12.010000228881836,12.039999961853027,11.760000228881836,11.960000038146973,918300
01-05-2023,11.920000076293944,11.970000267028809,11.770000457763672,11.960000038146973,522300
02-05-2023,11.890000343322754,11.960000038146973,11.609999656677246,11.68000030517578,731000
03-05-2023,11.699999809265137,11.699999809265137,11.092000007629396,11.140000343322754,1090100
04-05-2023,11.229999542236328,11.295000076293944,11.055999755859377,11.199999809265137,949200
05-05-2023,11.229999542236328,11.300000190734863,11.0600004196167,11.210000038146973,495400
08-05-2023,11.279999732971191,11.489999771118164,11.1899995803833,11.359999656677246,635800
09-05-2023,11.279999732971191,11.640000343322754,11.279999732971191,11.489999771118164,551300
10-05-2023,11.609999656677246,11.835000038146973,11.550000190734863,11.739999771118164,604400
11-05-2023,11.770000457763672,11.770000457763672,11.4399995803833,11.579999923706056,659000
12-05-2023,11.5600004196167,11.579999923706056,11.399999618530272,11.5,335200
15-05-2023,11.5,11.8100004196167,11.4399995803833,11.760000228881836,1059500
16-05-2023,11.729999542236328,11.800000190734863,11.600000381469728,11.65999984741211,606000
17-05-2023,11.65999984741211,11.748000144958496,11.5600004196167,11.6899995803833,560200
18-05-2023,11.710000038146973,12.095000267028809,11.65999984741211,12.079999923706056,760300
19-05-2023,12.1899995803833,12.579999923706056,12.09000015258789,12.449999809265137,1198900
22-05-2023,12.489999771118164,13.0,12.40999984741211,12.93000030517578,1100000
23-05-2023,12.920000076293944,13.274999618530272,12.920000076293944,13.06999969482422,1373100
24-05-2023,12.920000076293944,13.270000457763672,12.880000114440918,13.199999809265137,1043900
25-05-2023,13.289999961853027,13.420000076293944,13.0600004196167,13.06999969482422,727300
26-05-2023,13.119999885559082,13.454999923706056,13.050000190734863,13.0600004196167,892900
30-05-2023,13.289999961853027,13.40999984741211,13.024999618530272,13.25,1574400
31-05-2023,13.199999809265137,13.3100004196167,12.979999542236328,13.300000190734863,3650100
01-06-2023,13.1899995803833,13.239999771118164,12.699999809265137,12.949999809265137,2716400
02-06-2023,12.989999771118164,13.25,12.960000038146973,13.18000030517578,981900
05-06-2023,13.079999923706056,13.890000343322754,13.06700038909912,13.489999771118164,2594400
06-06-2023,14.5,14.949999809265137,13.699999809265137,14.699999809265137,5701600
07-06-2023,14.869999885559082,14.949999809265137,14.15999984741211,14.300000190734863,1776700
08-06-2023,14.15999984741211,14.25,13.520000457763672,13.859999656677246,3672900
09-06-2023,14.050000190734863,14.3100004196167,13.670000076293944,13.8100004196167,2074400
12-06-2023,13.949999809265137,14.239999771118164,13.8100004196167,14.119999885559082,3984700
13-06-2023,14.260000228881836,14.625,14.06999969482422,14.609999656677246,1573000
14-06-2023,14.649999618530272,14.960000038146973,14.550000190734863,14.90999984741211,1192700
15-06-2023,14.710000038146973,15.0,14.670000076293944,14.949999809265137,1719400
16-06-2023,15.0,15.0,14.479999542236328,14.579999923706056,3266300
20-06-2023,14.420000076293944,14.770000457763672,14.220000267028809,14.729999542236328,1879500
21-06-2023,14.260000228881836,14.274999618530272,13.609999656677246,13.68000030517578,2102700
22-06-2023,13.609999656677246,13.800000190734863,13.529999732971191,13.75,1122300
23-06-2023,13.630000114440918,13.744999885559082,13.289999961853027,13.460000038146973,16955400
26-06-2023,13.329999923706056,13.760000228881836,13.31999969482422,13.550000190734863,1302800
27-06-2023,13.56999969482422,13.699999809265137,13.420000076293944,13.59000015258789,1141300
28-06-2023,13.520000457763672,14.0,13.520000457763672,13.970000267028809,1235200
29-06-2023,14.039999961853027,14.149999618530272,13.920000076293944,13.989999771118164,1086500
30-06-2023,14.0,14.069000244140623,13.829999923706056,13.829999923706056,1316000
03-07-2023,13.829999923706056,13.899999618530272,13.630000114440918,13.829999923706056,496100
05-07-2023,13.68000030517578,13.789999961853027,13.359999656677246,13.600000381469728,993300
06-07-2023,13.4399995803833,13.460000038146973,13.20300006866455,13.350000381469728,1154900
07-07-2023,13.40999984741211,13.75,13.40999984741211,13.43000030517578,815200
10-07-2023,13.34000015258789,13.774999618530272,13.220999717712402,13.739999771118164,1462300
11-07-2023,13.779999732971191,14.350000381469728,13.739999771118164,14.300000190734863,1782400
12-07-2023,14.5,14.760000228881836,14.25,14.579999923706056,3371300
13-07-2023,15.050000190734863,15.5,14.850000381469728,15.199999809265137,4165700
14-07-2023,15.109999656677246,15.229999542236328,14.31999969482422,14.350000381469728,1627700
17-07-2023,14.470000267028809,14.625,14.270000457763672,14.510000228881836,901500
18-07-2023,14.489999771118164,14.604999542236328,14.32800006866455,14.529999732971191,629500
19-07-2023,14.630000114440918,14.824999809265137,14.451000213623049,14.520000457763672,782000
20-07-2023,14.25,14.414999961853027,14.024999618530272,14.100000381469728,1232600
21-07-2023,14.229999542236328,14.229999542236328,13.529999732971191,13.619999885559082,866700
24-07-2023,13.649999618530272,13.699999809265137,13.289999961853027,13.4399995803833,1551800
25-07-2023,13.770000457763672,13.93000030517578,13.649999618530272,13.68000030517578,727100
26-07-2023,13.670000076293944,13.885000228881836,13.539999961853027,13.68000030517578,1126100
27-07-2023,13.829999923706056,13.920000076293944,13.300000190734863,13.31999969482422,872100
28-07-2023,13.479999542236328,13.760000228881836,13.390000343322754,13.600000381469728,1095700
31-07-2023,13.619999885559082,14.039999961853027,13.600000381469728,14.039999961853027,676000
01-08-2023,13.850000381469728,14.220000267028809,13.788000106811523,14.220000267028809,694300
02-08-2023,14.06999969482422,14.06999969482422,13.600000381469728,13.989999771118164,2473400
03-08-2023,13.899999618530272,13.970000267028809,13.649999618530272,13.739999771118164,1509700
04-08-2023,13.989999771118164,14.170000076293944,13.520000457763672,13.920000076293944,1782100
07-08-2023,13.90999984741211,14.029999732971191,13.510000228881836,13.789999961853027,538200
08-08-2023,13.619999885559082,13.670000076293944,13.210000038146973,13.329999923706056,1287200
09-08-2023,13.369999885559082,13.420000076293944,13.119999885559082,13.3100004196167,625400
10-08-2023,13.399999618530272,13.539999961853027,13.229999542236328,13.31999969482422,1125900
11-08-2023,13.329999923706056,13.53499984741211,13.300000190734863,13.40999984741211,993400
14-08-2023,13.399999618530272,14.109999656677246,13.390000343322754,14.100000381469728,744900
15-08-2023,13.979999542236328,14.109999656677246,13.960000038146973,13.970000267028809,1084400
16-08-2023,13.920000076293944,14.199999809265137,13.850000381469728,14.079999923706056,1066000
17-08-2023,14.050000190734863,14.170000076293944,13.6899995803833,13.6899995803833,872400
18-08-2023,13.539999961853027,14.130000114440918,13.40999984741211,13.84000015258789,2830700
21-08-2023,13.81999969482422,14.324999809265137,13.81999969482422,14.289999961853027,1167000
22-08-2023,14.380000114440918,14.56999969482422,14.239999771118164,14.539999961853027,1448600
23-08-2023,14.579999923706056,14.609999656677246,14.390000343322754,14.489999771118164,905600
24-08-2023,14.600000381469728,14.619999885559082,14.229999542236328,14.350000381469728,713400
25-08-2023,14.300000190734863,14.75,14.199999809265137,14.68000030517578,982500
28-08-2023,14.609999656677246,14.805999755859377,14.609999656677246,14.65999984741211,655700
29-08-2023,14.600000381469728,14.899999618530272,14.550000190734863,14.869999885559082,1085400
30-08-2023,14.829999923706056,15.270000457763672,14.80500030517578,15.020000457763672,1120500
31-08-2023,15.039999961853027,15.239999771118164,14.93000030517578,15.130000114440918,2437600
01-09-2023,15.199999809265137,15.470000267028809,15.199999809265137,15.350000381469728,1113200
05-09-2023,15.25,15.899999618530272,15.199999809265137,15.800000190734863,2847300
06-09-2023,15.65999984741211,15.960000038146973,15.649999618530272,15.81999969482422,2144500
07-09-2023,15.649999618530272,16.68000030517578,15.40999984741211,15.859999656677246,2903200
08-09-2023,15.979999542236328,16.28499984741211,15.930999755859377,16.18000030517578,1462800
11-09-2023,16.260000228881836,16.3700008392334,15.420000076293944,15.90999984741211,2351000
12-09-2023,15.260000228881836,15.520000457763672,14.760000228881836,14.880000114440918,2959100
13-09-2023,14.800000190734863,14.899999618530272,14.550000190734863,14.75,1628600
14-09-2023,14.869999885559082,15.0,14.579999923706056,14.9399995803833,1345400
15-09-2023,14.880000114440918,15.029999732971191,14.729999542236328,14.920000076293944,4971000
18-09-2023,15.079999923706056,15.079999923706056,14.80500030517578,14.859999656677246,1378200
19-09-2023,14.800000190734863,14.81999969482422,14.55500030517578,14.760000228881836,861200
20-09-2023,14.84000015258789,14.925000190734863,14.619999885559082,14.720000267028809,885500
21-09-2023,14.699999809265137,14.729999542236328,14.149999618530272,14.300000190734863,1232500
22-09-2023,14.420000076293944,14.604999542236328,14.270000457763672,14.329999923706056,804100
25-09-2023,14.229999542236328,14.385000228881836,14.125,14.239999771118164,774200
26-09-2023,14.18000030517578,14.350000381469728,13.970000267028809,14.010000228881836,1054700
27-09-2023,14.140000343322754,14.539999961853027,14.039999961853027,14.31999969482422,1316600
28-09-2023,14.15999984741211,14.484999656677246,14.109999656677246,14.300000190734863,1061400
29-09-2023,13.960000038146973,14.100000381469728,13.69499969482422,13.84000015258789,1869300
02-10-2023,13.699999809265137,14.010000228881836,13.600000381469728,13.979999542236328,1779500
03-10-2023,13.920000076293944,13.989999771118164,13.574999809265137,13.720000267028809,1023700
04-10-2023,13.800000190734863,14.0,13.71500015258789,13.949999809265137,749500
05-10-2023,13.93000030517578,14.0600004196167,13.75,14.050000190734863,1257000
06-10-2023,13.9399995803833,14.4399995803833,13.890000343322754,14.25,1268600
09-10-2023,14.039999961853027,14.399999618530272,14.039999961853027,14.289999961853027,746400
10-10-2023,14.289999961853027,14.640000343322754,14.255000114440918,14.399999618530272,1242200
11-10-2023,14.0,14.289999961853027,13.760000228881836,14.0,2411900
12-10-2023,13.979999542236328,14.0,13.640000343322754,13.890000343322754,1054300
13-10-2023,13.869999885559082,13.869999885559082,13.404999732971191,13.640000343322754,1160300
16-10-2023,13.640000343322754,14.005000114440918,13.56999969482422,13.859999656677246,844700
17-10-2023,13.760000228881836,14.130000114440918,13.65999984741211,14.0,1216000
18-10-2023,13.869999885559082,13.979999542236328,13.630000114440918,13.649999618530272,1196800
19-10-2023,13.670000076293944,13.770000457763672,13.529999732971191,13.640000343322754,961400
20-10-2023,13.670000076293944,13.725000381469728,13.210000038146973,13.260000228881836,1336600
23-10-2023,13.170000076293944,13.350000381469728,12.960000038146973,13.170000076293944,727500
24-10-2023,13.3100004196167,13.56999969482422,13.3100004196167,13.539999961853027,980900
25-10-2023,13.420000076293944,13.420000076293944,13.015000343322754,13.050000190734863,678600
26-10-2023,13.09000015258789,13.1899995803833,12.8149995803833,12.989999771118164,694100
27-10-2023,13.100000381469728,13.390000343322754,13.0,13.329999923706056,812400
30-10-2023,13.5,13.510000228881836,13.270000457763672,13.359999656677246,791000
31-10-2023,13.420000076293944,13.65999984741211,13.229999542236328,13.59000015258789,932000
01-11-2023,13.59000015258789,13.741000175476074,13.420000076293944,13.710000038146973,824700
02-11-2023,13.770000457763672,14.024999618530272,13.739999771118164,13.890000343322754,985500
03-11-2023,14.100000381469728,14.59000015258789,13.960000038146973,14.449999809265137,1068300
06-11-2023,14.449999809265137,14.510000228881836,14.119999885559082,14.239999771118164,639800
07-11-2023,14.25,14.760000228881836,14.25,14.609999656677246,1710100
08-11-2023,14.65999984741211,14.65999984741211,14.43000030517578,14.600000381469728,815900
09-11-2023,14.720000267028809,14.760000228881836,14.220000267028809,14.220000267028809,678200
10-11-2023,14.25,14.609999656677246,14.199999809265137,14.449999809265137,815900
13-11-2023,14.420000076293944,14.5600004196167,14.289999961853027,14.329999923706056,839800
14-11-2023,14.699999809265137,15.020000457763672,14.461000442504885,15.010000228881836,1084800
15-11-2023,15.039999961853027,15.109999656677246,14.789999961853027,14.979999542236328,1074300
16-11-2023,14.979999542236328,15.005000114440918,14.770000457763672,14.899999618530272,670800
17-11-2023,15.06999969482422,15.06999969482422,14.852999687194824,14.90999984741211,1127000
20-11-2023,14.9399995803833,15.529999732971191,14.909000396728516,15.329999923706056,1592700
21-11-2023,15.220000267028809,15.359000205993652,15.050000190734863,15.109999656677246,871700
22-11-2023,15.300000190734863,15.380000114440918,15.100000381469728,15.170000076293944,910300
24-11-2023,15.119999885559082,15.31999969482422,15.029999732971191,15.1899995803833,672500
27-11-2023,15.149999618530272,15.6899995803833,15.149999618530272,15.640000343322754,1826100
28-11-2023,15.550000190734863,15.65999984741211,15.149999618530272,15.25,1007200
29-11-2023,15.489999771118164,15.664999961853027,15.229999542236328,15.359999656677246,1399900
30-11-2023,15.510000228881836,15.699999809265137,15.279999732971191,15.68000030517578,2284800
01-12-2023,15.670000076293944,16.43000030517578,15.640000343322754,16.34000015258789,2075800
04-12-2023,16.299999237060547,16.489999771118164,16.040000915527344,16.40999984741211,1612800
05-12-2023,16.360000610351562,16.770000457763672,16.260000228881836,16.729999542236328,2075400
06-12-2023,16.829999923706055,17.139999389648438,16.700000762939453,16.700000762939453,2637800
07-12-2023,11.989999771118164,12.109999656677246,10.960000038146973,11.109999656677246,24759000
08-12-2023,11.25,11.550000190734863,11.010000228881836,11.260000228881836,7165900
11-12-2023,11.1899995803833,11.359999656677246,11.029999732971191,11.130000114440918,11626900
12-12-2023,11.130000114440918,11.380000114440918,10.93000030517578,11.270000457763672,4283400
13-12-2023,11.300000190734863,11.520000457763672,11.1899995803833,11.470000267028809,4563600
14-12-2023,11.579999923706056,11.720000267028809,11.119999885559082,11.380000114440918,5955200
15-12-2023,11.449999809265137,11.510000228881836,11.109999656677246,11.220000267028809,3357000
18-12-2023,11.239999771118164,11.699999809265137,11.170000076293944,11.479999542236328,2663900
19-12-2023,11.5600004196167,11.850000381469728,11.479999542236328,11.84000015258789,2928100
20-12-2023,11.6899995803833,11.90999984741211,11.649999618530272,11.699999809265137,2248400
21-12-2023,11.869999885559082,12.09000015258789,11.81999969482422,11.970000267028809,3040900
22-12-2023,12.0,12.0600004196167,11.854999542236328,11.869999885559082,1615600
26-12-2023,11.869999885559082,11.975000381469728,11.850000381469728,11.9399995803833,1220700
27-12-2023,11.949999809265137,12.19499969482422,11.90999984741211,12.039999961853027,2549900
28-12-2023,12.079999923706056,12.300000190734863,12.0600004196167,12.220000267028809,2137000
29-12-2023,12.1899995803833,12.31999969482422,12.020000457763672,12.039999961853027,1067700
02-01-2024,11.920000076293944,11.920000076293944,11.479999542236328,11.800000190734863,3751800
03-01-2024,11.710000038146973,11.774999618530272,11.359999656677246,11.359999656677246,2322300
04-01-2024,11.649999618530272,12.260000228881836,11.59000015258789,11.890000343322754,3479300
05-01-2024,11.710000038146973,11.979999542236328,11.699999809265137,11.84000015258789,1659500
08-01-2024,11.90999984741211,12.3100004196167,11.8100004196167,12.1899995803833,2350800
09-01-2024,12.100000381469728,12.324999809265137,12.09000015258789,12.270000457763672,1605700
10-01-2024,11.890000343322754,12.130000114440918,11.779999732971191,12.09000015258789,3838200
11-01-2024,12.109999656677246,12.130000114440918,11.850000381469728,12.119999885559082,1579200
12-01-2024,12.15999984741211,12.390000343322754,12.145000457763672,12.34000015258789,2801300
16-01-2024,12.239999771118164,12.479999542236328,12.239999771118164,12.260000228881836,2225700
17-01-2024,12.149999618530272,12.220000267028809,11.890000343322754,12.100000381469728,2584300
18-01-2024,12.239999771118164,12.239999771118164,11.880000114440918,12.020000457763672,2131000
19-01-2024,12.199999809265137,12.279999732971191,12.006999969482422,12.1899995803833,1578700
22-01-2024,12.359999656677246,12.477999687194824,12.175000190734863,12.34000015258789,1327300
23-01-2024,12.4399995803833,12.550000190734863,12.385000228881836,12.470000267028809,1374000
24-01-2024,12.670000076293944,12.699999809265137,12.380000114440918,12.40999984741211,935600
25-01-2024,12.520000457763672,12.739999771118164,12.475000381469728,12.729999542236328,1694400
26-01-2024,12.779999732971191,13.005000114440918,12.75,12.760000228881836,1412000
29-01-2024,12.770000457763672,13.0,12.770000457763672,13.0,876200
30-01-2024,13.010000228881836,13.0600004196167,12.829999923706056,12.829999923706056,1216000
31-01-2024,12.779999732971191,12.800000190734863,12.454999923706056,12.479999542236328,1872400
01-02-2024,12.600000381469728,12.729999542236328,12.460000038146973,12.630000114440918,885200
02-02-2024,12.550000190734863,12.84000015258789,12.479999542236328,12.81999969482422,875400
05-02-2024,12.710000038146973,12.770000457763672,12.289999961853027,12.43000030517578,1592100
06-02-2024,12.609999656677246,12.670000076293944,12.392999649047852,12.550000190734863,1073000
07-02-2024,12.5,12.59000015258789,12.31999969482422,12.5,1068300
08-02-2024,12.56999969482422,12.875,12.489999771118164,12.850000381469728,1045300
09-02-2024,12.9399995803833,13.119999885559082,12.880000114440918,13.0600004196167,1713100
12-02-2024,13.039999961853027,13.100000381469728,12.68000030517578,12.789999961853027,2906600
13-02-2024,12.399999618530272,12.670000076293944,12.199999809265137,12.43000030517578,1541100
14-02-2024,12.600000381469728,12.835000038146973,12.510000228881836,12.800000190734863,1693500
15-02-2024,12.869999885559082,12.970000267028809,12.770000457763672,12.920000076293944,1038600
16-02-2024,12.829999923706056,12.859999656677246,12.600000381469728,12.699999809265137,1289000
20-02-2024,12.5,12.670000076293944,12.460000038146973,12.670000076293944,1158900
21-02-2024,12.510000228881836,12.529000282287598,12.199999809265137,12.270000457763672,1311300
22-02-2024,12.489999771118164,12.869999885559082,12.350000381469728,12.800000190734863,2086800
23-02-2024,12.800000190734863,12.869999885559082,12.595000267028809,12.779999732971191,1198400
26-02-2024,12.760000228881836,12.880000114440918,12.720000267028809,12.720000267028809,1206700
27-02-2024,12.81999969482422,12.90999984741211,12.760000228881836,12.779999732971191,873800
28-02-2024,12.649999618530272,12.68000030517578,12.53499984741211,12.56999969482422,1362900
29-02-2024,13.600000381469728,13.850000381469728,13.010000228881836,13.029999732971191,12717600
01-03-2024,13.149999618530272,13.5,13.100000381469728,13.420000076293944,28881200
04-03-2024,13.420000076293944,13.710000038146973,13.375,13.5600004196167,3824700
05-03-2024,13.43000030517578,13.43000030517578,12.970000267028809,13.039999961853027,2541000
06-03-2024,13.260000228881836,13.329999923706056,13.06999969482422,13.109999656677246,1628500
07-03-2024,13.199999809265137,13.630000114440918,13.145000457763672,13.529999732971191,1992400
08-03-2024,13.640000343322754,13.885000228881836,13.404999732971191,13.550000190734863,1887600
11-03-2024,13.479999542236328,13.630000114440918,13.385000228881836,13.5,2983200
12-03-2024,13.520000457763672,13.725000381469728,13.43000030517578,13.630000114440918,2115000
13-03-2024,13.5600004196167,13.800000190734863,13.5600004196167,13.770000457763672,2639300
14-03-2024,13.739999771118164,13.779999732971191,13.43000030517578,13.529999732971191,3253200
15-03-2024,13.399999618530272,13.5,13.039999961853027,13.050000190734863,6415100
18-03-2024,13.100000381469728,13.220000267028809,12.899999618530272,12.949999809265137,3211400
19-03-2024,12.829999923706056,13.039999961853027,12.699999809265137,13.010000228881836,2817800
20-03-2024,12.9399995803833,13.225000381469728,12.90999984741211,13.119999885559082,1331600
21-03-2024,13.460000038146973,13.59000015258789,13.3100004196167,13.5600004196167,2620400
22-03-2024,13.56999969482422,13.59000015258789,13.40999984741211,13.43000030517578,2108100
25-03-2024,13.399999618530272,13.630000114440918,13.1850004196167,13.229999542236328,4451700
26-03-2024,13.300000190734863,13.31999969482422,12.8100004196167,12.81999969482422,2167600
27-03-2024,12.890000343322754,13.140000343322754,12.850000381469728,13.010000228881836,4579600
28-03-2024,14.3149995803833,14.3149995803833,12.21500015258789,12.270000457763672,7784600
01-04-2024,12.300000190734863,12.529999732971191,11.869999885559082,12.18000030517578,4112500
02-04-2024,11.989999771118164,12.220000267028809,11.890000343322754,12.210000038146973,3304100
03-04-2024,12.170000076293944,12.270000457763672,12.09000015258789,12.239999771118164,1927400
04-04-2024,12.100000381469728,12.239999771118164,11.93000030517578,12.149999618530272,7104900
05-04-2024,12.050000190734863,12.199999809265137,12.010000228881836,12.119999885559082,1508900
08-04-2024,12.199999809265137,12.199999809265137,12.050000190734863,12.079999923706056,2063000
09-04-2024,12.140000343322754,12.244999885559082,12.03499984741211,12.149999618530272,1829400
10-04-2024,11.850000381469728,12.050000190734863,11.800000190734863,11.84000015258789,3930400
11-04-2024,11.84000015258789,11.949999809265137,11.760000228881836,11.920000076293944,1693900
12-04-2024,11.81999969482422,11.890000343322754,11.529999732971191,11.550000190734863,1700500
15-04-2024,11.5600004196167,11.664999961853027,11.210000038146973,11.350000381469728,2023300
16-04-2024,11.270000457763672,11.44499969482422,11.210000038146973,11.34000015258789,1618600
17-04-2024,11.380000114440918,11.550000190734863,11.345000267028809,11.359999656677246,1809300
18-04-2024,11.380000114440918,11.55500030517578,11.380000114440918,11.390000343322754,1777900
19-04-2024,11.369999885559082,11.520000457763672,11.289999961853027,11.34000015258789,1731200
22-04-2024,11.460000038146973,11.524999618530272,11.300000190734863,11.460000038146973,1562500
23-04-2024,11.510000228881836,11.96500015258789,11.510000228881836,11.829999923706056,1621100
24-04-2024,11.859999656677246,12.079999923706056,11.774999618530272,11.979999542236328,1450100
25-04-2024,11.770000457763672,11.920000076293944,11.760000228881836,11.84000015258789,1090900
26-04-2024,11.920000076293944,12.085000038146973,11.920000076293944,11.93000030517578,1319200
29-04-2024,12.039999961853027,12.09000015258789,12.0,12.029999732971191,1015900
30-04-2024,11.93000030517578,12.050000190734863,11.6899995803833,11.6899995803833,1350600
01-05-2024,11.6899995803833,12.03499984741211,11.6850004196167,11.9399995803833,1848200
02-05-2024,11.989999771118164,12.0,11.755000114440918,11.90999984741211,1533400
03-05-2024,12.039999961853027,12.25,11.890000343322754,11.93000030517578,2946400
06-05-2024,11.949999809265137,12.390000343322754,11.899999618530272,12.369999885559082,1744700
07-05-2024,12.369999885559082,12.854999542236328,12.279999732971191,12.81999969482422,1710000
08-05-2024,12.670000076293944,12.81999969482422,12.649999618530272,12.739999771118164,1277000
09-05-2024,12.75,12.859999656677246,12.350000381469728,12.359999656677246,1291000
10-05-2024,12.380000114440918,12.489999771118164,12.170000076293944,12.170000076293944,1058500
13-05-2024,12.300000190734863,12.385000228881836,12.15999984741211,12.18000030517578,999100
14-05-2024,12.31999969482422,12.34000015258789,12.220000267028809,12.260000228881836,1273200
15-05-2024,12.470000267028809,12.550000190734863,12.274999618530272,12.550000190734863,1355400
16-05-2024,12.479999542236328,12.59000015258789,12.40999984741211,12.43000030517578,1187300
17-05-2024,12.479999542236328,12.6899995803833,12.43000030517578,12.510000228881836,2097400
20-05-2024,12.510000228881836,12.649999618530272,12.470000267028809,12.59000015258789,2446300
21-05-2024,12.5,12.539999961853027,12.225000381469728,12.279999732971191,1241200
22-05-2024,12.279999732971191,12.399999618530272,12.170000076293944,12.1899995803833,1264700
23-05-2024,12.279999732971191,12.279999732971191,11.93000030517578,11.989999771118164,1243400
24-05-2024,11.970000267028809,12.100000381469728,11.9399995803833,12.0600004196167,743100
28-05-2024,12.039999961853027,12.050000190734863,11.850000381469728,11.9399995803833,1251300
29-05-2024,11.800000190734863,12.015000343322754,11.779999732971191,11.880000114440918,1114400
30-05-2024,11.729999542236328,11.789999961853027,11.420000076293944,11.470000267028809,1598700
31-05-2024,11.449999809265137,11.545000076293944,11.0600004196167,11.210000038146973,2404100
03-06-2024,11.359999656677246,11.40999984741211,10.760000228881836,10.890000343322754,2164200
04-06-2024,10.779999732971191,10.96500015258789,10.609999656677246,10.710000038146973,2324500
05-06-2024,10.949999809265137,11.010000228881836,10.654999732971191,10.84000015258789,2658800
06-06-2024,8.40999984741211,9.390000343322754,8.329999923706055,9.199999809265137,9299400
07-06-2024,9.170000076293944,9.279999732971191,8.8100004196167,8.920000076293945,3181600
10-06-2024,8.800000190734863,9.06999969482422,8.619999885559082,8.960000038146973,3965600
11-06-2024,8.899999618530273,9.09000015258789,8.899999618530273,8.9399995803833,2618500
12-06-2024,9.109999656677246,9.220000267028809,9.029999732971191,9.050000190734863,2965400
13-06-2024,9.020000457763672,9.06999969482422,8.880000114440918,8.880000114440918,2247700
14-06-2024,8.800000190734863,8.9399995803833,8.779999732971191,8.8100004196167,2416800
17-06-2024,8.760000228881836,8.949999809265137,8.6899995803833,8.819999694824219,3168200
18-06-2024,8.800000190734863,8.914999961853027,8.399999618530273,8.5600004196167,4279700
20-06-2024,8.600000381469727,8.699999809265137,8.460000038146973,8.529999732971191,3730600
21-06-2024,8.5,8.770000457763672,8.460000038146973,8.729999542236328,4639800
24-06-2024,8.6899995803833,9.149999618530272,8.6899995803833,9.079999923706056,2486600
25-06-2024,9.06999969482422,9.210000038146973,8.9399995803833,8.989999771118164,2678400
26-06-2024,8.949999809265137,9.239999771118164,8.944999694824219,9.239999771118164,2806700
27-06-2024,9.239999771118164,9.550000190734863,9.204999923706056,9.359999656677246,2428000
28-06-2024,9.40999984741211,9.710000038146973,9.3149995803833,9.619999885559082,3133200
01-07-2024,9.609999656677246,9.979999542236328,9.56999969482422,9.800000190734863,2961800
02-07-2024,9.800000190734863,10.010000228881836,9.800000190734863,9.800000190734863,3037300
03-07-2024,9.800000190734863,10.244999885559082,9.760000228881836,10.050000190734863,2018600
05-07-2024,10.050000190734863,10.270000457763672,9.90999984741211,9.960000038146973,2880000
08-07-2024,10.0,10.109999656677246,9.975000381469728,9.989999771118164,2269500
09-07-2024,9.960000038146973,9.989999771118164,9.399999618530272,9.4399995803833,1883300
10-07-2024,9.489999771118164,9.5,9.229999542236328,9.289999961853027,1408900
11-07-2024,9.479999542236328,9.5,9.140000343322754,9.220000267028809,1652000
12-07-2024,9.3100004196167,9.404999732971191,9.220000267028809,9.270000457763672,1276700
15-07-2024,9.300000190734863,9.35099983215332,9.085000038146973,9.119999885559082,1573700
16-07-2024,9.220000267028809,9.5,9.220000267028809,9.5,2529100
17-07-2024,9.43000030517578,9.510000228881836,9.329999923706056,9.460000038146973,1120200
18-07-2024,9.460000038146973,9.65999984741211,9.30500030517578,9.369999885559082,1081300
19-07-2024,9.390000343322754,9.470000267028809,9.270000457763672,9.380000114440918,1032100
22-07-2024,9.449999809265137,9.595000267028809,9.295000076293944,9.550000190734863,757600
23-07-2024,9.529999732971191,9.6899995803833,9.479999542236328,9.609999656677246,1333200
24-07-2024,9.539999961853027,9.65999984741211,9.329999923706056,9.329999923706056,791800
25-07-2024,9.399999618530272,9.755000114440918,9.359999656677246,9.600000381469728,939000
26-07-2024,9.720000267028809,9.869999885559082,9.630000114440918,9.869999885559082,846300
29-07-2024,9.899999618530272,9.90999984741211,9.600000381469728,9.670000076293944,748800
30-07-2024,9.729999542236328,9.800000190734863,9.489999771118164,9.609999656677246,1341800
31-07-2024,9.6899995803833,9.93000030517578,9.595000267028809,9.829999923706056,1369200
01-08-2024,9.789999961853027,9.810999870300291,9.40999984741211,9.520000457763672,1368400
02-08-2024,9.18000030517578,9.25,9.029999732971191,9.18000030517578,1288500
05-08-2024,8.640000343322754,8.975000381469727,8.579999923706055,8.859999656677246,1192600
06-08-2024,8.930000305175781,8.944999694824219,8.75,8.770000457763672,1278600
07-08-2024,8.920000076293945,9.029999732971191,8.729999542236328,8.729999542236328,812100
08-08-2024,8.899999618530273,9.020000457763672,8.800000190734863,9.0,887900
09-08-2024,8.960000038146973,8.989999771118164,8.805000305175781,8.960000038146973,1975400
12-08-2024,9.0,9.029999732971191,8.8149995803833,8.84000015258789,1006200
13-08-2024,8.899999618530273,9.0600004196167,8.850000381469727,9.020000457763672,1566700
14-08-2024,9.020000457763672,9.024999618530272,8.744999885559082,8.819999694824219,926200
15-08-2024,9.020000457763672,9.039999961853027,8.90999984741211,8.949999809265137,969100
16-08-2024,8.899999618530273,8.970000267028809,8.854999542236328,8.949999809265137,2286900
19-08-2024,8.970000267028809,9.15999984741211,8.90999984741211,9.149999618530272,1121300
20-08-2024,9.149999618530272,9.199999809265137,8.975000381469727,9.010000228881836,764300
21-08-2024,9.0600004196167,9.130000114440918,8.975000381469727,9.0600004196167,589400
22-08-2024,9.06999969482422,9.125,8.75,8.770000457763672,762000
23-08-2024,8.859999656677246,8.967000007629395,8.699999809265137,8.930000305175781,1061700
26-08-2024,9.0600004196167,9.298999786376951,9.020000457763672,9.100000381469728,1612800
27-08-2024,9.0,9.005000114440918,8.859999656677246,8.899999618530273,1224700
28-08-2024,8.869999885559082,8.899999618530273,8.699999809265137,8.859999656677246,1020600
29-08-2024,8.930000305175781,9.06999969482422,8.869999885559082,8.899999618530273,2073700
30-08-2024,8.970000267028809,9.010000228881836,8.789999961853027,8.970000267028809,1512600
03-09-2024,8.890000343322754,8.954999923706055,8.59000015258789,8.609999656677246,1593800
04-09-2024,8.579999923706055,8.680000305175781,8.4399995803833,8.59000015258789,4255500
05-09-2024,8.270000457763672,8.350000381469727,7.730000019073486,7.789999961853027,3057200
06-09-2024,7.840000152587891,7.949999809265137,7.605000019073486,7.710000038146973,2273100
09-09-2024,7.889999866485596,8.020000457763672,7.460000038146973,7.46999979019165,2321100
10-09-2024,7.5,7.550000190734863,7.349999904632568,7.360000133514404,1707600
11-09-2024,7.360000133514404,7.494999885559082,7.230000019073486,7.460000038146973,1929200
12-09-2024,7.46999979019165,7.699999809265137,7.34499979019165,7.670000076293945,3001400
13-09-2024,7.75,8.03499984741211,7.739999771118164,7.940000057220459,1307100
16-09-2024,7.920000076293945,8.010000228881836,7.78000020980835,7.829999923706055,1359700
17-09-2024,7.929999828338623,7.929999828338623,7.769999980926514,7.809999942779541,1819700
18-09-2024,7.789999961853027,7.989999771118164,7.724999904632568,7.809999942779541,1000400
19-09-2024,7.980000019073486,8.0,7.809999942779541,7.909999847412109,1106800
20-09-2024,7.920000076293945,7.940000057220459,7.739999771118164,7.739999771118164,5074000
23-09-2024,7.78000020980835,7.78000020980835,7.519999980926514,7.550000190734863,2451000
24-09-2024,7.630000114440918,7.724999904632568,7.559999942779541,7.639999866485596,1162000
25-09-2024,7.579999923706055,7.644999980926514,7.53000020980835,7.539999961853027,1137100
26-09-2024,7.659999847412109,7.695000171661377,7.510000228881836,7.639999866485596,1525700
27-09-2024,7.710000038146973,7.789999961853027,7.645999908447266,7.730000019073486,4242200
30-09-2024,7.690000057220459,7.860000133514404,7.675000190734863,7.730000019073486,1034900
01-10-2024,7.699999809265137,7.739999771118164,7.335000038146973,7.349999904632568,1423200
02-10-2024,7.329999923706055,7.380000114440918,7.190000057220459,7.329999923706055,1898900
03-10-2024,7.239999771118164,7.304999828338623,7.144999980926514,7.170000076293945,1137000
04-10-2024,7.25,7.514999866485596,7.190000057220459,7.460000038146973,1054000
07-10-2024,7.170000076293945,7.260000228881836,6.925000190734863,7.019999980926514,1938600
08-10-2024,7.010000228881836,7.119999885559082,6.949999809265137,6.980000019073486,1366100
09-10-2024,6.989999771118164,7.135000228881836,6.980000019073486,7.050000190734863,1212300
10-10-2024,6.920000076293945,7.170000076293945,6.909999847412109,7.139999866485596,947300
11-10-2024,7.099999904632568,7.289999961853027,7.090000152587891,7.230000019073486,751400
14-10-2024,7.21999979019165,7.25,7.079999923706055,7.210000038146973,906000
15-10-2024,7.199999809265137,7.34499979019165,7.190000057220459,7.309999942779541,735000
16-10-2024,7.349999904632568,7.360000133514404,7.235000133514404,7.289999961853027,1866900
17-10-2024,7.309999942779541,7.309999942779541,7.105000019073486,7.21999979019165,2057900
18-10-2024,7.269999980926514,7.380000114440918,7.239999771118164,7.260000228881836,4288200
21-10-2024,7.269999980926514,7.389999866485596,7.139999866485596,7.260000228881836,1918900
22-10-2024,7.21999979019165,7.264999866485596,7.119999885559082,7.130000114440918,1546000
23-10-2024,7.099999904632568,7.139999866485596,7.0,7.099999904632568,1163600
24-10-2024,7.139999866485596,7.230000019073486,7.110000133514404,7.210000038146973,2038700
25-10-2024,7.269999980926514,7.360000133514404,7.199999809265137,7.320000171661377,2495300
28-10-2024,7.420000076293945,7.454999923706055,7.369999885559082,7.369999885559082,2360600
29-10-2024,7.320000171661377,7.614999771118164,7.320000171661377,7.539999961853027,2611800
30-10-2024,7.519999980926514,7.639999866485596,7.369999885559082,7.369999885559082,2839800
31-10-2024,7.349999904632568,7.480000019073486,7.340000152587891,7.429999828338623,2886200
01-11-2024,7.5,7.644999980926514,7.449999809265137,7.539999961853027,2418500
04-11-2024,7.550000190734863,7.704999923706055,7.539999961853027,7.599999904632568,2925000
05-11-2024,7.489999771118164,7.550000190734863,7.079999923706055,7.139999866485596,7658100
06-11-2024,7.460000038146973,7.610000133514404,7.329999923706055,7.610000133514404,4987100
07-11-2024,7.610000133514404,7.864999771118164,7.539999961853027,7.71999979019165,3263700
08-11-2024,7.679999828338623,7.704999923706055,7.46999979019165,7.559999942779541,2811100
11-11-2024,7.710000038146973,8.319999694824219,7.699999809265137,8.289999961853027,3095400
12-11-2024,7.829999923706055,8.274999618530273,7.769999980926514,8.210000038146973,4011600
13-11-2024,8.25,8.329999923706055,7.889999866485596,8.069999694824219,3556700
14-11-2024,8.09000015258789,8.100000381469727,7.639999866485596,7.739999771118164,3834100
15-11-2024,7.820000171661377,7.820000171661377,7.599999904632568,7.670000076293945,3614300
18-11-2024,7.710000038146973,7.840000152587891,7.590000152587891,7.760000228881836,1316700
19-11-2024,7.630000114440918,7.840000152587891,7.610000133514404,7.78000020980835,2519500
20-11-2024,7.840000152587891,7.949999809265137,7.739999771118164,7.820000171661377,2235000
21-11-2024,7.880000114440918,8.138999938964844,7.815000057220459,8.039999961853027,3168300
22-11-2024,8.100000381469727,8.420000076293945,8.079999923706055,8.300000190734863,2548600
25-11-2024,8.420000076293945,8.529999732971191,8.300000190734863,8.3100004196167,3762000
26-11-2024,8.270000457763672,8.289999961853027,8.109999656677246,8.180000305175781,2224400
27-11-2024,8.220000267028809,8.359999656677246,8.085000038146973,8.210000038146973,2362300
29-11-2024,8.270000457763672,8.300000190734863,8.140000343322754,8.239999771118164,1251900
02-12-2024,8.220000267028809,8.40999984741211,8.180000305175781,8.40999984741211,3132600
03-12-2024,8.319999694824219,8.399999618530273,8.0600004196167,8.25,4240500
04-12-2024,8.460000038146973,8.770000457763672,8.380000114440918,8.640000343322754,8453800
05-12-2024,8.890000343322754,9.199999809265137,8.300000190734863,8.670000076293945,6896500
06-12-2024,8.729999542236328,8.866000175476074,8.550000190734863,8.789999961853027,3821000
09-12-2024,8.859999656677246,9.119999885559082,8.779999732971191,9.020000457763672,2308600
10-12-2024,8.970000267028809,9.149999618530272,8.899999618530273,9.140000343322754,2511100
11-12-2024,8.880000114440918,9.390000343322754,8.824999809265137,9.359999656677246,2621100
12-12-2024,9.300000190734863,9.48799991607666,9.210000038146973,9.270000457763672,1917600
13-12-2024,9.239999771118164,9.239999771118164,8.8100004196167,9.039999961853027,1706800
16-12-2024,9.0,9.454999923706056,8.963000297546387,9.420000076293944,2044000
17-12-2024,9.335000038146973,9.470000267028809,9.255000114440918,9.300000190734863,3008700
18-12-2024,9.34000015258789,9.420000076293944,8.970000267028809,9.100000381469728,2949400
19-12-2024,9.210000038146973,9.300000190734863,8.9399995803833,9.149999618530272,2131500
20-12-2024,8.920000076293945,9.270000457763672,8.920000076293945,9.100000381469728,7894400
23-12-2024,9.130000114440918,9.149999618530272,8.9350004196167,8.989999771118164,1062900
24-12-2024,9.010000228881836,9.029999732971191,8.899999618530273,8.949999809265137,398400
26-12-2024,8.90999984741211,8.99899959564209,8.770000457763672,8.789999961853027,1224600
27-12-2024,8.739999771118164,8.770000457763672,8.470000267028809,8.529999732971191,1175100
30-12-2024,8.460000038146973,8.579999923706055,8.3100004196167,8.5,1327900
31-12-2024,8.5600004196167,8.664999961853027,8.449999809265137,8.449999809265137,807100
02-01-2025,8.579999923706055,8.704999923706055,8.470000267028809,8.539999961853027,953800
03-01-2025,8.59000015258789,8.8100004196167,8.529999732971191,8.779999732971191,1966400
06-01-2025,8.859999656677246,8.970000267028809,8.680000305175781,8.760000228881836,2423500
07-01-2025,8.84000015258789,8.869999885559082,8.279999732971191,8.380000114440918,1223800
08-01-2025,8.300000190734863,8.619999885559082,8.260000228881836,8.579999923706055,1397100
10-01-2025,8.399999618530273,8.460000038146973,8.25,8.260000228881836,978500
13-01-2025,8.180000305175781,8.279999732971191,8.140000343322754,8.260000228881836,1375500
14-01-2025,8.359999656677246,8.520000457763672,8.329999923706055,8.489999771118164,917300
15-01-2025,8.720000267028809,8.770000457763672,8.574999809265137,8.609999656677246,1302900
16-01-2025,8.65999984741211,8.699999809265137,8.510000228881836,8.579999923706055,1525800
17-01-2025,8.729999542236328,8.744999885559082,8.510000228881836,8.5600004196167,1962600
21-01-2025,8.640000343322754,8.710000038146973,8.5649995803833,8.630000114440918,752700
22-01-2025,8.609999656677246,8.770000457763672,8.5649995803833,8.65999984741211,1062000
23-01-2025,8.569999694824219,8.850000381469727,8.569999694824219,8.84000015258789,1081700
24-01-2025,8.880000114440918,8.930000305175781,8.729999542236328,8.729999542236328,713700
27-01-2025,8.699999809265137,9.31999969482422,8.517000198364258,8.989999771118164,1795800
28-01-2025,9.020000457763672,9.484999656677246,8.960000038146973,9.25,1568600
29-01-2025,9.210000038146973,9.239999771118164,8.984999656677246,9.119999885559082,2947600
30-01-2025,9.06999969482422,9.15999984741211,8.829999923706055,8.880000114440918,1163100
31-01-2025,8.9399995803833,9.359999656677246,8.880000114440918,8.90999984741211,1210100
03-02-2025,8.5,8.859999656677246,8.5,8.819999694824219,1283300
04-02-2025,8.869999885559082,8.989999771118164,8.8100004196167,8.90999984741211,734900
05-02-2025,8.90999984741211,8.949999809265137,8.829999923706055,8.930000305175781,746400
06-02-2025,8.930000305175781,9.0,8.864999771118164,8.880000114440918,769400
07-02-2025,8.670000076293945,8.84000015258789,8.449999809265137,8.680000305175781,1427700
10-02-2025,8.800000190734863,8.989999771118164,8.75,8.970000267028809,2119100
11-02-2025,8.859999656677246,9.09000015258789,8.859999656677246,9.079999923706056,2497300
12-02-2025,8.949999809265137,9.25,8.899999618530273,9.1899995803833,1577900
13-02-2025,9.25,9.270000457763672,9.039999961853027,9.18000030517578,1113100
14-02-2025,9.229999542236328,9.270000457763672,8.960000038146973,8.979999542236328,761200
18-02-2025,9.020000457763672,9.350000381469728,9.0,9.289999961853027,1916500
19-02-2025,9.25,9.350000381469728,9.079999923706056,9.210000038146973,1971300
20-02-2025,9.15999984741211,9.204999923706056,9.029999732971191,9.109999656677246,1941400
21-02-2025,9.239999771118164,9.300000190734863,8.859999656677246,8.869999885559082,1755700
24-02-2025,8.899999618530273,8.949999809265137,8.640000343322754,8.720000267028809,1209800
25-02-2025,8.75,8.78499984741211,8.579999923706055,8.619999885559082,1249500
26-02-2025,8.630000114440918,8.800000190734863,8.539999961853027,8.619999885559082,1492800
27-02-2025,8.65999984741211,8.75,8.489999771118164,8.489999771118164,1117900
28-02-2025,8.449999809265137,8.555000305175781,8.34000015258789,8.470000267028809,1889200
03-03-2025,8.5,8.609999656677246,8.25,8.289999961853027,1624300
04-03-2025,8.149999618530273,8.5,8.109999656677246,8.4399995803833,1929900
05-03-2025,8.470000267028809,8.579999923706055,8.380000114440918,8.539999961853027,1340000
06-03-2025,8.430000305175781,8.545000076293945,8.239999771118164,8.289999961853027,1099700
07-03-2025,8.289999961853027,8.5600004196167,8.199999809265137,8.430000305175781,2003700
10-03-2025,8.34000015258789,8.390000343322754,8.149999618530273,8.1899995803833,1700100
11-03-2025,8.210000038146973,8.210000038146973,7.929999828338623,8.079999923706055,2472500
12-03-2025,8.930000305175781,9.6850004196167,8.8100004196167,9.420000076293944,7012900
13-03-2025,9.470000267028809,9.630000114440918,8.994999885559082,9.199999809265137,3846100
14-03-2025,9.329999923706056,9.43000030517578,9.0600004196167,9.140000343322754,2069300
17-03-2025,9.130000114440918,9.149999618530272,8.619999885559082,8.640000343322754,2397300
18-03-2025,8.630000114440918,8.84000015258789,8.46500015258789,8.800000190734863,1801400
19-03-2025,8.789999961853027,8.949999809265137,8.75,8.869999885559082,2344300
20-03-2025,8.850000381469727,8.994999885559082,8.835000038146973,8.84000015258789,1309200
21-03-2025,8.710000038146973,8.880000114440918,8.5649995803833,8.65999984741211,3298200
24-03-2025,8.800000190734863,9.0,8.649999618530273,8.979999542236328,3060500
25-03-2025,8.979999542236328,9.140000343322754,8.90999984741211,9.0600004196167,2207900
26-03-2025,9.039999961853027,9.109999656677246,8.850000381469727,8.890000343322754,1842200
27-03-2025,8.84000015258789,8.960000038146973,8.720000267028809,8.760000228881836,1169400
28-03-2025,8.699999809265137,8.71399974822998,8.345000267028809,8.430000305175781,1054200
31-03-2025,8.3100004196167,8.46500015258789,8.180000305175781,8.350000381469727,1589200
01-04-2025,8.359999656677246,8.550000190734863,8.199999809265137,8.520000457763672,1583300
02-04-2025,8.460000038146973,8.569999694824219,8.329999923706055,8.460000038146973,1084000
03-04-2025,8.100000381469727,8.229999542236328,7.65500020980835,7.730000019073486,1747900
04-04-2025,7.510000228881836,7.554999828338623,7.110000133514404,7.199999809265137,2214900
07-04-2025,6.880000114440918,7.440000057220459,6.75,7.170000076293945,2969600
08-04-2025,7.489999771118164,7.489999771118164,6.965000152587891,7.119999885559082,2665400
09-04-2025,7.110000133514404,8.069999694824219,7.054999828338623,7.900000095367432,2076400
10-04-2025,7.730000019073486,7.789999961853027,7.460000038146973,7.630000114440918,1248800
11-04-2025,7.519999980926514,7.539999961853027,7.070000171661377,7.260000228881836,2868700
14-04-2025,7.420000076293945,7.420000076293945,7.065000057220459,7.179999828338623,2319600
15-04-2025,7.159999847412109,7.28000020980835,7.119999885559082,7.199999809265137,2084600
16-04-2025,7.159999847412109,7.320000171661377,7.09499979019165,7.139999866485596,1260200
17-04-2025,7.099999904632568,7.170000076293945,6.989999771118164,7.099999904632568,1177000
21-04-2025,7.010000228881836,7.079999923706055,6.769999980926514,6.880000114440918,1353200
22-04-2025,6.869999885559082,7.050000190734863,6.85099983215332,7.039999961853027,3821000
23-04-2025,7.25,7.433000087738037,7.159999847412109,7.170000076293945,1490300
24-04-2025,7.25,7.559999942779541,7.224999904632568,7.519999980926514,1277800
25-04-2025,7.449999809265137,7.659999847412109,7.440000057220459,7.659999847412109,806200
28-04-2025,7.650000095367432,7.739999771118164,7.590000152587891,7.679999828338623,1192800
29-04-2025,7.699999809265137,7.769999980926514,7.679999828338623,7.71999979019165,2070800
30-04-2025,7.570000171661377,7.715000152587891,7.460000038146973,7.690000057220459,956600
01-05-2025,7.789999961853027,7.829999923706055,7.690000057220459,7.710000038146973,929400
02-05-2025,7.809999942779541,7.84499979019165,7.710000038146973,7.760000228881836,721100
05-05-2025,7.679999828338623,7.860000133514404,7.679999828338623,7.71999979019165,813500
06-05-2025,7.599999904632568,7.755000114440918,7.559999942779541,7.630000114440918,683600
07-05-2025,7.690000057220459,7.769999980926514,7.630000114440918,7.739999771118164,679900
08-05-2025,7.840000152587891,8.109999656677246,7.775000095367432,8.029999732971191,1012500
09-05-2025,8.069999694824219,8.130000114440918,7.989999771118164,8.050000190734863,984000
12-05-2025,8.350000381469727,8.5,8.291000366210938,8.40999984741211,916900
13-05-2025,8.40999984741211,8.539999961853027,8.40999984741211,8.489999771118164,1103500
14-05-2025,8.5,8.585000038146973,8.430000305175781,8.470000267028809,1323500
15-05-2025,8.449999809265137,8.555000305175781,8.350000381469727,8.479999542236328,1028200
16-05-2025,8.529999732971191,8.550000190734863,8.395000457763672,8.4399995803833,1674100
19-05-2025,8.270000457763672,8.404999732971191,8.239999771118164,8.34000015258789,949800
20-05-2025,8.270000457763672,8.329999923706055,8.1899995803833,8.270000457763672,1005300
21-05-2025,8.180000305175781,8.210000038146973,8.005000114440918,8.050000190734863,811300
22-05-2025,8.050000190734863,8.270000457763672,7.96999979019165,8.199999809265137,977400
23-05-2025,8.0,8.100000381469727,7.994999885559082,8.029999732971191,1151100
27-05-2025,8.15999984741211,8.350000381469727,8.09000015258789,8.3100004196167,1048700
28-05-2025,8.329999923706055,8.460000038146973,8.305000305175781,8.420000076293945,1025900
29-05-2025,8.5,8.550000190734863,8.350000381469727,8.489999771118164,1468600
30-05-2025,8.5,8.550000190734863,8.380000114440918,8.4399995803833,1352900
02-06-2025,8.390000343322754,8.4350004196167,8.15999984741211,8.210000038146973,1567900
03-06-2025,8.119999885559082,8.604999542236328,8.079999923706055,8.550000190734863,3006000
04-06-2025,9.0,9.34000015258789,8.739999771118164,9.0600004196167,4578200
05-06-2025,9.100000381469728,9.244999885559082,8.824999809265137,8.850000381469727,2058600
06-06-2025,8.949999809265137,8.989999771118164,8.569999694824219,8.760000228881836,2989800
09-06-2025,8.800000190734863,8.895000457763672,8.680000305175781,8.699999809265137,2131100
10-06-2025,8.65999984741211,8.859999656677246,8.619999885559082,8.829999923706055,2451800
11-06-2025,8.800000190734863,8.829999923706055,8.479999542236328,8.569999694824219,2391200
12-06-2025,8.154999732971191,8.274999618530273,7.960000038146973,8.109999656677246,5799600
13-06-2025,8.020000457763672,8.0600004196167,7.90500020980835,7.949999809265137,2240700
16-06-2025,7.989999771118164,8.265000343322754,7.974999904632568,8.210000038146973,2737900
17-06-2025,8.15999984741211,8.545000076293945,8.15999984741211,8.319999694824219,3924600
18-06-2025,8.34000015258789,8.34000015258789,8.039999961853027,8.050000190734863,1762400
20-06-2025,7.96999979019165,8.125,7.940000057220459,8.020000457763672,3612600
23-06-2025,8.020000457763672,8.170000076293945,7.929999828338623,8.119999885559082,2267800
24-06-2025,8.229999542236328,8.4350004196167,8.1850004196167,8.369999885559082,2513200
25-06-2025,8.329999923706055,8.480999946594238,8.210000038146973,8.220000267028809,2986800
26-06-2025,8.289999961853027,8.430000305175781,8.140000343322754,8.399999618530273,3389900
27-06-2025,8.380000114440918,8.380000114440918,7.980000019073486,8.210000038146973,7995500
30-06-2025,8.289999961853027,8.569999694824219,8.23900032043457,8.460000038146973,4293600
01-07-2025,8.40999984741211,8.880000114440918,8.40999984741211,8.65999984741211,4483800
02-07-2025,8.65999984741211,8.675000190734863,8.369999885559082,8.609999656677246,5521300
03-07-2025,8.680000305175781,8.939000129699707,8.630000114440918,8.760000228881836,2541400
07-07-2025,8.6899995803833,9.015000343322754,8.609999656677246,8.989999771118164,3539600
08-07-2025,8.880000114440918,9.0,8.640000343322754,9.0,5156100
09-07-2025,9.0,9.18000030517578,8.949999809265137,9.119999885559082,3138900
10-07-2025,9.100000381469728,9.145000457763672,8.880000114440918,9.039999961853027,2120300
11-07-2025,8.920000076293945,8.954999923706055,8.520000457763672,8.529999732971191,3592000
14-07-2025,8.529999732971191,8.789999961853027,8.520000457763672,8.680000305175781,2323000
15-07-2025,8.760000228881836,8.779999732971191,8.600000381469727,8.619999885559082,2032800
16-07-2025,8.710000038146973,8.800000190734863,8.630000114440918,8.779999732971191,2070500
17-07-2025,8.8100004196167,9.039999961853027,8.800000190734863,9.010000228881836,2486500
18-07-2025,9.039999961853027,9.06999969482422,8.960000038146973,9.0,2008000
21-07-2025,9.039999961853027,9.100000381469728,8.930000305175781,8.989999771118164,1438600
22-07-2025,8.979999542236328,9.109999656677246,8.979999542236328,9.050000190734863,1259400
23-07-2025,9.039999961853027,9.09000015258789,8.920000076293945,9.09000015258789,1889000
24-07-2025,9.050000190734863,9.10200023651123,8.989999771118164,9.039999961853027,1226800
25-07-2025,9.130000114440918,9.25,9.015000343322754,9.210000038146973,2485800
28-07-2025,9.260000228881836,9.345000267028809,9.220000267028809,9.300000190734863,1092700
29-07-2025,9.390000343322754,9.399999618530272,9.244999885559082,9.350000381469728,2456300
30-07-2025,9.369999885559082,9.375,9.039999961853027,9.06999969482422,1292500
31-07-2025,9.119999885559082,9.1899995803833,8.949999809265137,9.010000228881836,1649200
01-08-2025,8.859999656677246,8.885000228881836,8.5600004196167,8.579999923706055,1923700
04-08-2025,8.65999984741211,8.979999542236328,8.649999618530273,8.869999885559082,1445900
05-08-2025,8.989999771118164,9.039999961853027,8.890000343322754,8.899999618530273,1582300
06-08-2025,8.979999542236328,9.079999923706056,8.954999923706055,9.029999732971191,1189800
07-08-2025,9.1899995803833,9.199999809265137,8.354999542236328,8.460000038146973,1453500
08-08-2025,8.449999809265137,8.510000228881836,8.095000267028809,8.119999885559082,1999600
11-08-2025,8.09000015258789,8.170000076293945,7.889999866485596,7.900000095367432,1638800
12-08-2025,7.900000095367432,8.0649995803833,7.809999942779541,7.980000019073486,2012700
13-08-2025,8.050000190734863,8.279999732971191,7.940000057220459,8.260000228881836,2591600
14-08-2025,8.149999618530273,8.210000038146973,7.989999771118164,8.039999961853027,948700
15-08-2025,8.069999694824219,8.300000190734863,7.980000019073486,8.25,2092000
18-08-2025,8.260000228881836,8.380000114440918,8.239999771118164,8.369999885559082,1724400
19-08-2025,8.399999618530273,8.515000343322754,8.270000457763672,8.350000381469727,1134900
20-08-2025,8.34000015258789,8.359999656677246,8.175000190734863,8.279999732971191,857200
21-08-2025,8.289999961853027,8.359999656677246,8.204999923706055,8.300000190734863,690700
22-08-2025,8.430000305175781,8.829999923706055,8.326000213623047,8.720000267028809,1468400
25-08-2025,8.649999618530273,8.6899995803833,8.520000457763672,8.609999656677246,1593100
26-08-2025,8.630000114440918,8.720000267028809,8.369999885559082,8.369999885559082,2164400
27-08-2025,8.40999984741211,8.670000076293945,8.354999542236328,8.65999984741211,1494600
28-08-2025,8.710000038146973,8.845000267028809,8.6850004196167,8.75,1819100
29-08-2025,8.779999732971191,8.8100004196167,8.430000305175781,8.640000343322754,4107400
02-09-2025,8.489999771118164,8.6899995803833,8.274999618530273,8.600000381469727,4657000
03-09-2025,8.199999809265137,8.489999771118164,7.710000038146973,7.739999771118164,7565500
04-09-2025,7.739999771118164,7.869999885559082,7.510000228881836,7.829999923706055,3915400
05-09-2025,7.849999904632568,8.024999618530273,7.639999866485596,7.809999942779541,2496200
08-09-2025,7.809999942779541,8.055000305175781,7.704999923706055,7.909999847412109,3038300
09-09-2025,7.929999828338623,7.989999771118164,7.789999961853027,7.849999904632568,1535900
10-09-2025,7.849999904632568,7.929999828338623,7.659999847412109,7.710000038146973,1439800
11-09-2025,7.760000228881836,7.929999828338623,7.71999979019165,7.900000095367432,1503800
12-09-2025,7.869999885559082,7.889999866485596,7.704999923706055,7.71999979019165,2183600
15-09-2025,7.769999980926514,7.949999809265137,7.739999771118164,7.800000190734863,2568400
16-09-2025,7.809999942779541,7.824999809265137,7.659999847412109,7.789999961853027,1408900
17-09-2025,7.800000190734863,8.03499984741211,7.775000095367432,7.869999885559082,2084600
18-09-2025,7.980000019073486,8.130000114440918,7.809999942779541,7.900000095367432,2758400
19-09-2025,7.880000114440918,7.920000076293945,7.769999980926514,7.789999961853027,4279400
22-09-2025,7.75,7.929999828338623,7.71999979019165,7.900000095367432,1919100
23-09-2025,7.929999828338623,7.960000038146973,7.809999942779541,7.869999885559082,1565400
24-09-2025,7.940000057220459,7.980000019073486,7.835000038146973,7.909999847412109,1142700
25-09-2025,7.860000133514404,7.860000133514404,7.71999979019165,7.809999942779541,1422800
26-09-2025,7.789999961853027,7.880000114440918,7.755000114440918,7.860000133514404,924000
29-09-2025,7.900000095367432,8.0,7.840000152587891,7.869999885559082,1592200
30-09-2025,7.929999828338623,7.940000057220459,7.679999828338623,7.71999979019165,1349100
01-10-2025,7.710000038146973,7.869999885559082,7.710000038146973,7.760000228881836,1478700
02-10-2025,7.789999961853027,7.925000190734863,7.739999771118164,7.739999771118164,1001200
03-10-2025,7.760000228881836,7.84499979019165,7.730000019073486,7.769999980926514,1210400
06-10-2025,7.800000190734863,7.914999961853027,7.71999979019165,7.75,1513200
07-10-2025,7.739999771118164,7.826000213623047,7.425000190734863,7.539999961853027,2264400
08-10-2025,7.570000171661377,7.679999828338623,7.491000175476074,7.639999866485596,1394200
09-10-2025,7.570000171661377,7.679999828338623,7.554999828338623,7.639999866485596,1221900
10-10-2025,7.670000076293945,7.679999828338623,7.400000095367432,7.460000038146973,2262100
13-10-2025,7.519999980926514,7.554999828338623,7.420000076293945,7.519999980926514,1413000
14-10-2025,7.420000076293945,7.570000171661377,7.400000095367432,7.510000228881836,1036900
15-10-2025,7.570000171661377,7.599999904632568,7.480000019073486,7.599999904632568,1036500
16-10-2025,7.659999847412109,7.701000213623047,7.520999908447266,7.570000171661377,1430100
17-10-2025,7.519999980926514,7.625,7.510000228881836,7.619999885559082,1141700
20-10-2025,7.659999847412109,7.809999942779541,7.659999847412109,7.760000228881836,832000
21-10-2025,7.71999979019165,7.909999847412109,7.679999828338623,7.809999942779541,858800
22-10-2025,7.800000190734863,7.860000133514404,7.710000038146973,7.809999942779541,891600
23-10-2025,7.800000190734863,7.820000171661377,7.724999904632568,7.760000228881836,678600
24-10-2025,7.860000133514404,7.885000228881836,7.769999980926514,7.789999961853027,800800
27-10-2025,7.829999923706055,7.880000114440918,7.800000190734863,7.840000152587891,743600
28-10-2025,7.860000133514404,7.900000095367432,7.730000019073486,7.760000228881836,618400
29-10-2025,7.699999809265137,7.715000152587891,7.534999847412109,7.599999904632568,1930700
30-10-2025,7.559999942779541,7.710000038146973,7.519999980926514,7.570000171661377,1467900
31-10-2025,7.579999923706055,7.730000019073486,7.539999961853027,7.71999979019165,1277200
03-11-2025,7.71999979019165,7.75,7.514999866485596,7.71999979019165,1596400
04-11-2025,7.570000171661377,7.635000228881836,7.445000171661377,7.53000020980835,949400
05-11-2025,7.519999980926514,7.599999904632568,7.454999923706055,7.550000190734863,1248600
06-11-2025,7.519999980926514,7.585000038146973,7.385000228881836,7.519999980926514,1667800
07-11-2025,7.480000019073486,7.480000019073486,7.320000171661377,7.420000076293945,1192200
10-11-2025,7.420000076293945,7.525000095367432,7.400000095367432,7.449999809265137,1265300
11-11-2025,7.400000095367432,7.570000171661377,7.400000095367432,7.550000190734863,834800
12-11-2025,7.510000228881836,7.619999885559082,7.474999904632568,7.5,1442400
13-11-2025,7.360000133514404,7.5,7.21999979019165,7.300000190734863,1230000
14-11-2025,7.210000038146973,7.315000057220459,7.190000057220459,7.28000020980835,1134000
17-11-2025,7.139999866485596,7.239999771118164,7.0,7.019999980926514,1986300
18-11-2025,6.949999809265137,7.065000057220459,6.949999809265137,7.010000228881836,1135700
19-11-2025,6.960000038146973,7.099999904632568,6.920000076293945,6.96999979019165,1340800
20-11-2025,7.039999961853027,7.110000133514404,6.90500020980835,6.929999828338623,1230300
21-11-2025,6.929999828338623,7.164999961853027,6.860000133514404,7.110000133514404,1625600
24-11-2025,7.039999961853027,7.144999980926514,7.03000020980835,7.090000152587891,1744300
25-11-2025,7.099999904632568,7.360000133514404,7.051000118255615,7.239999771118164,1398100
26-11-2025,7.179999828338623,7.289999961853027,7.144999980926514,7.210000038146973,2169600
28-11-2025,7.210000038146973,7.339000225067139,7.179999828338623,7.230000019073486,1076300
01-12-2025,7.139999866485596,7.324999809265137,7.090000152587891,7.269999980926514,2166400
02-12-2025,7.309999942779541,7.71999979019165,7.25,7.539999961853027,5616800
03-12-2025,7.840000152587891,8.0,7.400000095367432,7.769999980926514,7850900
04-12-2025,7.940000057220459,8.0,7.630000114440918,7.900000095367432,3328100
05-12-2025,7.869999885559082,7.885000228881836,7.71999979019165,7.789999961853027,2001200
08-12-2025,7.820000171661377,7.96999979019165,7.710000038146973,7.739999771118164,2537600
09-12-2025,7.739999771118164,8.074999809265137,7.735000133514404,8.0600004196167,2238900
10-12-2025,8.0600004196167,8.204999923706055,8.00100040435791,8.020000457763672,2006200
11-12-2025,7.980000019073486,8.09000015258789,7.945000171661377,8.020000457763672,1610500
12-12-2025,8.029999732971191,8.0600004196167,7.980000019073486,8.029999732971191,1630600
15-12-2025,8.029999732971191,8.029999732971191,7.690000057220459,7.710000038146973,1456900
16-12-2025,7.679999828338623,7.909999847412109,7.670000076293945,7.849999904632568,1763700
17-12-2025,7.849999904632568,7.974999904632568,7.809999942779541,7.860000133514404,1974600
18-12-2025,7.829999923706055,7.934999942779541,7.809999942779541,7.869999885559082,2352000
19-12-2025,7.880000114440918,7.909999847412109,7.735000133514404,7.840000152587891,3424100
22-12-2025,7.860000133514404,7.900000095367432,7.769999980926514,7.789999961853027,1054500
23-12-2025,7.789999961853027,7.789999961853027,7.605000019073486,7.690000057220459,3714000
24-12-2025,7.690000057220459,7.735000133514404,7.659999847412109,7.710000038146973,1158300
26-12-2025,7.690000057220459,7.75,7.670000076293945,7.71999979019165,718200
29-12-2025,7.699999809265137,7.84499979019165,7.699999809265137,7.800000190734863,1068500
30-12-2025,7.75,7.894999980926514,7.730000019073486,7.829999923706055,1176500
31-12-2025,7.820000171661377,7.875,7.769999980926514,7.78000020980835,968400
02-01-2026,7.820000171661377,7.820000171661377,7.164999961853027,7.320000171661377,1790800
05-01-2026,7.300000190734863,7.519999980926514,7.250999927520752,7.400000095367432,1515300
06-01-2026,7.389999866485596,7.570000171661377,7.360000133514404,7.559999942779541,1506400
07-01-2026,7.590000152587891,7.760000228881836,7.494999885559082,7.760000228881836,1078000
08-01-2026,7.690000057220459,7.724999904632568,7.599999904632568,7.679999828338623,1890400
09-01-2026,7.639999866485596,7.710000038146973,7.505000114440918,7.630000114440918,884700
12-01-2026,7.599999904632568,7.659999847412109,7.5,7.599999904632568,1213700
13-01-2026,7.619999885559082,7.619999885559082,7.21999979019165,7.25,1304300
14-01-2026,7.199999809265137,7.25,7.034999847412109,7.119999885559082,1765100
15-01-2026,7.119999885559082,7.119999885559082,6.940000057220459,6.960000038146973,1234700
16-01-2026,6.960000038146973,6.96999979019165,6.619999885559082,6.619999885559082,2228300
20-01-2026,6.559999942779541,6.695000171661377,6.550000190734863,6.610000133514404,2203700
21-01-2026,6.599999904632568,6.699999809265137,6.550000190734863,6.659999847412109,1683400
22-01-2026,6.710000038146973,6.829999923706055,6.690000057220459,6.800000190734863,1513900
23-01-2026,6.789999961853027,6.909999847412109,6.684999942779541,6.739999771118164,2650800
26-01-2026,6.78000020980835,6.880000114440918,6.710000038146973,6.789999961853027,1595700
27-01-2026,6.800000190734863,6.840000152587891,6.480000019073486,6.559999942779541,1318000
28-01-2026,6.619999885559082,6.690000057220459,6.554999828338623,6.570000171661377,1822800
29-01-2026,6.389999866485596,6.46999979019165,6.210000038146973,6.349999904632568,1638600
30-01-2026,6.300000190734863,6.460000038146973,6.28000020980835,6.380000114440918,2121500
02-02-2026,6.389999866485596,6.534999847412109,6.25,6.289999961853027,2873200
03-02-2026,6.150000095367432,6.150000095367432,5.795000076293945,5.940000057220459,3470100
04-02-2026,5.880000114440918,6.130000114440918,5.820000171661377,6.059999942779541,3770300
05-02-2026,6.110000133514404,6.159999847412109,5.909999847412109,5.949999809265137,3784300
06-02-2026,6.010000228881836,6.039999961853027,5.885000228881836,6.0,3576400
09-02-2026,6.0,6.005000114440918,5.795000076293945,5.820000171661377,1879400
10-02-2026,5.889999866485596,6.034999847412109,5.840000152587891,5.889999866485596,3537200
11-02-2026,5.900000095367432,5.900000095367432,5.505000114440918,5.679999828338623,2909800
12-02-2026,5.695000171661377,5.71999979019165,5.255000114440918,5.389999866485596,4413100
13-02-2026,5.440000057220459,5.559999942779541,5.349999904632568,5.489999771118164,3446600
17-02-2026,5.480000019073486,5.574999809265137,5.409999847412109,5.570000171661377,3984900
18-02-2026,5.579999923706055,5.599999904632568,5.486999988555908,5.570000171661377,1884900
19-02-2026,5.579999923706055,5.619999885559082,5.480000019073486,5.599999904632568,1505400
20-02-2026,5.590000152587891,5.824999809265137,5.559999942779541,5.590000152587891,2221300
23-02-2026,5.429999828338623,5.485000133514404,5.119999885559082,5.21999979019165,3193100
24-02-2026,5.239999771118164,5.420000076293945,5.239999771118164,5.289999961853027,2128900
25-02-2026,5.289999961853027,5.449999809265137,5.179999828338623,5.429999828338623,3373200
26-02-2026,5.480000019073486,5.824999809265137,5.460000038146973,5.78000020980835,3265600
27-02-2026,5.630000114440918,5.829999923706055,5.570000171661377,5.820000171661377,2862500
02-03-2026,5.71999979019165,5.889999866485596,5.710000038146973,5.769999980926514,2240300
03-03-2026,5.699999809265137,6.03000020980835,5.679999828338623,5.940000057220459,2736900
04-03-2026,6.0,6.0,5.855000019073486,5.940000057220459,1662400
05-03-2026,5.949999809265137,6.130000114440918,5.925000190734863,5.960000038146973,1786800
06-03-2026,5.940000057220459,6.03000020980835,5.849999904632568,5.949999809265137,1728000
09-03-2026,5.860000133514404,5.934999942779541,5.78000020980835,5.880000114440918,1799700
10-03-2026,5.789999961853027,5.815000057220459,5.590000152587891,5.619999885559082,2618800
11-03-2026,5.900000095367432,6.199999809265137,5.820000171661377,5.960000038146973,3609300
12-03-2026,5.840000152587891,6.039999961853027,5.769999980926514,5.880000114440918,2914400
13-03-2026,5.840000152587891,5.989999771118164,5.739999771118164,5.840000152587891,2408800
16-03-2026,5.829999923706055,5.914999961853027,5.710000038146973,5.739999771118164,18312900
17-03-2026,5.820000171661377,6.125,5.760000228881836,5.980000019073486,4233400
18-03-2026,5.880000114440918,6.039999961853027,5.809999942779541,5.949999809265137,3541100
19-03-2026,5.96999979019165,6.179999828338623,5.894999980926514,6.0,2904000
20-03-2026,5.949999809265137,5.985000133514404,5.829999923706055,5.880000114440918,4430700
23-03-2026,5.869999885559082,6.085000038146973,5.840000152587891,6.03000020980835,3700000
24-03-2026,5.960000038146973,5.96999979019165,5.760000228881836,5.78000020980835,2738600
25-03-2026,5.889999866485596,5.940000057220459,5.684999942779541,5.809999942779541,2494400
26-03-2026,5.789999961853027,6.045000076293945,5.789999961853027,5.960000038146973,2081800
27-03-2026,5.860000133514404,5.889999866485596,5.739999771118164,5.880000114440918,2391700
30-03-2026,5.914999961853027,6.099999904632568,5.909999847412109,5.940000057220459,2552800
31-03-2026,5.980000019073486,6.164999961853027,5.940000057220459,6.0,2614300
01-04-2026,6.039999961853027,6.079999923706055,5.909999847412109,5.980000019073486,2218900
02-04-2026,5.989999771118164,6.099999904632568,5.920000076293945,6.059999942779541,2321300
06-04-2026,6.050000190734863,6.150000095367432,6.005000114440918,6.099999904632568,1918000
07-04-2026,6.079999923706055,6.130000114440918,5.920000076293945,5.920000076293945,2204300
08-04-2026,6.050000190734863,6.099999904632568,5.630000114440918,5.650000095367432,4192800
09-04-2026,5.619999885559082,5.670000076293945,5.449999809265137,5.590000152587891,3463600
10-04-2026,5.579999923706055,5.585000038146973,5.349999904632568,5.400000095367432,3566700
13-04-2026,5.420000076293945,5.510000228881836,5.340000152587891,5.440000057220459,4520800
14-04-2026,5.5,5.559999942779541,5.210000038146973,5.329999923706055,3908100
15-04-2026,5.400000095367432,5.5,5.34499979019165,5.409999847412109,8461100
16-04-2026,5.519999980926514,5.650000095367432,5.449999809265137,5.619999885559082,5407100
17-04-2026,5.659999847412109,5.71999979019165,5.394999980926514,5.449999809265137,4427100
20-04-2026,5.449999809265137,5.540999889373779,5.269999980926514,5.329999923706055,8970100
21-04-2026,5.355000019073486,5.465000152587891,5.090000152587891,5.210000038146973,8894200
22-04-2026,5.25,5.284999847412109,5.099999904632568,5.239999771118164,9062400
23-04-2026,5.130000114440918,5.139999866485596,4.715000152587891,4.840000152587891,6645500
24-04-2026,4.789999961853027,5.019999980926514,4.789999961853027,5.019999980926514,4671500
27-04-2026,4.989999771118164,5.255000114440918,4.974999904632568,5.099999904632568,5106000
28-04-2026,5.150000095367432,5.28000020980835,5.059999942779541,5.070000171661377,4853100
29-04-2026,5.0,5.014999866485596,4.889999866485596,4.989999771118164,3895500
30-04-2026,4.900000095367432,4.946000099182129,4.829999923706055,4.920000076293945,4023300
01-05-2026,5.03000020980835,5.276000022888184,5.03000020980835,5.190000057220459,4035700
04-05-2026,5.190000057220459,5.454999923706055,5.190000057220459,5.380000114440918,4370300
05-05-2026,5.380000114440918,5.449999809265137,5.309999942779541,5.429999828338623,3245500
06-05-2026,5.320000171661377,5.349999904632568,5.190000057220459,5.25,4084600
07-05-2026,5.329999923706055,5.586999893188477,5.329999923706055,5.449999809265137,4612300
08-05-2026,5.289999961853027,5.349999904632568,5.179999828338623,5.329999923706055,3414500
11-05-2026,5.28000020980835,5.420000076293945,5.099999904632568,5.199999809265137,3141300
12-05-2026,5.28000020980835,5.28000020980835,5.0,5.059999942779541,4543300
13-05-2026,5.0,5.0,4.809999942779541,4.889999866485596,4322900
14-05-2026,4.900000095367432,4.989999771118164,4.835000038146973,4.940000057220459,3408400
15-05-2026,4.980000019073486,5.164999961853027,4.900000095367432,5.110000133514404,2841900
18-05-2026,5.159999847412109,5.309999942779541,5.059999942779541,5.239999771118164,4142500
19-05-2026,5.380000114440918,5.494999885559082,5.260000228881836,5.28000020980835,4447900
20-05-2026,5.190000057220459,5.289999961853027,5.079999923706055,5.269999980926514,2845400
21-05-2026,5.190000057220459,5.28000020980835,5.110000133514404,5.28000020980835,2558100
22-05-2026,5.269999980926514,5.489999771118164,5.269999980926514,5.269999980926514,2347300
26-05-2026,5.199999809265137,5.324999809265137,5.179999828338623,5.300000190734863,3492400
27-05-2026,5.21999979019165,5.40500020980835,5.210000038146973,5.28000020980835,2468300
28-05-2026,5.360000133514404,5.485000133514404,5.289999961853027,5.360000133514404,2005400
29-05-2026,5.440000057220459,5.639999866485596,5.414999961853027,5.579999923706055,3063700
01-06-2026,5.679999828338623,6.014999866485596,5.610000133514404,6.010000228881836,7011800
02-06-2026,5.78000020980835,5.829999923706055,5.559999942779541,5.619999885559082,4324200
03-06-2026,5.150000095367432,5.550000190734863,5.039999961853027,5.449999809265137,5421500
04-06-2026,5.449999809265137,5.590000152587891,5.264999866485596,5.380000114440918,3615300
05-06-2026,5.489999771118164,5.519999980926514,5.199999809265137,5.380000114440918,3744500
08-06-2026,5.329999923706055,5.420000076293945,5.25,5.400000095367432,2739200
09-06-2026,5.329999923706055,5.480000019073486,5.260000228881836,5.400000095367432,3014200
10-06-2026,5.349999904632568,5.559999942779541,5.300000190734863,5.349999904632568,2544100
11-06-2026,5.289999961853027,5.414999961853027,5.199999809265137,5.380000114440918,2962300
12-06-2026,5.349999904632568,5.380000114440918,5.199999809265137,5.340000152587891,3293400
15-06-2026,5.309999942779541,5.409999847412109,5.195000171661377,5.309999942779541,3223800
16-06-2026,5.320000171661377,5.409999847412109,5.239999771118164,5.28000020980835,3976000
17-06-2026,5.304999828338623,5.324999809265137,5.050000190734863,5.119999885559082,4386100
18-06-2026,5.039999961853027,5.065000057220459,4.940000057220459,5.039999961853027,8310000
22-06-2026,5.0,5.110000133514404,4.815000057220459,4.949999809265137,4998900
23-06-2026,5.050000190734863,5.090000152587891,4.934999942779541,4.96999979019165,3057400
24-06-2026,4.949999809265137,5.135000228881836,4.940000057220459,5.010000228881836,3620500
25-06-2026,4.900000095367432,5.005000114440918,4.860000133514404,4.909999847412109,3397600
26-06-2026,4.960000038146973,5.164999961853027,4.960000038146973,5.159999847412109,7983900
29-06-2026,5.260000228881836,5.320000171661377,5.15500020980835,5.190000057220459,4046200
30-06-2026,5.110000133514404,5.204999923706055,5.045000076293945,5.159999847412109,3450700
01-07-2026,5.300000190734863,5.389999866485596,5.269999980926514,5.320000171661377,4072700
02-07-2026,5.329999923706055,5.539999961853027,5.329999923706055,5.409999847412109,4148600
06-07-2026,5.329999923706055,5.5,5.309999942779541,5.400000095367432,2848400
07-07-2026,5.489999771118164,5.614999771118164,5.449999809265137,5.46999979019165,2974300
08-07-2026,5.369999885559082,5.46999979019165,5.360000133514404,5.420000076293945,2785700
09-07-2026,5.309999942779541,5.5,5.199999809265137,5.5,2862100
10-07-2026,5.599999904632568,5.630000114440918,5.440000057220459,5.480000019073486,1952500
13-07-2026,5.579999923706055,5.84499979019165,5.550000190734863,5.730000019073486,5540800
14-07-2026,5.480000019073486,5.730000019073486,5.480000019073486,5.679999828338623,3090900
15-07-2026,5.769999980926514,5.875,5.690000057220459,5.75,2960400
16-07-2026,5.789999961853027,5.945000171661377,5.735000133514404,5.829999923706055,3060900
17-07-2026,5.789999961853027,5.920000076293945,5.760000228881836,5.829999923706055,2226400
20-07-2026,5.760000228881836,6.039999961853027,5.730000019073486,5.949999809265137,3686900
21-07-2026,5.829999923706055,5.960000038146973,5.769999980926514,5.789999961853027,2704000
22-07-2026,5.835000038146973,5.835000038146973,5.440000057220459,5.559999942779541,3587700
23-07-2026,5.650000095367432,5.650000095367432,5.460000038146973,5.5,2729800
24-07-2026,5.579999923706055,5.735000133514404,5.559999942779541,5.690000057220459,2180100
27-07-2026,5.739999771118164,6.199999809265137,5.739999771118164,6.070000171661377,4781200
28-07-2026,6.190000057220459,6.445000171661377,6.179999828338623,6.309999942779541,3042800
29-07-2026,6.320000171661377,6.539999961853027,6.309999942779541,6.449999809265137,2357000
30-07-2026,6.269999980926514,6.340000152587891,6.074999809265137,6.199999809265137,2647500
31-07-2026,6.079999923706055,6.394999980926514,6.079999923706055,6.360000133514404,3128500
03-08-2026,6.510000228881836,6.78000020980835,6.409999847412109,6.519999980926514,3404200
04-08-2026,6.380000114440918,6.710000038146973,6.380000114440918,6.670000076293945,3069800
05-08-2026,6.679999828338623,6.730000019073486,6.579999923706055,6.710000038146973,4652700
06-08-2026,6.579999923706055,6.659999847412109,6.5,6.610000133514404,2576700
07-08-2026,6.699999809265137,6.900000095367432,6.695000171661377,6.860000133514404,2000800
10-08-2026,6.789999961853027,7.005000114440918,6.78000020980835,6.929999828338623,1914400
11-08-2026,6.860000133514404,6.994999885559082,6.809999942779541,6.869999885559082,1934600
12-08-2026,6.730000019073486,6.820000171661377,6.681000232696533,6.739999771118164,2120300
13-08-2026,6.75,7.070000171661377,6.659999847412109,7.03000020980835,2962600
14-08-2026,7.079999923706055,7.110000133514404,6.840000152587891,6.889999866485596,2004000
17-08-2026,6.809999942779541,6.90500020980835,6.699999809265137,6.699999809265137,2134200
18-08-2026,6.809999942779541,6.960000038146973,6.71999979019165,6.909999847412109,1984800
19-08-2026,6.880000114440918,7.179999828338623,6.880000114440918,7.130000114440918,2098600
20-08-2026,7.090000152587891,7.304999828338623,7.090000152587891,7.199999809265137,2148300
21-08-2026,7.179999828338623,7.400000095367432,7.119999885559082,7.400000095367432,2783000
24-08-2026,7.340000152587891,7.5,7.324999809265137,7.429999828338623,2949800
25-08-2026,7.329999923706055,7.480000019073486,7.300000190734863,7.46999979019165,3344800
26-08-2026,7.320000171661377,7.539999961853027,7.309999942779541,7.46999979019165,3407900
27-08-2026,7.590000152587891,8.039999961853027,7.559999942779541,7.940000057220459,4894100
28-08-2026,7.880000114440918,8.180000305175781,7.869999885559082,8.15999984741211,4411600
31-08-2026,8.170000076293945,8.274999618530273,8.085000038146973,8.210000038146973,4933000
01-09-2026,8.079999923706055,8.180000305175781,7.545000076293945,7.599999904632568,12009100
02-09-2026,7.400000095367432,7.809999942779541,6.949999809265137,6.949999809265137,8245200
03-09-2026,6.96999979019165,7.03000020980835,6.211999893188477,6.239999771118164,6967200
04-09-2026,6.170000076293945,6.170000076293945,5.869999885559082,5.909999847412109,4456600
08-09-2026,5.820000171661377,5.820000171661377,5.5,5.550000190734863,4591500
09-09-2026,5.579999923706055,5.630000114440918,5.309999942779541,5.320000171661377,3601100
10-09-2026,5.320000171661377,5.465000152587891,5.289999961853027,5.440000057220459,2982300
11-09-2026,5.449999809265137,5.559999942779541,5.429999828338623,5.480000019073486,2909000
14-09-2026,5.670000076293945,5.829999923706055,5.570000171661377,5.789999961853027,2712900
15-09-2026,5.699999809265137,5.849999904632568,5.635000228881836,5.650000095367432,3083100
16-09-2026,5.559999942779541,5.629000186920166,5.519999980926514,5.590000152587891,3706400
17-09-2026,5.52,5.645,5.45,5.62,2833700
18-09-2026,5.65,5.65,5.3,5.33,5514900
21-09-2026,5.34,5.42,5.31,5.39,2006600
22-09-2026,5.52,5.58,5.22,5.38,3857700
23-09-2026,5.4,5.47,5.32,5.43,1770300
24-09-2026,5.45,5.48,5.215,5.3,2892300
25-09-2026,5.29,5.33,5.06,5.07,2822100
28-09-2026,4.97,5.05,4.844,4.98,2810400
29-09-2026,4.93,4.95,4.72,4.82,2245300
30-09-2026,4.82,5.005,4.81,4.95,3781800
01-10-2026,5.05,5.24,5.02,5.22,4730300
02-10-2026,5.2,5.26,5.125,5.2,2151700
