Date,Open,High,Low,Close,Volume
29-09-2021,,,,,0
30-09-2021,25.13889046877432,25.13889046877432,24.42704596575682,24.457996368408203,817100
01-10-2021,24.52763446772613,25.115677388168105,24.42704713011092,24.86034393310547,1834500
04-10-2021,24.86034614010988,25.17758043158869,24.829395733235536,24.906768798828125,1413500
05-10-2021,24.89903024751522,24.922241574613352,24.419309318268542,24.635957717895508,901100
06-10-2021,24.419308882542428,24.99961713818121,24.218135688434845,24.91450500488281,1096900
07-10-2021,25.11567900945528,25.347801152203527,24.77523339686405,24.98414421081543,2102100
08-10-2021,24.96092796325684,25.27816222204999,24.89903010747895,24.96092796325684,1593800
11-10-2021,25.007355791884017,25.401966094970703,24.81392017904358,25.401966094970703,740100
12-10-2021,25.36327745466111,25.866211245410124,25.21626744658667,25.742412567138672,1591600
13-10-2021,25.610874997090725,25.97453490847468,25.43291458025844,25.96679878234864,710500
14-10-2021,26.08285463345526,26.152491564950164,25.873943838970543,25.97453117370605,567100
15-10-2021,26.028697082882225,26.361406592158,25.96679921805529,26.044172286987305,467100
18-10-2021,25.889422354849263,26.10607225367522,25.58766326360567,25.703725814819336,588100
19-10-2021,25.726934938843137,26.00548267660129,25.59540014689792,25.82752227783203,1140300
20-10-2021,25.827523341099845,26.407830168121723,25.78109773236456,26.39235496520996,798800
21-10-2021,26.43877541093057,26.570313148881752,26.005481572015903,26.16023063659668,857800
22-10-2021,26.26081458744637,26.48520057981527,26.00548114394505,26.06737899780273,540100
25-10-2021,26.067384052151468,26.206657939826894,25.75788881966763,26.121545791625977,786400
26-10-2021,26.121540867570967,26.52388725038952,25.974530881222847,26.284029006958008,850400
27-10-2021,26.284030649626867,26.291766775036933,25.502549161522264,25.51028823852539,989900
28-10-2021,25.556709210638378,25.618610016213484,25.03056416962143,25.36327362060547,1015300
29-10-2021,25.36328082270804,25.51802992899516,25.17758425643845,25.285907745361328,1231000
01-11-2021,25.33232726237876,26.02095752035214,25.24721512683724,25.9281063079834,656700
02-11-2021,25.928107876988737,26.12154348707296,25.37101532702952,25.50255012512207,868700
03-11-2021,26.26855649126692,26.91850026048813,25.75014752039619,26.61674118041992,955600
04-11-2021,26.61673800271877,26.786959312521056,25.81978137567216,26.02095603942871,599600
05-11-2021,26.384616576553707,27.630342403327028,26.21439524326813,27.62260627746582,1247500
08-11-2021,27.692241825866763,27.72319223094369,27.23573368155784,27.537492752075195,821900
09-11-2021,27.614865139847733,27.8160398163495,27.483330348867582,27.777353286743164,688400
10-11-2021,27.754138794330537,27.932099190425927,27.61486492754405,27.90888786315918,716900
11-11-2021,27.90889092315646,28.13327694998056,27.59939275156505,28.125537872314453,563700
12-11-2021,28.14101072340493,28.17969725372125,27.92436379235908,28.04816246032715,464100
15-11-2021,28.187432482368408,28.574303635899028,28.14100688137137,28.566564559936523,596000
16-11-2021,28.56656658359953,28.6052560629675,27.699975964747384,27.88567543029785,1041600
17-11-2021,27.885683812210228,27.89341993945344,27.09646601168423,27.839258193969727,895700
18-11-2021,27.846993640804225,28.13327753696376,27.80056802861888,28.063640594482425,681300
19-11-2021,27.800566774000178,27.83925330661205,27.32084727610782,27.46012115478516,498600
22-11-2021,27.622605112383283,28.210648055608623,27.28989563411332,27.57617950439453,376100
23-11-2021,27.66129735980691,27.83925779981862,27.367274351634048,27.38274955749512,556900
24-11-2021,27.382741271550245,27.60712726124655,27.21251701018162,27.43690299987793,761800
26-11-2021,26.61673762418836,26.70958587835941,25.54897237064642,25.951318740844727,510200
29-11-2021,26.14475995145083,26.14475995145083,25.363278368534868,25.920373916625977,891100
30-11-2021,25.57992533088094,25.72693532732069,25.324588916882703,25.35553932189941,1438500
01-12-2021,25.81978548249849,26.20665671877276,24.504424164643964,24.519899368286133,959200
02-12-2021,24.635955822872067,26.044166622635075,24.59726929682,25.881681442260746,928900
03-12-2021,25.92037064178988,26.183443178307584,25.123416906865515,25.29363822937012,1126600
06-12-2021,25.688246532613658,26.72506139654109,25.50254707047454,26.369140625,957400
07-12-2021,26.60900315516724,26.93397652842312,26.276293655887937,26.446517944335938,755900
08-12-2021,26.60900549631443,27.003615844873305,26.523893344601984,26.90302848815918,1596300
09-12-2021,26.663159082628475,26.82564425805681,25.997740229054173,26.090591430664062,1089400
10-12-2021,26.16797078268938,26.36914548303561,25.68051218741253,25.819786071777344,681700
13-12-2021,25.6805106732848,25.81204842369312,24.82939516487584,25.53350067138672,1421800
14-12-2021,25.796575243632304,25.95132433500419,25.278166230275502,25.371017456054688,1007700
15-12-2021,25.30137967947838,25.65730051179976,24.89129415810579,25.579927444458008,752300
16-12-2021,25.67277656085348,25.88942351781807,25.254954899627418,25.371017456054688,916700
17-12-2021,25.293641419381093,25.70372695400931,25.16984273667662,25.54123878479004,2682700
20-12-2021,25.21626154974753,25.247211949975952,24.457994453706977,24.97640037536621,778100
21-12-2021,25.2394797788726,25.974535751626995,25.2394797788726,25.757888793945312,591300
22-12-2021,25.711460916693568,26.020959073206665,25.62634877607281,25.68824958801269,747100
23-12-2021,25.80430918301023,25.873946120646018,25.58766224440696,25.68824958801269,626800
27-12-2021,25.64182280212892,25.84299748010671,25.43291199881031,25.82752227783203,851100
28-12-2021,25.765619647336045,26.15249082207561,25.711457918999933,26.02095603942871,548500
29-12-2021,26.0905964888442,26.237606492505027,25.76562312339234,26.144758224487305,582500
30-12-2021,26.214968622256485,26.683094868951702,26.214968622256485,26.30859565734864,1347300
31-12-2021,26.410028664912566,26.534861774130164,26.08234286931241,26.1369571685791,1036300
03-01-2022,26.230581435452383,27.22144554874176,26.230581435452383,27.11221694946289,1083200
04-01-2022,27.346275092746826,28.24351500054433,27.30726530898513,27.83780670166016,1352600
05-01-2022,27.83780495318773,28.017252328225133,27.35407711716277,27.40869140625,1095300
06-01-2022,27.72857630605733,28.056262039765805,27.59593947842138,28.025053024291992,772400
07-01-2022,27.91582539856102,28.84427429491425,27.91582539856102,28.461971282958984,1026800
10-01-2022,28.71944212770359,28.78185718652984,28.06406764062154,28.08747291564941,1016000
11-01-2022,28.087473368392523,28.14989140448061,27.549131200283743,27.97824478149414,1006900
12-01-2022,27.806603218676667,28.08747847967442,27.59594677292835,27.61155128479004,526900
13-01-2022,27.658359772469858,28.24351546733344,27.658359772469858,28.134286880493164,519400
14-01-2022,27.74418137233881,27.97043929844017,27.151221971421005,27.549129486083984,991200
18-01-2022,27.36967876062359,27.52571786953971,26.89375174016583,27.06539535522461,720800
19-01-2022,27.237047204271605,27.322870516495605,26.246183194854545,26.269588470458984,743700
20-01-2022,26.4100267300216,26.43343498246099,25.411361929446503,25.48158073425293,1572000
21-01-2022,25.395758358870424,25.707842608716863,24.78719734555145,24.8574161529541,1534700
24-01-2022,24.412699692920185,24.96664644665384,23.88215821782829,24.83401107788086,1324500
25-01-2022,24.33467295069844,24.83400528699434,23.97577671788996,24.537527084350582,1017000
26-01-2022,24.75598784051549,25.08367659406267,24.06160352327418,24.2176456451416,699500
27-01-2022,24.45171034548719,24.615553254272847,23.437440893056,23.531064987182617,788100
28-01-2022,23.453039244018967,24.365882164589088,22.922497855909448,24.35807991027832,1088000
31-01-2022,24.20203928844648,24.35807991027832,23.92896634008095,24.35807991027832,1298200
01-02-2022,24.35807968226626,25.075870702731567,24.17083004494416,24.84961128234864,1213100
02-02-2022,24.84961206600285,25.2241128405851,24.787195518260457,25.044662475585938,2048200
03-02-2022,24.912028751654525,25.01345657237733,24.41269636695114,24.475112915039062,702800
04-02-2022,24.311268352139347,24.83400749625037,24.10841420044111,24.701372146606445,767500
07-02-2022,24.70917249512329,24.763786784035545,24.389287527384905,24.54532814025879,923000
08-02-2022,24.638950535682586,24.88861667473437,24.2644513271049,24.35027313232422,990800
09-02-2022,24.4829132495477,24.997851622349167,24.1942372777814,24.631153106689453,1411900
10-02-2022,24.30346535855762,25.01345561197316,24.1162157214834,24.24104881286621,1018800
11-02-2022,24.35027716698109,24.86521552425626,24.12401774902377,24.37368392944336,1651100
14-02-2022,24.365882164589088,24.654559621576155,24.147424996398943,24.35807991027832,1782200
15-02-2022,24.56093642383997,24.93543573806395,24.42830106403631,24.65456199645996,949700
16-02-2022,24.71697498278864,25.19290205603056,24.48291182907213,25.08367347717285,1075500
17-02-2022,24.9042262939207,25.39575642008645,24.82620523741544,25.26312255859375,1702400
18-02-2022,25.348945845570064,25.61421654456015,24.951038308957056,25.01345634460449,973600
22-02-2022,24.951038083398213,25.052465902280503,24.459507962141146,24.78719520568848,827200
23-02-2022,24.974447005194403,25.13829288308463,24.25665735446067,24.26445960998535,964700
24-02-2022,23.73391187820544,24.568733653451087,23.515453245529088,24.45950508117676,1121400
25-02-2022,24.56873513424763,25.122683258728383,24.53752760662876,25.08367347717285,1232700
28-02-2022,24.638958423452845,25.161697627487,24.46731326993717,24.73258399963379,1343100
01-03-2022,24.662363559452643,24.974444824420416,24.35808157307236,24.69357109069824,998700
02-03-2022,24.78719735010716,25.23191547165368,24.78719735010716,25.10708236694336,860200
03-03-2022,25.31773813577432,25.543999062302287,24.880820792436428,25.489381790161133,904900
04-03-2022,25.16169450111818,25.543997525571413,24.990047880801743,25.19290351867676,1224100
07-03-2022,25.21631096153289,25.6688328262678,25.09147785682257,25.10708236694336,885100
08-03-2022,25.23191454045774,25.37235215010593,24.86521749492029,25.07587242126465,598900
09-03-2022,25.48938056698733,26.324205427434688,25.48938056698733,26.012121200561523,1407400
10-03-2022,25.676635726017707,25.98872000184464,25.450374774855995,25.92630195617676,630500
11-03-2022,26.18376857271161,26.52705885109724,25.85607982748619,25.910694122314453,544200
14-03-2022,26.05893232764418,26.18376541164614,25.434763931378903,25.55959701538086,1055600
15-03-2022,25.700038670353937,25.81707100722156,25.083676894784883,25.38015365600586,923900
16-03-2022,25.62201708053893,25.76245468322733,24.7793929525364,25.34894561767578,1220200
17-03-2022,25.348948018617243,25.66883303809321,25.07587355363395,25.58300971984864,931400
18-03-2022,25.34114459035272,25.520591996069165,25.005655056457083,25.43476867675781,1336600
21-03-2022,25.44257381228873,25.66103101793963,25.23971814167901,25.35675048828125,462200
22-03-2022,25.52059072158075,25.75465241403256,25.270924519464703,25.458175659179688,964200
23-03-2022,25.38795565375101,25.55179853309697,25.18510001396061,25.26312255859375,1122600
24-03-2022,25.309935795940447,25.754653930664062,25.083677833124906,25.754653930664062,948000
25-03-2022,25.81707511992949,26.4958550436271,25.80147060744425,26.48805427551269,927600
28-03-2022,26.495850792779795,26.495850792779795,26.183769521912858,26.44123649597168,1271100
29-03-2022,26.636282957132835,27.07320021846955,26.43343032138153,26.91715812683105,2561000
30-03-2022,26.901434757998203,27.1531438434033,26.594664497698805,26.744115829467773,2061700
31-03-2022,26.751980579437685,27.035154052298843,26.28002679174176,26.287891387939453,1807200
01-04-2022,26.547463774216013,26.610392536046984,26.217096776428967,26.555328369140625,1395200
04-04-2022,26.72838316251652,26.73625075913845,25.65861806821304,25.941791534423828,1221300
05-04-2022,25.760871234099,26.13843478829676,25.24172097200104,25.288917541503903,1018100
06-04-2022,25.194524402498168,25.430504249404112,25.00574412570349,25.288917541503903,1144100
07-04-2022,25.18665949944172,25.34397839524964,24.376469736548017,24.78549766540528,1398100
08-04-2022,24.84842702606508,24.84842702606508,24.47872954003221,24.777633666992188,1670000
11-04-2022,24.76976914086952,24.97428313555945,24.470864994971564,24.66751289367676,1864600
12-04-2022,24.722567744669423,24.9349477810468,24.3686010173738,24.549516677856445,1660000
13-04-2022,24.502325763872765,24.86415864641973,24.407935620811312,24.801231384277344,1528600
14-04-2022,24.793366157492684,25.18666193473602,24.36860599792381,24.39220428466797,1641600
18-04-2022,24.439400352096367,24.60458536541688,24.148362305266705,24.227020263671875,1015800
19-04-2022,24.35287242571036,24.620313659093583,24.266348379830543,24.55738639831543,750300
20-04-2022,24.71470693404738,25.00574647207413,24.573120212861628,24.87989044189453,747600
21-04-2022,25.14733171205028,25.14733171205028,24.793366409121468,24.81696319580078,613100
22-04-2022,24.76976435187767,24.84055770174869,24.53378751917701,24.56525039672852,699100
25-04-2022,24.478729709809063,24.848427198406043,24.101164625366856,24.83269500732422,1278300
26-04-2022,24.65177384473411,24.903482845014352,24.337137594383805,24.38433265686035,1061100
27-04-2022,24.43940067501299,24.43940067501299,23.778663613609435,23.841590881347656,1081000
28-04-2022,23.873053996641847,24.407936494142767,23.778662349898728,24.32927703857422,1023900
29-04-2022,24.25061809771429,24.30567926768963,23.12579191003184,23.17298698425293,1541400
02-05-2022,23.22018634223677,23.503358321812165,22.57518141611428,22.968477249145508,1119000
03-05-2022,23.054997946285138,23.44829372189705,22.803288889942205,23.322439193725582,1100900
04-05-2022,23.45616059822162,23.991043110906933,22.9291441813469,23.92811584472656,1288700
05-05-2022,23.81012861035136,23.857323687293423,23.01567089702176,23.19658660888672,1026100
06-05-2022,22.968472648684017,23.235913881602578,22.75609258131265,22.984203338623047,1279700
09-05-2022,22.7010296764174,22.83475028263104,21.961633294982946,22.040292739868164,1483400
10-05-2022,22.166149490039786,22.3549312766462,21.253703437956613,21.52901077270508,1653200
11-05-2022,21.55260860497577,22.040296035953578,21.13571603525561,21.17504501342773,1111100
12-05-2022,21.1750452738592,21.788587242898952,21.06492293337937,21.5368766784668,1786600
13-05-2022,21.733527045853588,21.74139314254087,21.316634423559407,21.654869079589844,1253500
16-05-2022,21.61553859615343,21.804320415734587,21.442488969946844,21.654869079589844,1260700
17-05-2022,21.92230820221074,22.35493297518343,21.694195921705745,22.34706687927246,1539900
18-05-2022,22.21334332214398,22.36279612414892,21.58407073523505,21.74925422668457,1424300
19-05-2022,21.47394524840169,21.890839242713263,21.41101799457203,21.42675018310547,1586600
20-05-2022,21.61553906287107,21.709930724852,21.088522575880265,21.45035552978516,1214300
23-05-2022,21.70205687282204,21.922303005203453,21.348090142263352,21.827911376953125,1032000
24-05-2022,21.56834106163496,21.631268327666906,20.923336209731403,21.5368766784668,1217900
25-05-2022,21.55260950552824,22.1268210125384,21.521146621736765,21.96163749694824,1109000
26-05-2022,22.181880392147704,22.292002719528504,21.97736642679465,22.00096321105957,948500
27-05-2022,22.11895418064418,22.535846725636883,21.867243634237703,22.472919464111328,843300
31-05-2022,22.33133626293919,22.409995727293985,22.00883380935858,22.23694610595703,1223000
01-06-2022,22.268403130445147,22.40212373456152,21.39528765679504,21.59980010986328,1952600
02-06-2022,21.5919385179172,21.820049285888672,21.37169234513068,21.820049285888672,2271600
03-06-2022,21.725661978821726,21.725661978821726,21.20651011083941,21.34809684753418,1025400
06-06-2022,21.52114411010983,21.66273082140859,21.34022692328129,21.411020278930664,1021200
07-06-2022,21.20650740935358,21.591938588058127,21.112117263784384,21.568340301513672,1484700
08-06-2022,21.552608292881214,21.599803366065217,20.852542289485225,20.93906784057617,1151100
09-06-2022,20.85254364940741,20.90760482176368,20.21540486880648,20.26259994506836,1585600
10-06-2022,19.93222965004912,20.081682462032685,19.814241219663888,19.82210731506348,3139500
13-06-2022,19.53106452383418,19.53106452383418,18.17812784750321,18.21745681762696,2644400
14-06-2022,18.30398649995028,18.398376649757704,17.63538335421275,17.83203125,1677000
15-06-2022,18.012946047080668,18.58715751379424,17.926421997497833,18.366912841796875,1266500
16-06-2022,17.839895715969135,17.918555167158377,17.352208318839203,17.44659996032715,876900
17-06-2022,17.533128770196473,18.028680854411142,17.52526267358297,17.9028263092041,1748400
21-06-2022,18.06013998719162,18.146665531653387,17.423001296956958,17.462331771850586,1523600
22-06-2022,17.242085613358903,17.83202923402542,17.202756638769486,17.462331771850586,1700800
23-06-2022,17.627513326953775,17.706172767786462,17.305010969813395,17.588184356689453,1584200
24-06-2022,17.761237078682406,18.288253475405178,17.6589808376635,18.052276611328125,1439500
27-06-2022,18.06014027435428,18.08373855966568,17.808431232249642,17.8870906829834,1243300
28-06-2022,18.09160947410743,18.4849053322402,17.863497156244197,17.92642593383789,1518400
29-06-2022,17.918457800375503,17.990131753094325,17.719363824815773,17.96623992919922,1605600
30-06-2022,17.679546747229615,18.02198713075924,17.48045275917057,17.822893142700195,1477400
01-07-2022,17.822892811314816,18.31664656086605,17.822892811314816,18.221080780029297,921700
05-07-2022,18.02198647109706,18.563522341830367,17.78307430175779,18.547595977783203,1429900
06-07-2022,18.579450144515004,18.70687017014058,17.9980960877275,18.037914276123047,833500
07-07-2022,18.14143978768289,18.29275008365686,18.014019791617358,18.06180191040039,641100
08-07-2022,17.95827633394857,18.085696359244803,17.68750840045245,17.719364166259766,781400
11-07-2022,17.631758847611874,17.79899854714337,17.22560702756821,17.528230667114258,831200
12-07-2022,17.472486189413935,17.99013017671762,17.472486189413935,17.775108337402344,1202800
13-07-2022,17.61583401447225,17.727326144517743,17.28931852697293,17.512304306030273,1104400
14-07-2022,17.138010014652533,17.35303187574386,17.00262604866538,17.098190307617188,1612100
15-07-2022,17.305248285576866,17.5600883355952,17.138010072364775,17.456560134887695,939900
18-07-2022,17.63175882945319,17.870672468685527,17.448592769318083,17.48841094970703,701600
19-07-2022,17.735290611600554,18.18922460479484,17.70343484837536,18.10958671569824,864700
20-07-2022,18.109587437918847,18.25293534021624,17.838819515571878,17.878639221191406,1475500
21-07-2022,17.791037376038776,17.878639209377393,17.45655944388804,17.83881950378418,1045700
22-07-2022,17.92641867527705,18.09365685703644,17.743252613645456,17.90252685546875,1022100
25-07-2022,18.006058536419232,18.181260677387744,17.90252882482744,18.14940643310547,1554300
26-07-2022,18.0618080066064,18.197191987991488,17.814931870774778,17.870677947998047,1018900
27-07-2022,17.974205039644357,18.30071905928336,17.95827715601158,18.181262969970703,805400
28-07-2022,18.31664358159547,18.61130329886197,18.117549629621607,18.515737533569336,1151200
29-07-2022,18.61130225389731,18.993562255672547,18.51573649397039,18.826322555541992,1314300
01-08-2022,18.71483229334126,18.76261441856687,18.483882569979148,18.659086227416992,1294700
02-08-2022,18.57945055341848,18.71483452349605,18.10958862897083,18.16533470153809,1930300
03-08-2022,18.30868223482576,18.44406620210496,18.061806124716565,18.18922615051269,2632500
04-08-2022,18.221075152442,18.221075152442,17.4804470353083,17.560083389282227,1384500
05-08-2022,17.560088353261516,17.623798365830194,17.297284361544897,17.552125930786133,739300
08-08-2022,17.63972507195266,18.061804826416928,17.345066853091865,17.44859504699707,1294600
09-08-2022,17.47248796949118,17.52823404040789,17.042444247048262,17.138010025024414,1471500
10-08-2022,17.32117128942827,17.719359135162254,17.32117128942827,17.560083389282227,1220600
11-08-2022,17.695470136345996,18.30071594054869,17.695470136345996,18.0219841003418,2604800
12-08-2022,18.20515401922665,18.27682797355168,17.950313967833896,18.07773399353028,1078200
15-08-2022,17.998094900093914,18.06180490870269,17.799000933320677,17.806964874267578,1053900
16-08-2022,17.67954411432952,18.05384020931105,17.67954411432952,17.886600494384766,1825800
17-08-2022,17.655653344616315,17.711399413258274,17.45655937434277,17.464523315429688,1023400
18-08-2022,17.464522859214636,17.48841316288486,17.08226281082693,17.13004493713379,1058200
19-08-2022,17.01855427971524,17.066336410168866,16.684076328606768,16.851314544677734,1326000
22-08-2022,16.851310152625278,16.883165910602642,16.285884119222352,16.349594116210938,1169900
23-08-2022,16.333666626588595,16.58054268093369,16.325702686904407,16.38144874572754,1252100
24-08-2022,16.32570686151157,16.421272643192538,16.174395006752775,16.285888671875,924900
25-08-2022,16.30977672079193,16.58850856657106,16.285886417903043,16.4212703704834,611600
26-08-2022,16.42923146754297,16.445159347495633,15.871769339895971,15.887697219848633,1097300
29-08-2022,15.88769833878382,15.935480463040754,15.64878467956646,15.80009651184082,915900
30-08-2022,15.7921306247388,15.855840622217158,15.601000632303728,15.70452880859375,1242800
31-08-2022,15.8239904013966,15.951410428711094,15.529330638877743,15.545258522033691,1143400
01-09-2022,15.449693682827018,15.50543975830078,15.123179653080722,15.50543975830078,1240700
02-09-2022,16.46108861535954,16.58054468714392,15.903624921743935,15.91955280303955,2236000
06-09-2022,16.007155601939278,16.02308348420083,15.60896765919933,15.959373474121094,1489300
07-09-2022,16.007156078454123,16.58851012760875,15.99122819571842,16.572582244873047,2057000
08-09-2022,16.46108939117885,17.082263120286775,16.46108939117885,16.7876033782959,2995500
09-09-2022,16.87520410026715,17.018551991319327,16.8274204572722,16.930950164794922,1026000
12-09-2022,17.66361725339108,17.7671454493987,17.233573549283015,17.31321144104004,1321600
13-09-2022,16.899094359655006,16.99466012643459,16.68407404259202,16.779638290405273,1433500
14-09-2022,16.731858446131437,16.827422706964846,16.58054659435091,16.739822387695312,1622500
15-09-2022,16.723896025169346,16.95484579462093,16.596475986494916,16.668149948120117,1299700
16-09-2022,16.55665072678673,17.018548549561334,16.40533892583604,16.946874618530273,3074100
19-09-2022,16.692038728728786,16.819460274711073,16.55665627912027,16.700002670288086,1301500
20-09-2022,16.516838451958833,16.612404242585196,16.2699623113769,16.43720054626465,1285000
21-09-2022,16.612400159579458,16.660182283665364,15.561184315891468,15.59303855895996,2355800
22-09-2022,15.5372926872819,15.752314526787778,15.290416604312018,15.60100269317627,2810700
23-09-2022,15.362094299501976,15.49747676596824,15.01168842209305,15.298382759094238,2309600
26-09-2022,15.178923290698362,15.194851172266045,14.573677461823928,14.64535140991211,2251600
27-09-2022,14.653317038702063,14.844447082632538,14.247165125737348,14.35865879058838,2045400
28-09-2022,14.541824191689123,15.115214295834765,14.374584461959255,14.796664237976074,2864800
29-09-2022,14.651122286107196,14.667292329931987,14.182157086627122,14.263011932373049,2599500
30-09-2022,14.392381881720318,14.643036844613384,14.29535544761305,14.497495651245115,2021800
03-10-2022,14.820918283980811,14.885603081411649,14.578350679166988,14.634949684143066,1745100
04-10-2022,14.869432580763446,15.233285556723128,14.869432580763446,14.998802185058594,1481100
05-10-2022,14.723889998555652,14.764318959955787,13.672761677467102,14.085127830505373,2497900
06-10-2022,14.052787116876807,14.16598668636975,13.57573762665621,13.931503295898438,1675100
07-10-2022,13.591906565195538,13.7455335484373,13.163370329815772,13.35742473602295,1641900
10-10-2022,13.365509146264287,13.365509146264287,13.131025799143972,13.20379638671875,1424300
11-10-2022,13.171456909902476,13.55956574550803,13.03400150451625,13.46253776550293,1461100
12-10-2022,13.446366793195628,13.688935983194211,13.244226572633888,13.575737953186035,1361800
13-10-2022,13.333167858288023,14.109387054512323,13.139113444783796,14.020444869995115,1730700
14-10-2022,14.20641407680744,14.25492729663498,13.76170622027219,13.777877807617188,1660800
17-10-2022,14.04470007322514,14.303439251128834,13.971929486663832,14.14172649383545,1409700
18-10-2022,14.279182493267122,14.465151092663326,13.874902124732476,13.963844299316406,1448300
19-10-2022,13.705108722638268,13.81022096759188,13.219971844081517,13.268485069274902,1825500
20-10-2022,13.3493389429884,13.68893453940279,13.23614092491938,13.35742473602295,1450700
21-10-2022,13.389766757015876,13.486794734056932,13.163370714265705,13.45445156097412,2020800
24-10-2022,13.591908072705197,13.624251248430644,13.24422664469411,13.494881629943848,1567300
25-10-2022,13.567651027309582,14.440896645590543,13.567651027309582,14.206413269042969,2856000
26-10-2022,14.206412788288464,14.335782390899736,13.858731402942926,13.9881010055542,1950500
27-10-2022,14.141731469305746,14.311530078424578,13.84256476792678,13.891077995300291,1491800
28-10-2022,13.882992531370958,14.15790339672149,13.785964532102884,14.13364601135254,2438100
31-10-2022,13.996189020164518,14.327698872253707,13.882990985463104,14.222586631774902,2185600
01-11-2022,14.416639975780216,14.48941057607056,14.068958561550218,14.093215942382812,2201900
02-11-2022,14.036616456672316,14.546009099344992,13.8587320876379,14.020444869995115,1614100
03-11-2022,13.769789907484643,14.101299686306476,13.333166369207762,13.963844299316406,1328800
04-11-2022,13.923418045043944,14.22258625451469,13.697021981646373,13.923418045043944,3180900
07-11-2022,13.963846942873484,14.174072959375176,13.341254687334729,13.559566497802734,2580700
08-11-2022,13.551479756429964,13.688935159832582,13.34125375462552,13.414024353027344,2428200
09-11-2022,13.325081850176502,13.333167643384776,12.90463062769415,12.945058822631836,2320900
10-11-2022,13.47062437604128,13.947675427068337,13.341254756326236,13.923418045043944,3712300
11-11-2022,14.03661769992013,14.74815061245735,13.939589713470385,14.343870162963867,2877900
14-11-2022,14.238754678604042,14.246840470815467,13.567649347127588,13.583819389343262,1815300
15-11-2022,13.87490607797594,14.020447298869229,13.632338404625566,13.802135467529297,1700100
16-11-2022,13.705105547136052,13.705105547136052,13.219968780986523,13.30890941619873,1301200
17-11-2022,13.106769712095304,13.163370263050062,12.856116298124952,13.147198677062988,1462100
18-11-2022,13.389766151064944,13.430195115588855,13.139112739845933,13.397851943969728,1027200
21-11-2022,13.397851940704646,13.45445094881702,13.12294115083828,13.252310752868652,1856000
22-11-2022,13.316996772357651,13.591907587377706,13.1471997324845,13.567651748657228,1394400
23-11-2022,13.478709968745102,13.648507013757367,13.333168763187452,13.575737953186035,826300
25-11-2022,13.591907293534431,13.923417114678632,13.575737248806176,13.834476470947266,1213000
28-11-2022,13.680848261086943,13.777876231852462,13.430194854736328,13.430194854736328,1523000
29-11-2022,13.47871047714476,13.729363928277548,13.40593987162112,13.656593322753906,2065900
30-11-2022,13.640424750897353,14.004276275634766,13.389769730465057,14.004276275634766,2566700
01-12-2022,14.125557260818438,14.34386905683966,13.591907232015943,13.76979160308838,1865600
02-12-2022,13.680849836381336,13.745534643604117,13.502967002070552,13.632336616516112,1624000
05-12-2022,13.470623382385028,13.470623382385028,12.8884593655067,12.97740077972412,1618600
06-12-2022,12.928886020184228,13.001656610006862,12.427578454977173,12.500349044799805,2524600
07-12-2022,12.419495566185894,12.565036779858442,12.193098722442656,12.314382553100586,2805600
08-12-2022,12.379066758368529,12.581206967693854,12.31438118196902,12.451836585998535,1548000
09-12-2022,12.532694415455726,13.082516094628932,12.3628965893054,12.880375862121582,4374400
12-12-2022,12.880376089571891,12.945060903428187,12.59737945062274,12.888461112976074,1870300
13-12-2022,13.42210995869366,13.640421750845604,12.872288352773522,13.07442855834961,2935000
14-12-2022,12.99357369071015,13.55956694954864,12.969317850210611,13.276570320129396,2828900
15-12-2022,13.106772422790527,13.268485231691477,13.009745971216072,13.106772422790527,1683700
16-12-2022,12.83994637088768,13.034001560629603,12.55694976537917,12.79143238067627,3945000
19-12-2022,12.807604787599416,12.839947192776028,12.427580948446376,12.556950569152832,1689200
20-12-2022,12.492266260492949,12.726748900216236,12.411410629856109,12.589293479919434,1168000
21-12-2022,12.710577047064142,12.904631470108484,12.621634858174351,12.670148849487305,1278300
22-12-2022,12.540777983093962,12.848031174482044,12.435664988321436,12.831859588623049,1230300
23-12-2022,12.767174787394362,12.880373575096389,12.678233378480831,12.831859588623049,766200
27-12-2022,12.83994595436716,12.98548637807271,12.686318966267695,12.928887367248535,734100
28-12-2022,12.928887074423388,12.97740029085857,12.362894665689662,12.419493675231934,1458500
29-12-2022,12.550483313584808,12.976201324067464,12.493175420158869,12.951640129089355,1562000
30-12-2022,12.83702564239502,12.927081024151253,12.63235368141684,12.83702564239502,1214100
03-01-2023,12.615979538255674,13.000763043156612,12.288504713294175,12.460429191589355,2531700
04-01-2023,12.55867162231418,12.927080995094498,12.55867162231418,12.755156517028809,1253300
05-01-2023,12.59141972435444,12.62416720841829,12.141141232905328,12.19844913482666,1622700
06-01-2023,12.214823261110734,12.615980135881998,12.051085840873649,12.575045585632324,1419000
09-01-2023,12.50955055451843,12.665101688531252,12.149328231811523,12.149328231811523,2210200
10-01-2023,12.108391574074682,12.435866355895996,12.09201822536435,12.435866355895996,1753700
11-01-2023,12.509550509133136,12.837026127531098,12.509550509133136,12.779717445373535,1565300
12-01-2023,12.918892644083098,13.262742346768906,12.787902727304592,13.205432891845703,2211200
13-01-2023,13.049884650723492,13.082632135162434,12.771531423373292,12.9107084274292,2330900
17-01-2023,12.959828092790977,13.033510121311856,12.714221591308563,12.94345474243164,1001000
18-01-2023,12.992575945256352,13.090818392502186,12.5914190904788,12.714221954345703,1357100
19-01-2023,12.624166458961364,12.673287291760184,12.39493408412323,12.54229736328125,1886900
20-01-2023,12.60779329792847,12.64054078256874,12.337626354455832,12.583232879638672,1625900
23-01-2023,12.591419502945872,12.76334398644834,12.452242502931416,12.607792854309082,1055200
24-01-2023,12.460429838145208,12.599606841165954,12.354000319319836,12.362187385559082,936200
25-01-2023,12.24757002420365,12.607792327520718,12.067458482164335,12.54229736328125,1148700
26-01-2023,12.648728824715056,12.71422379904826,12.444056834733384,12.6651029586792,1397700
27-01-2023,12.615979692779687,13.516536643596432,12.615979692779687,13.467415809631348,1690600
30-01-2023,13.320052996023705,13.524724978526132,13.0826327467897,13.10719394683838,1661300
31-01-2023,13.13175275002662,13.72120738989559,13.049882878902553,13.713020324707031,1951700
01-02-2023,13.598405121339658,14.032308664377627,13.4264798680143,13.942254066467283,2975700
02-02-2023,14.204234992470306,14.720007668426284,14.146927090866663,14.49077606201172,2336200
03-02-2023,14.23698042514084,14.23698042514084,13.762141560839233,13.901318550109863,1697600
06-02-2023,13.713019908354902,13.753953671531848,13.30367603049356,13.5247220993042,1832500
07-02-2023,13.516537438710769,13.631153245212662,13.246370493725408,13.508350372314451,3295600
08-02-2023,13.590217057301096,13.778514866351795,13.19724730931972,13.5247220993042,3167100
09-02-2023,13.672088368340392,13.803078305633925,13.082632088996284,13.164501190185549,2117200
10-02-2023,13.090819446994413,13.311865556674432,13.082632380540716,13.221809387207031,1743100
13-02-2023,13.262743493270966,13.328238457321952,13.156313200736168,13.24636936187744,1093300
14-02-2023,13.221809527897676,13.418294440307363,13.04988503434879,13.099006652832031,2146800
15-02-2023,12.976200982317051,13.229993744314848,12.943453503970192,13.180872917175291,1920700
16-02-2023,12.992577689799091,13.082633083342657,12.779718635137934,12.828840255737305,1610300
17-02-2023,12.804278998390894,12.828839416703438,12.53411205466803,12.624167442321776,1083100
21-02-2023,12.52592447925436,12.575045313883171,12.124767613152173,12.223010063171388,1755200
22-02-2023,12.19844949042221,12.354000629831145,11.97740416173797,12.042899131774902,1463100
23-02-2023,12.11657953539512,12.263942807738344,11.920094651763137,12.059270858764648,838300
24-02-2023,11.821851674764895,11.89553370284789,11.666301333848658,11.813665390014648,1566500
27-02-2023,11.977401692712109,12.00196210622266,11.551683694468082,11.64173984527588,2000200
28-02-2023,11.63355393060088,11.78091798775539,11.568058967590332,11.568058967590332,4655200
01-03-2023,11.51075063199461,11.633553487774565,11.396134060708206,11.592618942260742,1634700
02-03-2023,11.478003464857377,11.74817037955268,11.273331512466294,11.690861701965332,2392000
03-03-2023,11.31426527833528,11.715422898400568,11.31426527833528,11.690861701965332,2338800
06-03-2023,11.8218523739839,11.87916105519446,11.71542363908197,11.723609924316406,1529900
07-03-2023,11.723611828897408,11.813668007960707,11.109595833153282,11.297894477844238,2266300
08-03-2023,11.28970581231296,11.518938199659988,11.142341744351931,11.396135330200195,1432200
09-03-2023,11.306079630472675,11.363387530526552,10.82305367069976,10.92129611968994,2591500
10-03-2023,10.855800777329806,10.855800777329806,10.209037424996303,10.323653221130373,3908600
13-03-2023,10.159916118047702,10.430083046737458,9.963431220957258,10.42189598083496,3369600
14-03-2023,10.610195523529878,10.773932952135254,9.816068018841738,9.996179580688477,5004100
15-03-2023,9.799692681785068,10.331839412175686,9.55408619823498,10.118980407714844,4665200
16-03-2023,10.004365256559916,10.012551541280938,9.545899739436448,9.726011276245115,3520300
17-03-2023,9.70145327569055,9.7751345410916,9.120184754670715,9.324856758117676,7262100
20-03-2023,9.341228087446524,9.734198654874335,9.324854736716212,9.488592147827148,3257500
21-03-2023,9.660514569176394,10.045297988986308,9.595019618667653,9.897933959960938,3872800
22-03-2023,9.799693826275275,9.848814660265145,9.406723250548447,9.414910316467283,3930800
23-03-2023,9.464030015122676,9.521337903428773,8.85820053273233,8.874574661254883,5560700
24-03-2023,8.7599615913775,9.398538023518729,8.694466612735411,9.324856758117676,5018900
27-03-2023,9.570459192528912,9.685075755472068,9.39853473849491,9.431282997131348,3815100
28-03-2023,9.308481142341776,9.799694184780096,9.275733658229996,9.635956764221191,3539200
29-03-2023,9.76694626269948,10.069860672340583,9.709637582502491,10.037113189697266,3773400
30-03-2023,10.195111693994924,10.286584676473645,9.89574412760661,9.987217903137209,3815600
31-03-2023,10.128587575152208,10.253323554992676,9.87079887894935,10.253323554992676,2643300
03-04-2023,10.394691934390943,10.477849787086894,10.103640243007174,10.186798095703123,2586100
04-04-2023,10.278269273264373,10.336480077031052,10.003849518392036,10.195112228393556,3205800
05-04-2023,10.303218372111902,10.461217332003278,10.128587525362478,10.386375427246094,4175400
06-04-2023,10.469530691446446,10.72731852970542,10.361425832706551,10.694055557250977,4142700
10-04-2023,10.552689190995435,10.677425949804588,10.05374453491462,10.494479179382324,4345400
11-04-2023,10.602584621957725,10.951846296478134,10.544374607221645,10.843741416931152,3420600
12-04-2023,10.976792574049195,11.035003377815876,10.195112228393556,10.195112228393556,2790900
13-04-2023,10.228376291797034,10.378059305690256,10.078692484851809,10.220060348510742,2013900
14-04-2023,10.29490076091582,10.585951596313476,10.14521697565013,10.269953727722168,3675600
17-04-2023,10.26163980592252,10.594269624164724,10.203429785993146,10.56932258605957,1975200
18-04-2023,10.594269306738504,10.594269306738504,10.128587575152208,10.253323554992676,2403500
19-04-2023,10.13690241157586,10.83542578037031,10.111955374990911,10.760583877563477,2436300
20-04-2023,10.594269484262108,10.777216278405438,10.32816563318238,10.419638633728027,1926100
21-04-2023,10.486163006894373,10.59426787827084,10.361427043872554,10.46121597290039,2618700
24-04-2023,10.45290016258051,10.619215839446188,10.353111232292258,10.486163139343262,1400200
25-04-2023,10.353112594905438,10.4529015383273,9.970587915262293,10.261639595031738,3105400
26-04-2023,10.286587841068618,10.561007665979949,10.23669376002226,10.311534881591797,1791600
27-04-2023,10.278270900308607,10.694058569637386,10.170166011116883,10.56932258605957,2566800
28-04-2023,10.561005742693643,11.03500418462594,10.552689799682977,10.710689544677734,2096800
01-05-2023,10.63584712894486,10.727320118479264,10.427953322051447,10.502795219421388,2222900
02-05-2023,10.386374551952134,10.502795370991256,9.97058693216492,10.12027072906494,3452800
03-05-2023,10.170164655578011,10.269954380802158,9.479957279931272,9.563115119934082,5021000
04-05-2023,9.438378308638509,9.754376169055838,9.321957501659792,9.571430206298828,4289600
05-05-2023,9.771007693761534,10.1119533672513,9.737744720568674,10.053743362426758,2977700
08-05-2023,10.05374676928056,10.12027273820954,9.546485264881946,9.588064193725586,3464000
09-05-2023,9.43006152463702,9.654586383625055,9.222167754845382,9.579745292663574,3362200
10-05-2023,9.679535937327628,9.729430006887766,9.396800232980398,9.563115119934082,2140300
11-05-2023,9.430063517329623,9.496589474276588,9.213853760726012,9.33027458190918,3038600
12-05-2023,9.388483287099778,9.388483287099778,8.964379775899385,9.030905723571776,2511200
15-05-2023,9.064170121747688,9.188906888023396,8.83964521133458,8.947750091552734,2847800
16-05-2023,8.864592283684523,8.939434185146157,8.507014662502042,8.540278434753418,4573000
17-05-2023,8.590172064968895,9.03090671494329,8.390594200042974,8.897854804992676,3071900
18-05-2023,8.872906005890679,9.188904625717594,8.781433034250696,9.163957595825195,2955100
19-05-2023,9.263748528411206,9.496589375298804,9.155643651236115,9.321958541870115,3054300
22-05-2023,9.363535794566063,9.812586315800136,9.205536081824333,9.746060371398926,3701000
23-05-2023,9.746062731202358,10.278270415274893,9.746062731202358,9.812588691711426,4185100
24-05-2023,9.74606268231989,9.820904585780214,9.346906128215496,9.396800994873049,2738400
25-05-2023,9.380169287790991,9.40511711812314,9.18890734688996,9.2886962890625,3400800
26-05-2023,9.33027337153111,9.430062294006348,9.230484449055872,9.430062294006348,2625000
30-05-2023,9.513219608178476,9.804271235276191,9.455009599979686,9.73774528503418,2085200
31-05-2023,9.654590672090508,9.829221548006716,9.579749547885404,9.646275520324709,3484800
01-06-2023,9.712799702232193,9.754377832552814,9.346906128215496,9.396800994873049,2591100
02-06-2023,9.637955725188514,10.070374373294754,9.596376810761493,9.912375450134276,2371400
05-06-2023,9.912377107746355,9.97058712184734,9.679536258290453,9.754377365112305,2321600
06-06-2023,9.804273269220564,10.261639866806243,9.70448432315584,10.037114143371582,3505800
07-06-2023,10.186797539252405,10.810479021247447,10.078692653873686,10.660795211791992,4373500
08-06-2023,10.561005831086732,10.644163675785457,10.211744152235267,10.444585800170898,1759300
09-06-2023,10.46121597290039,10.502794891591634,10.29490109118733,10.46121597290039,1818100
12-06-2023,10.41963653065132,10.65247814640187,10.353110581308838,10.511110305786133,2172600
13-06-2023,10.602583287869074,10.893634911031327,10.477847331114893,10.511110305786133,2680800
14-06-2023,10.569323285353676,10.827112006336392,10.31153456437096,10.394692420959473,4102600
15-06-2023,10.311532373996716,10.64416293664134,10.17016452365684,10.627531051635742,2186700
16-06-2023,10.577636948380658,10.65247884455901,10.427953156023955,10.610899925231934,36918300
20-06-2023,10.48616323685133,10.536058098985375,10.236691305336883,10.494479179382324,3194700
21-06-2023,10.369743898552445,10.569321774167,10.186797116046444,10.444585800170898,3301700
22-06-2023,10.461217624996616,10.536059531849938,9.953956957399251,10.012166976928713,3568400
23-06-2023,9.904062113349609,10.062061871114937,9.388485500795657,9.463327407836914,22423200
26-06-2023,9.488275406857811,10.378060851688357,9.455012421809537,10.311534881591797,4589200
27-06-2023,10.261639006499134,10.702373679598042,10.111955203425095,10.594268798828123,2798200
28-06-2023,10.57763550291622,10.57763550291622,10.186794983534275,10.28658390045166,2835500
29-06-2023,10.202129645088146,10.708858264087883,10.13456593661124,10.666630744934082,2199400
30-06-2023,10.810206433940188,10.919997688049651,10.480832671611791,10.615960121154783,2564900
03-07-2023,10.607515490969703,11.10579777067097,10.548396626437947,11.088907241821287,1274700
05-07-2023,10.97911460614131,11.173360093339207,10.70885973511013,10.987560272216797,2184200
06-07-2023,10.68352216027693,10.919995965089392,10.548394732054383,10.869322776794434,2840000
07-07-2023,10.85243220919241,11.705424297918666,10.810204686679702,11.477396965026855,5560900
10-07-2023,11.34227128071121,11.629417511426398,11.224034360586389,11.44361686706543,2640500
11-07-2023,11.604079970347335,11.80677113361608,11.41828014006253,11.772989273071287,2102400
12-07-2023,12.06858101773591,12.2290446521175,11.519625588857602,11.528070449829102,2721500
13-07-2023,11.570297390075035,11.823661731112043,11.485843146678056,11.798325538635254,2335200
14-07-2023,11.781435413179102,11.781435413179102,11.384497931753534,11.435171127319336,3432400
17-07-2023,11.435169878876293,11.443615544785716,11.224033063678856,11.384496688842772,2476000
18-07-2023,11.452062371493255,11.798326654647234,11.37605298145007,11.6209716796875,2399600
19-07-2023,11.815218463891211,11.941901062840552,11.696982338046336,11.925009727478027,2470100
20-07-2023,11.882780384170587,11.899671716959745,11.39294300920817,11.528070449829102,2684200
21-07-2023,11.646306623565216,11.696979813291954,11.42672414378774,11.553406715393066,1397200
24-07-2023,11.553408028913408,11.865890452389523,11.46895297157473,11.629417419433594,1266300
25-07-2023,11.57029679522453,11.722315553115775,11.426723702865688,11.45206069946289,1417000
26-07-2023,11.468951957103812,11.848998070665148,11.468951957103812,11.832107543945312,1681100
27-07-2023,11.840553946721904,12.009463251544828,11.722317030634308,11.789880752563477,3411300
28-07-2023,11.984126951124734,12.220600797100088,11.916563225252675,12.153037071228027,1748600
31-07-2023,12.136145847180918,12.609092738000353,12.136145847180918,12.414846420288086,1940500
01-08-2023,12.406398843260266,12.406398843260266,11.908116638494208,12.203707695007324,2349500
02-08-2023,11.74765227673732,12.119253522775384,11.63786103610894,12.01790714263916,4238700
03-08-2023,12.009462282147002,12.06013466679208,11.6125248437864,12.01790714263916,3424700
04-08-2023,11.933453921344109,12.203708810381674,11.91656258806771,12.0094633102417,2743800
07-08-2023,12.043243859303791,12.397953765232788,12.043243859303791,12.35572624206543,1907400
08-08-2023,11.8152153481062,12.169925242946848,11.747651635319697,12.06857967376709,2221700
09-08-2023,12.026353943772316,12.026353943772316,11.56185274509004,11.612525939941406,2315000
10-08-2023,11.688534889633768,11.967235437270212,11.477398062307792,11.528070449829102,2265500
11-08-2023,11.401388890919218,11.63786191647167,11.401388890919218,11.570298194885254,1192200
14-08-2023,11.460506667654426,11.477398000352402,11.122688067925653,11.274706840515137,1719200
15-08-2023,11.055123317859756,11.097350840246849,10.793313323398197,10.86087703704834,1479800
16-08-2023,10.81865039392248,10.979114013581004,10.80175906268316,10.869322776794434,1707500
17-08-2023,10.869324756731052,11.105797799196012,10.818652364628708,10.87777042388916,1759600
18-08-2023,10.742642242170724,11.088906517927828,10.7173052424155,10.936887741088867,1659300
21-08-2023,10.962225211702522,10.962225211702522,10.666634095618456,10.793315887451172,1728200
22-08-2023,10.903105880171664,10.953779074259016,10.7173052424155,10.936887741088867,1925300
23-08-2023,11.06356872906009,11.435169145592454,10.843986262034024,11.42672348022461,1873300
24-08-2023,11.392942355331437,11.730761742918329,11.359160497115049,11.367606163024902,1393000
25-08-2023,11.494287328204535,11.578742372035428,11.173359289239334,11.24936866760254,1016200
28-08-2023,11.384496254414302,11.705424297918666,11.325378206150312,11.477396965026855,1896000
29-08-2023,11.511179627980662,11.713870783726756,11.316933332990027,11.654752731323242,1620500
30-08-2023,11.654751851853812,11.781433613279932,11.570296807287736,11.66319751739502,1599800
31-08-2023,11.705424598812453,11.747652122410638,11.53651530984273,11.544960975646973,1817100
01-09-2023,11.67164404879144,11.899672218517708,11.67164404879144,11.8489990234375,3449800
05-09-2023,11.51962529415918,11.815216361599804,11.51962529415918,11.654752731323242,1690300
06-09-2023,11.688535690307615,11.764545082219364,11.409835123579969,11.688535690307615,1302500
07-09-2023,11.595634017040489,11.756098454726514,11.49428843791287,11.705425262451172,1089200
08-09-2023,11.663197144321082,11.72231519037251,11.426723349269418,11.60407829284668,1602900
11-09-2023,11.696981235662545,11.772989821360868,11.38449800429146,11.44361686706543,1600400
12-09-2023,11.36760697200966,11.51962574751345,11.249370057126368,11.33382511138916,1474600
13-09-2023,11.34227080158698,11.359161329220958,10.708860309562503,10.928442001342772,2567000
14-09-2023,11.139578593763138,11.350715419922146,11.088906206521896,11.291597366333008,1974900
15-09-2023,11.164915157769428,11.418279500372591,11.021342057141736,11.40138816833496,6535500
18-09-2023,11.40138772427538,11.553406485001084,11.046677819530752,11.316932678222656,2230400
19-09-2023,11.342270117049338,11.56185179557724,11.291596926359489,11.40138816833496,2236300
20-09-2023,11.553406119220655,11.848997160200772,11.31693231992898,11.418278694152832,2436600
21-09-2023,11.266261978859356,11.426725623835878,10.599069592673477,10.615960121154783,4126900
22-09-2023,10.666632578904077,10.810205685458511,10.337258839381,10.65818691253662,2982100
25-09-2023,10.565285699918563,10.793313025845746,10.514612513366425,10.776422500610352,3604200
26-09-2023,10.59906834787904,10.835541356807,10.472385774743213,10.53150463104248,2469900
27-09-2023,10.683520503282324,10.835539239166362,10.31192013330486,10.51461124420166,2184300
28-09-2023,10.557496673836342,10.92627949824585,10.497461613844632,10.823363304138184,2452800
29-09-2023,11.05492363128942,11.097804758721928,10.85766700989856,10.94343090057373,2195800
02-10-2023,10.917702502575324,11.003466403147996,10.50603774279891,10.591801643371582,2324300
03-10-2023,10.428850303928405,10.497461096619633,9.94857475508982,10.042914390563965,3582600
04-10-2023,10.128677468960785,10.334509830341782,10.025760470365183,10.291627883911133,2738100
05-10-2023,10.274473002746824,10.45457649230957,10.180133391225368,10.45457649230957,2407700
06-10-2023,10.343087148245845,10.428850229545596,9.708436093520842,10.214441299438477,2820800
09-10-2023,9.948573793989652,10.385967350664725,9.862809902458414,10.300204277038574,1858100
10-10-2023,10.317356939997367,10.540342411767815,10.283051545717694,10.411697387695312,2474100
11-10-2023,10.514614208443236,10.7461754294033,10.488884547743655,10.720446586608888,1911100
12-10-2023,10.66041147814758,10.66041147814758,10.231593649651282,10.291627883911133,2062300
13-10-2023,10.38596712701082,10.514612961537386,10.034336651533993,10.180134773254396,1908700
16-10-2023,10.317356879044205,10.68614047880084,10.214440696813192,10.583224296569824,1971800
17-10-2023,10.420274525430052,10.87482208320032,10.420274525430052,10.729023933410645,2108000
18-10-2023,10.548920546565885,10.617531345413042,10.317358487027802,10.343088150024414,1297800
19-10-2023,10.188712116073706,10.368815644056264,9.811351953679235,9.845657348632812,2103300
20-10-2023,9.871388875840184,10.01718703645265,9.751319561834244,9.768472671508787,1738200
23-10-2023,9.66555529250487,9.768471484328671,9.528332885501277,9.56263828277588,2317600
24-10-2023,9.717012439298411,9.854234020768711,9.648401648563263,9.802776336669922,1728400
25-10-2023,9.656979643879913,9.777048136642708,9.399688731251365,9.442570686340332,1954000
26-10-2023,9.485452401485922,9.691284799219932,9.33965424861469,9.665555953979492,1823600
27-10-2023,9.794197861253728,9.794197861253728,9.476872811901986,9.545483589172363,1822700
30-10-2023,9.734166915767508,9.914270471268487,9.408265204960722,9.65697956085205,3518900
31-10-2023,9.80277576024565,9.871386546946338,9.51117950781518,9.614095687866213,2707200
01-11-2023,9.674129883952045,10.154406206885309,9.639824490735746,9.82850456237793,3224400
02-11-2023,10.18013403388566,10.531764483824064,10.008607084879731,10.514612197875977,2243400
03-11-2023,10.88339810173926,11.252181762877573,10.857669256375384,11.054925918579102,1973700
06-11-2023,10.99489029431763,11.003466848302905,10.729023664015788,10.823363304138184,1209900
07-11-2023,10.771904750351569,10.823362434317398,10.343086900412343,10.351662635803224,1628900
08-11-2023,10.41169717033593,10.44600256389943,10.120100916093634,10.291627883911133,1389300
09-11-2023,10.385967640056656,10.411697298976003,9.588367025374383,9.648401260375977,2136800
10-11-2023,9.742741866878855,9.785623818141785,9.536909482303049,9.6912841796875,1424900
13-11-2023,9.519756526133,9.554061921160836,9.228160259443843,9.296771049499512,2163000
14-11-2023,9.871387285805532,10.634682549458518,9.86281073234973,10.428850173950195,2388900
15-11-2023,10.308782991242976,10.823363994608728,10.308782991242976,10.54034423828125,1692900
16-11-2023,10.514613372538932,10.531765660403224,9.982879362264226,10.034337043762209,1535100
17-11-2023,10.17155753855105,10.257321422483686,9.991454036616524,10.128676414489746,1374700
20-11-2023,10.128678817979582,10.145831108093262,9.948575273307297,10.145831108093262,1292100
21-11-2023,9.974304257633277,10.051491608992832,9.674131406325046,9.717013359069824,1223100
22-11-2023,9.8713885754909,9.939999376290928,9.708437310161884,9.777048110961914,1053400
24-11-2023,9.751316524402576,9.837080410250175,9.622671513536208,9.734164237976074,536500
27-11-2023,9.65697690429424,9.794198467326376,9.502602236930576,9.734164237976074,1381900
28-11-2023,9.68270744625092,10.343087356897197,9.511180462286038,10.334510803222656,2005700
29-11-2023,10.48030888453815,11.003466387135663,10.446003487940036,10.548919677734377,3228900
30-11-2023,10.557497798341949,10.68614285020254,10.428851928576064,10.480310440063477,2689800
01-12-2023,10.48888607687856,11.638118249370056,10.377394135880389,11.620965957641602,3390100
04-12-2023,11.595235761070134,11.87825549383276,11.466589907511093,11.80964469909668,2749800
05-12-2023,11.74103285075554,11.749609404401673,11.397978883961908,11.603811264038086,2085700
06-12-2023,11.843949022249932,12.101239070222112,11.66384549792634,11.852524757385254,2841400
07-12-2023,11.801067395481317,12.187003295827097,11.801067395481317,12.178426742553713,1760800
08-12-2023,12.075512309907657,12.349955511253883,11.946867263752925,12.2727689743042,2284800
11-12-2023,12.187003295827097,12.384259113684106,12.101239398903529,12.178426742553713,1221600
12-12-2023,12.229886091323689,12.229886091323689,11.903984405509563,11.929713249206545,2022000
13-12-2023,11.99832283171484,12.855958502051658,11.861101255325767,12.667279243469238,3758900
14-12-2023,13.216165536884494,13.825087712885564,13.216165536884494,13.516338348388672,3540800
15-12-2023,13.473455857168275,13.54206664252875,12.98460380699862,13.113248825073242,4621900
18-12-2023,13.19901452326667,13.19901452326667,12.830230888022198,12.86453628540039,2025300
19-12-2023,13.104673293322255,13.138978688674994,12.864535525853109,12.941722869873049,3086200
20-12-2023,12.95887725038182,13.619257239900069,12.933148404190476,13.018912315368652,3177100
21-12-2023,13.250471264147704,13.250471264147704,12.761619181941724,12.950299263000488,2617000
22-12-2023,13.078944416755302,13.319082183590483,12.80450125465795,12.855958938598633,2266300
26-12-2023,12.933145739525408,13.156131208321906,12.83022955805897,13.053215026855469,2100900
27-12-2023,13.027486018559294,13.061791414094406,12.684432063208185,12.770195960998535,5100800
28-12-2023,12.72675834996743,13.022123530418693,12.692009553942375,12.900503158569336,1998400
29-12-2023,12.822319369029897,12.891816967630865,12.579076945449772,12.59645175933838,2427200
02-01-2024,12.943940835644437,13.108998267493233,12.613827628900436,12.891818046569824,2978700
03-01-2024,12.71807249697772,12.71807249697772,12.12734210241615,12.327147483825684,2499300
04-01-2024,12.240276869978985,12.492205882535623,12.118655653115626,12.387959480285645,2215400
05-01-2024,12.196839571574602,12.60513856524433,12.136029382817489,12.431394577026367,2608600
08-01-2024,12.431394688715436,12.778882668273344,12.318460888239942,12.665948867797852,2277900
09-01-2024,12.405334634387422,12.500894466804455,12.309775630447229,12.361898422241213,2085500
10-01-2024,12.3184602562344,12.657260811801834,12.3184602562344,12.579075813293455,1440700
11-01-2024,12.440082013731036,12.466144235120137,12.07521919905106,12.292399406433104,2190900
12-01-2024,12.544328689575195,12.596452305022304,12.335835884740284,12.544328689575195,2041600
16-01-2024,12.361896616818674,12.448769028423609,12.205527435797196,12.30108642578125,1822100
17-01-2024,11.970970814905828,12.083904603444523,11.59742148348341,11.918848037719728,2495500
18-01-2024,11.979660401312865,12.075219395866863,11.6842951819028,11.814603805541992,2303900
19-01-2024,11.90147479955415,12.770195599937324,11.745105618849346,12.440081596374512,6305800
22-01-2024,12.561702249408375,12.848380034538875,12.457455857404256,12.831006050109863,2827800
23-01-2024,12.987375374539122,13.126370565490378,12.553014988578104,12.587763786315918,1599900
24-01-2024,12.857068434251891,12.857068434251891,12.396646626878422,12.492205619812012,1083200
25-01-2024,12.813629629181724,12.883127215129669,12.535639285389946,12.60513687133789,1163500
26-01-2024,12.657262257436168,12.822319679467173,12.570390671320096,12.709385871887209,1208300
29-01-2024,12.657261615762962,12.813631622711991,12.570390034050938,12.622512817382812,1764800
30-01-2024,12.448769420860735,12.526954428074552,12.248964027738092,12.292399406433104,1499900
31-01-2024,12.222901178806657,12.283712197115683,11.701669204936634,11.771166801452637,2965800
01-02-2024,11.762478860685317,11.779853673263752,11.119625707863138,11.484488487243652,2603700
02-02-2024,11.21518509035907,11.441052691049244,10.971943504949406,11.336806297302246,1731800
05-02-2024,11.128313785960584,11.241246760631444,10.980631184035044,11.093564987182615,1801400
06-02-2024,11.024067155464424,11.232560787848968,10.876385374053978,11.058815956115724,2618300
07-02-2024,11.206497355074172,11.553986152515671,11.1196257770713,11.36286735534668,3861600
08-02-2024,11.336806854793537,11.892787648784736,11.293370648143789,11.840664863586426,2850400
09-02-2024,11.849350825980029,11.936222400211705,11.441051858813582,11.571359634399414,1515700
12-02-2024,11.62348465881443,12.00572145468338,11.62348465881443,11.840664863586426,2452200
13-02-2024,11.197810966663248,11.197810966663248,10.737388364399123,11.041440963745115,3438200
14-02-2024,11.223873863180613,11.362869071762436,11.137001443578576,11.189125061035156,1685500
15-02-2024,11.345493941959033,11.910162127056022,11.336806535178656,11.86672592163086,2185100
16-02-2024,11.553987731169432,12.075219755834071,11.371556315417612,11.94491195678711,1466600
20-02-2024,11.70167053901367,11.840665747892157,11.580049317006594,11.762480735778809,1350700
21-02-2024,11.684294213624437,11.84066421764237,11.640858009344266,11.753791809082031,1279600
22-02-2024,11.753791674444216,11.81460269113055,11.597422500694156,11.658232688903809,1584400
23-02-2024,11.675606537378023,11.684293943728724,11.414990974670346,11.562673568725586,1443900
26-02-2024,11.545298983377018,11.649545376208266,11.32811879119274,11.397616386413574,933500
27-02-2024,11.536611240518578,11.571360037115934,11.362867257531802,11.423677444458008,913600
28-02-2024,11.26730901014434,11.571360793116892,11.21518539760454,11.249934196472168,2101200
29-02-2024,11.414990893883235,11.849351266624168,11.362867284624594,11.484488487243652,3361500
01-03-2024,11.49317528022521,11.753791674444216,11.275995089788816,11.658232688903809,1553500
04-03-2024,11.606108459220494,11.73641706361342,11.336805501399718,11.63217067718506,1437500
05-03-2024,11.493174272157995,12.049155809161586,11.423676683592122,11.918848037719728,2044900
06-03-2024,12.144716921550582,12.144716921550582,11.519238514488896,11.73641872406006,1705700
07-03-2024,11.858038670316184,11.988347288300096,11.658233282608265,11.82328987121582,1485000
08-03-2024,12.05784447014682,12.266337257549814,11.86672566745573,11.970972061157228,1594700
11-03-2024,11.884099062710169,12.057843031482651,11.8406628633979,11.90147304534912,1565900
12-03-2024,11.831976185033758,11.979658774686094,11.666919611674665,11.72772979736328,1223700
13-03-2024,11.727729894443948,11.927535265347164,11.658232302088338,11.666919708251951,1170000
14-03-2024,11.606110338607794,11.640859139710818,11.084878322062444,11.21518611907959,2006100
15-03-2024,11.076189050033715,11.423677002565691,11.076189050033715,11.414990425109863,2832100
18-03-2024,11.432364452847423,11.649544631141568,11.406303063425584,11.571359634399414,1447700
19-03-2024,11.484488640377217,11.649545219689893,11.22387224756228,11.441052436828612,1846800
20-03-2024,11.397615902886775,11.858037658811266,11.258620718341774,11.805914878845217,1621700
21-03-2024,11.93622407054322,12.431395509711283,11.892787863110687,12.37058448791504,2191200
22-03-2024,12.3792716216248,12.422707828097778,11.61479720452129,11.62348461151123,1565400
25-03-2024,11.701668587085653,11.910161365625193,11.701668587085653,11.745104789733888,863600
26-03-2024,11.797227172895036,11.86672476340143,11.414990425109863,11.414990425109863,1231000
27-03-2024,11.608914073593782,12.058462198142347,11.52076708581219,12.049647331237791,1556200
28-03-2024,12.005573134745877,12.393418849528652,11.996758268357194,12.225939750671388,1597900
01-04-2024,12.25238414288006,12.270013876569209,11.69706098178341,11.749948501586914,1649200
02-04-2024,11.58246786645872,11.617726485995798,11.362101284194049,11.59128189086914,1730000
03-04-2024,11.44143385262003,11.83809441844261,11.44143385262003,11.767577171325684,1570600
04-04-2024,11.943871581012075,12.040832596127546,11.450249957169724,11.520767211914062,1318200
05-04-2024,11.43261973596705,11.635356609652312,11.43261973596705,11.564839363098145,903300
08-04-2024,11.776393491669625,12.1466095314954,11.714691098576017,12.12898063659668,1015800
09-04-2024,12.137794357208088,12.57852761623876,12.102534889478932,12.552083015441896,1671300
10-04-2024,11.93505689356223,11.996759282233782,11.432621235792174,11.608914375305176,2384700
11-04-2024,11.705875572047274,12.005574334148111,11.617729421250097,11.890983581542969,1821400
12-04-2024,11.794020688157952,11.85572306796814,11.520765730682209,11.688244819641112,1879000
15-04-2024,11.758763858412635,11.802837353840053,11.309215718190574,11.39736270904541,1582200
16-04-2024,11.265141710372731,11.370917590208162,11.018331324090068,11.247512817382812,1473900
17-04-2024,11.282771397579172,11.503138023154422,11.229883037563049,11.353288650512695,1362700
18-04-2024,11.40617606910357,11.556025440421118,11.300400190638,11.46787929534912,1346800
19-04-2024,11.441435104864151,11.74994872524088,11.441435104864151,11.732319831848145,1209900
22-04-2024,11.76757913448593,11.873355022807688,11.61772974920543,11.758764266967772,1835500
23-04-2024,11.749949291097971,12.199497442793977,11.741134423661103,11.97031593322754,1528200
24-04-2024,11.829279585614792,11.970314080244709,11.679430224912531,11.961499214172363,1346000
25-04-2024,11.705875230811063,11.794022219670696,11.50313833331869,11.732319831848145,1918600
26-04-2024,11.767577902180598,12.040832041571848,11.741133302395422,11.78520679473877,896200
29-04-2024,11.952686161823074,12.190681680728757,11.952686161823074,12.173052787780762,1796600
30-04-2024,12.04083308191262,12.243570827955995,11.926242328171933,12.084906578063965,2060000
01-05-2024,12.120165486624751,12.243571110570649,11.811651847076035,11.84691047668457,1771400
02-05-2024,12.040831855428534,12.164237463955748,11.7323190950584,12.11134910583496,1366200
03-05-2024,12.446307565605048,12.64023044167789,12.102535309016652,12.208312034606934,1088000
06-05-2024,12.393419533902234,12.499195414511668,12.146608305181582,12.252384185791016,1160900
07-05-2024,12.340530589971817,12.446306465581456,12.032016988969747,12.11134910583496,2096800
08-05-2024,12.296457513791944,12.40223339297562,11.864539130300605,12.278828620910645,2808500
09-05-2024,12.384604408766757,12.569712406131142,12.278828530363098,12.49038028717041,1596000
10-05-2024,12.525638567937465,12.560897193099834,12.252383592455136,12.428677558898926,1162000
13-05-2024,12.578527851063322,12.83415311244802,12.552083249772773,12.728376388549805,1269900
14-05-2024,12.957556483917491,13.239626315999844,12.904668968336486,13.195552825927734,1858300
15-05-2024,13.504065424998554,13.592212404162543,12.9751860719103,13.001629829406738,1834300
16-05-2024,12.992815883343631,13.001630750010564,12.58734126361633,12.693117141723633,1383200
17-05-2024,12.71956172140648,12.71956172140648,12.472750498918405,12.499195098876951,797900
20-05-2024,12.53445445210645,12.569713080131606,12.349346444816389,12.4198637008667,836600
21-05-2024,12.35816064932383,12.54326780605626,12.340530915940576,12.49038028717041,923100
22-05-2024,12.39341941373845,12.552082812798249,12.12897929446283,12.173052787780762,864400
23-05-2024,12.1818652745872,12.1818652745872,11.723503187644384,11.811649322509766,1291200
24-05-2024,11.917427271768812,11.9967585492285,11.767577902180598,11.78520679473877,883400
28-05-2024,11.899798841090954,12.0143895974736,11.65298843383789,11.65298843383789,1327400
29-05-2024,11.414989197449488,11.494321304375433,11.2915844450152,11.44143295288086,1504500
30-05-2024,11.511953589745868,11.899798504457507,11.511953589745868,11.882168769836426,1647600
31-05-2024,12.05846177696301,12.366974542158864,11.89098267415411,12.296457290649414,1845700
03-06-2024,12.419862946070928,12.419862946070928,12.111349339126209,12.190681457519531,1010500
04-06-2024,12.093719591018864,12.261197841955116,11.970313988844016,12.076089859008787,860700
05-06-2024,12.111348410098282,12.111348410098282,11.943870160161794,11.987943649291992,795000
06-06-2024,11.908610991480558,12.06727436819666,11.873352369917884,12.040830612182615,876500
07-06-2024,11.741133302395422,11.855724046235348,11.661801184303783,11.78520679473877,1029000
10-06-2024,11.61772757396322,11.732318308347766,11.51195170544638,11.688244819641112,1203700
11-06-2024,11.564839454980635,11.64417156814234,11.45024871826172,11.45024871826172,1609000
12-06-2024,12.005573755655774,12.53445399748264,11.688246114938837,11.749948501586914,1883800
13-06-2024,11.767578290538282,11.952686291983785,11.644172676030625,11.741133689880373,1382500
14-06-2024,11.547211882222658,11.811651168785078,11.547211882222658,11.723505020141602,1430300
17-06-2024,11.697061931005376,11.776393217148405,11.556026571943017,11.65298843383789,1870700
18-06-2024,11.679432196202034,11.89098397385325,11.60010006942482,11.84691047668457,1271800
20-06-2024,11.829279275504152,11.91742625265298,11.749947164196582,11.794020652770996,1732800
21-06-2024,11.77639277015022,11.86453976113938,11.741134141880956,11.802837371826172,2428400
24-06-2024,11.89979867499664,12.03201832402157,11.776393052776552,11.97031593322754,892000
25-06-2024,11.917426029359197,11.943869785755624,11.705873456292194,11.811649322509766,2707500
26-06-2024,11.661801514405113,11.776392261488668,11.661801514405113,11.749948501586914,985600
27-06-2024,11.749947879640764,11.8292799957788,11.582469621618635,11.714689254760742,1322700
28-06-2024,11.804114815756606,11.947194860957092,11.705747497887357,11.902482986450195,1871600
01-07-2024,11.902482070173576,12.03661938901679,11.696803881413134,11.830941200256348,919000
02-07-2024,11.866712511504216,12.027677129653524,11.804114354556528,11.991907119750977,703500
03-07-2024,12.063446044921877,12.206526071549016,11.974021454692028,12.063446044921877,355300
05-07-2024,12.027678830024849,12.126047010781544,11.795173306376478,11.822001457214355,726200
08-07-2024,11.938252997750316,11.99190758828833,11.79517209972549,11.902482986450195,563000
09-07-2024,11.866713777810943,12.054505710220516,11.759402883827764,11.974023818969728,891700
10-07-2024,12.018734024492366,12.19758492103356,11.920366713654133,12.143929481506348,1228000
11-07-2024,12.555287456505988,12.850390299384324,12.49269014220587,12.734137535095217,1736300
12-07-2024,12.912986130493968,13.181261643975803,12.8503888233838,13.082894325256348,1496000
15-07-2024,13.31539979438113,13.42270982894508,13.136548883950203,13.14549160003662,1215700
16-07-2024,13.27962847931222,13.467421234571203,13.163375740073391,13.42270851135254,1460600
17-07-2024,13.252801750319522,13.619444584820496,13.208089875145728,13.324341773986816,1820100
18-07-2024,13.225975185395816,13.771468109203935,13.109722427307318,13.15443515777588,3689400
19-07-2024,13.100779050014433,13.27962996286974,12.966641718197303,13.011354446411133,1337900
22-07-2024,13.01135388786468,13.503192171454623,12.966641161570264,13.485306739807127,2672300
23-07-2024,13.395882370836215,13.995030734304397,13.279630467020947,13.789353370666504,2240200
24-07-2024,13.72675588867064,13.914548669688084,13.342227610200547,13.360112190246582,1720600
25-07-2024,13.386940881809704,13.717813727895422,13.33328543384945,13.51213550567627,1903100
26-07-2024,13.735696090501314,14.120224322450182,13.673098788676809,14.102339744567873,1566900
29-07-2024,14.14705156835577,14.316959748202809,13.968201526009633,13.977144241333008,2058200
30-07-2024,14.09339861012714,14.155995918973431,13.860893101806091,14.12022590637207,1516100
31-07-2024,14.120226587115564,14.817742292881931,13.914549217948004,14.38850212097168,1822400
01-08-2024,14.47792495591962,14.585234126599598,13.923488555244674,14.057626724243164,1982000
02-08-2024,13.521078109741213,13.798296358379773,13.324342605959792,13.521078109741213,2970800
05-08-2024,12.984527438745287,13.538963063556608,12.743079212727386,13.243860244750977,2292800
06-08-2024,13.279628790376629,13.941374380476088,13.21703063527448,13.655214309692385,2049200
07-08-2024,13.878779218951763,13.977146545250411,13.440595476945544,13.51213550567627,1074000
08-08-2024,13.58367449931412,13.83406543361598,13.547904487674474,13.646272659301758,2569800
09-08-2024,13.547903734290088,13.708869204129543,13.073950893214722,13.252800941467283,2689300
12-08-2024,13.181263432207146,13.24386160063402,12.88616058318941,12.96664333343506,1576200
13-08-2024,13.109722985616113,13.521078588361512,13.047125671988912,13.43165397644043,1451100
14-08-2024,13.521077674782784,13.574733120569643,13.3064575972841,13.360112190246582,1274400
15-08-2024,13.619444323785372,13.66415705092654,13.386939677735109,13.404824256896973,1189500
16-08-2024,13.386938614263816,13.485305923900524,13.270685874061746,13.413765907287598,1140800
19-08-2024,13.449536739013643,13.682042233652448,13.404824012687056,13.673099517822266,1007600
20-08-2024,13.574732068347563,13.637329372893127,13.297513850114909,13.306456565856934,1071200
21-08-2024,13.360111166099747,13.574732079970602,13.26174385132616,13.49424934387207,836700
22-08-2024,13.458478789004053,13.547903384408748,13.288570607933854,13.53001880645752,1137400
23-08-2024,13.57473271999456,14.173881058283143,13.57473271999456,14.075512886047363,1092400
26-08-2024,14.227536314000996,14.460041828365698,14.1470535703498,14.21859359741211,2823600
27-08-2024,14.030801271700952,14.35273140400218,14.021859407644234,14.316962242126465,1534300
28-08-2024,14.236477557034991,14.486868478660613,14.191764831542969,14.191764831542969,1426400
29-08-2024,14.254362259333986,14.495809614568962,14.066569492895974,14.370615005493164,2170800
30-08-2024,14.53158050775528,14.53158050775528,14.06656952215144,14.30801773071289,1452000
03-09-2024,14.147052359101394,14.28119053797682,13.99502960140384,14.111282348632812,1325800
04-09-2024,14.10234055579432,14.406386072702086,14.093397839926602,14.173880577087402,1189400
05-09-2024,14.28119053797682,14.334845980091854,14.102340485633906,14.111282348632812,1020000
06-09-2024,14.173880908600792,14.191765487930205,13.860892668504816,13.95925998687744,941500
09-09-2024,13.92348888599497,14.12022436017162,13.735696127195505,14.03079891204834,1235300
10-09-2024,14.06656927434114,14.075511989943127,13.834064638459562,13.9503173828125,1019700
11-09-2024,13.82512190894538,14.218592013969587,13.690984586347748,14.20070743560791,2027500
12-09-2024,14.263307846750328,14.62100887298584,14.263307846750328,14.62100887298584,1922100
13-09-2024,14.790913692838336,15.032360188323793,14.647831950735943,15.023417472839355,1452800
16-09-2024,15.184383422283307,15.184383422283307,14.7909141623691,15.121786117553713,1465500
17-09-2024,15.19332565574648,15.381119269622474,14.996591032034626,15.023417472839355,1533600
18-09-2024,15.050246679441925,15.55996955841993,14.969763940061322,15.211212158203123,1865700
19-09-2024,15.542084212791291,15.685165965769706,15.291694982788655,15.64045238494873,2007500
20-09-2024,15.47054389291099,15.658337517465975,15.309580121983585,15.407946586608888,4219600
23-09-2024,15.533143234902274,15.69410700924976,15.479486937804404,15.577855110168455,1425800
24-09-2024,15.595742186197862,15.81036228026242,15.461604840613624,15.658339500427246,952100
25-09-2024,15.66728003731834,15.685165469080369,15.31852094055343,15.363234519958496,824800
26-09-2024,15.551027219597549,15.586798084922869,15.291695268583911,15.4973726272583,2165500
27-09-2024,15.711991959193442,15.872957434247342,15.497371894337796,15.676222801208496,2124800
30-09-2024,15.567737487348111,15.992642011993768,15.504454274997878,15.8841552734375,1452000
01-10-2024,15.838951367798114,16.02880097963249,15.603898235761754,15.857032775878906,1613100
02-10-2024,15.757588270730428,15.92935821533621,15.73046615600168,15.829912185668944,1254700
03-10-2024,15.685262210533748,15.820869316954344,15.658140099514462,15.81182861328125,866100
04-10-2024,15.947436770175354,16.218652725219727,15.87511286036446,16.218652725219727,2360800
07-10-2024,16.101127026211827,16.101127026211827,15.73046673301341,15.8841552734375,1217700
08-10-2024,15.93839731304166,16.00168224787383,15.612940555595568,15.757588386535645,1579300
09-10-2024,15.721423812157893,15.875112330922718,15.585816701327277,15.847991943359377,1015400
10-10-2024,15.748546583461724,15.911275813007236,15.504452739143453,15.667181968688965,1579600
11-10-2024,15.703346099652787,16.00168247066265,15.703346099652787,15.94743824005127,789800
14-10-2024,15.8931952159085,16.345220110245304,15.766628797282396,16.300018310546875,1157200
15-10-2024,16.381382601581468,16.941892493710473,16.345219783076065,16.59835433959961,1904200
16-10-2024,16.715879093107027,17.02325613543532,16.607394092484096,16.851486206054688,1163300
17-10-2024,16.815323321230895,17.185983528461772,16.761080826702376,17.176942825317383,1510400
18-10-2024,17.167904265191634,17.42103881181912,17.02325644550108,17.36679458618164,1730200
21-10-2024,17.27639080903069,17.321592605578175,16.85148633439712,16.86052703857422,1343800
22-10-2024,16.815326667676548,17.00517629847756,16.61643460759379,16.652597427368164,1149800
23-10-2024,16.535071131553245,16.770122554485994,16.48986760842149,16.59835433959961,1237400
24-10-2024,16.64355694250917,16.860528691010074,16.562192321279063,16.84244728088379,1028400
25-10-2024,16.996134997130486,16.996134997130486,16.453706514254183,16.59835433959961,1576200
28-10-2024,16.733960834067712,16.98709538111796,16.38138198852539,16.38138198852539,1282400
29-10-2024,16.30001639355141,16.49890670290699,16.21865178419278,16.471784591674805,1528700
30-10-2024,16.363300106010307,16.625473625417065,16.281935494112837,16.50794792175293,978500
31-10-2024,16.535070836701166,16.58931333915393,16.083045959472656,16.083045959472656,1329400
01-11-2024,16.23673369138605,16.36330183680179,15.811830903241212,15.838953018188477,1307400
04-11-2024,15.820870929294164,16.336179020811365,15.820870929294164,16.27289581298828,1682300
05-11-2024,16.345220926476703,17.185987547822627,16.345220926476703,16.70684051513672,2885800
06-11-2024,17.06845793163854,17.628969515983663,16.4627445510902,16.851486206054688,2860400
07-11-2024,16.878608750387244,17.39391682738045,16.79724413566852,17.375835418701172,1584600
08-11-2024,17.44816009895734,17.556646831481817,17.149823739937677,17.43008041381836,1934300
11-11-2024,17.49336287209343,17.710334603495046,17.1859858215233,17.20406723022461,1051600
12-11-2024,17.11366213637826,17.258309959217133,16.372341613244508,16.417543411254883,1572300
13-11-2024,16.63451441995073,16.743001144516956,16.290976286777326,16.354259490966797,1689900
14-11-2024,16.724921925654275,16.978056499885394,16.44466695998504,16.70684051513672,2407300
15-11-2024,16.779163461636365,16.779163461636365,16.390421779701644,16.62547492980957,1742200
18-11-2024,16.535069603189697,16.562189990223875,16.272894366273086,16.318096160888672,1363500
19-11-2024,16.263852715763758,16.770120028207817,16.1644067041927,16.715877532958984,1063300
20-11-2024,16.580273182787543,16.9509334564209,16.516989973777672,16.9509334564209,1127600
21-11-2024,16.950932681420372,17.33063364245771,16.950932681420372,17.20406723022461,942100
22-11-2024,17.204068291557302,17.48432324636462,17.204068291557302,17.46624183654785,841700
25-11-2024,17.782658173546963,17.86402278680725,17.592806834493615,17.674171447753906,1761900
26-11-2024,17.583767140372736,17.683211433610605,17.4029565128418,17.61088752746582,919500
27-11-2024,17.73745867405469,17.900186197310997,17.66513475560581,17.701295852661133,796000
29-11-2024,17.845941396686694,17.87306350924717,17.475281146716867,17.502403259277344,675500
02-12-2024,17.5476057402141,17.5476057402141,17.17694547578886,17.402957916259766,1596100
03-12-2024,17.339675648339767,17.51144559521935,17.140783586372407,17.32159423828125,697500
04-12-2024,17.258308784894027,17.574726522450536,17.258308784894027,17.457199096679688,662800
05-12-2024,17.384875994727466,17.439120220364945,17.176944969464547,17.36679458618164,721500
06-12-2024,17.556645541140984,17.683211949502336,17.430079132779632,17.647050857543945,661800
09-12-2024,17.83689860062831,18.32508622343532,17.755533996827143,17.98154640197754,1069700
10-12-2024,17.936345760096675,17.94538646380258,17.48432092082879,17.58376693725586,1087000
11-12-2024,17.791700107725326,17.800740812527927,17.52952484146421,17.773618698120117,1144600
12-12-2024,17.73745615810231,17.91826506640873,17.565686229523923,17.818819046020508,904600
13-12-2024,17.854982735963244,18.062913766642183,17.719375617013416,18.05387306213379,1075500
16-12-2024,18.06291337710726,18.42453292795434,18.02675228419157,18.334129333496094,1047700
17-12-2024,18.189479951149263,18.5330180638684,18.189479951149263,18.37028884887696,1041000
18-12-2024,18.45165490302416,18.52397881265317,16.733960756081604,16.86956787109375,2272700
19-12-2024,17.023259303282114,17.267353186613963,16.110168710489067,16.128250122070312,2662800
20-12-2024,16.074006311370173,16.89669150404481,16.074006311370173,16.3452205657959,5909200
23-12-2024,16.22769451665989,16.706839804630558,16.2096131069113,16.643556594848633,1271000
24-12-2024,16.652595925912237,17.07749867392152,16.498907404404537,17.01421546936035,938600
26-12-2024,16.923810062982138,17.2944703086,16.887648970997414,17.167903900146484,805200
27-12-2024,16.95997472236647,17.231188976908054,16.797245479906252,16.84244728088379,799600
30-12-2024,16.75204455074849,16.815327765145735,16.50795067435488,16.743003845214844,1151300
31-12-2024,16.907416517204975,17.080966929310918,16.733866105099036,16.953086853027344,1255800
02-01-2025,17.080966171331237,17.327588412924282,16.93481901253108,17.126636505126953,914000
03-01-2025,17.15404089601755,17.37326164885402,17.099234401149676,17.300188064575195,940400
06-01-2025,17.27278275729915,17.309320416187152,16.697328567504883,16.697328567504883,1740800
07-01-2025,16.715598403836555,16.880014411449988,15.802177687950149,15.911788940429688,2574700
08-01-2025,15.765641550543233,15.829580721030574,15.400273617607182,15.436809539794922,2414900
10-01-2025,15.016636989420824,15.190185670265857,14.313302623222294,14.760878562927246,3433300
13-01-2025,14.770012141182152,15.29066163860339,14.623864974966072,15.244991302490234,2740600
14-01-2025,15.336333499745628,15.75650616111375,15.226722255529983,15.683432579040527,2017200
15-01-2025,16.021398608922023,16.231484934674477,15.564688296132386,15.710835456848145,2255900
16-01-2025,15.729105824778696,15.884387433191666,15.582958633591424,15.738240242004396,2029400
17-01-2025,15.98486328125,16.076205705585224,15.765642508172563,15.98486328125,1828200
21-01-2025,16.067068860813247,16.249753681875664,16.003129696104875,16.1401424407959,1291700
22-01-2025,16.057935029027494,16.085338275846066,15.838714281113832,15.92092227935791,1200500
23-01-2025,15.838713264667971,15.939190087676357,15.573820455722798,15.619492530822754,2934600
24-01-2025,15.555554174848089,15.902653252556114,15.5372853438604,15.747371673583984,1782700
27-01-2025,15.64689482807984,16.441571553050384,15.64689482807984,16.359363555908203,2362900
28-01-2025,16.213214874267578,16.478107671855135,16.076202139265355,16.213214874267578,1662600
29-01-2025,16.25888771646815,16.350230134648427,15.83871503193526,15.993996620178224,1746000
30-01-2025,16.295423030794215,16.998757284485016,16.258885371906214,16.697328567504883,1349800
31-01-2025,16.697329329426218,16.971354814744497,16.514644511072998,16.770402908325195,1230000
03-02-2025,16.304558663542245,16.651657737850822,16.222350667114394,16.487241744995117,1019300
04-02-2025,16.468974923275304,16.578584425480916,16.213216514442838,16.350229263305664,1709900
05-02-2025,15.893519321601405,16.98962482331667,15.482481065116929,16.204082489013672,4296200
06-02-2025,16.341096539934465,16.660794148528016,16.222352609880076,16.249755859375,4129600
07-02-2025,16.19494947720286,16.313695150325596,15.783911185084936,16.112741470336914,3244800
10-02-2025,16.076203064258653,16.08533747941257,15.5920895143703,15.71996784210205,1903400
11-02-2025,15.482482424418537,15.747373536225606,15.382005584313193,15.6925687789917,1359100
12-02-2025,15.272393866046574,15.564689960954082,14.934429174071536,15.482481956481934,2340900
13-02-2025,15.582955577097891,15.6925668200948,15.372869248749724,15.637762069702148,1174200
14-02-2025,15.719969858296931,15.866118777292682,15.500749093120971,15.537286758422852,1806100
18-02-2025,15.51901665640714,15.601224654400465,15.16278315991049,15.372869491577148,1296900
19-02-2025,15.135379914236196,15.308930325813334,14.99836716497493,15.126245498657228,1701300
20-02-2025,15.162782862905033,15.308930024872325,14.888755627557664,15.089709281921388,1410700
21-02-2025,15.199318925152104,15.254125418063673,14.61473027178829,14.71520709991455,1955500
24-02-2025,14.852219450922917,14.89788978491731,14.61472988128662,14.61472988128662,1448000
25-02-2025,14.70607492705541,15.080577308003388,14.70607492705541,14.934430122375488,2072100
26-02-2025,15.03490441130407,15.345467599537171,14.934429315495798,15.226723670959473,1477600
27-02-2025,15.299795786843598,15.701701358018742,15.23585662051811,15.382003784179688,1396500
28-02-2025,15.473345293910215,15.820444351794915,15.409406131316574,15.802175521850586,2321400
03-03-2025,15.756508444471477,15.957460388740923,15.226724462113951,15.354602813720703,2033600
04-03-2025,15.19018600542062,15.436810021172514,14.980099655207578,15.226723670959473,1546500
05-03-2025,15.25412636969717,15.51901746644861,15.117111871082171,15.50074863433838,1296200
06-03-2025,15.32719987322981,15.391139043058914,15.007502281872585,15.14451503753662,1975700
07-03-2025,15.171920943806322,15.911791347793203,15.089712927562,15.875253677368164,2081000
10-03-2025,15.729101411191994,15.856981474256663,15.107976894039632,15.345464706420898,3445600
11-03-2025,15.418540604430492,15.418540604430492,14.495986362163263,14.532523155212402,2794800
12-03-2025,14.596462052170793,14.797415716839984,14.44118133794666,14.669535636901855,2106000
13-03-2025,14.678670184019833,14.797415849151887,14.030141460403394,14.057544708251951,2071800
14-03-2025,14.30416774749756,14.432046956636048,14.03927578443671,14.30416774749756,2914400
17-03-2025,14.176288402978798,14.833950620440532,14.176288402978798,14.61472988128662,3319000
18-03-2025,14.514253996708575,14.623864366812336,14.358972421285136,14.550790786743164,1864000
19-03-2025,14.459450116583652,14.907026066158371,14.459450116583652,14.678670883178713,2246400
20-03-2025,14.578193460903996,15.080574987526964,14.541656670119004,14.833950996398926,2450300
21-03-2025,14.715206954000864,14.833950869708588,14.53252213053034,14.596461296081545,3242700
24-03-2025,14.788281691350598,15.235857627419865,14.614731269703585,15.190185546875,1388900
25-03-2025,15.226722009181406,15.263257928521105,14.970963604957158,15.208453178405762,2833900
26-03-2025,15.14451615118574,15.235858575749182,14.81568411964208,15.016637802124023,3620700
27-03-2025,15.07143934421651,15.20845208072164,14.861353032094549,14.970962524414062,2879100
28-03-2025,14.943562385278408,15.03490305647103,14.5325223960651,14.706072807312012,4363000
31-03-2025,14.6413693407942,15.038831034233908,14.595152721311422,14.789261817932127,2306100
01-04-2025,14.789263014332985,15.029588749878,14.54893727878797,14.99261474609375,3630500
02-04-2025,14.780019894631188,15.085048381649184,14.76153377377099,15.05731964111328,1020800
03-04-2025,14.46574721235682,14.659856320373828,13.467472051557577,13.48595905303955,2057800
04-04-2025,13.2641203458135,13.532175697175512,12.506170032489836,13.190174102783203,3533300
07-04-2025,12.709522930117087,13.504445501493985,12.201141836610653,12.801956176757812,3401100
08-04-2025,12.996065669019297,13.217904409624843,11.93308682764398,12.09946632385254,2767300
09-04-2025,11.98854612958588,13.402769105633752,11.452435435881227,13.10698413848877,3579100
10-04-2025,12.552386198608351,12.746495299886162,11.794436794337251,12.275087356567385,2118500
11-04-2025,12.07173583078074,12.450710539019274,11.840653605610049,12.376764297485352,1646600
14-04-2025,12.580115647523588,12.903631105762878,12.478439788809752,12.78346824645996,1698600
15-04-2025,12.68179309148145,12.95909194514455,12.68179309148145,12.857415199279783,1655500
16-04-2025,12.875902200146378,13.051524307934503,12.617089466604524,12.71876621246338,1693900
17-04-2025,12.81119833472442,13.22714704811542,12.774225213701746,12.931361198425291,2888700
21-04-2025,12.663304899023014,12.792711253632229,12.367519953069008,12.496926307678224,1681500
22-04-2025,12.746496105221045,12.87590247475183,12.543143490675172,12.626333236694336,1992300
23-04-2025,13.171686295947584,13.4582286313022,12.811197722083785,12.83892822265625,1145100
24-04-2025,12.91287515328447,13.143957381388656,12.764982668339186,13.070011138916016,1292100
25-04-2025,12.95909144022188,13.208659781738657,12.949847939774552,13.162443161010742,1616400
28-04-2025,13.106983553856807,13.310335268944192,12.912874457448892,13.134713172912598,1596600
29-04-2025,13.051523584440712,13.116226323485089,12.663305387157044,12.78346824645996,1322600
30-04-2025,12.635575767782129,12.82044136612942,12.29357419046246,12.78346824645996,2200200
01-05-2025,12.820441218584664,13.291849150076564,12.691034860476488,13.134713172912598,1208400
02-05-2025,13.291849360652972,13.522931579965768,13.254876240823274,13.375039100646973,1025900
05-05-2025,13.227147124547564,13.356552608120312,13.06076763822975,13.070011138916016,1358800
06-05-2025,13.005307881913255,13.116227248746242,12.74649602596962,12.959092140197754,2390600
07-05-2025,13.55066157213125,13.559905072720069,12.86665839571601,13.402769088745115,2358000
08-05-2025,13.4674713627244,13.58763422168492,13.199416025507462,13.393525123596191,1420400
09-05-2025,13.393525099716284,13.532174958966,13.338065861223358,13.412012100219728,2100100
12-05-2025,14.114501637171257,14.253150608870806,13.809472312716649,13.892662048339844,2391000
13-05-2025,14.022069105205915,14.049798724635323,13.606121287729914,13.689311027526855,2546100
14-05-2025,13.596878193566605,13.60612169415542,13.291849726205516,13.402769088745115,2044100
15-05-2025,13.338065485883993,13.855689144292404,13.338065485883993,13.837203025817873,2734300
16-05-2025,13.846447677320096,13.89266430255525,13.578392308766771,13.80023193359375,2081200
19-05-2025,13.51368865278443,13.90190686821604,13.448985910715413,13.781744003295898,2268000
20-05-2025,13.680068162800206,13.837204149382035,13.550661796936124,13.624608039855955,2249000
21-05-2025,13.448985851965483,13.522932094438126,13.014551016307164,13.070011138916016,2392200
22-05-2025,12.996064458287853,13.125469937497764,12.82044147720481,13.042280197143556,1624700
23-05-2025,12.866658457012798,12.996064821346527,12.81119833472442,12.931361198425291,1277800
27-05-2025,13.16244432450298,13.485959816686751,13.005308329043295,13.384283065795898,1599400
28-05-2025,13.356552360857515,13.412012482439664,13.116226636516084,13.143957138061523,1455300
29-05-2025,13.236390423987087,13.49520316745132,13.153200676552784,13.439743041992188,1936500
30-05-2025,13.347309258602431,13.430499002703526,13.023794664497768,13.153200149536133,2006900
02-06-2025,13.014550314992585,13.162442791968388,12.829684718772826,13.134713172912598,1356300
03-06-2025,13.134713404645872,13.421255744973427,13.005307044254602,13.356552124023438,1043200
04-06-2025,13.356552341494488,13.375039342497978,13.153199737999714,13.301093101501465,1229000
05-06-2025,13.301093005089914,13.393525364911206,13.190173644399133,13.319579124450684,973700
06-06-2025,13.430499052291792,13.726284908133202,13.310336186091964,13.587635040283203,972100
09-06-2025,13.661580566867888,13.707797187058976,13.319578987867782,13.51368808746338,1944000
10-06-2025,13.63385077359366,13.93887922885506,13.467471295629734,13.88341999053955,2141200
11-06-2025,14.031313581498228,14.243908814425769,13.81871746706192,13.827960968017578,3086800
12-06-2025,13.763257259452333,14.08677183664101,13.726284139730518,13.985095977783203,2102500
13-06-2025,13.763258809707388,13.975854051676764,13.615365432653135,13.80023193359375,1796900
16-06-2025,13.948123220429668,14.049799081928985,13.800230737700216,13.87417697906494,1316000
17-06-2025,13.800230879885158,13.92039374371807,13.587634772639626,13.680068016052246,1329200
18-06-2025,13.698554135829529,13.855690120725738,13.596878273282636,13.680068016052246,1230500
20-06-2025,13.77249917969235,13.87417591490169,13.615363208467611,13.754013061523438,1915100
23-06-2025,13.717041601075978,13.88342109224276,13.402769620653729,13.827960968017578,1372100
24-06-2025,13.892661658494228,14.031311507811754,13.661579457806992,13.726283073425291,1104200
25-06-2025,13.63385104456729,13.80947314473517,13.2641198434198,13.49520206451416,1888800
26-06-2025,13.64309451750081,13.975852597863494,13.587634396686004,13.94812297821045,2029900
27-06-2025,14.068285500800854,14.188448358422711,13.846445904378898,14.040555000305176,2725400
30-06-2025,14.10607806921538,14.115438653964803,13.80654649862976,14.077997207641602,1594500
01-07-2025,14.031195744677632,14.770665009007104,14.021835159549209,14.43369197845459,2245000
02-07-2025,14.424330703111766,14.648979379397176,14.358808395697142,14.61153793334961,1595600
03-07-2025,14.555376774442662,14.695781979391256,14.4898535718154,14.686421394348145,956900
07-07-2025,14.527296022209544,14.686421505777158,14.255844409946862,14.340087890625,1780700
08-07-2025,14.30264498522547,14.77066348114086,14.237122681453137,14.639618873596191,2013000
09-07-2025,14.742583660729055,14.901710031973106,14.51793498109316,14.66770076751709,1647400
10-07-2025,14.705141525113532,15.210601476948218,14.648978911498808,15.032753944396973,2030500
11-07-2025,14.882988978245276,15.163801168988932,14.808106084450104,15.070197105407717,1117300
14-07-2025,14.92979036184087,15.163800510634085,14.92979036184087,15.15443992614746,1354000
15-07-2025,15.15444065210487,15.219962961301066,14.798746458644294,14.817466735839844,1283300
16-07-2025,15.042115442271236,15.210602400672997,14.817466759518563,14.911070823669434,1336000
17-07-2025,14.845547769382962,14.985953867006078,14.555376774442662,14.686421394348145,1303900
18-07-2025,14.742583253145474,14.789385283277657,14.396249658446486,14.461771965026855,1142100
21-07-2025,14.602178276170914,14.658339999038972,14.452411598948949,14.517934799194336,1143200
22-07-2025,14.564735721986915,14.957870430178136,14.546014554005492,14.836186408996582,1258800
23-07-2025,14.920430025422023,15.10763725489464,14.77066424184393,14.86426830291748,891300
24-07-2025,14.686421135085766,14.7332231668006,14.508574485778809,14.508574485778809,973400
25-07-2025,14.611536817627789,14.667699428747866,14.377527574530566,14.555375099182127,705900
28-07-2025,14.5647364496279,14.60217789478686,14.330727194215768,14.405610084533691,1516400
29-07-2025,14.592818221940588,14.695781979391256,14.49921415685851,14.686421394348145,1835300
30-07-2025,14.686420476888676,14.789385120581674,14.246483719439484,14.405610084533691,2541200
31-07-2025,14.21840278461947,14.36816946655187,14.115439027673304,14.190321922302246,1290300
01-08-2025,14.124799133097245,14.180960855824852,13.825267564751345,13.95631217956543,1841400
04-08-2025,13.97503304906686,14.049915939546596,13.750383484953176,13.872068405151367,1942300
05-08-2025,13.862708737029733,14.180960575775076,13.703582371319827,14.15287971496582,2631500
06-08-2025,13.965672692438345,14.10607789120995,13.422771281265565,13.741024017333984,3051900
07-08-2025,13.825267305563012,13.928231057082987,13.516374265654148,13.59125804901123,2078400
08-08-2025,13.581897163620864,13.59125774791744,13.347887912253205,13.507014274597168,1624500
11-08-2025,13.478933581586688,13.544456784140497,13.16068172454834,13.16068172454834,1718100
12-08-2025,13.263646078365774,13.675502018902923,13.17004200917914,13.638060569763184,1393400
13-08-2025,13.731663314527998,14.021834294205298,13.638059254369496,13.99375343322754,1105400
14-08-2025,13.825268257739015,13.843988535361742,13.581898399921885,13.77846622467041,1140600
15-08-2025,13.81590767259039,13.843988535361742,13.581898399921885,13.77846622467041,1835000
18-08-2025,13.712942843569834,13.881429803363233,13.619339671320352,13.628700256347656,1125200
19-08-2025,13.722302355690974,14.11543796935445,13.703582079774568,14.068635940551758,806000
20-08-2025,14.134159717776674,14.209042609863149,13.825267564751345,13.95631217956543,1248400
21-08-2025,13.834626880479943,13.98439266057954,13.70358226923003,13.843987464904783,979200
22-08-2025,13.900150826369076,14.65834035206949,13.881429656512516,14.53665542602539,1689900
25-08-2025,14.43369159210488,14.517935070656677,14.265204635001282,14.508574485778809,1083400
26-08-2025,14.4804932133354,14.648979272988347,14.45241145949784,14.489852905273438,2181000
27-08-2025,14.620898187692806,15.060835838317873,14.592817326960196,15.060835838317873,1331900
28-08-2025,15.079557119910834,15.079557119910834,14.73322263336526,14.99531364440918,1057000
29-08-2025,15.023392871097178,15.20124039786059,15.023392871097178,15.173158645629885,1130400
02-09-2025,14.892348916568851,15.18251989425839,14.892348916568851,15.15443992614746,1460700
03-09-2025,15.070196581322502,15.257402916625583,14.90170962980546,15.116997718811035,1300600
04-09-2025,15.313564935178023,15.57565413619066,15.070195116131448,15.5101318359375,1559600
05-09-2025,15.585017399545276,15.856469016237664,15.528855673293055,15.828387260437012,1603100
08-09-2025,15.538215085582038,15.56629505391385,15.060835985102738,15.491412162780762,1494800
09-09-2025,15.285485201900206,15.482053913955667,15.060836520514693,15.070197105407717,1211000
10-09-2025,15.13572003799526,15.41653045496103,15.079558311671926,15.360368728637695,1896000
11-09-2025,15.416530415344532,15.903270136493552,15.416530415344532,15.734783172607422,1498000
12-09-2025,15.706702338202742,15.790945815511767,15.575655937194824,15.575655937194824,895400
15-09-2025,15.585016909273357,15.669260388676106,15.388449980899626,15.500773429870604,2427300
16-09-2025,15.48205315702466,15.53821487828799,15.191880395574778,15.313566207885742,1756600
17-09-2025,15.29484578679323,15.55693680775084,15.03275476583562,15.070197105407717,1595500
18-09-2025,15.182518885778755,15.444609877948302,15.145078335668146,15.341645240783691,1431000
19-09-2025,15.369728839590133,15.369728839590133,15.088918431290477,15.12635898590088,2945600
22-09-2025,15.079558006739344,15.294846107749573,14.967232771014976,15.248044967651367,1377700
23-09-2025,15.276123925058656,15.416529121396172,15.051475253848844,15.060835838317873,1762800
24-09-2025,15.023393556291117,15.08891764781788,14.80810546875,14.80810546875,1174400
25-09-2025,14.705141807574623,14.780024698716325,14.293285906295266,14.461771965026855,2673300
26-09-2025,14.45241208508292,14.667701077117435,14.433691807722038,14.564737319946287,1574000
29-09-2025,14.602178767342572,14.798746589341686,14.499214117496903,14.564737319946287,1660400
30-09-2025,14.55526041425035,14.782687050125618,14.536308721757967,14.754258155822754,1861300
01-10-2025,14.621592782157537,14.99115935039776,14.621592782157537,14.96273136138916,1084500
02-10-2025,14.849019554160568,14.99116041298815,14.668973502355458,14.811115264892578,1028600
03-10-2025,14.849019014314592,15.000636165874411,14.621593286974862,14.668972969055176,1285700
06-10-2025,14.697401787515613,14.706878085366968,14.422595475792855,14.46049976348877,1751200
07-10-2025,14.441547181105692,14.51735575656744,14.204645156860352,14.204645156860352,1434600
08-10-2025,14.17621685228163,14.308882308249308,14.034076002373714,14.119359970092772,1829400
09-10-2025,14.081455700271666,14.157264274142374,13.636080554708624,13.683460235595703,1773600
10-10-2025,13.692935849252658,13.692935849252658,13.02961040916436,13.04856300354004,2756100
13-10-2025,13.133848015157264,13.266513475245135,13.039087746845505,13.07699203491211,1743900
14-10-2025,12.906422562384556,13.124372901204174,12.906422562384556,12.98223114013672,2305000
15-10-2025,13.039087344239258,13.247560470313834,12.953802472795347,12.963278770446776,1835000
16-10-2025,12.944326273566698,13.143324007212415,12.754804837644464,12.81166172027588,3106200
17-10-2025,12.754805025424709,12.82113730304668,12.593711576591769,12.688472747802734,2607400
20-10-2025,12.821137265138049,12.85904155276846,12.43261809099894,12.508426666259766,2188100
21-10-2025,12.54632977245124,12.76428008358471,12.489473798214275,12.52737808227539,2059600
22-10-2025,12.622138888041032,12.887469791686604,12.546330316630714,12.849565505981444,1894100
23-10-2025,12.849565827922106,12.925374401231778,12.669519788529524,12.678996086120604,1482400
24-10-2025,12.783232558930546,12.95380229953698,12.622139115848798,12.650568008422852,908100
27-10-2025,12.641092526998031,12.707424806534243,12.498950766079613,12.622139930725098,1289600
28-10-2025,12.60318665039762,12.622138340573468,12.423140623325263,12.52737808227539,2529500
29-10-2025,12.461045261650725,12.527378438425572,11.930385269708596,12.025145530700684,3176800
30-10-2025,11.95881370795135,12.129383449353227,11.939862016523072,12.063050270080566,2246300
31-10-2025,11.996717766715214,12.299952053485438,11.911432897633723,12.26204776763916,1963700
03-11-2025,12.14833468744391,12.309428125265413,11.930385273749785,12.281000137329102,2374000
04-11-2025,12.167287826538086,12.309428676291963,12.072526657562513,12.167287826538086,2879600
05-11-2025,11.901957278139175,12.110430394483627,11.418676964986282,11.589245796203612,3427800
06-11-2025,11.42815367547924,11.6081988104168,11.238631339280364,11.34286880493164,4667000
07-11-2025,11.43762834926114,11.788243203220798,11.43762834926114,11.759815216064451,2228600
10-11-2025,11.797719724637986,11.845100306606298,11.503961743111432,11.56081771850586,1796400
11-11-2025,11.541866994265373,11.589246676491024,11.323916660447429,11.380773544311523,2438300
12-11-2025,11.333392732982173,11.560818456496587,11.3239164352417,11.3239164352417,2607400
13-11-2025,11.314440148317164,11.39024962660393,11.096490722334876,11.143871307373049,1734600
14-11-2025,11.162823037536269,11.314440187212016,11.087014462698392,11.24810791015625,2011600
17-11-2025,11.172299680635223,11.25758455589122,10.859589073836265,10.897493362426758,2392200
18-11-2025,10.90696924695484,11.0017295129834,10.831160672648195,10.963825225830078,1833600
19-11-2025,11.200727565529911,11.295488737967332,10.982778134117174,11.049110412597656,2264800
20-11-2025,11.12491872245122,11.257584179942327,10.878540402986086,10.888016700744627,1796300
21-11-2025,10.935397361720096,11.257584258070574,10.91644566978098,11.1722993850708,1796900
24-11-2025,11.229155581406877,11.286011557455778,11.077537536621094,11.077537536621094,2247400
25-11-2025,11.17229883879783,11.674530850705874,11.17229883879783,11.541866302490234,1742500
26-11-2025,11.513437364440184,11.750339375261664,11.485009376180251,11.617674827575684,1891500
28-11-2025,11.570295560974778,11.646104140765328,11.503963279585436,11.551342964172363,677500
01-12-2025,11.371297642537554,11.627152273275229,11.352345046019412,11.494486808776855,1312500
02-12-2025,11.61767455155059,11.61767455155059,11.447104818624677,11.456581115722656,1284000
03-12-2025,11.466058229402735,11.655579666312391,11.428153942020806,11.503962516784668,1386400
04-12-2025,11.43762989315245,11.541867366311752,11.286012736240233,11.314440727233888,1254100
05-12-2025,11.295488406701365,11.485009842308536,11.115442365092434,11.219679832458496,2934500
08-12-2025,11.229155902287166,11.238631296093118,11.0775378531688,11.162822723388672,1216700
09-12-2025,11.16282277133327,11.361820501464509,11.068062506900448,11.087014198303224,1667000
10-12-2025,11.096489908687795,11.437628469271631,11.096489908687795,11.276535034179688,1647100
11-12-2025,11.361820733355334,11.522914180259413,11.10596702008441,11.143871307373049,1610600
12-12-2025,11.181776153311482,11.238632135230258,10.973302110953718,11.030158996582031,2250900
15-12-2025,11.15334728798736,11.229155860409085,11.030158131874687,11.058586120605469,1759000
16-12-2025,11.020682297650806,11.124918863184911,10.831160858629929,10.9164457321167,1984100
17-12-2025,10.916444725143265,11.068061862374238,10.69849441259167,10.736398696899414,1799300
18-12-2025,10.850112706199749,10.888016994547234,10.594258985781602,10.613210678100586,2225400
19-12-2025,10.53740170054078,10.63216286965934,10.47106942438348,10.499497413635254,5704800
22-12-2025,10.527925994663574,10.632163467295094,10.471070012964145,10.49002170562744,1966500
23-12-2025,10.471069926037435,10.56583019598634,10.347880761765287,10.461593627929688,1561500
24-12-2025,10.49002115527592,10.613210314107707,10.442641474248648,10.603734016418455,828100
26-12-2025,10.613210678100586,10.632163274129088,10.527925803391364,10.613210678100586,855800
29-12-2025,10.594258355510178,10.660590630244672,10.480545497232704,10.518449783325195,1558100
30-12-2025,10.490021291731246,10.670067335331105,10.490021291731246,10.632163047790527,1182200
31-12-2025,10.66108085936438,10.67071947396455,10.555047825273585,10.593605041503906,1810000
02-01-2026,10.57432656874703,10.80566985903442,10.400818641393226,10.670719146728516,1745800
05-01-2026,10.603244701264954,10.853867069375772,10.603244701264954,10.738195419311523,2638200
06-01-2026,10.689998008341483,11.13340643250464,10.689998008341483,11.123766899108888,2979300
07-01-2026,11.191242146019484,11.258717962633735,10.77675230901793,10.815309524536133,1765200
08-01-2026,10.72855605661388,10.892424459973718,10.718916522468817,10.74783420562744,2486100
09-01-2026,10.80567048439828,10.873145384817992,10.641802081141911,10.69963836669922,2437400
12-01-2026,10.68035929842126,10.873145384817992,10.5743271807222,10.69963836669922,3386600
13-01-2026,10.74783374102711,10.824948172301042,10.593604878479244,10.632162094116213,2831700
14-01-2026,10.458654923603332,10.796030325453316,10.41045817497433,10.670719146728516,3344400
15-01-2026,10.670720055058844,10.767113560522214,10.555048400068758,10.57432746887207,4816300
16-01-2026,10.555048483980856,10.776753180598508,10.526130799822589,10.718916893005373,3616000
20-01-2026,10.564687430724469,10.593605113273984,10.323704597833194,10.4104585647583,3504400
21-01-2026,10.506851567375287,10.641802290141651,10.410458981922105,10.477933883666992,2969000
22-01-2026,10.55504768767884,10.67071933486192,10.400818824768066,10.400818824768066,2574400
23-01-2026,10.362261814324736,10.429736713365797,10.304425529949146,10.4104585647583,2402100
26-01-2026,10.410458384129983,10.43937606617776,10.140557873372146,10.169475555419922,2269100
27-01-2026,10.15019590306644,10.227310330268589,10.082721009083684,10.140557289123535,1932300
28-01-2026,10.179115921803476,10.25623035975621,9.947771688668665,9.976690292358398,2864700
29-01-2026,10.073082267808635,10.256229736270123,9.995967834543762,10.22731113433838,2312200
30-01-2026,10.159836227470043,10.217672512013822,10.034525043688989,10.179115295410156,2505900
02-02-2026,10.217672930187373,10.246590614004482,9.928493334186486,9.967050552368164,2127000
03-02-2026,9.957410617911329,10.29478695290256,9.889935718623702,10.22731113433838,2875900
04-02-2026,10.400819363331363,10.449016115305785,10.092361621537613,10.10200023651123,4254200
05-02-2026,10.063442642425692,10.159836142769525,9.841738878622047,10.082721710205078,2533800
06-02-2026,10.082721428793336,10.246589823238306,10.034524679966609,10.208032608032228,1695800
09-02-2026,10.236950453290248,10.236950453290248,10.073082056225283,10.169475555419922,1659500
10-02-2026,10.236950668315629,10.323704635557748,10.150196701073508,10.22731113433838,2229900
11-02-2026,10.506851164426994,10.815309816166614,9.899575233459473,9.899575233459473,6414000
12-02-2026,10.063443620386783,10.063443620386783,9.186266175265075,9.523642539978027,6191100
13-02-2026,9.581477658697189,9.889936330104806,9.533281824384176,9.745346069335938,2319700
17-02-2026,9.774263827989524,9.812821043672308,9.350133536202357,9.610395431518556,3149100
18-02-2026,9.523641543513971,9.716427623488642,9.475444793701172,9.475444793701172,1961000
19-02-2026,9.899575148459729,9.909213763059022,9.456166702212986,9.803181648254396,4651800
20-02-2026,9.542919762977409,10.1212789264873,9.542919762977409,10.082721710205078,3361600
23-02-2026,10.034525113752265,10.150196764370907,9.716427844731848,9.76462459564209,3972700
24-02-2026,9.783902702458423,9.93813248856473,9.677870586332114,9.71642780303955,2284700
25-02-2026,9.774264259616176,9.976689880708944,9.745345657119657,9.95741081237793,2248700
26-02-2026,10.034525743266084,10.265869059016648,10.005608058616415,10.1212797164917,2426600
27-02-2026,9.97668878342232,10.015245996567057,9.494723159474894,9.533280372619627,2917300
02-03-2026,9.398331060180674,9.456167348109648,9.263380334530808,9.369413375854492,2352900
03-03-2026,9.176626566293333,9.706788054482638,8.95492188566876,9.658592224121094,3076800
04-03-2026,9.648953471420976,10.082722414724254,9.54292042977851,9.976690292358398,3796600
05-03-2026,9.82246062360892,9.947771816714242,9.648953595620233,9.889936447143556,2465800
06-03-2026,9.793542443877753,9.793542443877753,9.552559604533212,9.726067543029783,1873500
09-03-2026,9.571838672933534,9.793542443877753,9.282659081864772,9.726067543029783,3326300
10-03-2026,9.687509914742993,9.803181562410556,9.53328105118624,9.706788063049316,2630900
11-03-2026,9.79354214304018,9.79354214304018,9.49472394622692,9.57183837890625,1898500
12-03-2026,9.446527365253482,9.706788350390635,9.398330614146138,9.581477165222168,2782700
13-03-2026,9.70678821434946,9.812821249154872,9.340494198054463,9.388690948486328,2073100
16-03-2026,9.436887989852428,9.62003454400796,9.253741435696895,9.26338005065918,2494400
17-03-2026,9.379051251504592,9.523641500286711,9.369412637007017,9.427248001098633,2434600
18-03-2026,9.30193677720986,9.591116354171502,9.28265862902657,9.379051208496094,3032000
19-03-2026,9.282658414824247,9.4368872738378,9.138068170041658,9.321215629577637,2217000
20-03-2026,9.340494088972168,9.340494088972168,8.91636471253334,8.964561462402344,5057400
23-03-2026,9.166986789898916,9.301936582182154,9.041675611866973,9.089872360229492,3241300
24-03-2026,8.98383965338044,9.166987119895724,8.926004288684648,9.012758255004885,1919500
25-03-2026,9.1380691084452,9.253741683860486,8.92600486516259,9.04167652130127,2121500
26-03-2026,9.003118771153192,9.263379752283411,8.993479237224818,9.109150886535645,1759500
27-03-2026,9.06095454489623,9.09951176307243,8.791054017662834,8.84889030456543,1962300
30-03-2026,8.954921971032544,9.128429903673014,8.877807538587124,9.012758255004885,2003000
31-03-2026,9.278418009819925,9.435845943834108,9.081632153957688,9.26857852935791,2120900
01-04-2026,9.25873854577564,9.35713146836008,9.052114159023876,9.081631660461426,1944900
02-04-2026,8.943883521100995,9.239061377778675,8.894687055263958,9.150507926940918,1958800
06-04-2026,9.07179361184018,9.278418009819925,9.042275170454142,9.26857852935791,1429200
07-04-2026,9.29809559428591,9.465363000880696,9.189864129337002,9.366971015930176,1768600
08-04-2026,9.642470303391312,9.760541253431471,9.4161669453893,9.445685386657717,1835200
09-04-2026,9.357131565758332,9.40632802756264,9.150507176855818,9.189864158630373,1983300
10-04-2026,9.22922190059088,9.544077780721125,9.22922190059088,9.524399757385254,1559700
13-04-2026,9.524399226079897,9.662148196780477,9.386649317034834,9.514559745788574,1588000
14-04-2026,9.47520323314762,9.740862645784526,9.445685729153414,9.701505661010742,1915900
15-04-2026,9.66214870293804,10.065558032570268,9.61295317559326,9.986844062805176,2701600
16-04-2026,10.026200825502585,10.232825226143191,9.917969354060176,10.036040306091309,4733300
17-04-2026,10.11475410862834,10.331217986316188,10.11475410862834,10.282021522521973,2308400
20-04-2026,10.22298653515138,10.69527033640403,10.22298653515138,10.655913352966309,2339500
21-04-2026,10.66575307603748,10.84285997470832,10.50832513870541,10.518163681030272,2187800
22-04-2026,10.577199663227022,10.675592593571595,10.301700771944551,10.429611206054688,2375200
23-04-2026,10.400092878150623,10.518163832853965,10.213147434456472,10.360735893249512,2053300
24-04-2026,10.360735327667726,10.567359721705293,10.311538864640784,10.528002738952637,1997500
27-04-2026,10.468967791960717,10.783823655725266,10.429610808990146,10.724787712097168,2074300
28-04-2026,10.783823820473389,10.98060873833258,10.695270372850622,10.941251754760742,1953500
29-04-2026,10.872377361775971,10.98060883294496,10.5476820099245,10.58703899383545,2173100
30-04-2026,10.537842310218103,10.75430618639906,10.537842310218103,10.636235237121582,1860800
01-05-2026,10.675592387870514,10.793663339002254,10.56735997890804,10.764144897460938,1794500
04-05-2026,10.714949657195318,10.94125208497727,10.587039222140268,10.911734580993652,2229300
05-05-2026,11.00028733688173,11.167554746137478,10.87237690990119,11.147875785827637,2871600
06-05-2026,11.580803979392128,12.328586671690395,11.472571570169524,11.974373817443848,5089400
07-05-2026,12.03340906853291,12.092445014612704,11.836624145507812,11.836624145507812,3587100
08-05-2026,11.856302918747003,12.269551719711066,11.777588950786663,12.17115879058838,3139800
11-05-2026,12.180998011294395,12.249872497204167,11.925177151708828,11.935016632080078,3157500
12-05-2026,11.925176760094864,11.974373221991051,11.70871289075832,11.767748832702637,4654500
13-05-2026,11.698875139372344,11.738232123879165,11.502089278493724,11.55128574371338,2386800
14-05-2026,11.659517444545438,11.866141835204417,11.384017631437152,11.413536071777344,4294100
15-05-2026,11.226590100112931,11.541445968123092,11.039644663068026,11.492250442504885,2456400
18-05-2026,11.48241075966068,11.689035153986625,11.364339811237926,11.452893257141112,1642400
19-05-2026,11.384017886139794,11.482410812786236,11.118358485545594,11.187232971191406,1667000
20-05-2026,11.157715848911884,11.39385775490024,10.990448430917334,11.354500770568848,1685500
21-05-2026,11.256107439205053,11.413536309261648,11.206911914303385,11.275786399841309,1858100
22-05-2026,11.26594691952318,11.423374851235288,11.206911914303385,11.275786399841309,1582000
26-05-2026,11.354500020526704,11.54144544916567,11.324982518814124,11.3938570022583,3269600
27-05-2026,11.41353608758169,11.551285055982104,11.31514316300042,11.32498264312744,3878800
28-05-2026,11.265946902150626,11.620160686301144,11.226589919283288,11.364339828491213,3858200
29-05-2026,11.344660850661889,11.59064222779542,11.147875936623963,11.452893257141112,3538100
01-06-2026,11.285625537082527,11.649677852685905,11.2659465770445,11.3938570022583,3959100
02-06-2026,11.364339548861354,11.70871290589081,11.354500068800506,11.679195404052734,2703300
03-06-2026,11.570964299979906,11.679195768997785,11.275786457342202,11.47257137298584,2618500
04-06-2026,11.561124610622146,12.003890897402613,11.561124610622146,11.984212875366213,2550800
05-06-2026,11.856302540578897,12.092444436927956,11.856302540578897,12.003890991210938,2077500
08-06-2026,12.13180173305535,12.308908629064613,12.043248285050716,12.06292724609375,2097500
09-06-2026,12.240032696163308,12.535210531156194,12.161318731944467,12.426979064941406,4224500
10-06-2026,12.426979430615171,12.61392486654982,12.200676073068498,12.220355033874512,2583900
11-06-2026,12.36794393625461,12.466336867173368,12.02357055472802,12.121962547302246,1830000
12-06-2026,12.12196234598344,12.259712259313076,11.95469492920621,12.082605361938477,1491100
15-06-2026,12.062927043811564,12.259711959219484,11.90549911148523,12.02357006072998,1534000
16-06-2026,12.112123620061924,12.24003311251005,11.905499222372988,11.954694747924805,1773900
17-06-2026,11.925177512546306,12.092444930540855,11.334822747575414,11.354500770568848,1962900
18-06-2026,11.462731673534964,11.679195545778027,11.443053651518944,11.521767616271973,3109700
22-06-2026,11.482411163044748,11.679196083995846,11.482411163044748,11.531607627868652,1471700
23-06-2026,11.570963969016535,11.689034915025545,11.44305354292066,11.50208854675293,1338900
24-06-2026,11.492249940837096,11.669355889689404,11.187232628258704,11.305303573608398,2684700
25-06-2026,11.413536695609686,11.590642655608596,11.06916237957402,11.44305419921875,2254100
26-06-2026,11.531607263872871,11.76774916156036,11.462731839955651,11.738231658935549,3996600
29-06-2026,11.70871312604447,11.70871312604447,11.54144571524288,11.629999160766602,2261500
30-06-2026,11.510000228881836,12.020000457763672,11.3100004196167,11.800000190734863,2308400
01-07-2026,11.84000015258789,12.270000457763672,11.81999969482422,12.149999618530272,1839100
02-07-2026,12.279999732971191,12.550000190734863,12.270000457763672,12.510000228881836,2176000
06-07-2026,12.489999771118164,12.710000038146973,12.460000038146973,12.56999969482422,2157300
07-07-2026,12.739999771118164,12.789999961853027,12.1899995803833,12.1899995803833,1926200
08-07-2026,12.039999961853027,12.130000114440918,11.630000114440918,11.68000030517578,2186800
09-07-2026,11.699999809265137,11.90999984741211,11.670000076293944,11.880000114440918,1743500
10-07-2026,11.989999771118164,12.100000381469728,11.829999923706056,12.010000228881836,2543900
13-07-2026,12.109999656677246,12.369999885559082,12.0600004196167,12.18000030517578,2780000
14-07-2026,12.220000267028809,12.510000228881836,12.0600004196167,12.470000267028809,2666600
15-07-2026,12.449999809265137,12.970000267028809,12.449999809265137,12.479999542236328,3387400
16-07-2026,12.460000038146973,12.850000381469728,12.460000038146973,12.75,2095400
17-07-2026,12.699999809265137,12.880000114440918,12.34000015258789,12.510000228881836,1582400
20-07-2026,12.460000038146973,12.5,12.119999885559082,12.130000114440918,1425500
21-07-2026,12.399999618530272,12.5600004196167,12.149999618530272,12.279999732971191,1495400
22-07-2026,12.329999923706056,12.329999923706056,11.989999771118164,12.050000190734863,1580600
23-07-2026,11.90999984741211,12.34000015258789,11.90999984741211,12.130000114440918,2279700
24-07-2026,12.220000267028809,12.479999542236328,12.18000030517578,12.279999732971191,1788300
27-07-2026,12.43000030517578,12.43000030517578,12.09000015258789,12.119999885559082,1180400
28-07-2026,12.15999984741211,12.210000038146973,11.84000015258789,12.010000228881836,1757600
29-07-2026,12.079999923706056,12.56999969482422,12.079999923706056,12.260000228881836,2170700
30-07-2026,12.329999923706056,12.359999656677246,11.859999656677246,12.039999961853027,1520800
31-07-2026,12.020000457763672,12.100000381469728,11.720000267028809,11.81999969482422,1676900
03-08-2026,11.81999969482422,11.979999542236328,11.770000457763672,11.899999618530272,1406800
04-08-2026,11.8100004196167,12.079999923706056,11.6899995803833,11.960000038146973,1977000
05-08-2026,11.5,11.90999984741211,11.119999885559082,11.800000190734863,3780600
06-08-2026,11.979999542236328,11.979999542236328,11.390000343322754,11.5,2565100
07-08-2026,11.56999969482422,11.850000381469728,11.4399995803833,11.6899995803833,1662000
10-08-2026,11.529999732971191,11.649999618530272,11.31999969482422,11.539999961853027,2592900
11-08-2026,11.470000267028809,11.65999984741211,11.40999984741211,11.489999771118164,1615300
12-08-2026,11.579999923706056,11.68000030517578,11.449999809265137,11.65999984741211,1749400
13-08-2026,11.75,11.949999809265137,11.699999809265137,11.890000343322754,1664300
14-08-2026,11.800000190734863,11.949999809265137,11.640000343322754,11.68000030517578,1496300
17-08-2026,11.630000114440918,11.630000114440918,11.489999771118164,11.600000381469728,1521700
18-08-2026,11.619999885559082,11.6899995803833,11.529999732971191,11.56999969482422,1054600
19-08-2026,11.6899995803833,12.010000228881836,11.6899995803833,11.81999969482422,801300
20-08-2026,11.800000190734863,11.949999809265137,11.710000038146973,11.859999656677246,821500
21-08-2026,11.93000030517578,11.9399995803833,11.720000267028809,11.789999961853027,596000
24-08-2026,11.81999969482422,12.079999923706056,11.8100004196167,11.949999809265137,945800
25-08-2026,11.949999809265137,12.199999809265137,11.920000076293944,12.15999984741211,1476800
26-08-2026,12.15999984741211,12.18000030517578,11.93000030517578,11.960000038146973,1223400
27-08-2026,11.949999809265137,12.0600004196167,11.850000381469728,11.880000114440918,979600
28-08-2026,11.920000076293944,11.949999809265137,11.760000228881836,11.760000228881836,1286800
31-08-2026,11.729999542236328,11.739999771118164,11.510000228881836,11.5600004196167,1515000
01-09-2026,11.5,11.56999969482422,11.289999961853027,11.40999984741211,1734500
02-09-2026,11.279999732971191,11.520000457763672,11.279999732971191,11.329999923706056,1851200
03-09-2026,11.529999732971191,11.5600004196167,11.25,11.279999732971191,1475500
04-09-2026,11.220000267028809,11.550000190734863,11.130000114440918,11.420000076293944,898600
08-09-2026,11.329999923706056,11.40999984741211,11.15999984741211,11.199999809265137,1370600
09-09-2026,11.210000038146973,11.25,10.699999809265137,10.779999732971191,2345300
10-09-2026,10.8100004196167,10.829999923706056,10.640000343322754,10.670000076293944,1748200
11-09-2026,10.760000228881836,10.869999885559082,10.609999656677246,10.729999542236328,2113200
14-09-2026,10.770000457763672,10.84000015258789,10.520000457763672,10.56999969482422,1464500
15-09-2026,10.510000228881836,10.56999969482422,10.34000015258789,10.350000381469728,1821400
16-09-2026,10.369999885559082,10.539999961853027,10.170000076293944,10.359999656677246,2503400
17-09-2026,10.42,10.51,10.27,10.29,2066700
18-09-2026,10.24,10.33,10.16,10.25,3583800
21-09-2026,10.35,10.45,10.27,10.41,1707400
22-09-2026,10.51,10.53,10.32,10.37,2088000
23-09-2026,10.32,10.44,9.87,9.89,3087300
24-09-2026,9.6845,9.7727,9.4394,9.4786,3214700
25-09-2026,9.4198,9.7531,9.4198,9.6256,2867700
28-09-2026,9.6158,9.6649,9.3708,9.4786,2914000
29-09-2026,9.4786,9.5178,9.361,9.41,2593900
30-09-2026,9.54,9.74,9.44,9.58,2734900
01-10-2026,9.54,9.76,9.39,9.71,2823400
02-10-2026,9.86,10.1,9.77,9.82,2463200
