Date,Open,High,Low,Close,Volume
30-09-2021,8.484990913631067,8.573467892016037,8.352274180373046,8.361122131347656,2056700
01-10-2021,8.484990346558325,8.768118008527383,8.369969522936648,8.73272705078125,2878000
04-10-2021,8.77696610687155,8.83005212249217,8.467294588532251,8.502685546875,1877400
05-10-2021,8.493838891648583,8.60001177232081,8.39651311819209,8.440752029418945,1537100
06-10-2021,8.281492209791184,8.325731120608177,8.06914645041406,8.23725414276123,2091500
07-10-2021,8.334578935852036,8.405360854492166,8.184167147795003,8.193015098571777,1455300
08-10-2021,8.16647228798606,8.263798071371736,8.077995300292969,8.077995300292969,1270900
11-10-2021,8.069147714101677,8.228407480469286,7.998365783224334,8.095690727233887,1681400
12-10-2021,8.069146367613417,8.148776237509486,7.92758252948131,7.998364448547363,2337200
13-10-2021,7.918734282292281,7.936430183290041,7.635606616624132,7.847952365875244,3821100
14-10-2021,7.945277482866679,8.0337553024292,7.803713646596265,8.0337553024292,2459200
15-10-2021,8.184166804311266,8.29918762822089,8.095688987830941,8.219557762145996,1967700
18-10-2021,8.272645647397628,8.467295517750513,8.19301577144095,8.45844841003418,2277600
19-10-2021,8.6354054175365,8.644253371290361,8.36112475767802,8.431906700134277,1975100
20-10-2021,8.361121216385042,8.37881711639779,8.18416643519233,8.201862335205078,1869500
21-10-2021,8.148776344236062,8.299188135168164,8.104537433293611,8.281492233276367,1615600
22-10-2021,8.237253319470693,8.396512201192532,8.184166463038775,8.246100425720215,1584800
25-10-2021,8.246102366225003,8.414210081330038,8.104538507475809,8.405362129211426,1677100
26-10-2021,8.449599764589005,8.48499072390907,8.175319197018231,8.193015098571777,1612300
27-10-2021,8.201862335205078,8.361121216385042,8.095688622702495,8.201862335205078,1073000
28-10-2021,8.193014385198703,8.263796297675789,7.971820697761073,8.201862335205078,2649700
29-10-2021,8.13992828667947,8.246101165278551,7.945277587354306,7.998364448547363,2478900
01-11-2021,7.989517208565747,8.458448518834198,7.92758323481928,8.423057556152344,2811300
02-11-2021,8.449599459082696,8.7238791729495,8.405360550585375,8.617706298828125,2812900
03-11-2021,8.661945028823832,9.113180367381064,8.635402021787224,9.042398452758787,3250000
04-11-2021,9.042398822214642,9.201657714728292,8.962768954064307,9.060093879699709,2507100
05-11-2021,9.26359321964229,9.537872959618984,9.104333471406097,9.32552719116211,1929200
08-11-2021,9.652894362422458,9.812154120017944,9.03355207946587,9.14857292175293,2932300
09-11-2021,9.077790285807506,9.245897138305988,9.033551373954095,9.15742015838623,2431400
10-11-2021,9.068942334679411,9.263593040562176,9.068942334679411,9.15742015838623,2683100
11-11-2021,9.1131808746562,9.139723883170296,8.945073185230536,9.10433292388916,2210800
12-11-2021,9.130877430793772,9.201659360971462,8.847749710083008,8.847749710083008,2744700
15-11-2021,8.83890225819612,9.03355299909669,8.803511291103945,8.989314079284668,1731100
16-11-2021,8.936225829190628,8.936225829190628,8.65309731904554,8.776966094970703,1426200
17-11-2021,8.688486921637164,8.768116776322127,8.573466114179647,8.67963981628418,1329800
18-11-2021,8.697336377349192,8.741575286924764,8.48499062393086,8.546924591064453,1138700
19-11-2021,8.369970346020398,8.476143229699593,8.175319637381671,8.449600219726562,1503900
22-11-2021,8.484991528799005,8.6000123684469,8.387665748596191,8.387665748596191,1406300
23-11-2021,8.405361544800694,8.555773345210623,8.263797695894198,8.45844841003418,2690600
24-11-2021,8.33457840229539,8.61770605873086,8.290339495030604,8.608858108520508,1123400
26-11-2021,7.989517103579101,8.042603968797845,7.609064470695303,8.024908065795898,1810100
29-11-2021,8.086843142605304,8.184168080884893,7.786019532193865,8.113386154174805,2259400
30-11-2021,7.892192190284539,7.892192190284539,7.653302561819307,7.706389427185059,3164900
01-12-2021,7.918735960411566,7.954126926120052,7.237459659576416,7.237459659576416,2639200
02-12-2021,7.299393145772947,7.706389645834196,7.140133388944203,7.6179118156433105,2920600
03-12-2021,7.538283349192224,7.609065281165065,7.343632614373318,7.52058744430542,1892500
06-12-2021,7.706389550168196,8.49383952897299,7.706389550168196,8.14877700805664,4599000
07-12-2021,8.308036565347878,8.41420945146192,8.210710786903022,8.299188613891602,3531200
08-12-2021,8.334579598349599,8.661946209028613,8.246101771123012,8.37881851196289,3464700
09-12-2021,8.210709469361255,8.352273294797094,8.157623456716294,8.246100425720215,1498500
10-12-2021,8.29918834968456,8.361122320332624,8.033755720956034,8.210710525512695,1959200
13-12-2021,8.122233280119502,8.237254110275254,7.803713798522949,7.803713798522949,1662900
14-12-2021,7.759475329363067,8.02490709188234,7.670997512665312,7.688692569732666,1905900
15-12-2021,7.670999515972441,7.706390483136613,7.352480811494892,7.59136962890625,4417800
16-12-2021,7.626759727867831,7.812562495275428,7.440956960460235,7.494043827056885,3205900
17-12-2021,7.458652690981451,7.750628341025335,7.361326911775423,7.706389427185059,6116700
20-12-2021,7.511739741840059,7.609065534381943,7.24630706621516,7.59136962890625,2098500
21-12-2021,7.724083958585953,8.369970031425172,7.697540949610573,8.23725414276123,3340900
22-12-2021,8.237254452368173,8.493839132206329,8.175319637381671,8.449600219726562,2175800
23-12-2021,8.529229851872659,8.60001177232081,8.440752029418945,8.440752029418945,1172200
27-12-2021,8.396514666838682,8.511535519728044,8.30803767185339,8.467296600341797,1203100
28-12-2021,8.414211636413869,8.564623475080243,8.36112475767802,8.431906700134277,1404000
29-12-2021,8.458448518834198,8.458448518834198,8.299188764872302,8.423057556152344,681200
30-12-2021,8.396513486193934,8.591164197851011,8.396513486193934,8.493839263916016,1176200
31-12-2021,8.458447481786818,8.573467463560496,8.387664721314318,8.502685546875,1048400
03-01-2022,8.591163981395553,8.830052756412469,8.511534108460893,8.564620971679688,2334700
04-01-2022,8.697336196899414,8.847747980063453,8.626554280561866,8.697336196899414,1894800
05-01-2022,8.715032576248671,8.847748465719645,8.352274180373046,8.361122131347656,1273700
06-01-2022,8.414210572108063,8.58231745323116,8.361123700087123,8.467296600341797,1593700
07-01-2022,8.538076777520853,8.971617085780084,8.529229670493262,8.909682273864746,2345100
10-01-2022,8.750423727264874,8.812357697864247,8.423057128145654,8.564620971679688,2153800
11-01-2022,8.555772224220853,8.989311665640804,8.529229216975361,8.927377700805664,2237100
12-01-2022,8.980464625394841,9.02470353781191,8.732727897161162,8.768118858337402,1780000
13-01-2022,8.812357637645645,8.918530519570647,8.688488853506282,8.72387981414795,1635400
14-01-2022,8.6354028596277,8.81235766335223,8.546925035871903,8.803509712219238,1451400
18-01-2022,8.679643393460227,8.883141244824072,8.644252426101852,8.670795440673828,1461600
19-01-2022,8.644250819005915,8.679641779784578,8.423057103192503,8.484991073608398,2150300
20-01-2022,8.582316935558934,8.68848982940942,8.31688427903914,8.325732231140137,2050500
21-01-2022,8.272643619050097,8.352272631695651,8.095688007517154,8.13992691040039,2195100
24-01-2022,7.954127099063302,8.15762578915207,7.715238286283758,8.104538917541504,2831800
25-01-2022,7.989515981467213,8.228405575719341,7.865648052998979,8.175318717956543,1882300
26-01-2022,8.2814931313955,8.476143854379718,8.007213372623642,8.077995300292969,2215600
27-01-2022,8.14877558280211,8.237253396419508,7.555976425411647,7.635606288909912,2463500
28-01-2022,7.582520117579317,7.901039600372314,7.3790223091611615,7.901039600372314,3006900
31-01-2022,7.821410532564697,8.272645950317383,7.759476557347041,8.272645950317383,2129700
01-02-2022,8.308036350636137,8.467295253797786,8.131080701232191,8.369970321655273,2587600
02-02-2022,8.334578691919003,8.414208559005331,8.122232942213461,8.18416690826416,2456300
03-02-2022,8.069147348387519,8.210711203726174,7.998365420718192,8.077995300292969,1549300
04-02-2022,8.016061608761081,8.32573234234785,7.980670643671532,8.2903413772583,1384200
07-02-2022,8.254950799832452,8.520383472362736,8.254950799832452,8.467296600341797,1472900
08-02-2022,8.538076329516244,8.715031961375493,8.502685371901793,8.653097152709961,1633700
09-02-2022,8.750425002269882,8.971618750968227,8.750425002269882,8.856597900390625,1492000
10-02-2022,8.69733682998452,9.015855476688674,8.670793820372605,8.803509712219238,1401400
11-02-2022,8.768118187860427,8.953920930774563,8.564620387604803,8.582315444946289,2351800
14-02-2022,8.644251062407337,8.688489131786007,8.42305734036564,8.493839263916016,1464900
15-02-2022,8.64425153152781,8.900836229269458,8.591164664090481,8.874292373657227,964700
16-02-2022,8.891987168202347,9.12202882542324,8.891987168202347,9.10433292388916,1618100
17-02-2022,8.989312801076268,9.166267611375586,8.92737882841828,9.09548568725586,1463600
18-02-2022,8.688488110324414,9.104332495134468,8.582315237481057,8.653097152709961,2255000
22-02-2022,8.617707318160441,8.750424059350605,8.396513593297264,8.45844841003418,1628500
23-02-2022,8.600011607305234,8.635402566850233,8.272645020567229,8.316883087158203,2462100
24-02-2022,8.016060333121285,8.635402545522654,7.874495651503888,8.591163635253906,3333200
25-02-2022,8.670793746447869,8.794661686105446,8.449600032731276,8.600011825561523,1668100
28-02-2022,8.458448170979931,8.661945987084952,8.352274443513663,8.449600219726562,1932300
01-03-2022,8.423056864914688,8.484990833578548,8.086842325134947,8.157624244689941,2602400
02-03-2022,8.254949277295788,8.46729503864024,8.14877639662356,8.440752029418945,1782900
03-03-2022,8.529230910527268,8.529230910527268,8.210711385188654,8.325732231140137,1680300
04-03-2022,8.20186193272504,8.361120806089888,8.069145220502936,8.343425750732422,2530200
07-03-2022,8.396513343543404,8.396513343543404,7.98066976069659,8.051451683044434,2272200
08-03-2022,8.104537433293611,8.56462075703582,7.971821544253305,8.281492233276367,2708900
09-03-2022,8.484990417123155,8.768118081446824,8.449599459082696,8.617706298828125,1774500
10-03-2022,8.449599223669043,8.715031823470783,8.308035395451308,8.608858108520508,2391900
11-03-2022,8.71503309712398,8.900835859760532,8.44075250702732,8.45844841003418,2967200
14-03-2022,8.502684757301667,8.564619561490362,8.281491077253152,8.352272987365723,3406900
15-03-2022,8.484990756881132,8.706184464437836,8.35227402607489,8.591163635253906,1884600
16-03-2022,8.679640864543863,8.91852961366301,8.52038113593978,8.883138656616211,2956400
17-03-2022,8.750423221484384,8.89198705683593,8.635402394314498,8.821205139160156,2321700
18-03-2022,8.838903077649729,8.97161984938995,8.653100272243249,8.945075988769531,3550200
21-03-2022,8.927377707062208,8.9539207143263,8.573467287130697,8.653097152709961,1303400
22-03-2022,8.723878730061054,8.91852941129517,8.63540176134515,8.715031623840332,1388700
23-03-2022,8.644250224032996,8.723879247463925,8.484990489597127,8.502685546875,1377800
24-03-2022,8.538076566042031,8.697336301612447,8.423056583448965,8.661945343017578,2437000
25-03-2022,8.723879349613306,9.095484838456851,8.723879349613306,9.060093879699709,3989800
28-03-2022,9.10433493328104,9.166268914745544,8.874293225288294,8.989314079284668,1488300
29-03-2022,9.148572764784898,9.44939637117622,9.148572764784898,9.422852516174316,2064100
30-03-2022,9.369765813837985,9.39630882312671,9.130876198878306,9.192811012268066,2564400
31-03-2022,9.21050462590606,9.343221339107782,8.936224937438965,8.936224937438965,3367400
01-04-2022,9.033550976556732,9.068941935725157,8.8389002792369,9.024703025817873,2779300
04-04-2022,9.051247340437964,9.113182160760818,8.70618564969656,8.998161315917969,1782800
05-04-2022,9.095483231361278,9.175113085441684,8.72387780817729,8.759268760681152,1575700
06-04-2022,8.626554754076654,8.670793665162662,8.352274180373046,8.361122131347656,2195900
07-04-2022,8.299186623265282,8.343425526148518,8.05144994842081,8.13992691040039,2251500
08-04-2022,8.095690939401996,8.15762576338321,7.936432012647777,7.945279121398926,2454500
11-04-2022,7.90988662782128,8.042603358910405,7.839104708755226,7.998364448547363,2881400
12-04-2022,8.042603310514744,8.272644967988679,8.00721235119468,8.193015098571777,1902200
13-04-2022,8.237253672430018,8.918529822478835,8.219557771598804,8.812356948852539,2873600
14-04-2022,8.88314032552797,9.113182011444517,8.847749361832127,8.874292373657227,2428400
18-04-2022,8.821205614485223,9.015855476688674,8.741575741862418,8.803509712219238,1820000
19-04-2022,8.883140254810824,9.175115913923946,8.883140254810824,9.06894302368164,1402300
20-04-2022,9.139725318705048,9.405157976897367,9.086639293338878,9.122030258178713,2042700
21-04-2022,9.360916856077084,9.493632732034609,9.086637154088349,9.11318016052246,2366600
22-04-2022,9.060094173757037,9.36976570577313,9.060094173757037,9.228201866149902,3208200
25-04-2022,9.104332726606952,9.502481220838986,9.042398760153771,9.493633270263672,2048300
26-04-2022,9.431699702361788,9.546720533340228,9.263592853262246,9.307831764221191,1902800
27-04-2022,9.307832519647858,9.546721308155186,9.175115775999688,9.422852516174316,1754100
28-04-2022,9.537872992534869,9.847544538776816,9.272440359154206,9.803305625915527,2376400
29-04-2022,9.732523446514362,9.865239337815645,9.360917938326304,9.39630889892578,2616400
02-05-2022,9.467091500838428,9.56441728232532,9.068942954519391,9.263593673706056,2468600
03-05-2022,9.343222696790535,9.449395576507955,9.015855262928016,9.228201866149902,2357800
04-05-2022,9.334376919643953,9.36976788779156,8.838902521790226,9.20166015625,2330900
05-05-2022,9.113181522783236,9.31667934217572,8.670794078413051,8.891987800598145,3993200
06-05-2022,8.76811907725535,9.31667941107678,8.65309823961402,9.09548568725586,2126500
09-05-2022,9.015855599348937,9.015855599348937,8.369970346020398,8.449600219726562,2176000
10-05-2022,8.60885791132212,8.838899548799988,8.405360123867283,8.715031623840332,2448500
11-05-2022,8.759270671435624,8.962769325564345,8.414209020197651,8.440752029418945,2000600
12-05-2022,8.387665511745988,8.502686348145934,8.148776731366937,8.414209365844727,2569400
13-05-2022,8.529228892613894,8.768117636312484,8.46729408634711,8.715031623840332,1907500
16-05-2022,8.74157500116453,8.838899924019646,8.661945135288986,8.73272705078125,1559500
17-05-2022,8.883139114994941,9.175114736644003,8.865444057451946,9.139723777770996,1421800
18-05-2022,9.192810304621528,9.378613042913932,8.865443735970524,8.927377700805664,2708900
19-05-2022,8.856596683171539,9.09548546016439,8.697336935984922,8.768118858337402,2180500
20-05-2022,8.883140574383535,8.883140574383535,8.228407305774931,8.405362129211426,2589800
23-05-2022,8.49383996282325,8.54692598796062,8.290341283030916,8.405362129211426,1415400
24-05-2022,8.290341852420932,8.325732819538922,8.016062068203313,8.308037757873535,1555600
25-05-2022,8.254948767966676,8.715032066279635,8.254948767966676,8.617706298828125,3556200
26-05-2022,8.69733755517801,8.9627702047904,8.688489603307266,8.874292373657227,1902000
27-05-2022,8.989314347364363,9.228204015201133,8.812359506626331,9.20166015625,2416100
31-05-2022,9.139723883170296,9.192810743985511,8.927378127483482,9.10433292388916,2457100
01-06-2022,9.228202047025022,9.458242869028105,8.98046447904161,9.39630889892578,2694700
02-06-2022,9.440549275993083,9.537874221801758,9.352071438867242,9.537874221801758,2041100
03-06-2022,9.422851297239648,9.590958982023595,9.360917331154512,9.369765281677246,1765400
06-06-2022,9.546721349282342,9.590960264022312,9.387461593733292,9.582112312316896,1343300
07-06-2022,9.422851441729357,9.750218865794356,9.352069524036118,9.73252296447754,1945500
08-06-2022,9.67059027184122,9.75022015068656,9.555569429485407,9.626351356506348,1197100
09-06-2022,9.582111575721887,9.582111575721887,9.183963061242808,9.192811012268066,1652800
10-06-2022,9.015855625104184,9.139724411643966,8.511534215240564,8.529230117797852,2051400
13-06-2022,8.201862117464383,8.237253072763378,7.706387899491539,7.759474754333496,1913300
14-06-2022,7.7417797275477085,7.980669335586954,7.617910948143615,7.856800556182861,2077200
15-06-2022,8.051450789488309,8.334578447457961,7.962972974479302,8.175318717956543,1909900
16-06-2022,7.945277274453992,7.980669076380255,7.47634686816201,7.529433727264404,2533600
17-06-2022,7.57367368455733,7.662150670262759,7.281697184746777,7.414413928985596,3293900
21-06-2022,7.55597705117487,7.750627750981351,7.343631293451636,7.40556526184082,2079000
22-06-2022,7.228611210980971,7.432109038888482,7.131286272910483,7.140133380889893,2089400
23-06-2022,7.104741948037005,7.122437850400495,6.795070828866012,6.9808735847473145,3204800
24-06-2022,7.06050387669609,7.529434769811058,7.016264961949817,7.414413928985596,2918900
27-06-2022,7.494043696336289,7.609064535466758,7.343631894687759,7.4321088790893555,1683300
28-06-2022,7.573673172854891,7.759475927206093,7.343631506746344,7.352479457855225,2711500
29-06-2022,7.317087265189845,7.370173275330638,7.069349738576421,7.246304512023926,2752000
30-06-2022,7.060503605699701,7.405565693038349,6.9454827692889705,7.264001846313477,2814400
01-07-2022,7.193220158816841,7.440956898708659,7.104742329819064,7.255154132843018,1884700
05-07-2022,7.042808250535551,7.299392938249818,6.9277874120723135,7.290544986724853,1935100
06-07-2022,7.246306270726914,7.396718075609475,7.007417479540396,7.140133380889893,1876700
07-07-2022,7.27285031059357,7.502891155851427,7.246306454620355,7.423262119293213,1640700
08-07-2022,7.449804146034708,7.476347154709725,7.228610438239823,7.343631267547607,980000
11-07-2022,7.219763170001329,7.352479913497994,7.104742329819064,7.255154132843018,976700
12-07-2022,7.219762850630406,7.458652472084699,7.219762850630406,7.379022598266602,1023800
13-07-2022,7.246306114922767,7.476347793183706,7.193220093039229,7.4321088790893555,1267500
14-07-2022,7.246306309933171,7.370175103973452,7.202068238435404,7.299393177032471,1336600
15-07-2022,7.467498645576008,7.511737552584837,7.237457847946641,7.440955638885498,2534900
18-07-2022,7.564826362735243,7.68869432179412,7.467500573432196,7.52058744430542,2219000
19-07-2022,7.706389002947587,7.892191755818609,7.688693100870799,7.8656487464904785,3577300
20-07-2022,7.839104576864015,7.9895163632954915,7.74177965073242,7.95412540435791,2190000
21-07-2022,7.803713324766344,7.892191140679984,7.644454437423573,7.821409225463867,2388200
22-07-2022,7.803716779682553,7.909889699512349,7.547132012480373,7.62676191329956,2203300
25-07-2022,7.688694016653027,7.830258718767619,7.591369074999701,7.786019802093506,2327100
26-07-2022,7.741780389499859,7.865649179495213,7.662150513344782,7.706389427185059,3356100
27-07-2022,7.830258175300554,7.989517082971819,7.786019261696889,7.980669975280762,1621300
28-07-2022,8.095690141843697,8.14877700805664,7.874496412899475,8.14877700805664,1168000
29-07-2022,8.113385593953298,8.28149244733536,8.060298730692766,8.210710525512695,1047900
01-08-2022,8.104537642778698,8.28149244733536,8.007212711219301,8.210710525512695,1129100
02-08-2022,8.131081083919396,8.246101923930556,8.051452050484388,8.069147109985352,1285800
03-08-2022,8.193015922602909,8.334579774121272,8.14877700805664,8.14877700805664,1338800
04-08-2022,8.157623661226928,8.281491589695163,7.998363931725509,8.175318717956543,1377900
05-08-2022,8.051452653275929,8.290341459040167,8.033756748663006,8.095690727233887,2211400
08-08-2022,8.20186280929979,8.334578691919003,8.095689090660017,8.18416690826416,1176400
09-08-2022,8.193014413075254,8.263796325793173,8.095688650247897,8.246100425720215,1332900
10-08-2022,8.431904424790133,8.51153429951218,8.352274550068088,8.414209365844727,1031100
11-08-2022,8.573467494382042,8.715032172048963,8.467294618972108,8.582315444946289,915700
12-08-2022,8.679639380444934,8.759268387344536,8.617704583362803,8.741573333740234,794300
15-08-2022,8.661943852242247,8.803507662257697,8.653095903169566,8.759268760681152,780600
16-08-2022,8.706184075226242,8.883138864603403,8.706184075226242,8.812356948852539,877500
17-08-2022,8.670793157782311,8.794661089030418,8.60885834837126,8.617706298828125,1230100
18-08-2022,8.582315402456016,8.803509102745023,8.529229386907378,8.776966094970703,1119400
19-08-2022,8.715032576248671,8.715032576248671,8.316883220261648,8.361122131347656,1239400
22-08-2022,8.20186341812516,8.263797388773227,8.13108065251543,8.210710525512695,1406400
23-08-2022,8.281491353901583,8.396512172623586,8.148775478953786,8.201862335205078,1477500
24-08-2022,8.184167304232613,8.290340184222266,8.157624295181959,8.281492233276367,1269100
25-08-2022,8.343427678089938,8.502686588244085,8.290340812180485,8.387665748596191,2061500
26-08-2022,8.334579346838506,8.396513317755888,7.962973833760071,7.971821784973144,1999200
29-08-2022,7.697540948167117,7.927582609342717,7.662149988277566,7.901039600372314,2709400
30-08-2022,7.945277290001919,7.998364149208197,7.777170449458207,7.847952365875244,1860500
31-08-2022,7.8921915915335905,7.936430502017626,7.706388842530266,7.72408390045166,1987500
01-09-2022,7.617911209458244,7.662150121033434,7.485195318519729,7.609064102172852,1864000
02-09-2022,7.768322270630748,7.865648035683801,7.591367484789258,7.600215435028076,1158400
06-09-2022,7.6179119067998355,7.653302870542256,7.414414076227701,7.5028910636901855,1511900
07-09-2022,7.529434553216162,7.918735135452919,7.529434553216162,7.883344173431396,1730000
08-09-2022,7.821409835085559,7.954125725513265,7.750627914352508,7.8656487464904785,1109100
09-09-2022,7.927583385614041,8.139929165744308,7.883344470473455,8.113386154174805,1934600
12-09-2022,8.19301525517851,8.325731144218818,8.157624295181959,8.281492233276367,1374100
13-09-2022,7.98951657820267,8.131080417760872,7.830257680593213,7.901039600372314,1592300
14-09-2022,7.883344344396109,8.07799506162939,7.821410370462065,8.069147109985352,1271000
15-09-2022,7.980669736186219,8.193015502577591,7.945277931333921,7.971821784973144,1825800
16-09-2022,7.865649114314181,7.936431038357227,7.644455390732886,7.883344173431396,2615800
19-09-2022,7.75062760141357,8.024907322233073,7.75062760141357,7.95412540435791,1073600
20-09-2022,7.839104522604378,7.927582341229429,7.777170555839051,7.830257415771484,2253800
21-09-2022,7.865647526722333,7.901038481600594,7.308239354549546,7.325934410095215,2716900
22-09-2022,7.317088112640365,7.325935219497206,6.865852755247862,6.963177680969238,2086900
23-09-2022,6.839309559849577,6.839309559849577,6.565029408882765,6.63581132888794,5077800
26-09-2022,6.565029650650092,6.715441447146995,6.388074422226985,6.4677042961120605,3146300
27-09-2022,6.582725987915553,6.786224252852629,6.476553090181494,6.503096103668213,2868100
28-09-2022,6.547333877209674,6.848157034857558,6.494247437624753,6.812766075134277,3039500
29-09-2022,6.688414071678429,6.706178766251472,6.377531281334587,6.617354869842529,3794700
30-09-2022,6.617354547003467,6.759472520198067,6.519648943390332,6.67064905166626,3369200
03-10-2022,6.84829607601762,6.972648933547141,6.635119325280442,6.857178211212158,2503600
04-10-2022,7.008177770569967,7.212471946511372,6.972648385496999,7.150295734405518,3454800
05-10-2022,7.00817770258822,7.114766280316857,6.928236798721336,7.088119029998779,1953800
06-10-2022,7.017061456232936,7.159179442906464,6.946002674668045,7.052590847015381,1250700
07-10-2022,6.972648709769097,7.079236869945022,6.892707801409003,6.963766574859619,2519100
10-10-2022,7.025943398654893,7.097002178262751,6.901590534341141,6.94600248336792,2307300
11-10-2022,6.954883927469983,7.043707393147413,6.830531075521582,6.972648620605469,4076300
12-10-2022,6.972648846677412,7.176943036131111,6.866060684408623,7.008178234100342,4142600
13-10-2022,6.883824701567719,7.2835304825638625,6.759471857809045,7.2480010986328125,2291500
14-10-2022,7.3545908855138915,7.47006162073333,7.2035907584644345,7.230238437652588,1751900
17-10-2022,7.470061235652204,7.603297083462113,7.443414404925213,7.550002574920654,1327300
18-10-2022,7.834237087025291,7.958590365914747,7.709884655223244,7.772060871124268,2888700
19-10-2022,7.665471230874746,7.905294336726638,7.665471230874746,7.789824485778809,2346000
20-10-2022,7.816472624507364,7.985236997978353,7.692119348679474,7.727648735046387,2756900
21-10-2022,7.816473606783537,8.118473852397589,7.798708487823889,8.003003120422363,3995900
24-10-2022,8.038530949790847,8.047413507545258,7.90529512473668,7.940824508666992,2098300
25-10-2022,7.994120571537564,8.127355575561523,7.905296670796591,8.127355575561523,5784200
26-10-2022,8.198413575579478,8.25170808035979,8.038531755413366,8.109590530395508,2194500
27-10-2022,8.233943305223042,8.340531461159888,8.145119418398657,8.180648803710938,1273200
28-10-2022,8.23394536918002,8.349415265073604,7.985238762564793,8.296121597290039,1768600
31-10-2022,8.260592203071804,8.38494465929184,8.154004020417096,8.296121597290039,1776500
01-11-2022,8.447119539576184,8.464883808525617,8.25170749860828,8.331648826599121,1473600
02-11-2022,8.154002881261459,8.162884593259514,7.745414481289834,7.780943870544434,2237700
03-11-2022,7.727648008698255,7.727648008698255,7.363471620895736,7.629942417144775,2830600
04-11-2022,7.55000280231837,7.745414876739345,7.443414629112611,7.647708415985107,1406000
07-11-2022,7.745414066935901,7.816472841643693,7.443413850884085,7.70100212097168,1527400
08-11-2022,7.71876719812228,7.745414876739345,7.558885361857391,7.647708415985107,2003300
09-11-2022,7.5855318420544195,7.647708061772808,7.381238064644021,7.425649166107178,1831000
10-11-2022,7.860884030139289,8.189531043266506,7.7809427045242545,7.940824508666992,2311800
11-11-2022,8.011882770567174,8.189529660217705,7.940823167619774,8.154000282287598,1807900
14-11-2022,8.074061448780858,8.154002785436106,7.914178775470363,7.931943893432617,1536800
15-11-2022,8.082943088247301,8.198412953516323,7.896413606300445,7.985236644744873,1561000
16-11-2022,7.914177433225086,7.976353641372988,7.816471842265909,7.843118667602539,2067400
17-11-2022,7.754295753959741,7.860884762772081,7.674355267981602,7.772060871124268,1538700
18-11-2022,7.967473263850605,8.109590818870302,7.940825586968828,8.065178871154785,2396200
21-11-2022,8.011884689331055,8.0651783454459,7.896413971632366,8.011884689331055,949600
22-11-2022,8.074061839613748,8.145120620727539,7.967473667943062,8.145120620727539,1568100
23-11-2022,8.08294524147244,8.10070951505863,7.9585919380188,7.958591938018799,864400
25-11-2022,7.9319439109117615,8.08294402557388,7.923061351911061,8.056296348571777,423800
28-11-2022,7.949708245707402,8.065178972382057,7.940825686635323,7.976355075836182,1295700
29-11-2022,7.994120499088861,8.162884892462243,7.905296599152878,8.145120620727539,1089300
30-11-2022,8.118473236207873,8.358296394348145,8.047414459937613,8.358296394348145,1734400
01-12-2022,8.429356315387704,8.509297661320234,8.251709350586273,8.340533256530762,1618100
02-12-2022,8.180648556131633,8.29611926667378,8.180648556131633,8.216177940368652,855700
05-12-2022,8.118473471274429,8.198413961577538,7.914178848266602,7.914178848266602,981500
06-12-2022,7.869765190767061,7.976353335108261,7.763177046425861,7.825354099273682,1016900
07-12-2022,7.745414205398558,7.967473092101944,7.73653164662944,7.887531757354736,1841700
08-12-2022,7.994119324440724,8.136236865785692,7.967472497210384,8.04741382598877,1931600
09-12-2022,7.923060344599017,8.082942997934879,7.896413518072155,8.074060440063477,1275600
12-12-2022,8.12735492797778,8.233943939208984,7.958590546521996,8.233943939208984,1622100
13-12-2022,8.53594261981451,8.580354563034094,8.100707439854776,8.189531326293945,2478900
14-12-2022,8.216178523169624,8.225061081630782,7.958590257407802,7.994119644165039,1422300
15-12-2022,7.8608832465562015,7.994118211242004,7.76317681517185,7.789824485778809,1317800
16-12-2022,7.638825204339783,7.727648241035113,7.585530704652717,7.665472030639648,3352100
19-12-2022,7.709884243310769,7.727648512438801,7.541119027613949,7.558884143829346,1276300
20-12-2022,7.567766454123903,7.629942664667051,7.505589396493417,7.594413280487059,1457400
21-12-2022,7.62994368262116,7.656590512539424,7.159179067657079,7.168060779571533,1976300
22-12-2022,7.097002001731198,7.1858258975753415,6.990413834970696,7.168060779571533,1851300
23-12-2022,7.141414071133816,7.319061018756555,7.105884681609268,7.29241418838501,1068000
27-12-2022,7.283531629232007,7.319061018756555,7.221355409335914,7.29241418838501,843100
28-12-2022,7.301296577003994,7.336825965698693,7.088119821292075,7.114767074584961,1004400
29-12-2022,7.123716748061449,7.329552374094539,7.123716748061449,7.2758564949035645,1144300
30-12-2022,7.186361093337666,7.338500816222963,7.132664795861721,7.3295512199401855,1190100
03-01-2023,7.410097960692177,7.463794699989394,7.078970486554705,7.114768028259277,1796500
04-01-2023,7.222158210494379,7.356399586590221,7.1953102766673815,7.204259872436523,1584900
05-01-2023,7.177413172587063,7.177413172587063,6.998425067093604,7.034222602844238,1635500
06-01-2023,7.150563720473674,7.222158785364786,7.0431711231370056,7.177412509918213,1307000
09-01-2023,7.195310849400743,7.2132100423637695,7.105817018286853,7.177412509918213,1705700
10-01-2023,7.141615360515103,7.320603469778466,7.0968682265141885,7.26690673828125,938300
11-01-2023,7.311652097744389,7.633829848093377,7.311652097744389,7.615931510925293,1726400
12-01-2023,7.669628710520087,7.830718040466309,7.624882433073279,7.830718040466309,1537100
13-01-2023,7.759121256279134,7.785969187505332,7.660678272796178,7.750171661376953,1064200
17-01-2023,7.803871426897641,7.857567310333252,7.750174689981351,7.857567310333252,1680000
18-01-2023,7.830718436098389,7.875465569286496,7.678578695347175,7.696477890014648,2091900
19-01-2023,7.615931151765618,7.7680708511813155,7.589082367059075,7.750171661376953,1394500
20-01-2023,7.812817997551767,7.96495771408081,7.705425407086638,7.96495771408081,1165000
23-01-2023,7.964958539562608,8.108149528503418,7.911262665505268,8.108149528503418,956700
24-01-2023,8.143947819033443,8.17974535622451,7.982858474933339,8.161846160888672,838200
25-01-2023,8.134997424609407,8.385580160404354,8.063402357239422,8.358732223510742,2007400
26-01-2023,8.430327440763527,8.537720043727838,8.33188443474971,8.528770446777344,1683200
27-01-2023,8.44822631284454,8.645113190743123,8.44822631284454,8.59141731262207,937400
30-01-2023,8.501922804066037,8.591417069711593,8.385580600119043,8.421378135681152,1427600
31-01-2023,8.430328806644594,8.68091158749405,8.421379208244085,8.618266105651855,2325000
01-02-2023,8.591416075781733,8.779353329110723,8.430326757648178,8.698808670043945,1580000
02-02-2023,8.806201863720398,8.967291192818866,8.743556392840118,8.931492805480957,1940200
03-02-2023,8.806201618014839,8.940442152864373,8.761454488571491,8.81515121459961,1571900
06-02-2023,8.770404246077616,8.788302586095055,8.546669448236251,8.609314918518066,1214900
07-02-2023,8.501923886887296,8.707759529214893,8.48402469008628,8.618266105651855,1768300
08-02-2023,8.519822859082927,8.67196176047737,8.430328584398518,8.475075721740723,1564200
09-02-2023,8.537721201931415,8.609316280286677,8.457176525411578,8.475075721740723,778000
10-02-2023,8.439276020500893,8.448224762892226,8.179743714582605,8.331883430480957,1637500
13-02-2023,8.313984182096398,8.492971830910227,8.260287460712032,8.457174301147461,1068600
14-02-2023,8.37662964581113,8.56456689043576,8.322933777907197,8.457174301147461,1450200
15-02-2023,8.376631848891742,8.555620398260558,8.376631848891742,8.475075721740723,1199000
16-02-2023,8.260288176652605,8.313984902691004,7.964958317142673,8.036553382873535,3797200
17-02-2023,8.000755756443285,8.036553288890081,7.84861688365477,7.902312755584717,2765200
21-02-2023,8.152895156342783,8.197642283480125,7.696476849287184,7.911262035369873,2439100
22-02-2023,7.884415308270298,8.04550379576876,7.821768979289224,7.86651611328125,3533300
23-02-2023,7.89336365958327,8.108149721363102,7.705426388951261,8.00075626373291,2424200
24-02-2023,7.830718850800984,7.964959403993896,7.750174177492989,7.947061061859131,1586400
27-02-2023,8.07235115802638,8.134996622427595,7.9023122496795954,7.96495771408081,1316700
28-02-2023,7.956009936082307,8.02760500507117,7.768072666616408,7.80387020111084,1911900
01-03-2023,7.759124177045122,7.866516795856046,7.741224980502968,7.785972118377685,2327200
02-03-2023,7.696477597627546,7.821768541617782,7.687528000633803,7.80387020111084,1526600
03-03-2023,7.884417377095043,7.973910815081053,7.803872685471062,7.875467777252197,1243500
06-03-2023,7.866514299389425,7.95600854673754,7.7859696474722,7.839666366577148,1970900
07-03-2023,7.884414705632163,7.920212239393513,7.696477440014945,7.794920444488525,1515600
08-03-2023,7.8128214318330915,7.902315723299918,7.723327993847081,7.875467777252197,1564700
09-03-2023,7.857565659462121,7.866515255981309,7.445893607864943,7.46379280090332,2221700
10-03-2023,7.392198243645713,7.490641251679533,7.257956847075349,7.374299049377441,2916100
13-03-2023,7.249008140743819,7.374299087344559,7.150564278722596,7.311653614044189,2546700
14-03-2023,7.580135351920651,7.615932886201482,7.302703821133807,7.365349292755127,2439600
15-03-2023,7.105816953917685,7.3206025733856,7.087918187857046,7.302703380584717,4168800
16-03-2023,7.186361534784158,7.347450863847687,7.0431713993857015,7.231108665466309,2698600
17-03-2023,7.1595130853698254,7.240057744137111,6.908929939616178,6.944727897644043,6057300
20-03-2023,7.016322612762451,7.204259856085747,7.007373017013622,7.016322612762451,5070400
21-03-2023,7.177412506319505,7.275855507125301,7.061069885819409,7.150563716888428,2800300
22-03-2023,7.070021021678228,7.105818561900166,6.712045192718506,6.712045192718506,2853800
23-03-2023,6.738892354097947,6.846284955526216,6.559904258310569,6.568853855133057,1950200
24-03-2023,6.4435628467164845,6.658348502535202,6.389866539446883,6.622550964355469,4773000
27-03-2023,6.738892172017956,6.7836388747005785,6.613600380330005,6.685195446014404,2464000
28-03-2023,6.604650897929292,6.810486915401026,6.577802536198096,6.6941447257995605,3799700
29-03-2023,6.792588221118055,6.935778347213325,6.765739859105073,6.917879581451416,2483900
30-03-2023,7.20537632094059,7.21435992900723,6.91787944266486,7.0077223777771,1766000
31-03-2023,7.097565512371238,7.322171584812977,7.070612543772604,7.304203510284424,2986200
03-04-2023,7.304202726187246,7.403029267499891,7.196391720171894,7.268265724182129,2536300
04-04-2023,7.295217889384827,7.322170425312497,7.1335013886103065,7.286233425140381,1637200
05-04-2023,7.24131363288983,7.295218710814795,7.205376628671265,7.214360237121582,2158300
06-04-2023,7.286234548864978,7.29521901449506,7.178423531721402,7.241313934326172,1205900
10-04-2023,7.205376388562728,7.367092473754437,7.187407458649351,7.295218467712402,2862200
11-04-2023,7.331155808949098,7.438966822985905,7.286234338898984,7.394045352935791,3800300
12-04-2023,7.474904043067687,7.501857439957932,7.223345003066009,7.241313934326172,2842800
13-04-2023,7.295219044617245,7.385061987677424,7.241313964225782,7.304203510284424,2106400
14-04-2023,7.3311548895569425,7.420997818390067,7.18740688886848,7.286233425140381,1801600
17-04-2023,7.2682661253302205,7.528809618448593,7.250297194933069,7.483888149261475,4134100
18-04-2023,7.48388872594261,7.609668677997532,7.376077705669459,7.492873191833496,1394700
19-04-2023,7.420998371662061,7.456935374513457,7.349124365959268,7.403029441833496,1063500
20-04-2023,7.3221715578478515,7.349124954750128,7.178423534925586,7.250297546386719,1132600
21-04-2023,7.277249817701604,7.3311548895569425,7.178422424624034,7.286233425140381,1510500
24-04-2023,7.268265825089551,7.313187292421034,7.20537628490891,7.277250289916992,896000
25-04-2023,7.160455250074758,7.205377151210055,7.061628695508178,7.106549739837647,1361600
26-04-2023,7.043660041833906,7.214360606408425,7.043660041833906,7.088581085205078,2316700
27-04-2023,7.142486195948426,7.169439163190258,7.025691146974836,7.15147066116333,2254900
28-04-2023,7.1065484242798025,7.340139353801389,7.1065484242798025,7.286233425140381,1492900
01-05-2023,7.286234067474707,7.519825017589028,7.286234067474707,7.412014007568359,1762500
02-05-2023,7.367092680480914,7.46592008416619,7.169439158319004,7.322171211242676,2787700
03-05-2023,7.340139322973035,7.600682787328015,7.331154858766323,7.385060787200928,1552800
04-05-2023,7.322171429650806,7.609668327267624,7.313187820979801,7.564746856689453,2212200
05-05-2023,7.5198262592844545,7.816306799998452,7.304204203638981,7.618652820587158,5119600
08-05-2023,7.627637663713873,7.627637663713873,7.510842163604447,7.600685119628906,2620000
09-05-2023,7.492873047737996,7.627636606286339,7.447951575953279,7.591699600219727,3934000
10-05-2023,7.735447699948597,7.762401097365855,7.465920580222566,7.546778202056885,2508600
11-05-2023,7.429982661608014,7.492872200915541,7.151470253464069,7.268265724182129,3741400
12-05-2023,7.277250943288995,7.3221715578478515,7.187408000559678,7.250297546386719,2473200
15-05-2023,7.259281259479422,7.322170798786948,7.196391720171894,7.268265724182129,2020000
16-05-2023,7.241313834097034,7.394045463665413,7.160454929754192,7.232329368591309,3035100
17-05-2023,7.286233425140381,7.367091889729059,7.205375817357373,7.286233425140381,1920600
18-05-2023,7.250297334220048,7.456935753728261,7.232329260283469,7.394045352935791,3468000
19-05-2023,7.46591976726464,7.49287230494124,7.223344357758068,7.277250289916992,2253800
22-05-2023,7.286233465631963,7.313186858515089,7.025690427137634,7.12451696395874,4340600
23-05-2023,7.124518243250018,7.214360760311869,7.079597198920548,7.106549739837647,2725700
24-05-2023,7.043659954641979,7.070612494650462,6.890927466584247,6.908895969390869,1651700
25-05-2023,6.881942256657157,6.962800724743087,6.765147215247636,6.935847759246826,1321400
26-05-2023,6.926863740104579,7.052643246457426,6.8909267382894805,7.043659210205078,2915600
30-05-2023,7.097564920084781,7.2143599651913295,7.007722412924794,7.070611953735352,2021500
31-05-2023,7.088580780453039,7.106549282709587,6.917879794814386,7.052643775939941,3037400
01-06-2023,7.043659516094458,7.223344532973246,7.043659516094458,7.079596519470215,3444100
02-06-2023,7.232329847717435,7.483888900902451,7.232329847717435,7.456936359405518,1692100
05-06-2023,7.376076903896382,7.492872377364853,7.340139901044986,7.403029441833496,3092500
06-06-2023,7.376076934796919,7.65458935066631,7.367092469844998,7.627635955810547,2355300
07-06-2023,7.717478891718282,7.798337362674097,7.564746414758575,7.627635955810547,2308900
08-06-2023,7.573732201598766,7.645606220147257,7.474904783490175,7.618652820587158,1638300
09-06-2023,7.573731848300023,7.591699923696029,7.429983817908585,7.456936359405518,1731300
12-06-2023,7.447951010908582,7.537793947662012,7.358108074155153,7.412014007568359,2179300
13-06-2023,7.447951635647744,7.483888642002388,7.313188076019287,7.313188076019287,2174300
14-06-2023,7.376077145689714,7.403029684510352,7.1963921255425225,7.322171211242676,2502100
15-06-2023,7.313187816342663,7.313187816342663,7.04365984985033,7.178423404693604,2291300
16-06-2023,7.259282082601837,7.30420355440326,7.133502561321918,7.19639253616333,4120000
20-06-2023,7.178422962327336,7.196391892162199,7.0526434523033545,7.070611953735352,2928100
21-06-2023,7.007722734500014,7.115533748039304,6.944832762400652,7.052643775939941,2715500
22-06-2023,7.06162826115586,7.088580800415141,6.953816818910077,6.9987382888793945,1435700
23-06-2023,6.854989682522445,6.95381622253473,6.837021181756316,6.872958183288574,2613300
26-06-2023,6.819052680990187,7.007722153235968,6.819052680990187,6.872958183288574,2256400
27-06-2023,6.8639741062621775,6.998738083818701,6.738194593797431,6.971785545349121,1645900
28-06-2023,6.980770816027796,7.016707825941732,6.917880834476933,6.953817844390869,1807300
29-06-2023,6.926758925551116,7.21537404205859,6.926758925551116,7.20635461807251,2821900
30-06-2023,7.260470682299634,7.278508671077376,7.1522397391443775,7.224393844604492,1869300
03-07-2023,7.242431616635832,7.440854648090681,7.206354780020372,7.422815799713135,1059400
05-07-2023,7.359682327544778,7.404778593109286,7.242432381132946,7.332624912261963,1849800
06-07-2023,7.224393787591556,7.314585451047815,7.170278101406079,7.287528038024902,2010400
07-07-2023,7.31458606198027,7.45889428381464,7.31458606198027,7.332624912261963,1510700
10-07-2023,7.287528329967434,7.50398936310159,7.242432066362896,7.494970798492432,1306800
11-07-2023,7.513009021168565,7.5671247112025215,7.467912756163553,7.52202844619751,1157100
12-07-2023,7.693392704108334,7.693392704108334,7.404778003692627,7.404778003692627,1719500
13-07-2023,7.395759350766034,7.4588944681727165,7.350663084086902,7.368701934814453,1971200
14-07-2023,7.332623245513696,7.332623245513696,7.125181245195494,7.179296493530273,1863900
17-07-2023,7.143220514583925,7.296547284882642,7.143220514583925,7.188316345214844,2123200
18-07-2023,7.215374916421697,7.341644287109375,7.188317071254378,7.341644287109375,1068400
19-07-2023,7.40477781147522,7.449874072279455,7.359681550670987,7.422815799713135,2018700
20-07-2023,7.431835925132404,7.431835925132404,7.224394310055272,7.278509140014648,1447500
21-07-2023,7.296548071838301,7.39575916796844,7.296548071838301,7.332624912261963,1919500
24-07-2023,7.332624200375679,7.359681613031631,7.251451102268183,7.305566787719727,1302600
25-07-2023,7.305567677547515,7.377721360178228,7.206355718825476,7.368701934814453,3073900
26-07-2023,7.350662045108904,7.494970250112858,7.314585208892822,7.314585208892822,1288200
27-07-2023,7.377720461562026,7.46791212379508,7.29654736345453,7.305566787719727,1924100
28-07-2023,7.377721854619851,7.666336604485142,7.350663576715127,7.603202342987059,1669000
31-07-2023,7.5761444690328705,7.729471278108951,7.5761444690328705,7.666337013244629,1666300
01-08-2023,7.639278093733597,7.639278093733597,7.350662525022058,7.558104991912842,2146800
02-08-2023,7.449873924255371,7.50398874803352,7.350661980429407,7.449873924255371,1820200
03-08-2023,7.341642767956332,7.341642767956332,7.080085085694015,7.107142925262451,3670400
04-08-2023,7.125181435968241,7.31458459517625,6.962835256547411,7.152238845825195,3802100
07-08-2023,7.170277815817896,7.395758255687262,7.134200979844383,7.323604583740234,2037500
08-08-2023,7.19733600129822,7.278508671077376,7.062047644906521,7.224393844604492,2896100
09-08-2023,7.242431968124885,7.332624494110568,7.197336135201881,7.269490242004394,1892400
10-08-2023,7.278508344911421,7.323604605044401,7.107143588573639,7.1432204246521,1140200
11-08-2023,7.098123984587958,7.152239237333875,6.962835637688267,7.044008731842041,1834000
14-08-2023,6.971855197634997,7.098124123174119,6.926758937764692,7.089105129241943,1759800
15-08-2023,6.989893193334751,7.179296785237147,6.989893193334751,7.080085277557373,1908200
16-08-2023,7.080085567005986,7.152239237333875,7.007931896678096,7.044008731842041,2020600
17-08-2023,7.034990185455739,7.071067022913886,6.917740248681851,6.926759243011475,2055900
18-08-2023,6.845586272095875,7.11616254110828,6.81852843015973,7.089105129241943,1994700
21-08-2023,7.098124504089356,7.134201341893712,6.998913415162293,7.098124504089356,3208100
22-08-2023,7.080086414302803,7.1883169327469325,6.9628364709534045,7.11616325378418,1809700
23-08-2023,7.170277167472519,7.197335007040955,7.098123502049716,7.107142925262451,1536100
24-08-2023,7.07106727111986,7.143220948568865,6.899702072143555,6.899702072143555,2146200
25-08-2023,6.899702682678404,6.908721678122674,6.710299047580065,6.764414310455322,1464900
28-08-2023,6.899702216895921,7.21537477739289,6.899702216895921,7.11616325378418,3123900
29-08-2023,7.098124371530998,7.395758492893494,7.08008595296569,7.350662231445312,3871900
30-08-2023,7.3326248620303165,7.458894232717994,7.278509171695678,7.341644287109375,4645700
31-08-2023,7.3506624832239,7.359681907850403,7.21537455438505,7.269490242004394,2635400
01-09-2023,7.386739184162804,7.404778033080205,7.224393844604492,7.224393844604492,1363000
05-09-2023,7.134200946463093,7.260470301849379,7.098124110658384,7.20635461807251,2241200
06-09-2023,7.21537481380858,7.251451653472035,7.134201709530881,7.170278549194336,1823000
07-09-2023,7.116162207231808,7.143220047898451,7.025970121792643,7.071066379547119,2540300
08-09-2023,7.089105149912395,7.3416434317968,7.062047307897355,7.323604583740234,2319500
11-09-2023,7.323604008887441,7.494969611415317,7.323604008887441,7.395757675170898,3854300
12-09-2023,7.395758846534512,7.52202821259928,7.305567179465123,7.494970798492432,3307100
13-09-2023,7.485951426561009,7.494970851373491,7.242432117462158,7.242432117462158,2122900
14-09-2023,7.3416434317968,7.431835091660776,7.170277815817896,7.323604583740234,1693000
15-09-2023,7.260470368722963,7.485950809614113,7.206354684447653,7.440854549407959,4272600
18-09-2023,7.413797298483176,7.476931548060278,7.269489950798578,7.305566787719727,1722100
19-09-2023,7.341644070120072,7.359682059605343,7.233413552789369,7.242432117462158,1265200
20-09-2023,7.296547530941593,7.332624368690861,7.14322075547229,7.161259174346924,1891700
21-09-2023,7.116162207231808,7.215373716249783,7.044008538880476,7.071066379547119,3222300
22-09-2023,7.0891052836331765,7.152239532742813,7.007932186126709,7.007932186126709,2258400
25-09-2023,6.94479707289152,7.170277502921372,6.91773966212702,7.125181674957275,2338300
26-09-2023,7.053028258916275,7.125181930300413,6.962835739616299,6.971855163574219,2985800
27-09-2023,7.034989490696334,7.2694893410854435,7.034989490696334,7.197335243225098,5180200
28-09-2023,7.197335574902183,7.423666887719141,7.197335574902183,7.324081420898437,3373400
29-09-2023,7.387453949208011,7.396507408978544,7.206389070724568,7.269761562347412,2798500
02-10-2023,7.233548532637422,7.342187458916275,7.22449550462721,7.30597448348999,3029200
03-10-2023,7.251655408047702,7.260708867695705,6.980057662305626,7.016270637512207,2203500
04-10-2023,7.070590131107271,7.188282516887448,6.980057692696642,7.170176029205322,2760700
05-10-2023,7.1611222172024105,7.269761137950309,7.143015730411094,7.233548164367676,1736100
06-10-2023,7.197334988810881,7.351240338064471,7.061536557533181,7.224494934082031,1550700
09-10-2023,7.143016255693765,7.242602156215695,7.052483815079615,7.197335720062256,1772100
10-10-2023,7.242601992340353,7.360294378322136,7.242601992340353,7.30597448348999,1026500
11-10-2023,7.342187707254776,7.423667120566194,7.19733580065024,7.315028190612793,1868800
12-10-2023,7.351241167263926,7.360294627273077,7.233548777301374,7.315028190612793,989100
13-10-2023,7.342186677900438,7.342186677900438,7.161121820029562,7.17922830581665,1337200
16-10-2023,7.260709102503869,7.405561008014641,7.242602182622292,7.351241111755371,2280100
17-10-2023,7.305975336035065,7.523254077332786,7.305975336035065,7.39650821685791,1570100
18-10-2023,7.30597484259215,7.360294740094218,7.242602348327637,7.242602348327637,1551400
19-10-2023,7.233547839978762,7.34218675585474,7.124908924102783,7.124908924102783,1694800
20-10-2023,7.152069455555821,7.206388917949282,7.052483558654785,7.052483558654785,2545100
23-10-2023,7.043430557696708,7.143016023285757,6.971004175869153,7.034377098083496,2491800
24-10-2023,7.133963786261399,7.224496233966693,7.061537828097164,7.143016815185547,1609400
25-10-2023,7.070589877309348,7.161122312470327,6.980057442148369,6.989110469818115,1524300
26-10-2023,7.0253240701629975,7.106803048218336,6.961951147948655,7.034377098083496,1361700
27-10-2023,7.016270387857271,7.016270387857271,6.636033730025142,6.681300163269043,2932900
30-10-2023,6.771832944470901,7.007217286979032,6.699406992929938,6.943844795227051,2944300
31-10-2023,6.989110241037665,7.034376672982762,6.88047132240066,6.99816370010376,2230100
01-11-2023,7.2063889455001,7.24260192056752,6.744672865851418,7.034377098083496,5160700
02-11-2023,7.088697112821477,7.468933812338648,7.088697112821477,7.459880352020264,2349300
03-11-2023,7.58662616970413,7.776744518545104,7.559466652265559,7.649998664855957,1726700
06-11-2023,7.649998353306469,7.677157869638957,7.523253368164559,7.541359424591064,1423800
07-11-2023,7.568518034757644,7.568518034757644,7.459879119049393,7.50514554977417,1241900
08-11-2023,7.532305250876937,7.532305250876937,7.296921359326065,7.34218692779541,1471800
09-11-2023,7.459879844898058,7.459879844898058,7.251655452043283,7.30597448348999,1267900
10-11-2023,7.3240807710181315,7.450825742382612,7.224494881341164,7.414612770080566,1227000
13-11-2023,7.333135718313241,7.4870410976807555,7.278815817142426,7.39650821685791,986800
14-11-2023,7.704318811425624,7.822011208633262,7.60473247196542,7.65905237197876,2403300
15-11-2023,7.659053155889854,7.758638642157204,7.586627190716217,7.631893634796143,1891800
16-11-2023,7.631891563253102,7.695264049732283,7.496092267873661,7.532305240631103,1567800
17-11-2023,7.6137855139303,7.668105410957164,7.586625997109605,7.622838973999023,1796300
20-11-2023,7.6137853394792065,7.640944855677609,7.559466307082403,7.59567928314209,1573300
21-11-2023,7.54135860483041,7.559465522674115,7.37839979777852,7.414612770080566,1720900
22-11-2023,7.487040732975417,7.559466688751497,7.441774294768992,7.459880352020264,1146600
24-11-2023,7.487040409353987,7.568518958541108,7.441773973104168,7.559466361999512,441100
27-11-2023,7.505146520870015,7.559466417445305,7.450826624294725,7.523253440856934,1297400
28-11-2023,7.532307087485771,7.604733050758859,7.477988046723749,7.568520069122314,1614100
29-11-2023,7.622839126504264,7.822010935073503,7.487040676298482,7.496093273162842,1980900
30-11-2023,7.51419918594507,7.57757167242425,7.48703967222333,7.532305240631103,1731300
01-12-2023,7.541359902067014,7.7043187371504755,7.487040865962868,7.677158355712891,2892000
04-12-2023,7.668105775352451,7.849170668403908,7.659052314853501,7.831063747406006,2485300
05-12-2023,7.822010034895015,7.822010034895015,7.541358843146225,7.6137847900390625,1641400
06-12-2023,7.695264751459867,7.76769070357924,7.577572363419519,7.59567928314209,1414500
07-12-2023,7.595679067584404,7.749584427316759,7.550412632948048,7.740530967712402,1865900
08-12-2023,7.595680652065653,7.812958547582456,7.586627190572717,7.785799026489258,2483900
11-12-2023,7.822009640478323,7.939702014091017,7.7857966688579054,7.921595096588135,1273700
12-12-2023,7.921597130432869,8.057395593028918,7.894437610590771,8.003076553344727,1830000
13-12-2023,7.975915919469688,8.184140314818046,7.876329588315736,8.111714363098145,2765600
14-12-2023,8.274671189289515,8.618694808630856,8.274671189289515,8.392363548278809,4166300
15-12-2023,8.401419033245762,8.437632012826693,8.202248077243413,8.319939613342285,7679700
18-12-2023,8.356151351699376,8.464791137690337,8.29277886269249,8.365204811096191,2369000
19-12-2023,8.519108915492115,8.528162373558605,8.365203581902936,8.410470008850098,2514500
20-12-2023,8.374259111683042,8.582483518413367,8.28372623539173,8.437631607055664,3370100
21-12-2023,8.564374923706055,8.63680085792632,8.501002447109633,8.564374923706055,2067400
22-12-2023,8.627748439052418,8.736387353462549,8.582482008868526,8.663961410522461,2114500
26-12-2023,8.709228744993231,8.727335664300982,8.6096432789569,8.700175285339355,996300
27-12-2023,8.736388260569425,8.78165469545337,8.645856254186969,8.700175285339355,1148800
28-12-2023,8.636603391775408,8.718337945339375,8.609357963194734,8.672929763793945,911200
29-12-2023,8.636604210307423,8.663848775381167,8.52762508392334,8.52762508392334,1088900
02-01-2024,8.518542289733887,8.636603212870796,8.44588954720179,8.518542289733887,1704600
03-01-2024,8.409563987950063,8.518543112271063,8.382318557302996,8.400482177734375,1764800
04-01-2024,8.436808616351328,8.518543176732855,8.37323767653863,8.445890426635742,1198800
05-01-2024,8.373237682659589,8.60027774340131,8.355074062077485,8.50037956237793,1249200
08-01-2024,8.464054251719245,8.636605204592387,8.464054251719245,8.618441581726074,1172200
09-01-2024,8.49129870846198,8.536706028221849,8.427726901837765,8.52762508392334,1164600
10-01-2024,8.600279779970947,8.645687976089896,8.509463387733051,8.591197967529297,1876800
11-01-2024,8.518542332478887,8.600276884759882,8.464052342261887,8.582113265991211,2015200
12-01-2024,8.68201233467954,8.700175089237057,8.49129864833555,8.509461402893066,802000
16-01-2024,8.382320541663672,8.50946331651477,8.382320541663672,8.454974174499512,986000
17-01-2024,8.300584769930175,8.491298451861375,8.291502959817004,8.345992088317871,1373500
18-01-2024,8.427727728391275,8.436809539669596,8.291504023573243,8.409564971923828,1380300
19-01-2024,8.464052520635587,8.77282711749809,8.391399776207823,8.763745307922363,6210500
22-01-2024,8.772828882098732,8.854563452542628,8.591196984495186,8.609359741210938,3665300
23-01-2024,8.672931345193412,8.700175912652762,8.34599307132448,8.355074882507324,2301100
24-01-2024,8.464052979213834,8.464052979213834,8.218850170007427,8.255176544189453,2369300
25-01-2024,8.400482140527126,8.473134889752666,8.255176642076046,8.33691120147705,1628400
26-01-2024,8.373239564470156,8.50946328509461,8.373239564470156,8.473136901855469,1602200
29-01-2024,8.46405229979031,8.536705042322406,8.36415499533093,8.518542289733887,2431500
30-01-2024,8.4458904898642,8.536705995120913,8.436808679511797,8.49129867553711,1432000
31-01-2024,8.473134855277133,8.509461229742099,8.282421172813795,8.30058479309082,1662600
01-02-2024,8.32782949120566,8.454972236920156,8.255176741108547,8.445890426635742,2012000
02-02-2024,8.34599218252933,8.454972172939419,8.25517667863971,8.400482177734375,1308300
05-02-2024,8.255177557355434,8.391401260734632,8.200687556350244,8.32783031463623,936300
06-02-2024,8.29150393640578,8.427727639791712,8.273340314040091,8.355074882507324,877500
07-02-2024,8.364156633615043,8.382319389761093,8.255177498471197,8.282422065734863,1101100
08-02-2024,8.246095861908403,8.418646812438965,8.237014050598543,8.418646812438965,1091500
09-02-2024,8.418647652918924,8.418647652918924,8.282423067938558,8.382320404052734,1360300
12-02-2024,8.409565978760599,8.500381504149129,8.391402354029315,8.454974174499512,973400
13-02-2024,8.155277269025259,8.237011816466678,8.019053600682204,8.109869956970215,1664500
14-02-2024,8.173441955578522,8.327829261804354,8.109871017516971,8.246094703674316,1247000
15-02-2024,8.336911301490074,8.464053181115471,8.336911301490074,8.445890426635742,1944700
16-02-2024,8.318747524067438,8.400482082907821,8.255176585453398,8.345992088317871,1941100
20-02-2024,8.237014872945103,8.40048402848583,8.173443919607834,8.382320404052734,1189600
21-02-2024,8.382318560598263,8.482216740831936,8.373237616468094,8.427726745605469,1935800
22-02-2024,8.382318683486485,8.536705995120913,8.282421367877369,8.49129867553711,2499100
23-02-2024,8.672932442715387,9.072522658345932,8.39140232304508,8.473136901855469,2919800
26-02-2024,8.391402138344976,8.42772852078455,8.264260232851106,8.273341178894043,1597100
27-02-2024,8.327829391301586,8.400482140527126,8.291503016688816,8.33691120147705,1274900
28-02-2024,8.255176776464113,8.609358718182165,8.255176776464113,8.509461402893066,2043500
29-02-2024,8.627522341850863,8.654766906741232,8.45497227609305,8.53670597076416,2775100
01-03-2024,8.554869749291408,8.682012497941303,8.50037975241599,8.663848876953125,1423600
04-03-2024,8.63660523327488,8.691094369876364,8.591197042047503,8.654767990112305,1016000
05-03-2024,8.636604276435301,8.736501593196651,8.591196090238647,8.6002779006958,1299700
06-03-2024,8.682013424502257,8.963542651151412,8.654767990112305,8.654767990112305,2190300
07-03-2024,8.727420720656328,8.74558434352264,8.573033390649499,8.618441581726074,956300
08-03-2024,8.700174373070329,8.790990736649547,8.636603438218295,8.763745307922363,1226000
11-03-2024,8.736502589875453,8.763747158265918,8.600278881833912,8.691094398498535,879900
12-03-2024,8.654766144740163,8.800071632814316,8.654766144740163,8.672929763793945,734800
13-03-2024,8.645686023522087,8.718338774468565,8.527625086711781,8.554869651794434,794700
14-03-2024,8.491297727806602,8.58211322292722,8.418644985274506,8.518542289733887,1056400
15-03-2024,8.46405229979031,8.591195032265983,8.409563175935741,8.518542289733887,2735500
18-03-2024,8.51854419692662,8.609359712379664,8.473136006155496,8.545788764953613,979100
19-03-2024,8.509460523094551,8.627521446823875,8.509460523094551,8.582113265991211,1311900
20-03-2024,8.518545303751914,8.718340849451023,8.518545303751914,8.682014465332031,1525500
21-03-2024,8.736501879079302,8.927215574474646,8.700175502151101,8.899971008300781,2375700
22-03-2024,8.91813354147696,8.936297162532988,8.672930719844436,8.700175285339355,1893900
25-03-2024,8.763747159319955,8.763747159319955,8.636605262756348,8.636605262756348,1161100
26-03-2024,8.682013337266984,8.691094282549846,8.536706953581549,8.545788764953613,1084900
27-03-2024,8.655117607772386,8.773556163510282,8.600453324793627,8.764445304870605,1564700
28-03-2024,8.809997220394205,8.828218065693724,8.691558684940299,8.755332946777344,918400
01-04-2024,8.782665672568935,8.782665672568935,8.618673717691644,8.691558837890625,833300
02-04-2024,8.56400926014249,8.64600523582929,8.50023499854571,8.5731201171875,1476000
03-04-2024,8.500234194562168,8.591341018676758,8.472902494871418,8.591341018676758,991800
04-04-2024,8.700668276151749,8.7188891188003,8.454680383953594,8.518455505371094,1246000
05-04-2024,8.527567299338392,8.627784996149103,8.50934645282867,8.600452423095703,919000
08-04-2024,8.591341819726757,8.718890342748828,8.564009248628473,8.655116081237793,1161000
09-04-2024,8.682447967401634,8.800886504759035,8.59134200172152,8.773554801940918,1136400
10-04-2024,8.564009413833546,8.646005390991858,8.445571745559501,8.509346008300781,1441400
11-04-2024,8.527566494062127,8.646005026198159,8.46379223401162,8.618673324584961,1230600
12-04-2024,8.51845652553957,8.582230785735634,8.418238837963893,8.454681396484375,1151000
15-04-2024,8.50023645810074,8.636895861804762,8.41824046833461,8.482015609741211,5734000
16-04-2024,8.418238810056986,8.418238810056986,8.190472602844238,8.190472602844238,3224800
17-04-2024,8.226915540214502,8.263358100292892,7.962706762431375,7.999149322509766,5036600
18-04-2024,8.017371036978545,8.117587859979329,7.926264202352984,7.999149322509766,2502700
19-04-2024,7.980928268648935,8.099366803028008,7.9535956976589715,8.044702529907227,1988300
22-04-2024,8.090256533972777,8.16314165752449,8.03559225687939,8.154030799865723,1887900
23-04-2024,8.135808112130983,8.345352577703753,8.099365558602718,8.336241722106934,2623200
24-04-2024,8.30891185370572,8.436461253569115,8.290691007359063,8.400018692016602,2758700
25-04-2024,8.308909209501033,8.336240904752652,8.236024109590764,8.272466659545898,2075000
26-04-2024,8.272468917371976,8.390907454266626,8.245137214660645,8.245137214660645,1335600
29-04-2024,8.290689468383789,8.354463722047665,8.199582646984785,8.290689468383789,2769900
30-04-2024,8.226914203342961,8.263356757499446,8.108475685119629,8.108475685119629,2735400
01-05-2024,8.11758683014967,8.199582797138502,8.017370019862792,8.062923431396484,1664300
02-05-2024,8.1631408049056,8.1631408049056,7.853378627735081,7.990038871765137,4813500
03-05-2024,8.236026182541247,8.336243002927013,7.853378877273206,8.044702529907227,2289100
06-05-2024,8.117587095153931,8.13580880790589,7.971816868574592,8.035591125488281,2602000
07-05-2024,8.090256385635515,8.11758808925147,7.889821865113732,7.944486141204834,2402000
08-05-2024,7.862490081055517,7.898932641790338,7.652944705185908,7.67116641998291,2552600
09-05-2024,7.671166003458057,7.807825381578583,7.634723444701974,7.762272834777832,1907800
10-05-2024,7.771384185851762,7.771384185851762,7.634724783762435,7.753163337707519,1906200
13-05-2024,7.826047306599205,7.853379009189124,7.6893870559312925,7.716719627380371,1431400
14-05-2024,7.807826750999535,7.862491033150839,7.716720772559746,7.753163337707519,1914800
15-05-2024,7.853379295422127,7.871601010385642,7.652944775119425,7.680277347564697,3020600
16-05-2024,7.698498356657158,7.81693689984994,7.68938749898251,7.807826042175293,2006000
17-05-2024,7.826046120924072,7.844266963603773,7.671165048280994,7.689385890960693,1723600
20-05-2024,7.67116649008294,7.762273327182129,7.662055632601183,7.680277347564697,1517200
21-05-2024,7.643833349831929,7.707607602499422,7.643833349831929,7.689385890960693,1677700
22-05-2024,7.671166210491067,7.7622730442696755,7.662055353341373,7.716719627380371,2518700
23-05-2024,7.76227160264815,7.789603300161982,7.607390535304772,7.6347222328186035,4364200
24-05-2024,7.680277053342502,7.780493875225071,7.643834493670735,7.725829601287842,2069200
28-05-2024,7.771383853065573,7.780494711177194,7.634724456828274,7.698498725891113,2318800
29-05-2024,7.607391081648892,7.671165336714276,7.580058513313104,7.643833637237549,2775300
30-05-2024,7.67116634971617,7.71671976743223,7.616502074685063,7.662055492401123,2902900
31-05-2024,7.671166210491067,7.753162187119982,7.643834507901148,7.716719627380371,2387500
03-06-2024,7.807824075237313,7.835156641375666,7.707607272640326,7.789603233337402,1410000
04-06-2024,7.734941289478343,7.871601554574894,7.689387867779493,7.698498725891113,1081700
05-06-2024,7.707608654827667,7.734940357008359,7.598280977245754,7.607391834259033,1269900
06-06-2024,7.598280977245754,7.707608654827667,7.561838418051782,7.607391834259033,1721100
07-06-2024,7.534507064185727,7.580059613639691,7.461621073569173,7.507174491882324,1417900
10-06-2024,7.434289162516753,7.570949413639865,7.4069574598357955,7.552727699279785,1587300
11-06-2024,7.534506328084119,7.543616315769378,7.452510356903076,7.452510356903076,2293500
12-06-2024,7.634723592828863,7.807825533063949,7.598281033365731,7.625612735748291,2010900
13-06-2024,7.662055307355687,7.662055307355687,7.516285069272118,7.543616771697998,1513300
14-06-2024,7.461620948248385,7.507174365796449,7.361404124729981,7.479842662811279,2190100
17-06-2024,7.425177508116911,7.589169444313641,7.425177508116911,7.570948600769043,984800
18-06-2024,7.589170131679597,7.64383440498258,7.479842453932779,7.52539587020874,1391400
20-06-2024,7.470731652656213,7.570949342983034,7.443399950230332,7.543616771697998,1149800
21-06-2024,7.543616633964407,7.652944310530947,7.516284932037556,7.598280906677246,3764600
24-06-2024,7.662056162303884,7.716720442114354,7.589171035129424,7.698498725891113,2098500
25-06-2024,7.671165340000055,7.689386183372657,7.534505973698822,7.561837673187256,1352600
26-06-2024,7.498063564300537,7.534506993697465,7.425178443225039,7.498063564300537,1658400
27-06-2024,7.498062620013442,7.580058588111807,7.425177508116911,7.570948600769043,1189900
28-06-2024,7.62581091450626,7.744678573193651,7.525230118382292,7.726390838623047,3091800
01-07-2024,7.698960127045535,7.735534724266364,7.525230136241211,7.570948600769043,1537400
02-07-2024,7.607522433434056,7.607522433434056,7.516086385574895,7.543517112731934,924200
03-07-2024,7.589235572665061,7.616666299822101,7.50694251918685,7.543517112731934,547300
05-07-2024,7.497799434510563,7.534374031868871,7.461224837152256,7.488655567169189,1647100
08-07-2024,7.55266201062545,7.598380476802582,7.525230407714844,7.525230407714844,1937100
09-07-2024,7.488654576708584,7.607522220403269,7.452079984187686,7.497798442840576,2395600
10-07-2024,7.570948293560277,7.634954490104914,7.516086835958755,7.625810623168945,2335900
11-07-2024,7.79954050298256,7.826972106491817,7.570949039115486,7.580092906951904,2089300
12-07-2024,7.69895937064974,7.69895937064974,7.561804862548377,7.616666316986084,2094300
15-07-2024,7.708104576083645,7.808684508029903,7.625811508124322,7.790397644042969,2118900
16-07-2024,7.881834229042174,7.964127302441704,7.762966553243664,7.927552700042725,3470200
17-07-2024,7.854402512609957,8.0372755017263,7.836114777694725,7.936695575714111,2344700
18-07-2024,7.863546711560782,7.927552042447893,7.607523643997876,7.653242111206055,1719200
19-07-2024,7.634954490104914,7.653241351969706,7.525229830887579,7.625810623168945,1555600
22-07-2024,7.689815677445238,7.708103410674448,7.561805032869234,7.671528816223144,1233200
23-07-2024,7.616667522629838,7.854402854843328,7.607523654773804,7.7995405197143555,1897900
24-07-2024,7.753820807614389,7.808683133935561,7.53437324634389,7.543517112731934,1478400
25-07-2024,7.534374031868871,7.580092496568551,7.424650239793947,7.488655567169189,3009000
26-07-2024,7.58923558976723,7.68067163783244,7.497798669694924,7.616666316986084,1307300
29-07-2024,7.625810355157236,7.708103410674448,7.589235760705932,7.671528816223144,1226100
30-07-2024,7.698959544059843,7.717246405281936,7.598379627320537,7.671528816223144,1770300
31-07-2024,7.680672669512762,7.753821866593286,7.516087412085189,7.525230407714844,3709500
01-08-2024,7.5526624046423345,7.580093136976769,7.351501666172878,7.397220134735107,2733100
02-08-2024,7.232633996713982,7.653242337873434,7.086335594920653,7.397220134735107,4483700
05-08-2024,7.296639237808367,7.378931864863908,7.150340846595318,7.25092077255249,3421300
06-08-2024,7.232633760792276,7.470369091955363,7.15948456228167,7.360645294189453,2016900
07-08-2024,7.388075613355155,7.4337940778748814,7.260064523104948,7.269207954406738,3614900
08-08-2024,7.35150123027257,7.424650426831922,7.305782764421172,7.388075828552246,1721400
09-08-2024,7.36978852734834,7.378931522369385,7.278351601080649,7.378931522369385,2468500
12-08-2024,7.35150119838279,7.369788933446902,7.077191276471533,7.0954790115356445,1639800
13-08-2024,7.159484278044335,7.260064640005105,7.104622381339442,7.25092077255249,1171400
14-08-2024,7.278352064129803,7.314926662562326,7.223490166481017,7.305782794952393,923800
15-08-2024,7.442938568059787,7.534374632744097,7.378932363572789,7.479513168334961,1594900
16-08-2024,7.442937974476694,7.534374031868871,7.442937974476694,7.488655567169189,1191100
19-08-2024,7.488656600832645,7.717248083876474,7.4703697356329375,7.708105087280273,1515100
20-08-2024,7.680672998273183,7.698960734329701,7.5618062019348145,7.5618062019348145,2043800
21-08-2024,7.580091894091327,7.698959544059843,7.552661166254629,7.671528816223144,1240200
22-08-2024,7.680672652900684,7.836114914362405,7.680672652900684,7.753821849822998,1395000
23-08-2024,7.808685024244215,7.982414167637541,7.744679688047827,7.927552700042725,1385300
26-08-2024,8.000700212979893,8.018987946315837,7.872688695649652,7.890976428985596,1493300
27-08-2024,7.872688412117213,7.909263005464757,7.845257685108328,7.8635454177856445,1545200
28-08-2024,7.8635454177856445,7.881832278455872,7.808683091760785,7.8635454177856445,1446000
29-08-2024,7.927550829792759,8.009843883777897,7.872688503133634,7.918406963348389,1572800
30-08-2024,7.954982253145626,8.037275314331055,7.890976926449039,8.037275314331055,1959500
03-09-2024,8.000699090161586,8.009842955546308,7.808682277117429,7.909262180328369,1766300
04-09-2024,7.87268852779225,7.954981582035144,7.680671691894531,7.680671691894531,2190000
05-09-2024,7.717246873986895,7.781253072169412,7.570948487296287,7.598380088806152,2076500
06-09-2024,7.6075231218843316,7.698960050025261,7.534373928174457,7.589236259460449,2476100
09-09-2024,7.561805492133501,7.680672277314243,7.52523002345368,7.598380088806152,1854400
10-09-2024,7.6258108183088495,7.634954685478805,7.497799293950983,7.598380088806152,1414000
11-09-2024,7.52523002345368,7.644097680641591,7.479512431618242,7.598380088806152,1949300
12-09-2024,7.644097777069684,7.744678573193651,7.570948582801624,7.726390838623047,1710400
13-09-2024,7.799540640032812,7.826972244024085,7.7263914400705795,7.790397644042969,1476200
16-09-2024,7.799540071235276,7.817827805895787,7.717247009277344,7.717247009277344,1618500
17-09-2024,7.790398472934924,7.890978415582804,7.735536131122318,7.872690677642822,2599100
18-09-2024,7.845259903299772,8.037276790667557,7.799541430686998,7.881834506988525,2306900
19-09-2024,8.073849141970005,8.32987129636799,8.028130682111447,8.320728302001953,3074700
20-09-2024,8.156142458285792,8.384733892941767,8.146998591617843,8.275010108947754,7647600
23-09-2024,8.302441832325975,8.34816029913979,8.220148766462552,8.265867233276367,1673900
24-09-2024,8.320728570280373,8.393877759609715,8.265866242279806,8.275010108947754,2080000
25-09-2024,8.24758031828499,8.24758031828499,8.12871265411377,8.12871265411377,2217700
26-09-2024,8.20186053854867,8.229291265270923,8.101279753888605,8.174428939819336,1556200
27-09-2024,8.265866784232198,8.32072911582982,8.156142993044133,8.183573722839355,1525500
30-09-2024,8.12852762254621,8.146876864046806,7.908341974178997,8.009260177612305,2328800
01-10-2024,8.00926058270561,8.064307435051575,7.834947154333453,8.027609825134277,1895300
02-10-2024,7.963386914672486,8.128525673889069,7.945037677570764,8.10100269317627,1135600
03-10-2024,8.036783546796535,8.073481152606293,7.92669072936726,8.055131912231445,1426100
04-10-2024,8.15605273754684,8.385413041893534,8.101005879529978,8.357889175415039,1996600
07-10-2024,8.266143716088775,8.312015941610074,8.073481068851258,8.119353294372559,2546300
08-10-2024,8.156050708040826,8.156050708040826,7.871643616447541,8.064306259155273,2933900
09-10-2024,8.064307382565076,8.11935423455277,8.000086784362793,8.000086784362793,1341800
10-10-2024,7.899166999649151,8.082655906677246,7.899166999649151,8.082655906677246,1568100
11-10-2024,8.091829814681569,8.201922636146763,8.036783841418956,8.1652250289917,1426300
14-10-2024,8.156050899801613,8.156050899801613,8.055131828666767,8.119353294372559,811800
15-10-2024,8.183574270039216,8.284492470980652,8.146876662884152,8.1652250289917,1567700
16-10-2024,8.22944455365417,8.376234947597741,8.17439771845545,8.348711967468262,1181200
17-10-2024,8.348711967468262,8.431280907856697,8.247792915427235,8.348711967468262,1046400
18-10-2024,8.3945842898912,8.3945842898912,8.23861925937389,8.25696849822998,735000
21-10-2024,8.256969672198936,8.275318913663906,8.165225214754063,8.220272064208984,1568900
22-10-2024,8.156051229145655,8.247794808952962,8.09182976084658,8.137701988220215,1097400
23-10-2024,8.091829476872823,8.119353337295063,7.926690689039048,7.981736660003662,1092200
24-10-2024,8.009259603145468,8.128527039524876,7.990911237900905,8.119353294372559,790400
25-10-2024,8.174399349848144,8.192748590222992,8.055131912231445,8.055131912231445,1028700
28-10-2024,8.146877967423634,8.192750202447867,8.11935497638514,8.156052589416504,1143500
29-10-2024,8.073481340783621,8.165224919976415,8.055132099981089,8.11017894744873,913600
30-10-2024,8.101005732399404,8.23862156253199,8.101005732399404,8.156052589416504,1213400
31-10-2024,8.165224660417632,8.165224660417632,7.86246919631958,7.86246919631958,1584800
01-11-2024,7.899166458699431,8.018433890124054,7.889992713928223,7.889992713928223,1455800
04-11-2024,7.889993083415994,8.082655731672011,7.889993083415994,7.981736660003662,1453300
05-11-2024,7.945039984085347,8.045959067562944,7.899167752953716,8.027609825134277,1236600
06-11-2024,8.440457313852226,8.669817571701145,8.357887481036224,8.532201766967773,3636000
07-11-2024,8.541376882396927,8.541376882396927,8.348714219637898,8.486330032348633,2068600
08-11-2024,8.284491551667111,8.559724012258085,8.2110963455015,8.495503425598145,3246900
11-11-2024,8.532202261565544,8.660643453444898,8.458807044794487,8.486330032348633,1580900
12-11-2024,8.440458521543235,8.486330754664571,8.321191065403788,8.40376091003418,1915300
13-11-2024,8.422109436408956,8.578074490782456,8.321190357143752,8.486330032348633,1462400
14-11-2024,8.513851496849188,8.578072956240206,8.28449126673517,8.293665885925293,1519500
15-11-2024,8.293666342373498,8.431282138039762,8.119352942866906,8.12852668762207,1591500
18-11-2024,8.156050000550419,8.18357298285266,8.036782577320926,8.146875381469727,1180700
19-11-2024,8.055131723832204,8.238619748589446,8.055131723832204,8.21109676361084,1196800
20-11-2024,8.156050252426034,8.266143059974727,8.156050252426034,8.229445457458496,1035500
21-11-2024,8.26614382456762,8.43128261369556,8.247794584142326,8.385411262512207,1015200
22-11-2024,8.275319707222526,8.4588077647678,8.275319707222526,8.40376091003418,1620100
25-11-2024,8.458806069352477,8.596421866193806,8.449631449579082,8.578073501586914,2985500
26-11-2024,8.477153719364882,8.596421141545491,8.422107755244493,8.449630737304688,2846900
27-11-2024,8.532202761539398,8.596423361242303,8.38541231939559,8.440458297729492,1616900
29-11-2024,8.513853073120117,8.587248290349946,8.403760247275375,8.513853073120117,987500
02-12-2024,8.504679510611112,8.587248475570618,8.394585807451724,8.568900108337402,3396400
03-12-2024,8.70651469386858,9.174409803850534,8.697340074079154,8.935874938964844,10614500
04-12-2024,8.917527175591896,9.073492222768522,8.752387508007246,8.798259735107422,4555800
05-12-2024,8.789084707568486,8.834956932543754,8.678991892591794,8.77991008758545,2088100
06-12-2024,8.834956658059388,8.862479642213497,8.761561450355169,8.789084434509277,1703500
09-12-2024,8.825783455306102,8.908353295964584,8.789085845562335,8.83495807647705,2683800
10-12-2024,8.880830190345218,9.03679524843566,8.80743497182501,8.926701545715332,10040600
11-12-2024,8.972572705184135,8.972572705184135,8.816607665707506,8.871654510498047,2969300
12-12-2024,8.825782612164222,8.981747657410633,8.789085005926239,8.890003204345703,4514200
13-12-2024,8.85330581665039,8.899178044315205,8.73403924963783,8.85330581665039,1908900
16-12-2024,8.853306327195124,9.009271385285569,8.834957960035084,8.926701545715332,1486200
17-12-2024,8.908351216624673,8.95422343683214,8.779909175031733,8.899176597595215,1935900
18-12-2024,8.899178522380188,8.917527764407826,8.39458574084038,8.422109603881836,4663700
19-12-2024,8.532200891721267,8.587246857991936,8.449631067375407,8.467979431152344,2913900
20-12-2024,8.40375909284614,8.724863780321307,8.40375909284614,8.550549507141113,4668400
23-12-2024,8.52302640917528,8.59642161534089,8.422108219432534,8.495503425598145,1364200
24-12-2024,8.532202498930948,8.578074729424022,8.43128341685818,8.568900108337402,574100
26-12-2024,8.504679291499986,8.63312048364346,8.495504670649739,8.605597496032715,803100
27-12-2024,8.513851320425083,8.578072778485303,8.412933136244487,8.449630737304688,1244500
30-12-2024,8.394586288421898,8.422110153258744,8.266145085610244,8.40376091003418,1177100
31-12-2024,8.4978666305542,8.582563121809772,8.460223845271143,8.4978666305542,1962300
02-01-2025,8.507277452747259,8.544920237594491,8.337884472197327,8.394349098205566,1830300
03-01-2025,8.403759837936628,8.431991701595804,8.26259872469122,8.413169860839844,2374300
06-01-2025,8.403760081352406,8.469634730956804,8.366117296224923,8.38493824005127,1813300
07-01-2025,8.384938204451329,8.431991910029604,8.215545223359452,8.27200984954834,1959000
08-01-2025,8.206135200223626,8.300241713905391,8.177902438391788,8.27200984954834,1779200
10-01-2025,8.074384429619112,8.28142018094837,8.046152567270717,8.224955558776855,1916500
13-01-2025,8.140259314152738,8.22495580116868,8.140259314152738,8.196723937988281,1468000
14-01-2025,8.21554540364554,8.300241896050101,8.196724459486086,8.253189086914062,1107400
15-01-2025,8.422581609519277,8.497867184997393,8.403760664387173,8.431992530822754,1483000
16-01-2025,8.479045037875784,8.535508762742646,8.43199133550358,8.460223197937012,2048800
17-01-2025,8.573152101861217,8.573152101861217,8.384938177625063,8.394349098205566,1073700
21-01-2025,8.41317050653088,8.47904605675777,8.394349561805221,8.450813293457031,1846700
22-01-2025,8.384937527666715,8.413169389745049,8.300241043956996,8.356705665588379,1497100
23-01-2025,8.319063165518665,8.460223378167727,8.272009462144064,8.441402435302734,1715800
24-01-2025,8.384938547616645,8.46022412063314,8.328474816591687,8.347295761108398,1024600
27-01-2025,8.319062631101392,8.535508396255427,8.281419850314835,8.50727653503418,1452200
28-01-2025,8.479044852636115,8.629615978957892,8.469633932872327,8.488455772399902,1542900
29-01-2025,8.469634567390726,8.497866431322425,8.224956020049937,8.290831565856934,1162400
30-01-2025,8.3849387942784,8.403760636823622,8.253189486361247,8.319064140319824,1572500
31-01-2025,8.28142083275754,8.37552734715065,8.196724341571388,8.262598991394043,1730000
03-02-2025,8.140259987463802,8.206135536966539,7.961456975898827,8.112028121948242,2579500
04-02-2025,8.07438426357218,8.20613444761317,8.07438426357218,8.13084888458252,1035600
05-02-2025,8.149670319072973,8.177902182546793,8.017921024545313,8.064973831176758,1261500
06-02-2025,8.102616929703487,8.262598991394043,8.027331359199083,8.262598991394043,1198200
07-02-2025,8.215546480179183,8.243779246330087,8.121439952100939,8.234368324279785,1857800
10-02-2025,8.243777727285382,8.243777727285382,8.055563808335323,8.064973831176758,795700
11-02-2025,7.980277920417592,8.13084996394183,7.970867896895621,8.112028121948242,1005100
12-02-2025,7.97086697726937,8.046152541608125,7.904991435366921,7.989687919616699,1345300
13-02-2025,8.05556405158893,8.093206836515641,7.989688504861101,8.036742210388184,822800
14-02-2025,8.093206405639648,8.130849188562285,8.00850991969503,8.093206405639648,1144400
18-02-2025,8.055563724611545,8.22495580116868,8.03674188417478,8.196723937988281,1052100
19-02-2025,8.093205985955244,8.224955270615064,8.064973227121262,8.1402587890625,1584200
20-02-2025,8.074384995314894,8.20613519129577,7.867349229480598,8.036742210388184,1522700
21-02-2025,8.121438767703392,8.121438767703392,7.660314424186201,7.735599994659424,2048700
24-02-2025,7.745009774683268,7.81088531988506,7.69795696772097,7.763831615447998,2600300
25-02-2025,7.7450096025396125,7.79206330593084,7.669724036103546,7.726188659667969,3117100
26-02-2025,7.726189262010294,7.895582248434882,7.669724634043827,7.707367420196533,1725700
27-02-2025,7.650903870519931,7.839117805731556,7.650903870519931,7.688546657562256,1507900
28-02-2025,7.773242660740178,8.02733123282369,7.679135250353823,7.745009899139404,6888400
03-03-2025,7.679135250353823,7.886171014718936,7.679135250353823,7.745009899139404,2972500
04-03-2025,7.669723813926913,7.763831217983265,7.575617307345281,7.632081031799316,2620000
05-03-2025,7.622671567401114,7.820296412407062,7.585028782517828,7.801474571228027,3103400
06-03-2025,7.745010621948745,7.782654307596237,7.594439469258226,7.716778755187988,2927300
07-03-2025,7.71677808977376,8.05556405158893,7.71677808977376,8.036742210388184,4406200
10-03-2025,7.942633513923407,7.989687211835468,7.829705177419242,7.839116096496582,3222000
11-03-2025,7.886171079923953,7.904992023671973,7.425046290925231,7.443867683410644,2838100
12-03-2025,7.443867378922451,7.51915294578458,7.293296245198189,7.481510162353516,2337200
13-03-2025,7.575617889005135,7.64149253841764,7.236832375107278,7.265064239501953,2602200
14-03-2025,7.359171793251425,7.462689229685772,7.330939479572803,7.425046443939209,1389300
17-03-2025,7.453277638115999,7.594437839094276,7.43445624806974,7.566205978393555,1795800
18-03-2025,7.509742718548022,7.537975031408258,7.425046228704706,7.453278541564941,2311600
19-03-2025,7.481510148607048,7.613260339111075,7.481510148607048,7.5473856925964355,1846900
20-03-2025,7.472099952069448,7.594438778128367,7.462689031514014,7.509742736816406,1575800
21-03-2025,7.387403595938129,7.443867774082142,7.1991896687914165,7.434457302093506,5130700
24-03-2025,7.537974940017473,7.566206803798035,7.396814274902515,7.46268892288208,3086500
25-03-2025,7.472100087522849,7.537975186392897,7.359171731234821,7.434457302093506,3639400
26-03-2025,7.472100087522849,7.500331952226156,7.302707553090808,7.434457302093506,3532500
27-03-2025,7.406224862483871,7.415635783049586,7.25565372333156,7.330939292907715,2717100
28-03-2025,7.311922874067723,7.340447676680958,7.169297500820861,7.264380931854248,2505300
31-03-2025,7.188313941387589,7.378481250349506,7.188313941387589,7.340447425842285,3526800
01-04-2025,7.30241451292301,7.416515086816887,7.254873022744671,7.330939769744873,1896000
02-04-2025,7.216839659370424,7.511598531106567,7.216839659370424,7.492581844329834,2614300
03-04-2025,7.150281085612348,7.188314459467182,6.722405403048684,6.874538898468018,4106300
04-04-2025,6.646337985992432,6.7889633600106585,6.513221181825751,6.646337985992432,4661500
07-04-2025,6.351578827020263,6.722404872953788,6.12337860188598,6.389612197875977,4739000
08-04-2025,6.627321032955042,6.627321032955042,6.009278526072844,6.085345268249512,3815100
09-04-2025,5.980753836703944,6.998147743023206,5.885670399990366,6.922080993652344,6167300
10-04-2025,6.608304369555623,6.826996480743164,6.399120827868804,6.560762882232666,2791200
11-04-2025,6.532237256830807,6.8460127782708025,6.456170518711235,6.750929355621338,2484900
14-04-2025,6.836505343484987,6.836505343484987,6.475187848043333,6.65584659576416,3849100
15-04-2025,6.617812956005504,6.731913069945087,6.522729527722518,6.570271015167236,2377300
16-04-2025,6.513221191052544,6.617813192599887,6.427646329235233,6.484696388244629,2654600
17-04-2025,6.5322373425517535,6.70338795896028,6.522729226858796,6.627320766448975,2021000
21-04-2025,6.532237325533092,6.62732074918259,6.484695840405108,6.617812633514404,1840900
22-04-2025,6.674863282187744,6.731913341458494,6.551254593737667,6.65584659576416,2669300
23-04-2025,6.912571713006669,7.036180394730131,6.674862918950877,6.6938796043396,2161700
24-04-2025,6.731913203099317,6.8174885169434205,6.674863145001101,6.769946575164795,1589800
25-04-2025,6.741421566224674,6.865029794952778,6.684371509874731,6.8555216789245605,2147400
28-04-2025,6.8745382328938325,6.9981469126513725,6.85552154780756,6.969621658325195,3437400
29-04-2025,6.931588362671835,7.0076551038346935,6.836504936218262,6.836504936218262,2936300
30-04-2025,6.874538742509319,7.007655547981291,6.77945531002934,6.979130744934082,5948500
01-05-2025,7.026671926687541,7.216839236711161,6.96962186969852,7.03618049621582,3797600
02-05-2025,7.036180179435498,7.28339708192448,6.855521447073708,7.245363712310791,5083300
05-05-2025,7.14077257004561,7.302414173204457,7.14077257004561,7.21683931350708,2695000
06-05-2025,7.159789237611088,7.235855980878138,7.026671983500198,7.055197238922119,2394400
07-05-2025,7.064705298013555,7.121755355002576,7.017163810552813,7.03618049621582,5427800
08-05-2025,7.112247047758138,7.207330473518232,7.055196992302081,7.131263732910156,3948000
09-05-2025,7.131263960697546,7.245364075254255,7.102738705361593,7.207330703735352,3215900
12-05-2025,7.597172737121582,7.720781417164762,7.540122681730931,7.597172737121582,2857100
13-05-2025,7.616189759624094,7.63520599107109,7.521105882027931,7.559139251708984,2660900
14-05-2025,7.511598434881403,7.587665181013902,7.454548375282029,7.464056491851807,2418500
15-05-2025,7.426022529602051,7.473564468859652,7.359463905320116,7.426022529602051,1797800
16-05-2025,7.454548302558543,7.454548302558543,7.330939614602322,7.4355316162109375,2078000
19-05-2025,7.31192266429182,7.387989406936208,7.273889292969626,7.349956035614014,1126600
20-05-2025,7.311922335831512,7.32143045153817,7.216838911797288,7.245363712310791,1375100
21-05-2025,7.159788830056482,7.235855568993606,7.08372163772583,7.08372163772583,3915700
22-05-2025,7.083721736009895,7.14077224439782,7.036180250211335,7.112246990203857,1630800
23-05-2025,7.017163867288594,7.093230610555644,6.950605240233149,7.055197238922119,1651600
27-05-2025,7.1597895342024085,7.359464516853089,7.0932309043898,7.311923027038574,2059900
28-05-2025,7.32143045153817,7.340447136345015,7.235855596604133,7.245363712310791,1668400
29-05-2025,7.273889122280266,7.311922492709968,7.169297126901817,7.292905807495117,3458400
30-05-2025,7.24536424564757,7.330939560274401,7.169297500820861,7.264380931854248,3427700
02-06-2025,7.245364075254255,7.2643807610137054,7.112247274938095,7.207330703735352,1787700
03-06-2025,7.207330383102118,7.311922376822881,7.150280328361755,7.254872322082519,1930300
04-06-2025,7.254872799992169,7.292906172324499,7.07421405471682,7.102738857269287,1750700
05-06-2025,7.093230892733799,7.216839582156849,7.036180833013985,7.150280952453613,2617500
06-06-2025,7.273888948899356,7.302413749344944,7.1883136407755375,7.235855579376221,2338400
09-06-2025,7.292906074791968,7.416514759915727,7.23585601705644,7.378481388092041,2598100
10-06-2025,7.43553125394419,7.540122797063431,7.330939257431405,7.473564624786377,2960300
11-06-2025,7.530614892384132,7.530614892384132,7.349956149117079,7.387989521026611,3235900
12-06-2025,7.330939366688594,7.387989423802124,7.2929059952795745,7.359464168548584,2037000
13-06-2025,7.254872354386604,7.292905724382865,7.074213620207597,7.112246990203857,2715900
16-06-2025,7.1978222098530855,7.283397064583376,7.121755017413286,7.235855579376221,3495300
17-06-2025,7.1502800572930685,7.273888731241255,7.102738120114992,7.169296741485596,3573800
18-06-2025,7.150280328361755,7.302413807669389,7.150280328361755,7.254872322082519,8378000
20-06-2025,7.32143045153817,7.359463821151859,7.207330342697101,7.245363712310791,4331900
23-06-2025,7.216839196419619,7.359464111399122,7.131263884717079,7.340447425842285,3372600
24-06-2025,7.407006476581134,7.435531733248321,7.321431159973144,7.321431159973144,3709300
25-06-2025,7.302413749344944,7.311922318422492,7.1883136407755375,7.235855579376221,2890700
26-06-2025,7.254872663470451,7.368972778320312,7.24536409386952,7.368972778320312,2697400
27-06-2025,7.387989561072638,7.454548188971872,7.321430933173404,7.39749813079834,6755500
30-06-2025,7.407105232281051,7.445533756958959,7.195747888448408,7.359069347381592,3327200
01-07-2025,7.330247544203561,7.676104236168483,7.320640184819148,7.560818672180176,4130500
02-07-2025,7.560818569260308,7.666497230529785,7.541604308857139,7.666497230529785,2684100
03-07-2025,7.685711860656738,7.7529615462508445,7.637675978285983,7.685711860656738,1461500
07-07-2025,7.618461626559686,7.714532932057111,7.464747537763805,7.5319976806640625,2430400
08-07-2025,7.560819254231696,7.7049269074670255,7.531998090067946,7.6280694007873535,2598900
09-07-2025,7.656889915466309,7.68571153528945,7.551211711691034,7.656889915466309,2712700
10-07-2025,7.676104121548816,7.916282605323497,7.666497220411962,7.839425563812256,2960000
11-07-2025,7.762569120517014,7.8394261679511805,7.714533236818592,7.820212364196777,2605100
14-07-2025,7.781783240782927,7.839425563812256,7.69531884003073,7.839425563812256,2264500
15-07-2025,7.8682471142157056,7.906675636870659,7.676104500940937,7.685711860656738,1774900
16-07-2025,7.704926209440225,7.791389694098327,7.628068709723449,7.666497230529785,2241900
17-07-2025,7.656889714797444,7.743354572000832,7.570425773802244,7.608854293823242,2073900
18-07-2025,7.61846204066334,7.656890564951104,7.551212352211827,7.6280694007873535,3011000
21-07-2025,7.685711643188084,7.762568686323307,7.618461501392709,7.637675762176514,2543000
22-07-2025,7.67610416485901,7.858640326634269,7.637675643886567,7.829818248748779,3373000
23-07-2025,7.897069544351771,7.99314039715494,7.800997775340311,7.877854824066162,4283300
24-07-2025,7.820211839642124,7.877854163247149,7.743354797363281,7.743354797363281,4311700
25-07-2025,7.800998210906982,7.829819376736326,7.714533797210608,7.800998210906982,2508200
28-07-2025,7.839425777078294,7.849033136580612,7.704926408878764,7.714532852172852,2587700
29-07-2025,7.752961109738758,7.772175828088521,7.647282907439658,7.676104068756103,2473700
30-07-2025,7.69531879626301,7.74335467598638,7.435925595481735,7.503175735473633,2774000
31-07-2025,7.464747690031597,7.522390474505864,7.349462121083063,7.416711807250977,3240100
01-08-2025,7.330247245126927,7.359068405896036,7.20535432684988,7.272604465484619,2650200
04-08-2025,7.330247966809621,7.474355159155179,7.28221208332639,7.397497653961182,3247300
05-08-2025,7.4071050776727585,7.455140961569567,7.330248029921178,7.387890815734863,2652000
06-08-2025,7.368676183981258,7.378283085415989,7.243783258600938,7.282211780548096,4347600
07-08-2025,7.349462291859074,7.387890815734863,7.24378362214858,7.387890815734863,2281200
08-08-2025,7.503176010796309,7.6761043595585186,7.2053547366537805,7.282211780548096,3947400
11-08-2025,7.282211628988784,7.378282931857216,7.157318706207768,7.311033248901367,3059900
12-08-2025,7.378283028423301,7.570426094779018,7.3206402459478195,7.551211833953857,3222600
13-08-2025,7.570425994131776,7.743354797363281,7.522390113655446,7.743354797363281,3951900
14-08-2025,7.666497274775391,7.676104175980368,7.5896402327191534,7.656889915466309,2818500
15-08-2025,7.647282921375481,7.695318801129227,7.56081852106038,7.589640140533447,2778000
18-08-2025,7.589640339269056,7.704926362076002,7.589640339269056,7.637675762176514,1418700
19-08-2025,7.656890239647061,7.810604788371675,7.6376759783195,7.772176265716553,1733900
20-08-2025,7.7817834524808465,7.800997255277252,7.704926408878764,7.714532852172852,2076700
21-08-2025,7.704925888899439,7.77217556846075,7.666496911587723,7.72413969039917,1873600
22-08-2025,7.820212528005802,8.156461888521585,7.810605167823218,8.127640724182129,2544800
25-08-2025,8.089212591823125,8.137248478856518,8.002748178404687,8.060391426086426,1992100
26-08-2025,8.021961087862113,8.13724664097887,7.993139012426825,8.04117488861084,2981300
27-08-2025,8.050782993278757,8.27174676151394,8.031568274540975,8.252532958984375,2684200
28-08-2025,8.290962484047206,8.290962484047206,8.16606954575536,8.242926597595215,1884400
29-08-2025,8.262140489531786,8.27174693289149,8.118032844637394,8.223711967468262,1782200
02-09-2025,8.146853742856718,8.156461102113004,8.041175539662188,8.0988187789917,2339200
03-09-2025,8.060389922091419,8.214103998949964,8.041175204380018,8.156460762023926,2838900
04-09-2025,8.16606851329056,8.290961435791754,8.146853794655817,8.262140274047852,2977200
05-09-2025,8.271747762983079,8.377426896419125,8.194890711143223,8.242926597595215,2212000
08-09-2025,8.223712493591378,8.223712493591378,8.10842600381696,8.127640724182129,3007200
09-09-2025,8.089212729559234,8.12764125659861,7.964319787629181,8.031569480895996,2899800
10-09-2025,8.02196199486282,8.127640201449623,7.983533472812327,8.050783157348633,2463100
11-09-2025,8.089212508574533,8.1276410345641,8.050783982584967,8.069997787475586,2692900
12-09-2025,8.06039068870203,8.089211851802098,7.993140086524195,8.02196216583252,2742900
15-09-2025,8.06039104812645,8.069997492116,7.858641065013135,7.868247509002685,4778200
16-09-2025,7.897069021799562,7.983533424946835,7.81060461865229,7.88746166229248,3732300
17-09-2025,7.877854736972872,7.993140308787115,7.762569165158629,7.810605049133301,3133000
18-09-2025,7.86824630840929,8.021961299495025,7.849032507153671,8.00274658203125,3243000
19-09-2025,8.002747229672222,8.021961948690993,7.887461664184284,7.973926067352295,5260000
22-09-2025,7.925890575366687,7.97392645906511,7.810605004215438,7.820212364196777,2509500
23-09-2025,7.8394261679511805,7.945105295329366,7.810605004215438,7.820212364196777,1945800
24-09-2025,7.800997383893216,7.839425906327833,7.724140339023982,7.781783580780029,3018000
25-09-2025,7.752960850752851,7.752960850752851,7.666496911587723,7.72413969039917,2754500
26-09-2025,7.714532979363266,7.839425906327833,7.704926535910796,7.781783580780029,2495900
29-09-2025,7.800997473529249,7.906675682386662,7.704926624442944,7.762568950653076,3426500
30-09-2025,7.743162239586124,7.772272075577659,7.646130224089585,7.723755836486816,2745300
01-10-2025,7.694646000495282,7.762568642685432,7.6364267911973585,7.723755836486816,2933400
02-10-2025,7.714052592245192,7.781975698781578,7.655833381523492,7.733458995819092,1934300
03-10-2025,7.762568813260697,7.840194427363679,7.6655367956319695,7.684943199157715,2632100
06-10-2025,7.704349859858223,7.733459234775948,7.607317838990522,7.6267242431640625,2789300
07-10-2025,7.626724193236644,7.665537001329641,7.5199887396383165,7.52969217300415,2964700
08-10-2025,7.549098339767402,7.587911146640435,7.452065859899664,7.471472263336182,1971400
09-10-2025,7.471472433765459,7.529692108088193,7.393846818248701,7.43265962600708,2156600
10-10-2025,7.442363268813157,7.481176077664228,7.267705166298159,7.277408599853516,2443200
13-10-2025,7.364737425514623,7.422956637007862,7.277408376932185,7.384143829345703,2554300
14-10-2025,7.267704713663805,7.519988418168658,7.25800174339793,7.490878582000732,2886900
15-10-2025,7.52969217300415,7.61702075987081,7.481175931545319,7.52969217300415,2625600
16-10-2025,7.519988483603627,7.578207693760921,7.374440226867817,7.422956466674805,2491700
17-10-2025,7.403550670125218,7.5199890999837455,7.393847236294411,7.500582695007324,3049300
20-10-2025,7.539394973577709,7.587911213941895,7.48117576275178,7.568504810333252,1571400
21-10-2025,7.568504522735333,7.71405231292686,7.51998828421473,7.578207492828369,2496800
22-10-2025,7.5782081034215665,7.723756368025384,7.481176081247415,7.655833721160889,2823000
23-10-2025,7.684942939962611,7.694645910055647,7.568504522735333,7.578207492828369,2352600
24-10-2025,7.636426991620923,7.675239798838208,7.558801377186351,7.568504810333252,1471300
27-10-2025,7.607317532389198,7.694646116307897,7.549098322215014,7.587911128997803,2024400
28-10-2025,7.568504657553483,7.617020434253159,7.452065775566932,7.490878582000732,2072300
29-10-2025,7.452065944567502,7.743162462107744,7.452065944567502,7.617020606994629,5636300
30-10-2025,7.558801597214086,7.733459234775948,7.51028535543765,7.6267242431640625,3880800
31-10-2025,7.568504725606409,7.655833309525108,7.355033825615912,7.587911128997803,4576800
03-11-2025,7.558801096375722,7.762568558039059,7.49087845492623,7.743162155151367,3803100
04-11-2025,7.6752403021178,7.801382165187912,7.626724521257503,7.781976222991943,4528400
05-11-2025,7.78197601426047,7.976040057866767,7.694646500609872,7.937227249145508,4666300
06-11-2025,7.956632340981527,8.111883559284347,7.898413596803097,7.966335773468018,6591400
07-11-2025,8.247729728274134,8.694077491760254,7.937227258151738,8.694077491760254,6500000
10-11-2025,8.732890847527203,9.09190958243665,8.664968659276079,9.053096771240234,7003900
11-11-2025,9.05309540339147,9.140424446731302,8.936656987395116,8.985173225402832,5974300
12-11-2025,9.004579850688318,9.101612334088523,8.829922676086426,8.829922676086426,4448300
13-11-2025,8.810515157807322,8.90754763403293,8.645560503445951,8.703780174255371,3517900
14-11-2025,8.674669876165524,8.771702352391133,8.616451130726379,8.703780174255371,3491900
17-11-2025,8.732889574340064,8.732889574340064,8.45149650284836,8.470902442932129,3652100
18-11-2025,8.41268340258561,8.713482403623068,8.393276537811456,8.597043991088867,5895600
19-11-2025,8.635857923642684,8.723186975796457,8.461200744705504,8.509716987609863,4769900
20-11-2025,8.567934839809572,8.655263882800357,8.315651143474026,8.32535457611084,4540700
21-11-2025,8.383574194238518,8.587341651488526,8.325354524151262,8.558231353759766,5580600
24-11-2025,8.59704456680209,8.655264239653075,8.52912238628453,8.577638626098633,4978100
25-11-2025,8.655264210997727,8.897844483894815,8.645560777992971,8.859031677246094,5553000
26-11-2025,8.849328792187132,9.004580028395093,8.839625358581543,8.839625358581543,3467300
28-11-2025,8.888141601239122,8.907548468450297,8.791110041294326,8.839625358581543,1963000
01-12-2025,8.762000054822952,8.868735977572953,8.703781301841492,8.713483810424805,1606500
02-12-2025,8.723187039773183,8.800812658841325,8.63585798697893,8.655264854431152,3009000
03-12-2025,8.73288988730874,8.85903174116986,8.558231793444067,8.626154899597168,2512600
04-12-2025,8.58734292696877,8.626155737668396,8.36416857141811,8.383575439453125,2703700
05-12-2025,8.383574726269476,8.558231896874661,8.34476191887162,8.490309715270996,3201400
08-12-2025,8.558232448749436,8.597045258650121,8.344762456980856,8.422388076782227,2863800
09-12-2025,8.422387164869981,8.567934954896145,8.422387164869981,8.519418716430664,1455600
10-12-2025,8.500012714477812,8.800811725110705,8.500012714477812,8.703780174255371,2619300
11-12-2025,8.742593796113747,8.907548465879694,8.645561310826592,8.791110038757324,2885500
12-12-2025,8.849328483642108,8.994877206540071,8.791109734779186,8.965766906738281,4163000
15-12-2025,8.965766568923835,9.08220498763281,8.849328150214857,9.043392181396484,3155100
16-12-2025,9.014283147704267,9.014283147704267,8.87843785807357,8.965766906738281,2558100
17-12-2025,9.00458015136139,9.13072201384554,8.897845156353435,9.033690452575684,3036400
18-12-2025,9.053095198137688,9.072502063048889,8.946360217236853,8.975469589233398,2026400
19-12-2025,8.926953519267235,9.023985994897313,8.907547579363381,8.936656951904297,5806800
22-12-2025,9.014283585099488,9.062799828419603,8.926954532197357,9.033690452575684,1647000
23-12-2025,9.062798971035871,9.062798971035871,8.878437448934982,8.897844314575195,1489000
24-12-2025,8.907547956072317,8.975470136663706,8.88814108997746,8.956063270568848,1089100
26-12-2025,8.946360553305444,8.97546992639548,8.849328075844946,8.897844314575195,1056100
29-12-2025,8.888140881755088,8.946360553305444,8.83962464302484,8.897844314575195,1283800
30-12-2025,8.917250835956727,8.956063644396188,8.888141460969718,8.92695426940918,1425700
31-12-2025,8.936786058967124,8.936786058967124,8.808977127075195,8.808977127075195,1674200
02-01-2026,8.828639381352467,9.044931488302275,8.749987876570701,8.966279983520508,2530600
05-01-2026,8.946616867199541,9.025268365749003,8.838470353494166,8.95644760131836,1947500
06-01-2026,8.90729126903136,9.074425003084418,8.838470503433214,9.064594268798828,2508500
07-01-2026,9.05476352838914,9.074425936582854,8.789313985774507,8.838471412658691,1382000
08-01-2026,8.81880860896912,9.084257202079284,8.799145264057312,9.005605697631836,2350600
09-01-2026,9.202235099805655,9.2808866097322,9.084257834915832,9.09408950805664,2324100
12-01-2026,9.09408876056762,9.133414512298511,8.995773912440452,9.12358283996582,2239600
13-01-2026,9.330043587540104,9.330043587540104,9.133414822213638,9.300549507141112,2282100
14-01-2026,9.290717096564606,9.320211174621049,8.995773503200683,9.064594268798828,2383200
15-01-2026,9.074425878458785,9.20223481249904,9.074425878458785,9.1432466506958,2442000
16-01-2026,9.103920653966382,9.172740486766592,8.985943395908922,9.153078079223633,2504700
20-01-2026,9.0252685546875,9.103920054883485,8.917122038718144,9.0252685546875,2533100
21-01-2026,9.094089031219482,9.49717823285755,9.084257358594186,9.33987522125244,4253100
22-01-2026,9.40869449042296,9.664312337758131,9.349706333407058,9.438189506530762,3365100
23-01-2026,9.349706687703032,9.369369094920131,9.182572007158193,9.310380935668944,2788200
26-01-2026,9.290717124938965,9.408694375124876,9.241559702961542,9.290717124938965,3411300
27-01-2026,9.290718282873009,9.379201465940364,8.985943916307628,9.09408950805664,6719000
28-01-2026,9.13341474425808,9.241560329864615,8.867966147732982,8.887628555297852,2268800
29-01-2026,8.976110874887977,9.094088121793868,8.887627705308608,9.035099029541016,2019900
30-01-2026,9.015436882763042,9.074425039110109,8.867965554295536,9.0252685546875,2887100
02-02-2026,9.103920715239465,9.18257222114046,9.005605864063265,9.07442569732666,1841500
03-02-2026,9.094089467380591,9.192404323149011,8.995774611612172,9.133415222167969,3785500
04-02-2026,9.221897611439225,9.507009543518269,9.182571860035214,9.467683792114258,7043300
05-02-2026,9.48734638982988,9.565997894219771,9.22189779691396,9.271055221557615,4742000
06-02-2026,9.26122319618238,9.42835787104171,9.26122319618238,9.398863792419434,3069600
09-02-2026,9.379200225001624,9.438189318441813,9.231728897800902,9.36936855316162,1686400
10-02-2026,9.408694821061808,9.870773109390615,9.37920074151738,9.841279029846191,2662300
11-02-2026,9.89043620932642,9.978918445769418,9.772458018869369,9.851110458374023,2550200
12-02-2026,9.949424808289788,10.067402066380192,9.49717818347662,9.64465045928955,2761400
13-02-2026,9.664312326285028,9.782289577776623,9.556166746817697,9.703638076782228,5281300
17-02-2026,9.742963718995949,9.910098391151466,9.703637968935816,9.821615219116213,1864500
18-02-2026,9.693806368555675,9.910098464282433,9.664312290192887,9.742963790893556,1844500
19-02-2026,9.801952676110629,9.939592330600558,9.664312084020873,9.71346950531006,2805600
20-02-2026,9.713470176935422,9.811784088711756,9.546335495555772,9.762627601623535,3820800
23-02-2026,9.792121681396448,9.811784088711756,9.49717807086766,9.762627601623535,3108000
24-02-2026,9.733132267916972,9.880604537188356,9.605324280521575,9.851110458374023,3458400
25-02-2026,9.801952294323916,9.910097866867988,9.7331315321597,9.880603790283203,2876300
26-02-2026,9.998581739718992,10.165716414825395,9.93959264478738,10.155884742736816,4108500
27-02-2026,10.264029851227772,10.49015361087426,9.762626786550417,9.870772361755373,3444600
02-03-2026,9.72330181157971,9.95925632404517,9.536503786011304,9.801953315734863,2579000
03-03-2026,9.5659972414425,9.792121004332826,9.408694243396964,9.71346950531006,2185800
04-03-2026,9.801953277920328,9.880604781772057,9.752795853613026,9.841279029846191,2017500
05-03-2026,9.7527954628811,9.792121213231432,9.644649883817644,9.742963790893556,1316200
06-03-2026,9.565997492598497,9.831447011969605,9.30054891082724,9.438189506530762,2082300
09-03-2026,9.28088565958523,9.438189600934011,9.044931153961844,9.32021141052246,2908700
10-03-2026,9.280885639008169,9.556166832558306,9.2513915602706,9.359538078308104,2232100
11-03-2026,9.300548450014528,9.448019772847394,9.271054372967914,9.41852569580078,2128700
12-03-2026,9.300548869446324,9.369368698191956,9.20223402472412,9.212065696716309,1701000
13-03-2026,9.33004378714762,9.438190313590804,9.074425917954551,9.103920936584473,2117200
16-03-2026,9.22189779691396,9.35953839839622,9.192403717167725,9.271055221557615,1059700
17-03-2026,9.339874977411656,9.457852233035398,9.320211632674424,9.349706649780272,1357700
18-03-2026,9.310381179807417,9.438190111669597,9.26122375407582,9.300549507141112,1735300
19-03-2026,9.251392042824593,9.428358399680292,9.16290886439674,9.33987522125244,1642000
20-03-2026,9.330043097262552,9.379200520411011,9.035099495971668,9.054762840270996,3550500
23-03-2026,9.339875260206409,9.48734659980128,9.202234655677923,9.300549507141112,2451100
24-03-2026,9.271054961837711,9.448020372957508,9.202234194224587,9.280885696411133,1611700
25-03-2026,9.389032120345387,9.438189543115756,9.310380618952744,9.398863792419434,1779900
26-03-2026,9.39886399873323,9.615155163510863,9.339874902593955,9.42835807800293,1872000
27-03-2026,9.42835808037074,9.42835808037074,9.113752067815264,9.162908554077148,1920000
30-03-2026,9.22189783495702,9.300549339671376,9.162908737621308,9.231729507446287,1853600
31-03-2026,9.390554637656033,9.479894103498095,9.22180252365956,9.301215171813965,2230500
01-04-2026,9.360775153157174,9.370701024194608,9.251582051684434,9.291288375854492,1710700
02-04-2026,9.192022924853417,9.39055454324339,9.18209610726556,9.34092140197754,1479400
06-04-2026,9.330994656428992,9.370700980413536,9.211875684475356,9.311141967773438,1074200
07-04-2026,9.291288260711688,9.42033404933353,9.271435572209406,9.34092140197754,1787600
08-04-2026,9.579159483133838,9.747911597883936,9.579159483133838,9.688352584838867,1992600
09-04-2026,9.688352779406312,10.095342847856992,9.618866000560333,10.006003379821776,2752800
10-04-2026,10.025856783800704,10.184682080335037,10.006003148397197,10.105269432067873,1748000
13-04-2026,10.095342542421358,10.2144615139732,9.906736794125866,10.135048866271973,1295000
14-04-2026,10.095342084785807,10.333580017089844,10.085415267604793,10.333580017089844,1213700
15-04-2026,10.31372758606422,10.333580274246906,10.194608616947855,10.224388122558594,1615700
16-04-2026,10.105269174681313,10.264094467170278,10.105269174681313,10.21446132659912,2326400
17-04-2026,10.37328694708941,10.551965880125998,10.293874298333916,10.4824800491333,1276800
20-04-2026,10.383213880317768,10.472553347829551,10.353434373371655,10.432847023010254,1353100
21-04-2026,10.442773350702767,10.492405544392078,10.22438810111084,10.234314918518066,1420200
22-04-2026,10.293874450535055,10.38321391837429,9.986150668725992,10.01593017578125,1670900
23-04-2026,10.055636384109867,10.174755357622685,9.95637009951246,10.065563201904297,1825300
24-04-2026,10.035782561870436,10.194608803607046,9.98615036716827,10.144975662231444,1700800
27-04-2026,10.135048816026432,10.293874110641497,10.135048816026432,10.154901504516602,1460300
28-04-2026,10.224388215795893,10.27402135671534,10.085415610556124,10.18468189239502,1879100
29-04-2026,10.115195137871323,10.234315054999769,10.10526926700514,10.174755096435549,1922200
30-04-2026,10.17475521190036,10.30380100135942,10.095342564029158,10.1251220703125,2493100
01-05-2026,10.085416062689417,10.6015992367149,10.085416062689417,10.39314079284668,4061700
04-05-2026,10.2839472930597,10.393140393112628,10.115195180862836,10.154901504516602,2409900
05-05-2026,10.204534649762678,10.61152470404209,10.174755143679008,10.56189250946045,1963900
06-05-2026,10.770350872300844,10.810057195700752,10.532111985227978,10.59167194366455,1834000
07-05-2026,10.661157794666686,10.8199830885899,10.56189245930139,10.581745147705078,2405200
08-05-2026,10.6214511721702,10.810056913399444,10.611524354911102,10.710790634155272,1207600
11-05-2026,10.710791081734074,10.760424223430212,10.46262631992682,10.522186279296877,1374900
12-05-2026,10.5420390623632,10.591672204503745,10.35343425823726,10.4824800491333,1164000
13-05-2026,10.452699807281332,10.551966093570377,10.33358083173856,10.39314079284668,1229400
14-05-2026,10.4526997340595,10.561892837547235,10.393140720042062,10.42292022705078,949800
15-05-2026,10.343507091674956,10.343507091674956,10.174754982091756,10.224388122558594,1771400
18-05-2026,10.274021489477974,10.561892574522584,10.244241036537424,10.532112121582031,1397900
19-05-2026,10.48248016570274,10.542039179594958,10.363360244571387,10.432847023010254,1149400
20-05-2026,10.442773264191834,10.71079070525274,10.432846446866842,10.681011199951172,1008000
21-05-2026,10.66115751575378,10.7008638381958,10.472552720822522,10.7008638381958,2973700
22-05-2026,10.740570325551907,10.750497142983184,10.522186022104345,10.631378173828123,4106100
26-05-2026,10.710790962517551,11.0085888627063,10.65123100381043,10.978809356689451,2029100
27-05-2026,11.058221788604964,11.147560304916556,11.008588648427365,11.068147659301758,2373200
28-05-2026,10.978809100590404,11.187267531192544,10.869616003286698,11.088001251220703,2513900
29-05-2026,11.167414318999292,11.187267954414098,10.859689596783886,10.90932273864746,1704500
01-06-2026,10.90932273864746,10.949029062803632,10.750497442022777,10.90932273864746,2000100
02-06-2026,10.899395487618827,11.157487057709858,10.869615982353988,11.097928047180176,1928300
03-06-2026,11.028441090298507,11.22697364657693,10.9887347683775,11.177340507507324,1716900
04-06-2026,11.316312468488954,11.494991395326943,11.236899822488382,11.45528507232666,1689900
05-06-2026,11.524770736694336,11.614110198840349,11.445358091825302,11.524770736694336,1533400
08-06-2026,11.59425751095979,11.693522843709385,11.514844866090757,11.524770736694336,1412700
09-06-2026,11.673670907478725,11.723304050386025,11.445358828774534,11.614110946655272,1447800
10-06-2026,11.633963769002252,11.782862240639211,11.554551124572754,11.554551124572754,2938000
11-06-2026,11.68359739894032,11.842422694467128,11.624037439781052,11.75308322906494,2343300
12-06-2026,11.85234837768174,11.931761970860604,11.733229407923575,11.83249568939209,1326700
15-06-2026,11.911908285601026,11.941687791246473,11.802716133785449,11.85234832763672,1406000
16-06-2026,11.892054472474864,11.961541246837273,11.792789139586766,11.931761741638184,1374000
17-06-2026,11.911908451763964,12.031027422680792,11.713376833569251,11.782862663269045,1135200
18-06-2026,12.021100538646396,12.249412608313213,11.99132103275018,12.219633102416992,3392300
22-06-2026,12.239485928064006,12.358604899658308,12.120366956469706,12.160073280334473,1833300
23-06-2026,12.0608068833666,12.338752094466946,12.0608068833666,12.20970630645752,1699500
24-06-2026,12.209706560121868,12.289119208750837,11.892055018932552,12.100513458251951,2278800
25-06-2026,12.219632867683735,12.328825018321297,12.100512953040246,12.31889820098877,2914000
26-06-2026,12.27919174417737,12.447943850292996,12.160072777508704,12.378458023071287,7354900
29-06-2026,12.269265412442351,12.41816483667511,12.140219623443334,12.170000076293944,2971000
30-06-2026,12.220000267028809,12.3100004196167,12.06999969482422,12.18000030517578,2676100
01-07-2026,12.100000381469728,12.1899995803833,11.859999656677246,11.93000030517578,3662200
02-07-2026,11.93000030517578,12.15999984741211,11.850000381469728,12.079999923706056,2044400
06-07-2026,12.0600004196167,12.149999618530272,11.899999618530272,11.920000076293944,2361800
07-07-2026,11.979999542236328,12.039999961853027,11.649999618530272,11.75,3742500
08-07-2026,11.739999771118164,11.90999984741211,11.56999969482422,11.649999618530272,1989700
09-07-2026,11.68000030517578,11.899999618530272,11.649999618530272,11.850000381469728,1327500
10-07-2026,11.850000381469728,12.020000457763672,11.850000381469728,11.880000114440918,1320100
13-07-2026,12.010000228881836,12.010000228881836,11.800000190734863,11.880000114440918,1511400
14-07-2026,12.09000015258789,12.119999885559082,11.880000114440918,12.100000381469728,2408600
15-07-2026,12.170000076293944,12.449999809265137,12.170000076293944,12.3100004196167,1855200
16-07-2026,12.289999961853027,12.520000457763672,12.25,12.279999732971191,2295200
17-07-2026,12.239999771118164,12.5600004196167,12.149999618530272,12.550000190734863,3048600
20-07-2026,12.579999923706056,12.770000457763672,12.520000457763672,12.75,3310600
21-07-2026,12.84000015258789,13.0,12.699999809265137,12.970000267028809,3822000
22-07-2026,12.949999809265137,13.050000190734863,12.869999885559082,12.899999618530272,2398900
23-07-2026,12.789999961853027,12.890000343322754,12.609999656677246,12.670000076293944,2648000
24-07-2026,12.75,12.989999771118164,12.710000038146973,12.850000381469728,1957300
27-07-2026,12.90999984741211,13.039999961853027,12.869999885559082,12.90999984741211,2218900
28-07-2026,12.970000267028809,13.079999923706056,12.68000030517578,13.06999969482422,1660800
29-07-2026,13.0600004196167,13.239999771118164,13.0600004196167,13.140000343322754,1880900
30-07-2026,13.220000267028809,13.239999771118164,12.720000267028809,12.90999984741211,2564500
31-07-2026,13.260000228881836,13.479999542236328,13.100000381469728,13.239999771118164,4583400
03-08-2026,13.289999961853027,13.789999961853027,13.270000457763672,13.380000114440918,6021100
04-08-2026,13.34000015258789,13.460000038146973,13.270000457763672,13.300000190734863,3801800
05-08-2026,13.31999969482422,13.5,13.220000267028809,13.260000228881836,2508200
06-08-2026,13.270000457763672,13.289999961853027,12.619999885559082,12.640000343322754,3134400
07-08-2026,12.8100004196167,12.8100004196167,12.5,12.529999732971191,2141700
10-08-2026,12.43000030517578,12.470000267028809,12.029999732971191,12.130000114440918,2657400
11-08-2026,12.130000114440918,12.229999542236328,11.989999771118164,12.010000228881836,2553800
12-08-2026,12.140000343322754,12.239999771118164,12.039999961853027,12.229999542236328,1830900
13-08-2026,12.34000015258789,12.350000381469728,12.170000076293944,12.289999961853027,1477600
14-08-2026,12.25,12.510000228881836,12.229999542236328,12.359999656677246,1324900
17-08-2026,12.25,12.420000076293944,12.140000343322754,12.359999656677246,2326200
18-08-2026,12.369999885559082,12.539999961853027,12.3100004196167,12.489999771118164,1857000
19-08-2026,12.899999618530272,12.899999618530272,12.489999771118164,12.720000267028809,2317800
20-08-2026,12.649999618530272,12.8100004196167,12.59000015258789,12.770000457763672,1869100
21-08-2026,12.880000114440918,12.920000076293944,12.600000381469728,12.81999969482422,1831800
24-08-2026,12.859999656677246,12.970000267028809,12.619999885559082,12.739999771118164,4301700
25-08-2026,12.84000015258789,12.949999809265137,12.75,12.869999885559082,2055200
26-08-2026,12.880000114440918,12.880000114440918,12.609999656677246,12.619999885559082,2982100
27-08-2026,12.640000343322754,12.770000457763672,12.5,12.6899995803833,2013900
28-08-2026,12.710000038146973,12.760000228881836,12.609999656677246,12.699999809265137,2083400
31-08-2026,12.649999618530272,12.729999542236328,12.229999542236328,12.3100004196167,2388600
01-09-2026,12.31999969482422,12.369999885559082,11.93000030517578,12.0,2909900
02-09-2026,12.109999656677246,12.359999656677246,12.0600004196167,12.289999961853027,2956200
03-09-2026,12.380000114440918,12.420000076293944,12.039999961853027,12.0600004196167,2033200
04-09-2026,12.079999923706056,12.140000343322754,12.0,12.079999923706056,2182900
08-09-2026,12.039999961853027,12.229999542236328,11.960000038146973,11.970000267028809,2247300
09-09-2026,11.869999885559082,12.079999923706056,11.850000381469728,12.06999969482422,1852400
10-09-2026,12.15999984741211,12.229999542236328,12.039999961853027,12.18000030517578,2660400
11-09-2026,12.31999969482422,12.489999771118164,12.170000076293944,12.199999809265137,4857700
14-09-2026,12.119999885559082,12.420000076293944,12.0,12.31999969482422,2740300
15-09-2026,12.329999923706056,12.460000038146973,12.260000228881836,12.390000343322754,3256100
16-09-2026,12.390000343322754,12.539999961853027,12.050000190734863,12.270000457763672,4269800
17-09-2026,12.38,12.42,12.23,12.25,2315400
18-09-2026,12.19,12.27,12.1,12.24,5774600
21-09-2026,12.26,12.36,12.17,12.27,2882500
22-09-2026,12.4,12.52,12.23,12.31,2270800
23-09-2026,12.21,12.31,12.12,12.24,4342200
24-09-2026,12.25,12.53,12.21,12.42,2373300
25-09-2026,12.49,12.53,12.26,12.49,1985900
28-09-2026,12.49,12.7,12.44,12.64,2217700
29-09-2026,12.68,12.69,12.44,12.47,2776100
30-09-2026,12.36,12.46,12.28,12.355,589012
