Date,Open,High,Low,Close,Volume
30-09-2021,80.309814453125,80.46471405029297,78.95008850097656,79.00172424316406,883585
01-10-2021,79.22547149658203,81.8072280883789,78.50257873535156,81.04991149902344,832980
04-10-2021,80.60240936279297,81.7039566040039,80.39586639404297,80.80895233154297,545966
05-10-2021,80.98106384277344,81.8932876586914,80.39586639404297,81.01548767089844,551079
06-10-2021,81.9793472290039,84.18244171142578,81.20481872558594,82.70223999023438,1684726
07-10-2021,83.16695404052734,83.87263488769531,82.94319915771484,83.14974212646484,665710
08-10-2021,82.96041107177734,83.66609191894531,82.75387573242188,83.42513275146484,806719
11-10-2021,83.49397277832031,83.99311828613281,81.7383804321289,81.8760757446289,482114
12-10-2021,81.8760757446289,82.78829956054688,81.7039566040039,81.8932876586914,376720
13-10-2021,81.8588638305664,82.99483489990234,81.13597106933594,82.63339233398438,498382
14-10-2021,83.63166809082031,84.75042724609375,83.09810638427734,84.66437530517578,629049
15-10-2021,85.59380340576172,87.8657455444336,85.42168426513672,87.12564849853516,1014426
18-10-2021,86.47160339355469,87.21170043945312,85.78313446044922,86.47160339355469,551834
19-10-2021,87.02237701416016,87.50430297851562,86.29948425292969,86.67813873291016,650952
20-10-2021,86.16178894042969,87.8313217163086,86.09294128417969,87.71084594726562,322978
21-10-2021,87.57315063476562,88.2788314819336,87.31497192382812,88.1755599975586,368064
22-10-2021,88.4509506225586,88.84681701660156,87.74526977539062,88.2099838256836,312404
25-10-2021,88.2271957397461,89.12220001220703,87.8313217163086,88.3821029663086,288176
26-10-2021,88.53700256347656,89.39759063720703,88.2271957397461,88.86402893066406,311648
27-10-2021,88.67469787597656,88.91566467285156,87.05680084228516,87.22891235351562,320770
28-10-2021,87.24612426757812,89.56970977783203,87.24612426757812,88.79518127441406,630269
29-10-2021,88.53700256347656,89.46643829345703,88.1239242553711,88.84681701660156,597384
01-11-2021,89.13941192626953,90.87779998779295,88.91566467285156,90.034423828125,458641
02-11-2021,90.1549072265625,91.32530212402344,89.7073974609375,91.03269958496094,622948
03-11-2021,90.77452850341795,91.15318298339844,90.034423828125,90.79174041748048,631315
04-11-2021,91.22203063964844,93.45954895019533,89.60413360595703,90.79174041748048,742983
05-11-2021,93.16695404052734,94.0963897705078,90.99827575683594,91.17039489746094,890731
08-11-2021,92.25473022460938,92.65060424804688,90.67125701904295,90.96385192871094,819559
09-11-2021,90.94664764404295,91.48020935058594,89.24268341064453,89.50086212158203,981658
10-11-2021,89.10498809814453,89.8450927734375,87.52151489257812,87.72805786132812,517206
11-11-2021,88.1583480834961,88.65748596191406,87.46987915039062,87.8657455444336,601567
12-11-2021,88.0206527709961,89.51807403564453,87.45266723632812,89.44922637939453,1763567
15-11-2021,89.93115234375,90.103271484375,89.03614807128906,89.79345703125,262728
16-11-2021,89.51807403564453,90.48192596435548,88.84681701660156,89.05335235595703,894566
17-11-2021,88.62306213378906,88.67469787597656,87.71084594726562,88.4337387084961,323791
18-11-2021,88.4165267944336,89.12220001220703,87.12564849853516,87.74526977539062,359581
19-11-2021,87.17728424072266,87.8485336303711,86.85025787353516,86.86746978759766,321642
22-11-2021,86.97074127197266,88.86402893066406,86.57486724853516,87.34939575195312,432961
23-11-2021,87.9173812866211,87.9173812866211,86.86746978759766,87.26333618164062,460965
24-11-2021,86.36833190917969,87.00516510009766,85.30120849609375,86.12736511230469,305722
26-11-2021,83.76936340332031,84.16522979736328,82.25473022460938,83.47676086425781,410593
29-11-2021,84.71600341796875,84.88812255859375,82.61618041992188,82.90877532958984,621380
30-11-2021,81.9449234008789,82.61618041992188,79.05335235595703,79.93115234375,1257516
01-12-2021,81.49742126464844,81.7900161743164,77.05680084228516,77.10843658447266,584196
02-12-2021,77.19448852539062,79.690185546875,76.98795318603516,79.13941192626953,1006989
03-12-2021,79.34595489501953,79.50086212158203,75.98966979980469,77.26333618164062,1592870
06-12-2021,78.3304672241211,80.32701873779297,76.98795318603516,78.91566467285156,827983
07-12-2021,79.93115234375,81.20481872558594,79.38037872314453,80.34423065185547,430637
08-12-2021,80.49913787841797,80.67125701904297,79.9827880859375,80.1204833984375,655194
09-12-2021,79.51807403564453,80.275390625,78.82960510253906,78.86402893066406,347264
10-12-2021,78.93287658691406,79.44922637939453,77.59036254882812,78.1927719116211,594537
13-12-2021,78.0034408569336,78.2960433959961,76.71256256103516,77.10843658447266,496116
14-12-2021,76.29948425292969,77.36660766601562,76.19621276855469,76.59208679199219,754080
15-12-2021,76.62650299072266,77.22891235351562,75.35283660888672,76.95352935791016,649209
16-12-2021,77.62478637695312,77.9173812866211,74.73321533203125,75.43889617919922,736534
17-12-2021,75.19793701171875,76.83304595947266,74.11359405517578,75.74871063232422,1506126
20-12-2021,74.19965362548828,74.57831573486328,72.22030639648438,73.90705871582031,883875
21-12-2021,74.95697021484375,78.60585021972656,74.87091064453125,77.76248168945312,1072875
22-12-2021,77.9690170288086,78.3476791381836,77.00516510009766,77.07401275634766,319376
23-12-2021,77.29776000976562,78.3304672241211,77.07401275634766,77.71084594726562,285794
27-12-2021,77.74526977539062,79.29431915283203,77.53872680664062,79.08778381347656,946681
28-12-2021,78.74354553222656,80.1549072265625,78.74354553222656,79.36316680908203,884631
29-12-2021,78.91566467285156,79.9827880859375,78.82960510253906,79.724609375,313566
30-12-2021,79.8450927734375,80.37865447998047,79.34595489501953,79.39759063720703,248261
31-12-2021,79.00172424316406,79.67298126220703,78.82960510253906,79.12220001220703,274464
03-01-2022,79.25989532470703,80.39586639404297,78.84681701660156,79.93115234375,737173
04-01-2022,80.74010467529297,81.8588638305664,80.36144256591797,80.84337615966797,814330
05-01-2022,81.22203063964844,81.9449234008789,78.81239318847656,78.88124084472656,368586
06-01-2022,78.74354553222656,79.17383575439453,77.17728424072266,78.0550765991211,822754
07-01-2022,77.67642211914062,78.2099838256836,76.62650299072266,77.10843658447266,408094
10-01-2022,76.48881530761719,76.69535064697266,75.26678466796875,76.48881530761719,642179
11-01-2022,76.71256256103516,78.69190979003906,75.76592254638672,78.2788314819336,486181
12-01-2022,78.82960510253906,79.31153106689453,76.86746978759766,77.59036254882812,1365350
13-01-2022,77.76248168945312,78.77796936035156,77.22891235351562,77.45266723632812,520692
14-01-2022,76.09294128417969,76.81583404541016,75.66265106201172,76.54045104980469,970328
18-01-2022,76.43717956542969,76.66092681884766,75.55937957763672,75.92082977294922,774124
19-01-2022,76.26506042480469,77.12564849853516,74.68157958984375,75.95525360107422,512965
20-01-2022,76.54045104980469,76.90189361572266,74.54389190673828,74.57831573486328,730840
21-01-2022,74.02754211425781,74.42340850830078,72.92598724365234,73.06368255615234,538703
24-01-2022,71.8244400024414,74.01033020019531,70.2237548828125,73.71772766113281,721718
25-01-2022,72.27194213867188,73.66609191894531,71.17039489746094,73.01204681396484,735837
26-01-2022,73.95869445800781,74.40619659423828,70.34423065185547,70.56798553466797,978462
27-01-2022,70.77452850341797,71.9277114868164,69.19104766845703,69.51807403564453,695225
28-01-2022,68.64027404785156,69.7073974609375,67.9173812866211,69.690185546875,872662
31-01-2022,69.51807403564453,70.80895233154297,69.01893615722656,70.77452850341797,882539
01-02-2022,71.37693786621094,72.40963745117188,70.58519744873047,72.35800170898438,904559
02-02-2022,72.22030639648438,72.70223999023438,71.5490493774414,72.22030639648438,524411
03-02-2022,71.7039566040039,72.0654067993164,69.7762451171875,69.8106689453125,446557
04-02-2022,69.07056427001953,71.01548767089844,68.88124084472656,70.70568084716797,1160025
07-02-2022,70.77452850341797,71.51463317871094,70.172119140625,70.87779998779297,708297
08-02-2022,69.690185546875,72.28915405273438,69.48365020751953,72.0481948852539,658505
09-02-2022,73.20137786865234,73.83821105957031,72.97762298583984,73.14974212646484,887129
10-02-2022,72.0137710571289,73.54560852050781,71.37693786621094,71.7728042602539,445162
11-02-2022,72.0826187133789,72.42684936523438,69.46643829345703,70.0172119140625,610980
14-02-2022,70.20654296875,71.01548767089844,69.9827880859375,70.72289276123047,1384291
15-02-2022,71.5490493774414,73.20137786865234,71.5490493774414,72.37521362304688,873185
16-02-2022,72.1170425415039,73.35628509521484,71.6351089477539,72.99483489990234,566649
17-02-2022,72.0137710571289,72.44406127929688,71.48020935058594,71.7728042602539,695050
18-02-2022,71.8588638305664,72.47848510742188,70.63683319091797,71.13597106933594,558632
22-02-2022,71.6178970336914,74.13080596923828,71.10154724121094,72.1342544555664,1178152
23-02-2022,71.9965591430664,73.20137786865234,70.79174041748047,71.7900161743164,1066135
24-02-2022,69.896728515625,72.75387573242188,69.41480255126953,72.53012084960938,728748
25-02-2022,72.59896850585938,73.58003234863281,71.5662612915039,73.11531829833984,779760
28-02-2022,71.03269958496094,72.18588256835938,68.2616195678711,69.20825958251953,1492880
01-03-2022,69.24268341064453,69.38037872314453,67.03958892822266,67.52151489257812,928787
02-03-2022,68.1411361694336,70.2237548828125,67.9690170288086,69.43201446533203,1398002
03-03-2022,70.0172119140625,70.0172119140625,67.64199829101562,68.84681701660156,705799
04-03-2022,67.64199829101562,67.9518051147461,66.48881530761719,66.95352935791016,556424
07-03-2022,66.91910552978516,66.91910552978516,62.461273193359375,62.51290893554688,1361806
08-03-2022,62.78829574584961,66.59208679199219,61.37693786621094,64.14801788330078,1117728
09-03-2022,65.59380340576172,66.55765533447266,65.00860595703125,66.11015319824219,797074
10-03-2022,64.78485107421875,65.73149871826172,64.78485107421875,65.69707489013672,644678
11-03-2022,66.69535064697266,67.00516510009766,63.18416595458984,63.25301361083984,604414
14-03-2022,63.51118850708008,64.04474639892578,61.876075744628906,62.06540298461914,931343
15-03-2022,62.03097915649414,64.42340850830078,61.790016174316406,64.38898468017578,902816
16-03-2022,65.24957275390625,69.08778381347656,65.24957275390625,68.77796936035156,1230151
17-03-2022,68.0206527709961,70.0172119140625,68.0206527709961,69.13941192626953,614001
18-03-2022,68.72633361816406,69.7073974609375,68.3304672241211,69.00172424316406,1517979
21-03-2022,68.48536682128906,69.29431915283203,67.77969360351562,68.3132553100586,691622
22-03-2022,68.69190979003906,70.43029022216797,68.55421447753906,69.7762451171875,589715
23-03-2022,69.50086212158203,69.965576171875,68.58863830566406,68.74354553222656,510989
24-03-2022,69.34595489501953,69.34595489501953,67.81411743164062,68.48536682128906,392001
25-03-2022,68.77796936035156,69.41480255126953,68.2616195678711,68.96730041503906,967423
28-03-2022,68.98451232910156,68.98451232910156,66.95352935791016,67.9345932006836,453703
29-03-2022,68.95008850097656,70.46471405029297,68.95008850097656,70.2237548828125,495128
30-03-2022,69.8106689453125,70.034423828125,69.29431915283203,69.31153106689453,332797
31-03-2022,68.89845275878906,69.43201446533203,68.4509506225586,68.48536682128906,696154
01-04-2022,69.29431915283203,70.75731658935547,69.08778381347656,69.8623046875,1110465
04-04-2022,69.8795166015625,69.93115234375,66.91910552978516,67.22891235351562,1715867
05-04-2022,59.150001525878906,71.95999908447266,59.150001525878906,70.44999694824219,2578800
06-04-2022,67.52999877929688,69.5999984741211,67.04000091552734,69.12000274658203,1232600
07-04-2022,69.41999816894531,69.98999786376953,66.33999633789062,67.3499984741211,1204100
08-04-2022,67.08000183105469,69.20999908447266,66.30000305175781,68.29000091552734,821400
11-04-2022,68.12999725341797,70.22000122070312,67.02999877929688,68.37999725341797,1487800
12-04-2022,68.5,70.61000061035156,67.91000366210938,68.2699966430664,813700
13-04-2022,68.55000305175781,70.9000015258789,67.87000274658203,70.0,1251600
14-04-2022,70.30000305175781,70.98999786376953,69.05999755859375,69.16999816894531,890100
18-04-2022,69.18000030517578,69.87000274658203,66.7300033569336,67.0,867600
19-04-2022,67.0,70.77999877929688,67.0,70.36000061035156,857000
20-04-2022,70.66000366210938,72.12999725341797,70.25,70.47000122070312,525400
21-04-2022,70.3499984741211,71.23999786376953,67.83000183105469,68.33000183105469,487800
22-04-2022,67.72000122070312,68.1500015258789,66.48999786376953,67.0,720000
25-04-2022,66.7300033569336,67.52999877929688,65.20999908447266,67.31999969482422,484300
26-04-2022,67.30000305175781,67.62999725341797,66.13999938964844,66.51000213623047,713700
27-04-2022,66.25,67.05000305175781,64.6500015258789,64.93000030517578,399500
28-04-2022,65.4800033569336,66.56999969482422,64.94000244140625,66.37000274658203,366100
29-04-2022,66.05000305175781,66.97000122070312,64.77999877929688,64.87000274658203,307800
02-05-2022,65.0199966430664,66.06999969482422,63.84999847412109,65.0999984741211,362800
03-05-2022,64.87999725341797,66.70999908447266,64.87999725341797,65.87999725341797,235500
04-05-2022,65.81999969482422,67.62000274658203,64.72000122070312,67.55999755859375,222700
05-05-2022,67.12999725341797,67.12999725341797,64.66000366210938,65.5,535900
06-05-2022,65.2699966430664,65.2699966430664,63.720001220703125,64.94000244140625,404200
09-05-2022,64.16999816894531,64.95999908447266,60.22999954223633,60.369998931884766,604200
10-05-2022,62.38999938964844,64.43000030517578,60.93000030517578,63.84000015258789,937400
11-05-2022,63.33000183105469,65.98999786376953,62.95000076293945,63.43999862670898,433700
12-05-2022,63.59000015258789,63.75,61.880001068115234,62.90999984741211,351500
13-05-2022,62.59000015258789,64.80000305175781,61.72999954223633,63.93999862670898,320800
16-05-2022,64.13999938964844,64.13999938964844,62.5,63.43999862670898,233600
17-05-2022,64.97000122070312,66.8499984741211,64.81999969482422,66.69999694824219,511100
18-05-2022,65.97000122070312,66.25,64.25,64.72000122070312,242300
19-05-2022,63.959999084472656,66.80000305175781,63.09999847412109,66.2699966430664,306000
20-05-2022,66.94000244140625,67.48999786376953,63.84000015258789,65.0,373100
23-05-2022,65.37000274658203,65.7699966430664,64.54000091552734,64.94999694824219,539700
24-05-2022,64.76000213623047,64.76000213623047,62.84999847412109,63.93999862670898,239200
25-05-2022,63.900001525878906,64.62000274658203,63.400001525878906,63.84999847412109,199000
26-05-2022,64.41999816894531,65.25,64.05999755859375,64.8499984741211,489100
27-05-2022,65.0,66.81999969482422,64.9000015258789,66.81999969482422,336400
31-05-2022,66.9800033569336,66.9800033569336,65.4800033569336,66.33999633789062,345600
01-06-2022,66.95999908447266,67.61000061035156,65.18000030517578,66.72000122070312,396000
02-06-2022,66.9000015258789,67.43000030517578,65.5999984741211,67.41999816894531,460700
03-06-2022,67.30000305175781,68.1500015258789,65.87999725341797,66.16999816894531,231600
06-06-2022,67.5,67.5,66.16999816894531,66.87999725341797,254800
07-06-2022,66.18000030517578,67.31999969482422,66.12999725341797,67.27999877929688,300500
08-06-2022,66.31999969482422,67.2300033569336,65.8499984741211,66.01000213623047,272300
09-06-2022,65.75,66.16999816894531,64.79000091552734,64.81999969482422,158100
10-06-2022,63.45000076293945,63.970001220703125,62.5,62.79999923706055,206500
13-06-2022,61.43999862670898,61.59999847412109,60.13999938964844,61.560001373291016,446800
14-06-2022,61.40999984741211,61.7599983215332,60.040000915527344,60.310001373291016,371900
15-06-2022,61.130001068115234,62.18000030517578,60.5099983215332,61.20000076293945,341800
16-06-2022,59.900001525878906,59.900001525878906,57.02999877929688,57.15999984741211,545900
17-06-2022,57.720001220703125,58.5099983215332,56.36000061035156,56.47999954223633,1308100
21-06-2022,56.810001373291016,57.56999969482422,55.790000915527344,55.84000015258789,449900
22-06-2022,54.59000015258789,56.11000061035156,54.43000030517578,55.2599983215332,504800
23-06-2022,55.13999938964844,55.709999084472656,54.790000915527344,55.400001525878906,482600
24-06-2022,55.81999969482422,58.7599983215332,55.81999969482422,58.2599983215332,842300
27-06-2022,58.93000030517578,59.38999938964844,57.54999923706055,58.9900016784668,454700
28-06-2022,58.540000915527344,59.59999847412109,56.38999938964844,56.47999954223633,322000
29-06-2022,56.43000030517578,56.5099983215332,55.34000015258789,55.66999816894531,352300
30-06-2022,54.90999984741211,55.720001220703125,54.33000183105469,55.0,426800
01-07-2022,54.93000030517578,56.40999984741211,54.4900016784668,56.0,394500
05-07-2022,55.880001068115234,56.150001525878906,53.52999877929688,55.61000061035156,534300
06-07-2022,55.470001220703125,56.88999938964844,54.93999862670898,55.119998931884766,793900
07-07-2022,55.540000915527344,56.27000045776367,55.380001068115234,56.220001220703125,421200
08-07-2022,56.43000030517578,56.630001068115234,55.5,55.54999923706055,256300
11-07-2022,54.900001525878906,55.0099983215332,54.02999877929688,54.2599983215332,255200
12-07-2022,53.91999816894531,55.45000076293945,53.790000915527344,54.0,330300
13-07-2022,52.91999816894531,53.709999084472656,52.27000045776367,53.630001068115234,247000
14-07-2022,53.08000183105469,53.7400016784668,52.4900016784668,53.59000015258789,251500
15-07-2022,54.619998931884766,54.7400016784668,53.63999938964844,54.310001373291016,352600
18-07-2022,55.31999969482422,55.630001068115234,53.959999084472656,54.0099983215332,298600
19-07-2022,55.369998931884766,57.0,55.08000183105469,56.84999847412109,407800
20-07-2022,56.83000183105469,58.040000915527344,56.77999877929688,57.86000061035156,250600
21-07-2022,57.91999816894531,58.18000030517578,57.04999923706055,58.060001373291016,219100
22-07-2022,57.59999847412109,58.52999877929688,57.150001525878906,57.709999084472656,217900
25-07-2022,57.63999938964844,57.970001220703125,56.97999954223633,57.70000076293945,300900
26-07-2022,57.68000030517578,58.04999923706055,57.150001525878906,57.34000015258789,284900
27-07-2022,57.90999984741211,58.9900016784668,57.59999847412109,58.77000045776367,228600
28-07-2022,58.77000045776367,59.43000030517578,58.02000045776367,59.380001068115234,295000
29-07-2022,59.5099983215332,59.93000030517578,58.86000061035156,59.720001220703125,281800
01-08-2022,59.540000915527344,60.040000915527344,58.72999954223633,59.68999862670898,248700
02-08-2022,59.650001525878906,60.130001068115234,59.06999969482422,59.47999954223633,160000
03-08-2022,59.79999923706055,59.970001220703125,58.97999954223633,59.38999938964844,546100
04-08-2022,58.810001373291016,60.59000015258789,57.11000061035156,57.16999816894531,626600
05-08-2022,56.720001220703125,59.34000015258789,56.5099983215332,58.41999816894531,293500
08-08-2022,58.38999938964844,59.45000076293945,57.9900016784668,58.040000915527344,441700
09-08-2022,57.75,58.29999923706055,56.54999923706055,56.77000045776367,212200
10-08-2022,57.56999969482422,58.06999969482422,56.86000061035156,57.869998931884766,365000
11-08-2022,58.0,59.290000915527344,58.0,58.560001373291016,416000
12-08-2022,58.61000061035156,59.95000076293945,58.61000061035156,59.84000015258789,168400
15-08-2022,59.630001068115234,60.29999923706055,59.47999954223633,60.09999847412109,316100
16-08-2022,60.11000061035156,60.15999984741211,59.29999923706055,59.470001220703125,336600
17-08-2022,59.02000045776367,59.02000045776367,57.93000030517578,58.04999923706055,329100
18-08-2022,57.93999862670898,57.93999862670898,57.119998931884766,57.869998931884766,195500
19-08-2022,57.33000183105469,57.959999084472656,55.02000045776367,55.34000015258789,378600
22-08-2022,54.22999954223633,54.22999954223633,52.560001373291016,52.65999984741211,500500
23-08-2022,52.68000030517578,53.75,52.630001068115234,52.88999938964844,256700
24-08-2022,52.93999862670898,53.58000183105469,52.650001525878906,53.2400016784668,290500
25-08-2022,53.27000045776367,54.59000015258789,53.27000045776367,54.560001373291016,247600
26-08-2022,54.77000045776367,54.880001068115234,52.13999938964844,52.29999923706055,303700
29-08-2022,51.650001525878906,52.369998931884766,51.310001373291016,51.84999847412109,239000
30-08-2022,52.27999877929688,52.27999877929688,51.130001068115234,51.34000015258789,206500
31-08-2022,51.31999969482422,51.41999816894531,50.540000915527344,50.650001525878906,368200
01-09-2022,49.93000030517578,49.97999954223633,48.68000030517578,49.59000015258789,556600
02-09-2022,50.150001525878906,50.54999923706055,48.93000030517578,48.9900016784668,383600
06-09-2022,49.369998931884766,49.7599983215332,48.11000061035156,48.63999938964844,438100
07-09-2022,48.20000076293945,49.63999938964844,47.72999954223633,49.59999847412109,566500
08-09-2022,49.11000061035156,50.560001373291016,48.66999816894531,50.540000915527344,465100
09-09-2022,51.0,51.560001373291016,50.560001373291016,51.54999923706055,499600
12-09-2022,52.40999984741211,54.959999084472656,52.29999923706055,54.650001525878906,764500
13-09-2022,53.150001525878906,53.650001525878906,51.7599983215332,51.95000076293945,465000
14-09-2022,51.84999847412109,52.84999847412109,51.25,52.77000045776367,475500
15-09-2022,52.56999969482422,53.91999816894531,52.27999877929688,52.59999847412109,436200
16-09-2022,52.09999847412109,52.09999847412109,50.540000915527344,51.290000915527344,881400
19-09-2022,50.68999862670898,52.02999877929688,50.68999862670898,51.84999847412109,277900
20-09-2022,51.25,52.29999923706055,51.09000015258789,51.84000015258789,614100
21-09-2022,51.970001220703125,52.400001525878906,50.68999862670898,50.84999847412109,636600
22-09-2022,50.84999847412109,50.84999847412109,49.09999847412109,49.27000045776367,500600
23-09-2022,48.630001068115234,48.77000045776367,46.79999923706055,48.060001373291016,593600
26-09-2022,47.68000030517578,48.540000915527344,47.2400016784668,47.2599983215332,386000
27-09-2022,47.869998931884766,47.869998931884766,45.880001068115234,46.25,592400
28-09-2022,46.84000015258789,47.93000030517578,46.52999877929688,47.5,517500
29-09-2022,46.630001068115234,47.119998931884766,45.400001525878906,46.93000030517578,618800
30-09-2022,47.2599983215332,47.900001525878906,46.0,46.06999969482422,549100
03-10-2022,46.7400016784668,48.2400016784668,46.16999816894531,47.540000915527344,538000
04-10-2022,48.34000015258789,49.16999816894531,48.34000015258789,49.0,772600
05-10-2022,48.25,49.0,47.90999984741211,48.77000045776367,553500
06-10-2022,48.43999862670898,48.97999954223633,47.720001220703125,47.86000061035156,342800
07-10-2022,47.220001220703125,47.220001220703125,45.84999847412109,45.93000030517578,461200
10-10-2022,46.06999969482422,46.150001525878906,44.77000045776367,44.86000061035156,306200
11-10-2022,45.11000061035156,45.72999954223633,44.310001373291016,44.83000183105469,725000
12-10-2022,45.220001220703125,45.43999862670898,44.31999969482422,45.08000183105469,642800
13-10-2022,44.209999084472656,46.79999923706055,43.880001068115234,46.34000015258789,738700
14-10-2022,46.68999862670898,47.02999877929688,44.84000015258789,44.97999954223633,539700
17-10-2022,46.02000045776367,47.70000076293945,46.02000045776367,47.52999877929688,384500
18-10-2022,47.810001373291016,48.9900016784668,47.459999084472656,47.63999938964844,493900
19-10-2022,47.34999847412109,47.34999847412109,46.0,46.45000076293945,326800
20-10-2022,46.650001525878906,47.41999816894531,45.95000076293945,46.060001373291016,305200
21-10-2022,46.0,47.34000015258789,45.5,47.040000915527344,325900
24-10-2022,47.2400016784668,47.81999969482422,46.970001220703125,47.5,358600
25-10-2022,47.63999938964844,48.970001220703125,47.63999938964844,48.56999969482422,275500
26-10-2022,48.52000045776367,50.47999954223633,48.5099983215332,49.77000045776367,475600
27-10-2022,50.18999862670898,50.470001220703125,48.869998931884766,48.97999954223633,231500
28-10-2022,49.34999847412109,50.119998931884766,49.04999923706055,50.06999969482422,560800
31-10-2022,50.130001068115234,50.380001068115234,49.15999984741211,49.45000076293945,723900
01-11-2022,49.70000076293945,49.93999862670898,47.02999877929688,49.54999923706055,729200
02-11-2022,48.63999938964844,49.93999862670898,47.18000030517578,47.86000061035156,963900
03-11-2022,46.45000076293945,51.5099983215332,46.02000045776367,51.09999847412109,741200
04-11-2022,51.970001220703125,52.59000015258789,50.59999847412109,51.59999847412109,508200
07-11-2022,51.5099983215332,53.43000030517578,51.31999969482422,53.22999954223633,404000
08-11-2022,53.68000030517578,54.060001373291016,52.43999862670898,52.720001220703125,443400
09-11-2022,52.34000015258789,52.34000015258789,51.52999877929688,51.84999847412109,603700
10-11-2022,53.52000045776367,55.90999984741211,53.52000045776367,55.18999862670898,301100
11-11-2022,55.7400016784668,56.470001220703125,55.13999938964844,55.7599983215332,473100
14-11-2022,55.16999816894531,55.66999816894531,53.72999954223633,53.91999816894531,322300
15-11-2022,54.86000061035156,55.150001525878906,53.79999923706055,54.630001068115234,612500
16-11-2022,54.380001068115234,55.65999984741211,53.630001068115234,55.13999938964844,438100
17-11-2022,54.290000915527344,54.90999984741211,53.70000076293945,54.84999847412109,278400
18-11-2022,55.52999877929688,55.560001373291016,54.619998931884766,54.77999877929688,152200
21-11-2022,54.5,54.959999084472656,54.0099983215332,54.290000915527344,178700
22-11-2022,54.70000076293945,54.93999862670898,54.33000183105469,54.790000915527344,212700
23-11-2022,54.77000045776367,55.720001220703125,54.310001373291016,54.9900016784668,195400
25-11-2022,54.70000076293945,55.54999923706055,54.70000076293945,55.459999084472656,116000
28-11-2022,54.91999816894531,54.91999816894531,52.81999969482422,52.84000015258789,293000
29-11-2022,52.7599983215332,53.650001525878906,52.540000915527344,53.290000915527344,254900
30-11-2022,53.220001220703125,54.150001525878906,52.5,54.130001068115234,606000
01-12-2022,55.09000015258789,56.52999877929688,54.91999816894531,56.5099983215332,465000
02-12-2022,55.900001525878906,57.45000076293945,55.560001373291016,57.43000030517578,354100
05-12-2022,57.400001525878906,57.400001525878906,56.2400016784668,56.45000076293945,318200
06-12-2022,56.11000061035156,56.560001373291016,53.88999938964844,54.63999938964844,516600
07-12-2022,54.27999877929688,54.970001220703125,54.09000015258789,54.18999862670898,276900
08-12-2022,54.41999816894531,54.790000915527344,54.02999877929688,54.290000915527344,250100
09-12-2022,54.290000915527344,54.540000915527344,53.65999984741211,53.95000076293945,219400
12-12-2022,54.060001373291016,54.7599983215332,53.86000061035156,54.720001220703125,231100
13-12-2022,56.0,56.63999938964844,55.34000015258789,55.630001068115234,243800
14-12-2022,55.27999877929688,56.43999862670898,54.91999816894531,55.2400016784668,171600
15-12-2022,54.25,54.52000045776367,53.68000030517578,53.93000030517578,354000
16-12-2022,53.20000076293945,53.79999923706055,52.2400016784668,52.29999923706055,831600
19-12-2022,52.27000045776367,52.7400016784668,51.59999847412109,52.150001525878906,329700
20-12-2022,52.18999862670898,52.959999084472656,51.900001525878906,52.36000061035156,216300
21-12-2022,52.83000183105469,52.900001525878906,52.18999862670898,52.88999938964844,470700
22-12-2022,52.29999923706055,52.86000061035156,51.4900016784668,52.77000045776367,236800
23-12-2022,52.810001373291016,53.0,52.36000061035156,52.86000061035156,100200
27-12-2022,52.810001373291016,53.36000061035156,52.2599983215332,53.11000061035156,117400
28-12-2022,53.09000015258789,53.38999938964844,51.93999862670898,52.02000045776367,181500
29-12-2022,52.380001068115234,54.27999877929688,52.380001068115234,54.2400016784668,147700
30-12-2022,53.75,53.97999954223633,53.150001525878906,53.52000045776367,164900
03-01-2023,54.47999954223633,54.900001525878906,53.7599983215332,54.400001525878906,383500
04-01-2023,54.790000915527344,56.86000061035156,54.7599983215332,56.43000030517578,412700
05-01-2023,55.40999984741211,57.7400016784668,55.369998931884766,57.06999969482422,460900
06-01-2023,57.68000030517578,58.93999862670898,57.209999084472656,58.150001525878906,343900
09-01-2023,58.650001525878906,59.470001220703125,58.060001373291016,58.5,291900
10-01-2023,58.900001525878906,59.150001525878906,57.72999954223633,57.790000915527344,272800
11-01-2023,58.34999847412109,59.52999877929688,58.0099983215332,59.41999816894531,316000
12-01-2023,59.56999969482422,60.220001220703125,59.060001373291016,60.04999923706055,266400
13-01-2023,59.59999847412109,59.970001220703125,58.59000015258789,59.09999847412109,482200
17-01-2023,58.7599983215332,59.0,57.20000076293945,57.91999816894531,396700
18-01-2023,58.36000061035156,59.68000030517578,57.83000183105469,58.369998931884766,373400
19-01-2023,58.130001068115234,59.40999984741211,58.04999923706055,58.7599983215332,477600
20-01-2023,59.15999984741211,59.630001068115234,58.65999984741211,59.630001068115234,260200
23-01-2023,59.91999816894531,61.02000045776367,59.619998931884766,60.959999084472656,340100
24-01-2023,60.470001220703125,60.59999847412109,59.84999847412109,60.540000915527344,201500
25-01-2023,59.81999969482422,60.97999954223633,59.34999847412109,60.900001525878906,210500
26-01-2023,61.27999877929688,62.470001220703125,61.09999847412109,62.40999984741211,301500
27-01-2023,62.33000183105469,63.25,61.7599983215332,62.63999938964844,230100
30-01-2023,62.150001525878906,62.34000015258789,59.900001525878906,60.08000183105469,516800
31-01-2023,60.43999862670898,63.08000183105469,60.310001373291016,62.95000076293945,536300
01-02-2023,62.75,64.93000030517578,62.75,64.47000122070312,388800
02-02-2023,65.0,66.70999908447266,65.0,65.91999816894531,311200
03-02-2023,65.37000274658203,65.97000122070312,64.95999908447266,65.25,316400
06-02-2023,64.80000305175781,65.05999755859375,62.900001525878906,62.970001220703125,268600
07-02-2023,62.77999877929688,64.0,62.52000045776367,63.86000061035156,197700
08-02-2023,63.52000045776367,64.06999969482422,63.20000076293945,63.22999954223633,118000
09-02-2023,63.63999938964844,63.93000030517578,62.34999847412109,62.66999816894531,211800
10-02-2023,62.290000915527344,62.5099983215332,61.68999862670898,62.36000061035156,156800
13-02-2023,62.560001373291016,62.7400016784668,61.91999816894531,62.720001220703125,239900
14-02-2023,62.56999969482422,63.52000045776367,61.790000915527344,63.04999923706055,221300
15-02-2023,62.560001373291016,63.619998931884766,62.2599983215332,63.15999984741211,169700
16-02-2023,62.16999816894531,63.45000076293945,61.84999847412109,62.959999084472656,205100
17-02-2023,62.7400016784668,63.29999923706055,62.18000030517578,63.290000915527344,214100
21-02-2023,62.11000061035156,62.41999816894531,60.90999984741211,61.56999969482422,253700
22-02-2023,61.7400016784668,62.27000045776367,60.9900016784668,61.59000015258789,325900
23-02-2023,54.43000030517578,58.66999816894531,54.27000045776367,57.619998931884766,969700
24-02-2023,56.63999938964844,56.93000030517578,55.22999954223633,55.810001373291016,516100
27-02-2023,56.04999923706055,57.22999954223633,55.52000045776367,57.220001220703125,389000
28-02-2023,57.33000183105469,58.27999877929688,56.9900016784668,57.619998931884766,395800
01-03-2023,57.65999984741211,58.400001525878906,56.9900016784668,57.31999969482422,335900
02-03-2023,56.77000045776367,57.61000061035156,56.34000015258789,57.209999084472656,279100
03-03-2023,57.560001373291016,58.150001525878906,57.209999084472656,57.72999954223633,519400
06-03-2023,57.68999862670898,58.5,56.970001220703125,57.08000183105469,504200
07-03-2023,57.060001373291016,57.54999923706055,56.970001220703125,57.09999847412109,293000
08-03-2023,57.18999862670898,57.83000183105469,56.34000015258789,56.5099983215332,456900
09-03-2023,56.7400016784668,57.15999984741211,55.15999984741211,55.31999969482422,355800
10-03-2023,55.09999847412109,55.36000061035156,53.369998931884766,53.84999847412109,367500
13-03-2023,53.13999938964844,54.40999984741211,52.7400016784668,53.61000061035156,389800
14-03-2023,55.0,55.29999923706055,53.90999984741211,54.40999984741211,372600
15-03-2023,53.13999938964844,53.369998931884766,52.18999862670898,52.84999847412109,429800
16-03-2023,52.130001068115234,53.27000045776367,51.22999954223633,53.220001220703125,529600
17-03-2023,52.84999847412109,53.119998931884766,51.36000061035156,51.58000183105469,597700
20-03-2023,51.84000015258789,52.65999984741211,51.2599983215332,51.41999816894531,737400
21-03-2023,52.08000183105469,52.4900016784668,50.75,51.290000915527344,1676300
22-03-2023,51.5099983215332,51.65999984741211,50.02999877929688,50.09999847412109,1341800
23-03-2023,50.31999969482422,50.84999847412109,48.72999954223633,49.5,475100
24-03-2023,49.060001373291016,50.02999877929688,48.70000076293945,49.93000030517578,517200
27-03-2023,50.84999847412109,50.84999847412109,49.959999084472656,50.31999969482422,363400
28-03-2023,49.93000030517578,50.650001525878906,49.88999938964844,50.400001525878906,396000
29-03-2023,50.95000076293945,52.209999084472656,50.65999984741211,52.18999862670898,513000
30-03-2023,52.7400016784668,53.27999877929688,52.56999969482422,52.88999938964844,279200
31-03-2023,53.20000076293945,54.09999847412109,52.84999847412109,53.4900016784668,515700
03-04-2023,53.540000915527344,54.34999847412109,53.09000015258789,53.470001220703125,286600
04-04-2023,53.58000183105469,53.959999084472656,52.68000030517578,53.29999923706055,420200
05-04-2023,53.220001220703125,53.43999862670898,52.959999084472656,53.34000015258789,581400
06-04-2023,53.220001220703125,53.619998931884766,53.06999969482422,53.20000076293945,202500
10-04-2023,53.02000045776367,53.90999984741211,52.900001525878906,53.61000061035156,271900
11-04-2023,53.77999877929688,54.959999084472656,53.220001220703125,54.06999969482422,252900
12-04-2023,54.560001373291016,54.560001373291016,53.709999084472656,53.720001220703125,245500
13-04-2023,53.81999969482422,54.79999923706055,53.560001373291016,54.459999084472656,473500
14-04-2023,54.52999877929688,55.02999877929688,54.119998931884766,54.18000030517578,331800
17-04-2023,54.04999923706055,55.68999862670898,54.04999923706055,55.560001373291016,450100
18-04-2023,55.90999984741211,56.41999816894531,55.5,56.13999938964844,401300
19-04-2023,55.84999847412109,57.810001373291016,55.84999847412109,57.2599983215332,415700
20-04-2023,57.02999877929688,57.5099983215332,56.09000015258789,57.29999923706055,300300
21-04-2023,57.5099983215332,57.970001220703125,57.36000061035156,57.880001068115234,221800
24-04-2023,58.04999923706055,58.45000076293945,57.560001373291016,58.22999954223633,333400
25-04-2023,57.79999923706055,58.5,57.4900016784668,57.5099983215332,502200
26-04-2023,57.040000915527344,57.369998931884766,56.63999938964844,56.810001373291016,318000
27-04-2023,57.27000045776367,58.11000061035156,57.119998931884766,57.869998931884766,273400
28-04-2023,57.95000076293945,58.9900016784668,57.79999923706055,58.25,359700
01-05-2023,58.13999938964844,58.9900016784668,58.13999938964844,58.709999084472656,249300
02-05-2023,58.65999984741211,58.65999984741211,57.15999984741211,58.02999877929688,283900
03-05-2023,58.59999847412109,59.54999923706055,58.27000045776367,58.52000045776367,485700
04-05-2023,57.959999084472656,59.93999862670898,56.45000076293945,57.540000915527344,775500
05-05-2023,58.150001525878906,58.20000076293945,56.290000915527344,57.43000030517578,732600
08-05-2023,57.560001373291016,57.59000015258789,56.79999923706055,56.90999984741211,441500
09-05-2023,56.720001220703125,57.13999938964844,56.290000915527344,56.34000015258789,613000
10-05-2023,56.88999938964844,56.88999938964844,55.06999969482422,56.0,310100
11-05-2023,55.540000915527344,56.2400016784668,55.5,55.790000915527344,582500
12-05-2023,57.16999816894531,57.68000030517578,56.02000045776367,56.52999877929688,498100
15-05-2023,56.83000183105469,57.68000030517578,56.58000183105469,57.2599983215332,431200
16-05-2023,56.75,57.2599983215332,56.459999084472656,56.7599983215332,266400
17-05-2023,57.150001525878906,57.150001525878906,55.58000183105469,55.790000915527344,1096900
18-05-2023,55.77000045776367,56.11000061035156,54.900001525878906,55.08000183105469,733000
19-05-2023,55.70000076293945,55.9900016784668,54.68999862670898,54.810001373291016,970700
22-05-2023,55.09999847412109,56.65999984741211,55.09999847412109,56.650001525878906,638900
23-05-2023,56.2599983215332,56.400001525878906,55.09999847412109,55.130001068115234,475900
24-05-2023,54.630001068115234,54.630001068115234,53.560001373291016,53.810001373291016,298200
25-05-2023,53.56999969482422,53.56999969482422,52.66999816894531,52.70000076293945,350300
26-05-2023,52.88999938964844,53.25,52.41999816894531,53.25,411800
30-05-2023,53.25,53.720001220703125,52.84000015258789,53.0099983215332,420500
31-05-2023,52.790000915527344,53.13999938964844,52.06999969482422,52.72999954223633,468400
01-06-2023,52.560001373291016,53.880001068115234,52.369998931884766,53.790000915527344,247500
02-06-2023,54.16999816894531,56.27000045776367,54.16999816894531,56.2400016784668,309600
05-06-2023,55.77999877929688,55.93999862670898,54.84999847412109,55.38999938964844,277400
06-06-2023,55.25,55.68000030517578,55.0099983215332,55.43000030517578,463800
07-06-2023,55.63999938964844,57.209999084472656,55.470001220703125,57.15999984741211,453600
08-06-2023,57.15999984741211,57.61000061035156,56.880001068115234,57.4900016784668,282900
09-06-2023,57.5,57.5,56.63999938964844,57.27999877929688,173800
12-06-2023,57.15999984741211,58.130001068115234,56.88999938964844,57.88999938964844,197200
13-06-2023,58.380001068115234,59.02999877929688,57.88999938964844,57.9900016784668,335100
14-06-2023,59.7599983215332,61.45000076293945,59.08000183105469,59.18000030517578,880300
15-06-2023,58.75,60.630001068115234,58.75,60.52999877929688,375400
16-06-2023,60.150001525878906,60.68000030517578,59.900001525878906,60.16999816894531,502100
20-06-2023,60.060001373291016,60.20000076293945,58.95000076293945,59.970001220703125,319900
21-06-2023,59.86000061035156,60.40999984741211,59.43000030517578,60.36000061035156,301300
22-06-2023,60.5,60.720001220703125,59.68999862670898,60.31999969482422,278800
23-06-2023,59.84999847412109,60.15999984741211,59.36000061035156,59.86000061035156,467500
26-06-2023,60.790000915527344,61.54999923706055,60.43000030517578,61.5,382400
27-06-2023,61.290000915527344,63.7599983215332,61.09000015258789,63.560001373291016,571800
28-06-2023,63.619998931884766,64.48999786376953,62.709999084472656,63.11000061035156,372500
29-06-2023,62.86000061035156,64.30000305175781,62.86000061035156,63.810001373291016,318600
30-06-2023,64.5999984741211,64.9000015258789,63.33000183105469,64.12000274658203,445700
03-07-2023,63.540000915527344,64.06999969482422,62.880001068115234,63.209999084472656,169500
05-07-2023,62.77999877929688,63.220001220703125,61.880001068115234,62.52000045776367,404500
06-07-2023,61.7599983215332,62.34999847412109,61.369998931884766,61.91999816894531,397400
07-07-2023,62.209999084472656,64.48999786376953,62.09999847412109,64.27999877929688,636100
10-07-2023,64.3499984741211,65.61000061035156,64.22000122070312,64.37000274658203,419900
11-07-2023,64.63999938964844,65.08000183105469,64.08999633789062,64.94000244140625,407700
12-07-2023,65.69000244140625,65.80999755859375,64.87000274658203,65.54000091552734,585600
13-07-2023,65.54000091552734,66.0,65.19000244140625,65.45999908447266,242700
14-07-2023,65.5999984741211,65.5999984741211,64.6500015258789,65.23999786376953,215200
17-07-2023,65.2300033569336,65.56999969482422,64.58000183105469,64.98999786376953,236100
18-07-2023,65.29000091552734,66.06999969482422,64.6500015258789,65.2699966430664,161000
19-07-2023,65.5999984741211,65.62999725341797,64.37999725341797,65.18000030517578,202500
20-07-2023,65.31999969482422,65.98999786376953,64.7300033569336,65.5,188400
21-07-2023,65.6500015258789,66.13999938964844,65.0999984741211,65.20999908447266,266300
24-07-2023,65.12000274658203,65.87999725341797,63.970001220703125,64.05000305175781,317100
25-07-2023,64.0,64.58000183105469,63.630001068115234,63.90999984741211,295200
26-07-2023,63.59999847412109,65.0,63.59999847412109,64.98999786376953,307300
27-07-2023,65.16000366210938,65.52999877929688,63.810001373291016,63.970001220703125,222400
28-07-2023,64.6500015258789,64.83000183105469,63.09000015258789,63.2599983215332,322500
31-07-2023,63.63999938964844,64.06999969482422,63.04999923706055,63.900001525878906,327300
01-08-2023,63.5,63.91999816894531,62.880001068115234,63.72999954223633,235700
02-08-2023,63.470001220703125,63.54999923706055,62.11000061035156,62.810001373291016,392700
03-08-2023,62.58000183105469,63.369998931884766,58.93999862670898,58.959999084472656,950000
04-08-2023,59.91999816894531,60.38999938964844,58.560001373291016,59.22999954223633,324100
07-08-2023,59.18000030517578,59.79999923706055,58.790000915527344,59.02999877929688,399400
08-08-2023,58.34000015258789,58.34000015258789,57.2400016784668,57.720001220703125,447200
09-08-2023,57.77000045776367,57.90999984741211,56.470001220703125,56.56999969482422,699900
10-08-2023,56.93000030517578,57.02000045776367,55.7599983215332,55.81999969482422,484200
11-08-2023,55.41999816894531,56.459999084472656,55.310001373291016,56.38999938964844,278200
14-08-2023,56.470001220703125,56.56999969482422,55.59000015258789,56.5,369300
15-08-2023,56.02999877929688,56.43999862670898,55.77000045776367,56.2599983215332,414600
16-08-2023,55.9900016784668,56.5,55.290000915527344,55.29999923706055,382900
17-08-2023,55.38999938964844,55.75,54.93999862670898,54.959999084472656,300000
18-08-2023,54.83000183105469,55.56999969482422,54.83000183105469,55.02000045776367,250600
21-08-2023,55.27999877929688,56.04999923706055,54.869998931884766,56.0,350100
22-08-2023,56.04999923706055,56.13999938964844,55.40999984741211,55.880001068115234,337700
23-08-2023,55.93000030517578,56.18999862670898,55.70000076293945,55.77000045776367,214500
24-08-2023,55.400001525878906,56.04999923706055,54.97999954223633,55.04999923706055,315500
25-08-2023,55.150001525878906,56.5099983215332,54.93000030517578,56.06999969482422,295300
28-08-2023,56.5,56.5,55.34999847412109,55.93999862670898,379500
29-08-2023,56.18999862670898,56.470001220703125,55.88999938964844,56.459999084472656,191400
30-08-2023,56.2400016784668,56.650001525878906,56.119998931884766,56.2400016784668,255900
31-08-2023,56.290000915527344,56.65999984741211,55.93000030517578,56.040000915527344,389200
01-09-2023,56.58000183105469,57.040000915527344,56.27000045776367,56.5,394900
05-09-2023,56.310001373291016,56.310001373291016,54.9900016784668,55.040000915527344,282200
06-09-2023,55.02000045776367,55.45000076293945,54.47999954223633,54.630001068115234,298100
07-09-2023,54.47999954223633,55.29999923706055,53.060001373291016,53.459999084472656,612400
08-09-2023,53.56999969482422,54.27999877929688,53.34999847412109,54.040000915527344,270600
11-09-2023,54.40999984741211,54.93000030517578,54.33000183105469,54.66999816894531,212900
12-09-2023,54.540000915527344,55.060001373291016,54.11000061035156,54.61000061035156,329200
13-09-2023,54.56999969482422,54.68000030517578,53.38999938964844,53.41999816894531,401000
14-09-2023,53.84999847412109,54.29999923706055,53.2599983215332,53.59000015258789,271000
15-09-2023,53.459999084472656,53.7400016784668,52.869998931884766,53.25,868100
18-09-2023,53.720001220703125,53.81999969482422,53.0,53.5099983215332,183700
19-09-2023,53.650001525878906,54.52000045776367,53.54999923706055,54.209999084472656,292000
20-09-2023,54.61000061035156,55.18000030517578,52.88999938964844,52.93000030517578,299600
21-09-2023,52.61000061035156,52.65999984741211,51.72999954223633,51.880001068115234,351500
22-09-2023,51.880001068115234,52.290000915527344,51.5099983215332,51.650001525878906,234200
25-09-2023,51.84000015258789,54.18999862670898,51.06999969482422,54.15999984741211,440700
26-09-2023,53.52999877929688,54.13999938964844,52.869998931884766,52.880001068115234,601400
27-09-2023,53.06999969482422,53.16999816894531,51.52999877929688,52.43000030517578,954100
28-09-2023,52.66999816894531,53.58000183105469,52.59000015258789,52.720001220703125,272000
29-09-2023,53.06999969482422,53.4900016784668,52.630001068115234,52.72999954223633,401100
02-10-2023,52.630001068115234,52.66999816894531,50.93000030517578,51.15999984741211,358300
03-10-2023,50.77999877929688,50.970001220703125,50.119998931884766,50.290000915527344,396400
04-10-2023,50.29999923706055,50.29999923706055,49.31999969482422,50.220001220703125,472700
05-10-2023,50.209999084472656,50.68999862670898,49.290000915527344,50.38999938964844,486600
06-10-2023,49.72999954223633,50.5,49.66999816894531,49.880001068115234,253600
09-10-2023,49.5099983215332,49.560001373291016,48.7599983215332,49.36000061035156,235900
10-10-2023,49.720001220703125,50.720001220703125,49.119998931884766,50.27000045776367,228000
11-10-2023,50.08000183105469,50.08000183105469,48.630001068115234,49.33000183105469,303000
12-10-2023,49.58000183105469,50.0,47.86000061035156,47.88999938964844,280800
13-10-2023,47.880001068115234,48.470001220703125,47.119998931884766,47.790000915527344,314300
16-10-2023,48.34999847412109,49.130001068115234,48.150001525878906,48.59000015258789,332100
17-10-2023,48.15999984741211,50.0099983215332,48.15999984741211,49.470001220703125,291700
18-10-2023,48.810001373291016,49.540000915527344,48.470001220703125,48.4900016784668,242200
19-10-2023,44.0,45.619998931884766,43.31999969482422,44.86000061035156,3773600
20-10-2023,44.58000183105469,45.27999877929688,44.15999984741211,44.470001220703125,4451600
23-10-2023,44.59999847412109,45.880001068115234,44.36000061035156,45.52999877929688,1057800
24-10-2023,45.70000076293945,46.209999084472656,45.43999862670898,45.7400016784668,625700
25-10-2023,45.369998931884766,45.650001525878906,44.130001068115234,44.16999816894531,437600
26-10-2023,44.11000061035156,44.209999084472656,43.040000915527344,43.66999816894531,1061300
27-10-2023,43.95000076293945,44.88999938964844,43.11000061035156,44.65999984741211,836500
30-10-2023,45.36000061035156,45.369998931884766,44.43000030517578,44.959999084472656,516600
31-10-2023,45.41999816894531,46.18000030517578,45.41999816894531,45.900001525878906,621700
01-11-2023,45.459999084472656,45.84000015258789,44.16999816894531,45.02999877929688,838400
02-11-2023,45.869998931884766,46.400001525878906,45.59000015258789,46.06999969482422,802900
03-11-2023,46.70000076293945,47.310001373291016,46.41999816894531,47.02000045776367,384400
06-11-2023,47.0099983215332,47.02999877929688,45.869998931884766,46.36000061035156,634200
07-11-2023,47.52999877929688,49.560001373291016,46.84999847412109,48.33000183105469,1261100
08-11-2023,48.52000045776367,48.959999084472656,48.02999877929688,48.220001220703125,591400
09-11-2023,48.5,49.09999847412109,47.06999969482422,47.31999969482422,647700
10-11-2023,47.43999862670898,47.93000030517578,47.06999969482422,47.86000061035156,449000
13-11-2023,48.060001373291016,49.060001373291016,47.93999862670898,48.209999084472656,1305600
14-11-2023,49.5099983215332,50.650001525878906,49.18000030517578,50.25,1579400
15-11-2023,50.20000076293945,51.02000045776367,50.060001373291016,50.720001220703125,1209600
16-11-2023,50.84999847412109,51.38999938964844,50.369998931884766,50.84999847412109,1167900
17-11-2023,51.72999954223633,51.93999862670898,50.52999877929688,51.220001220703125,1240900
20-11-2023,51.16999816894531,51.709999084472656,50.43000030517578,51.060001373291016,1286200
21-11-2023,50.83000183105469,51.16999816894531,50.54999923706055,50.630001068115234,442300
22-11-2023,51.02999877929688,51.400001525878906,50.65999984741211,50.77000045776367,185200
24-11-2023,50.900001525878906,51.2400016784668,50.81999969482422,51.09000015258789,118300
27-11-2023,50.66999816894531,51.09000015258789,50.2400016784668,50.52000045776367,550700
28-11-2023,50.400001525878906,50.40999984741211,49.77000045776367,49.77000045776367,358900
29-11-2023,49.959999084472656,50.459999084472656,49.41999816894531,49.560001373291016,492600
30-11-2023,49.68000030517578,49.869998931884766,48.84000015258789,49.459999084472656,797700
01-12-2023,49.2400016784668,50.97999954223633,49.22999954223633,50.970001220703125,355000
04-12-2023,50.540000915527344,51.41999816894531,50.400001525878906,51.220001220703125,396500
05-12-2023,50.20000076293945,50.470001220703125,48.720001220703125,48.720001220703125,688100
06-12-2023,49.09000015258789,49.93000030517578,48.9900016784668,49.59999847412109,381300
07-12-2023,49.970001220703125,50.5,49.459999084472656,50.459999084472656,347200
08-12-2023,50.27999877929688,50.47999954223633,49.43999862670898,49.52999877929688,493900
11-12-2023,49.29999923706055,49.880001068115234,49.22999954223633,49.45000076293945,441100
12-12-2023,49.41999816894531,49.59999847412109,48.630001068115234,49.290000915527344,380100
13-12-2023,49.25,52.16999816894531,49.20000076293945,52.119998931884766,732300
14-12-2023,53.0,54.77999877929688,53.0,53.70000076293945,785500
15-12-2023,54.34000015258789,54.77000045776367,53.310001373291016,53.619998931884766,1155700
18-12-2023,53.880001068115234,54.04999923706055,53.150001525878906,54.04999923706055,875700
19-12-2023,54.58000183105469,55.61000061035156,54.290000915527344,55.45000076293945,785900
20-12-2023,55.900001525878906,56.31999969482422,54.90999984741211,54.959999084472656,465500
21-12-2023,55.45000076293945,56.58000183105469,55.18000030517578,56.56999969482422,555900
22-12-2023,56.7599983215332,57.34999847412109,56.72999954223633,57.06999969482422,438100
26-12-2023,57.18000030517578,57.43000030517578,56.810001373291016,56.86000061035156,638600
27-12-2023,56.83000183105469,57.0099983215332,56.150001525878906,56.619998931884766,298100
28-12-2023,56.310001373291016,56.86000061035156,55.95000076293945,56.52000045776367,318400
29-12-2023,56.34000015258789,56.7599983215332,55.84999847412109,56.02000045776367,826500
02-01-2024,55.61000061035156,56.08000183105469,55.2599983215332,55.43999862670898,589300
03-01-2024,54.79999923706055,55.970001220703125,54.33000183105469,55.52999877929688,902400
04-01-2024,55.43000030517578,55.810001373291016,54.68999862670898,55.47999954223633,617800
05-01-2024,55.040000915527344,56.5,55.040000915527344,56.209999084472656,699400
08-01-2024,56.880001068115234,57.720001220703125,56.43999862670898,57.33000183105469,481600
09-01-2024,56.630001068115234,58.220001220703125,56.119998931884766,57.959999084472656,532700
10-01-2024,57.900001525878906,58.540000915527344,57.54999923706055,58.43000030517578,1281800
11-01-2024,58.130001068115234,58.40999984741211,57.540000915527344,58.130001068115234,351400
12-01-2024,58.79999923706055,59.09999847412109,57.68000030517578,57.880001068115234,427100
16-01-2024,57.31999969482422,58.209999084472656,56.59999847412109,58.16999816894531,443600
17-01-2024,57.34000015258789,58.060001373291016,56.83000183105469,57.58000183105469,319200
18-01-2024,58.0099983215332,58.83000183105469,57.540000915527344,58.4900016784668,384800
19-01-2024,58.63999938964844,59.90999984741211,57.75,59.84000015258789,506500
22-01-2024,60.7599983215332,61.02000045776367,60.18999862670898,60.209999084472656,514700
23-01-2024,60.810001373291016,60.810001373291016,59.540000915527344,59.650001525878906,241900
24-01-2024,60.13999938964844,60.13999938964844,58.619998931884766,58.709999084472656,246200
25-01-2024,59.560001373291016,59.93000030517578,58.650001525878906,59.56999969482422,275200
26-01-2024,59.869998931884766,60.119998931884766,59.650001525878906,59.79999923706055,457600
29-01-2024,59.59000015258789,61.08000183105469,59.400001525878906,61.040000915527344,399500
30-01-2024,60.77999877929688,61.0,59.720001220703125,59.72999954223633,319300
31-01-2024,59.90999984741211,60.119998931884766,58.38999938964844,58.70000076293945,556200
01-02-2024,58.810001373291016,59.650001525878906,58.0,59.61000061035156,280400
02-02-2024,58.95000076293945,60.02000045776367,58.81999969482422,59.70000076293945,445000
05-02-2024,59.15999984741211,59.380001068115234,58.68999862670898,58.709999084472656,213300
06-02-2024,58.61000061035156,59.560001373291016,58.59000015258789,59.02999877929688,338800
07-02-2024,59.369998931884766,59.95000076293945,58.72999954223633,59.79999923706055,276200
08-02-2024,59.45000076293945,60.630001068115234,59.400001525878906,60.52999877929688,372900
09-02-2024,60.59000015258789,60.7599983215332,59.83000183105469,60.31999969482422,320300
12-02-2024,60.310001373291016,61.150001525878906,60.2400016784668,60.650001525878906,261200
13-02-2024,59.47999954223633,60.61000061035156,59.0,59.7599983215332,412000
14-02-2024,60.27999877929688,60.43999862670898,59.040000915527344,59.16999816894531,832800
15-02-2024,59.41999816894531,60.27000045776367,59.119998931884766,59.7400016784668,304400
16-02-2024,59.22999954223633,60.36000061035156,59.150001525878906,59.290000915527344,409800
20-02-2024,58.959999084472656,59.7400016784668,58.43999862670898,59.58000183105469,452600
21-02-2024,59.310001373291016,60.369998931884766,58.88999938964844,60.27000045776367,569900
22-02-2024,64.68000030517578,65.02999877929688,60.86000061035156,63.79999923706055,1436900
23-02-2024,63.380001068115234,63.7599983215332,62.08000183105469,62.84999847412109,637800
26-02-2024,62.22999954223633,62.65999984741211,61.04999923706055,61.560001373291016,529400
27-02-2024,61.95000076293945,62.08000183105469,60.90999984741211,61.45000076293945,589500
28-02-2024,61.0,61.58000183105469,60.77000045776367,60.77000045776367,312100
29-02-2024,61.18999862670898,61.18999862670898,59.560001373291016,59.810001373291016,475900
01-03-2024,59.5099983215332,60.81999969482422,59.33000183105469,60.380001068115234,367000
04-03-2024,60.380001068115234,62.09999847412109,60.060001373291016,62.040000915527344,633900
05-03-2024,61.900001525878906,62.15999984741211,61.38999938964844,61.84000015258789,589400
06-03-2024,62.04999923706055,63.68999862670898,61.72999954223633,63.27000045776367,689600
07-03-2024,63.58000183105469,63.959999084472656,62.43999862670898,62.470001220703125,365600
08-03-2024,62.650001525878906,63.52000045776367,61.68999862670898,61.9900016784668,285400
11-03-2024,61.88999938964844,62.27999877929688,61.43000030517578,61.68999862670898,250500
12-03-2024,61.40999984741211,61.79999923706055,60.79999923706055,61.5099983215332,246400
13-03-2024,61.400001525878906,61.90999984741211,60.95000076293945,61.25,405200
14-03-2024,61.25,61.31999969482422,59.68999862670898,59.93000030517578,259200
15-03-2024,59.43000030517578,60.34999847412109,59.18000030517578,59.400001525878906,638700
18-03-2024,59.79999923706055,60.040000915527344,58.70000076293945,58.7400016784668,400700
19-03-2024,58.84000015258789,60.130001068115234,58.68999862670898,59.47999954223633,482700
20-03-2024,59.119998931884766,60.04999923706055,59.040000915527344,59.900001525878906,247100
21-03-2024,60.060001373291016,60.97999954223633,60.060001373291016,60.25,264000
22-03-2024,60.11000061035156,60.33000183105469,59.72999954223633,60.209999084472656,243600
25-03-2024,60.41999816894531,61.2400016784668,60.16999816894531,60.27999877929688,387200
26-03-2024,60.58000183105469,60.66999816894531,60.09000015258789,60.27999877929688,257500
27-03-2024,61.04999923706055,62.5,60.77000045776367,62.459999084472656,322700
28-03-2024,62.04999923706055,62.630001068115234,61.95000076293945,62.45000076293945,351500
01-04-2024,62.40999984741211,62.65999984741211,61.130001068115234,61.43000030517578,418600
02-04-2024,60.88999938964844,61.04999923706055,59.9900016784668,60.31999969482422,316600
03-04-2024,59.77999877929688,60.58000183105469,59.27999877929688,59.34000015258789,491100
04-04-2024,59.84000015258789,60.790000915527344,59.38999938964844,59.709999084472656,618500
05-04-2024,59.650001525878906,60.959999084472656,59.470001220703125,60.63999938964844,340400
08-04-2024,61.0099983215332,61.95000076293945,60.29999923706055,61.68000030517578,470700
09-04-2024,61.7400016784668,62.790000915527344,61.56999969482422,62.43000030517578,473500
10-04-2024,61.790000915527344,61.91999816894531,59.7400016784668,59.95000076293945,433900
11-04-2024,60.11000061035156,60.61000061035156,59.29999923706055,59.790000915527344,335200
12-04-2024,59.27999877929688,59.630001068115234,58.09999847412109,58.54999923706055,342700
15-04-2024,59.119998931884766,59.119998931884766,56.4900016784668,56.810001373291016,578900
16-04-2024,56.58000183105469,56.91999816894531,55.5,56.5,422600
17-04-2024,56.7599983215332,57.08000183105469,55.970001220703125,56.2400016784668,443600
18-04-2024,56.20000076293945,56.43999862670898,54.86000061035156,55.27000045776367,482900
19-04-2024,55.38999938964844,55.97999954223633,54.959999084472656,55.83000183105469,640900
22-04-2024,56.68999862670898,56.88999938964844,55.33000183105469,55.5099983215332,933500
23-04-2024,55.41999816894531,56.16999816894531,55.2400016784668,55.470001220703125,475700
24-04-2024,55.43999862670898,56.2400016784668,55.13999938964844,56.16999816894531,324100
25-04-2024,55.59999847412109,55.93000030517578,54.68999862670898,55.09999847412109,351300
26-04-2024,55.04999923706055,55.52999877929688,54.81999969482422,55.2599983215332,304200
29-04-2024,55.459999084472656,56.36000061035156,55.459999084472656,55.900001525878906,382900
30-04-2024,55.43999862670898,55.959999084472656,55.220001220703125,55.22999954223633,451300
01-05-2024,55.25,56.43000030517578,54.470001220703125,55.400001525878906,567100
02-05-2024,53.459999084472656,53.90999984741211,50.91999816894531,52.130001068115234,1664200
03-05-2024,52.369998931884766,53.0099983215332,51.0,51.27000045776367,1147500
06-05-2024,51.959999084472656,52.09999847412109,50.90999984741211,50.91999816894531,661000
07-05-2024,50.93000030517578,52.650001525878906,50.72999954223633,52.2400016784668,830900
08-05-2024,51.959999084472656,52.34000015258789,50.54999923706055,50.66999816894531,788900
09-05-2024,50.77000045776367,51.04999923706055,50.43999862670898,51.04999923706055,637100
10-05-2024,51.06999969482422,51.56999969482422,50.4900016784668,51.06999969482422,565000
13-05-2024,51.400001525878906,51.81999969482422,50.900001525878906,51.709999084472656,637000
14-05-2024,52.150001525878906,53.380001068115234,51.790000915527344,52.5,741200
15-05-2024,53.09000015258789,53.84000015258789,52.45000076293945,52.63999938964844,657600
16-05-2024,52.88999938964844,53.310001373291016,52.060001373291016,52.20000076293945,339100
17-05-2024,52.2400016784668,52.540000915527344,51.650001525878906,52.40999984741211,335800
20-05-2024,52.310001373291016,52.7599983215332,51.11000061035156,51.150001525878906,460100
21-05-2024,51.060001373291016,51.310001373291016,50.369998931884766,50.38999938964844,347900
22-05-2024,50.25,51.060001373291016,50.04999923706055,51.040000915527344,378100
23-05-2024,50.650001525878906,51.09999847412109,49.90999984741211,50.02999877929688,420800
24-05-2024,49.86000061035156,50.52000045776367,49.66999816894531,50.2400016784668,519000
28-05-2024,50.33000183105469,50.47999954223633,49.619998931884766,49.720001220703125,201000
29-05-2024,49.09000015258789,49.900001525878906,48.900001525878906,49.459999084472656,595700
30-05-2024,49.380001068115234,50.27000045776367,49.380001068115234,49.77999877929688,443900
31-05-2024,50.119998931884766,50.43999862670898,49.79999923706055,50.27000045776367,715800
03-06-2024,51.0,51.0,48.93999862670898,49.15999984741211,484400
04-06-2024,48.63999938964844,48.77000045776367,46.91999816894531,47.470001220703125,934400
05-06-2024,47.45000076293945,48.459999084472656,46.470001220703125,48.08000183105469,634000
06-06-2024,48.0,48.209999084472656,47.150001525878906,47.88999938964844,554600
07-06-2024,47.59999847412109,48.06999969482422,46.0,46.34999847412109,416400
10-06-2024,45.59999847412109,45.68999862670898,45.0099983215332,45.15999984741211,752300
11-06-2024,45.0,45.20000076293945,44.52999877929688,44.72999954223633,711500
12-06-2024,45.45000076293945,46.38999938964844,44.66999816894531,45.150001525878906,525900
13-06-2024,44.52000045776367,45.209999084472656,44.06999969482422,44.90999984741211,771400
14-06-2024,44.5,44.869998931884766,43.79999923706055,44.84000015258789,684700
17-06-2024,44.70000076293945,45.040000915527344,44.45000076293945,45.0,733800
18-06-2024,45.0,45.130001068115234,44.43999862670898,44.61000061035156,702500
20-06-2024,44.5099983215332,44.709999084472656,44.18000030517578,44.560001373291016,529500
21-06-2024,44.59999847412109,45.2400016784668,44.45000076293945,45.09000015258789,884900
24-06-2024,45.220001220703125,45.810001373291016,44.9900016784668,45.02000045776367,642600
25-06-2024,44.810001373291016,45.04999923706055,44.43000030517578,45.0,878000
26-06-2024,45.0,45.20000076293945,44.75,45.08000183105469,633800
27-06-2024,45.220001220703125,45.34999847412109,44.720001220703125,44.90999984741211,402800
28-06-2024,44.95000076293945,45.22999954223633,44.68000030517578,45.20000076293945,916500
01-07-2024,45.2400016784668,46.11000061035156,44.0,44.34999847412109,683000
02-07-2024,44.34999847412109,44.900001525878906,43.7599983215332,44.709999084472656,572100
03-07-2024,44.959999084472656,44.959999084472656,44.38999938964844,44.43999862670898,540900
05-07-2024,44.61000061035156,44.84999847412109,43.77000045776367,44.84000015258789,530700
08-07-2024,44.72999954223633,45.060001373291016,44.18999862670898,44.369998931884766,640000
09-07-2024,44.27999877929688,44.27999877929688,43.43000030517578,43.75,438700
10-07-2024,43.72999954223633,43.86000061035156,43.29999923706055,43.790000915527344,384700
11-07-2024,44.290000915527344,45.70000076293945,44.13999938964844,45.68000030517578,502900
12-07-2024,45.869998931884766,46.45000076293945,45.650001525878906,46.02999877929688,573300
15-07-2024,46.130001068115234,46.33000183105469,44.72999954223633,44.7400016784668,742100
16-07-2024,44.84999847412109,46.619998931884766,44.43999862670898,46.380001068115234,1252900
17-07-2024,46.54999923706055,47.77000045776367,46.22999954223633,47.38999938964844,1075500
18-07-2024,47.02000045776367,48.220001220703125,46.56999969482422,46.91999816894531,682200
19-07-2024,47.0,47.0,45.869998931884766,46.709999084472656,643300
22-07-2024,46.91999816894531,46.970001220703125,45.68000030517578,45.79999923706055,509700
23-07-2024,45.65999984741211,46.2599983215332,45.369998931884766,46.02000045776367,693400
24-07-2024,46.0,46.459999084472656,45.369998931884766,45.90999984741211,713100
25-07-2024,45.79999923706055,47.41999816894531,45.38999938964844,46.90999984741211,846000
26-07-2024,47.18000030517578,48.16999816894531,46.84999847412109,48.09999847412109,931500
29-07-2024,48.02000045776367,48.81999969482422,47.59999847412109,47.869998931884766,796200
30-07-2024,47.83000183105469,48.36000061035156,47.77999877929688,47.93000030517578,386400
31-07-2024,47.97999954223633,48.40999984741211,47.43000030517578,47.63999938964844,577200
01-08-2024,47.7599983215332,47.90999984741211,46.08000183105469,46.540000915527344,515200
02-08-2024,45.4900016784668,45.790000915527344,44.59000015258789,45.400001525878906,577600
05-08-2024,44.369998931884766,44.369998931884766,41.65999984741211,41.68999862670898,991700
06-08-2024,41.900001525878906,43.41999816894531,41.75,41.97999954223633,1212500
07-08-2024,42.27000045776367,43.15999984741211,39.97999954223633,40.56999969482422,1836700
08-08-2024,41.540000915527344,43.86000061035156,41.5099983215332,43.560001373291016,914200
09-08-2024,43.619998931884766,44.27000045776367,42.86000061035156,43.400001525878906,756300
12-08-2024,43.459999084472656,43.459999084472656,42.34000015258789,42.38999938964844,708600
13-08-2024,42.59999847412109,43.65999984741211,42.380001068115234,43.2599983215332,595600
14-08-2024,43.709999084472656,43.91999816894531,42.720001220703125,43.02000045776367,685000
15-08-2024,43.61000061035156,44.810001373291016,43.2599983215332,44.459999084472656,599000
16-08-2024,44.34999847412109,44.72999954223633,44.0,44.150001525878906,408600
19-08-2024,44.34999847412109,44.900001525878906,44.16999816894531,44.709999084472656,309400
20-08-2024,44.459999084472656,44.84000015258789,44.06999969482422,44.27999877929688,396800
21-08-2024,44.560001373291016,44.7400016784668,43.650001525878906,44.400001525878906,322800
22-08-2024,44.63999938964844,44.91999816894531,43.81999969482422,44.04999923706055,338200
23-08-2024,44.34000015258789,46.150001525878906,43.9900016784668,46.02999877929688,380400
26-08-2024,46.310001373291016,46.52999877929688,45.68999862670898,45.70000076293945,425700
27-08-2024,45.56999969482422,45.869998931884766,45.29999923706055,45.5,293400
28-08-2024,45.15999984741211,46.02000045776367,44.91999816894531,45.31999969482422,370100
29-08-2024,45.75,46.540000915527344,45.290000915527344,45.9900016784668,295100
30-08-2024,46.31999969482422,47.0,45.91999816894531,46.59999847412109,386800
03-09-2024,46.11000061035156,46.84999847412109,44.27999877929688,44.56999969482422,493300
04-09-2024,44.43999862670898,44.83000183105469,43.95000076293945,44.22999954223633,275700
05-09-2024,44.470001220703125,44.470001220703125,43.11000061035156,43.11000061035156,368400
06-09-2024,43.27000045776367,44.400001525878906,42.90999984741211,43.43999862670898,440200
09-09-2024,43.18999862670898,44.5099983215332,42.709999084472656,43.0,652000
10-09-2024,42.95000076293945,43.41999816894531,42.68000030517578,43.119998931884766,469300
11-09-2024,42.869998931884766,43.36000061035156,42.400001525878906,43.09000015258789,675100
12-09-2024,43.08000183105469,43.369998931884766,42.40999984741211,43.27000045776367,719100
13-09-2024,43.47999954223633,44.20000076293945,43.09000015258789,43.34000015258789,623800
16-09-2024,43.54999923706055,43.880001068115234,42.400001525878906,42.4900016784668,613000
17-09-2024,42.61000061035156,43.290000915527344,42.45000076293945,42.720001220703125,664100
18-09-2024,42.59999847412109,44.09999847412109,42.5099983215332,43.63999938964844,903900
19-09-2024,44.43999862670898,45.959999084472656,44.43999862670898,45.02000045776367,635800
20-09-2024,44.709999084472656,44.869998931884766,43.41999816894531,43.66999816894531,1554400
23-09-2024,43.83000183105469,44.13999938964844,43.130001068115234,43.54999923706055,587800
24-09-2024,43.79999923706055,43.95000076293945,43.18000030517578,43.5099983215332,393900
25-09-2024,43.65999984741211,43.75,42.33000183105469,42.40999984741211,567300
26-09-2024,42.880001068115234,43.5099983215332,42.52000045776367,43.369998931884766,895400
27-09-2024,43.97999954223633,45.150001525878906,43.56999969482422,43.630001068115234,509300
30-09-2024,43.380001068115234,43.70000076293945,42.84999847412109,43.04999923706055,490800
01-10-2024,42.75,42.75,41.369998931884766,41.470001220703125,803600
02-10-2024,41.310001373291016,41.459999084472656,40.68999862670898,40.84000015258789,579500
03-10-2024,41.220001220703125,41.220001220703125,39.7599983215332,39.959999084472656,933700
04-10-2024,40.79999923706055,41.15999984741211,40.47999954223633,40.68999862670898,652600
07-10-2024,40.400001525878906,40.52999877929688,39.52999877929688,39.619998931884766,586300
08-10-2024,39.70000076293945,39.70000076293945,38.27000045776367,38.83000183105469,505300
09-10-2024,38.72999954223633,39.15999984741211,38.380001068115234,38.77000045776367,1007000
10-10-2024,38.52000045776367,38.93000030517578,38.36000061035156,38.720001220703125,699800
11-10-2024,38.54999923706055,40.2599983215332,38.54999923706055,40.220001220703125,544500
14-10-2024,40.310001373291016,40.310001373291016,39.2400016784668,40.09000015258789,572700
15-10-2024,39.86000061035156,40.619998931884766,39.5,39.83000183105469,677300
16-10-2024,39.93000030517578,40.84999847412109,39.75,40.77999877929688,569800
17-10-2024,40.90999984741211,41.369998931884766,40.540000915527344,41.060001373291016,674900
18-10-2024,41.41999816894531,41.709999084472656,41.040000915527344,41.2599983215332,489200
21-10-2024,41.20000076293945,41.25,40.2599983215332,40.5,454000
22-10-2024,40.41999816894531,40.619998931884766,39.52999877929688,40.04999923706055,1006600
23-10-2024,40.02000045776367,40.220001220703125,38.84000015258789,39.34999847412109,405300
24-10-2024,39.43999862670898,39.66999816894531,39.130001068115234,39.540000915527344,605200
25-10-2024,39.56999969482422,40.209999084472656,39.119998931884766,39.9900016784668,641800
28-10-2024,40.29999923706055,41.220001220703125,40.29999923706055,41.16999816894531,709600
29-10-2024,40.83000183105469,40.90999984741211,40.45000076293945,40.5099983215332,456400
30-10-2024,40.34999847412109,42.83000183105469,40.04999923706055,42.060001373291016,1195500
31-10-2024,41.93000030517578,42.61000061035156,41.27000045776367,41.27000045776367,792500
01-11-2024,41.58000183105469,43.38999938964844,41.560001373291016,42.43000030517578,813600
04-11-2024,42.5099983215332,43.66999816894531,42.5099983215332,43.02999877929688,1022700
05-11-2024,43.02999877929688,43.68999862670898,42.7599983215332,43.310001373291016,891500
06-11-2024,49.5099983215332,49.83000183105469,46.209999084472656,46.900001525878906,1551100
07-11-2024,46.34000015258789,48.43000030517578,46.34000015258789,47.86000061035156,1502400
08-11-2024,47.560001373291016,47.869998931884766,45.93999862670898,46.41999816894531,704400
11-11-2024,46.86000061035156,47.68000030517578,46.5,47.34999847412109,526700
12-11-2024,47.18000030517578,47.88999938964844,46.709999084472656,46.90999984741211,529100
13-11-2024,47.02999877929688,47.4900016784668,45.9900016784668,46.45000076293945,447400
14-11-2024,46.59000015258789,46.7599983215332,45.27000045776367,45.56999969482422,574100
15-11-2024,45.65999984741211,46.61000061035156,45.310001373291016,46.380001068115234,467600
18-11-2024,46.04999923706055,46.66999816894531,45.52000045776367,45.540000915527344,391700
19-11-2024,45.400001525878906,45.810001373291016,45.09000015258789,45.27000045776367,459700
20-11-2024,45.06999969482422,45.63999938964844,43.0,44.77999877929688,514500
21-11-2024,44.91999816894531,46.380001068115234,44.79999923706055,46.16999816894531,647600
22-11-2024,46.2400016784668,47.18999862670898,46.220001220703125,46.66999816894531,604700
25-11-2024,47.33000183105469,48.7599983215332,47.25,48.27000045776367,756600
26-11-2024,48.09000015258789,48.31999969482422,46.869998931884766,47.7400016784668,779800
27-11-2024,47.90999984741211,48.900001525878906,47.75,48.45000076293945,475700
29-11-2024,48.34999847412109,48.86000061035156,48.2400016784668,48.810001373291016,249700
02-12-2024,49.02000045776367,49.400001525878906,48.68000030517578,49.33000183105469,574700
03-12-2024,49.18999862670898,49.5,48.380001068115234,49.02999877929688,725100
04-12-2024,48.97999954223633,49.75,48.310001373291016,48.619998931884766,769400
05-12-2024,48.650001525878906,49.060001373291016,47.27999877929688,47.880001068115234,507900
06-12-2024,48.34000015258789,48.77000045776367,47.119998931884766,47.630001068115234,577000
09-12-2024,47.84999847412109,48.58000183105469,47.43000030517578,47.43000030517578,531900
10-12-2024,47.72999954223633,47.72999954223633,46.33000183105469,46.560001373291016,586900
11-12-2024,46.959999084472656,47.52000045776367,46.68000030517578,46.77999877929688,462200
12-12-2024,46.56999969482422,47.18999862670898,46.540000915527344,46.91999816894531,480300
13-12-2024,46.34999847412109,46.63999938964844,45.81999969482422,46.13999938964844,496500
16-12-2024,46.02000045776367,47.040000915527344,45.59000015258789,45.790000915527344,440900
17-12-2024,45.4900016784668,46.380001068115234,45.02999877929688,45.63999938964844,367400
18-12-2024,45.650001525878906,46.36000061035156,43.06999969482422,43.27999877929688,680600
19-12-2024,43.43999862670898,43.7400016784668,41.709999084472656,42.4900016784668,833900
20-12-2024,42.02000045776367,43.59000015258789,42.02000045776367,43.119998931884766,1258400
23-12-2024,43.27000045776367,43.619998931884766,42.810001373291016,43.209999084472656,572600
24-12-2024,43.290000915527344,43.970001220703125,42.959999084472656,43.95000076293945,245800
26-12-2024,43.619998931884766,44.61000061035156,43.52000045776367,44.52000045776367,397700
27-12-2024,44.0099983215332,44.83000183105469,43.59000015258789,44.290000915527344,471700
30-12-2024,44.040000915527344,44.16999816894531,42.68000030517578,43.43000030517578,610400
31-12-2024,43.650001525878906,44.38999938964844,43.43000030517578,43.880001068115234,476000
02-01-2025,44.2400016784668,45.40999984741211,43.9900016784668,44.29999923706055,597400
03-01-2025,44.34000015258789,44.90999984741211,42.650001525878906,43.27000045776367,909400
06-01-2025,43.5,44.869998931884766,43.369998931884766,44.54999923706055,925000
07-01-2025,45.959999084472656,47.810001373291016,44.5099983215332,44.7599983215332,709400
08-01-2025,45.68999862670898,46.810001373291016,44.93000030517578,45.77999877929688,1186600
10-01-2025,45.02999877929688,45.61000061035156,44.7400016784668,44.77000045776367,1190200
13-01-2025,44.43000030517578,45.900001525878906,43.83000183105469,45.34999847412109,10728800
14-01-2025,45.369998931884766,45.790000915527344,44.15999984741211,44.75,1403800
15-01-2025,45.59000015258789,46.34000015258789,45.380001068115234,45.720001220703125,731100
16-01-2025,45.63999938964844,46.0,45.02000045776367,45.470001220703125,490700
17-01-2025,45.83000183105469,46.95000076293945,45.810001373291016,46.630001068115234,541600
21-01-2025,47.02999877929688,48.220001220703125,47.0099983215332,47.9900016784668,651100
22-01-2025,47.63999938964844,48.290000915527344,46.970001220703125,47.02000045776367,441200
23-01-2025,46.869998931884766,47.959999084472656,46.560001373291016,47.27000045776367,878600
24-01-2025,47.20000076293945,48.2599983215332,47.0099983215332,47.790000915527344,744400
27-01-2025,47.79999923706055,49.380001068115234,47.25,47.66999816894531,741500
28-01-2025,47.68000030517578,48.13999938964844,47.11000061035156,47.709999084472656,455000
29-01-2025,47.84000015258789,48.02000045776367,46.810001373291016,47.369998931884766,563000
30-01-2025,47.7400016784668,48.369998931884766,47.25,47.5099983215332,595500
31-01-2025,47.27000045776367,47.84999847412109,46.790000915527344,46.97999954223633,517500
03-02-2025,46.09000015258789,46.27000045776367,44.70000076293945,45.27000045776367,498900
04-02-2025,45.11000061035156,46.310001373291016,45.11000061035156,46.11000061035156,570700
05-02-2025,46.290000915527344,47.25,46.0099983215332,47.11000061035156,528700
06-02-2025,47.150001525878906,47.2599983215332,44.650001525878906,44.7400016784668,890800
07-02-2025,44.59999847412109,44.88999938964844,43.45000076293945,44.0,725000
10-02-2025,44.38999938964844,44.970001220703125,44.119998931884766,44.47999954223633,670500
11-02-2025,44.150001525878906,44.5099983215332,43.93999862670898,43.959999084472656,565900
12-02-2025,43.33000183105469,44.040000915527344,42.90999984741211,43.88999938964844,409900
13-02-2025,44.15999984741211,44.369998931884766,43.25,43.709999084472656,429700
14-02-2025,44.18999862670898,44.2400016784668,43.63999938964844,43.88999938964844,391700
18-02-2025,43.79999923706055,44.52000045776367,43.38999938964844,44.29999923706055,594500
19-02-2025,43.84000015258789,44.7400016784668,43.650001525878906,44.540000915527344,493800
20-02-2025,44.56999969482422,44.7599983215332,43.43999862670898,43.900001525878906,536300
21-02-2025,43.84999847412109,44.02999877929688,42.380001068115234,42.709999084472656,458700
24-02-2025,42.66999816894531,43.7599983215332,42.20000076293945,43.52999877929688,648000
25-02-2025,43.630001068115234,43.75,41.34000015258789,42.09999847412109,1100100
26-02-2025,42.09999847412109,42.18999862670898,39.959999084472656,40.0,1613200
27-02-2025,39.880001068115234,40.66999816894531,38.08000183105469,38.119998931884766,1162400
28-02-2025,38.09999847412109,39.400001525878906,37.59999847412109,38.650001525878906,1614700
03-03-2025,39.18000030517578,39.5,37.59999847412109,37.86000061035156,1653900
04-03-2025,37.459999084472656,37.900001525878906,35.13999938964844,36.619998931884766,1389300
05-03-2025,36.83000183105469,37.650001525878906,36.560001373291016,37.61000061035156,1298900
06-03-2025,37.38999938964844,37.81999969482422,36.81999969482422,37.09999847412109,961000
07-03-2025,36.84999847412109,37.880001068115234,36.09999847412109,37.720001220703125,865600
10-03-2025,37.310001373291016,37.54999923706055,35.279998779296875,35.5099983215332,1304300
11-03-2025,35.61000061035156,37.2599983215332,35.349998474121094,36.84999847412109,1267400
12-03-2025,37.15999984741211,37.47999954223633,36.060001373291016,36.380001068115234,961900
13-03-2025,36.59000015258789,36.97999954223633,35.59000015258789,35.810001373291016,566600
14-03-2025,36.220001220703125,37.09000015258789,35.84000015258789,37.04999923706055,1144400
17-03-2025,37.310001373291016,39.560001373291016,37.310001373291016,39.18999862670898,1251400
18-03-2025,39.06999969482422,39.59999847412109,38.400001525878906,39.0099983215332,1032900
19-03-2025,39.29999923706055,39.970001220703125,38.93999862670898,39.43000030517578,1035700
20-03-2025,39.0,39.9900016784668,38.68000030517578,39.34999847412109,568300
21-03-2025,38.880001068115234,39.52999877929688,38.5099983215332,39.08000183105469,1091600
24-03-2025,39.59999847412109,40.4900016784668,39.38999938964844,40.0,558400
25-03-2025,40.02999877929688,40.70000076293945,39.09000015258789,39.400001525878906,590100
26-03-2025,39.34000015258789,39.75,38.68000030517578,39.18000030517578,504900
27-03-2025,39.08000183105469,39.27999877929688,38.31999969482422,38.880001068115234,514600
28-03-2025,38.459999084472656,38.52999877929688,37.38999938964844,37.7599983215332,479700
31-03-2025,37.220001220703125,38.560001373291016,36.43000030517578,38.209999084472656,695600
01-04-2025,37.84000015258789,38.18999862670898,36.75,37.18000030517578,666400
02-04-2025,35.810001373291016,37.02999877929688,34.439998626708984,36.97999954223633,1324900
03-04-2025,35.25,35.439998626708984,33.72999954223633,33.790000915527344,1327100
04-04-2025,32.45000076293945,32.79999923706055,31.0,32.529998779296875,1488100
07-04-2025,31.200000762939453,34.150001525878906,30.38999938964844,32.5,1260500
08-04-2025,33.709999084472656,33.880001068115234,30.18000030517578,30.65999984741211,1199800
09-04-2025,30.0,35.0,29.31999969482422,34.220001220703125,1444700
10-04-2025,33.25,33.25,31.56999969482422,32.099998474121094,963600
11-04-2025,32.209999084472656,32.43000030517578,30.65999984741211,32.0099983215332,1011700
14-04-2025,32.72999954223633,33.13999938964844,31.32999992370605,32.310001373291016,1185800
15-04-2025,32.15999984741211,32.47999954223633,31.3799991607666,31.479999542236328,798300
16-04-2025,31.350000381469727,31.690000534057617,30.61000061035156,31.15999984741211,893000
17-04-2025,30.88999938964844,31.989999771118164,30.88999938964844,31.959999084472656,704800
21-04-2025,31.61000061035156,32.2599983215332,30.68000030517578,32.209999084472656,1355600
22-04-2025,32.56999969482422,32.93000030517578,31.670000076293945,32.619998931884766,840100
23-04-2025,34.08000183105469,35.630001068115234,33.59000015258789,33.790000915527344,914100
24-04-2025,33.9900016784668,35.349998474121094,33.790000915527344,35.119998931884766,916100
25-04-2025,34.970001220703125,35.529998779296875,34.75,35.099998474121094,890700
28-04-2025,35.099998474121094,35.540000915527344,34.34000015258789,34.65999984741211,1104500
29-04-2025,34.61000061035156,35.38999938964844,34.22999954223633,34.90999984741211,791700
30-04-2025,34.45000076293945,34.72999954223633,33.529998779296875,34.59000015258789,757200
01-05-2025,34.90999984741211,35.31999969482422,34.41999816894531,34.599998474121094,1155700
02-05-2025,35.619998931884766,35.619998931884766,34.630001068115234,35.29999923706055,926100
05-05-2025,34.959999084472656,34.959999084472656,33.880001068115234,34.15999984741211,976200
06-05-2025,33.72999954223633,34.65999984741211,33.47999954223633,34.09000015258789,780900
07-05-2025,34.34000015258789,34.560001373291016,33.70000076293945,34.2400016784668,1415900
08-05-2025,31.06999969482422,33.41999816894531,30.649999618530277,33.08000183105469,2184100
09-05-2025,32.720001220703125,33.369998931884766,32.189998626708984,33.04999923706055,1748100
12-05-2025,34.18000030517578,36.7400016784668,34.18000030517578,36.56999969482422,1668100
13-05-2025,36.91999816894531,37.84999847412109,36.40999984741211,37.34999847412109,1588800
14-05-2025,37.04999923706055,37.22999954223633,35.810001373291016,36.220001220703125,1125300
15-05-2025,36.130001068115234,36.40999984741211,35.45000076293945,35.72999954223633,858800
16-05-2025,35.630001068115234,36.16999816894531,35.38999938964844,36.060001373291016,539900
19-05-2025,35.310001373291016,35.56999969482422,34.959999084472656,35.47999954223633,458500
20-05-2025,35.310001373291016,35.41999816894531,34.36000061035156,34.470001220703125,675100
21-05-2025,33.939998626708984,34.369998931884766,32.349998474121094,32.349998474121094,918900
22-05-2025,32.279998779296875,32.720001220703125,31.90999984741211,32.369998931884766,925900
23-05-2025,31.6200008392334,31.979999542236328,31.309999465942383,31.559999465942383,694200
27-05-2025,32.36000061035156,33.84000015258789,32.349998474121094,33.439998626708984,1145300
28-05-2025,33.400001525878906,33.56999969482422,32.560001373291016,32.56999969482422,1141800
29-05-2025,32.95000076293945,33.02000045776367,31.920000076293945,32.04999923706055,1128100
30-05-2025,31.799999237060547,31.920000076293945,31.13999938964844,31.299999237060547,974200
02-06-2025,31.299999237060547,31.489999771118164,29.299999237060547,29.649999618530277,1667000
03-06-2025,29.63999938964844,30.90999984741211,29.1299991607666,30.68000030517578,2793600
04-06-2025,30.940000534057617,31.8799991607666,30.690000534057617,31.82999992370605,1492400
05-06-2025,31.8700008392334,32.15999984741211,31.34000015258789,31.600000381469727,1523400
06-06-2025,32.130001068115234,32.40999984741211,31.59000015258789,31.790000915527344,894100
09-06-2025,32.4900016784668,33.459999084472656,32.349998474121094,32.88999938964844,1987600
10-06-2025,33.09000015258789,33.970001220703125,32.86000061035156,33.54999923706055,1294100
11-06-2025,33.630001068115234,34.0,33.189998626708984,33.34000015258789,1350900
12-06-2025,32.869998931884766,32.90999984741211,32.16999816894531,32.290000915527344,1069800
13-06-2025,31.559999465942383,32.439998626708984,31.479999542236328,31.899999618530277,1365900
16-06-2025,32.4900016784668,32.61000061035156,31.75,32.25,1186700
17-06-2025,31.82999992370605,31.96999931335449,30.8700008392334,30.8799991607666,1307200
18-06-2025,30.950000762939453,31.40999984741211,30.57999992370605,30.65999984741211,1308300
20-06-2025,30.88999938964844,31.239999771118164,30.09000015258789,30.11000061035156,1107500
23-06-2025,29.770000457763672,30.020000457763672,28.82999992370605,29.959999084472656,1298700
24-06-2025,30.309999465942383,31.989999771118164,30.149999618530277,31.959999084472656,1299500
25-06-2025,32.04999923706055,32.310001373291016,31.899999618530277,32.130001068115234,1108000
26-06-2025,32.310001373291016,32.529998779296875,31.979999542236328,32.2599983215332,1039100
27-06-2025,32.27000045776367,32.65999984741211,31.209999084472656,31.780000686645508,9308000
30-06-2025,32.04999923706055,32.04999923706055,30.8700008392334,31.36000061035156,990400
01-07-2025,30.989999771118164,33.95000076293945,30.84000015258789,33.02000045776367,1273500
02-07-2025,33.16999816894531,33.599998474121094,32.650001525878906,33.459999084472656,1074500
03-07-2025,33.59000015258789,33.81999969482422,33.2400016784668,33.650001525878906,775300
07-07-2025,33.2599983215332,33.810001373291016,32.7400016784668,33.02000045776367,912700
08-07-2025,33.29999923706055,34.91999816894531,33.130001068115234,34.7400016784668,1300400
09-07-2025,35.150001525878906,35.58000183105469,34.349998474121094,35.560001373291016,1293200
10-07-2025,35.47999954223633,36.81999969482422,35.209999084472656,35.939998626708984,1216500
11-07-2025,35.400001525878906,35.400001525878906,34.0,34.029998779296875,992400
14-07-2025,33.709999084472656,33.779998779296875,31.809999465942383,31.959999084472656,1420300
15-07-2025,32.310001373291016,32.31999969482422,30.479999542236328,30.899999618530277,1564500
16-07-2025,31.01000022888184,31.01000022888184,29.88999938964844,30.540000915527344,1278500
17-07-2025,30.399999618530277,30.86000061035156,29.739999771118164,30.86000061035156,3333700
18-07-2025,31.21999931335449,31.3799991607666,26.0,26.290000915527344,3975400
21-07-2025,27.01000022888184,27.149999618530277,25.93000030517578,26.299999237060547,2086400
22-07-2025,26.5,27.270000457763672,26.5,27.239999771118164,1658300
23-07-2025,27.770000457763672,28.100000381469727,27.149999618530277,27.700000762939453,1374400
24-07-2025,27.309999465942383,27.850000381469727,26.920000076293945,27.15999984741211,1290300
25-07-2025,27.09000015258789,27.549999237060547,26.540000915527344,27.540000915527344,1129800
28-07-2025,27.540000915527344,28.09000015258789,27.200000762939453,27.31999969482422,1329300
29-07-2025,27.209999084472656,27.51000022888184,26.96999931335449,27.31999969482422,1229000
30-07-2025,27.51000022888184,27.790000915527344,26.729999542236328,27.030000686645508,1494300
31-07-2025,26.71999931335449,27.1299991607666,26.209999084472656,26.799999237060547,1377300
01-08-2025,26.46999931335449,26.6200008392334,25.700000762939453,25.739999771118164,1336000
04-08-2025,25.71999931335449,26.68000030517578,25.46999931335449,26.6299991607666,1448700
05-08-2025,26.6200008392334,26.989999771118164,26.13999938964844,26.459999084472656,975200
06-08-2025,26.43000030517578,26.690000534057617,25.71999931335449,25.76000022888184,1364500
07-08-2025,27.57999992370605,29.559999465942383,26.899999618530277,28.520000457763672,1698800
08-08-2025,28.530000686645508,29.5,28.0,28.440000534057617,1501600
11-08-2025,28.739999771118164,29.18000030517578,28.06999969482422,28.11000061035156,1146600
12-08-2025,28.5,29.690000534057617,28.25,28.75,1060200
13-08-2025,28.899999618530277,30.309999465942383,28.739999771118164,29.59000015258789,1639100
14-08-2025,28.59000015258789,29.34000015258789,28.31999969482422,28.81999969482422,1156900
15-08-2025,30.07999992370605,30.309999465942383,29.459999084472656,29.549999237060547,1055500
18-08-2025,29.530000686645508,30.030000686645508,29.18000030517578,29.549999237060547,886100
19-08-2025,29.56999969482422,30.559999465942383,29.56999969482422,30.440000534057617,886800
20-08-2025,30.43000030517578,30.700000762939453,29.559999465942383,30.0,931000
21-08-2025,29.709999084472656,30.059999465942383,29.3700008392334,29.5,794100
22-08-2025,29.940000534057617,31.75,29.84000015258789,31.440000534057617,908200
25-08-2025,32.029998779296875,32.029998779296875,30.790000915527344,30.989999771118164,766100
26-08-2025,30.920000076293945,31.75,30.920000076293945,31.170000076293945,1194500
27-08-2025,31.01000022888184,31.76000022888184,30.8799991607666,31.020000457763672,1067100
28-08-2025,31.25,31.299999237060547,30.200000762939453,30.59000015258789,1214100
29-08-2025,30.51000022888184,30.979999542236328,30.31999969482422,30.899999618530277,934300
02-09-2025,30.420000076293945,30.979999542236328,30.26000022888184,30.84000015258789,879300
03-09-2025,30.790000915527344,31.09000015258789,30.31999969482422,30.65999984741211,1267700
04-09-2025,30.450000762939453,31.600000381469727,30.0,31.549999237060547,917500
05-09-2025,31.600000381469727,32.7599983215332,31.530000686645508,32.130001068115234,781800
08-09-2025,32.0099983215332,32.040000915527344,31.100000381469727,31.399999618530277,726900
09-09-2025,31.280000686645508,31.51000022888184,30.86000061035156,31.190000534057617,903600
10-09-2025,31.040000915527344,31.600000381469727,30.450000762939453,30.459999084472656,891200
11-09-2025,30.440000534057617,31.63999938964844,30.440000534057617,31.57999992370605,782000
12-09-2025,32.779998779296875,32.869998931884766,31.71999931335449,31.71999931335449,1166100
15-09-2025,31.989999771118164,32.40999984741211,31.71999931335449,32.34000015258789,966700
16-09-2025,32.349998474121094,33.349998474121094,32.060001373291016,33.31999969482422,1671700
17-09-2025,33.09000015258789,33.849998474121094,32.060001373291016,32.130001068115234,1358000
18-09-2025,32.59000015258789,33.38999938964844,32.33000183105469,33.16999816894531,1100600
19-09-2025,33.15999984741211,33.18000030517578,32.099998474121094,32.36000061035156,1326500
22-09-2025,32.189998626708984,32.619998931884766,31.479999542236328,32.349998474121094,653300
23-09-2025,32.34000015258789,32.900001525878906,31.020000457763672,31.15999984741211,935300
24-09-2025,31.0,31.670000076293945,31.0,31.26000022888184,581500
25-09-2025,30.899999618530277,30.899999618530277,29.790000915527344,30.020000457763672,812100
26-09-2025,30.170000076293945,30.43000030517578,29.780000686645508,29.989999771118164,500100
29-09-2025,30.0,30.350000381469727,29.549999237060547,30.18000030517578,466300
30-09-2025,30.200000762939453,30.36000061035156,29.709999084472656,30.34000015258789,570900
01-10-2025,30.26000022888184,30.71999931335449,29.8700008392334,30.459999084472656,539700
02-10-2025,30.3700008392334,30.61000061035156,29.799999237060547,30.549999237060547,503300
03-10-2025,30.809999465942383,32.09000015258789,30.6200008392334,32.02000045776367,591300
06-10-2025,32.34000015258789,32.43000030517578,31.229999542236328,31.26000022888184,622600
07-10-2025,31.21999931335449,31.63999938964844,30.200000762939453,30.32999992370605,732400
08-10-2025,30.43000030517578,31.799999237060547,30.18000030517578,31.780000686645508,509800
09-10-2025,31.950000762939453,32.11000061035156,31.280000686645508,31.3700008392334,460600
10-10-2025,31.280000686645508,31.540000915527344,29.51000022888184,29.690000534057617,936600
13-10-2025,30.32999992370605,30.489999771118164,29.709999084472656,29.729999542236328,506300
14-10-2025,29.1299991607666,31.61000061035156,29.0,31.059999465942383,903800
15-10-2025,31.09000015258789,32.0099983215332,30.63999938964844,31.190000534057617,617900
16-10-2025,31.31999969482422,31.6200008392334,30.739999771118164,31.190000534057617,503200
17-10-2025,31.13999938964844,31.59000015258789,30.81999969482422,31.420000076293945,489400
20-10-2025,31.84000015258789,32.79999923706055,31.700000762939453,32.40999984741211,624500
21-10-2025,32.400001525878906,32.529998779296875,32.099998474121094,32.25,524700
22-10-2025,32.5,33.25,32.209999084472656,32.7400016784668,756300
23-10-2025,32.779998779296875,33.27000045776367,32.38999938964844,32.540000915527344,696400
24-10-2025,32.869998931884766,33.400001525878906,32.560001373291016,32.869998931884766,533600
27-10-2025,33.34000015258789,34.279998779296875,32.86000061035156,32.86000061035156,729600
28-10-2025,32.52000045776367,32.959999084472656,32.4900016784668,32.86000061035156,526800
29-10-2025,32.529998779296875,33.130001068115234,31.86000061035156,31.989999771118164,552300
30-10-2025,31.68000030517578,31.959999084472656,30.520000457763672,30.690000534057617,729900
31-10-2025,30.34000015258789,31.299999237060547,29.76000022888184,31.239999771118164,960700
03-11-2025,31.13999938964844,31.459999084472656,30.68000030517578,31.3799991607666,824800
04-11-2025,30.979999542236328,31.88999938964844,30.979999542236328,31.440000534057617,978800
05-11-2025,31.149999618530277,32.11000061035156,31.020000457763672,31.489999771118164,1002100
06-11-2025,31.780000686645508,32.130001068115234,28.200000762939453,28.420000076293945,2484300
07-11-2025,27.950000762939453,28.899999618530277,27.520000457763672,28.059999465942383,1092900
10-11-2025,28.479999542236328,30.399999618530277,28.32999992370605,30.26000022888184,1204100
11-11-2025,30.6200008392334,31.530000686645508,30.530000686645508,31.51000022888184,886500
12-11-2025,31.57999992370605,32.40999984741211,31.239999771118164,31.239999771118164,821900
13-11-2025,30.649999618530277,31.809999465942383,30.59000015258789,30.8700008392334,565300
14-11-2025,30.350000381469727,30.729999542236328,29.690000534057617,29.989999771118164,598700
17-11-2025,29.780000686645508,29.899999618530277,28.170000076293945,28.299999237060547,796200
18-11-2025,28.200000762939453,28.799999237060547,27.690000534057617,28.239999771118164,850300
19-11-2025,28.38999938964844,28.38999938964844,27.040000915527344,27.170000076293945,633300
20-11-2025,27.549999237060547,28.270000457763672,26.690000534057617,26.82999992370605,725100
21-11-2025,27.01000022888184,29.34000015258789,26.799999237060547,28.770000457763672,891700
24-11-2025,28.82999992370605,29.670000076293945,28.56999969482422,29.600000381469727,807900
25-11-2025,30.149999618530277,30.850000381469727,29.780000686645508,30.43000030517578,918700
26-11-2025,30.170000076293945,30.739999771118164,30.1299991607666,30.309999465942383,717600
28-11-2025,30.61000061035156,30.75,30.200000762939453,30.270000457763672,236200
01-12-2025,30.479999542236328,30.93000030517578,29.299999237060547,29.36000061035156,972400
02-12-2025,29.59000015258789,30.190000534057617,29.01000022888184,29.3799991607666,676600
03-12-2025,29.309999465942383,29.8700008392334,28.959999084472656,29.280000686645508,626300
04-12-2025,29.25,29.26000022888184,27.84000015258789,27.959999084472656,787100
05-12-2025,28.020000457763672,28.520000457763672,26.729999542236328,27.020000457763672,1544000
08-12-2025,27.09000015258789,27.299999237060547,26.59000015258789,26.76000022888184,888800
09-12-2025,26.5,27.63999938964844,26.489999771118164,27.040000915527344,814700
10-12-2025,27.0,27.790000915527344,26.68000030517578,27.670000076293945,1138100
11-12-2025,27.600000381469727,28.270000457763672,27.3700008392334,27.81999969482422,921300
12-12-2025,27.5,28.09000015258789,26.190000534057617,26.46999931335449,1296800
15-12-2025,26.559999465942383,27.170000076293945,26.21999931335449,26.540000915527344,777300
16-12-2025,26.450000762939453,26.8700008392334,25.520000457763672,26.06999969482422,794500
17-12-2025,26.6299991607666,28.020000457763672,26.09000015258789,27.36000061035156,995800
18-12-2025,27.540000915527344,27.920000076293945,26.8700008392334,27.31999969482422,977300
19-12-2025,27.209999084472656,27.690000534057617,26.739999771118164,26.76000022888184,1309600
22-12-2025,26.81999969482422,27.65999984741211,26.600000381469727,27.200000762939453,784200
23-12-2025,26.920000076293945,27.11000061035156,26.15999984741211,26.309999465942383,851200
24-12-2025,26.709999084472656,26.88999938964844,26.5,26.86000061035156,434000
26-12-2025,26.81999969482422,27.38999938964844,26.68000030517578,27.38999938964844,626400
29-12-2025,27.38999938964844,27.63999938964844,26.82999992370605,27.07999992370605,1201800
30-12-2025,27.01000022888184,27.809999465942383,26.96999931335449,27.6200008392334,673000
31-12-2025,27.51000022888184,27.51000022888184,26.51000022888184,26.63999938964844,607800
02-01-2026,26.950000762939453,27.1299991607666,26.25,26.51000022888184,783600
05-01-2026,26.239999771118164,27.729999542236328,26.239999771118164,27.01000022888184,830600
06-01-2026,27.31999969482422,28.0,27.1299991607666,27.920000076293945,954400
07-01-2026,27.989999771118164,28.11000061035156,27.420000076293945,27.690000534057617,819000
08-01-2026,27.3799991607666,29.15999984741211,27.3799991607666,28.82999992370605,878800
09-01-2026,29.100000381469727,29.780000686645508,28.100000381469727,29.68000030517578,1143200
12-01-2026,29.739999771118164,29.88999938964844,26.8799991607666,26.950000762939453,1844600
13-01-2026,27.0,27.040000915527344,24.559999465942383,24.65999984741211,1565700
14-01-2026,24.489999771118164,24.790000915527344,23.57999992370605,24.270000457763672,1360600
15-01-2026,24.31999969482422,24.940000534057617,24.01000022888184,24.26000022888184,1251100
16-01-2026,23.93000030517578,24.809999465942383,23.8799991607666,23.96999931335449,804500
20-01-2026,23.200000762939453,23.809999465942383,22.979999542236328,23.09000015258789,876500
21-01-2026,23.26000022888184,23.899999618530277,23.11000061035156,23.68000030517578,980800
22-01-2026,24.07999992370605,24.459999084472656,23.46999931335449,23.549999237060547,1416600
23-01-2026,23.31999969482422,23.440000534057617,22.5,23.01000022888184,985700
26-01-2026,23.0,23.270000457763672,22.530000686645508,22.71999931335449,978000
27-01-2026,22.440000534057617,22.559999465942383,21.899999618530277,21.979999542236328,627800
28-01-2026,22.01000022888184,22.100000381469727,21.190000534057617,21.459999084472656,1337500
29-01-2026,21.450000762939453,22.739999771118164,21.0,22.709999084472656,1616900
30-01-2026,22.68000030517578,22.68000030517578,21.280000686645508,22.040000915527344,1024400
02-02-2026,21.96999931335449,22.780000686645508,21.71999931335449,22.170000076293945,1399300
03-02-2026,22.030000686645508,22.46999931335449,21.149999618530277,21.790000915527344,1450400
04-02-2026,21.950000762939453,23.3700008392334,21.790000915527344,22.809999465942383,1539600
05-02-2026,22.780000686645508,23.11000061035156,21.71999931335449,21.790000915527344,906300
06-02-2026,21.940000534057617,22.700000762939453,21.739999771118164,22.59000015258789,846800
09-02-2026,22.32999992370605,22.520000457763672,21.6200008392334,22.36000061035156,842300
10-02-2026,22.51000022888184,23.56999969482422,22.049999237060547,22.56999969482422,871500
11-02-2026,22.5,22.8700008392334,21.790000915527344,22.799999237060547,1074300
12-02-2026,22.93000030517578,23.18000030517578,21.729999542236328,21.90999984741211,1013800
13-02-2026,22.100000381469727,22.51000022888184,21.690000534057617,21.770000457763672,954400
17-02-2026,21.75,22.13999938964844,21.600000381469727,21.6299991607666,832900
18-02-2026,21.59000015258789,22.25,21.59000015258789,22.06999969482422,1416700
19-02-2026,21.950000762939453,22.3700008392334,21.770000457763672,22.299999237060547,1034700
20-02-2026,22.21999931335449,22.940000534057617,22.0,22.729999542236328,946300
23-02-2026,22.520000457763672,22.75,21.959999084472656,22.420000076293945,977100
24-02-2026,22.600000381469727,23.040000915527344,22.479999542236328,22.8799991607666,1168100
25-02-2026,22.86000061035156,23.020000457763672,21.8700008392334,22.31999969482422,2033300
26-02-2026,22.6200008392334,25.86000061035156,22.6200008392334,25.420000076293945,2700200
27-02-2026,25.5,26.40999984741211,25.18000030517578,25.46999931335449,1278700
02-03-2026,24.6200008392334,25.729999542236328,24.18000030517578,25.700000762939453,1163200
03-03-2026,24.88999938964844,25.489999771118164,23.8700008392334,25.290000915527344,867300
04-03-2026,25.690000534057617,26.01000022888184,24.75,25.790000915527344,1017200
05-03-2026,25.450000762939453,25.709999084472656,23.700000762939453,24.31999969482422,1449100
06-03-2026,24.280000686645508,24.61000061035156,23.6299991607666,24.51000022888184,911500
09-03-2026,23.32999992370605,24.799999237060547,22.6200008392334,24.65999984741211,1384100
10-03-2026,24.71999931335449,24.899999618530277,23.57999992370605,23.88999938964844,975200
11-03-2026,23.790000915527344,24.88999938964844,23.440000534057617,24.84000015258789,747900
12-03-2026,24.520000457763672,24.649999618530277,23.229999542236328,23.38999938964844,1036700
13-03-2026,23.68000030517578,24.11000061035156,22.780000686645508,22.989999771118164,978100
16-03-2026,23.25,23.59000015258789,23.07999992370605,23.209999084472656,988500
17-03-2026,23.520000457763672,24.440000534057617,23.399999618530277,23.459999084472656,816700
18-03-2026,23.34000015258789,23.57999992370605,22.93000030517578,22.940000534057617,1125200
19-03-2026,22.649999618530277,23.21999931335449,22.149999618530277,22.56999969482422,701800
20-03-2026,22.63999938964844,22.8700008392334,21.399999618530277,21.850000381469727,1577000
23-03-2026,22.63999938964844,23.290000915527344,21.96999931335449,22.51000022888184,1009700
24-03-2026,22.149999618530277,22.71999931335449,21.65999984741211,22.11000061035156,579400
25-03-2026,22.649999618530277,23.030000686645508,21.809999465942383,22.6200008392334,627900
26-03-2026,22.309999465942383,23.399999618530277,22.309999465942383,23.3700008392334,555600
27-03-2026,23.299999237060547,23.600000381469727,21.799999237060547,21.81999969482422,636700
30-03-2026,22.13999938964844,22.34000015258789,21.479999542236328,21.690000534057617,818200
31-03-2026,22.13999938964844,22.8700008392334,21.59000015258789,22.75,838600
01-04-2026,22.809999465942383,23.399999618530277,22.43000030517578,23.3700008392334,639000
02-04-2026,22.75,23.690000534057617,22.15999984741211,22.63999938964844,609100
06-04-2026,22.32999992370605,22.76000022888184,22.229999542236328,22.76000022888184,638400
07-04-2026,22.68000030517578,23.01000022888184,22.18000030517578,22.520000457763672,559300
08-04-2026,24.01000022888184,24.51000022888184,23.56999969482422,23.790000915527344,779900
09-04-2026,23.559999465942383,24.020000457763672,23.100000381469727,24.0,547300
10-04-2026,24.209999084472656,24.5,23.88999938964844,24.420000076293945,511000
13-04-2026,24.170000076293945,25.200000762939453,24.01000022888184,24.86000061035156,782500
14-04-2026,24.8700008392334,25.65999984741211,24.8700008392334,25.100000381469727,505000
15-04-2026,25.06999969482422,25.559999465942383,24.989999771118164,25.32999992370605,430500
16-04-2026,25.3799991607666,25.950000762939453,25.15999984741211,25.200000762939453,757200
17-04-2026,25.5,27.040000915527344,25.450000762939453,26.31999969482422,1755200
20-04-2026,26.059999465942383,26.790000915527344,25.989999771118164,26.270000457763672,525500
21-04-2026,26.270000457763672,26.63999938964844,23.71999931335449,23.729999542236328,1376100
22-04-2026,24.01000022888184,24.799999237060547,23.3799991607666,23.76000022888184,906000
23-04-2026,23.450000762939453,23.93000030517578,22.13999938964844,22.809999465942383,1539700
24-04-2026,22.65999984741211,24.100000381469727,22.3799991607666,24.100000381469727,835200
27-04-2026,24.1200008392334,25.18000030517578,24.100000381469727,24.540000915527344,799400
28-04-2026,24.530000686645508,24.71999931335449,22.940000534057617,23.399999618530277,746200
29-04-2026,23.09000015258789,23.290000915527344,22.26000022888184,22.489999771118164,608700
30-04-2026,22.38999938964844,23.459999084472656,22.229999542236328,23.440000534057617,1178300
01-05-2026,23.6200008392334,23.780000686645508,23.13999938964844,23.6200008392334,671000
04-05-2026,23.520000457763672,23.82999992370605,22.989999771118164,23.34000015258789,892400
05-05-2026,23.520000457763672,24.700000762939453,23.229999542236328,24.1200008392334,1028700
06-05-2026,24.670000076293945,25.270000457763672,24.479999542236328,24.850000381469727,1096500
07-05-2026,25.13999938964844,27.75,24.950000762939453,27.25,1940800
08-05-2026,27.239999771118164,27.88999938964844,26.229999542236328,26.520000457763672,1537900
11-05-2026,26.149999618530277,26.600000381469727,24.11000061035156,24.780000686645508,1520900
12-05-2026,24.88999938964844,26.239999771118164,24.65999984741211,25.989999771118164,2441100
13-05-2026,25.479999542236328,25.979999542236328,25.270000457763672,25.700000762939453,1089200
14-05-2026,26.15999984741211,26.65999984741211,25.690000534057617,26.1200008392334,868500
15-05-2026,25.88999938964844,26.229999542236328,23.809999465942383,24.290000915527344,1262400
18-05-2026,24.350000381469727,25.6200008392334,24.26000022888184,25.25,1269400
19-05-2026,25.3799991607666,25.979999542236328,24.670000076293945,25.76000022888184,1037800
20-05-2026,25.71999931335449,26.649999618530277,25.32999992370605,26.459999084472656,596700
21-05-2026,25.96999931335449,26.07999992370605,24.440000534057617,24.59000015258789,1445200
22-05-2026,24.5,25.290000915527344,24.1200008392334,24.190000534057617,912100
26-05-2026,24.420000076293945,25.030000686645508,24.229999542236328,24.280000686645508,1161200
27-05-2026,24.6200008392334,24.6299991607666,22.51000022888184,23.11000061035156,1289400
28-05-2026,22.700000762939453,23.299999237060547,22.51000022888184,23.040000915527344,1118600
29-05-2026,22.8799991607666,23.15999984741211,22.540000915527344,22.68000030517578,893900
01-06-2026,22.21999931335449,22.729999542236328,21.549999237060547,21.700000762939453,1340800
02-06-2026,21.5,21.940000534057617,20.81999969482422,21.940000534057617,1338400
03-06-2026,21.799999237060547,22.38999938964844,21.309999465942383,21.559999465942383,1040900
04-06-2026,22.190000534057617,23.1299991607666,22.06999969482422,22.86000061035156,766500
05-06-2026,23.030000686645508,23.84000015258789,22.8799991607666,23.780000686645508,709600
08-06-2026,23.71999931335449,24.21999931335449,23.32999992370605,23.68000030517578,694100
09-06-2026,23.989999771118164,24.57999992370605,23.5,23.959999084472656,979200
10-06-2026,23.88999938964844,24.270000457763672,21.799999237060547,21.96999931335449,1515000
11-06-2026,21.920000076293945,21.920000076293945,20.549999237060547,21.1200008392334,1502400
12-06-2026,20.989999771118164,21.8799991607666,20.649999618530277,21.799999237060547,907700
15-06-2026,22.3700008392334,22.709999084472656,20.799999237060547,20.979999542236328,845400
16-06-2026,21.38999938964844,21.899999618530277,21.049999237060547,21.57999992370605,1076300
17-06-2026,21.6200008392334,22.13999938964844,20.61000061035156,20.850000381469727,1101700
18-06-2026,20.90999984741211,22.0,20.8799991607666,21.96999931335449,1799400
22-06-2026,21.920000076293945,22.239999771118164,21.239999771118164,21.299999237060547,1097500
23-06-2026,21.290000915527344,21.59000015258789,21.059999465942383,21.149999618530277,873000
24-06-2026,21.270000457763672,21.979999542236328,21.18000030517578,21.3799991607666,1225500
25-06-2026,21.690000534057617,22.549999237060547,21.6299991607666,22.01000022888184,747500
26-06-2026,22.149999618530277,22.709999084472656,21.82999992370605,22.709999084472656,1929500
29-06-2026,22.549999237060547,22.649999618530277,21.799999237060547,22.020000457763672,1403500
30-06-2026,21.809999465942383,21.82999992370605,19.13999938964844,20.700000762939453,2373300
01-07-2026,21.01000022888184,21.6200008392334,19.86000061035156,20.040000915527344,1502900
02-07-2026,20.59000015258789,22.709999084472656,20.229999542236328,22.5,1302500
06-07-2026,22.989999771118164,26.149999618530277,22.93000030517578,25.899999618530277,2155000
07-07-2026,26.059999465942383,26.5,25.100000381469727,25.520000457763672,989200
08-07-2026,25.0,25.0,23.479999542236328,23.6299991607666,1213800
09-07-2026,23.51000022888184,25.299999237060547,23.31999969482422,25.21999931335449,1940900
10-07-2026,25.600000381469727,25.850000381469727,24.82999992370605,25.75,768200
13-07-2026,25.84000015258789,27.07999992370605,25.799999237060547,26.25,914600
14-07-2026,25.86000061035156,25.86000061035156,24.649999618530277,24.649999618530277,859500
15-07-2026,24.450000762939453,26.170000076293945,24.450000762939453,25.59000015258789,994000
16-07-2026,26.09000015258789,28.15999984741211,26.09000015258789,28.06999969482422,1369800
17-07-2026,27.71999931335449,28.690000534057617,26.479999542236328,27.06999969482422,987200
20-07-2026,26.989999771118164,27.450000762939453,26.25,26.84000015258789,876800
21-07-2026,26.299999237060547,27.1200008392334,26.299999237060547,27.100000381469727,844100
22-07-2026,27.209999084472656,27.26000022888184,26.290000915527344,26.549999237060547,498000
23-07-2026,25.940000534057617,26.309999465942383,25.399999618530277,26.059999465942383,826600
24-07-2026,26.26000022888184,27.18000030517578,25.84000015258789,27.030000686645508,851000
27-07-2026,27.46999931335449,28.299999237060547,27.46999931335449,28.25,827700
28-07-2026,29.1200008392334,30.0,28.790000915527344,29.520000457763672,1302000
29-07-2026,29.38999938964844,30.530000686645508,29.38999938964844,30.26000022888184,1083100
30-07-2026,29.82999992370605,30.479999542236328,29.239999771118164,29.299999237060547,869500
31-07-2026,28.790000915527344,29.309999465942383,28.21999931335449,29.149999618530277,770000
03-08-2026,29.93000030517578,31.520000457763672,29.93000030517578,31.420000076293945,1590500
04-08-2026,31.059999465942383,31.670000076293945,30.5,30.86000061035156,1365700
05-08-2026,31.020000457763672,31.100000381469727,30.0,30.18000030517578,1504400
06-08-2026,28.86000061035156,28.86000061035156,25.46999931335449,26.309999465942383,3127500
07-08-2026,25.71999931335449,26.81999969482422,24.649999618530277,26.61000061035156,2058400
10-08-2026,26.350000381469727,26.59000015258789,24.18000030517578,24.239999771118164,1756100
11-08-2026,24.38999938964844,25.15999984741211,24.229999542236328,24.600000381469727,887600
12-08-2026,24.229999542236328,24.71999931335449,23.6299991607666,24.690000534057617,1143300
13-08-2026,24.88999938964844,25.700000762939453,24.229999542236328,25.65999984741211,1018400
14-08-2026,25.790000915527344,26.440000534057617,25.790000915527344,26.059999465942383,867500
17-08-2026,25.46999931335449,25.76000022888184,24.5,24.739999771118164,1089500
18-08-2026,25.13999938964844,26.11000061035156,24.88999938964844,25.63999938964844,807500
19-08-2026,25.690000534057617,27.459999084472656,25.690000534057617,26.5,748400
20-08-2026,26.200000762939453,26.8799991607666,25.940000534057617,26.18000030517578,657600
21-08-2026,26.190000534057617,26.40999984741211,25.5,26.059999465942383,611000
24-08-2026,26.280000686645508,26.93000030517578,24.979999542236328,25.209999084472656,625300
25-08-2026,25.229999542236328,25.649999618530277,24.68000030517578,25.57999992370605,565400
26-08-2026,25.299999237060547,25.43000030517578,24.63999938964844,25.25,553600
27-08-2026,25.1299991607666,25.399999618530277,24.780000686645508,24.82999992370605,486400
28-08-2026,25.200000762939453,25.3799991607666,24.790000915527344,24.899999618530277,419900
31-08-2026,24.479999542236328,24.8700008392334,23.93000030517578,24.59000015258789,672100
01-09-2026,24.489999771118164,24.549999237060547,20.520000457763672,20.530000686645508,4226000
02-09-2026,20.5,21.059999465942383,19.71999931335449,20.200000762939453,2475000
03-09-2026,20.280000686645508,20.450000762939453,19.059999465942383,19.399999618530277,2331200
04-09-2026,19.01000022888184,19.31999969482422,18.520000457763672,18.559999465942383,1886300
08-09-2026,19.149999618530277,20.21999931335449,18.56999969482422,19.979999542236328,3742700
09-09-2026,19.940000534057617,20.020000457763672,18.86000061035156,19.030000686645508,1879400
10-09-2026,18.700000762939453,18.88999938964844,18.229999542236328,18.40999984741211,1762600
11-09-2026,18.59000015258789,19.56999969482422,18.07999992370605,19.280000686645508,2884500
14-09-2026,19.299999237060547,19.690000534057617,18.0,18.21999931335449,3083500
15-09-2026,18.06999969482422,18.59000015258789,17.299999237060547,17.940000534057617,2658400
16-09-2026,18.09000015258789,18.82999992370605,17.739999771118164,18.65999984741211,1812200
17-09-2026,19.01,19.26,17.7,17.8,2227900
18-09-2026,17.7,18.09,17.47,18.04,2645400
21-09-2026,18.18,18.18,17.48,18.04,2593900
22-09-2026,18.45,18.65,18.13,18.39,1791000
23-09-2026,18.29,18.56,17.86,18.24,1180000
24-09-2026,18.32,18.5,17.68,18.27,1717100
25-09-2026,18.31,18.79,18.06,18.46,1289100
28-09-2026,18.28,18.46,17.97,18.16,1466400
29-09-2026,18.0,18.63,17.88,18.46,1530900
30-09-2026,18.51,18.68,18.24,18.24,75311
