Date,Open,High,Low,Close,Volume
30-09-2021,35.130001068115234,35.321998596191406,34.38999938964844,34.54999923706055,170800
01-10-2021,34.619998931884766,36.09999847412109,34.619998931884766,35.900001525878906,215200
04-10-2021,36.04999923706055,36.58000183105469,35.09000015258789,35.349998474121094,178400
05-10-2021,35.58000183105469,36.0,35.16999816894531,35.400001525878906,162000
06-10-2021,34.72999954223633,35.61000061035156,34.54999923706055,35.58000183105469,160400
07-10-2021,35.95000076293945,36.34999847412109,35.529998779296875,36.0,238800
08-10-2021,36.209999084472656,36.56999969482422,36.02999877929688,36.060001373291016,72000
11-10-2021,36.08000183105469,36.709999084472656,35.67599868774414,35.68000030517578,101500
12-10-2021,35.68000030517578,36.31999969482422,35.619998931884766,36.18000030517578,164200
13-10-2021,36.2599983215332,36.2599983215332,35.34000015258789,35.630001068115234,190100
14-10-2021,36.06999969482422,36.119998931884766,35.560001373291016,36.02999877929688,113700
15-10-2021,36.880001068115234,36.880001068115234,36.04999923706055,36.04999923706055,197700
18-10-2021,36.09000015258789,36.869998931884766,35.86000061035156,36.060001373291016,131600
19-10-2021,36.36000061035156,36.4119987487793,35.540000915527344,35.72999954223633,184900
20-10-2021,35.83000183105469,36.13999938964844,35.459999084472656,36.08000183105469,119700
21-10-2021,36.060001373291016,36.220001220703125,34.75,35.119998931884766,192900
22-10-2021,35.41999816894531,35.459999084472656,34.691001892089844,34.849998474121094,143500
25-10-2021,35.220001220703125,35.35499954223633,34.75,35.209999084472656,347900
26-10-2021,35.2599983215332,35.2599983215332,32.7599983215332,32.79999923706055,488600
27-10-2021,32.84000015258789,32.84000015258789,31.030000686645508,31.049999237060547,425000
28-10-2021,31.280000686645508,32.45000076293945,30.96500015258789,32.380001068115234,655500
29-10-2021,31.940000534057617,33.900001525878906,31.239999771118164,32.439998626708984,820000
01-11-2021,32.880001068115234,34.91999816894531,32.70000076293945,34.7599983215332,564800
02-11-2021,34.68000030517578,35.20000076293945,34.380001068115234,34.97999954223633,518900
03-11-2021,34.66999816894531,36.0,34.66999816894531,35.75,484100
04-11-2021,36.09000015258789,37.04999923706055,36.0,36.88999938964844,542500
05-11-2021,38.27999877929688,40.900001525878906,37.79999923706055,40.5,941300
08-11-2021,40.72999954223633,41.31999969482422,39.11000061035156,39.5,477100
09-11-2021,39.52000045776367,40.41999816894531,39.380001068115234,40.16999816894531,200600
10-11-2021,39.959999084472656,40.88999938964844,39.75,40.09000015258789,259400
11-11-2021,40.04999923706055,41.45000076293945,40.04999923706055,41.31999969482422,291100
12-11-2021,41.43000030517578,43.46500015258789,41.30199813842773,42.88999938964844,404900
15-11-2021,42.86000061035156,42.86000061035156,41.650001525878906,42.22999954223633,454700
16-11-2021,42.33000183105469,42.40999984741211,40.86000061035156,40.91999816894531,295800
17-11-2021,40.88999938964844,41.47499847412109,40.84000015258789,40.970001220703125,202700
18-11-2021,41.02000045776367,41.09999847412109,39.900001525878906,40.04999923706055,318100
19-11-2021,39.380001068115234,40.09999847412109,38.84999847412109,39.560001373291016,313400
22-11-2021,39.7599983215332,40.56999969482422,39.560001373291016,39.63999938964844,252400
23-11-2021,39.45000076293945,40.380001068115234,39.45000076293945,40.02999877929688,216300
24-11-2021,39.650001525878906,40.63999938964844,39.650001525878906,40.119998931884766,183300
26-11-2021,38.25,39.43999862670898,37.91999816894531,38.90999984741211,264900
29-11-2021,39.52999877929688,39.83000183105469,38.59000015258789,39.150001525878906,358400
30-11-2021,38.470001220703125,39.58000183105469,37.95000076293945,38.119998931884766,337500
01-12-2021,39.45000076293945,39.45000076293945,36.834999084472656,36.900001525878906,434000
02-12-2021,37.16999816894531,38.75899887084961,37.09000015258789,38.45000076293945,257600
03-12-2021,38.52999877929688,38.79999923706055,37.70000076293945,38.02000045776367,260700
06-12-2021,38.56999969482422,39.08000183105469,37.90999984741211,38.22999954223633,227500
07-12-2021,38.72999954223633,39.959999084472656,38.5099983215332,39.09999847412109,278000
08-12-2021,38.97999954223633,39.70500183105469,38.68000030517578,39.02999877929688,291400
09-12-2021,38.650001525878906,39.41999816894531,38.630001068115234,39.150001525878906,315800
10-12-2021,39.41999816894531,39.79999923706055,38.720001220703125,39.720001220703125,224700
13-12-2021,39.2599983215332,39.40999984741211,37.97999954223633,38.0,371000
14-12-2021,37.77999877929688,39.040000915527344,37.75,38.58000183105469,350700
15-12-2021,38.79999923706055,40.005001068115234,38.34999847412109,39.84000015258789,333900
16-12-2021,40.209999084472656,40.77999877929688,39.29499816894531,39.72999954223633,389100
17-12-2021,39.16999816894531,39.52999877929688,37.810001373291016,38.5,2115900
20-12-2021,37.59999847412109,38.119998931884766,36.36000061035156,37.93000030517578,421600
21-12-2021,38.41999816894531,39.4900016784668,38.41999816894531,39.470001220703125,194100
22-12-2021,39.59000015258789,40.39899826049805,39.36000061035156,40.02000045776367,218100
23-12-2021,40.11000061035156,40.84999847412109,40.11000061035156,40.400001525878906,139900
27-12-2021,40.59000015258789,41.18600082397461,40.220001220703125,40.810001373291016,270700
28-12-2021,40.61000061035156,41.63999938964844,40.61000061035156,41.209999084472656,132600
29-12-2021,41.09999847412109,41.540000915527344,40.720001220703125,40.84999847412109,160100
30-12-2021,41.06999969482422,41.650001525878906,40.54999923706055,40.54999923706055,193600
31-12-2021,40.2400016784668,41.25,40.16999816894531,40.959999084472656,226900
03-01-2022,41.34000015258789,42.459999084472656,41.20000076293945,41.43000030517578,243900
04-01-2022,41.68999862670898,42.44499969482422,41.68999862670898,42.04999923706055,216000
05-01-2022,41.81999969482422,42.65999984741211,40.630001068115234,40.72999954223633,402300
06-01-2022,40.63999938964844,41.58000183105469,40.119998931884766,41.20000076293945,253000
07-01-2022,41.310001373291016,42.20000076293945,41.310001373291016,41.34999847412109,184600
10-01-2022,41.41999816894531,42.68000030517578,41.0,42.650001525878906,335600
11-01-2022,42.4900016784668,42.97499847412109,42.02999877929688,42.77999877929688,250500
12-01-2022,43.02999877929688,43.720001220703125,42.630001068115234,42.90999984741211,229300
13-01-2022,43.290000915527344,44.150001525878906,43.290000915527344,43.79999923706055,223500
14-01-2022,42.86000061035156,44.13999938964844,42.77999877929688,44.13999938964844,312900
18-01-2022,43.77999877929688,44.43000030517578,42.93999862670898,43.459999084472656,248300
19-01-2022,43.43999862670898,43.665000915527344,40.7400016784668,40.84999847412109,414300
20-01-2022,40.650001525878906,41.880001068115234,39.91999816894531,40.13999938964844,259500
21-01-2022,39.900001525878906,40.75,39.16999816894531,39.75,324700
24-01-2022,39.2400016784668,40.72999954223633,38.38999938964844,40.68000030517578,290400
25-01-2022,39.84999847412109,41.220001220703125,39.43000030517578,40.77000045776367,238800
26-01-2022,41.59999847412109,42.43999862670898,40.45000076293945,40.93999862670898,307200
27-01-2022,41.15999984741211,41.744998931884766,38.7599983215332,39.0,306200
28-01-2022,38.70000076293945,39.75,38.470001220703125,39.29999923706055,410600
31-01-2022,38.900001525878906,40.27999877929688,38.900001525878906,40.27999877929688,417200
01-02-2022,39.970001220703125,40.63999938964844,39.43000030517578,39.93999862670898,362000
02-02-2022,39.720001220703125,40.27999877929688,38.40999984741211,39.0,514400
03-02-2022,38.70000076293945,39.290000915527344,38.00199890136719,38.77000045776367,579300
04-02-2022,38.95000076293945,41.60499954223633,38.5099983215332,41.220001220703125,559600
07-02-2022,42.18000030517578,45.09999847412109,42.14500045776367,45.0,550400
08-02-2022,44.9900016784668,46.34999847412109,44.61000061035156,45.900001525878906,519700
09-02-2022,46.09000015258789,46.720001220703125,44.31999969482422,44.470001220703125,572900
10-02-2022,45.0,47.880001068115234,45.0,46.59000015258789,915200
11-02-2022,45.0099983215332,46.060001373291016,44.61000061035156,44.83000183105469,335200
14-02-2022,44.54999923706055,45.40999984741211,44.15999984741211,44.15999984741211,405200
15-02-2022,44.66999816894531,45.2400016784668,44.5099983215332,45.0099983215332,326700
16-02-2022,44.59999847412109,44.77000045776367,43.79999923706055,44.27000045776367,236300
17-02-2022,43.08000183105469,43.45000076293945,41.09999847412109,41.59999847412109,563800
18-02-2022,41.15999984741211,41.91999816894531,40.93299865722656,41.060001373291016,316100
22-02-2022,40.79999923706055,42.79999923706055,40.400001525878906,42.22999954223633,381400
23-02-2022,42.56999969482422,42.61000061035156,39.88999938964844,39.97999954223633,333300
24-02-2022,38.65999984741211,40.36000061035156,38.43999862670898,40.2400016784668,451100
25-02-2022,40.68999862670898,41.310001373291016,40.380001068115234,41.15999984741211,237100
28-02-2022,40.290000915527344,40.77999877929688,39.93000030517578,40.77000045776367,472000
01-03-2022,40.29999923706055,40.66999816894531,38.7599983215332,39.09999847412109,416200
02-03-2022,39.72999954223633,41.0,39.52999877929688,40.560001373291016,301700
03-03-2022,40.650001525878906,40.650001525878906,38.869998931884766,39.5,481700
04-03-2022,38.869998931884766,39.1349983215332,38.14400100708008,38.880001068115234,317300
07-03-2022,38.97999954223633,39.34999847412109,35.599998474121094,35.63999938964844,460100
08-03-2022,35.93000030517578,35.93000030517578,33.0099983215332,33.220001220703125,746100
09-03-2022,34.41999816894531,35.494998931884766,34.41999816894531,34.90999984741211,678900
10-03-2022,33.7599983215332,34.04999923706055,32.38999938964844,32.599998474121094,493100
11-03-2022,32.88999938964844,33.849998474121094,31.924999237060547,33.5,555100
14-03-2022,35.310001373291016,36.25,34.63999938964844,35.7400016784668,578000
15-03-2022,36.27999877929688,36.43999862670898,34.97999954223633,35.099998474121094,299500
16-03-2022,35.689998626708984,36.869998931884766,35.54999923706055,36.86000061035156,334600
17-03-2022,36.79999923706055,36.92499923706055,35.81999969482422,36.77999877929688,284000
18-03-2022,36.54999923706055,37.810001373291016,35.54999923706055,37.79999923706055,969300
21-03-2022,38.33000183105469,38.47999954223633,37.22999954223633,37.54999923706055,554500
22-03-2022,37.790000915527344,38.84400177001953,37.55699920654297,38.84000015258789,381000
23-03-2022,38.720001220703125,39.21500015258789,38.13999938964844,38.220001220703125,306400
24-03-2022,38.27000045776367,38.540000915527344,37.619998931884766,38.52000045776367,280100
25-03-2022,38.77999877929688,38.900001525878906,38.25,38.709999084472656,151400
28-03-2022,38.41999816894531,38.52999877929688,37.290000915527344,38.43000030517578,232800
29-03-2022,39.20000076293945,39.970001220703125,38.95000076293945,39.2400016784668,159900
30-03-2022,39.119998931884766,39.18999862670898,37.61000061035156,37.880001068115234,132000
31-03-2022,37.72999954223633,38.59999847412109,37.72999954223633,37.970001220703125,270100
01-04-2022,38.119998931884766,39.04999923706055,38.119998931884766,38.91999816894531,184200
04-04-2022,38.91999816894531,38.91999816894531,37.59000015258789,38.04999923706055,195800
05-04-2022,38.06999969482422,38.66999816894531,37.84000015258789,37.900001525878906,283000
06-04-2022,37.66999816894531,38.09999847412109,37.220001220703125,37.45000076293945,271600
07-04-2022,37.56999969482422,37.86000061035156,36.27399826049805,36.93000030517578,317900
08-04-2022,36.86000061035156,37.95899963378906,36.86000061035156,37.209999084472656,214300
11-04-2022,36.86000061035156,38.0099983215332,36.86000061035156,37.36000061035156,205500
12-04-2022,37.93000030517578,38.619998931884766,37.755001068115234,37.88999938964844,204300
13-04-2022,37.36000061035156,38.58000183105469,37.36000061035156,38.290000915527344,289500
14-04-2022,38.43999862670898,38.95000076293945,37.43000030517578,37.54999923706055,328200
18-04-2022,37.20000076293945,38.39500045776367,37.040000915527344,37.7400016784668,291500
19-04-2022,37.880001068115234,39.625,37.880001068115234,39.43999862670898,251800
20-04-2022,39.81999969482422,40.150001525878906,38.91999816894531,39.27000045776367,179800
21-04-2022,39.84999847412109,40.15499877929688,38.43999862670898,38.630001068115234,204300
22-04-2022,38.36000061035156,38.709999084472656,37.53499984741211,37.650001525878906,234000
25-04-2022,37.09999847412109,38.11000061035156,36.5099983215332,37.93999862670898,249600
26-04-2022,37.380001068115234,37.84000015258789,36.459999084472656,36.540000915527344,277300
27-04-2022,36.310001373291016,36.560001373291016,35.569000244140625,35.720001220703125,260800
28-04-2022,36.16999816894531,37.875,36.0,37.41999816894531,325400
29-04-2022,37.380001068115234,39.209999084472656,37.220001220703125,37.400001525878906,296700
02-05-2022,37.25,38.15999984741211,36.810001373291016,38.08000183105469,248100
03-05-2022,38.060001373291016,39.20000076293945,37.57500076293945,38.7599983215332,369100
04-05-2022,39.0,39.16999816894531,36.400001525878906,37.90999984741211,574800
05-05-2022,37.43999862670898,37.75,34.25,34.689998626708984,441500
06-05-2022,34.38999938964844,34.84000015258789,33.36000061035156,33.650001525878906,337900
09-05-2022,33.130001068115234,33.77000045776367,32.119998931884766,32.63999938964844,450500
10-05-2022,32.29999923706055,33.02000045776367,30.5,31.36000061035156,507300
11-05-2022,31.520000457763672,32.619998931884766,30.709999084472656,30.88999938964844,239100
12-05-2022,30.600000381469727,30.989999771118164,29.23500061035156,30.09000015258789,461600
13-05-2022,30.65999984741211,31.6299991607666,30.540000915527344,30.90999984741211,291300
16-05-2022,30.46999931335449,30.89999961853028,29.90999984741211,30.43000030517578,254900
17-05-2022,31.21999931335449,32.27000045776367,31.21999931335449,32.18000030517578,238200
18-05-2022,31.440000534057617,31.940000534057617,30.395000457763672,30.65999984741211,309000
19-05-2022,30.09000015258789,31.200000762939453,30.030000686645508,30.040000915527344,392900
20-05-2022,30.36000061035156,30.979999542236328,28.799999237060547,29.3799991607666,341500
23-05-2022,29.850000381469727,30.940000534057617,29.559999465942383,30.600000381469727,577000
24-05-2022,30.38999938964844,30.82999992370605,29.229999542236328,29.68000030517578,359100
25-05-2022,29.5,30.440000534057617,29.5,29.950000762939453,254100
26-05-2022,30.09000015258789,31.040000915527344,30.040000915527344,30.729999542236328,409900
27-05-2022,31.07999992370605,32.040000915527344,31.07999992370605,31.57999992370605,220400
31-05-2022,31.229999542236328,32.0,31.075000762939453,31.57999992370605,212800
01-06-2022,31.81999969482422,31.81999969482422,30.450000762939453,31.18000030517578,263200
02-06-2022,31.26000022888184,31.68000030517578,31.21999931335449,31.670000076293945,272400
03-06-2022,31.239999771118164,31.479999542236328,30.690000534057617,31.350000381469727,272100
06-06-2022,31.700000762939453,32.11000061035156,31.3129997253418,32.02000045776367,216900
07-06-2022,31.82999992370605,32.86000061035156,31.48500061035156,32.84000015258789,212800
08-06-2022,32.5,32.5,31.665000915527344,31.88999938964844,221500
09-06-2022,31.71999931335449,31.71999931335449,30.709999084472656,30.96999931335449,203500
10-06-2022,30.350000381469727,30.65999984741211,29.40999984741211,29.68000030517578,156600
13-06-2022,28.76000022888184,28.95499992370605,27.73500061035156,27.940000534057617,215700
14-06-2022,28.15999984741211,28.38999938964844,27.799999237060547,28.09000015258789,188300
15-06-2022,28.61000061035156,28.64999961853028,27.8799991607666,28.270000457763672,225000
16-06-2022,27.56999969482422,27.56999969482422,25.799999237060547,26.6299991607666,488700
17-06-2022,26.739999771118164,27.530000686645508,26.729999542236328,27.420000076293945,640500
21-06-2022,28.299999237060547,28.299999237060547,27.170000076293945,27.559999465942383,246500
22-06-2022,27.11000061035156,27.8799991607666,27.104999542236328,27.690000534057617,215600
23-06-2022,27.770000457763672,28.3700008392334,27.56999969482422,28.25,263500
24-06-2022,28.670000076293945,29.64999961853028,28.299999237060547,29.6299991607666,853200
27-06-2022,30.030000686645508,30.21999931335449,29.36000061035156,29.600000381469727,268300
28-06-2022,30.049999237060547,30.670000076293945,29.26000022888184,29.46999931335449,145500
29-06-2022,29.479999542236328,29.479999542236328,28.799999237060547,29.01000022888184,204100
30-06-2022,28.34000015258789,29.25,27.979999542236328,28.81999969482422,190600
01-07-2022,28.459999084472656,29.59000015258789,28.450000762939453,29.5,144100
05-07-2022,28.93000030517578,29.690000534057617,28.540000915527344,29.670000076293945,256900
06-07-2022,29.68000030517578,29.93000030517578,29.190000534057617,29.5,148100
07-07-2022,29.700000762939453,30.290000915527344,29.64999961853028,29.8799991607666,184200
08-07-2022,29.89999961853028,30.0,29.270000457763672,29.670000076293945,130800
11-07-2022,29.200000762939453,29.75,28.959999084472656,29.299999237060547,98600
12-07-2022,28.729999542236328,29.959999084472656,28.729999542236328,29.40999984741211,124800
13-07-2022,28.88999938964844,29.350000381469727,28.6200008392334,29.18000030517578,105100
14-07-2022,28.3700008392334,29.15999984741211,28.3700008392334,29.040000915527344,119700
15-07-2022,29.850000381469727,30.540000915527344,29.25,30.450000762939453,219300
18-07-2022,30.959999084472656,31.43000030517578,30.790000915527344,31.14999961853028,256600
19-07-2022,31.59000015258789,32.73500061035156,31.59000015258789,32.61000061035156,195400
20-07-2022,32.599998474121094,33.55500030517578,32.599998474121094,33.540000915527344,168100
21-07-2022,33.400001525878906,33.849998474121094,33.130001068115234,33.849998474121094,139100
22-07-2022,33.630001068115234,34.38999938964844,33.244998931884766,33.630001068115234,135700
25-07-2022,33.63999938964844,34.25,33.369998931884766,33.75,192200
26-07-2022,33.06999969482422,33.529998779296875,32.689998626708984,32.79999923706055,163500
27-07-2022,33.0,33.86000061035156,32.86000061035156,33.810001373291016,197400
28-07-2022,33.900001525878906,33.95500183105469,32.970001220703125,33.849998474121094,256300
29-07-2022,35.18000030517578,35.529998779296875,34.06999969482422,34.5099983215332,277900
01-08-2022,34.279998779296875,34.279998779296875,33.220001220703125,33.63999938964844,299900
02-08-2022,33.290000915527344,33.88999938964844,32.86000061035156,33.400001525878906,185300
03-08-2022,33.70000076293945,34.41999816894531,33.459999084472656,34.290000915527344,241900
04-08-2022,34.43000030517578,34.79999923706055,34.02000045776367,34.619998931884766,173700
05-08-2022,34.349998474121094,34.619998931884766,33.869998931884766,34.2400016784668,146200
08-08-2022,34.369998931884766,35.4900016784668,34.369998931884766,35.310001373291016,369500
09-08-2022,35.220001220703125,35.34000015258789,34.86000061035156,35.34000015258789,200700
10-08-2022,36.0,37.47999954223633,35.85499954223633,37.400001525878906,232400
11-08-2022,37.91999816894531,38.290000915527344,37.290000915527344,37.7400016784668,203100
12-08-2022,38.0,38.20000076293945,37.4900016784668,38.150001525878906,161600
15-08-2022,37.7400016784668,38.040000915527344,37.40399932861328,37.95000076293945,161100
16-08-2022,37.93999862670898,38.66999816894531,37.68000030517578,38.58000183105469,140600
17-08-2022,38.0,38.08599853515625,37.130001068115234,37.560001373291016,122300
18-08-2022,37.33000183105469,38.130001068115234,37.22999954223633,38.0099983215332,124400
19-08-2022,37.630001068115234,37.630001068115234,36.88999938964844,37.25,172000
22-08-2022,36.5099983215332,36.84000015258789,36.15999984741211,36.33000183105469,147200
23-08-2022,36.18000030517578,36.790000915527344,36.18000030517578,36.34999847412109,113800
24-08-2022,36.2599983215332,36.97999954223633,36.220001220703125,36.91999816894531,132700
25-08-2022,37.02000045776367,37.790000915527344,37.02000045776367,37.77999877929688,112800
26-08-2022,37.88999938964844,37.900001525878906,36.060001373291016,36.060001373291016,137300
29-08-2022,35.599998474121094,35.685001373291016,34.91999816894531,35.20000076293945,160500
30-08-2022,35.29999923706055,35.84000015258789,35.06999969482422,35.45000076293945,220400
31-08-2022,35.65999984741211,35.81999969482422,34.869998931884766,34.939998626708984,205100
01-09-2022,34.59000015258789,34.61000061035156,33.66999816894531,34.45000076293945,143500
02-09-2022,34.86000061035156,34.939998626708984,33.959999084472656,34.130001068115234,106400
06-09-2022,34.290000915527344,34.29999923706055,33.334999084472656,33.56999969482422,150600
07-09-2022,33.36000061035156,34.45000076293945,33.2599983215332,34.41999816894531,242700
08-09-2022,34.0,34.80500030517578,33.40999984741211,34.790000915527344,115500
09-09-2022,35.040000915527344,35.84000015258789,34.880001068115234,35.720001220703125,139300
12-09-2022,36.130001068115234,36.52999877929688,35.779998779296875,36.0099983215332,156300
13-09-2022,34.90999984741211,35.060001373291016,33.09000015258789,33.40999984741211,233700
14-09-2022,33.56999969482422,33.56999969482422,32.47999954223633,33.06999969482422,203500
15-09-2022,32.79999923706055,33.93000030517578,32.76499938964844,33.540000915527344,227700
16-09-2022,33.060001373291016,33.540000915527344,32.61000061035156,33.34000015258789,546500
19-09-2022,32.880001068115234,34.599998474121094,32.880001068115234,34.290000915527344,204100
20-09-2022,33.779998779296875,33.790000915527344,32.84000015258789,33.0,168600
21-09-2022,33.4900016784668,33.52000045776367,32.349998474121094,32.349998474121094,168200
22-09-2022,32.209999084472656,32.209999084472656,31.2450008392334,31.5,145900
23-09-2022,30.96999931335449,31.209999084472656,29.89999961853028,30.40999984741211,247200
26-09-2022,30.01000022888184,30.81999969482422,29.280000686645508,29.530000686645508,196500
27-09-2022,29.84000015258789,30.21999931335449,28.940000534057617,29.049999237060547,156900
28-09-2022,29.18000030517578,30.63999938964844,29.13500022888184,30.40999984741211,152100
29-09-2022,29.809999465942383,29.809999465942383,28.65999984741211,29.3799991607666,353700
30-09-2022,29.3700008392334,29.979999542236328,29.1200008392334,29.270000457763672,248800
03-10-2022,29.739999771118164,30.382999420166016,29.0,29.96999931335449,256700
04-10-2022,30.809999465942383,32.11000061035156,30.739999771118164,32.060001373291016,260600
05-10-2022,31.34000015258789,31.45499992370605,30.61000061035156,31.270000457763672,120800
06-10-2022,31.01000022888184,31.65999984741211,30.739999771118164,31.280000686645508,120800
07-10-2022,31.0,31.0,30.09000015258789,30.209999084472656,265600
10-10-2022,30.3700008392334,30.95499992370605,30.07999992370605,30.3799991607666,135100
11-10-2022,30.26000022888184,31.25,30.0,30.799999237060547,140100
12-10-2022,30.950000762939453,31.46999931335449,30.461000442504883,31.18000030517578,194700
13-10-2022,30.450000762939453,32.56999969482422,30.020000457763672,32.4900016784668,201900
14-10-2022,32.9900016784668,33.20000076293945,31.21999931335449,31.36000061035156,193800
17-10-2022,32.0,32.5099983215332,31.46999931335449,31.979999542236328,276000
18-10-2022,32.939998626708984,33.275001525878906,32.130001068115234,32.33000183105469,186100
19-10-2022,31.700000762939453,31.770000457763672,29.82999992370605,30.5,241900
20-10-2022,30.56999969482422,31.38999938964844,30.15999984741211,30.5,172100
21-10-2022,30.670000076293945,31.26000022888184,29.82999992370605,31.030000686645508,217500
24-10-2022,31.200000762939453,31.309999465942383,30.63999938964844,31.13999938964844,174700
25-10-2022,31.14999961853028,32.22999954223633,31.14999961853028,32.040000915527344,289600
26-10-2022,32.45000076293945,33.08000183105469,31.850000381469727,31.88999938964844,462900
27-10-2022,32.209999084472656,33.810001373291016,32.189998626708984,33.18000030517578,367600
28-10-2022,34.77000045776367,37.18999862670898,34.152000427246094,36.95000076293945,425000
31-10-2022,36.54999923706055,37.70000076293945,36.040000915527344,37.4900016784668,685900
01-11-2022,37.970001220703125,38.165000915527344,37.1150016784668,37.900001525878906,299200
02-11-2022,37.61000061035156,39.18000030517578,37.45000076293945,37.52999877929688,313700
03-11-2022,36.630001068115234,37.1349983215332,35.665000915527344,36.7400016784668,184800
04-11-2022,37.02999877929688,37.79999923706055,36.77999877929688,37.31999969482422,137700
07-11-2022,37.290000915527344,37.83000183105469,36.75,37.40999984741211,214200
08-11-2022,38.43999862670898,40.7400016784668,37.9900016784668,39.90999984741211,330500
09-11-2022,39.63999938964844,39.63999938964844,38.22499847412109,38.2599983215332,196900
10-11-2022,39.290000915527344,41.25,39.290000915527344,40.41999816894531,240000
11-11-2022,40.43999862670898,41.52999877929688,40.42499923706055,40.650001525878906,197800
14-11-2022,40.13999938964844,40.13999938964844,38.43000030517578,38.5099983215332,177900
15-11-2022,39.150001525878906,40.36000061035156,38.59999847412109,39.400001525878906,221900
16-11-2022,39.41999816894531,39.5,38.31999969482422,38.91999816894531,257000
17-11-2022,38.369998931884766,39.040000915527344,38.15999984741211,38.61000061035156,191500
18-11-2022,39.47999954223633,39.66999816894531,38.220001220703125,38.470001220703125,155500
21-11-2022,38.209999084472656,39.02999877929688,38.209999084472656,38.810001373291016,101100
22-11-2022,38.869998931884766,39.34999847412109,38.65999984741211,39.0,137200
23-11-2022,38.86000061035156,39.310001373291016,38.59000015258789,39.09999847412109,114800
25-11-2022,38.95000076293945,39.77999877929688,38.95000076293945,39.45000076293945,63400
28-11-2022,38.970001220703125,39.470001220703125,38.7400016784668,39.34999847412109,174900
29-11-2022,39.34999847412109,40.0,39.11000061035156,39.5099983215332,163200
30-11-2022,39.459999084472656,40.369998931884766,38.665000915527344,40.34000015258789,198300
01-12-2022,40.11000061035156,40.58000183105469,39.59999847412109,40.310001373291016,126600
02-12-2022,39.59000015258789,40.41999816894531,39.16999816894531,39.77999877929688,227700
05-12-2022,39.5099983215332,40.02000045776367,39.43999862670898,39.630001068115234,163600
06-12-2022,39.5,40.02000045776367,38.900001525878906,39.43999862670898,175100
07-12-2022,39.27999877929688,39.810001373291016,38.970001220703125,39.09000015258789,133000
08-12-2022,39.209999084472656,40.06999969482422,38.61000061035156,39.77000045776367,190700
09-12-2022,39.47999954223633,40.13999938964844,38.95000076293945,38.9900016784668,109200
12-12-2022,38.86000061035156,39.76499938964844,38.63999938964844,39.47999954223633,121500
13-12-2022,40.869998931884766,40.880001068115234,39.130001068115234,39.47999954223633,272300
14-12-2022,39.13999938964844,39.75,38.790000915527344,39.33000183105469,200500
15-12-2022,38.61000061035156,38.71099853515625,37.709999084472656,37.970001220703125,167700
16-12-2022,37.290000915527344,37.790000915527344,36.84000015258789,37.61000061035156,1551100
19-12-2022,37.59999847412109,37.755001068115234,37.06999969482422,37.43000030517578,155900
20-12-2022,37.4900016784668,38.11000061035156,37.13999938964844,37.9900016784668,171800
21-12-2022,38.310001373291016,39.15999984741211,38.310001373291016,38.81999969482422,163500
22-12-2022,38.27999877929688,38.27999877929688,37.22999954223633,37.63999938964844,110500
23-12-2022,37.65999984741211,38.40999984741211,37.48500061035156,38.31999969482422,93600
27-12-2022,38.470001220703125,38.77999877929688,37.83000183105469,38.36000061035156,85500
28-12-2022,38.20000076293945,38.46500015258789,37.54999923706055,37.7599983215332,127400
29-12-2022,38.09999847412109,39.084999084472656,37.86000061035156,38.79999923706055,107100
30-12-2022,38.15999984741211,38.89500045776367,38.119998931884766,38.369998931884766,223500
03-01-2023,38.81999969482422,39.43000030517578,38.5,38.630001068115234,141600
04-01-2023,39.09999847412109,39.84000015258789,38.900001525878906,39.040000915527344,144600
05-01-2023,38.68000030517578,38.77999877929688,37.810001373291016,37.810001373291016,150200
06-01-2023,38.02000045776367,39.119998931884766,37.9900016784668,38.84000015258789,146400
09-01-2023,39.040000915527344,39.244998931884766,38.470001220703125,38.52999877929688,106800
10-01-2023,38.220001220703125,39.6349983215332,38.08000183105469,39.56999969482422,133500
11-01-2023,39.63999938964844,40.34000015258789,39.560001373291016,40.31999969482422,90600
12-01-2023,40.540000915527344,41.290000915527344,40.150001525878906,40.77999877929688,136300
13-01-2023,40.86000061035156,41.43000030517578,40.60499954223633,41.16999816894531,108300
17-01-2023,40.970001220703125,41.31499862670898,40.47999954223633,40.66999816894531,126300
18-01-2023,40.66999816894531,41.18000030517578,40.040000915527344,40.209999084472656,95900
19-01-2023,39.7400016784668,40.02000045776367,38.86000061035156,39.720001220703125,114900
20-01-2023,40.09000015258789,40.959999084472656,39.59000015258789,40.959999084472656,147900
23-01-2023,41.0,41.220001220703125,40.65999984741211,41.209999084472656,128500
24-01-2023,40.84000015258789,41.86000061035156,40.68999862670898,41.4900016784668,108000
25-01-2023,41.119998931884766,42.1150016784668,40.88999938964844,41.88999938964844,85700
26-01-2023,42.02000045776367,43.880001068115234,41.93999862670898,43.75,294900
27-01-2023,43.63999938964844,44.63999938964844,43.58000183105469,44.29999923706055,158300
30-01-2023,43.810001373291016,44.93000030517578,43.79999923706055,44.47999954223633,187100
31-01-2023,44.56999969482422,46.540000915527344,44.33000183105469,45.650001525878906,403500
01-02-2023,45.2400016784668,46.59999847412109,44.869998931884766,45.79999923706055,411500
02-02-2023,47.16999816894531,54.95000076293945,46.84999847412109,52.43999862670898,852200
03-02-2023,51.63999938964844,55.53499984741211,51.040000915527344,53.29999923706055,624000
06-02-2023,52.65999984741211,53.64500045776367,51.244998931884766,51.619998931884766,461700
07-02-2023,51.119998931884766,52.52000045776367,50.709999084472656,52.40999984741211,286500
08-02-2023,51.720001220703125,51.959999084472656,51.13999938964844,51.72999954223633,203800
09-02-2023,52.060001373291016,52.060001373291016,50.58000183105469,50.59999847412109,235900
10-02-2023,50.22999954223633,50.75,49.84000015258789,50.209999084472656,374200
13-02-2023,49.91999816894531,51.41999816894531,49.67100143432617,50.84000015258789,236500
14-02-2023,49.84000015258789,51.2599983215332,49.5,50.58000183105469,289700
15-02-2023,50.040000915527344,51.34000015258789,49.959999084472656,51.16999816894531,219200
16-02-2023,50.2599983215332,50.7599983215332,49.95000076293945,50.54999923706055,222000
17-02-2023,50.38999938964844,50.900001525878906,49.880001068115234,50.38999938964844,142400
21-02-2023,49.43999862670898,49.94499969482422,48.70000076293945,48.84000015258789,260600
22-02-2023,48.900001525878906,49.68999862670898,48.77999877929688,49.27999877929688,229000
23-02-2023,49.619998931884766,49.88999938964844,48.65599822998047,49.209999084472656,117500
24-02-2023,48.380001068115234,49.04999923706055,48.15499877929688,48.900001525878906,129600
27-02-2023,49.470001220703125,49.66999816894531,48.540000915527344,48.59000015258789,200900
28-02-2023,48.560001373291016,49.79999923706055,48.27999877929688,48.75,218000
01-03-2023,48.54999923706055,49.834999084472656,48.54999923706055,49.790000915527344,220600
02-03-2023,49.060001373291016,50.0,48.209999084472656,49.9900016784668,231100
03-03-2023,50.13999938964844,50.77000045776367,49.68999862670898,50.56999969482422,188600
06-03-2023,50.47999954223633,50.68000030517578,48.18999862670898,48.54999923706055,312700
07-03-2023,48.41999816894531,49.02000045776367,48.220001220703125,48.81999969482422,208900
08-03-2023,49.040000915527344,49.88999938964844,48.630001068115234,49.83000183105469,166700
09-03-2023,49.79999923706055,49.93999862670898,48.25,48.27999877929688,263700
10-03-2023,47.66999816894531,47.66999816894531,45.470001220703125,45.869998931884766,291600
13-03-2023,44.130001068115234,44.81999969482422,42.959999084472656,43.380001068115234,327200
14-03-2023,45.2400016784668,45.88999938964844,43.165000915527344,43.56999969482422,408900
15-03-2023,42.0,43.34000015258789,41.29999923706055,42.810001373291016,284300
16-03-2023,42.02999877929688,43.95000076293945,41.20000076293945,43.56999969482422,237100
17-03-2023,43.02000045776367,43.150001525878906,41.71500015258789,41.84000015258789,570700
20-03-2023,42.63999938964844,43.27999877929688,41.75,42.15999984741211,275100
21-03-2023,43.52999877929688,44.275001525878906,43.130001068115234,43.4900016784668,224300
22-03-2023,43.58000183105469,44.28499984741211,42.54499816894531,42.720001220703125,154500
23-03-2023,42.869998931884766,43.54999923706055,41.79999923706055,42.310001373291016,185100
24-03-2023,41.59000015258789,42.20500183105469,41.13999938964844,41.900001525878906,179900
27-03-2023,42.86000061035156,43.52000045776367,42.18000030517578,43.369998931884766,226600
28-03-2023,43.040000915527344,43.540000915527344,42.67499923706055,42.93000030517578,198200
29-03-2023,43.400001525878906,44.02999877929688,43.15999984741211,43.84000015258789,171600
30-03-2023,44.20000076293945,44.54999923706055,43.25,43.68000030517578,130400
31-03-2023,44.040000915527344,44.5,43.73500061035156,44.43000030517578,296200
03-04-2023,44.27999877929688,44.790000915527344,43.13999938964844,44.040000915527344,192000
04-04-2023,44.34000015258789,44.34000015258789,42.93000030517578,43.43000030517578,123500
05-04-2023,43.09000015258789,43.43000030517578,42.369998931884766,43.25,163300
06-04-2023,43.36000061035156,43.709999084472656,42.83000183105469,43.5099983215332,154100
10-04-2023,43.380001068115234,44.34999847412109,43.369998931884766,44.11000061035156,307800
11-04-2023,44.400001525878906,45.27999877929688,44.02000045776367,44.97999954223633,152000
12-04-2023,45.40999984741211,45.83000183105469,44.720001220703125,45.68999862670898,145500
13-04-2023,45.79999923706055,46.29999923706055,45.2400016784668,45.7599983215332,169700
14-04-2023,46.18000030517578,46.41999816894531,45.45500183105469,45.93000030517578,140500
17-04-2023,45.709999084472656,46.45000076293945,45.220001220703125,46.43999862670898,130600
18-04-2023,46.52000045776367,47.34999847412109,46.16999816894531,47.27999877929688,138700
19-04-2023,47.16999816894531,48.310001373291016,46.77999877929688,48.20000076293945,179100
20-04-2023,47.83000183105469,48.290000915527344,47.59000015258789,48.2599983215332,178400
21-04-2023,48.310001373291016,48.709999084472656,47.4900016784668,48.54999923706055,168200
24-04-2023,48.5,49.084999084472656,48.2599983215332,48.59999847412109,125200
25-04-2023,47.95000076293945,48.84000015258789,47.33000183105469,47.68000030517578,426000
26-04-2023,48.310001373291016,48.310001373291016,40.93000030517578,41.65999984741211,774600
27-04-2023,42.18000030517578,44.290000915527344,42.040000915527344,43.43999862670898,325900
28-04-2023,43.06999969482422,44.75,43.06999969482422,43.91999816894531,243200
01-05-2023,43.86000061035156,45.09999847412109,43.755001068115234,44.66999816894531,247800
02-05-2023,44.34999847412109,44.78200149536133,42.54999923706055,43.470001220703125,244500
03-05-2023,43.68000030517578,44.61000061035156,42.858001708984375,42.93999862670898,263000
04-05-2023,42.40999984741211,42.790000915527344,41.77999877929688,42.15999984741211,200800
05-05-2023,43.22999954223633,43.790000915527344,42.810001373291016,43.310001373291016,176900
08-05-2023,43.4900016784668,44.13999938964844,42.81999969482422,42.90999984741211,168400
09-05-2023,42.63999938964844,43.130001068115234,42.16999816894531,42.630001068115234,122400
10-05-2023,43.27999877929688,43.27999877929688,42.0099983215332,42.58000183105469,172900
11-05-2023,41.90999984741211,42.68000030517578,41.77000045776367,42.59000015258789,133900
12-05-2023,42.88999938964844,42.88999938964844,42.150001525878906,42.36000061035156,110100
15-05-2023,42.380001068115234,43.38999938964844,42.16999816894531,43.20000076293945,145900
16-05-2023,42.970001220703125,43.5,42.83000183105469,43.25,121500
17-05-2023,43.7400016784668,45.130001068115234,43.5,45.040000915527344,133600
18-05-2023,44.900001525878906,46.720001220703125,44.59999847412109,46.31999969482422,171000
19-05-2023,46.75,46.9900016784668,45.2599983215332,45.970001220703125,144600
22-05-2023,46.22999954223633,46.22999954223633,45.52999877929688,45.75,117800
23-05-2023,45.5,46.93000030517578,45.5,46.650001525878906,142500
24-05-2023,46.09000015258789,46.09000015258789,45.0,45.810001373291016,136200
25-05-2023,45.45000076293945,46.380001068115234,45.29999923706055,46.380001068115234,106600
26-05-2023,46.400001525878906,47.02999877929688,46.20000076293945,46.790000915527344,83600
30-05-2023,47.060001373291016,47.875,46.59999847412109,47.11000061035156,93000
31-05-2023,46.7400016784668,47.5,45.88999938964844,46.52000045776367,205300
01-06-2023,46.66999816894531,47.09999847412109,46.255001068115234,46.709999084472656,138400
02-06-2023,47.18999862670898,48.81999969482422,47.13999938964844,48.810001373291016,157500
05-06-2023,48.33000183105469,48.41999816894531,46.7400016784668,48.290000915527344,111500
06-06-2023,47.93000030517578,50.93999862670898,47.93000030517578,50.7400016784668,190600
07-06-2023,50.79999923706055,52.45000076293945,50.79999923706055,52.11000061035156,169400
08-06-2023,51.400001525878906,52.59000015258789,51.27000045776367,51.97999954223633,142400
09-06-2023,51.880001068115234,51.900001525878906,51.33000183105469,51.47999954223633,104600
12-06-2023,51.290000915527344,51.75,50.77999877929688,51.459999084472656,148500
13-06-2023,51.43999862670898,52.77000045776367,51.43999862670898,52.4900016784668,144900
14-06-2023,52.52000045776367,53.09999847412109,50.75,51.54999923706055,182500
15-06-2023,51.119998931884766,52.310001373291016,50.81999969482422,52.2599983215332,134200
16-06-2023,52.77000045776367,52.77000045776367,51.4900016784668,52.16999816894531,443800
20-06-2023,51.93000030517578,52.38999938964844,51.685001373291016,52.33000183105469,181000
21-06-2023,52.0099983215332,53.04999923706055,51.540000915527344,52.709999084472656,102300
22-06-2023,52.709999084472656,52.709999084472656,51.86000061035156,52.52000045776367,132100
23-06-2023,51.61000061035156,52.58000183105469,51.61000061035156,51.93000030517578,293300
26-06-2023,51.91999816894531,52.79999923706055,51.08000183105469,51.150001525878906,131500
27-06-2023,51.04999923706055,52.20000076293945,50.77999877929688,51.58000183105469,210200
28-06-2023,51.58000183105469,52.040000915527344,51.040000915527344,52.040000915527344,173400
29-06-2023,52.41999816894531,53.88999938964844,52.41999816894531,53.88999938964844,127300
30-06-2023,54.09999847412109,54.09999847412109,53.11000061035156,53.119998931884766,120500
03-07-2023,52.880001068115234,54.36000061035156,52.880001068115234,54.27000045776367,80800
05-07-2023,53.9900016784668,54.0,52.56999969482422,52.93999862670898,173800
06-07-2023,52.40999984741211,52.40999984741211,51.52999877929688,52.2400016784668,318300
07-07-2023,52.2599983215332,53.31399917602539,52.2599983215332,52.5099983215332,188800
10-07-2023,52.34999847412109,52.95000076293945,52.31999969482422,52.560001373291016,245900
11-07-2023,53.15999984741211,54.68000030517578,52.93000030517578,53.04999923706055,228800
12-07-2023,54.02999877929688,55.15999984741211,53.68000030517578,55.15999984741211,140300
13-07-2023,55.459999084472656,55.77000045776367,54.73500061035156,54.9900016784668,144900
14-07-2023,55.97999954223633,55.97999954223633,54.040000915527344,55.20000076293945,155800
17-07-2023,55.02000045776367,56.709999084472656,55.02000045776367,56.38999938964844,155700
18-07-2023,56.16999816894531,57.42499923706055,56.16999816894531,57.369998931884766,123400
19-07-2023,57.43999862670898,57.77000045776367,57.0,57.040000915527344,119600
20-07-2023,56.84000015258789,56.9900016784668,56.33000183105469,56.7400016784668,93100
21-07-2023,57.13999938964844,57.13999938964844,55.57500076293945,55.68999862670898,107400
24-07-2023,55.52999877929688,57.720001220703125,55.52999877929688,56.83000183105469,202600
25-07-2023,56.959999084472656,57.95000076293945,56.775001525878906,57.18999862670898,227600
26-07-2023,57.75,58.63999938964844,56.06999969482422,56.16999816894531,191400
27-07-2023,56.4900016784668,56.5099983215332,54.33000183105469,54.81999969482422,207300
28-07-2023,55.34999847412109,55.86800003051758,54.59999847412109,54.7400016784668,167600
31-07-2023,54.79999923706055,55.61000061035156,54.74700164794922,55.09000015258789,157100
01-08-2023,54.65999984741211,55.400001525878906,54.31999969482422,55.220001220703125,174400
02-08-2023,54.77999877929688,54.869998931884766,53.95000076293945,54.709999084472656,142400
03-08-2023,54.38999938964844,54.400001525878906,53.86000061035156,54.02999877929688,127100
04-08-2023,54.0099983215332,55.46500015258789,53.560001373291016,55.09000015258789,192100
07-08-2023,55.29999923706055,56.47999954223633,55.29999923706055,55.68999862670898,161000
08-08-2023,54.970001220703125,55.40999984741211,54.34000015258789,55.15999984741211,111400
09-08-2023,54.93999862670898,54.95000076293945,54.0099983215332,54.040000915527344,79100
10-08-2023,54.25,54.95000076293945,53.06999969482422,53.34000015258789,157300
11-08-2023,53.08000183105469,53.27999877929688,52.130001068115234,52.7599983215332,209600
14-08-2023,52.43999862670898,52.43999862670898,51.540000915527344,51.79999923706055,205200
15-08-2023,51.41999816894531,51.41999816894531,50.400001525878906,50.810001373291016,120000
16-08-2023,50.79999923706055,51.27000045776367,50.34999847412109,50.34999847412109,97400
17-08-2023,50.459999084472656,50.65999984741211,50.02999877929688,50.209999084472656,110500
18-08-2023,49.790000915527344,50.63999938964844,49.65999984741211,50.119998931884766,119100
21-08-2023,50.02999877929688,50.4900016784668,49.880001068115234,50.380001068115234,115600
22-08-2023,50.380001068115234,50.63999938964844,49.7400016784668,49.7599983215332,123200
23-08-2023,49.72999954223633,50.91999816894531,49.20500183105469,50.7400016784668,143500
24-08-2023,50.619998931884766,51.209999084472656,50.48500061035156,50.58000183105469,178900
25-08-2023,50.68000030517578,51.119998931884766,49.93999862670898,50.40999984741211,101900
28-08-2023,50.72999954223633,51.44200134277344,50.33000183105469,51.04999923706055,98600
29-08-2023,50.90999984741211,51.5,50.8650016784668,51.45000076293945,203900
30-08-2023,51.209999084472656,52.0989990234375,50.790000915527344,50.880001068115234,138700
31-08-2023,50.86000061035156,51.68000030517578,50.380001068115234,50.45000076293945,350200
01-09-2023,50.93000030517578,51.84999847412109,50.8650016784668,50.97999954223633,267800
05-09-2023,50.22999954223633,50.27999877929688,48.5,48.84999847412109,269100
06-09-2023,49.2400016784668,49.625,48.58000183105469,49.15999984741211,153900
07-09-2023,49.27000045776367,49.435001373291016,48.47999954223633,48.720001220703125,230800
08-09-2023,48.540000915527344,49.34999847412109,48.27999877929688,49.209999084472656,128500
11-09-2023,49.4900016784668,50.040000915527344,49.4900016784668,49.59000015258789,90600
12-09-2023,49.400001525878906,50.27000045776367,49.400001525878906,49.810001373291016,135100
13-09-2023,49.91999816894531,49.94499969482422,49.125,49.25,135000
14-09-2023,49.650001525878906,50.2400016784668,49.43000030517578,49.93999862670898,122500
15-09-2023,49.36000061035156,50.209999084472656,49.29999923706055,49.90999984741211,629700
18-09-2023,50.04999923706055,50.44499969482422,49.290000915527344,49.34000015258789,223600
19-09-2023,49.43999862670898,49.900001525878906,48.81999969482422,49.59999847412109,187500
20-09-2023,49.91999816894531,50.34999847412109,48.40999984741211,48.4900016784668,144500
21-09-2023,48.310001373291016,48.61000061035156,47.4900016784668,47.900001525878906,200600
22-09-2023,47.97999954223633,48.130001068115234,47.43000030517578,47.52999877929688,178800
25-09-2023,47.36000061035156,48.59999847412109,47.36000061035156,48.36000061035156,117600
26-09-2023,48.0,48.34000015258789,47.59000015258789,47.65999984741211,121600
27-09-2023,48.09000015258789,50.0099983215332,48.09000015258789,49.900001525878906,220600
28-09-2023,50.150001525878906,51.619998931884766,49.650001525878906,51.59999847412109,355700
29-09-2023,51.560001373291016,52.150001525878906,50.36000061035156,50.869998931884766,305500
02-10-2023,50.810001373291016,50.959999084472656,49.81999969482422,50.13999938964844,411400
03-10-2023,49.66999816894531,50.0,49.08000183105469,49.29999923706055,187500
04-10-2023,49.15999984741211,49.15999984741211,48.060001373291016,48.29999923706055,252900
05-10-2023,48.29999923706055,49.650001525878906,48.21500015258789,49.52000045776367,188900
06-10-2023,49.220001220703125,50.81999969482422,49.220001220703125,49.77999877929688,127700
09-10-2023,49.33000183105469,50.494998931884766,49.33000183105469,50.09000015258789,88000
10-10-2023,50.52000045776367,51.150001525878906,50.41999816894531,50.43999862670898,119700
11-10-2023,50.380001068115234,51.31999969482422,50.380001068115234,51.310001373291016,76300
12-10-2023,51.47999954223633,51.52000045776367,50.619998931884766,51.310001373291016,98300
13-10-2023,51.54999923706055,51.54999923706055,49.560001373291016,49.70000076293945,150700
16-10-2023,50.0,50.86000061035156,49.720001220703125,49.93000030517578,132500
17-10-2023,49.45000076293945,51.18000030517578,49.27000045776367,50.22999954223633,237600
18-10-2023,49.54999923706055,49.63399887084961,48.625,48.68000030517578,125900
19-10-2023,48.40999984741211,48.8849983215332,47.595001220703125,47.970001220703125,293900
20-10-2023,48.13999938964844,48.560001373291016,45.90999984741211,46.18999862670898,321600
23-10-2023,46.04999923706055,46.52999877929688,45.43000030517578,45.709999084472656,226500
24-10-2023,45.970001220703125,46.29499816894531,44.150001525878906,44.18000030517578,512600
25-10-2023,40.380001068115234,40.380001068115234,35.29999923706055,36.13999938964844,1110900
26-10-2023,36.2400016784668,37.470001220703125,36.0099983215332,36.7400016784668,489800
27-10-2023,36.84999847412109,39.9900016784668,36.84999847412109,39.83000183105469,653900
30-10-2023,40.0,41.380001068115234,39.400001525878906,39.52999877929688,412400
31-10-2023,39.869998931884766,40.619998931884766,39.43999862670898,39.880001068115234,397200
01-11-2023,39.470001220703125,41.77999877929688,39.15999984741211,41.4900016784668,393000
02-11-2023,42.220001220703125,42.220001220703125,40.97999954223633,41.790000915527344,298400
03-11-2023,43.04999923706055,45.0,42.43000030517578,42.810001373291016,261600
06-11-2023,42.709999084472656,42.81999969482422,41.63999938964844,42.45000076293945,180900
07-11-2023,42.09000015258789,42.11800003051758,41.040000915527344,41.060001373291016,268600
08-11-2023,41.220001220703125,41.29999923706055,40.709999084472656,41.11000061035156,184900
09-11-2023,41.310001373291016,41.40999984741211,40.43000030517578,40.77000045776367,143500
10-11-2023,40.900001525878906,41.02999877929688,40.22999954223633,40.290000915527344,273100
13-11-2023,40.09999847412109,40.720001220703125,39.84000015258789,40.5099983215332,148400
14-11-2023,42.04999923706055,42.310001373291016,41.57500076293945,42.11000061035156,244900
15-11-2023,41.970001220703125,42.380001068115234,41.275001525878906,41.52000045776367,646800
16-11-2023,41.63999938964844,41.63999938964844,38.88999938964844,39.5,590900
17-11-2023,40.09999847412109,40.56999969482422,39.59000015258789,40.22999954223633,364800
20-11-2023,40.16999816894531,41.16299819946289,39.869998931884766,40.86000061035156,189300
21-11-2023,40.38999938964844,40.79999923706055,40.130001068115234,40.130001068115234,136400
22-11-2023,40.66999816894531,40.97999954223633,40.28499984741211,40.5099983215332,140000
24-11-2023,40.5099983215332,40.5099983215332,39.91999816894531,40.34999847412109,70600
27-11-2023,40.060001373291016,40.65499877929688,40.0099983215332,40.43999862670898,151300
28-11-2023,40.619998931884766,41.04999923706055,40.369998931884766,40.90999984741211,254400
29-11-2023,41.310001373291016,41.93999862670898,41.0,41.060001373291016,288100
30-11-2023,41.209999084472656,41.70000076293945,40.88999938964844,41.20000076293945,147300
01-12-2023,41.02000045776367,42.79999923706055,41.02000045776367,42.66999816894531,208600
04-12-2023,42.08000183105469,45.130001068115234,42.08000183105469,44.7599983215332,397800
05-12-2023,44.380001068115234,44.400001525878906,43.209999084472656,43.220001220703125,210600
06-12-2023,43.5099983215332,44.58000183105469,43.47999954223633,43.86000061035156,232800
07-12-2023,44.88999938964844,47.869998931884766,44.46500015258789,47.27000045776367,422200
08-12-2023,46.720001220703125,48.130001068115234,46.720001220703125,47.290000915527344,326900
11-12-2023,47.34000015258789,48.810001373291016,47.0,48.7400016784668,309100
12-12-2023,48.59000015258789,50.310001373291016,48.5,49.7400016784668,505800
13-12-2023,49.63999938964844,52.43000030517578,49.16999816894531,51.93999862670898,407800
14-12-2023,52.88999938964844,54.2599983215332,52.77000045776367,53.400001525878906,424700
15-12-2023,53.470001220703125,54.52999877929688,53.02000045776367,54.060001373291016,945400
18-12-2023,54.16999816894531,54.16999816894531,52.9900016784668,53.29999923706055,334200
19-12-2023,53.619998931884766,55.08000183105469,53.04499816894531,54.77000045776367,417400
20-12-2023,54.709999084472656,55.61000061035156,54.04999923706055,54.09000015258789,390800
21-12-2023,54.33000183105469,55.34000015258789,53.41999816894531,55.09000015258789,261900
22-12-2023,55.150001525878906,55.52999877929688,54.88999938964844,55.09999847412109,185600
26-12-2023,55.15999984741211,56.0,54.10499954223633,55.93000030517578,145300
27-12-2023,55.540000915527344,56.619998931884766,55.040000915527344,56.22999954223633,186000
28-12-2023,56.0099983215332,56.45500183105469,55.790000915527344,56.310001373291016,135800
29-12-2023,56.20000076293945,56.63999938964844,55.165000915527344,55.36000061035156,285700
02-01-2024,54.77999877929688,55.900001525878906,54.41999816894531,55.16999816894531,189100
03-01-2024,54.619998931884766,55.150001525878906,53.45000076293945,54.150001525878906,228400
04-01-2024,54.220001220703125,55.0,54.04499816894531,54.65999984741211,219700
05-01-2024,54.27999877929688,55.27999877929688,53.68000030517578,55.02999877929688,224700
08-01-2024,55.5,55.95000076293945,55.459999084472656,55.90999984741211,191300
09-01-2024,54.900001525878906,55.650001525878906,54.86000061035156,55.41999816894531,212600
10-01-2024,54.810001373291016,55.4900016784668,54.810001373291016,55.11000061035156,145100
11-01-2024,54.880001068115234,55.34999847412109,54.32500076293945,55.09000015258789,235000
12-01-2024,55.95000076293945,56.10499954223633,54.79999923706055,54.84999847412109,193100
16-01-2024,54.150001525878906,55.0,53.845001220703125,54.9900016784668,157600
17-01-2024,54.0099983215332,55.06999969482422,54.0099983215332,54.83000183105469,217600
18-01-2024,55.02999877929688,55.095001220703125,53.720001220703125,54.720001220703125,208800
19-01-2024,55.20000076293945,55.68000030517578,54.54999923706055,55.68000030517578,231500
22-01-2024,56.43000030517578,57.47999954223633,56.43000030517578,56.86000061035156,190200
23-01-2024,57.369998931884766,57.59999847412109,56.59000015258789,56.59000015258789,256900
24-01-2024,57.290000915527344,57.58000183105469,56.470001220703125,56.58000183105469,167600
25-01-2024,57.150001525878906,57.59000015258789,57.0099983215332,57.45000076293945,222900
26-01-2024,58.02999877929688,59.0,58.02999877929688,58.58000183105469,189200
29-01-2024,58.83000183105469,59.20000076293945,58.63999938964844,59.0,197500
30-01-2024,58.540000915527344,59.94499969482422,58.435001373291016,58.77000045776367,560300
31-01-2024,62.81999969482422,63.55899810791016,53.90999984741211,54.43000030517578,776400
01-02-2024,54.65999984741211,56.08000183105469,53.810001373291016,55.02999877929688,420500
02-02-2024,54.220001220703125,55.08000183105469,53.880001068115234,53.97999954223633,353400
05-02-2024,53.290000915527344,54.83000183105469,53.16999816894531,54.040000915527344,375900
06-02-2024,53.7400016784668,54.61000061035156,53.58000183105469,54.06999969482422,349400
07-02-2024,54.09999847412109,54.78499984741211,53.400001525878906,54.68999862670898,329100
08-02-2024,54.52000045776367,54.709999084472656,53.79999923706055,54.56999969482422,235100
09-02-2024,54.7400016784668,55.61000061035156,54.26499938964844,55.540000915527344,290800
12-02-2024,55.5,58.119998931884766,55.34000015258789,57.18000030517578,326400
13-02-2024,55.18000030517578,56.27000045776367,54.66999816894531,55.70000076293945,304400
14-02-2024,56.43999862670898,57.95000076293945,55.89500045776367,57.09000015258789,291000
15-02-2024,57.41999816894531,60.310001373291016,57.20500183105469,59.7400016784668,372200
16-02-2024,59.31999969482422,61.08000183105469,59.31999969482422,59.5099983215332,365100
20-02-2024,58.52999877929688,61.3650016784668,58.43000030517578,60.470001220703125,369400
21-02-2024,60.0099983215332,60.45500183105469,59.68000030517578,59.79999923706055,322800
22-02-2024,59.790000915527344,60.834999084472656,59.47999954223633,59.900001525878906,344500
23-02-2024,60.130001068115234,61.97999954223633,59.95000076293945,61.40999984741211,309500
26-02-2024,61.18000030517578,61.900001525878906,61.02999877929688,61.31999969482422,315700
27-02-2024,61.66999816894531,62.18999862670898,61.34999847412109,61.380001068115234,333200
28-02-2024,60.970001220703125,63.0,60.970001220703125,62.33000183105469,318100
29-02-2024,63.41999816894531,64.13999938964844,62.584999084472656,63.25,250900
01-03-2024,63.20000076293945,63.81999969482422,62.91999816894531,63.13999938964844,191500
04-03-2024,63.290000915527344,64.25499725341797,62.63999938964844,62.709999084472656,205800
05-03-2024,62.27999877929688,63.54999923706055,62.27999877929688,63.36000061035156,269200
06-03-2024,63.77000045776367,63.77000045776367,62.47499847412109,62.68000030517578,282700
07-03-2024,63.16999816894531,63.86000061035156,62.93999862670898,63.09000015258789,229800
08-03-2024,63.630001068115234,64.51000213623047,63.16999816894531,63.5099983215332,206500
11-03-2024,62.970001220703125,63.11000061035156,61.65999984741211,61.75,169200
12-03-2024,61.61000061035156,63.09000015258789,61.275001525878906,62.56999969482422,196200
13-03-2024,62.45000076293945,63.040000915527344,61.91999816894531,62.29999923706055,175500
14-03-2024,62.0099983215332,62.06999969482422,59.77999877929688,60.34999847412109,274300
15-03-2024,60.02000045776367,61.43999862670898,58.90999984741211,59.75,727800
18-03-2024,59.95000076293945,60.45000076293945,59.34999847412109,59.619998931884766,237500
19-03-2024,59.369998931884766,61.79999923706055,59.369998931884766,61.47999954223633,244400
20-03-2024,61.31999969482422,63.27999877929688,61.31999969482422,62.27999877929688,270900
21-03-2024,62.900001525878906,63.42499923706055,62.70000076293945,63.0099983215332,209800
22-03-2024,63.119998931884766,63.119998931884766,61.0,61.0099983215332,147400
25-03-2024,61.27999877929688,61.869998931884766,60.650001525878906,60.65999984741211,130800
26-03-2024,61.04999923706055,61.77000045776367,60.75,61.18000030517578,209300
27-03-2024,61.83000183105469,62.459999084472656,61.63999938964844,62.18999862670898,193100
28-03-2024,62.5,63.41999816894531,62.45500183105469,62.83000183105469,236200
01-04-2024,63.20000076293945,63.20000076293945,61.55500030517578,61.77000045776367,138200
02-04-2024,61.04999923706055,61.88999938964844,60.540000915527344,61.68000030517578,242300
03-04-2024,61.45000076293945,63.400001525878906,61.44300079345703,62.83000183105469,280900
04-04-2024,63.68000030517578,63.68000030517578,62.0,62.0099983215332,175000
05-04-2024,61.77000045776367,63.27999877929688,61.77000045776367,62.84000015258789,185800
08-04-2024,63.52999877929688,63.90999984741211,62.970001220703125,63.0099983215332,123300
09-04-2024,63.630001068115234,63.845001220703125,62.65999984741211,63.040000915527344,119200
10-04-2024,61.56999969482422,62.459999084472656,60.900001525878906,61.34000015258789,255900
11-04-2024,61.880001068115234,61.93999862670898,60.68999862670898,61.290000915527344,188800
12-04-2024,60.66999816894531,60.82500076293945,58.334999084472656,59.369998931884766,236500
15-04-2024,59.56999969482422,60.4900016784668,58.255001068115234,59.150001525878906,233000
16-04-2024,58.68000030517578,58.83000183105469,57.54999923706055,58.61000061035156,191500
17-04-2024,59.15999984741211,59.875,58.93000030517578,58.9900016784668,215800
18-04-2024,59.119998931884766,60.42499923706055,59.119998931884766,59.59000015258789,214000
19-04-2024,59.5099983215332,61.06999969482422,59.5099983215332,60.709999084472656,220800
22-04-2024,61.2400016784668,61.595001220703125,60.79999923706055,61.22999954223633,228400
23-04-2024,61.20000076293945,64.8550033569336,60.43000030517578,64.31999969482422,403500
24-04-2024,65.0,65.0,62.41999816894531,63.540000915527344,358100
25-04-2024,62.27000045776367,63.27999877929688,61.27000045776367,62.45000076293945,425200
26-04-2024,62.27999877929688,63.29999923706055,62.27999877929688,63.22999954223633,279900
29-04-2024,63.33000183105469,63.75,61.220001220703125,61.72999954223633,276700
30-04-2024,61.41999816894531,62.40999984741211,60.52000045776367,60.52999877929688,346100
01-05-2024,60.880001068115234,62.040000915527344,60.540000915527344,61.04999923706055,321500
02-05-2024,61.68000030517578,61.83000183105469,60.90999984741211,61.630001068115234,298900
03-05-2024,62.119998931884766,62.5099983215332,61.52999877929688,62.0099983215332,233700
06-05-2024,62.58000183105469,63.16999816894531,62.47999954223633,62.72999954223633,157300
07-05-2024,62.880001068115234,63.45899963378906,62.46500015258789,62.59999847412109,154100
08-05-2024,62.15999984741211,62.47999954223633,61.150001525878906,61.470001220703125,165400
09-05-2024,61.77000045776367,63.290000915527344,61.470001220703125,62.86000061035156,497600
10-05-2024,62.93999862670898,63.29999923706055,62.369998931884766,63.20000076293945,121900
13-05-2024,63.5,63.77999877929688,62.75,62.88999938964844,146800
14-05-2024,63.310001373291016,63.900001525878906,62.43999862670898,62.5099983215332,214900
15-05-2024,63.02000045776367,63.02000045776367,61.35499954223633,61.459999084472656,209800
16-05-2024,61.27000045776367,61.560001373291016,60.47999954223633,61.25,156000
17-05-2024,61.470001220703125,62.33000183105469,60.9900016784668,62.15999984741211,244400
20-05-2024,61.88999938964844,62.415000915527344,60.77999877929688,60.9900016784668,163200
21-05-2024,60.79999923706055,61.310001373291016,60.66999816894531,61.11000061035156,200100
22-05-2024,60.77000045776367,61.16999816894531,59.84000015258789,60.13999938964844,215900
23-05-2024,59.869998931884766,59.869998931884766,58.435001373291016,58.97999954223633,152600
24-05-2024,59.45000076293945,59.98799896240234,59.34000015258789,59.900001525878906,155400
28-05-2024,60.27999877929688,60.77999877929688,59.81999969482422,60.369998931884766,185200
29-05-2024,59.43999862670898,60.09999847412109,59.220001220703125,59.720001220703125,148100
30-05-2024,60.15999984741211,61.09999847412109,59.900001525878906,60.91999816894531,133800
31-05-2024,61.09000015258789,61.80500030517578,60.970001220703125,61.650001525878906,241600
03-06-2024,61.93999862670898,62.0,60.13999938964844,60.709999084472656,222900
04-06-2024,60.060001373291016,60.5369987487793,59.810001373291016,59.970001220703125,189800
05-06-2024,60.369998931884766,60.369998931884766,59.27000045776367,59.650001525878906,144000
06-06-2024,59.34000015258789,59.65999984741211,59.09000015258789,59.18000030517578,120800
07-06-2024,58.93999862670898,59.28499984741211,58.459999084472656,59.18000030517578,132100
10-06-2024,58.34000015258789,59.20000076293945,57.459999084472656,59.0099983215332,238600
11-06-2024,58.709999084472656,58.86000061035156,57.66999816894531,57.70000076293945,245700
12-06-2024,59.34000015258789,60.33000183105469,58.68999862670898,60.27999877929688,303200
13-06-2024,60.02999877929688,60.369998931884766,58.290000915527344,59.040000915527344,171400
14-06-2024,58.040000915527344,58.790000915527344,57.79999923706055,58.52000045776367,199000
17-06-2024,58.29999923706055,59.90999984741211,58.150001525878906,59.86000061035156,183700
18-06-2024,59.70000076293945,60.130001068115234,59.28499984741211,59.75,181500
20-06-2024,59.52000045776367,60.70000076293945,59.47999954223633,60.560001373291016,137700
21-06-2024,60.5099983215332,61.09099960327149,59.9900016784668,60.43000030517578,974800
24-06-2024,60.810001373291016,62.119998931884766,60.810001373291016,61.380001068115234,175300
25-06-2024,61.15999984741211,61.15999984741211,60.08000183105469,60.52000045776367,139800
26-06-2024,60.16999816894531,60.93999862670898,59.79999923706055,60.79999923706055,128800
27-06-2024,61.040000915527344,61.040000915527344,59.880001068115234,60.27999877929688,119200
28-06-2024,60.9900016784668,62.43999862670898,60.52000045776367,62.25,335900
01-07-2024,62.34000015258789,62.75,61.41999816894531,62.04999923706055,172900
02-07-2024,62.15999984741211,62.93600082397461,62.0099983215332,62.5,162100
03-07-2024,62.79999923706055,63.02000045776367,62.06999969482422,62.15999984741211,72400
05-07-2024,61.880001068115234,61.880001068115234,60.83000183105469,61.15999984741211,99500
08-07-2024,61.77999877929688,61.900001525878906,61.27999877929688,61.4900016784668,125100
09-07-2024,61.18999862670898,62.25,60.970001220703125,61.5,118600
10-07-2024,61.869998931884766,62.2599983215332,61.415000915527344,62.130001068115234,125500
11-07-2024,63.52999877929688,65.72000122070312,63.06999969482422,65.30999755859375,226300
12-07-2024,65.87000274658203,66.73999786376953,65.31999969482422,65.8499984741211,252900
15-07-2024,66.70999908447266,68.95999908447266,66.70999908447266,68.30000305175781,233200
16-07-2024,68.98999786376953,72.55999755859375,68.98999786376953,72.4800033569336,258100
17-07-2024,71.91000366210938,73.88999938964844,71.91000366210938,72.43000030517578,269200
18-07-2024,71.83000183105469,73.79000091552734,71.47000122070312,72.2300033569336,134400
19-07-2024,72.25,73.11000061035156,72.13999938964844,72.6500015258789,121800
22-07-2024,72.88999938964844,73.5999984741211,71.58999633789062,73.58999633789062,168600
23-07-2024,73.02999877929688,75.22000122070312,73.02999877929688,74.56999969482422,179600
24-07-2024,75.36000061035156,79.05999755859375,74.48999786376953,77.61000061035156,606600
25-07-2024,78.12000274658203,81.5199966430664,77.60099792480469,81.06999969482422,426200
26-07-2024,81.19999694824219,82.29000091552734,78.54000091552734,81.91000366210938,550800
29-07-2024,82.0,82.87999725341797,81.40499877929688,82.30000305175781,345100
30-07-2024,83.02999877929688,87.83999633789062,83.02999877929688,85.72000122070312,451200
31-07-2024,85.51000213623047,88.4219970703125,84.2300033569336,86.47000122070312,301800
01-08-2024,86.44999694824219,87.05000305175781,83.27999877929688,84.12000274658203,411700
02-08-2024,81.08999633789062,81.45999908447266,77.11000061035156,77.77999877929688,403900
05-08-2024,74.02999877929688,76.05999755859375,72.43000030517578,74.9000015258789,297200
06-08-2024,75.01000213623047,77.31999969482422,74.5199966430664,76.47000122070312,304900
07-08-2024,77.94000244140625,78.83000183105469,75.31500244140625,75.58999633789062,169500
08-08-2024,76.69000244140625,77.3499984741211,75.9800033569336,76.8499984741211,118400
09-08-2024,76.63999938964844,76.87999725341797,75.88500213623047,76.5199966430664,236700
12-08-2024,77.41000366210938,77.56999969482422,75.55999755859375,76.48999786376953,214600
13-08-2024,78.5,80.61000061035156,77.35600280761719,79.9000015258789,225800
14-08-2024,80.63999938964844,80.63999938964844,79.12999725341797,80.29000091552734,140400
15-08-2024,82.26000213623047,82.98999786376953,80.83000183105469,82.37000274658203,211100
16-08-2024,81.94000244140625,83.08000183105469,81.80500030517578,82.68000030517578,168500
19-08-2024,82.83999633789062,83.75499725341797,82.2699966430664,83.5199966430664,132800
20-08-2024,83.0,83.19300079345703,81.16000366210938,81.58000183105469,191900
21-08-2024,81.88999938964844,82.47000122070312,80.64800262451172,82.19000244140625,126100
22-08-2024,82.55000305175781,82.90499877929688,81.80000305175781,82.45999908447266,85800
23-08-2024,82.91999816894531,86.01000213623047,82.52999877929688,85.88999938964844,178300
26-08-2024,84.69000244140625,85.98999786376953,83.36000061035156,83.43000030517578,203200
27-08-2024,82.97000122070312,83.31999969482422,82.30000305175781,82.62000274658203,94300
28-08-2024,82.2300033569336,83.81999969482422,82.18000030517578,82.80000305175781,168900
29-08-2024,83.0,84.78800201416016,82.30999755859375,84.44999694824219,213200
30-08-2024,84.52999877929688,85.73999786376953,84.3499984741211,85.7300033569336,128000
03-09-2024,84.95999908447266,85.37999725341797,81.95999908447266,82.38999938964844,178200
04-09-2024,82.1500015258789,82.97000122070312,81.23999786376953,81.52999877929688,189500
05-09-2024,81.5999984741211,82.30999755859375,80.43000030517578,80.83999633789062,109900
06-09-2024,80.83999633789062,81.33499908447266,77.27999877929688,77.27999877929688,189900
09-09-2024,77.6500015258789,77.94000244140625,75.33000183105469,76.73999786376953,175200
10-09-2024,77.13999938964844,77.13999938964844,72.87000274658203,74.4800033569336,321100
11-09-2024,73.81999969482422,76.12999725341797,73.20999908447266,75.12999725341797,176900
12-09-2024,76.01000213623047,78.09500122070312,75.6500015258789,77.3499984741211,226300
13-09-2024,78.75,79.80000305175781,78.45999908447266,79.31999969482422,127800
16-09-2024,79.62000274658203,80.6500015258789,78.79000091552734,80.5199966430664,176300
17-09-2024,81.76000213623047,83.98999786376953,81.32499694824219,82.5,182700
18-09-2024,82.41000366210938,85.48999786376953,81.16000366210938,82.87999725341797,151600
19-09-2024,85.38999938964844,85.51000213623047,83.83000183105469,85.47000122070312,157700
20-09-2024,85.11000061035156,85.91000366210938,84.37999725341797,84.93000030517578,694800
23-09-2024,85.19999694824219,85.72000122070312,83.80999755859375,83.94999694824219,93700
24-09-2024,83.4000015258789,83.55999755859375,80.41999816894531,80.87000274658203,156200
25-09-2024,81.0999984741211,81.0999984741211,79.66999816894531,80.54000091552734,177800
26-09-2024,81.52999877929688,82.44999694824219,80.62000274658203,81.76000213623047,162800
27-09-2024,82.72000122070312,83.83999633789062,81.79000091552734,82.58000183105469,189000
30-09-2024,82.30999755859375,84.47000122070312,82.17500305175781,83.79000091552734,180900
01-10-2024,83.47000122070312,83.47000122070312,81.43000030517578,81.83999633789062,135000
02-10-2024,81.7300033569336,82.81999969482422,80.18000030517578,80.48999786376953,127500
03-10-2024,80.01000213623047,81.81999969482422,79.55000305175781,81.4800033569336,98900
04-10-2024,83.52999877929688,83.75,81.77999877929688,83.73999786376953,121100
07-10-2024,83.11000061035156,83.93000030517578,82.43499755859375,83.43000030517578,120100
08-10-2024,84.55999755859375,84.55999755859375,82.91000366210938,83.27999877929688,108000
09-10-2024,83.0199966430664,84.86000061035156,82.66000366210938,84.18000030517578,110300
10-10-2024,83.0999984741211,84.1500015258789,82.91999816894531,84.08999633789062,149400
11-10-2024,84.33999633789062,87.18000030517578,84.31500244140625,85.9800033569336,162300
14-10-2024,86.5999984741211,86.5999984741211,85.44000244140625,85.77999877929688,154900
15-10-2024,86.0,88.20999908447266,85.43000030517578,86.37999725341797,191600
16-10-2024,87.75,89.36000061035156,87.41999816894531,88.98999786376953,175100
17-10-2024,89.04000091552734,89.07499694824219,87.552001953125,87.86000061035156,117400
18-10-2024,87.81999969482422,87.81999969482422,86.12999725341797,86.83999633789062,136900
21-10-2024,86.70999908447266,87.48999786376953,85.70999908447266,86.16999816894531,143400
22-10-2024,85.5,90.1999969482422,85.5,89.87000274658203,486000
23-10-2024,95.86000061035156,96.01000213623048,87.55999755859375,88.16999816894531,611400
24-10-2024,89.16000366210938,89.30000305175781,86.61000061035156,88.36000061035156,213400
25-10-2024,89.38999938964844,89.88999938964844,85.0,85.56999969482422,233300
28-10-2024,85.9000015258789,87.7750015258789,85.5199966430664,86.97000122070312,190000
29-10-2024,86.26000213623047,87.44999694824219,86.16999816894531,87.11000061035156,200500
30-10-2024,87.01000213623047,89.87999725341797,87.01000213623047,88.12000274658203,262300
31-10-2024,88.1500015258789,88.80000305175781,86.76300048828125,86.91000366210938,215900
01-11-2024,87.7300033569336,88.11499786376953,86.51799774169922,87.56999969482422,197900
04-11-2024,87.72000122070312,91.00499725341795,87.16000366210938,89.33000183105469,238800
05-11-2024,89.19000244140625,92.31999969482422,89.19000244140625,91.9800033569336,230900
06-11-2024,98.18000030517578,102.11000061035156,97.87999725341795,101.73999786376952,480700
07-11-2024,101.0999984741211,101.0999984741211,97.76000213623048,99.3000030517578,306200
08-11-2024,99.70999908447266,101.88500213623048,99.18900299072266,100.61000061035156,210300
11-11-2024,102.33999633789062,104.5500030517578,102.18499755859376,103.01000213623048,212200
12-11-2024,102.55999755859376,104.1999969482422,102.1500015258789,103.9000015258789,279700
13-11-2024,105.0,106.51000213623048,102.62999725341795,102.88999938964844,198500
14-11-2024,103.31999969482422,103.50499725341795,100.6500015258789,100.94000244140624,145100
15-11-2024,101.61000061035156,101.74199676513672,99.26000213623048,100.51000213623048,179100
18-11-2024,100.54000091552734,101.2490005493164,99.66000366210938,99.9499969482422,160900
19-11-2024,99.0500030517578,100.80999755859376,98.25,100.27999877929688,119800
20-11-2024,100.52999877929688,100.9800033569336,99.3499984741211,99.87000274658205,161800
21-11-2024,100.91000366210938,102.30999755859376,100.51000213623048,102.0199966430664,148100
22-11-2024,102.77999877929688,105.0199966430664,102.29000091552734,104.73999786376952,151900
25-11-2024,105.29000091552734,108.1500015258789,105.29000091552734,106.72000122070312,284200
26-11-2024,105.76000213623048,106.68000030517578,104.87999725341795,106.37999725341795,141100
27-11-2024,106.81999969482422,107.02999877929688,105.3499984741211,105.54000091552734,124400
29-11-2024,106.68000030517578,107.0500030517578,105.19000244140624,105.51000213623048,100800
02-12-2024,106.48999786376952,106.51000213623048,104.62999725341795,106.02999877929688,182700
03-12-2024,107.01000213623048,107.01000213623048,103.2699966430664,105.6500015258789,151800
04-12-2024,105.36000061035156,107.25,105.36000061035156,106.06999969482422,281600
05-12-2024,106.95999908447266,107.125,105.81999969482422,105.87000274658205,129800
06-12-2024,106.06999969482422,107.33000183105467,104.3499984741211,105.70999908447266,131600
09-12-2024,105.76000213623048,106.02999877929688,101.61000061035156,101.9499969482422,202500
10-12-2024,102.04000091552734,103.5,101.56999969482422,102.16000366210938,175400
11-12-2024,103.13999938964844,104.69100189208984,102.16999816894533,104.43000030517578,201400
12-12-2024,104.5,105.29000091552734,102.93499755859376,103.18000030517578,185100
13-12-2024,103.20999908447266,104.23999786376952,100.38999938964844,100.94000244140624,225200
16-12-2024,100.51000213623048,101.73999786376952,99.20999908447266,101.55999755859376,204600
17-12-2024,100.62000274658205,101.2699966430664,97.97000122070312,99.02999877929688,372100
18-12-2024,100.08999633789062,100.5250015258789,93.6050033569336,94.33999633789062,280700
19-12-2024,96.36000061035156,97.45999908447266,94.56500244140624,94.98999786376952,234600
20-12-2024,93.87000274658205,97.66500091552734,93.87000274658205,96.47000122070312,1079600
23-12-2024,95.79000091552734,97.29000091552734,95.29000091552734,96.31999969482422,239500
24-12-2024,96.0,99.0,96.0,98.63999938964844,95600
26-12-2024,97.9000015258789,99.6500015258789,97.9000015258789,99.61000061035156,171200
27-12-2024,98.8000030517578,99.70999908447266,97.01000213623048,97.87999725341795,146400
30-12-2024,97.5,98.16000366210938,96.12000274658205,96.94000244140624,247100
31-12-2024,97.5,98.37999725341795,95.5199966430664,95.87999725341795,224600
02-01-2025,96.43000030517578,96.91000366210938,94.8499984741211,96.13999938964844,210600
03-01-2025,96.88999938964844,99.69499969482422,96.29000091552734,99.54000091552734,164400
06-01-2025,99.80999755859376,100.53500366210938,98.4800033569336,98.93000030517578,163700
07-01-2025,99.3499984741211,99.86000061035156,96.37000274658205,98.83000183105467,200000
08-01-2025,98.08999633789062,98.5199966430664,96.81999969482422,98.19000244140624,137900
10-01-2025,96.58999633789062,96.5999984741211,94.1999969482422,95.04000091552734,160700
13-01-2025,94.3499984741211,98.02999877929688,93.98999786376952,98.0199966430664,233200
14-01-2025,98.66000366210938,101.52999877929688,98.66000366210938,101.48999786376952,192500
15-01-2025,104.6999969482422,105.81999969482422,103.4749984741211,105.68000030517578,200300
16-01-2025,105.27999877929688,106.76499938964844,104.9499969482422,106.37999725341795,224500
17-01-2025,107.23999786376952,108.2040023803711,105.98999786376952,107.62000274658205,139600
21-01-2025,108.52999877929688,110.62000274658205,107.76799774169922,109.26000213623048,200700
22-01-2025,108.7699966430664,111.31999969482422,108.7699966430664,111.1500015258789,238200
23-01-2025,110.66000366210938,113.0770034790039,110.66000366210938,111.25,228800
24-01-2025,110.66999816894533,111.7699966430664,110.375,111.6500015258789,145100
27-01-2025,110.7699966430664,111.4499969482422,108.62000274658205,109.76000213623048,185900
28-01-2025,109.45999908447266,113.29000091552734,109.41000366210938,112.6999969482422,238000
29-01-2025,112.19000244140624,114.8550033569336,110.947998046875,112.05999755859376,231200
30-01-2025,112.87000274658205,115.06999969482422,112.87000274658205,113.6999969482422,154900
31-01-2025,114.08999633789062,114.33999633789062,109.06999969482422,112.31999969482422,276400
03-02-2025,109.04000091552734,111.77999877929688,108.322998046875,110.83999633789062,312700
04-02-2025,110.48999786376952,114.06999969482422,110.48999786376952,112.94000244140624,317700
05-02-2025,116.16999816894533,117.38999938964844,113.0,114.73999786376952,416500
06-02-2025,115.8499984741211,117.55999755859376,115.08999633789062,116.48999786376952,283700
07-02-2025,116.5,117.48999786376952,114.4000015258789,114.86000061035156,259600
10-02-2025,115.38999938964844,115.91600036621094,112.76000213623048,113.73999786376952,258300
11-02-2025,112.45999908447266,114.90799713134766,112.1999969482422,114.54000091552734,304100
12-02-2025,113.13999938964844,113.65499877929688,109.6999969482422,111.12999725341795,226400
13-02-2025,112.12999725341795,112.1959991455078,109.08000183105467,110.79000091552734,190700
14-02-2025,111.1500015258789,112.66000366210938,110.58999633789062,110.80999755859376,156500
18-02-2025,111.54000091552734,111.8499984741211,108.16999816894533,109.76000213623048,223700
19-02-2025,108.44000244140624,109.61000061035156,107.51499938964844,109.12000274658205,252900
20-02-2025,108.9499969482422,109.18000030517578,104.12999725341795,105.68000030517578,385100
21-02-2025,106.6999969482422,106.6999969482422,102.51799774169922,102.75,309800
24-02-2025,103.4499969482422,104.25800323486328,100.38999938964844,101.9000015258789,293400
25-02-2025,102.87999725341795,103.26000213623048,100.63999938964844,101.72000122070312,279900
26-02-2025,102.13999938964844,104.68000030517578,101.63999938964844,102.45999908447266,167200
27-02-2025,102.79000091552734,103.33999633789062,100.94000244140624,101.86000061035156,174700
28-02-2025,102.0,103.36000061035156,101.41999816894533,103.33999633789062,171500
03-03-2025,103.3499984741211,104.37000274658205,99.13999938964844,100.0500030517578,174700
04-03-2025,97.95999908447266,98.0,93.51000213623048,95.31999969482422,357300
05-03-2025,95.27999877929688,96.87000274658205,94.1999969482422,96.41000366210938,182400
06-03-2025,95.0,96.05999755859376,92.28500366210938,93.27999877929688,275900
07-03-2025,93.12000274658205,93.51000213623048,87.38500213623047,91.51000213623048,344500
10-03-2025,88.98999786376953,89.6500015258789,86.11699676513672,87.18000030517578,456900
11-03-2025,87.06999969482422,90.4810028076172,86.80999755859375,88.72000122070312,276000
12-03-2025,90.6500015258789,91.15499877929688,88.12999725341797,89.88999938964844,292000
13-03-2025,90.2300033569336,90.43000030517578,86.48999786376953,87.19000244140625,203500
14-03-2025,88.51000213623047,92.6449966430664,88.0999984741211,92.62000274658205,382000
17-03-2025,92.08000183105467,94.31999969482422,91.99500274658205,93.16999816894533,255200
18-03-2025,92.9000015258789,93.50499725341795,91.822998046875,93.12000274658205,171800
19-03-2025,92.58000183105467,97.0500030517578,92.01000213623048,96.27999877929688,183200
20-03-2025,95.9000015258789,98.52999877929688,95.9000015258789,97.38999938964844,182300
21-03-2025,96.1999969482422,97.9800033569336,95.51000213623048,97.43000030517578,430700
24-03-2025,99.58000183105467,102.18000030517578,99.58000183105467,101.94000244140624,251600
25-03-2025,101.6500015258789,102.86799621582033,100.94000244140624,102.12000274658205,156400
26-03-2025,102.58000183105467,103.11000061035156,99.52999877929688,100.38999938964844,119800
27-03-2025,99.72000122070312,100.75,98.01000213623048,99.27999877929688,129300
28-03-2025,98.56999969482422,99.37000274658205,94.48999786376952,96.11000061035156,136800
31-03-2025,94.48999786376952,96.86699676513672,93.56999969482422,96.55999755859376,225400
01-04-2025,98.45999908447266,100.95999908447266,97.30999755859376,99.91999816894533,226400
02-04-2025,98.3000030517578,104.02999877929688,98.3000030517578,103.66999816894533,236100
03-04-2025,95.7300033569336,96.7300033569336,91.12999725341795,92.16000366210938,335900
04-04-2025,86.37000274658203,88.5,83.49500274658203,85.91000366210938,453400
07-04-2025,81.0,90.8499984741211,79.40699768066406,87.16000366210938,479300
08-04-2025,91.63999938964844,93.33999633789062,84.70999908447266,86.19000244140625,428100
09-04-2025,84.88999938964844,97.5,84.88999938964844,96.23999786376952,559300
10-04-2025,92.79000091552734,93.4499969482422,86.94999694824219,90.72000122070312,332300
11-04-2025,89.98999786376953,89.98999786376953,86.0999984741211,89.11000061035156,580300
14-04-2025,91.0999984741211,91.81999969482422,88.83999633789062,90.72000122070312,310800
15-04-2025,91.0199966430664,93.51499938964844,90.1500015258789,92.1500015258789,311500
16-04-2025,91.01000213623048,92.8000030517578,89.93000030517578,91.05999755859376,249600
17-04-2025,91.3499984741211,92.86000061035156,91.13999938964844,91.3000030517578,142400
21-04-2025,90.73999786376952,91.59500122070312,88.11000061035156,89.04000091552734,205200
22-04-2025,91.06999969482422,92.87000274658205,89.63999938964844,92.38999938964844,210500
23-04-2025,95.6500015258789,98.0250015258789,94.29000091552734,94.70999908447266,197900
24-04-2025,94.33999633789062,98.61000061035156,94.33999633789062,98.41000366210938,243100
25-04-2025,97.9800033569336,98.43000030517578,96.62999725341795,97.87999725341795,243500
28-04-2025,97.7300033569336,99.5,97.19499969482422,99.2699966430664,286700
29-04-2025,98.7300033569336,100.41999816894533,96.97599792480467,99.5500030517578,431100
30-04-2025,97.20999908447266,97.78500366210938,90.0,91.79000091552734,579600
01-05-2025,91.98999786376952,92.41999816894533,89.51000213623047,91.5999984741211,315700
02-05-2025,92.98999786376952,95.48999786376952,92.58999633789062,94.86000061035156,323100
05-05-2025,93.3000030517578,95.31500244140624,93.3000030517578,93.58999633789062,262100
06-05-2025,92.20999908447266,93.2699966430664,91.4229965209961,92.52999877929688,183700
07-05-2025,93.20999908447266,93.72000122070312,90.9229965209961,91.83999633789062,254400
08-05-2025,93.47000122070312,96.02999877929688,92.01000213623048,94.9800033569336,288900
09-05-2025,95.62999725341795,95.8499984741211,93.8499984741211,94.6500015258789,154400
12-05-2025,99.63999938964844,100.5,97.44000244140624,97.66999816894533,306400
13-05-2025,98.6500015258789,100.0500030517578,97.70999908447266,99.22000122070312,152100
14-05-2025,99.48999786376952,100.1999969482422,98.68000030517578,98.76000213623048,233000
15-05-2025,97.83000183105467,99.6750030517578,96.83499908447266,97.33999633789062,211700
16-05-2025,97.37000274658205,98.55999755859376,96.9000015258789,97.93000030517578,203300
19-05-2025,96.88999938964844,97.95999908447266,96.54000091552734,97.3000030517578,144200
20-05-2025,96.58000183105467,97.47000122070312,95.87000274658205,96.29000091552734,162600
21-05-2025,95.13999938964844,96.05999755859376,92.3249969482422,92.41999816894533,210700
22-05-2025,92.23999786376952,92.63999938964844,90.7300033569336,91.27999877929688,203900
23-05-2025,89.08999633789062,91.88999938964844,89.0,90.69000244140624,141400
27-05-2025,91.9499969482422,94.61000061035156,91.61599731445312,94.4800033569336,189600
28-05-2025,94.41999816894533,96.3000030517578,93.04000091552734,93.36000061035156,217100
29-05-2025,93.75,94.0999984741211,92.54000091552734,93.3000030517578,139000
30-05-2025,92.5199966430664,93.0500030517578,91.79000091552734,92.66999816894533,203100
02-06-2025,92.66999816894533,93.56500244140624,90.87000274658205,92.91000366210938,210800
03-06-2025,93.08000183105467,94.36699676513672,92.01000213623048,93.98999786376952,151800
04-06-2025,93.80999755859376,94.02999877929688,92.81999969482422,92.8499984741211,245600
05-06-2025,92.5500030517578,95.52999877929688,92.5500030517578,93.98999786376952,226500
06-06-2025,95.83999633789062,96.58000183105467,94.88999938964844,96.54000091552734,177500
09-06-2025,97.1500015258789,97.88999938964844,95.96099853515624,97.08000183105467,215500
10-06-2025,97.18000030517578,97.88999938964844,96.5199966430664,97.08999633789062,157300
11-06-2025,97.56999969482422,99.4000015258789,96.88999938964844,96.98999786376952,272600
12-06-2025,95.8499984741211,96.65899658203124,94.25,94.88999938964844,260600
13-06-2025,92.75,95.16000366210938,92.75,93.31999969482422,401200
16-06-2025,94.2699966430664,96.9499969482422,94.2699966430664,96.0199966430664,284600
17-06-2025,95.5999984741211,96.41000366210938,94.94499969482422,95.68000030517578,171500
18-06-2025,95.37000274658205,98.72000122070312,95.37000274658205,97.66000366210938,242500
20-06-2025,98.68000030517578,98.98500061035156,97.91000366210938,98.55999755859376,365100
23-06-2025,97.80999755859376,99.93000030517578,96.56500244140624,99.77999877929688,205000
24-06-2025,101.0999984741211,103.6999969482422,100.80899810791016,103.13999938964844,227100
25-06-2025,103.05999755859376,104.61000061035156,102.5709991455078,103.69000244140624,220400
26-06-2025,104.0199966430664,106.0989990234375,103.99500274658205,105.5500030517578,288300
27-06-2025,107.2300033569336,111.62999725341795,106.3239974975586,111.01000213623048,1499200
30-06-2025,111.08999633789062,112.08999633789062,109.81500244140624,111.5199966430664,383900
01-07-2025,110.69000244140624,114.1500015258789,110.66999816894533,112.95999908447266,358100
02-07-2025,113.06999969482422,115.7300033569336,112.31999969482422,115.45999908447266,270800
03-07-2025,115.75,117.01000213623048,115.11000061035156,115.8499984741211,161500
07-07-2025,113.6750030517578,118.22000122070312,113.6750030517578,116.13999938964844,399300
08-07-2025,117.66999816894533,119.05999755859376,115.8499984741211,115.93000030517578,346100
09-07-2025,117.31999969482422,117.31999969482422,114.51300048828124,116.48999786376952,300300
10-07-2025,116.23999786376952,118.0530014038086,115.20999908447266,117.1999969482422,278900
11-07-2025,116.63999938964844,116.86000061035156,114.0,114.81999969482422,246000
14-07-2025,115.11000061035156,115.94000244140624,113.8499984741211,115.7300033569336,225700
15-07-2025,115.58999633789062,115.79000091552734,112.7699966430664,112.8000030517578,263600
16-07-2025,113.73999786376952,114.04000091552734,111.22000122070312,113.70999908447266,187800
17-07-2025,113.63999938964844,115.4000015258789,113.3290023803711,114.88999938964844,220800
18-07-2025,115.08999633789062,115.08999633789062,112.69000244140624,113.62999725341795,195000
21-07-2025,114.19000244140624,114.44000244140624,112.19499969482422,113.04000091552734,259400
22-07-2025,112.33000183105467,114.76000213623048,111.3949966430664,114.1500015258789,303500
23-07-2025,115.0999984741211,118.51000213623048,114.87000274658205,117.62999725341795,341100
24-07-2025,117.62000274658205,118.23300170898438,111.5999984741211,111.73999786376952,728400
25-07-2025,108.8499984741211,109.98999786376952,105.81999969482422,105.81999969482422,927200
28-07-2025,106.3499984741211,107.12999725341795,103.58999633789062,104.62000274658205,525100
29-07-2025,105.73999786376952,107.1999969482422,103.5199966430664,103.87999725341795,473100
30-07-2025,104.11000061035156,106.4000015258789,103.63999938964844,104.58999633789062,540800
31-07-2025,104.58000183105467,106.1999969482422,104.375,104.55999755859376,370400
01-08-2025,103.11000061035156,103.38999938964844,99.61000061035156,100.55999755859376,396500
04-08-2025,101.16999816894533,102.79000091552734,101.15499877929688,102.5999984741211,268100
05-08-2025,103.08999633789062,104.88500213623048,101.95500183105467,103.91999816894533,341000
06-08-2025,103.98999786376952,104.91999816894533,103.55999755859376,104.30999755859376,330600
07-08-2025,105.72000122070312,106.0,102.43000030517578,102.70999908447266,287200
08-08-2025,103.51000213623048,104.48999786376952,102.75499725341795,103.0999984741211,233600
11-08-2025,103.4800033569336,104.60099792480467,103.4800033569336,104.2699966430664,216700
12-08-2025,105.66999816894533,109.29000091552734,105.5749969482422,109.08000183105467,283400
13-08-2025,110.0,111.1999969482422,109.36000061035156,110.2699966430664,345600
14-08-2025,109.23999786376952,110.08999633789062,108.44000244140624,110.08999633789062,212400
15-08-2025,110.36000061035156,110.36000061035156,106.13999938964844,106.9800033569336,267000
18-08-2025,106.8000030517578,107.87000274658205,106.16300201416016,107.87000274658205,120300
19-08-2025,107.5999984741211,107.76499938964844,106.5199966430664,107.63999938964844,218700
20-08-2025,107.2300033569336,108.2300033569336,105.25,107.70999908447266,204900
21-08-2025,107.6500015258789,108.62999725341795,107.02999877929688,107.76000213623048,195600
22-08-2025,108.16999816894533,114.30999755859376,108.16999816894533,113.9800033569336,228800
25-08-2025,114.01000213623048,115.1449966430664,113.58300018310548,114.61000061035156,156600
26-08-2025,114.2699966430664,118.56999969482422,114.26000213623048,118.56999969482422,223000
27-08-2025,117.93000030517578,120.3000030517578,117.93000030517578,119.77999877929688,294700
28-08-2025,121.0,123.4800033569336,121.0,121.75,375600
29-08-2025,122.04000091552734,122.43000030517578,120.8000030517578,121.3000030517578,229200
02-09-2025,119.33000183105467,120.54000091552734,117.16999816894533,120.25,285800
03-09-2025,118.5500030517578,121.3000030517578,118.5500030517578,119.97000122070312,244600
04-09-2025,120.97000122070312,123.43000030517578,120.02999877929688,123.37999725341795,236300
05-09-2025,123.37999725341795,124.29000091552734,120.01000213623048,120.16999816894533,382200
08-09-2025,120.0500030517578,120.53500366210938,117.70999908447266,118.37999725341795,293600
09-09-2025,117.2300033569336,118.38099670410156,116.02999877929688,117.20999908447266,303800
10-09-2025,117.26000213623048,117.43199920654295,114.76000213623048,115.2699966430664,280600
11-09-2025,115.8499984741211,117.7750015258789,114.3000030517578,117.4800033569336,268700
12-09-2025,116.8499984741211,117.18099975585938,114.87000274658205,115.13999938964844,188600
15-09-2025,116.56999969482422,118.3000030517578,115.625,116.66000366210938,210200
16-09-2025,116.86000061035156,121.3499984741211,115.80999755859376,121.12999725341795,687900
17-09-2025,121.12999725341795,128.59500122070312,121.01499938964844,123.2699966430664,557000
18-09-2025,124.0,128.27000427246094,122.87899780273438,126.8499984741211,413200
19-09-2025,127.2300033569336,127.3000030517578,124.31999969482422,126.0199966430664,669000
22-09-2025,125.23999786376952,127.73999786376952,125.1449966430664,127.31999969482422,255400
23-09-2025,127.19000244140624,130.33700561523438,124.66500091552734,125.33999633789062,259200
24-09-2025,125.51000213623048,127.1500015258789,123.5199966430664,123.8000030517578,151200
25-09-2025,122.2300033569336,123.1999969482422,120.28700256347656,122.83000183105467,207400
26-09-2025,123.4800033569336,124.5500030517578,121.66000366210938,121.93000030517578,152600
29-09-2025,122.4499969482422,123.5749969482422,119.30999755859376,121.95999908447266,293300
30-09-2025,121.25,121.93099975585938,113.48999786376952,115.08999633789062,418700
01-10-2025,113.87999725341795,115.26000213623048,112.16999816894533,112.20999908447266,191900
02-10-2025,112.18000030517578,114.37000274658205,111.45999908447266,114.31999969482422,278700
03-10-2025,114.5999984741211,115.30500030517578,113.06999969482422,113.26000213623048,214300
06-10-2025,113.81999969482422,114.5999984741211,110.4499969482422,110.5199966430664,227900
07-10-2025,110.05999755859376,111.4990005493164,108.38999938964844,108.55999755859376,237900
08-10-2025,109.1999969482422,110.0999984741211,108.01000213623048,108.20999908447266,218400
09-10-2025,108.3000030517578,108.8000030517578,107.4800033569336,108.0,175100
10-10-2025,108.62999725341795,109.20999908447266,103.41000366210938,104.01000213623048,304400
13-10-2025,105.5999984741211,107.0,103.9800033569336,105.9800033569336,176600
14-10-2025,103.22000122070312,110.9800033569336,103.0199966430664,110.47000122070312,219300
15-10-2025,111.33999633789062,112.6999969482422,110.16000366210938,111.70999908447266,211200
16-10-2025,111.25,111.58999633789062,106.45999908447266,107.06999969482422,201800
17-10-2025,107.80999755859376,109.93499755859376,107.1500015258789,108.87999725341795,222300
20-10-2025,109.6999969482422,111.08999633789062,108.72000122070312,109.47000122070312,161300
21-10-2025,109.38999938964844,111.6999969482422,109.38999938964844,111.44000244140624,105900
22-10-2025,111.80999755859376,114.61499786376952,111.125,113.9499969482422,314200
23-10-2025,114.44000244140624,116.54000091552734,111.93000030517578,114.02999877929688,380100
24-10-2025,118.66999816894533,127.81999969482422,115.05999755859376,124.6999969482422,529000
27-10-2025,125.8000030517578,126.56999969482422,120.1999969482422,121.1999969482422,346600
28-10-2025,121.54000091552734,121.54000091552734,118.88999938964844,119.27999877929688,233700
29-10-2025,117.66000366210938,122.01000213623048,117.66000366210938,121.37999725341795,392200
30-10-2025,120.83000183105467,123.98500061035156,118.54000091552734,119.22000122070312,469400
31-10-2025,119.27999877929688,121.18099975585938,118.27999877929688,119.56999969482422,249900
03-11-2025,118.91999816894533,122.47000122070312,118.30999755859376,122.43000030517578,246600
04-11-2025,121.58000183105467,123.43000030517578,120.18000030517578,122.5,205800
05-11-2025,122.62000274658205,128.3300018310547,122.46099853515624,128.0,313800
06-11-2025,128.6999969482422,130.4600067138672,122.63999938964844,122.86000061035156,283200
07-11-2025,122.5199966430664,125.1500015258789,121.05999755859376,124.86000061035156,219000
10-11-2025,125.38999938964844,128.0500030517578,124.1999969482422,127.05999755859376,170800
11-11-2025,126.08999633789062,128.7100067138672,124.9800033569336,127.26000213623048,178300
12-11-2025,127.56999969482422,130.14999389648438,127.56999969482422,129.1999969482422,184900
13-11-2025,131.7899932861328,133.3300018310547,126.3499984741211,127.7300033569336,246700
14-11-2025,124.0199966430664,126.23500061035156,119.8040008544922,125.69000244140624,212700
17-11-2025,125.5500030517578,128.48500061035156,119.80999755859376,120.70999908447266,177000
18-11-2025,119.87000274658205,121.9499969482422,119.4800033569336,119.48999786376952,133900
19-11-2025,119.66000366210938,121.6500015258789,119.0199966430664,121.56999969482422,133100
20-11-2025,123.0,125.58000183105467,119.7699966430664,120.4000015258789,169700
21-11-2025,121.54000091552734,125.9800033569336,119.76000213623048,124.18000030517578,160800
24-11-2025,124.18000030517578,126.56999969482422,123.51000213623048,126.13999938964844,113500
25-11-2025,126.75,131.1699981689453,126.5,130.3800048828125,415600
26-11-2025,129.9199981689453,132.59500122070312,129.9199981689453,130.6199951171875,275300
28-11-2025,131.0,132.0,130.60000610351562,131.08999633789062,61900
01-12-2025,130.47000122070312,132.15199279785156,129.28399658203125,130.19000244140625,159300
02-12-2025,131.60000610351562,131.60000610351562,129.5500030517578,130.88999938964844,157000
03-12-2025,131.39999389648438,135.77999877929688,131.39999389648438,135.39999389648438,192800
04-12-2025,135.05999755859375,136.41000366210938,134.39999389648438,136.16000366210938,239700
05-12-2025,135.61000061035156,136.50999450683594,134.67999267578125,135.3800048828125,199700
08-12-2025,136.02000427246094,136.5399932861328,134.0,135.91000366210938,148100
09-12-2025,135.91000366210938,137.99000549316406,135.61000061035156,137.13999938964844,163100
10-12-2025,138.00999450683594,142.42999267578125,136.0,141.39999389648438,272300
11-12-2025,142.67999267578125,161.2899932861328,142.47500610351562,157.9199981689453,751600
12-12-2025,160.27999877929688,164.4199981689453,159.11000061035156,162.72000122070312,597400
15-12-2025,162.1199951171875,166.5500030517578,159.72999572753906,160.42999267578125,545600
16-12-2025,161.74000549316406,163.0,158.17999267578125,158.33999633789062,446300
17-12-2025,159.92999267578125,166.0,159.92999267578125,163.74000549316406,450800
18-12-2025,164.02999877929688,168.67999267578125,163.80999755859375,164.30999755859375,353600
19-12-2025,164.42999267578125,166.1230010986328,162.0,163.85000610351562,494000
22-12-2025,163.77999877929688,167.16000366210938,162.41000366210938,164.85000610351562,240500
23-12-2025,164.52000427246094,166.52000427246094,162.05999755859375,163.13999938964844,205000
24-12-2025,162.7100067138672,164.92999267578125,162.5800018310547,164.6699981689453,58600
26-12-2025,164.86000061035156,165.6300048828125,163.8800048828125,164.83999633789062,92800
29-12-2025,164.72999572753906,165.31700134277344,161.8300018310547,162.86000061035156,124900
30-12-2025,163.91000366210938,164.41000366210938,159.3800048828125,159.4600067138672,191600
31-12-2025,159.60000610351562,160.68299865722656,156.41000366210938,157.1999969482422,292700
02-01-2026,158.0,162.77999877929688,155.60000610351562,161.9600067138672,297600
05-01-2026,160.1699981689453,166.0749969482422,160.1699981689453,162.36000061035156,365700
06-01-2026,161.39999389648438,163.03500366210938,159.39999389648438,161.74000549316406,370100
07-01-2026,162.5,164.61000061035156,159.77999877929688,163.3000030517578,302200
08-01-2026,164.57000732421875,166.25999450683594,164.16000366210938,164.8300018310547,175100
09-01-2026,166.0,166.7550048828125,161.0399932861328,161.60000610351562,170200
12-01-2026,158.44000244140625,159.74000549316406,155.5800018310547,158.24000549316406,209100
13-01-2026,159.1300048828125,159.1300048828125,156.22999572753906,157.66000366210938,253800
14-01-2026,157.0399932861328,160.33999633789062,155.86000061035156,159.89999389648438,259700
15-01-2026,160.0,162.4250030517578,154.0449981689453,155.22999572753906,412800
16-01-2026,156.0,159.05999755859375,155.60000610351562,156.8699951171875,263000
20-01-2026,152.94000244140625,157.96499633789062,151.27999877929688,153.38999938964844,276700
21-01-2026,154.88999938964844,158.9600067138672,154.71499633789062,158.1699981689453,332100
22-01-2026,160.11000061035156,164.0,159.75,160.67999267578125,206700
23-01-2026,159.55999755859375,161.0500030517578,157.02999877929688,157.5500030517578,228500
26-01-2026,158.6699981689453,159.14999389648438,156.4199981689453,158.5500030517578,248600
27-01-2026,158.36000061035156,158.7449951171875,155.4149932861328,157.6999969482422,383200
28-01-2026,157.6300048828125,163.47000122070312,153.7030029296875,159.25999450683594,636500
29-01-2026,161.3000030517578,165.2899932861328,160.55999755859375,165.10000610351562,305700
30-01-2026,163.16000366210938,166.75,163.00999450683594,165.1699981689453,836300
02-02-2026,163.0800018310547,173.38999938964844,160.0,172.3699951171875,899000
03-02-2026,174.4199981689453,176.67999267578125,157.38999938964844,159.07000732421875,806400
04-02-2026,159.10000610351562,161.1999969482422,152.3800048828125,155.72000122070312,679200
05-02-2026,155.27000427246094,162.2220001220703,153.00999450683594,159.77999877929688,452300
06-02-2026,162.52000427246094,164.9550018310547,160.88999938964844,161.10000610351562,243900
09-02-2026,162.7100067138672,163.94000244140625,158.58999633789062,158.74000549316406,213900
10-02-2026,158.08999633789062,161.24000549316406,155.44000244140625,157.7899932861328,206200
11-02-2026,158.5,158.98199462890625,151.1199951171875,152.49000549316406,266800
12-02-2026,153.4499969482422,156.0,145.0800018310547,148.44000244140625,455900
13-02-2026,148.8800048828125,150.8000030517578,146.5050048828125,149.1199951171875,202100
17-02-2026,149.9499969482422,152.6479949951172,147.3699951171875,148.36000061035156,322400
18-02-2026,149.47999572753906,151.22000122070312,146.6999969482422,149.07000732421875,286000
19-02-2026,147.75999450683594,148.4499969482422,143.02000427246094,145.02999877929688,387500
20-02-2026,145.0,147.68299865722656,142.88999938964844,145.3300018310547,320500
23-02-2026,144.74000549316406,144.74000549316406,135.44000244140625,136.24000549316406,372800
24-02-2026,136.02999877929688,139.09500122070312,135.8000030517578,138.0,238200
25-02-2026,139.2899932861328,144.91000366210938,137.80999755859375,144.42999267578125,234200
26-02-2026,145.83999633789062,149.49000549316406,145.83999633789062,148.36000061035156,280000
27-02-2026,145.0,146.4600067138672,136.9199981689453,139.0500030517578,357500
02-03-2026,135.72999572753906,142.7100067138672,135.66000366210938,141.58999633789062,254900
03-03-2026,137.44000244140625,142.0500030517578,135.66000366210938,141.42999267578125,229200
04-03-2026,142.1300048828125,145.80999755859375,139.9600067138672,144.94000244140625,262600
05-03-2026,143.0,146.25,140.3000030517578,142.00999450683594,224200
06-03-2026,138.4499969482422,139.25,133.6300048828125,137.5800018310547,170100
09-03-2026,135.58999633789062,140.72000122070312,133.0500030517578,138.91000366210938,279300
10-03-2026,138.49000549316406,140.9499969482422,136.0800018310547,139.08999633789062,233600
11-03-2026,138.3800048828125,139.8000030517578,136.0449981689453,139.4499969482422,275800
12-03-2026,135.3800048828125,137.0,134.3300018310547,135.41000366210938,290900
13-03-2026,136.30999755859375,137.3249969482422,133.41000366210938,134.11000061035156,211300
16-03-2026,136.4600067138672,137.0,132.67999267578125,134.0800018310547,191500
17-03-2026,136.02000427246094,139.25999450683594,135.02499389648438,137.2100067138672,139200
18-03-2026,136.32000732421875,138.89999389648438,136.32000732421875,136.63999938964844,174800
19-03-2026,135.97000122070312,138.5,134.9499969482422,136.97000122070312,140900
20-03-2026,137.75,138.25999450683594,133.6300048828125,134.99000549316406,485400
23-03-2026,139.1300048828125,141.09300231933594,135.36000061035156,137.33999633789062,232800
24-03-2026,136.1999969482422,138.80499267578125,135.14999389648438,137.3800048828125,135000
25-03-2026,138.82000732421875,140.36000061035156,134.52000427246094,136.66000366210938,172500
26-03-2026,135.5399932861328,137.1199951171875,132.6999969482422,134.0,223200
27-03-2026,132.92999267578125,134.4080047607422,129.25,129.7100067138672,357000
30-03-2026,130.50999450683594,132.19000244140625,129.4199981689453,131.25999450683594,239300
31-03-2026,133.74000549316406,136.5500030517578,131.63999938964844,135.8300018310547,234900
01-04-2026,137.61000061035156,138.5,133.85000610351562,136.88999938964844,162700
02-04-2026,133.67999267578125,138.74000549316406,133.1699981689453,136.8800048828125,158100
06-04-2026,136.44000244140625,138.8300018310547,136.36500549316406,138.77000427246094,135100
07-04-2026,138.3300018310547,140.33999633789062,137.82000732421875,139.77999877929688,128800
08-04-2026,146.5,149.11300659179688,143.4550018310547,147.4199981689453,297800
09-04-2026,145.4199981689453,147.10499572753906,144.1790008544922,145.0500030517578,178300
10-04-2026,144.72000122070312,145.56500244140625,142.64999389648438,144.9499969482422,95200
13-04-2026,143.55999755859375,150.80999755859375,143.55999755859375,150.7100067138672,230900
14-04-2026,151.47999572753906,155.36000061035156,151.0,153.83999633789062,242900
15-04-2026,154.0,156.64999389648438,153.75,156.22000122070312,189600
16-04-2026,156.08999633789062,158.8300018310547,155.9199981689453,156.11000061035156,208400
17-04-2026,160.07000732421875,165.6699981689453,160.07000732421875,162.80999755859375,212300
20-04-2026,161.83999633789062,166.03500366210938,161.6999969482422,165.22999572753906,171100
21-04-2026,165.1699981689453,168.0850067138672,162.39999389648438,163.49000549316406,238800
22-04-2026,164.5800018310547,168.35000610351562,163.97999572753906,168.05999755859375,269800
23-04-2026,169.86000061035156,171.75,163.0,169.4199981689453,351300
24-04-2026,171.72000122070312,174.2899932861328,165.0,166.64999389648438,370900
27-04-2026,166.63999938964844,173.77000427246094,164.52999877929688,173.60000610351562,376400
28-04-2026,173.60000610351562,176.02000427246094,170.0,172.52999877929688,380100
29-04-2026,171.77000427246094,172.0,168.4499969482422,168.5800018310547,249400
30-04-2026,167.05999755859375,170.11000061035156,166.5189971923828,169.41000366210938,178300
01-05-2026,170.8000030517578,171.13999938964844,164.30999755859375,170.92999267578125,181100
04-05-2026,170.99000549316406,171.58999633789062,161.83999633789062,163.91000366210938,691300
05-05-2026,164.25,169.97999572753906,164.13499450683594,169.27999877929688,249800
06-05-2026,171.80999755859375,174.3300018310547,170.02999877929688,172.57000732421875,234400
07-05-2026,173.1699981689453,175.8979949951172,171.47000122070312,172.5,309600
08-05-2026,173.61000061035156,175.375,170.34100341796875,174.89999389648438,180600
11-05-2026,174.4600067138672,174.7899932861328,168.4600067138672,168.89999389648438,240600
12-05-2026,168.57000732421875,168.57000732421875,165.59500122070312,166.8800048828125,151100
13-05-2026,166.3800048828125,167.38999938964844,163.1999969482422,163.24000549316406,192800
14-05-2026,165.32000732421875,168.0,163.64999389648438,166.7899932861328,133800
15-05-2026,166.25,166.57000732421875,163.85499572753906,164.02000427246094,112800
18-05-2026,165.22999572753906,168.48699951171875,163.72999572753906,165.30999755859375,150800
19-05-2026,165.08999633789062,166.8699951171875,159.61000061035156,160.7100067138672,173400
20-05-2026,161.6699981689453,164.60000610351562,160.1699981689453,164.58999633789062,135800
21-05-2026,161.91000366210938,163.10000610351562,158.0399932861328,160.91000366210938,181500
22-05-2026,161.24000549316406,161.24000549316406,157.38999938964844,157.50999450683594,164000
26-05-2026,158.4600067138672,162.86000061035156,158.4600067138672,159.0500030517578,134600
27-05-2026,160.19000244140625,164.24000549316406,159.60000610351562,161.25999450683594,242800
28-05-2026,159.24000549316406,161.57000732421875,157.69000244140625,158.89999389648438,108000
29-05-2026,159.47999572753906,162.61500549316406,157.74000549316406,161.50999450683594,189000
01-06-2026,160.1199951171875,164.98500061035156,158.3800048828125,164.3300018310547,250600
02-06-2026,163.6999969482422,166.42999267578125,163.02999877929688,163.57000732421875,145900
03-06-2026,161.3800048828125,163.2949981689453,158.89999389648438,158.89999389648438,198600
04-06-2026,160.97000122070312,168.26499938964844,160.97000122070312,167.86000061035156,232800
05-06-2026,169.02999877929688,170.7550048828125,166.89999389648438,168.82000732421875,177300
08-06-2026,170.58999633789062,173.5500030517578,169.19000244140625,171.5399932861328,163000
09-06-2026,173.0,181.0,173.0,179.41000366210938,373400
10-06-2026,179.58999633789062,182.97000122070312,177.52000427246094,179.9199981689453,419700
11-06-2026,181.77999877929688,191.22000122070312,179.031005859375,189.58999633789065,566000
12-06-2026,192.509994506836,193.5399932861328,188.69000244140625,189.3300018310547,533600
15-06-2026,190.27999877929688,193.0,187.56500244140625,189.16000366210932,356900
16-06-2026,190.82000732421875,193.92999267578125,185.69000244140625,193.8000030517578,583000
17-06-2026,193.8500061035156,202.759994506836,193.8500061035156,197.3000030517578,735400
18-06-2026,199.3600006103516,204.0599975585937,198.17999267578125,202.5500030517578,523300
22-06-2026,203.0,206.19000244140625,202.6000061035156,204.7400054931641,315900
23-06-2026,203.4199981689453,211.40499877929688,198.42999267578125,210.9900054931641,330100
24-06-2026,210.88999938964844,217.6999969482422,210.88999938964844,216.5800018310547,514100
25-06-2026,217.0399932861328,224.9499969482422,216.5050048828125,221.3800048828125,383700
26-06-2026,223.6300048828125,231.0599975585937,221.2400054931641,231.0399932861328,1136000
29-06-2026,228.25,236.2899932861328,225.4600067138672,235.6699981689453,496000
30-06-2026,237.0,242.92999267578125,237.0,240.72999572753903,670400
01-07-2026,240.0599975585937,246.3800048828125,236.0,242.17999267578125,435300
02-07-2026,242.259994506836,244.1300048828125,230.6100006103516,235.19000244140625,665300
06-07-2026,235.0,238.75,231.3099975585937,234.77999877929688,294400
07-07-2026,237.52999877929688,239.7400054931641,234.0870056152344,237.0,247300
08-07-2026,237.0,237.0,220.1300048828125,224.8999938964844,459500
09-07-2026,226.4600067138672,236.5500030517578,226.4600067138672,236.3999938964844,212400
10-07-2026,237.0,242.6100006103516,236.2700042724609,238.08999633789065,262800
13-07-2026,237.97999572753903,239.97999572753903,231.9900054931641,232.009994506836,304000
14-07-2026,233.3000030517578,240.0,229.8999938964844,230.63999938964844,413300
15-07-2026,231.0,236.0500030517578,225.63999938964844,235.66000366210932,361500
16-07-2026,235.4199981689453,238.94000244140625,233.6199951171875,235.52999877929688,411200
17-07-2026,230.1000061035156,236.19000244140625,227.759994506836,232.5200042724609,245100
20-07-2026,233.4499969482422,235.8300018310547,230.2400054931641,230.4499969482422,243400
21-07-2026,232.8500061035156,233.3500061035156,227.6999969482422,228.4600067138672,294800
22-07-2026,224.4900054931641,226.6300048828125,220.4499969482422,222.4900054931641,338100
23-07-2026,220.0,221.3099975585937,214.62399291992188,217.8000030517578,466900
24-07-2026,231.27999877929688,242.22999572753903,225.27999877929688,237.2700042724609,858700
27-07-2026,239.759994506836,252.7100067138672,239.66000366210932,251.9600067138672,696200
28-07-2026,253.08999633789065,253.4900054931641,243.27999877929688,249.0399932861328,306100
29-07-2026,245.22999572753903,250.51499938964844,243.6300048828125,244.7100067138672,537600
30-07-2026,248.6699981689453,256.260009765625,243.8500061035156,253.3500061035156,293400
31-07-2026,257.489990234375,260.7900085449219,251.0249938964844,254.13999938964844,294000
03-08-2026,255.75,262.20001220703125,255.0,258.57000732421875,247500
04-08-2026,259.0199890136719,262.0400085449219,255.3099975585937,257.7900085449219,358800
05-08-2026,258.5,265.5400085449219,258.5,263.0199890136719,226800
06-08-2026,262.2799987792969,263.17498779296875,255.6499938964844,255.9600067138672,310700
07-08-2026,255.0,256.5,250.009994506836,252.63999938964844,306800
10-08-2026,251.8099975585937,256.2099914550781,246.0500030517578,252.5500030517578,234600
11-08-2026,253.97999572753903,259.7049865722656,252.1999969482422,257.1199951171875,231400
12-08-2026,259.3299865722656,262.4410095214844,257.6910095214844,260.3999938964844,159500
13-08-2026,262.1499938964844,264.9700012207031,259.5249938964844,261.9200134277344,252100
14-08-2026,264.0,267.45001220703125,262.2049865722656,265.45001220703125,193100
17-08-2026,264.20001220703125,265.7300109863281,260.8999938964844,263.9100036621094,324300
18-08-2026,261.2099914550781,266.0050048828125,260.7799987792969,262.0,240700
19-08-2026,262.2799987792969,264.69000244140625,254.259994506836,254.3800048828125,219800
20-08-2026,252.509994506836,253.81500244140625,233.56500244140625,237.38999938964844,633300
21-08-2026,239.32000732421875,246.4900054931641,239.32000732421875,242.92999267578125,344600
24-08-2026,242.1699981689453,249.82000732421875,242.0,247.66000366210932,210100
25-08-2026,251.1999969482422,251.53500366210932,241.4600067138672,243.38999938964844,213100
26-08-2026,244.13999938964844,245.4900054931641,236.08999633789065,236.6199951171875,231700
27-08-2026,235.0,240.5200042724609,233.4499969482422,237.3000030517578,164300
28-08-2026,237.3099975585937,240.32000732421875,232.2700042724609,232.72000122070312,210500
31-08-2026,231.0,233.9199981689453,226.4250030517578,226.72000122070312,290800
01-09-2026,226.5,227.4900054931641,220.97000122070312,221.13999938964844,397000
02-09-2026,223.41000366210932,230.0,223.0,226.88999938964844,483100
03-09-2026,228.0,234.83999633789065,227.0850067138672,233.1699981689453,276700
04-09-2026,230.2700042724609,235.8249969482422,230.2700042724609,230.5800018310547,146200
08-09-2026,227.3999938964844,228.4850006103516,224.83999633789065,225.7899932861328,174700
09-09-2026,225.0,225.7449951171875,222.3600006103516,224.02999877929688,191000
10-09-2026,222.83999633789065,225.1999969482422,220.41000366210932,223.0599975585937,221200
11-09-2026,226.47999572753903,228.0599975585937,221.3300018310547,223.47999572753903,212700
14-09-2026,222.5200042724609,226.9499969482422,222.5200042724609,226.72000122070312,198800
15-09-2026,176.22000122070312,179.0,167.85000610351562,173.61000061035156,1844200
16-09-2026,173.00999450683594,177.02999877929688,170.52000427246094,172.13999938964844,558200
17-09-2026,174.55,180.0,173.625,179.06,717400
18-09-2026,179.06,179.06,174.03,174.72,526400
21-09-2026,176.45,176.89,170.926,171.36,451900
22-09-2026,174.78,175.165,167.01,168.98,362000
23-09-2026,167.51,170.74,166.51,168.37,294800
24-09-2026,170.39,173.4,170.155,171.9,479600
25-09-2026,172.47,174.82,171.05,173.48,220800
28-09-2026,171.82,172.29,168.76,170.02,359400
29-09-2026,171.21,171.805,166.51,167.92,340200
30-09-2026,168.09,171.025,165.9,167.11,394700
01-10-2026,167.27,171.76,164.77,171.49,357300
02-10-2026,174.06,176.15,172.465,172.89,310500
