Date,Open,High,Low,Close,Volume
30-09-2021,29.520873826990627,29.76753888173423,27.86328435800881,27.922483444213867,424700
01-10-2021,28.267814757988866,29.086742660427394,27.636352823165424,28.741411209106445,404700
04-10-2021,28.859811148917718,29.343274426096627,28.603279268432072,28.751277923583984,223900
05-10-2021,28.889412536297407,29.07687662713089,28.28754918702921,28.514480590820312,294300
06-10-2021,28.228349378082402,28.38621486206826,26.86675722632309,27.123289108276367,350100
07-10-2021,27.567289405005482,28.277684145995345,27.567289405005482,27.883020401000977,420800
08-10-2021,27.902750928008167,28.188881405310493,26.99502347541653,27.014755249023438,181200
11-10-2021,27.1134209325301,27.527818277870296,26.560891766044815,26.590492248535156,197600
12-10-2021,26.70889178179788,27.33048877257746,26.511560867476522,27.28115463256836,302100
13-10-2021,27.19235462489778,27.8534170351423,26.787824092857626,27.80408477783203,219700
14-10-2021,28.366480005870418,28.613145049399726,27.883016746381568,28.031015396118164,203500
15-10-2021,28.56381370110657,28.662478216129532,27.774484407587902,27.794218063354492,261400
18-10-2021,27.557418741992546,28.119814735599753,27.25155461741589,28.050748825073242,197900
19-10-2021,28.16914779506274,28.179014622834533,27.448886304866623,27.498220443725586,166600
20-10-2021,27.468620158788244,28.179014826343032,27.439019675259093,27.80408477783203,199000
21-10-2021,27.952084067449835,28.366481436758686,27.70541901147802,27.91261863708496,276500
22-10-2021,27.9422178446447,28.405949364335914,27.63635369554767,28.021150588989258,176000
25-10-2021,27.912619472054608,28.98807741691002,27.912619472054608,28.968345642089844,194900
26-10-2021,29.01767538589691,29.32353951099683,28.208614349365234,28.208614349365234,223600
27-10-2021,27.96194968648216,28.19874790414768,27.133154983700372,27.52781867980957,275300
28-10-2021,27.804083087668182,28.544078193769053,27.448884834530205,28.109947204589844,210100
29-10-2021,28.090215384652506,28.514479574296804,27.883017644726685,28.277681350708008,305300
01-11-2021,28.53421196900974,29.2643402632836,28.346746011239247,29.195274353027344,680400
02-11-2021,29.382742071720067,29.382742071720067,28.455280936640918,28.563814163208008,408400
03-11-2021,28.94860854446344,30.359532840227143,28.840075327280122,30.073400497436523,453700
04-11-2021,29.807003853724066,30.78379911157034,29.580072458505434,30.22140121459961,390300
05-11-2021,30.803530017976616,31.622457888800156,30.260867673925514,31.267261505126953,359200
08-11-2021,31.316591433609027,31.80005465809943,31.119260542213546,31.464590072631836,283900
09-11-2021,31.217928582416036,32.35258933453674,30.7837994430376,32.29338836669922,257900
10-11-2021,31.97765645504685,32.727516539799105,31.711257753358446,31.888856887817383,211400
11-11-2021,32.23419024017968,32.71765544394329,31.997393875576957,32.05659484863281,228400
12-11-2021,32.096058452978795,32.48085536894883,31.878995745704376,32.3723258972168,145300
15-11-2021,32.60912206640485,32.90511940277289,31.780327266288136,32.06645965576172,207200
16-11-2021,32.17498938092042,32.80645129997348,31.977656590263862,32.688053131103516,175400
17-11-2021,32.54992341852748,32.72751880144932,31.089664813122674,32.18485641479492,178300
18-11-2021,32.638723289679454,32.95445427257029,31.80005980827988,32.48085403442383,254900
19-11-2021,32.0072554240536,32.30325649409378,31.099529849772907,31.533658981323242,172800
22-11-2021,31.869123502719788,32.52031907998838,31.573126197381328,32.0269889831543,172800
23-11-2021,31.661926536599534,32.53018858204383,31.099530513614376,31.800058364868164,279900
24-11-2021,31.28699429504149,31.622458916342584,30.744331933357078,31.504060745239258,261900
26-11-2021,30.320068586788132,30.58646730204379,28.771012318079755,30.300334930419922,247300
29-11-2021,30.990997308269502,31.237662362860572,30.211536714352334,30.50753402709961,379200
30-11-2021,29.895805461127672,30.132605582264688,28.672346950810304,29.244609832763672,548100
01-12-2021,31.07979675458746,32.32298696869454,29.866205142494103,30.033937454223633,1044900
02-12-2021,30.487800948214243,31.54352710074429,28.32701450215903,29.007810592651367,542300
03-12-2021,29.15580883236495,29.15580883236495,27.113422472176598,27.429153442382812,475700
06-12-2021,27.577154787877447,28.47501546637531,27.350221499737756,28.327014923095703,610800
07-12-2021,28.928877282866786,29.6096733600369,28.88941185274802,29.057144165039062,391300
08-12-2021,29.264342136280163,29.589939935402302,28.642747022285185,29.037410736083984,306000
09-12-2021,28.692076498240727,29.432071595563208,27.784349103582294,27.813949584960938,265300
10-12-2021,28.03101658214757,28.1099493241405,26.758225882273447,27.123289108276367,329900
13-12-2021,27.13315631409737,27.26142131590761,25.69263328219062,26.28462791442871,464900
14-12-2021,25.91956416466609,26.866757062816806,25.870230025030118,26.4918270111084,463800
15-12-2021,26.462226527326813,26.59049340847535,25.021703524246355,26.4918270111084,606400
16-12-2021,26.71875987867653,26.88649219886307,25.515035033864642,25.564367294311523,485400
17-12-2021,25.307834796055197,26.16623003345091,25.27823619325521,25.939298629760742,1224500
20-12-2021,25.70249735182427,25.761698318553055,24.646771243258918,25.228900909423828,556800
21-12-2021,25.722230818727812,26.570759183233374,25.633431251190952,26.215560913085938,584000
22-12-2021,26.403027008388733,26.76809022617917,25.978762824006626,26.689157485961914,1067200
23-12-2021,26.85689031757524,27.03448945700153,25.939297900381074,26.807558059692383,258300
27-12-2021,26.738489709407766,27.389685240028726,26.44249054336789,27.340351104736328,316400
28-12-2021,27.192353653715326,27.5278182607779,26.886489529124717,26.91609001159668,344900
29-12-2021,26.807556527585543,27.458752080328114,26.699023308160147,27.26141929626465,161500
30-12-2021,27.113420649169502,27.557418472359846,27.034487911925098,27.26141929626465,154200
31-12-2021,27.17262340147193,27.429153402967078,26.896357861985972,27.27128791809082,285800
03-01-2022,27.636353322001213,28.504613498055527,27.439020522854527,27.892885208129883,342100
04-01-2022,27.883017797071314,28.61314612760222,27.616619088364025,28.42568016052246,254600
05-01-2022,28.455278881680627,28.711810746555447,27.360085512773686,27.43901824951172,250100
06-01-2022,27.764617693029816,28.15928328235253,27.07395667552507,27.784351348876953,252700
07-01-2022,27.567285570740516,27.912617005293747,26.91609001159668,26.91609001159668,251200
10-01-2022,26.551024938548032,26.62009084912058,25.80116298593697,26.590492248535156,355900
11-01-2022,26.64969242197745,26.738491991176772,25.663032214789414,26.65955924987793,374300
12-01-2022,26.797690779628493,27.034489000900166,26.05769563244014,26.521425247192383,447900
13-01-2022,26.67929148625413,27.685683413794816,26.610223694625397,27.103553771972656,399000
14-01-2022,26.748358607174243,27.281154136244325,26.36355984972392,27.162755966186523,327200
18-01-2022,26.76808895597498,27.162754520238483,26.13662706420119,26.79768943786621,265600
19-01-2022,26.827291078938845,27.310754345956244,26.61022463283371,26.699024200439453,289200
20-01-2022,26.7976890419692,26.8667549501235,25.32756567071173,25.36703109741211,291900
21-01-2022,25.10063424315572,25.82089568665745,24.6961037402627,24.883567810058594,346300
24-01-2022,24.587571378832976,26.185961673635266,24.202774516821556,26.107027053833008,690300
25-01-2022,25.820898321233127,26.333962093023985,25.248635462514105,25.959030151367188,297000
26-01-2022,26.353693431412044,26.51156079711719,24.69610585151063,25.189435958862305,318500
27-01-2022,25.36703237149653,26.146494818455427,25.347300598107722,25.58409881591797,491500
28-01-2022,25.485432511393725,25.91956351986543,24.72570371704448,25.899829864501953,619200
31-01-2022,25.633431879411347,26.817424887649956,25.633431879411347,26.807558059692383,705500
01-02-2022,26.570758267028165,27.231820645949686,26.146494099404737,27.103553771972656,713400
02-02-2022,27.5179522173642,27.71528500899011,26.50169342163419,27.498220443725586,843200
03-02-2022,27.320621780248576,27.7547509182874,26.610225223630497,26.64969253540039,652600
04-02-2022,26.590493825651002,26.669426568401928,25.781430860072703,26.29449462890625,529200
07-02-2022,26.304360961363525,26.995023858849496,25.968896340516622,26.176095962524414,299700
08-02-2022,26.30436159654298,27.35022091401771,26.30436159654298,27.251556396484375,375400
09-02-2022,27.587018892496893,28.169148573790665,26.856890554344798,27.754751205444336,309800
10-02-2022,27.330487640651818,28.465146467197666,27.330487640651818,27.863283157348633,319000
11-02-2022,27.78435009653936,28.159282013115448,27.212087276101308,27.567285537719727,460900
14-02-2022,27.626485142283535,28.159282544770523,27.23182144520333,27.36008644104004,435200
15-02-2022,27.774483951264834,28.682211400659476,27.774483951264834,28.642745971679688,322700
16-02-2022,28.59341303115689,29.481406862316692,28.54408077238886,29.185409545898438,571800
17-02-2022,28.997943651899348,29.40247419696398,28.405949017496017,28.53421401977539,358700
18-02-2022,28.386215132354987,28.820344276497266,28.02115002097099,28.070484161376953,247900
22-02-2022,27.88301466867304,28.356611065301998,27.024619553116366,27.23181915283203,335600
23-02-2022,27.527820569770814,27.527820569770814,26.33396257183637,26.40302848815918,277800
24-02-2022,25.524898159494757,26.916088779617045,25.021701271932784,26.856887817382812,789700
25-02-2022,26.827290920458005,27.389686924035413,26.491826307463594,27.36008644104004,414800
28-02-2022,26.935822149572214,27.488353205104477,26.7878234990173,27.369953155517578,573700
01-03-2022,27.300886780649712,27.33048726302024,25.564364668248757,25.949161529541016,494400
02-03-2022,26.235293877485756,27.991549644627085,26.156361139743723,27.735017776489258,407400
03-03-2022,27.725152634277453,27.725152634277453,26.580626926496763,26.945690155029297,315900
04-03-2022,26.462226136009775,26.501693447134922,24.607305796942242,24.745437622070312,555000
07-03-2022,24.78490488480704,24.992102622094624,22.199854350210956,22.485986709594727,601300
08-03-2022,22.801719810973463,24.607308059022127,22.703053405995448,23.591047286987305,799900
09-03-2022,24.38037232176184,25.120367462142543,24.37050737596646,24.439573287963867,616700
10-03-2022,24.07450841391454,24.686238563673353,23.59104514354458,24.41983985900879,377400
11-03-2022,24.577704500008622,24.903302278393006,23.630511647219464,23.67984390258789,261300
14-03-2022,23.739045609151983,24.173176655614828,23.2555823018683,23.620647430419922,369200
15-03-2022,23.689712557278465,24.41984090809596,23.6502452444156,24.33104133605957,397500
16-03-2022,24.76517217513985,26.166229778473323,24.419840717899653,25.959030151367188,522500
17-03-2022,29.205143314270288,30.487800866212865,28.48488179482415,29.659006118774414,1523800
18-03-2022,29.6984728463046,31.079796770850276,29.38274187862616,31.000864028930664,1008400
21-03-2022,31.09953173440735,31.27713088167,29.659006781425358,29.925405502319336,497900
22-03-2022,30.31020091646885,30.694999677337503,29.215009365132687,29.40247344970703,482900
23-03-2022,29.185408491436075,29.224875802548585,27.9816837310791,27.9816837310791,466600
24-03-2022,27.902751016987718,28.248080580021927,27.567286399835933,27.656085968017578,317100
25-03-2022,27.715285498230845,27.892884637448216,27.01475576930732,27.133155822753906,323500
28-03-2022,27.143022956347817,27.468620754611102,26.50169418787831,27.429153442382812,523800
29-03-2022,27.981684558390768,28.978211610585486,27.981684558390768,28.879545211791992,663200
30-03-2022,28.72167890429237,28.761144333537008,27.52781908868632,27.656085968017578,463000
31-03-2022,27.43901945897832,27.43901945897832,26.541158833292684,26.689157485961914,754800
01-04-2022,26.896358186448424,27.20222233184781,26.481960813172943,27.083824157714844,649700
04-04-2022,27.123287063122017,28.139547686319634,26.65955747411789,28.109947204589844,710700
05-04-2022,27.991551228120645,28.3368807990869,26.837158697148414,26.955556869506836,677600
06-04-2022,26.62009272150156,26.84702412417446,25.95903028795937,26.432628631591797,563500
07-04-2022,26.511561561431364,26.95555754170503,26.018231439857242,26.738492965698242,896500
08-04-2022,26.916088779617045,27.62648338928433,26.501691453501586,26.856887817382812,564700
11-04-2022,26.837156837598574,28.10008062540705,26.679291364122513,27.43901824951172,674100
12-04-2022,27.80408396085918,28.790744133313204,27.705417567232793,27.873149871826172,643100
13-04-2022,27.922484748169293,29.11634464747115,27.902752973116165,28.938745498657227,425200
14-04-2022,28.958477389737507,29.599806146531353,28.504612716900095,28.60327911376953,266600
18-04-2022,28.346744141092913,29.007806481497628,28.070480518294083,28.21847915649414,523800
19-04-2022,28.17901370837195,29.777403999337093,28.17901370837195,29.195274353027344,540600
20-04-2022,29.34327563019338,30.04380538678589,29.10647739585234,29.136077880859375,581800
21-04-2022,29.639273959896904,29.836604875072016,28.800612395163867,29.047277450561523,583800
22-04-2022,28.494745789700715,28.928876805270026,27.675817897777357,27.80408477783203,654100
25-04-2022,27.350221134881128,28.405949170920646,26.85689101561044,28.198749542236328,681700
26-04-2022,27.74488598206874,27.82381872373146,26.896357597765746,27.133155822753906,697100
27-04-2022,27.202223063289367,27.991552400321993,26.896358909665587,27.66595458984375,494400
28-04-2022,27.94221686318248,28.32701374310819,27.17262310333106,27.45875358581543,653300
29-04-2022,27.231822673719087,27.577154129957645,26.03796281904952,26.12676239013672,505800
02-05-2022,26.245162690177214,27.606752989696837,26.116895805453485,27.55742073059082,1113900
03-05-2022,27.77448481647152,28.91901052111304,26.570760025563718,27.113422393798828,733200
04-05-2022,27.399554720613473,27.399554720613473,25.38676697147008,26.955556869506836,621800
05-05-2022,26.60035930822598,26.748359850535312,25.0907703374354,25.445968627929688,622200
06-05-2022,24.873702860276488,25.820897635497282,24.50863963835873,25.20916748046875,524200
09-05-2022,24.67637226095419,25.110503283507555,24.3014403245065,24.538240432739258,693400
10-05-2022,24.982235779778655,25.149968087825396,23.403579094969007,24.104108810424805,661800
11-05-2022,24.449440166183415,24.62703741944158,22.574784301154786,22.653717041015625,552400
12-05-2022,22.633985045673246,24.054774349245076,22.525451823713823,23.482511520385742,733000
13-05-2022,23.84757924577118,24.78490727250801,23.768646497975826,24.548107147216797,690400
16-05-2022,24.548106105033934,24.784906220271864,23.985710065630258,24.1534423828125,347100
17-05-2022,24.93290468007856,25.209168342456238,24.34090816056131,24.814504623413086,452600
18-05-2022,23.916643696341204,24.173175581401,23.018783039584427,23.225982666015625,646100
19-05-2022,22.82144916662059,23.2457133457065,22.38732004179752,22.831315994262695,552400
20-05-2022,23.186515779949904,23.452914498015055,21.834790414952888,22.54518699645996,554600
23-05-2022,22.693186689171128,22.693186689171128,21.8545250655816,22.29852294921875,486500
24-05-2022,21.864390259284306,22.130788969545115,20.12786805144701,20.50279998779297,914000
25-05-2022,20.433730430664866,22.54518439286695,20.35479769538006,22.278785705566406,562500
26-05-2022,22.762251844543904,24.183043142597146,22.673452270796506,23.8081111907959,530500
27-05-2022,23.768645835925696,24.78490658215103,23.768645835925696,24.60730743408203,517500
31-05-2022,24.40010451873669,25.021701453369605,23.77850946600862,24.7257022857666,868700
01-06-2022,25.16970314241751,25.63343278130945,24.3409083838708,24.794771194458008,534400
02-06-2022,25.228899733181134,26.245160365117986,25.149966996461128,25.978761672973633,578000
03-06-2022,25.93929851348285,26.50169454702224,25.633432485283667,26.432628631591797,514800
06-06-2022,26.452357618198022,27.014753592465304,25.949160724931282,26.99502182006836,732000
07-06-2022,27.133152929649462,27.744883023737856,26.383291022856028,26.728622436523438,1013900
08-06-2022,26.353692903450867,26.353692903450867,25.42623367518174,25.55449867248535,721900
09-06-2022,25.44596747128298,25.80116386372674,25.1302346263591,25.21903419494629,511000
10-06-2022,24.577704998141897,25.159834656431332,24.31130629718132,24.449440002441406,491600
13-06-2022,23.49237962672952,23.61077968275764,22.298521647812436,22.407052993774414,854300
14-06-2022,22.40705234256536,22.860917015260082,21.91372224027827,22.140655517578125,479200
15-06-2022,23.00891460142197,23.00891460142197,21.43025797100828,21.90385627746582,908500
16-06-2022,21.134260423585282,21.134260423585282,19.871334757965272,20.46333122253418,941600
17-06-2022,20.414000026908493,21.0553287793329,20.266001373565164,20.857995986938477,1036900
21-06-2022,21.50918985742777,21.617723072808,20.907328464085637,21.163860321044922,531900
22-06-2022,20.759331764563846,21.2329282146842,20.53239848554763,20.996129989624023,565500
23-06-2022,21.134259949550643,21.50918996895529,20.976394480127126,21.479591369628906,463000
24-06-2022,21.60785880851936,22.49585264521645,21.60785880851936,21.755857467651367,623900
27-06-2022,21.953191099328784,22.140657078346372,21.33159595466694,21.686792373657227,314400
28-06-2022,21.884121756793196,22.298519082357448,21.144126666993092,21.163860321044922,371000
29-06-2022,21.144129987265433,21.144129987265433,20.295601548840292,20.562000274658203,654800
30-06-2022,20.127868731415393,20.295601049256565,19.664139091221596,19.96013641357422,620100
01-07-2022,20.039067906275523,20.118000646098128,19.210273197185682,19.743070602416992,491400
05-07-2022,19.269473142019148,20.196932315294518,19.12147261603033,20.157466888427734,588200
06-07-2022,19.950269630242353,20.236402006813034,19.25960858256,19.634538650512695,604400
07-07-2022,19.940403552510638,20.59160107509765,19.782538056703228,20.374534606933594,474200
08-07-2022,20.561998960088005,20.798797185041007,20.127867940055005,20.512666702270508,556400
11-07-2022,19.970001994168864,20.34493391975496,19.713470119269154,19.743070602416992,519700
12-07-2022,19.733204043806357,20.344934197202548,19.70360356025485,19.881202697753906,378900
13-07-2022,19.60493904555981,19.98973592220444,19.30893985575972,19.881202697753906,404600
14-07-2022,19.42733862661215,19.575337270797547,19.18067359233487,19.506271362304688,383500
15-07-2022,19.97000332168781,20.00947063517521,19.24974178768856,19.792404174804688,541600
18-07-2022,20.108134092600483,20.611331021546142,19.772671355208363,19.881202697753906,451100
19-07-2022,20.157468082262177,21.311860585534173,20.157468082262177,21.025728225708008,509600
20-07-2022,21.21319398382722,21.558525425061212,20.779062975364347,21.5289249420166,298400
21-07-2022,21.943322681864377,21.982789993286133,21.252661669128543,21.982789993286133,392800
22-07-2022,22.42678686729388,22.851051072804715,21.864390830000005,22.229455947875977,496400
25-07-2022,22.318254811222126,22.485987122446215,22.002521962755303,22.288654327392578,309200
26-07-2022,21.686790048603918,21.874256007523176,21.015860833023357,21.075061798095703,477100
27-07-2022,21.361194640970073,21.657193853494462,20.91719864504119,21.519060134887695,310700
28-07-2022,21.617723865916115,22.091320289106267,21.144127442725967,22.07158851623535,291500
29-07-2022,22.239322175596236,22.466253573656193,21.726258411535017,21.795324325561523,449600
01-08-2022,21.706524907666402,22.24918727759605,21.361193453208884,21.943323135375977,302400
02-08-2022,21.82492449733214,22.04198906429683,21.499326705932617,21.499326705932617,276000
03-08-2022,21.706523636826024,22.426785105845344,21.60785724391401,22.377452850341797,262500
04-08-2022,22.298520063826512,22.347852319222614,21.864389065102163,22.219587326049805,261500
05-08-2022,22.02225539462105,22.38732049718517,22.02225539462105,22.308387756347656,225400
08-08-2022,22.653718705375944,23.482513475758488,22.407053639950306,23.15691566467285,309700
09-08-2022,22.959583883302727,23.156914799124433,21.775590860752377,22.10118865966797,460900
10-08-2022,22.841183569258575,23.3246468481109,22.693184913594397,22.929983139038086,402800
11-08-2022,23.344381411743964,23.798246106254147,22.870784942441663,23.17664909362793,471300
12-08-2022,23.433180162526728,23.729177474975586,23.14704779617515,23.729177474975586,262300
15-08-2022,23.324647146787473,23.591045859537285,23.196382145410727,23.55158042907715,310200
16-08-2022,23.630512387550343,24.893436230835924,23.482511852998464,24.58757209777832,318000
17-08-2022,24.0843752681446,24.370507628706928,23.80810973538494,24.094242095947266,335900
18-08-2022,23.916642196747176,24.459306417161443,23.51211167926095,24.3211727142334,306700
19-08-2022,23.926510985461615,24.173176047167402,23.452914518643716,23.669979095458984,311600
22-08-2022,23.11744835016899,23.334512912580525,22.663583688156752,22.831315994262695,335400
23-08-2022,22.88065058438993,23.60091207934521,22.841183273041977,23.117448806762695,475900
24-08-2022,23.018781794308776,23.018781794308776,22.594517618196633,22.683317184448242,308500
25-08-2022,22.63398685179202,23.571312968011462,22.594519538146525,23.324647903442383,298000
26-08-2022,23.29504965213863,23.45291514529603,22.170255661010742,22.170255661010742,283700
29-08-2022,21.824923717278033,22.249186008194588,21.627590931159464,21.72625732421875,336000
30-08-2022,21.765723955000727,22.041989494451247,21.38092707090234,21.785457611083984,457800
31-08-2022,21.716390050236637,21.726256877530197,20.779062158302143,20.788928985595703,596600
01-09-2022,20.404134120019254,20.51266734892523,19.79240394151067,20.29560089111328,912500
02-09-2022,20.315334440155066,20.315334440155066,19.00307639959001,19.33854103088379,1047900
06-09-2022,19.55560661357228,20.01933815350612,18.83534505474948,19.575340270996094,988300
07-09-2022,19.555604234739416,19.555604234739416,18.026281726625577,18.480144500732422,2038700
08-09-2022,18.164414418454626,18.450546784290054,17.414552428777824,17.759883880615234,1401900
09-09-2022,17.878284892135024,18.49001320469973,17.878284892135024,18.322280883789062,805400
12-09-2022,18.60841280928241,19.151075190872984,17.79935171007971,17.878284454345703,1205500
13-09-2022,17.167886508821486,17.365219294746698,16.013494039540294,16.052961349487305,1152400
14-09-2022,16.043094525733803,16.043094525733803,15.036700704709876,15.727362632751465,1252900
15-09-2022,15.470832073310824,16.41802495196824,15.460965245586689,15.77669620513916,984300
16-09-2022,15.53989899237961,16.161494124036555,15.372166674011055,16.09242820739746,1424800
19-09-2022,15.964163604521017,16.940957054241352,15.964163604521017,16.862024307250977,895600
20-09-2022,16.64496006209355,17.217222959890968,16.546293655872237,16.83242416381836,961600
21-09-2022,16.911356213190096,17.118555845878408,16.368693824267776,16.408159255981445,765700
22-09-2022,16.388426577488605,16.408158351304966,15.668164139851728,15.678030967712402,673900
23-09-2022,15.283366852653435,15.539898740225446,15.026834965081424,15.470832824707031,809100
26-09-2022,15.283366207845567,15.599098110364386,14.780169282134864,14.878835678100586,619900
27-09-2022,14.98736903638095,15.273500476071092,14.60257213459743,14.868969917297363,614200
28-09-2022,14.898568939760624,15.391899024640743,14.849235743082119,15.155099868774414,601000
29-09-2022,14.730838082176122,14.898570402782678,14.346040239440047,14.868969917297363,516300
30-09-2022,14.651904838498801,15.253767241970833,14.17830743729665,14.750570297241211,762000
03-10-2022,15.125501146069363,15.342566658635612,14.849236547045736,15.086034774780273,754700
04-10-2022,15.539897721070325,16.05296146256602,15.539897721070325,16.043094635009766,674500
05-10-2022,15.559631705804179,16.05296180263826,15.243899803982675,16.01349449157715,491900
06-10-2022,15.944429320355155,16.329226211564716,15.727363804190448,16.11216163635254,422600
07-10-2022,15.756963822718552,16.08256067590457,15.391899657804224,15.668164253234863,451300
10-10-2022,15.697764703366824,15.904964338106007,15.145235480570854,15.431366920471191,414800
11-10-2022,15.46096595732486,16.20096113355565,15.303100470281361,15.796430587768555,571300
12-10-2022,15.77669697139075,15.855629715112519,15.451099168300324,15.470832824707031,477200
13-10-2022,15.155100450694741,16.062828857957467,14.760436744017468,15.99376106262207,682500
14-10-2022,16.191094403380212,16.348959891379252,15.618831538907425,15.70763111114502,391700
17-10-2022,16.023360679186705,16.61535714811751,15.964161596865093,16.5561580657959,459000
18-10-2022,17.1086877175393,17.345485935544435,16.862022671879167,17.000154495239258,494900
19-10-2022,16.704159266594683,16.931090685112434,16.477227848076932,16.82255744934082,499000
20-10-2022,16.832423467857666,17.473752258921795,16.38842748107716,16.408159255981445,457400
21-10-2022,16.49695691958604,17.10868703651082,16.427891010655234,17.059354782104492,390600
24-10-2022,17.19748595269089,17.355351419135282,16.674555418903346,17.276418685913086,459100
25-10-2022,17.23695421212623,18.460412719160747,17.23695421212623,18.322280883789062,473000
26-10-2022,18.292680601782592,18.855076602087017,17.85854959656841,18.30254554748535,477500
27-10-2022,18.588677154479516,18.8452090162434,18.3025448110835,18.529478073120117,573600
28-10-2022,18.716942571124253,19.141206741333008,18.03614841520802,19.141206741333008,538900
31-10-2022,19.00307566410797,19.466805280287353,18.71694330300017,19.2398738861084,513400
01-11-2022,19.535870780632017,19.812136308084984,19.10174165708371,19.437206268310547,532400
02-11-2022,19.299074083742763,19.427340970911654,18.34201431274414,18.34201431274414,618800
03-11-2022,18.312414455170366,18.450548175463638,17.72041790479891,17.967082977294922,783000
04-11-2022,18.450544059371477,18.934007267780274,17.976945795585237,18.63800811767578,704900
07-11-2022,18.864943664214945,18.884675437770703,18.194014433790056,18.60841178894043,595000
08-11-2022,18.81561002534928,19.141207821479995,18.35188040113433,18.726810455322266,419200
09-11-2022,18.539344987584073,18.598544069222086,17.335618408880276,17.384952545166016,658100
10-11-2022,18.480144031717387,19.52600513855099,18.36174586839218,19.170806884765625,915600
11-11-2022,19.239874552531415,20.5126671570133,19.239874552531415,20.47319984436035,881700
14-11-2022,20.226534116488715,20.65079830393937,19.910803153336126,20.20680046081543,702600
15-11-2022,20.887595904240587,21.371059162407864,20.70012994473738,20.907329559326172,1141200
16-11-2022,20.295601422987204,20.611332407818672,19.141208833506443,19.930538177490234,672100
17-11-2022,19.49640618512221,20.423867319430922,19.486539357087487,20.335067749023438,616000
18-11-2022,20.89746366483283,21.035595492789515,20.26600172913942,20.828397750854492,559200
21-11-2022,20.769196816148764,20.848129558236593,20.1081343954488,20.50279998779297,594800
22-11-2022,20.857995848772173,21.2526614309467,20.483065803992332,21.19346046447754,653800
23-11-2022,20.956663792186124,21.4006616639739,20.76919781499738,21.22306251525879,321900
25-11-2022,21.272391994372267,21.351324729935797,21.045460614865227,21.134260177612305,170500
28-11-2022,20.84812877380348,21.183593385530802,20.571865127843296,20.7297306060791,473400
29-11-2022,20.68039747674073,21.23292855942375,20.581732959459153,20.966529846191406,989200
30-11-2022,20.848129174839144,21.420392014928247,20.611330952930373,21.341459274291992,2075600
01-12-2022,13.398846413836013,13.438312787064222,11.464992243748725,11.810323715209961,13673300
02-12-2022,11.780721382479664,12.658849225316658,11.445257733113396,12.619382858276367,4908800
05-12-2022,12.34311967734609,12.875916162795075,11.96818867781495,12.096454620361328,2658400
06-12-2022,12.895647818211533,13.527110650937766,12.698315977032223,13.398844718933105,3251900
07-12-2022,13.319913112745224,13.803376399897742,13.15218079827149,13.625778198242188,1344700
08-12-2022,13.773777281779125,14.602572051606495,13.754043624901069,13.911910057067871,2828200
09-12-2022,13.744177319289669,13.911909633840201,13.171914460571095,13.221246719360352,1707700
12-12-2022,13.073247703859488,13.28044638435121,12.885782679106262,13.171914100646973,1585600
13-12-2022,13.734310010328706,14.178306910555854,13.724443182535271,14.069774627685547,2167200
14-12-2022,14.059907964297704,14.158574361480794,13.615911058878803,13.81324291229248,1003500
15-12-2022,13.536978799460524,13.79350974755514,13.250847366585637,13.369246482849121,1660500
16-12-2022,13.300178012063508,13.319911666189098,12.78711523717963,12.856181144714355,2953000
19-12-2022,13.043648624339925,13.260713199455624,12.856182651977923,13.132448196411133,1335100
20-12-2022,13.122580923146021,13.349512318785045,12.954848612911743,13.250846862792969,1428300
21-12-2022,13.408711763346975,13.477777673639954,12.925248509391214,12.974580764770508,830600
22-12-2022,12.836449361957985,12.846316189735951,12.560183829889857,12.777249336242676,1105200
23-12-2022,12.777249020847682,12.944981325122836,12.658849913292126,12.885782241821289,693700
27-12-2022,12.935115829854846,13.073248606706363,12.727917135053849,13.01404857635498,704200
28-12-2022,12.984447784897164,13.053513696214978,12.688449543466938,12.796982765197754,597300
29-12-2022,12.954847925861218,13.359378438165509,12.954847925861218,13.31004524230957,670900
30-12-2022,13.26071328912607,13.566578379333802,13.083115084735242,13.527112007141113,546600
03-01-2023,13.754042286423356,14.138840089525821,13.556710441608935,13.783642768859863,1001700
04-01-2023,13.951376259007285,14.415105898531658,13.92177577405272,14.247373580932617,944500
05-01-2023,14.050041042751806,14.2375070079598,13.64551051071165,13.902042388916016,621400
06-01-2023,14.040174501577443,14.592704639687302,13.951375872034397,14.523638725280762,620400
09-01-2023,14.56310467349201,14.839369264046029,14.16844003174807,14.720970153808594,701700
10-01-2023,14.701237005319316,15.342566717414666,14.444706061433694,15.322833061218262,779100
11-01-2023,15.411632072071725,15.48069798434395,15.293232962053994,15.451098442077637,540000
12-01-2023,15.5990979672322,15.697763421340111,15.06630150400154,15.214300155639648,873700
13-01-2023,15.07616743483727,15.54976481517876,14.967635152715411,15.37216567993164,666300
17-01-2023,15.243899811289655,15.332699379314752,15.076167503009467,15.20443344116211,489300
18-01-2023,15.32283300251481,15.776696742815595,15.086034774780273,15.086034774780273,538800
19-01-2023,14.839369699636226,15.056435211919442,14.651904671495615,15.007102012634277,463400
20-01-2023,15.046567892613579,15.391899335382424,14.908435127315544,15.37216567993164,364500
23-01-2023,15.401765636419652,15.99376120157893,15.293233351378577,15.983896255493164,857300
24-01-2023,15.816163923096278,15.895096665015888,15.500432014465332,15.500432014465332,504400
25-01-2023,15.263634190909585,15.717497939383092,15.086035046434398,15.70763111114502,721000
26-01-2023,15.845761800610026,16.161492753852304,15.70762997904276,15.885229110717773,318600
27-01-2023,15.826031033819556,16.161493781542458,15.786563721202128,16.122028350830078,276900
30-01-2023,16.05296146256602,16.289759678201357,15.737229567433106,16.043094635009766,463900
31-01-2023,16.12202549551813,16.704155080191057,15.944426384003718,16.69428825378418,605200
01-02-2023,16.625224564619696,17.088954176064007,16.43775860173584,16.99028778076172,542100
02-02-2023,17.088956183377405,17.38495540405312,16.694292437714974,16.82255744934082,648600
03-02-2023,16.437757379660017,17.059354306517942,16.34895781868031,16.773221969604492,618700
06-02-2023,16.56602541429873,16.615357670801142,16.210827145385487,16.34895896911621,449000
07-02-2023,16.309494018554688,16.388426760416145,15.964162567196425,16.309494018554688,477500
08-02-2023,15.954295272283717,16.023361184152982,14.612437758959187,14.730836868286133,876400
09-02-2023,15.056434907662101,15.352433156439103,14.720970288444997,14.79003620147705,781600
10-02-2023,14.691370676275668,15.026834352951543,14.375638773297654,14.957768440246582,602100
13-02-2023,14.967635426502252,15.549765099613872,14.740703089429628,15.510298728942871,431300
14-02-2023,15.441231658130684,15.697763534372893,15.234032979773897,15.608963966369629,647900
15-02-2023,15.411632464410433,16.033228513542056,15.362299265409034,15.983896255493164,574500
16-02-2023,15.895095461491184,16.131893669320426,15.51029766805434,15.924694061279297,528300
17-02-2023,15.934563698204478,16.339094276480548,15.707632277592088,16.329227447509766,462200
21-02-2023,16.0825621234809,16.09242895230108,15.401766931082392,15.549766540527344,909100
22-02-2023,15.579365331358282,16.05296274130707,15.401766185008418,15.934562683105469,633300
23-02-2023,15.895094957635958,16.161491756808857,15.589229909837744,16.131893157958984,439600
24-02-2023,15.835895467712465,16.023361432769857,15.68789681399557,16.00362777709961,470600
27-02-2023,16.27002641188454,16.27989323967658,16.03322819059057,16.17136001586914,402100
28-02-2023,16.17135938784144,16.54629130175818,16.17135938784144,16.388425827026367,604600
01-03-2023,16.319359931100838,16.595623571166595,16.023360754295503,16.062828063964844,449600
02-03-2023,15.983895142680792,16.753488853331834,15.786562360413669,16.566024780273438,430000
03-03-2023,16.70415847466707,16.990288970992726,16.506825670238616,16.891624450683594,522400
06-03-2023,16.921221148634796,16.94095480323659,15.835894610299453,15.914827346801758,573000
07-03-2023,15.944430192396464,16.704159070048174,15.934563363632853,16.358827590942383,610100
08-03-2023,16.309493039859262,16.309493039859262,15.934561127087381,16.230560302734375,434000
09-03-2023,16.250292362857955,16.260159190411105,15.559631371281995,15.638564109802246,574200
10-03-2023,15.53003194863792,15.974029809310357,15.342566917094857,15.628698348999023,689900
13-03-2023,15.204433212631407,15.441231429837476,14.730836778219274,14.819636344909668,830700
14-03-2023,15.421498925020549,15.658297145443104,15.016968396560562,15.125500679016113,809700
15-03-2023,14.375638973533116,15.312966926769107,14.346039430669059,15.263633728027344,1036300
16-03-2023,13.86257566710736,15.352432759353352,13.408711948308992,15.066301345825195,1072000
17-03-2023,14.898569915642094,15.243900433106433,14.799903515822269,14.829503059387207,1429500
20-03-2023,15.036700167848176,15.076166535442825,14.563103756712371,14.799901962280273,895800
21-03-2023,15.184700685150304,15.411632077526491,14.18817366595774,14.642037391662598,1233100
22-03-2023,14.494038276659651,14.819637016258634,14.188174134150554,14.198040962219238,1103100
23-03-2023,14.316440894764566,14.701237801919845,13.93164304665672,14.128974914550781,895500
24-03-2023,13.813242146964232,14.168439463429003,13.54684345390132,14.040173530578613,744900
27-03-2023,14.188173426512096,14.207906140712776,13.76390925024409,13.85270881652832,933200
28-03-2023,14.109242064712722,14.622304916381836,14.040175205889,14.622304916381836,1277200
29-03-2023,14.76043756250709,15.11563491821289,14.494038840013326,15.11563491821289,649500
30-03-2023,15.263633707380396,15.391899647554476,15.076167740605781,15.184700965881348,343800
31-03-2023,15.332698709160269,15.38203190490159,15.066300957681053,15.342565536499023,736500
03-04-2023,15.46096548846386,15.628697798599147,15.115634040314152,15.352433204650879,606100
04-04-2023,15.391899897500695,15.480698527414733,14.987368414558333,15.243900299072266,668100
05-04-2023,15.036701346172341,15.204433656831753,14.612438096521325,14.701236724853516,681800
06-04-2023,14.592703643652996,14.868968223375054,14.434838169526106,14.770302772521973,550900
10-04-2023,14.70123676789525,15.2932332708914,14.70123676789525,15.263633728027344,575500
11-04-2023,15.480698398503128,15.77669665194262,15.332699742259635,15.658297538757324,514400
12-04-2023,15.885230681101302,15.885230681101302,15.382033718911984,15.431366920471191,574700
13-04-2023,15.549764442710888,15.7668290017552,15.431365335699683,15.727362632751465,385700
14-04-2023,15.875362666673196,16.20096045530749,15.875362666673196,16.01349449157715,519900
17-04-2023,16.023361665276706,16.023361665276706,15.826030751425805,15.904963493347168,430700
18-04-2023,16.023362999081236,16.220695811263376,15.855630673297968,16.03322982788086,506600
19-04-2023,15.924695149191672,16.08256063186258,15.727363295853035,15.99376106262207,578200
20-04-2023,15.845762732770552,16.07269601543008,15.786563646031345,15.806297302246094,606900
21-04-2023,15.776696631496781,16.102294427572513,15.766829803506,15.983896255493164,373500
24-04-2023,15.954294781844826,16.2404252482082,15.77669565283761,16.230560302734375,470300
25-04-2023,15.944428540373575,15.944428540373575,15.046567916870117,15.046567916870117,681900
26-04-2023,15.046567713794827,15.490564605683524,15.046567713794827,15.145234107971191,506800
27-04-2023,15.303099168096455,15.372165077562837,14.947900911520906,15.342565536499023,411200
28-04-2023,15.263633900544297,15.520164843186398,15.22416752929532,15.490565299987793,477200
01-05-2023,15.539898292446157,15.875362914073586,15.530031464527115,15.589231491088867,515900
02-05-2023,15.470832077356832,15.480697964131066,14.612437825134696,14.967635154724121,417700
03-05-2023,14.928169440311082,15.135368126908425,14.671637553866274,14.750570297241211,426400
04-05-2023,14.62230382776835,14.701236568302532,14.296706037826725,14.553237915039062,523400
05-05-2023,14.908434809304874,15.589230852595165,14.908434809304874,15.480697631835938,351300
08-05-2023,15.599098432425253,16.15162856752642,15.520164749451508,15.983896255493164,460700
09-05-2023,15.806296010301642,16.09242647440816,15.530030491591136,15.914827346801758,369400
10-05-2023,16.200959578032514,16.29962596843758,15.727362221421595,15.924694061279297,323900
11-05-2023,15.964161251705141,16.29962584744938,15.776695299517513,16.26015853881836,356500
12-05-2023,16.368692995394227,16.585757563590477,15.904963375286556,15.99376106262207,302200
15-05-2023,16.13189338099089,16.575889307020738,16.112159726881607,16.43775749206543,375200
16-05-2023,16.694290080886873,16.694290080886873,15.816163135519998,16.052961349487305,303000
17-05-2023,16.052959592574684,16.704155080191057,15.826028230930584,16.69428825378418,310800
18-05-2023,16.674557663600588,17.118555523936084,16.63509223262913,17.07908821105957,316100
19-05-2023,17.05935710820129,17.05935710820129,15.88523085056714,16.22069549560547,418900
22-05-2023,16.260159223599345,16.56602523265643,16.24042556845277,16.52655792236328,310700
23-05-2023,16.52655932706248,17.20735543224505,16.437759753260185,16.891624450683594,350600
24-05-2023,17.098822400450985,17.197488803812544,16.457493601458513,16.714025497436523,435400
25-05-2023,16.773222622245072,16.940954923743718,16.358825282183997,16.5561580657959,358600
26-05-2023,16.60549163744802,17.13828906630439,16.60549163744802,17.08895492553711,238200
30-05-2023,17.23695485276267,17.365221746293702,16.694292437714974,16.82255744934082,408700
31-05-2023,16.615358646100322,16.743623649678558,15.727363862645602,15.865496635437012,798000
01-06-2023,15.865496388985301,16.082560961632417,15.618831332016061,15.806297302246094,401900
02-06-2023,16.22069463873077,16.733756525887724,16.22069463873077,16.615358352661133,443500
05-06-2023,16.36869280789994,16.437758720539225,16.013494535006494,16.17136001586914,560600
06-06-2023,17.759883529907828,20.7198641182258,17.523085308670986,20.700130462646484,2360500
07-06-2023,20.86786270826053,21.647325164145453,19.52600612530284,20.058801651000977,1210600
08-06-2023,20.137732953949257,20.246266169656852,19.614802411427462,20.01933479309082,533500
09-06-2023,20.34493373405237,20.700130119059487,19.822003161310164,19.920669555664062,464000
12-06-2023,19.91080325289394,19.97000233830481,19.53587132084677,19.713470458984375,521900
13-06-2023,19.61480573247809,19.920671777276766,19.417474803668302,19.733205795288086,442500
14-06-2023,19.8614676715835,20.167333668128904,19.397738086037847,19.67400360107422,502000
15-06-2023,19.486539063321878,19.80227002805318,19.437206805796983,19.713470458984375,441700
16-06-2023,19.822003088103422,19.999602220903544,19.062274300860658,19.279340744018555,1487400
20-06-2023,19.397740003851737,19.95026920664703,19.121474461501567,19.831871032714844,532000
21-06-2023,19.7628040774598,20.078535033868324,19.6641376831059,19.920669555664062,366900
22-06-2023,19.84173770819872,19.88120313857079,19.476672597255686,19.68387222290039,650700
23-06-2023,19.318806239632856,19.55560445688793,18.924142544207736,19.111608505249023,994200
26-06-2023,18.953742185143913,19.57533918621161,18.953742185143913,19.022809982299805,353600
27-06-2023,19.249741607703175,19.535872100191146,19.003076546428513,19.486539840698242,399100
28-06-2023,19.49640681735724,19.674005963931446,19.299074014073664,19.634538650512695,513200
29-06-2023,19.82200278408583,20.47319833976201,19.76280370136206,20.27586555480957,545200
30-06-2023,20.354797871955817,20.51266522579977,18.943875451738393,19.012941360473633,610900
03-07-2023,19.141206225340827,19.70360220067839,19.13133939817115,19.67400360107422,300400
05-07-2023,19.456937064047466,19.456937064047466,18.81560835665579,19.03267478942871,519600
06-07-2023,18.766276560129665,18.884674724612907,18.282813311029148,18.66761016845703,381400
07-07-2023,18.647878614254957,18.84521141982796,18.460412637151112,18.490013122558594,516200
10-07-2023,18.638010233444454,19.269474029541016,18.539345720780727,19.269474029541016,352200
11-07-2023,19.44707237419027,19.861469749139328,19.27934194047535,19.822004318237305,358900
12-07-2023,20.236398688532063,20.236398688532063,19.792400894901476,19.91080093383789,532900
13-07-2023,20.009468886981356,20.009468886981356,19.575337886074703,19.614803314208984,315700
14-07-2023,19.71346969045493,19.950267904771827,19.289205517422804,19.940401077270508,467500
17-07-2023,19.881202426630313,20.147601129245967,19.437206470842515,19.743070602416992,506000
18-07-2023,19.8121371157823,20.315334053136787,19.73320437356424,20.177202224731445,377300
19-07-2023,20.266000907554968,20.611330463447,19.95026807060307,20.413999557495117,477900
20-07-2023,20.38439876010303,20.621196972733166,20.157467374903927,20.601463317871094,303700
21-07-2023,20.719862141078327,20.719862141078327,19.743068865970354,19.891067504882812,388900
24-07-2023,20.078534490106644,20.364664955888603,19.91080218881898,20.127866744995117,324500
25-07-2023,20.0390682220459,20.384399669925802,19.841737310332377,20.0390682220459,205600
26-07-2023,19.989737104589217,20.45346674956229,19.940402962418613,20.266002655029297,240900
27-07-2023,20.295601199280444,20.532399435293957,19.979870217929097,20.108135223388672,295600
28-07-2023,20.30546667398685,20.522531238718646,20.157468021583128,20.3843994140625,223900
31-07-2023,20.374533898058374,20.532399388373292,20.039069260662895,20.433732986450195,340800
01-08-2023,20.325199454757403,20.660664056117948,20.167333981400073,20.621196746826172,379900
02-08-2023,20.344934397114617,20.433732084831696,19.920670204899107,20.18706703186035,385500
03-08-2023,20.157468423888506,20.552132132143505,19.891069715102006,20.512666702270508,368400
04-08-2023,20.532397658506984,20.996129143904373,20.463331747551187,20.58173179626465,260300
07-08-2023,20.75933113473604,20.936928386714204,20.581732000852924,20.887596130371094,317200
08-08-2023,20.542265108335243,21.20332751907373,20.473199195287265,21.17372703552246,341100
09-08-2023,21.21319580078125,21.262528061509393,20.690265180299406,21.21319580078125,635700
10-08-2023,21.479593121580827,22.170254136165276,21.1539953290998,21.331594467163086,669200
11-08-2023,21.18359475742307,21.449993474912862,20.680397807244038,21.420392990112305,313900
14-08-2023,21.390792340871815,21.390792340871815,20.216666236109905,20.621196746826172,1126600
15-08-2023,20.492932724778615,20.877729599050358,20.433731758040672,20.700130462646484,548300
16-08-2023,20.739597455090784,21.025727928973843,20.38439918774152,20.404132843017578,274400
17-08-2023,20.53239840924124,20.690263892028,20.2857333571488,20.354799270629883,264900
18-08-2023,20.078535793356497,20.56199907388259,19.8614693411862,20.50279998779297,254000
21-08-2023,20.522532065732698,20.561999378313455,19.812137376424467,19.831871032714844,280500
22-08-2023,19.634539242328074,19.910804798871137,18.924144516523945,18.943878173828125,374000
23-08-2023,18.904409295211096,19.003075691663927,18.588678332086022,18.914276123046875,198400
24-08-2023,18.84521182471761,18.99321049112456,18.450548086997347,18.6182804107666,286800
25-08-2023,18.746543568226876,19.082008182631757,18.22361299120634,18.450546264648438,248300
28-08-2023,18.65774415930058,19.042541033603026,18.47027819509209,18.59854507446289,186500
29-08-2023,18.628143761524164,19.06227477677363,18.568944676414457,18.914276123046875,156400
30-08-2023,19.012944207753492,19.71347210915248,18.874810487691956,19.575340270996094,368300
31-08-2023,19.575338250431546,19.90093603669568,19.427339598839662,19.585205078125,221000
01-09-2023,19.654270855480018,20.24626733969847,19.654270855480018,19.920669555664062,244500
05-09-2023,19.713469559266816,19.713469559266816,19.012941748479268,19.141206741333008,430900
06-09-2023,19.111607385878525,19.269472854802363,18.74654231280163,19.042539596557617,408700
07-09-2023,22.880651760832116,24.143575678421932,20.798798027810662,23.660112380981445,1777600
08-09-2023,23.679844147435713,23.906775535524787,23.048382239047005,23.33451271057129,1218300
11-09-2023,23.63051254985093,24.025176253588327,23.166781051292624,23.926509857177734,1212200
12-09-2023,24.064642810074545,24.281709268725137,23.660112259559444,24.1534423828125,786900
13-09-2023,24.24224074917727,24.370507628706928,23.50224560112226,24.094242095947266,645100
14-09-2023,24.202774595934123,24.59743828671088,23.867309988297652,24.47903823852539,622100
15-09-2023,24.479040835403186,25.643300258134655,24.222508938707684,24.903305053710938,2989700
18-09-2023,24.863835644029372,24.903301070028178,23.74890866051457,24.75530242919922,683500
19-09-2023,24.80463650335157,24.844103814152923,24.340906892865448,24.439573287963867,494600
20-09-2023,24.656639694365598,24.81450518555913,24.360642368854,24.60730743408203,557400
21-09-2023,24.40010623020994,24.50863945413427,23.906776131506604,24.094242095947266,727000
22-09-2023,24.123843903638402,24.252108908304212,23.600913292820692,23.660112380981445,484800
25-09-2023,23.52197939546254,23.91664310037198,23.373980741359624,23.758777618408203,371300
26-09-2023,23.541712670143372,23.99557545296686,23.531845842442213,23.630512237548828,529000
27-09-2023,23.877178718210036,24.281709268725137,23.650245431265773,24.1534423828125,506500
28-09-2023,24.400106359101873,24.686238721175673,24.28170818865443,24.567838668823242,653700
29-09-2023,24.834237146158156,25.021703109860223,24.49877252980918,24.58757209777832,1321200
02-10-2023,24.66650623403076,24.824371723376153,24.3606420836622,24.469173431396484,663400
03-10-2023,24.390239287736915,24.548104768027383,23.87717741774538,24.104108810424805,566400
04-10-2023,23.926507250710273,24.173172273913472,23.630509975628346,23.985706329345703,559500
05-10-2023,24.00544141269239,24.173173713737377,23.107580825305966,23.216114044189453,417100
06-10-2023,23.24571200012033,23.34437838892513,22.84118149973503,23.107580184936523,429700
09-10-2023,23.077980553282067,23.531845205730086,22.77211643044193,23.5219783782959,404400
10-10-2023,23.47264729094716,24.123842878765405,23.423313151321537,23.906776428222656,297100
11-10-2023,23.817976205878743,24.459306830096054,23.73904346654653,24.449440002441406,469800
12-10-2023,24.577703364261488,24.577703364261488,23.43317777907786,23.610776901245117,447000
13-10-2023,23.591045598998537,23.610779254963187,22.91024952345827,23.087848663330078,428800
16-10-2023,23.304914980030038,23.99557599764378,23.304914980030038,23.906776428222656,359800
17-10-2023,23.768643395820256,25.682764632418206,23.768643395820256,25.307832717895508,655200
18-10-2023,24.972370400851,25.22890229168253,24.804638083072884,24.952638626098633,331800
19-10-2023,25.001970328039544,25.140102157749748,24.538240698365964,24.676372528076172,324000
20-10-2023,24.67637015008786,24.686236977245613,24.16330642931375,24.39023780822754,313600
23-10-2023,24.271839705367157,24.74543611866582,23.936375108804388,24.222505569458008,508200
24-10-2023,24.252109424370474,25.05130371821466,24.252109424370474,24.903305053710938,416700
25-10-2023,24.784906957877954,25.189437520432005,24.577707321354712,24.735572814941406,543400
26-10-2023,24.794770063768333,25.051301942277778,24.331040446023366,24.567838668823242,324600
27-10-2023,24.49877278457303,24.63690461089259,24.015309510549592,24.24224090576172,319400
30-10-2023,24.646772931391006,25.02170488540031,24.488907439778174,24.923038482666016,419500
31-10-2023,24.863837914304654,25.386766618441712,24.765171517441342,25.20916748046875,413800
01-11-2023,25.16970283386424,25.26836923379694,24.42970765722658,24.982236862182617,469600
02-11-2023,25.209168465398513,26.52142651380738,25.14010254946727,26.255029678344727,926800
03-11-2023,26.955556601181407,27.133155739856175,26.442492840988745,26.817424774169922,634600
06-11-2023,26.787823200980398,27.034488243129214,26.501692730678332,26.74835777282715,383300
07-11-2023,26.708890780589435,27.054222220088008,26.4720925631374,27.044355392456055,325600
08-11-2023,27.123287296366165,27.123287296366165,25.949161190989297,25.978761672973633,469200
09-11-2023,26.116896716347927,26.255030434091644,25.357169737330537,25.386768341064453,386600
10-11-2023,25.43609871346218,25.929428776223553,25.169700027913876,25.870227813720703,396400
13-11-2023,25.712364531771836,26.146495550870636,25.31770082436611,26.008363723754883,401600
14-11-2023,27.103554500777825,27.52781867980957,26.84702262783061,27.52781867980957,514300
15-11-2023,27.547553789894888,28.07048439104646,27.064090501391,27.083824157714844,820200
16-11-2023,27.310754506454682,27.310754506454682,26.333961138956095,26.847023010253906,496200
17-11-2023,27.20222094032905,27.922482422159227,27.04435546162394,27.685684204101562,421400
20-11-2023,27.646220335586573,28.327014545208485,27.458754363330296,28.198749542236328,441700
21-11-2023,27.96195173959475,28.109950401264413,27.34035472591503,27.517953872680664,336400
22-11-2023,27.665953512186483,28.188882225124694,27.221955659781376,27.27128791809082,334700
24-11-2023,27.399555092168217,28.011283382093858,27.182488636725854,27.892885208129883,139700
27-11-2023,27.823816465883255,28.129680579767896,27.369951826724087,27.97181510925293,557200
28-11-2023,27.932349943417982,28.45528053080439,27.55741989265952,28.435546875,506500
29-11-2023,28.919010266170773,29.47154133946849,28.415813332580893,28.42568016052246,662000
30-11-2023,28.297415638892467,28.583546126409182,27.53768681170888,28.386215209960938,570200
01-12-2023,28.169149782685054,28.800613631301232,27.873152456265515,28.780879974365234,648500
04-12-2023,28.632881518557546,29.530742214692914,28.632881518557546,29.244609832763672,762800
05-12-2023,30.66539802537245,31.39552632574978,27.626484775359142,28.849943161010742,1330300
06-12-2023,29.244608177395857,29.76753876895693,28.346747532083178,28.415813446044922,752800
07-12-2023,28.71181124122754,29.935269622698254,28.69207758622682,29.66887092590332,679900
08-12-2023,29.747805181142596,31.356062389528923,29.688606095026202,31.31659507751465,759000
11-12-2023,31.54352738628175,32.5795217736968,31.109398233025132,32.530189514160156,809200
12-12-2023,32.46112460375222,33.44778488029411,32.16512350974145,33.40831756591797,864400
13-12-2023,33.230719921756766,33.86218192516519,32.8557879458041,33.280052185058594,744000
14-12-2023,33.82270723713986,34.58243597059399,33.06297850368573,34.55283737182617,848900
15-12-2023,34.73043579954177,35.20403218943163,34.28643800782956,34.9376335144043,3624700
18-12-2023,35.01657106414514,35.01657106414514,33.388580279294246,33.714176177978516,953400
19-12-2023,33.960840294079546,34.58243723764547,33.81284353100845,34.444305419921875,644400
20-12-2023,34.089109823735136,34.18777810395024,32.85578454962163,32.92485046386719,638600
21-12-2023,33.29977843409332,33.42804530118762,32.747247422141356,33.260311126708984,552000
22-12-2023,32.8459174382872,33.41817837057094,32.342718651886365,33.1123161315918,458800
26-12-2023,33.45764863668611,33.55631315530608,33.112319057706074,33.506980895996094,409300
27-12-2023,33.66484209924538,33.76351036911707,33.043248936197095,33.546443939208984,364100
28-12-2023,33.50697626903424,33.59577582905398,33.082712122696556,33.57604217529297,384300
29-12-2023,33.41818109691969,33.60564895035955,33.12218377925845,33.52671432495117,501800
02-01-2024,33.161652435459374,33.3984487936578,32.62885498379755,33.092586517333984,680400
03-01-2024,32.61898722288246,32.796586358113814,31.80005745889235,31.878992080688477,697000
04-01-2024,31.88885707004413,31.88885707004413,31.405393802312606,31.711257934570312,463800
05-01-2024,31.632327286187994,32.007255451287314,31.069929392824076,31.20806121826172,530400
08-01-2024,31.395527699104484,32.09605554752322,31.20806173156644,31.652061462402344,573700
09-01-2024,31.168596040888968,31.365928834742046,30.84299824836488,31.188329696655273,635900
10-01-2024,31.22779520948983,31.780324399083685,30.961396501649844,31.504060745239258,458000
11-01-2024,31.14886122264556,31.36592766416402,30.507532489414963,30.961395263671875,552000
12-01-2024,31.36592876328548,31.504060589524954,30.78379909284057,31.356061935424805,464000
16-01-2024,30.083268625383113,30.91206332611648,29.244607097033285,30.7739315032959,795000
17-01-2024,30.260868526066325,30.625933629513465,29.698472511000585,30.22140121459961,604800
18-01-2024,30.162204943545433,30.201672258694586,29.274211053646283,29.98460578918457,558200
19-01-2024,30.043804851852038,30.22140211301686,29.05714461871279,29.501140594482422,716100
22-01-2024,29.787270036550765,30.191800541809677,29.530738175329653,30.073400497436523,547100
23-01-2024,30.408867622619304,30.694999989200422,29.94513799756941,30.024070739746094,547200
24-01-2024,30.448335473561094,30.448335473561094,29.461675237937264,29.816871643066406,555300
25-01-2024,30.19180324463875,30.389134160386302,29.8662054458455,30.32993507385254,384400
26-01-2024,30.6752664536936,30.84299876671615,30.142469030479017,30.49766731262207,375900
29-01-2024,30.398999340265814,31.138994468483904,30.398999340265814,31.1192626953125,519700
30-01-2024,30.95153181112906,31.375794123307138,30.783799499094,31.158729553222656,562700
31-01-2024,31.010731111650003,31.36592939415857,29.65900577802964,29.68860626220703,652000
01-02-2024,29.856338655897947,30.566733340925353,29.66887268607911,30.48780059814453,546000
02-02-2024,29.895803181410198,29.895803181410198,29.33340717088205,29.757671356201172,445100
05-02-2024,28.652614662106046,29.402474798615025,27.90275264369198,28.968345642089844,665400
06-02-2024,28.761145922339765,29.659006599637646,28.761145922339765,29.61954116821289,426700
07-02-2024,29.836605339315806,29.836605339315806,29.067009677014752,29.491273880004883,371200
08-02-2024,29.71820672000829,31.00086425607633,29.550474406962007,30.981130599975586,450100
09-02-2024,30.990996652301856,31.395527182716357,30.54699881067376,31.20806121826172,489800
12-02-2024,31.19819730816316,31.9677929652346,31.19819730816316,31.444862365722656,511200
13-02-2024,29.787272051696032,30.59633311694782,29.728071084552006,30.546998977661133,542000
14-02-2024,30.88246300244108,31.26726175384665,30.191802002873445,30.92193031311035,325800
15-02-2024,31.069929767522726,31.888857666031267,30.892330628729667,31.66192626953125,465300
16-02-2024,31.34619590274788,31.602725906013077,30.941665359723096,31.28699493408203,313800
20-02-2024,30.82326371894082,31.454725630324464,30.58646550217195,31.425127029418945,418000
21-02-2024,31.513924982144374,32.95444974610146,31.42512542016528,32.214454650878906,915100
22-02-2024,32.47098750640176,32.776853527847265,32.0269896571454,32.29338836669922,453500
23-02-2024,32.421660802564546,32.80645774990256,32.10592978096357,32.78672409057617,396200
26-02-2024,32.54992443093595,34.020046146619606,32.31312430665796,33.062984466552734,1109500
27-02-2024,33.46750957567928,33.70430966134734,32.74724813732804,33.201114654541016,475700
28-02-2024,32.39205694537133,32.65845189357366,29.92540450462207,31.622459411621094,1102100
29-02-2024,32.12565552280053,32.91498288227025,31.790190924549677,32.8261833190918,650500
01-03-2024,33.05311506625167,33.05311506625167,32.34271855294594,32.79658508300781,452600
04-03-2024,30.546998007706954,31.020596320296114,28.39608041453983,29.333406448364258,1324300
05-03-2024,28.80060991997544,29.68860366670984,28.80060991997544,29.096607208251953,517400
06-03-2024,29.28407538216061,29.560339036996652,28.534213395496348,28.909143447875977,501200
07-03-2024,28.919009684450703,29.353140695621864,28.889411083126397,29.284074783325195,464700
08-03-2024,29.363008688511407,29.895804234445272,28.849944916941727,29.185409545898438,464500
11-03-2024,29.195275398417202,29.441940447824646,28.494745679509478,29.106475830078125,696700
12-03-2024,29.11634010971386,30.093133394052902,29.11634010971386,29.974733352661133,602900
13-03-2024,29.6984740949971,30.458202944107292,29.6984740949971,29.925405502319336,932800
14-03-2024,25.32756784104149,26.70889176820826,24.232374398161863,26.314228057861328,2269300
15-03-2024,26.07742778526246,26.225426429790442,24.488904358630133,25.84062957763672,3754100
18-03-2024,25.82089798244987,26.55102631800104,25.169702389068966,25.988630294799805,1254700
19-03-2024,25.949160833278967,27.083821495606927,25.801162189207236,26.98515510559082,519000
20-03-2024,26.925958130461744,27.971817429866785,26.827291732728057,27.774484634399414,583400
21-03-2024,27.774484154633953,28.45528021714107,27.685684586398025,28.139549255371094,542700
22-03-2024,27.971815125149142,28.14941425005562,26.94568768431386,26.99502182006836,534500
25-03-2024,26.965422427821593,27.182486988194636,26.629957818760115,27.064088821411133,667000
26-03-2024,27.616619666169324,27.873151552302303,27.310755521201365,27.409421920776367,480600
27-03-2024,27.725152424522484,28.583545757911303,27.37982097280876,28.415813446044922,523500
28-03-2024,28.682213538908673,28.87954634423359,28.30728346707746,28.623014450073242,555500
01-04-2024,28.74141057983176,28.74141057983176,28.080348175572627,28.149415969848633,514200
02-04-2024,27.271286873958875,27.458752835786328,26.79769043746263,27.36008644104004,774200
03-04-2024,26.866756080925434,27.636351693975456,26.866756080925434,27.221954345703125,491000
04-04-2024,27.804084621018667,28.169147839627684,27.626485484655372,27.656085968017578,670100
05-04-2024,27.014755707983664,28.07048371294542,26.955556622347256,27.784351348876953,598800
08-04-2024,28.021147702032604,28.4848791739466,27.744884066242015,27.942214965820312,451200
09-04-2024,28.267815113961888,28.40594882537277,27.379821286457776,27.74488639831543,378000
10-04-2024,26.92595785656342,27.537686128860585,26.442492700776807,27.152889251708984,695300
11-04-2024,27.419287226893367,27.58701765038368,26.768089778608037,27.53768539428711,480800
12-04-2024,27.261421458303044,27.350221029983597,26.432628592459647,26.75822639465332,331600
15-04-2024,26.787824997276804,27.014756399613745,26.42276176428347,26.75822639465332,586800
16-04-2024,26.649693422443193,27.517953609326135,26.363561048302465,27.37982177734375,425200
17-04-2024,27.754749647348195,27.833682385368512,26.738490880574737,26.91609001159668,417500
18-04-2024,27.093688772393463,27.340353827707627,26.62995914588864,26.787824630737305,286600
19-04-2024,26.69902506493814,27.350220660528947,26.69902506493814,27.27128791809082,337600
22-04-2024,27.37981882997042,27.833681590143883,27.23182018564885,27.468618392944336,270700
23-04-2024,27.62648620008594,28.741411422265482,27.508086145475932,28.563814163208008,627400
24-04-2024,28.603278296499955,28.84007651307767,28.32701276954015,28.672344207763672,417100
25-04-2024,28.25794956954543,28.31715054079873,27.36995570170231,28.11981773376465,418400
26-04-2024,28.425680908262535,28.751278711279102,28.01128353334099,28.040884017944336,352300
29-04-2024,28.35661386460952,28.59341208630024,28.12968247072737,28.297414779663086,347700
30-04-2024,28.070483827600473,28.169148343429146,27.695551892593468,27.774484634399414,328400
01-05-2024,27.626486381308524,28.465147951407825,27.330489065699375,27.902751922607422,313700
02-05-2024,28.26781639808765,28.56381560863877,28.060618644416472,28.11981773376465,356400
03-05-2024,28.978209957773494,29.432072731669834,28.139548438720567,28.208614349365234,420600
06-05-2024,28.356615029850545,28.57367960484383,28.179015885808287,28.198749542236328,362200
07-05-2024,28.42568113899325,28.632880769088388,28.011283760708054,28.021150588989258,375700
08-05-2024,27.695552639327992,27.813952696181747,27.300888919657236,27.38968849182129,350800
09-05-2024,27.34035456958709,27.952084751403707,27.09368950757968,27.853418350219727,381000
10-05-2024,28.09021556024548,28.09021556024548,27.399554540937064,27.616619110107422,313700
13-05-2024,27.902751630075652,28.12968302845719,27.636352919677314,27.764617919921875,319700
14-05-2024,28.287548733448094,28.465147875099493,27.794218620818658,28.070484161376953,301900
15-05-2024,28.3664820512111,28.44541479555566,27.67581912676741,28.021150588989258,284800
16-05-2024,28.10007967726393,28.1395469852537,27.705416006890385,27.843547821044922,256700
17-05-2024,27.98168501227995,28.060617756214103,27.291022091427333,27.38968849182129,277500
20-05-2024,27.310754506454682,27.369953591238087,26.718758012905695,26.847023010253906,409500
21-05-2024,26.787824372265128,27.152889478645836,26.60035840510179,27.133155822753906,387500
22-05-2024,26.965422677615845,27.59688459139056,26.965422677615845,27.52781867980957,597000
23-05-2024,27.69555353580169,27.764619453741524,27.24169071396556,27.636354446411133,560200
24-05-2024,27.952083599222377,28.524346444214768,27.843550374203218,28.435546875,410100
28-05-2024,28.771010809701927,29.432073208138974,28.613145330842777,29.303808212280273,483500
29-05-2024,28.928877176721535,29.26434180007274,28.32701384390231,28.741411209106445,515600
30-05-2024,28.810476470199582,29.22487379894577,28.386212314351717,28.95847511291504,512600
31-05-2024,28.859811855853426,29.737938862249266,28.563814538299,29.659006118774414,588400
03-06-2024,29.698473563196618,30.63579966087999,29.698473563196618,30.61606788635254,621500
04-06-2024,30.6160677865961,31.089664248002794,30.16220309965257,30.300334930419922,528800
05-06-2024,30.300335659024107,31.040330853480437,29.678740523719032,30.882465362548828,867700
06-06-2024,29.895802735108152,30.004335957240695,26.185962110181478,26.71875762939453,1412800
07-06-2024,26.649692494133518,26.787824321304246,26.047829163909626,26.4918270111084,1088700
10-06-2024,26.264895614497917,26.886490718671197,25.889963680884506,26.4918270111084,861500
11-06-2024,26.245163179545173,26.82729288099483,25.959030802060894,26.708892822265625,587300
12-06-2024,27.557420228211967,27.606752486418642,25.56436613341991,25.66303253173828,576000
13-06-2024,25.732096971205237,25.98862883936838,25.159834152042816,25.949161529541016,838700
14-06-2024,25.88996348711645,26.432627727620716,25.75183166097954,26.185962677001953,550400
17-06-2024,26.2352930665928,27.55741779433564,26.05769394168632,26.99502182006836,848400
18-06-2024,26.9752891427112,27.113420964016704,26.40302632056779,27.073955535888672,667800
20-06-2024,26.896357588247223,27.38968769394089,26.304361085033825,26.64969253540039,795300
21-06-2024,26.649692294155372,27.488353842623663,26.343828158327522,27.478487014770508,2756500
24-06-2024,27.626485277648037,28.228348594834955,27.093687872550444,27.833683013916016,630900
25-06-2024,27.606750998798216,27.843549212859166,26.59049223202476,26.91609001159668,541700
26-06-2024,26.71875871635414,27.004891083832984,26.472093661039978,26.787824630737305,940600
27-06-2024,26.541157810409853,26.797689676705563,26.14649412453372,26.45235824584961,874800
28-06-2024,26.787825567450064,26.95555788620514,26.491828243484687,26.708892822265625,1197100
01-07-2024,26.916091548639216,26.916091548639216,25.76169901297997,26.46222686767578,655400
02-07-2024,26.59049283866489,26.669425578485992,26.16622865641211,26.215560913085938,428900
03-07-2024,26.166225994521945,26.225425072889205,25.77156233556557,26.116891860961914,263300
05-07-2024,26.107029476128098,26.304362280133088,25.84063263719798,26.22542953491211,475700
08-07-2024,26.472092512751225,26.57075890697801,25.93929699497449,26.077428817749023,574400
09-07-2024,26.037961781319925,26.472092791343613,25.386766207236874,25.4064998626709,513300
10-07-2024,25.48543376701423,25.801164740765515,24.9033040784459,25.791297912597656,853600
11-07-2024,26.52142584030713,27.064090089524175,26.29449444175156,26.47209358215332,735300
12-07-2024,26.659558729312593,26.738491469070162,25.475565751044076,25.732097625732422,641700
15-07-2024,25.811031682754223,26.107029001475077,25.62356571054832,25.781431198120117,808500
16-07-2024,26.00836315331182,26.590492814681756,25.830764018398284,26.54115867614746,588200
17-07-2024,26.373426620740013,27.0147553725692,26.067562486527013,26.19582748413086,701300
18-07-2024,26.225426005265007,26.68915558578733,25.682763690145165,25.71236228942871,503500
19-07-2024,25.820897777765072,25.99849691671657,25.14996853368387,25.199302673339844,480800
22-07-2024,25.475566237142356,26.46222644389089,25.110503014512197,26.176095962524414,642500
23-07-2024,25.968896200142147,26.965423229400056,25.899830287147886,26.511560440063477,637700
24-07-2024,26.343826756494217,26.560891311998013,25.87022845426929,25.978761672973633,388500
25-07-2024,26.028093772025528,26.047827426563718,25.297965491256424,25.505165100097656,507200
26-07-2024,26.057696400653466,26.55102651332302,25.88009725898762,26.29449462890625,454300
29-07-2024,26.34382850900794,26.817424960833808,26.225428455098964,26.63982582092285,458700
30-07-2024,26.768092279069247,27.123290578240134,26.264897197783977,26.67929458618164,349300
31-07-2024,26.925957270206066,28.060616103129785,26.679292224705044,27.202220916748047,356700
01-08-2024,27.202221994012255,27.26142108034352,26.05769628811432,26.30436134338379,314100
02-08-2024,25.031570008767606,25.505166451345733,24.321173462995436,24.41983985900879,405000
05-08-2024,22.614252257386205,23.87717801310503,20.38439994030243,23.729177474975586,528500
06-08-2024,23.72917817571006,24.4099742727327,23.166782136306384,24.1534423828125,371400
07-08-2024,24.7651707435464,24.952636703538005,23.669977348207194,23.817975997924805,403100
08-08-2024,24.41983881752371,24.814502502840085,23.86730965808079,24.508638381958008,321900
09-08-2024,24.538242200409385,24.844106362878236,24.01531157007445,24.548107147216797,221100
12-08-2024,24.52837485191801,24.705974001170354,24.123844292801053,24.27184295654297,304300
13-08-2024,24.597439746624367,25.08090303175864,24.360641518103805,24.51850700378418,346100
14-08-2024,24.6467725419575,24.755305771440845,24.252108819161336,24.311307907104492,370300
15-08-2024,25.02170335450097,25.4163670593864,24.69610556273237,25.051301956176758,334600
16-08-2024,25.071033421393395,25.41636483871025,24.93290160722858,25.238765716552734,227400
19-08-2024,25.47556604516069,25.643298354320123,25.24863465097586,25.544631958007812,307400
20-08-2024,25.63343271955272,25.72223229217629,25.317701742182273,25.445968627929688,290200
21-08-2024,25.850496292114258,26.462224522003204,25.811028983396334,25.850496292114258,475000
22-08-2024,25.712364338487653,25.84063121862094,25.31770063404868,25.37689971923828,360700
23-08-2024,25.702497521712797,26.294494019578817,25.593966179135933,26.185962677001953,351000
26-08-2024,26.511560168653304,26.610224682260757,25.998496417512676,26.047828674316406,359800
27-08-2024,25.99849771726577,26.08729728947585,25.732099000635543,25.939298629760742,248400
28-08-2024,25.850499177923705,25.949163696923165,25.376900829962967,25.445968627929688,598800
29-08-2024,25.682766491099066,26.264896177956956,25.505167348409532,25.959030151367188,359300
30-08-2024,26.23529189960121,26.23529189960121,25.653162296926272,26.116891860961914,343700
03-09-2024,25.840633065409698,26.01823221557621,24.63690632846117,24.903305053710938,598500
04-09-2024,24.794770359450805,25.00196998306221,24.498773047897384,24.70597267150879,643700
05-09-2024,26.738492726820212,31.671792016582913,25.959030238382283,30.14246940612793,2325900
06-09-2024,30.142469461067286,32.0269903615268,29.59980708395677,31.7507266998291,1179100
09-09-2024,31.622458116362683,31.977656384496914,30.408866542777336,30.438467025756836,1053000
10-09-2024,30.39900154803444,30.537135261695983,29.422208133674207,30.122737884521484,962500
11-09-2024,30.142467272787147,30.221400010671147,29.215008073126405,30.162200927734375,669500
12-09-2024,30.16220100949175,30.53713292688571,29.4715400216109,29.66887092590332,570800
13-09-2024,30.004335886356362,30.7739315032959,29.925403147329607,30.7739315032959,554300
16-09-2024,31.050196367133353,31.63232792791379,30.951531850907703,31.31659507751465,504800
17-09-2024,31.839525776498416,32.16512169217736,31.23766243960789,31.632328033447266,439500
18-09-2024,31.543527683049614,32.322988306111235,31.17846444247173,31.375795364379883,517900
19-09-2024,32.263788556665936,32.30325586707988,31.286993324875066,31.425127029418945,466800
20-09-2024,31.217929019210242,31.582992249791126,30.921931703501148,31.28699493408203,1805000
23-09-2024,31.326460973920273,31.434994196826906,30.87259819068337,31.395526885986328,494200
24-09-2024,31.563260206347483,31.898726713545134,31.050196440381693,31.148862838745117,402500
25-09-2024,30.990997930419976,31.119264815249124,29.422208001174603,29.649139404296875,615300
26-09-2024,30.024070699596365,30.764065862227607,29.668872419323765,29.8662052154541,650500
27-09-2024,29.767539460915703,30.270736408211864,29.4616753140159,29.649139404296875,445400
30-09-2024,29.392609641870813,30.18193708618314,29.21501049642427,30.112871170043945,595700
01-10-2024,29.935269042855786,30.211534561799848,29.65900352391172,30.04380226135254,517800
02-10-2024,29.787271803936623,29.974735885951812,28.632879300899784,28.79074478149414,515500
03-10-2024,28.524344539282527,28.751275920162957,27.991549041480432,28.109947204589844,452000
04-10-2024,28.603277585353656,29.728069556609,28.475012593610725,29.708337783813477,492800
07-10-2024,29.6590068752121,29.807005537763942,28.780879846420085,29.27420997619629,544500
08-10-2024,29.560339260486963,29.560339260486963,28.93874415050131,29.215009689331055,432600
09-10-2024,29.97473694006897,30.892331254483178,29.807004625800726,29.994470596313477,593900
10-10-2024,29.984600542916052,29.984600542916052,29.520870962481126,29.94513511657715,349700
11-10-2024,29.86620313359599,30.20166773449061,29.728069433171516,30.04380226135254,272200
14-10-2024,29.856337501328316,30.15233480483368,29.49127240389374,30.103002548217773,331600
15-10-2024,29.876072997960822,31.296862400633948,29.79714025336787,30.912065505981445,496200
16-10-2024,31.010730943468822,31.8197920208794,31.010730943468822,31.800058364868164,436700
17-10-2024,31.780320493097868,32.737381981730515,31.55338912478684,32.32298278808594,388000
18-10-2024,32.24405618127531,33.06298220391483,31.918456503151507,32.93471908569336,390900
21-10-2024,32.66831869998704,32.94458234206073,31.405393009962605,31.45472526550293,468900
22-10-2024,31.168595359078427,31.464592661478136,30.90219665777572,30.92193031311035,221700
23-10-2024,30.842997550285286,30.892329806679506,30.11286924060211,30.438467025756836,266400
24-10-2024,30.49766606393986,30.685132025384846,30.014202800764856,30.280601501464844,320900
25-10-2024,30.665399430421317,31.020597710303093,30.024070666560895,30.191802978515625,217000
28-10-2024,30.517402120483894,31.2376636580975,30.44833620343945,30.882465362548828,219000
29-10-2024,30.517398410360382,30.951529398595795,30.37926659306474,30.71472930908203,175600
30-10-2024,30.655533064228575,31.29686183774994,30.62593446172923,30.635799407958984,302400
31-10-2024,30.497667036141813,30.892330744997878,29.807004134214946,29.87607192993164,411500
01-11-2024,30.211534033706265,30.290466768895566,29.55047167078155,29.599803924560547,342200
04-11-2024,29.461674417166822,30.1819359174493,29.372874847882134,29.40247344970703,326100
05-11-2024,29.29394116529934,30.27073451414176,29.224875254053657,30.13260269165039,290100
06-11-2024,31.42512868247262,32.02699014270548,30.310201569394383,30.477933883666992,483500
07-11-2024,30.744331922236245,31.839525355023362,30.645665525082496,31.020597457885742,379000
08-11-2024,30.813396952766478,31.14886156433405,30.37926782877722,30.448333740234375,375700
11-11-2024,30.54699701012095,30.951529398595795,30.359532938621115,30.71472930908203,315400
12-11-2024,30.744331993803943,31.227795270887235,30.36940194203292,30.85286521911621,414000
13-11-2024,30.852864263259107,31.306727042494682,30.181935040123957,30.448333740234375,317000
14-11-2024,30.428600903778538,30.951531490447536,29.994469886202484,30.379268646240234,291500
15-11-2024,30.487801547381004,30.84299984190631,29.895805017140532,29.925405502319336,251800
18-11-2024,29.895802560312948,30.08326852056264,29.205141566711603,29.32353973388672,249100
19-11-2024,28.840076333476667,29.303807818053635,28.603278118373606,28.849943161010742,302000
20-11-2024,28.701944778671166,28.89927756737758,28.159282432585933,28.179014205932617,504900
21-11-2024,28.277678688354,29.037407427029926,28.19874595458928,28.83020782470703,450900
22-11-2024,29.17554039833154,29.856336430256828,29.126208143485385,29.708337783813477,373800
25-11-2024,30.22140132337705,30.95153153289933,30.162202237868893,30.537134170532227,281400
26-11-2024,30.270734924536715,30.41873357662752,29.75767117417729,29.935270309448242,383900
27-11-2024,30.063534119165574,30.310199156880138,29.175540359774114,29.22487449645996,351900
29-11-2024,29.215009436974047,29.481406263578197,28.849944331027608,29.2347412109375,224800
02-12-2024,29.5406059758116,31.286993044044635,29.441939582567297,30.961395263671875,668800
03-12-2024,31.060062970086584,31.405394420089262,30.477933295429075,31.336328506469727,536400
04-12-2024,31.20806219109927,31.632328272251037,30.882464391057248,31.28699493408203,398300
05-12-2024,31.129129664654826,31.247529720905092,30.389134488329546,30.625934600830078,371000
06-12-2024,31.17846316872604,31.227795426711417,30.66539940529607,31.000864028930664,344500
09-12-2024,31.24752912323563,31.652061543241963,30.73446535913956,31.158729553222656,788500
10-12-2024,30.73446686945889,34.82910659164081,29.205144211914288,34.404842376708984,1027400
11-12-2024,34.651503475341535,35.01657044142942,32.78671639075715,34.74030303955078,780400
12-12-2024,34.29630410978612,34.60217010190999,33.14191357619442,34.187774658203125,549900
13-12-2024,34.66136956124635,35.697361889405286,33.990440407735726,35.61842727661133,624200
16-12-2024,35.59870330721116,35.66776922298664,34.355509295632324,34.473907470703125,584500
17-12-2024,34.41471157607722,35.6579018712044,34.34564565767072,35.00670623779297,713400
18-12-2024,34.97710474740687,35.233634742631125,33.55631165444188,33.63524627685547,535700
19-12-2024,33.90164604992843,34.276577990586084,32.757120335540385,33.220848083496094,614800
20-12-2024,31.92832402252064,33.31951472557265,31.47445936119388,32.39205551147461,3817100
23-12-2024,32.43152575032241,32.974188208460916,32.02699514365799,32.78672409057617,471300
24-12-2024,32.67818391836426,32.984049927363344,32.33285436288939,32.727516174316406,122900
26-12-2024,32.50058514841285,32.78671750546073,32.32298601395623,32.69791793823242,247800
27-12-2024,32.46112247185179,32.82618569632971,32.05659193558977,32.30325698852539,203500
30-12-2024,32.135525944998236,32.30326015461554,31.306731135350745,32.036861419677734,236800
31-12-2024,32.24405738497565,32.80645342835695,32.115790498155825,32.18485641479492,329600
02-01-2025,32.480853128728,33.00378561265529,31.43499568849361,31.59286117553711,270200
03-01-2025,31.582991055881457,31.89872577968708,31.030463757793967,31.711257934570312,232400
06-01-2025,31.88885370485739,32.776849288517525,31.83952145327839,32.32298278808594,261700
07-01-2025,32.47098608718482,32.57951930823825,31.711257303620688,31.92832374572754,434000
08-01-2025,31.602724035382547,31.928323698056687,30.862730789911534,31.770458221435547,268100
10-01-2025,31.168596569122617,31.88885807965459,30.892331029427258,30.981130599975586,473200
13-01-2025,30.990995384418678,30.990995384418678,28.65261186592371,30.181934356689453,465200
14-01-2025,30.566733607996163,31.050196896990997,29.915538003888425,30.14246940612793,367100
15-01-2025,31.11926385503949,31.45472659431424,30.2510018183725,31.020597457885742,406500
16-01-2025,30.70486491744598,30.882462164926498,29.66887062333266,30.181934356689453,353300
17-01-2025,30.46806682847514,30.813398282569217,30.12273725628609,30.49766731262207,317000
21-01-2025,30.93179882121071,31.3165957116162,30.408868217863333,30.941665649414062,1598800
22-01-2025,30.882463498091344,31.37579359794523,30.59633301876668,31.040328979492188,348300
23-01-2025,30.87259855217065,31.198196342798017,30.41873388171448,31.040328979492188,433400
24-01-2025,31.02059415556341,31.91845281655576,30.714728168757496,31.464590072631836,508000
27-01-2025,31.5928612126004,32.1059249870462,31.375794756232153,31.7507266998291,373500
28-01-2025,31.84939088931698,32.34272100229307,31.57312723046959,31.938190460205078,264200
29-01-2025,31.839528605226356,32.30326015461554,31.592863528114727,32.036861419677734,257400
30-01-2025,32.37232507286278,33.043254362939436,32.11579129287509,32.44139099121094,311700
31-01-2025,32.23418784846668,32.3723234420143,30.438468416163584,30.803531646728516,581100
03-02-2025,29.68860721037841,30.112871420945677,29.08674385288484,29.126211166381836,359400
04-02-2025,29.126210163566252,29.994470329649992,29.126210163566252,29.856338500976562,377300
05-02-2025,29.856338021938186,30.181935814233572,29.698472539728606,29.895803451538086,302700
06-02-2025,30.310200169531118,30.359534307865196,29.224875472850698,29.303808212280273,341400
07-02-2025,29.29394217854287,29.92540411109346,29.03741029796794,29.2347412109375,400000
10-02-2025,29.303807847637074,29.54060606297919,28.67234405815317,29.333406448364258,352800
11-02-2025,28.98807743973584,29.74780628711076,28.83021194961963,29.60967445373535,290200
12-02-2025,29.0966080896637,29.511005434946906,28.85980987548828,28.85980987548828,295900
13-02-2025,29.1558082979663,29.964871246671645,28.889411472928252,29.895803451538086,286700
14-02-2025,29.95500352580544,30.004335781810916,29.224875221875767,29.32353973388672,247200
18-02-2025,29.323540396070882,29.80700366708087,28.879544436280476,29.106475830078125,368300
19-02-2025,28.76114617016782,29.274209956446153,28.623014336133302,28.63288116455078,414100
20-02-2025,28.435546535079876,28.909142977293904,28.376347450279365,28.465147018432617,376100
21-02-2025,29.027543794616996,29.205142935608997,27.616619376630567,27.754751205444336,493300
24-02-2025,28.10008398085211,28.35661587635953,27.61662067536297,27.646221160888672,420000
25-02-2025,27.46862204888904,29.698474483418828,26.62996044357173,26.67929458618164,730900
26-02-2025,26.817424763061343,27.616619004861747,25.87022998448994,26.333961486816406,830600
27-02-2025,26.432629595666416,27.399556210769358,25.93929945956429,26.02809715270996,591500
28-02-2025,26.087297689176292,26.95555788620514,25.751833051666146,26.708892822265625,749900
03-03-2025,26.728625654988868,27.093688884497517,25.7912976881547,26.29449462890625,702300
04-03-2025,25.880094126292114,25.880094126292114,25.07103314055287,25.10063362121582,501700
05-03-2025,25.367033598437207,25.751832367657453,24.646772082522315,25.31770133972168,545500
06-03-2025,25.455832116117236,26.472092787980756,25.06116841701173,26.215560913085938,522400
07-03-2025,25.98862925113541,26.46222568513805,25.43610007813233,26.077428817749023,611200
10-03-2025,25.90969660064518,26.442492120242,25.48543242135413,25.58409881591797,623100
11-03-2025,25.58409892913097,26.146494934157104,25.140101092581414,25.57423210144043,527300
12-03-2025,25.899828970894344,26.472091783356003,24.715836036605786,25.001968383789062,676000
13-03-2025,28.909144640329725,29.84647263279951,25.643299732070872,25.751832962036133,1653900
14-03-2025,25.633430013475667,26.442491028052526,25.100634515885613,26.324092864990234,639300
17-03-2025,26.32409415647462,27.103554727574522,25.73209766640465,26.699024200439453,895900
18-03-2025,26.17609679895466,26.304361801892348,25.347302048250206,25.781431198120117,723100
19-03-2025,25.89982999764953,26.669425623636904,25.59396586556306,26.37342643737793,479300
20-03-2025,26.057696400653466,26.896357968572715,25.889964087069618,26.29449462890625,541700
21-03-2025,25.761696729403788,26.50169183072113,25.238766180320454,25.850496292114258,2813400
24-03-2025,26.452360696682597,27.291022283062627,26.04783014594136,27.21208953857422,577000
25-03-2025,27.093687326311553,27.53768515494139,26.669425034615724,26.74835777282715,462100
26-03-2025,26.689158860061596,27.04435715027922,26.245162879194634,26.896358489990234,555600
27-03-2025,27.587018574942732,27.587018574942732,26.580626590747677,26.975290298461914,389500
28-03-2025,26.669423749355577,27.143020155800436,26.442490491267357,26.856887817382812,586600
31-03-2025,26.41289230178322,27.38968561094249,26.17609409488748,26.98515510559082,708400
01-04-2025,27.09368873774173,27.4784875032351,26.83715873661951,27.113422393798828,587500
02-04-2025,26.84702262783061,27.82381786332018,26.1958270587742,27.52781867980957,465000
03-04-2025,25.544634119096877,25.870231937139756,24.666507069627773,25.04143714904785,1059700
04-04-2025,24.242240387215595,25.653164749545383,23.95610991283047,25.258501052856445,1268300
07-04-2025,24.498772814186257,25.49529984703689,23.452913523849006,23.916643142700195,1095900
08-04-2025,24.350775343020306,24.400107602903965,21.89399153909326,22.2097225189209,1249200
09-04-2025,21.834790351422495,25.169703026915055,21.32172845526639,24.804637908935547,991100
10-04-2025,24.202774844800025,24.72570353474191,23.788377494747145,24.459306716918945,838200
11-04-2025,24.192909391803035,24.380373481310507,23.660111962074307,24.34090805053711,673800
14-04-2025,24.607306389403245,24.666505475611306,23.26544788932038,23.887042999267578,600800
15-04-2025,23.80811204416346,24.05477711743534,23.40358147454999,23.89691162109375,576300
16-04-2025,23.778511866657094,24.301440582978383,22.900382984208736,23.225982666015625,421500
17-04-2025,23.216117373835083,24.05477711743534,22.929984985525223,23.89691162109375,439100
21-04-2025,23.699580076677144,24.281709785046445,23.275315860553235,24.27184295654297,482300
22-04-2025,24.508637965488774,24.62703612811933,23.571310082123382,24.38037109375,612300
23-04-2025,24.903301900583127,25.376898319792737,24.31130543561867,24.360639572143555,588300
24-04-2025,24.528373760947147,25.297967530937232,24.518506932882527,25.169702529907227,396900
25-04-2025,25.297967158069937,25.544632210334754,24.587572485033068,25.524900436401367,345300
28-04-2025,24.972369499144865,26.087296595266448,24.587572617744414,24.70597267150879,403100
29-04-2025,24.6270392090524,25.031571647379064,24.321175055103065,24.60730743408203,416800
30-04-2025,24.95263559998349,25.061166934627206,24.09424045853681,24.883567810058594,448300
01-05-2025,24.656636680397533,25.080900841833532,24.50863803573273,24.86383628845215,389100
02-05-2025,25.70249746730709,25.751831606469406,24.853970974670066,25.21903419494629,323600
05-05-2025,24.775039514368917,25.643299707545346,23.551581028485955,25.110504150390625,296200
06-05-2025,24.982234779389817,25.248633472426672,24.78490387788114,25.159833908081055,316500
07-05-2025,25.406500424225687,26.057696012701985,25.35716816645521,25.68276596069336,330400
08-05-2025,26.037963480312186,26.89635872865334,25.93929896051408,26.39316177368164,360800
09-05-2025,26.353694505960195,26.511561878102242,25.899831692005215,26.067564010620117,269500
12-05-2025,27.843550507227118,28.701945719769228,27.291021315399384,27.616619110107422,401400
13-05-2025,27.932350232183232,28.33688077083033,27.695552005797495,27.764617919921875,298200
14-05-2025,27.754750229299372,28.405947684002193,27.587017922251135,27.675817489624023,376400
15-05-2025,27.67581755831906,27.68568438604109,27.024621983904844,27.508085250854492,515800
16-05-2025,27.50808615004545,27.96195083057001,27.281154750735684,27.754751205444336,265700
19-05-2025,27.46862053514423,27.981684298582604,27.212088653425045,27.932350158691406,283200
20-05-2025,27.952084446039358,28.52434730836863,27.86328487413438,28.040884017944336,259400
21-05-2025,27.52782048059448,27.8731519429949,27.014756701137003,27.054224014282227,339100
22-05-2025,26.925959861138068,27.271289452544643,26.807559799866436,27.143024444580078,311100
23-05-2025,26.50169465649974,27.02462337943619,26.363560943163176,26.906225204467773,490000
27-05-2025,27.330490158614587,28.1494181052466,27.152891009385097,28.129684448242188,305100
28-05-2025,28.15928351902695,28.59341265988272,28.021149808841006,28.24808120727539,521800
29-05-2025,28.31714921769167,28.435547390855916,27.34035393860896,28.070484161376953,506100
30-05-2025,28.090216533089276,28.879545859227758,27.8435514715282,28.662479400634766,1095100
02-06-2025,28.346746809901973,28.534212772954273,27.6462189782457,28.317148208618164,764500
03-06-2025,28.149417056345442,28.919010831789883,28.13955022821089,28.701946258544922,663000
04-06-2025,28.55394802474383,28.919011261623012,27.92248418808229,28.021150588989258,444400
05-06-2025,27.52781945796298,27.912618219213726,27.113422094857945,27.300888061523438,809900
06-06-2025,24.192909853106485,24.656639494490197,21.479594157593212,22.2097225189209,2374900
09-06-2025,22.456387862422233,22.772118846190438,21.390794851251993,21.864391326904297,2240800
10-06-2025,21.9827907523525,22.239322639737,21.726258864967996,21.755857467651367,1083700
11-06-2025,21.953187777899466,22.071587820919525,21.449990888397682,21.479591369628906,1093000
12-06-2025,21.30199447428287,21.50919221886023,20.552132475131657,20.966529846191406,1174000
13-06-2025,20.581733637300758,20.848130477401618,20.098270335459446,20.266002655029297,1217100
16-06-2025,20.404133282239286,21.42039208606809,20.058801835094407,21.17372703552246,1096600
17-06-2025,20.936929325559053,21.371060352084342,20.76919701180417,21.29212760925293,857900
18-06-2025,21.311858962623976,21.50918985742777,20.81852890275724,21.163860321044922,1481200
20-06-2025,21.795323916916427,22.337986272868793,21.538792039695586,21.667057037353516,2110200
23-06-2025,21.35132617010148,21.775590358086767,20.838264295284496,21.499326705932617,1377400
24-06-2025,21.647324698811747,21.854522431600138,21.42039142902289,21.71639060974121,818200
25-06-2025,21.82492495853278,21.903857701088384,21.380927105466853,21.45985984802246,708100
26-06-2025,21.874256226687624,22.229454493060853,21.509191132703474,22.189987182617188,717900
27-06-2025,22.416918409780465,22.6339848518404,22.022254717723662,22.041988372802734,1619000
30-06-2025,22.199855058531337,22.535319685523767,22.06172322926564,22.10118865966797,779600
01-07-2025,21.96305669008203,23.541713416094908,21.96305669008203,22.920116424560547,790300
02-07-2025,22.939850597833303,23.5614457214783,22.693185537641547,23.038516998291016,932500
03-07-2025,23.038516364747487,23.23584727833139,22.772117655408962,22.929983139038086,423500
07-07-2025,22.643852981053975,23.364114495699734,22.525452925678284,23.225982666015625,1128400
08-07-2025,23.354246252557722,23.472646300759546,22.900381596673142,23.344379425048828,727400
09-07-2025,23.49237742826249,23.49237742826249,22.939848276283225,23.2358455657959,595900
10-07-2025,23.29504992504065,23.857445986240513,23.13718443003385,23.433181762695312,697300
11-07-2025,23.462783465004776,23.79824812976058,23.20625155184415,23.65024757385254,540500
14-07-2025,23.650246034150378,23.70944700542153,23.04838454813463,23.620647430419922,666000
15-07-2025,23.66997841646429,23.699578900505696,22.91024959654675,22.920116424560547,661700
16-07-2025,23.11745005078589,23.275315540862977,22.604386267082827,22.851051330566406,783900
17-07-2025,22.77211794701029,23.719312742819064,22.77211794701029,23.55158042907715,666200
18-07-2025,23.778511482513466,23.778511482513466,22.72278535691446,22.772117614746094,564700
21-07-2025,22.811583406458038,23.058248442989395,22.683316533594997,22.900381088256836,520200
22-07-2025,23.008916549610316,23.462781239664455,22.821450576637623,23.196382522583008,527100
23-07-2025,23.63051163213592,24.261973533592293,23.443045674426717,24.005441665649414,501600
24-07-2025,23.817975723143412,23.965976253058518,23.48251111730436,23.67984390258789,487200
25-07-2025,23.956112104949497,23.956112104949497,23.087850010878014,23.778512954711914,451200
28-07-2025,23.8377109183959,24.26197511683712,23.679845432730104,24.035043716430664,539400
29-07-2025,24.044908990790947,24.15344032898247,23.541712082032365,23.67984390258789,401100
30-07-2025,23.73904323087092,23.78837736865437,23.068114012255453,23.33451271057129,425900
31-07-2025,23.147049234172236,23.571313455103112,22.929984650351727,23.28518295288086,615300
01-08-2025,23.245715924075668,23.364115987008724,22.70305351690331,22.939851760864258,610400
04-08-2025,22.95958331254486,23.936376685009293,22.91024917338707,23.926509857177734,597800
05-08-2025,23.956110608962014,24.400106574924624,23.778511469814966,24.06464195251465,818700
06-08-2025,24.044909612837834,24.400106000870316,23.877177305579036,24.113975524902344,519800
07-08-2025,24.271840704137276,24.48890526535501,23.6897110497891,23.975841522216797,482600
08-08-2025,23.975842382941124,24.123842920167,23.630512814494097,24.06464195251465,412400
11-08-2025,24.074508553620635,24.261974518943386,23.699578504880115,24.084375381469727,349000
12-08-2025,24.34090782626222,25.061169338861998,24.33104099818352,24.844104766845703,505300
13-08-2025,24.903302479663573,25.880095822711258,24.81450291375879,25.771564483642578,457400
14-08-2025,25.2979680245462,25.5446330852595,24.587573327177726,25.288101196289062,444300
15-08-2025,25.524902204181497,25.63343355499918,25.2585034776283,25.534767150878906,623700
18-08-2025,25.475567413899597,25.939298936911108,25.475567413899597,25.751832962036133,378900
19-08-2025,25.85049970697602,26.185964347773954,25.55450049820455,25.722232818603516,366000
20-08-2025,25.544630527269156,26.008361999392218,25.465697791021277,25.505165100097656,474800
21-08-2025,25.23876786533343,25.712364310138025,25.100636039408336,25.702497482299805,434000
22-08-2025,25.88009896721271,26.975292491837365,25.78143256178528,26.629961013793945,465000
25-08-2025,26.669423922660673,26.87662164611241,26.33395932877275,26.35369110107422,409900
26-08-2025,26.284626598288984,26.60035755484784,26.126761120009554,26.235294342041016,563800
27-08-2025,26.29449436908544,26.76809082091131,26.284627541100942,26.63982582092285,516000
28-08-2025,26.74836013581039,26.787825567450064,26.343829581501996,26.708892822265625,530400
29-08-2025,26.66942630487635,27.044356358762244,26.412894422994416,26.63982582092285,579800
02-09-2025,25.988629897357697,26.768090479130663,25.988629897357697,26.66942596435547,680800
03-09-2025,26.65955999479659,27.261421458303044,26.491827679611667,26.75822639465332,1329800
04-09-2025,25.66303089658921,27.389686170477372,24.71583616775144,27.26141929626465,1312600
05-09-2025,27.13315461368254,27.468619221276825,25.436099802603437,25.613697052001953,1154000
08-09-2025,25.781429704570616,26.75822493995362,25.781429704570616,26.71875762939453,988700
09-09-2025,26.46222593639755,26.89635694597453,26.1267613219842,26.54115867614746,888700
10-09-2025,26.422761056117007,26.797691107237874,26.067562778914606,26.333961486816406,874800
11-09-2025,26.39316069499937,26.995024027076248,26.39316069499937,26.807558059692383,607400
12-09-2025,26.67929252148645,26.699024295098265,25.840630981072678,26.2056941986084,753900
15-09-2025,26.353692844615345,27.152888955701602,26.195827364330274,27.014755249023438,534400
16-09-2025,26.94568977326559,27.073956654266254,26.55102606615777,26.817424774169922,451500
17-09-2025,26.95555828906726,27.350222020887877,26.708893221441233,26.837160110473633,493400
18-09-2025,27.05422124020211,27.212086712785684,26.708889813211215,26.965421676635742,490300
19-09-2025,26.79769137252123,26.79769137252123,25.870230240591905,25.988630294799805,1623300
22-09-2025,25.93929692890898,26.521424701364,25.889962790968767,26.245161056518555,516500
23-09-2025,26.284627800824254,26.9259584528187,26.284627800824254,26.29449462890625,376000
24-09-2025,26.28462680148402,26.77795689539719,26.21556088944097,26.54115867614746,349800
25-09-2025,26.472093199784183,26.610225026143667,25.9688962698825,26.343828201293945,504300
26-09-2025,26.225426348943103,27.07395466841483,26.17609409488748,26.98515510559082,425000
29-09-2025,26.93582256050683,26.995023527155922,26.29449381038142,26.36355972290039,485400
30-09-2025,26.343829250800635,26.511561567450116,25.939298701570422,26.255029678344727,401500
01-10-2025,26.22542819052213,26.531292327335812,25.939297709478357,26.501693725585938,476100
02-10-2025,26.491826193648347,26.758224893747325,26.2648948040403,26.56089210510254,303100
03-10-2025,26.54115943036413,27.38968781821689,26.481960344345687,27.123289108276367,344500
06-10-2025,27.172624381200478,27.40942261705279,26.837159743266763,26.866758346557617,346500
07-10-2025,26.925956550805868,27.18248653519668,25.968894995413233,26.45235824584961,386500
08-10-2025,26.541160503510554,27.14302386173259,26.13662994920216,26.708892822265625,382300
09-10-2025,26.679291072501766,26.748356981154497,25.495298152468187,25.84062957763672,355000
10-10-2025,25.899828365258337,25.998494754459337,24.508637735048275,24.7257022857666,957400
13-10-2025,25.0019691795324,25.751831144193858,25.0019691795324,25.258501052856445,407400
14-10-2025,25.08090253082394,26.215561392203757,25.041435219239602,26.176095962524414,404100
15-10-2025,26.383294129194564,27.577153977253317,26.19582815994798,26.945690155029297,417500
16-10-2025,26.916091666262357,27.113422582491598,26.462226983315535,26.935823440551758,329100
17-10-2025,26.76809049265239,27.271287422261018,26.580626408960836,27.152889251708984,237300
20-10-2025,27.27128607354692,27.527817939596083,27.064088344375424,27.103553771972656,273600
21-10-2025,26.945689864792673,27.843550507227118,26.64969255393264,27.616619110107422,225400
22-10-2025,27.557421359049304,27.883019169527547,27.40942269645103,27.66595458984375,254100
23-10-2025,27.794218733343794,28.20861610490641,27.72515281840086,28.060617446899414,261600
24-10-2025,27.971819978862857,28.16915091040745,27.59688800968932,27.883020401000977,259600
27-10-2025,28.080348472611096,28.534213144558183,27.94221664640785,27.961950302124023,206000
28-10-2025,27.82381641208715,28.455278292926117,27.40941908231037,27.813949584960938,343300
29-10-2025,27.725151836761903,28.179014622834533,27.46861996041021,27.498220443725586,309800
30-10-2025,27.42915309185704,27.6560863704596,26.886490728988086,26.975290298461914,277700
31-10-2025,26.787824321304246,26.787824321304246,26.087296475618405,26.4918270111084,483700
03-11-2025,26.47209478017386,26.689159360541137,25.495301345663467,26.531293869018555,373400
04-11-2025,26.30436023262629,26.728624410879124,26.077428843018247,26.56089210510254,391000
05-11-2025,26.699023739672505,28.109948087386545,26.46222552411213,27.873149871826172,364900
06-11-2025,27.735019154122774,27.853417325664353,26.837158511994957,27.133155822753906,320300
07-11-2025,27.152889997045992,27.47848779785912,26.83715902436721,27.251556396484375,320600
10-11-2025,27.567286356223164,27.646219096492533,27.103554860473768,27.498220443725586,241200
11-11-2025,27.567285810794477,28.021148587887268,27.46861941693367,27.70541763305664,234800
12-11-2025,27.932350826172943,28.465148258299713,27.764618510344707,28.198749542236328,257400
13-11-2025,28.188882985102214,28.62301402116868,27.77448560565356,27.853418350219727,239300
14-11-2025,27.735017841050098,27.735017841050098,27.143021365654377,27.567285537719727,258900
17-11-2025,27.448886331584287,27.508085416367692,26.452359308522908,26.847023010253906,477200
18-11-2025,26.590495042847607,27.133157438862817,26.50169546794983,26.837160110473633,401800
19-11-2025,26.797693338449026,27.281156654947754,26.462228689138865,26.629961013793945,321100
20-11-2025,26.8174257098739,27.182488945971908,26.57076064908684,26.738492965698242,357900
21-11-2025,26.807557463643363,28.277680922344288,26.807557463643363,27.99155044555664,529100
24-11-2025,27.90275046772133,28.287547334330416,27.024621630978245,27.863283157348633,467900
25-11-2025,28.090215039700237,29.234740713943616,28.090215039700237,29.116342544555664,386500
26-11-2025,28.997942945188402,29.481406221851294,28.968344343332614,29.076875686645508,473400
28-11-2025,29.1064760866571,29.432073879468927,28.603279155601545,28.761144638061523,160200
01-12-2025,28.50461074979406,29.13607451703808,28.317146678774538,29.096607208251953,331900
02-12-2025,29.106476764675126,29.323541337637735,28.68221256496658,29.027544021606445,480200
03-12-2025,28.968344384333346,29.599806316883935,28.79074524532724,29.2347412109375,342700
04-12-2025,29.432074219739913,29.698472930185396,28.71181271245103,29.057144165039062,425400
05-12-2025,29.12620693665524,30.142465646854998,29.06700597500695,29.974733352661133,468500
08-12-2025,30.043805656133006,30.152337004988308,29.116344485220313,29.27420997619629,761200
09-12-2025,33.37871617442253,34.36537636856364,30.152335006018934,30.40886688232422,997000
10-12-2025,30.408866610283788,31.326460883730935,30.260867958867625,31.079795837402344,700600
11-12-2025,31.217930132546904,31.434996594919596,30.172070780250184,30.389135360717773,600800
12-12-2025,30.43846811899229,31.060063228647603,29.777405697280123,30.990997314453125,518400
15-12-2025,31.099876911519594,31.99070686978634,31.040488751079298,31.485902786254883,827500
16-12-2025,31.446312246176966,31.713561807999753,30.93160980590692,31.307737350463867,703800
17-12-2025,31.307736130177428,31.92142007548985,30.931608600280864,31.743253707885742,600200
18-12-2025,31.792745419727066,32.13918172217905,31.030591973245997,31.268146514892578,594700
19-12-2025,31.18895879214302,31.19885713312182,29.66464826388666,29.95169448852539,1437800
22-12-2025,30.139760659032383,30.48619317058343,30.03088079087886,30.397109985351562,444600
23-12-2025,30.397109630864502,30.51588783909368,29.55577138357715,29.941797256469727,388300
24-12-2025,30.100168057690738,30.199149586897423,29.9121033409896,29.931900024414062,136800
26-12-2025,29.92200264480559,30.218947241973524,29.83291945444678,30.11006736755371,258100
29-12-2025,29.92200086576124,30.397109927482976,29.209337273178637,29.565670013427734,393400
30-12-2025,29.595365361815674,29.654753526990703,29.298422648024786,29.42709732055664,237500
31-12-2025,29.456790206119635,29.456790206119635,28.625348402437243,28.664939880371094,382100
02-01-2026,28.85300449471986,29.3776052629568,28.38779377505618,29.20933723449707,420500
05-01-2026,29.130151723590068,29.496380908490007,28.81341235678508,28.892597198486328,456100
06-01-2026,28.74412577989646,29.67454719543457,28.37789470805426,29.67454719543457,335400
07-01-2026,29.72403934463477,30.020982032675192,28.932189030001044,29.22913360595703,332100
08-01-2026,29.14994790191167,30.189249167257614,28.87280001679218,30.001184463500977,419600
09-01-2026,30.01108517730015,30.456501119330365,29.110356839341854,29.55577278137207,409700
12-01-2026,29.219236370766126,29.625058940811574,28.615450742589204,29.3380126953125,336800
13-01-2026,29.407298919724763,29.96159472205725,29.14005124807818,29.714141845703125,327600
14-01-2026,29.575568049332503,29.724041290990435,29.22913551990584,29.466690063476562,371600
15-01-2026,29.466689940599917,30.555483010028876,29.27862521975561,30.36741828918457,301900
16-01-2026,30.27833457672834,31.060284696558433,29.357809560183366,29.74383544921875,417700
20-01-2026,29.397402850687183,29.5260775173921,28.001768760821967,28.437284469604492,379800
21-01-2026,28.664939783402378,29.446891765043347,28.377895433627305,29.20933723449707,383600
22-01-2026,29.23903302749432,29.55577240988328,28.704533903776223,28.862903594970703,360800
23-01-2026,28.655043565323936,28.862903073291392,28.061156290120966,28.35809898376465,290200
26-01-2026,28.229423525412223,28.5362645519297,27.912684157663143,28.34819984436035,418000
27-01-2026,28.41748760405439,28.56596084119073,27.635537491270323,27.91268539428711,277800
28-01-2026,27.99187037837465,28.308609761725123,27.605842602990077,27.84339714050293,436000
29-01-2026,27.91268574329239,28.48677635192871,27.615741153222505,28.48677635192871,382700
30-01-2026,28.338300814777398,29.090557738866547,28.100746294735906,29.050966262817383,529400
02-02-2026,29.0509668046839,29.882408584295153,29.041068463508104,29.67454719543457,370900
03-02-2026,29.67454688475021,30.624766860606904,28.565959115485505,29.69434356689453,519500
04-02-2026,30.13976147803421,30.951406620721457,29.57556732692941,30.763341903686523,363700
05-02-2026,30.486191841554028,30.753441385599025,29.74383325559493,29.882408142089844,537400
06-02-2026,29.892307150998136,30.466397728116696,29.724039125571203,30.199148178100586,359200
09-02-2026,30.228844281619455,30.49609195326604,29.526077131057615,29.714141845703125,407000
10-02-2026,29.94179901055345,30.347621589911167,28.90249765130382,29.892309188842773,327600
11-02-2026,30.0506767892813,30.674257183784345,29.63495589697409,29.842815399169922,291400
12-02-2026,30.18925107228896,30.62476866555475,29.506280601381455,29.76363182067871,350700
13-02-2026,29.704242397706032,30.327822792209076,29.55577105500679,29.842815399169922,359100
17-02-2026,29.971491995297377,30.654460550390414,29.872510470700895,30.31792449951172,495400
18-02-2026,30.337722535903623,31.565088587093502,30.288232715354564,31.426515579223633,489400
19-02-2026,31.42651478131814,31.46610814708464,30.911812353847203,31.297840118408203,421600
20-02-2026,31.278043917526556,32.46581659009149,31.05038772460773,31.565088272094727,751600
23-02-2026,31.317633827324123,31.4265136914906,29.724038668798023,30.288230895996094,531800
24-02-2026,30.515888541954737,30.931609448458648,30.209047504842403,30.733646392822266,394400
25-02-2026,30.852424310083688,31.020692339398078,30.32782353918221,30.872220993041992,444200
26-02-2026,31.08008086334016,31.545293478715518,30.58517511109616,31.446311950683594,370800
27-02-2026,31.21865533565658,31.21865533565658,30.15955545432495,30.27833366394043,516200
02-03-2026,28.803514305503683,30.278333176981363,28.803514305503683,30.248638153076172,430000
03-03-2026,29.209335782722057,30.238738697258764,28.971781263982816,30.139759063720703,457400
04-03-2026,30.347621605323972,30.56537946404349,29.347911725352017,30.36741828918457,379100
05-03-2026,30.070472387827575,30.505989974249886,29.43699363515192,29.85271453857422,362700
06-03-2026,29.130152546579776,29.456790263815083,28.556061956047547,29.140050888061523,395200
09-03-2026,28.5065692916251,29.00147502160412,27.724619219974333,28.961883544921875,674000
10-03-2026,28.84310538745937,30.258536079641747,28.595652522054493,29.31821632385254,595900
11-03-2026,29.338010941357393,29.773528510460103,28.714430554980208,29.26872444152832,592700
12-03-2026,25.893467437113173,26.66552104943685,24.359260441452662,25.92316246032715,2399500
13-03-2026,25.408461763366937,26.37847659870089,24.774982995461603,26.11122703552246,1309500
16-03-2026,26.24980058830363,26.319087089007287,25.42825714525995,25.477746963500977,1041700
17-03-2026,25.487645791524503,25.933061715863012,25.299581080368736,25.507442474365234,874500
18-03-2026,25.507441858689045,26.249800456057766,25.4777468351447,25.784587860107422,653000
19-03-2026,25.715302692650596,26.942668744034915,25.646016188704685,26.77440071105957,636500
20-03-2026,26.715012362380975,26.893178735807517,26.239903291853942,26.36857795715332,1309900
23-03-2026,27.401861008813157,27.511151126437387,26.82560729820836,27.044185638427734,582100
24-03-2026,26.905091543438832,27.699923624991126,26.765996402924472,26.785865783691406,613900
25-03-2026,26.855414640501767,27.30250696560901,25.74264785651188,26.95476722717285,793900
26-03-2026,26.527546696103762,27.19321927297316,26.527546696103762,26.716318130493164,449600
27-03-2026,26.467932179628693,26.616964848726518,26.070516150435743,26.37851333618164,643900
30-03-2026,26.587159318144078,27.153477426065045,26.55735240376906,26.83554458618164,638600
31-03-2026,27.06405778133285,27.819149201344263,26.726253675142765,27.521087646484375,585800
01-04-2026,27.4912798605397,28.296047549145076,27.42173229294812,27.48134422302246,742500
02-04-2026,27.12366953388898,27.839020292867644,26.696448480090112,27.819149017333984,627900
06-04-2026,27.620438265220965,28.216563227462004,27.620438265220965,28.107275009155273,310300
07-04-2026,28.05759880696565,28.216565222130285,27.550892647992455,27.95824432373047,353300
08-04-2026,28.604047590676586,29.448555962770776,28.604047590676586,28.902109146118164,417300
09-04-2026,28.74314304819356,29.74661974197932,28.74314304819356,29.61745834350586,371000
10-04-2026,29.756553984198028,29.806230276647472,29.299524134540974,29.37900733947754,279500
13-04-2026,29.220041968200636,29.34920336520664,28.743142721630367,29.12068748474121,384200
14-04-2026,29.080946736720126,29.528039068334714,28.892173408245085,29.269718170166016,380700
15-04-2026,29.289588410794828,29.806230188875652,29.210105206092322,29.528038024902344,366100
16-04-2026,29.54791122325733,29.905586615216034,28.93191682047201,29.30946159362793,455900
17-04-2026,29.806231143506498,30.760029630484716,29.806231143506498,30.293066024780273,513900
20-04-2026,30.074487162306347,31.31641343863189,30.074487162306347,31.187252044677734,392200
21-04-2026,31.23693032110414,31.852926589716805,31.23693032110414,31.693958282470703,524400
22-04-2026,31.803246329719205,31.823117604893167,31.018349910638793,31.117704391479492,311500
23-04-2026,31.226995550939584,31.813184922909834,30.809708233520578,31.29654312133789,288000
24-04-2026,31.197188471373863,31.505185665084735,30.859384364066784,31.157447814941406,356500
27-04-2026,31.097833293507477,31.634346356086958,31.038221362675017,31.475379943847656,290600
28-04-2026,31.594604333165247,31.823118317696956,30.918998017379657,31.23693084716797,398500
29-04-2026,31.048156294445004,31.574733707409255,30.571257068569306,30.700416564941406,484900
30-04-2026,30.760028592831013,31.27667037003048,30.61099782114669,30.988544464111328,436100
01-05-2026,31.038223084048738,31.445574774882232,30.730225880132263,31.336286544799805,313000
04-05-2026,31.137575928261946,31.515120684593697,30.392420158239776,30.4520320892334,465900
05-05-2026,30.521579492309144,31.197187690001865,30.521579492309144,30.75009536743164,380200
06-05-2026,31.25680030621775,32.08144119121625,31.097833890924566,31.743637084960938,365500
07-05-2026,31.892665703307287,32.14105096202481,31.01835042643441,31.09783363342285,299100
08-05-2026,31.187251709935595,31.664152835148002,31.028285299874486,31.56479835510254,255400
11-05-2026,31.59460453396679,31.85292732859801,30.054616669256234,30.064552307128906,480900
12-05-2026,29.93539101061643,30.27319511930824,29.210106498731317,29.478363037109375,376400
13-05-2026,29.44855665513838,29.537975502879018,28.882238549467132,29.239913940429688,479700
14-05-2026,29.349203359636974,30.03474531581571,29.349203359636974,29.557846069335938,360000
15-05-2026,29.55784393320389,30.26325711409668,27.97811363525555,28.544431686401367,965500
18-05-2026,28.663659182792745,29.478362526697452,28.484821493637245,28.842496871948242,529000
19-05-2026,28.693463318636677,28.84249598503623,28.087404595726177,28.147016525268555,439100
20-05-2026,28.21656436505682,29.518102560319168,27.779405789118126,29.44855499267578,450600
21-05-2026,29.17036414631573,30.322871546017613,28.95178391514634,30.273193359375,370200
22-05-2026,30.32287198862473,30.6904811000006,30.134098666685478,30.620933532714844,340200
26-05-2026,30.730224175840007,31.554863149967307,30.720288538196414,31.475379943847656,353300
27-05-2026,31.793312170762338,32.45898282510976,31.684022053766036,32.08143997192383,486800
28-05-2026,32.05162981339216,32.945818196523724,31.455506751343115,32.71730422973633,413500
29-05-2026,32.528536998587576,32.528536998587576,31.972152623007737,32.121185302734375,611400
01-06-2026,31.93240936803538,32.19073216854387,31.236931756387335,32.001956939697266,403400
02-06-2026,31.852926091947595,32.4291779059572,31.81318354199985,32.36956787109375,437100
03-06-2026,32.33975896568568,32.33975896568568,31.87279727041716,32.08143997192383,467400
04-06-2026,32.1410507897373,32.41924485524933,31.157447292920985,31.83305549621582,701900
05-06-2026,35.608511088841,35.608511088841,32.578211669436975,33.49226760864258,1733500
08-06-2026,34.48580767515949,36.29405201684933,33.849942032814695,34.69445037841797,1416900
09-06-2026,34.75406527646598,35.64825373240199,33.571752798113536,33.7803955078125,917500
10-06-2026,33.720783663782164,34.13807289777834,33.323369496707045,33.849945068359375,835700
11-06-2026,34.13807310084721,35.81715621010482,33.8996215671369,35.43960952758789,608000
12-06-2026,35.439608250145824,35.767478623421894,35.0322565618703,35.052127838134766,472500
15-06-2026,35.29057718788624,35.469414873184206,34.326841193787025,34.40632629394531,647600
16-06-2026,34.585165624013015,35.10180742943731,34.11820011352102,34.63484191894531,656200
17-06-2026,34.80374022665883,34.94283536108672,33.452523852116805,33.83007049560547,780000
18-06-2026,34.29703634620364,35.081934658894184,34.197679970513455,34.5454216003418,896100
22-06-2026,34.515527498954285,34.8742345193113,33.927647393589154,34.02729034423828,751600
23-06-2026,33.987436096712585,33.987436096712585,33.200273823115865,33.49919509887695,664500
24-06-2026,33.66858516170817,34.43581881913188,33.40951727686894,34.27639389038086,618400
25-06-2026,34.176751769153014,34.64506417173212,32.702070191935405,33.26005935668945,752400
26-06-2026,33.220200382198215,34.20664471293787,33.08070404877827,33.93761444091797,1453500
29-06-2026,33.55897947620179,33.55897947620179,32.53268174515264,32.80170822143555,711900
30-06-2026,32.66221241035702,33.60879959353675,32.183937621179815,33.588871002197266,671900
01-07-2026,33.608800084643214,33.837973186910844,33.06077711826494,33.44937515258789,455200
02-07-2026,33.67854850246083,33.97746977713845,32.961138203432576,33.3796272277832,461600
06-07-2026,33.33976697704719,33.917684682448375,33.230161632851114,33.47926330566406,632100
07-07-2026,33.62872745538536,33.97746829378592,33.37962577053065,33.79811477661133,490400
08-07-2026,33.64865591976423,34.05718252935017,33.1903097335927,33.67854690551758,698500
09-07-2026,33.67854509990077,34.04721450805664,33.20027034853885,34.04721450805664,702900
10-07-2026,34.0472157924225,35.03366011749868,33.9376142460718,34.6251335144043,406100
13-07-2026,34.6251354770384,35.123338865197226,34.136894484207055,34.376033782958984,373300
14-07-2026,34.356103570607736,34.53545708596336,33.81804302454089,34.05718231201172,278900
15-07-2026,34.01732591411818,35.42225928277014,34.01732591411818,35.08348083496094,531000
16-07-2026,35.272800349847195,36.04003019985381,35.272800349847195,35.77100372314453,912800
17-07-2026,35.56175488303021,36.19945838409629,34.88419800145191,35.292724609375,457100
20-07-2026,35.47207912520781,35.5717220817727,34.91409377240504,35.3226203918457,417800
21-07-2026,35.6414702549906,35.89057194494637,35.25287222681802,35.63150405883789,429900
22-07-2026,35.72117922070739,35.97028089951564,35.432224162042196,35.62154006958008,283600
23-07-2026,35.00376785439413,35.14326418192082,34.136891303067095,34.356101989746094,516200
24-07-2026,34.286356550197794,35.13330077804067,33.947578098862614,34.82441711425781,287600
27-07-2026,35.302692303959454,35.8407528741123,35.302692303959454,35.80089569091797,388700
28-07-2026,36.069925640407114,36.86705029192641,36.0400308527944,36.677734375,314100
29-07-2026,36.309059896682356,36.69766171446912,35.75107456014963,36.4087028503418,323000
30-07-2026,36.2891324076461,36.64783944972994,35.7112184628367,36.558162689208984,326700
31-07-2026,36.59801700976765,36.66776517349712,36.139670847834026,36.27916717529297,422100
03-08-2026,36.99658346770827,37.405110080694435,36.05995869574725,36.26920700073242,499000
04-08-2026,35.88060651140762,36.667768780636,35.88060651140762,36.34891891479492,401700
05-08-2026,36.348917320474456,36.74748153578926,36.11974422701496,36.33895492553711,317600
06-08-2026,36.488412221107076,36.488412221107076,35.601610867933076,35.6414680480957,354200
07-08-2026,35.581682240677566,35.930426865251356,35.203050432497896,35.33258056640625,447000
10-08-2026,35.14326685312959,35.73114699309764,34.57531530446437,35.01373291015625,357100
11-08-2026,34.88419816938473,34.92405535107887,33.95754340143146,33.98743438720703,444500
12-08-2026,33.867865594678676,34.13689206031079,33.07073718943264,33.33976745605469,487100
13-08-2026,33.66858451059648,34.2166074550181,33.200272128513795,33.67854690551758,498300
14-08-2026,33.68851385254346,33.92764934588206,33.39955498051836,33.77819061279297,329700
17-08-2026,33.5091586069796,33.857899433890964,33.15045158444794,33.64865493774414,696900
18-08-2026,33.84793666535142,34.00736158460548,33.49919204130261,33.59883499145508,324800
19-08-2026,33.6087971725042,34.216605861109066,33.6087971725042,33.97746658325195,317000
20-08-2026,33.43941138024659,33.55897912411678,32.62235816198521,33.06077575683594,395800
21-08-2026,33.53905118082335,33.79811526437535,33.270020901178896,33.65861892700195,342600
24-08-2026,33.61876493401089,33.95754337617899,33.46930240326406,33.67854690551758,352400
25-08-2026,33.49919187001906,33.49919187001906,32.73195826222246,33.170379638671875,446200
26-08-2026,33.25009046115581,33.63868846537138,32.93124062174868,33.409515380859375,403700
27-08-2026,33.17038160188459,33.57890821712511,32.81167456391924,33.23016357421875,472200
28-08-2026,33.529087162746094,33.87782798929878,33.20027112543361,33.33976745605469,419200
31-08-2026,33.02091953567872,33.299912213154094,32.13411812428328,32.472896575927734,800100
01-09-2026,32.16400674178014,32.751886841009245,31.66580529719923,32.05440139770508,700800
02-09-2026,31.88501507957771,32.3234326685655,28.178382760755,28.367698669433594,2130700
03-09-2026,28.437448633162575,29.11500360472958,27.082334889038588,27.13215446472168,1377000
04-09-2026,26.87308811362766,27.680178911951508,26.803339948450407,27.640321731567383,924500
08-09-2026,27.321473654028253,28.008994856073,27.142120131712662,27.520755767822266,1160800
09-09-2026,27.550645393136232,28.01895776726209,27.271652728205076,27.441041946411133,1179900
10-09-2026,27.4410417703749,27.640321972548044,26.952800808887492,27.570573806762695,1067500
11-09-2026,27.979101291253077,28.11859762723349,27.47093362383081,27.789783477783203,893500
14-09-2026,27.82964059649364,28.028920804513227,27.29158004380118,27.729999542236328,821200
15-09-2026,27.739999771118164,27.8799991607666,27.389999389648438,27.760000228881836,835700
16-09-2026,28.90999984741211,28.969999313354492,27.979999542236328,28.170000076293945,1247500
17-09-2026,28.520000457763672,28.540000915527344,27.649999618530273,27.670000076293945,789900
18-09-2026,27.290000915527344,27.670000076293945,27.270000457763672,27.56999969482422,1334800
21-09-2026,27.520000457763672,27.90999984741211,27.329999923706055,27.65999984741211,713900
22-09-2026,28.149999618530273,28.59000015258789,27.899999618530273,28.219999313354492,733100
23-09-2026,27.8700008392334,28.149999618530273,26.860000610351562,26.940000534057617,613300
24-09-2026,26.940000534057617,27.329999923706055,26.6299991607666,27.049999237060547,657900
25-09-2026,27.1200008392334,27.239999771118164,26.75,27.1200008392334,446500
28-09-2026,27.049999237060547,27.459999084472656,26.760000228881836,27.1299991607666,659300
29-09-2026,27.040000915527344,27.280000686645508,26.739999771118164,27.25,614400
