Date,Open,High,Low,Close,Volume
30-09-2021,15.858152886483795,16.080690915004702,15.480808763421388,15.500160217285156,260700
01-10-2021,15.59691563629247,15.68399348773989,15.374378530568947,15.538861274719238,232700
04-10-2021,15.509833844664179,15.722694271982252,15.500158119042089,15.606587409973145,260500
05-10-2021,15.674317613933594,15.780746905710728,15.558210751001473,15.722694396972656,287200
06-10-2021,15.683990420589042,15.848474055301127,15.461454281112648,15.829124450683594,340900
07-10-2021,15.780746713993736,15.954906083548103,15.616263070020828,15.790422439575195,595500
08-10-2021,15.945232118995431,15.9549078456455,15.538860826973298,15.558212280273438,283500
11-10-2021,15.558214595292553,15.654970030734033,15.432432898309917,15.461459159851074,254900
12-10-2021,15.471131324768066,15.587238189648433,15.42275361818925,15.471131324768066,209500
13-10-2021,15.54853696804133,15.993611178526386,15.442106740238097,15.761399269104004,560500
14-10-2021,15.935557567046429,16.341928889024516,15.867829320959464,16.206472396850586,496600
15-10-2021,16.254846643995936,16.390304960424174,15.964582250353727,16.032310485839844,485000
18-10-2021,15.90653331899901,16.206473505963675,15.838805068276965,16.10004234313965,222400
19-10-2021,16.206472854224284,16.245175764769836,15.993612382592788,16.148420333862305,203800
20-10-2021,16.15809671129262,16.3129046687877,16.022638364392108,16.10004234313965,349100
21-10-2021,16.071014126968866,16.46770967770284,16.012959769210653,16.361278533935547,278600
22-10-2021,16.341924528518074,16.516083883674458,16.158091294035945,16.187116622924805,346200
25-10-2021,16.225820924752977,16.390304569347208,16.10971406279283,16.167766571044922,239700
26-10-2021,16.24517415502234,16.341927730886134,16.109715826991927,16.235498428344727,191600
27-10-2021,16.148418963567217,16.21614720581842,15.906531329552246,15.945232391357422,176000
28-10-2021,16.003287610203483,16.293552048400368,16.003287610203483,16.12906837463379,207000
29-10-2021,16.012959815558364,16.2838746161792,15.751722586714665,15.80009937286377,351900
01-11-2021,15.858150673189458,15.916205026678218,15.713018480379473,15.790422439575195,510900
02-11-2021,15.867828116155035,16.032311777930104,15.732371634265977,15.858152389526367,310700
03-11-2021,15.867827205222753,16.35160243614696,15.85815147914954,16.196794509887695,350600
04-11-2021,16.206471276941734,16.28387524504321,15.83880288982377,16.01296043395996,329700
05-11-2021,16.109714820684854,16.35160243614696,16.022635131482012,16.196794509887695,316000
08-11-2021,16.274198590632253,16.40965506572405,16.158093567826732,16.35160255432129,266300
09-11-2021,16.351603817938294,16.429007787608942,16.25484839448593,16.399982452392578,116000
10-11-2021,16.39031032303223,16.496739651279558,16.254851962284512,16.467714309692383,256500
11-11-2021,16.487059973157518,16.69992040029657,16.361277385632107,16.690244674682617,283100
12-11-2021,16.69992311666924,17.106294431274865,16.632194871811013,16.79667854309082,226900
15-11-2021,16.835379809928128,16.893432328300435,16.622519345592146,16.72895050048828,167300
16-11-2021,16.77732729155582,16.87408271914719,16.651544682050158,16.72895050048828,258200
17-11-2021,16.738623979216943,16.912783375595833,16.54511497415081,16.86440658569336,479200
18-11-2021,16.864405460413064,17.077265905419534,16.593490656849827,16.670894622802734,273100
19-11-2021,16.670892401546812,16.82570031282578,16.5451116656786,16.806350708007812,415700
22-11-2021,16.89343088344168,17.299802168204337,16.767650130150056,17.048240661621094,315400
23-11-2021,16.990188438958402,17.193375029614735,16.883759125239713,17.13532066345215,231300
24-11-2021,17.13532328784847,17.14499901702414,16.922462782353634,17.086946487426758,196400
26-11-2021,16.94180722944375,16.961158679786614,16.593488505095696,16.661216735839844,474000
29-11-2021,16.77732494357034,16.893429964066062,16.458033369023056,16.487060546875,321300
30-11-2021,16.41933067320338,16.59349005160906,16.129066272831274,16.196794509887695,550800
01-12-2021,16.419331783078455,16.612842626711046,16.07101484817844,16.090364456176758,262300
02-12-2021,16.003283388442675,16.341924528518074,15.974256214098009,16.187116622924805,307400
03-12-2021,16.274199848267646,16.53543893795216,16.17744442481528,16.399982452392578,205000
06-12-2021,16.554970143281896,17.039316837122474,16.554970143281896,16.7099609375,353300
07-12-2021,16.574351090047717,16.932766752306115,16.33217764617273,16.603410720825195,203500
08-12-2021,16.66152700989678,16.942447131599558,16.370917884963273,16.496849060058594,175100
09-12-2021,16.40966944576936,16.719651089763722,16.31279972011204,16.322486877441406,195200
10-12-2021,16.45810381637926,16.63246895760775,16.29342583273418,16.409669876098633,548600
13-12-2021,16.409667072798925,16.584032184240233,16.18686618171499,16.448413848876953,248500
14-12-2021,16.399982269283885,16.593719872735893,16.06093915369745,16.109373092651367,391400
15-12-2021,16.177178815559785,16.39997783066588,15.925318336364954,16.37091636657715,261000
16-12-2021,16.419354427920446,16.52590944915476,16.089998512899268,16.099685668945312,201800
17-12-2021,16.128749544449857,16.23530644143155,15.595968754814555,15.867201805114746,1710400
20-12-2021,15.731584176592333,15.799392434411487,15.33441993996319,15.789705276489258,737500
21-12-2021,15.876884670664792,15.944692914904739,15.721893870220319,15.847825050354004,316800
22-12-2021,15.857515806454268,15.99313232572306,15.547532287553953,15.983445167541504,186800
23-12-2021,15.973759114139746,16.186871065963775,15.741272844612633,16.060941696166992,166200
27-12-2021,16.10937205737065,16.312798652703684,15.973755558906104,16.283737182617188,138000
28-12-2021,16.31279972011204,16.458103384779854,16.26436578110155,16.322486877441406,108100
29-12-2021,16.322486674281166,16.45810317993164,16.2740508882372,16.45810317993164,153400
30-12-2021,16.477479780527393,16.603409146441223,16.341863256060716,16.39998435974121,157600
31-12-2021,16.399981484083725,16.448415420718717,16.215929199125505,16.293424606323242,203600
03-01-2022,16.351545799679972,16.52591092884888,15.935009138220781,16.225616455078125,186000
04-01-2022,16.25467491917366,16.564656492520204,16.215926298687382,16.46778678894043,180200
05-01-2022,16.399980467380907,16.47747586977438,16.244989662593955,16.254676818847656,291000
06-01-2022,16.196552907923582,16.303109772674166,15.867197005636346,15.935007095336914,221000
07-01-2022,15.983444739660941,16.031878681635636,15.712209860747874,15.789705276489258,192600
10-01-2022,15.73158280755537,15.838139687790356,15.537845208880103,15.809078216552734,225300
11-01-2022,15.809079592333717,15.809079592333717,15.373167647833881,15.789705276489258,337400
12-01-2022,15.721895954744939,15.809078522508772,15.499096880520181,15.605653762817383,406400
13-01-2022,15.595964756315803,15.799389491886844,15.528156511125456,15.64439868927002,214600
14-01-2022,15.537847066909553,15.615342485173887,15.315047046535897,15.450663566589355,195700
18-01-2022,15.382853424912518,15.402226815199697,15.218175450289861,15.34410572052002,209000
19-01-2022,15.305357749979466,15.402226547367171,15.063184370783013,15.334418296813965,270400
20-01-2022,15.402225954979398,15.79939013377528,15.276296615600586,15.276296615600586,234500
21-01-2022,15.072869655124716,15.731580536509345,15.072869655124716,15.227860450744629,315400
24-01-2022,15.12130585444396,15.683148958582843,15.12130585444396,15.634713172912598,361300
25-01-2022,15.489408683258706,15.537844466340037,14.91787937635242,15.140679359436035,282600
26-01-2022,14.8694450166445,14.888818405506157,14.268854257025785,14.307602882385254,619700
27-01-2022,14.385099603909703,14.578838129373445,14.065430805939991,14.142926216125488,358500
28-01-2022,14.152611567367137,14.297916145271364,13.958873053979605,14.288228988647461,307600
31-01-2022,14.278541573283588,14.511027785135768,14.104177376303497,14.491654396057129,379000
01-02-2022,14.55946466600376,14.830699541326421,14.23010869155354,14.423848152160645,244500
02-02-2022,14.385098351779417,14.443219442450394,14.152611217641278,14.23979377746582,194800
03-02-2022,14.22042075263893,14.443219812279398,14.15261158002905,14.181673049926758,209900
04-02-2022,14.133239420528184,14.133239420528184,13.658579790042253,13.978248596191406,404400
07-02-2022,13.997619967016197,14.133237380646001,13.707011751419788,13.832942008972168,306300
08-02-2022,13.881376530239127,14.084802183861099,13.832941674839985,13.99761962890625,219900
09-02-2022,14.065432204477704,14.142927622368633,13.958875312013985,14.016997337341309,281400
10-02-2022,13.920125978794964,14.104178267673424,13.765135161098247,13.813570022583008,402200
11-02-2022,13.862004884067767,13.987934230582741,13.716700299613487,13.813570022583008,263800
14-02-2022,13.862006187438965,14.007309861737237,13.862006187438965,13.862006187438965,246500
15-02-2022,13.891065854766877,14.075117225436228,13.755448423240184,13.794196128845215,207700
16-02-2022,13.774823925477587,14.065432204477704,13.58108538075026,14.016997337341309,332700
17-02-2022,13.939500522980323,14.104178500455546,13.852317955632481,14.036369323730469,270400
18-02-2022,13.668265763192615,14.046056583176735,13.532649256391775,13.968561172485352,596600
22-02-2022,13.987933156956322,14.036368014723525,13.658578156539104,13.668264389038086,216500
23-02-2022,13.71670012000417,14.0073083612893,13.590769851320008,13.629517555236816,228800
24-02-2022,13.51327617874183,13.639206463596846,13.416407368419838,13.552023887634277,283300
25-02-2022,13.60045633154756,13.98793335143629,13.45515268004381,13.852316856384277,204700
28-02-2022,13.813572581524442,13.949189110222733,13.687642287862944,13.910441398620605,267000
01-03-2022,13.900752754710595,14.026682102731373,13.716700463631325,13.89106559753418,274000
02-03-2022,13.89106566069617,14.268855554112609,13.881378503475709,14.036369323730469,209300
03-03-2022,14.084803764441677,14.181673486110569,13.9782478096604,14.055743217468262,209700
04-03-2022,14.007308257821604,14.230107322742974,13.987933944097247,14.123551368713379,169300
07-03-2022,14.104179593814907,14.191361244102932,13.81357132140013,13.862006187438965,345700
08-03-2022,13.92981191261127,13.95887245742292,13.57139544720736,13.697325706481934,392200
09-03-2022,13.89106559753418,14.026682102731373,13.794195873406336,13.89106559753418,194500
10-03-2022,13.842629165049592,13.862003477204443,13.697325519160414,13.832942008972168,159400
11-03-2022,13.862004546914397,14.06543022114813,13.639204559030727,13.658578872680664,202200
14-03-2022,13.736072778366745,13.755446166081157,13.55202051408073,13.745759010314941,248300
15-03-2022,14.094493721594452,14.50134515532596,13.629520258550594,13.910441398620605,574200
16-03-2022,13.978248360654979,14.491655688574081,13.803883224305102,14.433533668518066,302900
17-03-2022,14.385098877075164,14.511028219400155,14.259168610932058,14.365724563598633,225500
18-03-2022,14.394785109995315,14.462594283345057,14.191359437582317,14.365724563598633,526000
21-03-2022,14.375411195394895,14.511027689505891,14.152611217641278,14.23979377746582,169800
22-03-2022,14.278543043005797,14.307604515342247,14.152612767669062,14.191360473632812,188800
23-03-2022,14.191360517745384,14.47228161781034,13.949187123764622,13.978248596191406,159900
24-03-2022,14.046146632824128,14.298356678051661,13.91034193547093,13.949143409729004,172400
25-03-2022,13.987947063650632,14.075250625610352,13.871542622737758,14.075250625610352,190400
28-03-2022,14.007347341252645,14.114052105914642,13.920044704393188,14.075250625610352,371100
29-03-2022,14.201358643158986,14.35656459689289,14.16255715472551,14.249859809875488,333300
30-03-2022,14.211056813563085,14.298360384550083,13.823041970399045,13.881244659423828,212200
31-03-2022,13.852141692177415,13.852141692177415,13.532029242102958,13.648433685302734,441300
01-04-2022,13.64843463675844,13.716337927183842,12.581393370491739,12.979108810424805,824300
04-04-2022,13.027610813290377,13.153715866018246,12.688097138630702,12.862704277038574,494900
05-04-2022,12.736597953329312,13.037309189356826,12.649294392837373,12.67839527130127,577200
06-04-2022,12.63959442500866,12.755998869797423,12.416486137105268,12.658995628356934,575500
07-04-2022,12.658996236017858,12.688097117336884,12.397085528845604,12.639595031738281,431700
08-04-2022,12.600793347591388,12.823902567751452,12.406785933387196,12.57169246673584,419500
11-04-2022,12.600793347591388,12.746299602069774,12.51348977992442,12.57169246673584,356800
12-04-2022,12.610494066830778,12.843302966040499,12.426187252898167,12.52319049835205,425100
13-04-2022,12.581393208471962,12.823902710196014,12.581393208471962,12.746299743652344,259500
14-04-2022,12.765700340270996,12.81420242684231,12.523190832514784,12.765700340270996,336100
18-04-2022,12.75599823060516,12.853002392285147,12.591091710809332,12.67839527130127,205100
19-04-2022,12.79479901641449,13.066410284349285,12.697795785095089,12.969406127929688,350300
20-04-2022,13.056712096671575,13.279820402528564,12.988809729689077,12.998509407043457,299700
21-04-2022,13.13431540314107,13.493229377273313,12.979109460283926,13.464128494262695,354900
22-04-2022,13.48352657790477,13.842441418664896,13.396223943095805,13.502927780151367,478200
25-04-2022,13.415624516785595,13.774538440379033,13.29922007603369,13.687234878540039,399300
26-04-2022,13.580532563560219,13.871544160656583,13.532030476527432,13.609633445739746,426000
27-04-2022,13.648436167434369,13.648436167434369,13.163417103345296,13.289522171020508,262800
28-04-2022,13.367120981951162,13.706634591058187,13.367120981951162,13.599930763244629,253600
29-04-2022,13.590233179777906,13.629034664423438,13.308922184822706,13.38652515411377,278000
02-05-2022,13.396223673474768,13.590231066534821,13.202215355314495,13.376822471618652,290000
03-05-2022,13.338022289460518,13.464127338482001,13.182816359926482,13.396224975585938,202100
04-05-2022,13.444724244681176,13.823039338562099,13.386522491838068,13.7842378616333,326000
05-05-2022,13.677538165515736,13.696938447293958,13.376825934599376,13.580533981323242,277300
06-05-2022,13.561128362112251,13.784237543122623,13.42532365854957,13.599930763244629,212500
09-05-2022,13.512628568596515,13.813339806785525,13.512628568596515,13.735736846923828,306000
10-05-2022,13.784238928112451,13.881243090489699,13.386523527546194,13.735736846923828,260300
11-05-2022,13.79393883292865,13.842440911668453,13.357421974470823,13.47382640838623,206300
12-05-2022,13.483528272362467,13.852142835468968,13.405925303824292,13.658135414123535,321300
13-05-2022,13.658134286844453,13.852141692177415,13.483527159494647,13.648433685302734,212500
16-05-2022,13.590233476480615,13.696937330310302,13.26042038724291,13.347723960876465,228100
17-05-2022,13.483526764823187,13.774538326854676,13.483526764823187,13.735736846923828,170700
18-05-2022,13.696935230579749,13.696935230579749,12.959706194135736,13.008208274841309,369600
19-05-2022,12.89180524066382,13.260419799043339,12.755999584913361,12.979108810424805,323400
20-05-2022,13.11491336587194,13.211916604612252,12.882103557674604,13.192516326904297,277700
23-05-2022,13.367124482690908,13.425327174532121,13.202217935091278,13.250720024108887,219100
24-05-2022,13.260419267775278,13.648434089944878,13.114913940736756,13.56113052368164,446700
25-05-2022,13.570828893510871,13.871541025059287,13.522326817441751,13.706634521484375,230600
26-05-2022,13.803638458251953,14.04614792596629,13.696934625493718,13.803638458251953,206300
27-05-2022,13.813342094421387,13.89094506713496,13.745439724572114,13.813342094421387,178200
31-05-2022,13.726036338407694,13.929744340696088,13.454425977056587,13.852141380310059,433400
01-06-2022,13.978245811522699,14.152852927313061,13.784238419033532,13.871541976928711,258700
02-06-2022,14.03644811235488,14.540867319190127,14.017046911080348,14.3468599319458,273900
03-06-2022,14.249856169419466,14.424463285312902,14.16255353657297,14.259556770324707,188100
06-06-2022,14.366264343261719,14.4147655070849,14.201357795981776,14.366264343261719,160700
07-06-2022,14.308058849750685,14.395362407697402,14.036448500105513,14.259556770324707,220800
08-06-2022,14.298357662214928,14.298357662214928,13.67753403135415,13.7842378616333,162200
09-06-2022,13.755138773419517,13.92974497974833,13.755138773419517,13.832741737365723,163700
10-06-2022,13.755138016745114,13.881243057495698,13.590231496155909,13.677535057067871,245000
13-06-2022,13.473828085787419,13.6096328130454,13.357423637380439,13.405924797058105,318700
14-06-2022,13.405925433886352,13.764839398132619,13.173116526013159,13.38652515411377,297000
15-06-2022,13.42532691338041,13.696937311455049,13.42532691338041,13.570832252502441,238100
16-06-2022,13.425324775907146,13.473826856259171,13.20221557632793,13.279818534851074,398600
17-06-2022,13.376825132363313,13.522330474825333,12.814203118029573,13.085813522338867,463100
21-06-2022,13.105214316291216,13.338023226955809,13.076112508632859,13.173116683959961,235300
22-06-2022,13.144014965774,13.192517050354041,13.017909915906019,13.124613761901855,201500
23-06-2022,13.202218591468403,13.367125147266725,13.07611352379319,13.289522171020508,259700
24-06-2022,13.454669505538602,13.775249995648794,13.454669505538602,13.600387573242188,669100
27-06-2022,13.6975312234625,13.969538668935652,13.61981481047017,13.746103286743164,194000
28-06-2022,13.784961231191328,13.901536774916478,13.376950533964122,13.386664390563965,139600
29-06-2022,13.38666448002861,13.38666448002861,13.134086604143324,13.357521057128906,178100
30-06-2022,13.289519307287252,13.512953758239746,13.153515124238318,13.512953758239746,229400
01-07-2022,13.435239102256183,13.72667614603639,13.425524317957851,13.668388366699219,231200
05-07-2022,13.610099735625084,13.639243158259605,13.270089741229103,13.512953758239746,268000
06-07-2022,13.52267034012245,13.648959756941963,13.192375084818007,13.444953918457031,173200
07-07-2022,13.49352437619971,13.639242407807384,13.49352437619971,13.551811218261719,165000
08-07-2022,13.736389193027893,13.736389193027893,13.454666969176778,13.610099792480469,173700
11-07-2022,13.532385584539062,13.794678284964482,13.444954375579636,13.716961860656738,154800
12-07-2022,13.755819208932861,13.90153819019824,13.648959363833821,13.687817573547363,153300
13-07-2022,13.658672716600252,13.97925314475695,13.522668533628165,13.862678527832031,414100
14-07-2022,13.843248694569706,13.89182168229733,13.53238305543721,13.72667407989502,203400
15-07-2022,13.979255433572497,14.018113645576369,13.804393016328648,13.84325122833252,188900
18-07-2022,13.950110004844404,14.018112565451078,13.73639031851709,13.775248527526855,173600
19-07-2022,13.891821479720193,14.396978135944064,13.891821479720193,14.260974884033203,257100
20-07-2022,14.338691443280737,14.338691443280737,14.105542214882517,14.20268726348877,261900
21-07-2022,14.086114449513781,14.358121917407955,13.950110252340297,14.231832504272461,207300
22-07-2022,14.319264259755755,14.319264259755755,14.09582977698473,14.1541166305542,135200
25-07-2022,14.41640908118849,14.523268921696843,14.16383026567483,14.338692665100098,325500
26-07-2022,14.4261236210544,15.038140155796066,14.163830026348478,14.872993469238281,354400
27-07-2022,14.872995975865988,15.028428831612379,14.707848335022222,14.989570617675781,337300
28-07-2022,14.98957016776504,15.504441718584358,14.814707747072381,15.4558687210083,329100
29-07-2022,15.455867860240357,15.533584281452718,15.145002175390909,15.426724433898926,368900
01-08-2022,15.689017683499555,15.815308030540402,15.251862566973635,15.349008560180664,285500
02-08-2022,15.426724928334806,15.47529792476253,15.0672862370942,15.154717445373535,205600
03-08-2022,15.213004854870666,15.242148283209268,14.989570360186587,15.077001571655273,209900
04-08-2022,15.125572854854942,15.417009902406006,15.106144212459716,15.339293479919434,217800
05-08-2022,15.271289053889815,15.446150509335014,15.193572645591356,15.436436653137207,161400
08-08-2022,15.446151616790646,15.504439390419929,15.33929177933181,15.37814998626709,149400
09-08-2022,15.37815159771949,15.446153235368831,15.213003969325813,15.368436813354492,163200
10-08-2022,15.48500968935752,15.689015505610692,15.407293276161333,15.659873008728027,303200
11-08-2022,15.766732992324757,15.883308546509102,15.572442872558279,15.727875709533691,146100
12-08-2022,15.737591583570778,15.999883356069253,15.689017660585355,15.990168571472168,198900
15-08-2022,15.844448269169124,15.883307402065839,15.708445009841503,15.786161422729492,176000
16-08-2022,15.795874799017229,16.47589288799165,15.795874799017229,16.310747146606445,389400
17-08-2022,16.19417366229727,16.19417366229727,15.689016033085604,15.805591583251953,161300
18-08-2022,15.776450157165527,15.902740514333251,15.698733726949179,15.776450157165527,182700
19-08-2022,15.757019188501387,15.844450396351553,15.562729056649887,15.60158634185791,289300
22-08-2022,15.630729056966883,15.844448735472278,15.426723235518828,15.514154434204102,228700
23-08-2022,15.514154866374255,16.126172347767092,15.514154866374255,15.689016342163086,372700
24-08-2022,15.737588524837271,15.863876994242734,15.601583419817533,15.630727767944336,188900
25-08-2022,15.698732590554146,15.931881864326053,15.611301381276467,15.834735870361328,253500
26-08-2022,15.77644889209531,15.815308030540402,15.30043556357715,15.349008560180664,188100
29-08-2022,15.5238692741698,15.96102529527511,15.028427327671789,15.067285537719727,171600
30-08-2022,15.096426782894696,15.096426782894696,14.756416799251626,14.931279182434082,299600
31-08-2022,15.08671325040059,15.193574016290993,14.678701606798272,14.717559814453125,249600
01-09-2022,14.698131511634621,14.756418361230033,14.494125685145137,14.600985527038574,254800
02-09-2022,14.620415273013714,14.639843914298432,14.251261824076272,14.319263458251953,251400
06-09-2022,14.299836594425638,14.62041709032002,13.7363920303414,13.833537101745605,484900
07-09-2022,13.872394459441292,14.192974935550547,13.600386979262831,14.12497329711914,289700
08-09-2022,13.998683981538045,14.095829974116203,13.765534711093881,13.872394561767578,192600
09-09-2022,13.901537305201524,14.338692368261992,13.901537305201524,14.328977584838867,216700
12-09-2022,14.494125352050915,14.824420580343528,14.494125352050915,14.717559814453125,245500
13-09-2022,14.426123239006671,14.445551878959575,14.115256661685747,14.22211742401123,237600
14-09-2022,14.17354369268898,14.338691292683029,14.018110875389327,14.260974884033203,279200
15-09-2022,14.22211679685734,14.299833206147325,13.98896664253471,14.105542182922363,150800
16-09-2022,13.7849635003128,13.852966066421718,13.503241230584015,13.716961860656738,587900
19-09-2022,13.697532880599624,14.173546199379246,13.697532880599624,14.1541166305542,207300
20-09-2022,14.037542342539396,14.037542342539396,13.571243796692933,13.716961860656738,421900
21-09-2022,13.852964516329518,14.144401538099329,13.814106308523726,13.920966148376465,237700
22-09-2022,13.911251041579735,13.950109248482645,13.7849616375321,13.814105987548828,217200
23-09-2022,13.755818868409206,13.81410664476301,13.619815601004953,13.804391860961914,231200
26-09-2022,13.677924633226983,14.096238896857272,13.580641728517499,13.765478134155273,399100
27-09-2022,13.755750251619617,14.115695505884197,13.716837276233134,13.833576202392578,387300
28-09-2022,13.843302819834628,14.349172393611427,13.755749326919524,14.203248977661133,262800
29-09-2022,14.076781584216933,14.281074923202418,13.979498688411102,14.203248977661133,315000
30-09-2022,14.203250447760572,14.329716926536161,13.911402657893989,13.921131134033203,434800
03-10-2022,14.086511316385849,14.300533163698049,13.921131852279373,14.144881248474121,448000
04-10-2022,14.232435649786925,14.52428345403562,14.232435649786925,14.514554977416992,330500
05-10-2022,14.368630995659952,14.641021836367855,14.212978158925448,14.251891136169434,352700
06-10-2022,14.222704405321005,14.670204037346522,14.183791434177849,14.319987297058105,365500
07-10-2022,14.105967470647874,14.261619377055036,13.872489611037132,13.930858612060547,596000
10-10-2022,13.950316108125332,14.436728798490881,13.950316108125332,14.193522453308105,363000
11-10-2022,13.775207923639554,14.076784214787326,13.765479446689291,13.882219314575195,560400
12-10-2022,13.765477391435777,14.242162485482348,13.57091252027314,14.096238136291504,606500
13-10-2022,13.901674982580664,14.319990203079032,13.784936045460826,14.310261726379395,530100
14-10-2022,14.300530433654785,14.446454772138473,14.232432965684115,14.300530433654785,513500
17-10-2022,14.358902859718158,14.660478208566808,14.319989881551926,14.553467750549316,499800
18-10-2022,14.786945155110581,15.000966992182036,14.34917393255058,14.456184387207031,444900
19-10-2022,14.446456673117089,14.504825673984481,13.872489573955987,14.1254243850708,226100
20-10-2022,13.911402153165541,14.115695505884197,13.716837276233134,13.833576202392578,247400
21-10-2022,13.930860175133652,14.057327595219029,13.74602374747573,13.998958587646484,208600
24-10-2022,13.998957361089754,14.349174159115767,13.998957361089754,14.23243522644043,230800
25-10-2022,14.232434705974754,14.35890211035456,13.891945468970773,14.329716682434082,307900
26-10-2022,14.39781583788439,14.611837681677954,14.144881015924595,14.553467750549316,296700
27-10-2022,14.611838771212575,14.670207778934929,14.2032520061215,14.349175453186035,339700
28-10-2022,14.39781498186659,14.670205812835295,14.281076054308574,14.53400993347168,251900
31-10-2022,14.41727227150252,14.699391603139256,14.319990287210416,14.475642204284668,272600
01-11-2022,14.660476901811185,14.825857276216201,14.553466453332026,14.806401252746582,335800
02-11-2022,14.534010039084764,14.942596752386127,14.232434705974754,14.329716682434082,305100
03-11-2022,14.135152670759778,14.135152670759778,13.162327279807805,13.619555473327637,545800
04-11-2022,13.716836396006945,13.872488287564499,13.065043404290853,13.259608268737793,514000
07-11-2022,13.347162129754219,13.804389310083865,13.230423215983347,13.746020317077637,388800
08-11-2022,13.843303650148561,14.125423879355202,13.804390675043939,14.037869453430176,356200
09-11-2022,13.979499717376978,14.212977571186048,13.707108887933064,13.814119338989258,267900
10-11-2022,14.193521882097563,14.8842279117299,14.076782952438956,14.855043411254883,338000
11-11-2022,15.351182477404711,15.390095451034998,14.825856869516594,15.069063186645508,419000
14-11-2022,15.049610419117954,15.487381699093401,14.04759950781394,15.176077842712402,307100
15-11-2022,15.380369791347995,15.71112964392614,15.341456812941237,15.623575210571289,342900
16-11-2022,15.594390552328973,15.788954503077921,15.321998794659992,15.652759552001953,387700
17-11-2022,15.42900984942112,15.53602123260498,15.030151600939423,15.53602123260498,207100
18-11-2022,15.759770540624773,15.973791437802355,15.701399686880615,15.915422439575195,394900
21-11-2022,15.915420617844187,16.07107249897819,15.827866202766714,15.895963668823242,232600
22-11-2022,16.022430557895255,16.080801406529968,15.905692571659502,16.002975463867188,255900
23-11-2022,16.032163528397426,16.158631880386647,15.759773580452682,16.051620483398438,243700
25-11-2022,16.100257299064044,16.236454097116333,15.83759588924826,16.216997146606445,108600
28-11-2022,16.158627001194684,16.401833298717705,15.779223915307357,15.876506805419922,275700
29-11-2022,15.934875797280744,15.934875797280744,15.701397974320662,15.876506805419922,219100
30-11-2022,15.895965467966127,16.30455216606688,15.662487619839553,16.28509521484375,392700
01-12-2022,16.275364536904682,16.508842353437824,15.925148739863342,16.158626556396484,338200
02-12-2022,15.973792483908692,16.382379209290704,15.91542348185901,16.255910873413086,253800
05-12-2022,16.246181329133133,16.246181329133133,15.847323151787661,15.895963668823242,263800
06-12-2022,15.75977540175464,15.895970391466589,15.681949428273873,15.886241912841797,244000
07-12-2022,15.866782421725004,15.944608382777249,15.779227983601569,15.82787036895752,195700
08-12-2022,15.827869809956455,15.964232401515153,15.594104571083983,15.613585472106934,226800
09-12-2022,15.50644111875491,15.827868528404318,15.48696021930929,15.73046588897705,158200
12-12-2022,15.788904790094676,16.051891326904297,15.681763571906036,16.051891326904297,238300
13-12-2022,16.470718892058564,16.801886661843564,16.042148509195567,16.236953735351562,559300
14-12-2022,16.383061398786307,16.870072745279604,16.37332094892034,16.65578842163086,584700
15-12-2022,16.636304945323648,16.685005329310084,15.866828103094683,15.94474983215332,357700
16-12-2022,15.75968590142149,16.081113283807685,15.6817641680491,15.720724105834961,1773800
19-12-2022,15.847350710979404,16.246699892944996,15.613585472106934,15.613585472106934,396400
20-12-2022,15.525920563055571,15.594102779903816,14.863585795661105,14.922026634216309,275200
21-12-2022,15.175272512804922,15.525920325471528,14.999948142021434,15.486959457397461,221000
22-12-2022,15.331117850374868,15.350598751232244,15.107093063917903,15.311637878417969,150700
23-12-2022,15.253194743796513,15.438259569827473,15.253194743796513,15.350597381591797,146900
27-12-2022,15.350596808189488,15.555141596798752,15.272675072424088,15.360337257385254,108100
28-12-2022,15.340857449564059,15.37007787032825,14.93176784326365,14.941508293151855,96400
29-12-2022,14.999948974464113,15.243454645665807,14.980469003796195,15.136312484741211,166000
30-12-2022,15.019430034456654,15.126572196525647,14.844105652070644,14.941508293151855,155000
03-01-2023,15.097351580995028,15.272675961119232,14.970728520783148,15.185013771057129,232300
04-01-2023,15.282415700991605,15.496700954336479,15.204493959575364,15.389558792114258,213000
05-01-2023,15.233712126472632,15.29215295587444,14.873323915494026,15.009686470031738,155400
06-01-2023,15.058391823403014,15.49670187719673,15.029171400856894,15.438261032104492,134500
09-01-2023,15.438258253219047,15.759685630070898,15.418777355761206,15.56488037109375,120400
10-01-2023,15.477219713949719,15.681764500615145,15.389557529821627,15.55514144897461,142300
11-01-2023,15.788906283797594,15.944751617162257,15.662284156577222,15.818127632141113,130300
12-01-2023,15.925270597718875,15.983711436162768,15.788906164282112,15.96423053741455,158600
13-01-2023,15.808386062082437,16.071372605129437,15.779166573610976,16.06163215637207,139400
17-01-2023,16.07137438708554,16.285658710105043,15.886309555777288,15.983712196350098,131300
18-01-2023,16.120076046133057,16.373322188416964,16.061635200313997,16.090856552124023,195000
19-01-2023,15.954489839339926,16.159035557406206,15.759686428296648,16.032411575317383,167200
20-01-2023,16.27591595974919,16.27591595974919,15.65254212067531,16.24669647216797,174500
23-01-2023,16.15903338905261,16.58760380831984,16.07137121561612,16.470720291137695,155700
24-01-2023,16.363581777565237,16.519425271995306,16.266180986897194,16.441503524780273,115100
25-01-2023,16.37331695708684,16.431759642034255,16.217473512827862,16.402538299560547,125100
26-01-2023,16.52916398981177,16.53890443941765,15.769427498561287,15.973971366882324,202900
27-01-2023,16.01293317035869,16.47072315517461,16.01293317035869,16.197996139526367,145900
30-01-2023,15.973969975356404,16.39279998292,15.954489077841668,16.06163215637207,148800
31-01-2023,16.032413578069306,16.431764614866097,15.808388791374274,16.3830623626709,252600
01-02-2023,16.441503982230696,16.947996282121007,16.110337940703545,16.80189323425293,242600
02-02-2023,16.68500784555943,17.620070593079504,16.470723522782315,17.20124053955078,421200
03-02-2023,16.344100888761115,17.697991790434973,15.798646862040043,15.896049499511719,478300
06-02-2023,15.954493522644043,16.11033888837863,15.769430518098817,15.954493522644043,248300
07-02-2023,15.876568790263743,16.305139285582264,15.876568790263743,16.149295806884766,320400
08-02-2023,16.120072137090585,16.159033930055898,15.74020394468149,15.915528297424316,210200
09-02-2023,15.96423000098343,15.96423000098343,15.496699593540757,15.701245307922363,230900
10-02-2023,15.642804145812988,15.701246845818153,15.360338526991535,15.642804145812988,220800
13-02-2023,15.623324783525458,15.827868655950258,15.457739923604603,15.808387756347656,123300
14-02-2023,15.740204185031361,15.915528540451357,15.594101174781555,15.847347259521484,157800
15-02-2023,16.071372601342016,16.207735168311743,15.954489074081794,16.110334396362305,223800
16-02-2023,15.847349242608114,16.295398777815084,15.759687053928351,16.197996139526367,232800
17-02-2023,16.236961586328402,16.41228600308247,16.071377621371916,16.392805099487305,305700
21-02-2023,16.207735496480176,16.285657230297844,16.032411130940254,16.16877555847168,323200
22-02-2023,16.1785163326413,16.344100252557464,16.1785163326413,16.227216720581055,215700
23-02-2023,16.29539680480957,16.38305898287542,16.032410270612026,16.29539680480957,151100
24-02-2023,16.071374572978417,16.100595922828507,15.973971931278978,16.0129337310791,149500
27-02-2023,16.149294835493716,16.28565740670152,15.876567835277406,15.925270080566406,164000
28-02-2023,15.857089111019915,16.022673032701476,15.662283841582525,15.710984230041504,404700
01-03-2023,15.730467085574455,16.09085632152947,15.730467085574455,15.886310577392578,189500
02-03-2023,15.779166092862557,16.266177369089174,15.710982953638341,16.24669647216797,160300
03-03-2023,16.34409818384081,16.51942067291331,16.003189938010067,16.470720291137695,166900
06-03-2023,16.451241602871487,16.519422889626668,15.954489839339926,16.032411575317383,197100
07-03-2023,16.032413152926708,16.314880634765593,15.896050565998094,16.022674560546875,170300
08-03-2023,16.022670264592676,16.06163019706892,15.691502478442768,15.837605476379395,346500
09-03-2023,15.944751496467092,16.159035809295204,15.944751496467092,15.96423053741455,175900
10-03-2023,15.925269289940648,15.935009738514873,15.594101469619389,15.681763648986816,152800
13-03-2023,15.477220983432634,15.633063537364684,15.058390926645023,15.389558792114258,287200
14-03-2023,15.701244629984263,15.730464118062375,15.379816327620413,15.535659790039062,288700
15-03-2023,15.321375344937692,15.57462144871361,15.204492742171967,15.506440162658691,230300
16-03-2023,15.477217973512936,16.022670986250503,15.418776214365955,15.905787467956543,280900
17-03-2023,15.827868263207815,15.964230841440736,15.223974324018087,15.350597381591797,736400
20-03-2023,15.457739769083783,15.525921059210487,15.175273229972627,15.282415390014648,229800
21-03-2023,15.45773754150094,15.740204039906429,15.3895562611997,15.447997093200684,244000
22-03-2023,15.360337988345483,15.555142337029235,15.146052740343151,15.155793190002441,177500
23-03-2023,15.165531743494505,15.272674825112222,14.824624387266317,14.883065223693848,199500
24-03-2023,14.805144245076757,14.912287332164738,14.688261637353829,14.902546882629395,166200
27-03-2023,15.009829583228974,15.107358779859611,14.922052655180044,15.039088249206543,137200
28-03-2023,14.990323454617412,15.195135980365237,14.990323454617412,15.156124114990234,134100
29-03-2023,15.273159858287496,15.273159858287496,15.117112395283812,15.214642524719238,166500
30-03-2023,15.25365439047016,15.35118358978934,15.175630658968316,15.214642524719238,100700
31-03-2023,15.263407363258544,15.565750034359205,15.263407363258544,15.526738166809082,214200
03-04-2023,15.477971421237633,15.526736482915728,15.126864651364492,15.224393844604492,212200
04-04-2023,15.21464262331408,15.30241862423528,14.795264366186812,14.853781700134277,193800
05-04-2023,14.84402937008659,15.126865629977845,14.658722309744862,14.824522972106934,174100
06-04-2023,14.814768997677131,14.91229912223795,14.726993001711833,14.892793655395508,134800
10-04-2023,14.834275904912918,15.126865358543823,14.805017238584696,15.117112159729004,163900
11-04-2023,15.224394326703841,15.56574883914373,15.156123796262351,15.429206848144531,177800
12-04-2023,15.516982468260915,15.6047593886406,15.243899439392223,15.28291130065918,153000
13-04-2023,15.312172479568357,15.331678878464421,15.107359941741143,15.126866340637207,121600
14-04-2023,15.175630630755617,15.565749287539568,15.087853700450166,15.204889297485352,178900
17-04-2023,15.175631407761076,15.32192567901639,14.951312471037797,15.126866340637207,142200
18-04-2023,15.068347185367418,15.243901044613049,15.000076653490224,15.156124114990234,129300
19-04-2023,15.0293345849455,15.282912162539295,15.0293345849455,15.243900299072266,118800
20-04-2023,15.243901546591216,15.44871407908347,15.097606349030311,15.37069034576416,165300
21-04-2023,15.341430390822547,15.907102909269028,15.156124261034734,15.214642524719238,123300
24-04-2023,15.195134989711782,15.253653249017283,14.9903224773168,15.136617660522461,85000
25-04-2023,14.961066776196088,14.980572246417427,14.687983682282796,14.766007423400879,105200
26-04-2023,14.600202363751341,14.600202363751341,14.044282212308362,14.141812324523926,234500
27-04-2023,14.210084881536583,14.327120474898674,14.063790622363024,14.190579414367676,169000
28-04-2023,14.04428310106691,14.453908110108673,13.800458735214246,14.122306823730469,514500
01-05-2023,14.112554410103744,14.473414356221554,14.112554410103744,14.4441556930542,219300
02-05-2023,14.336872650857305,14.35637904675099,14.083295084936305,14.171072006225586,157000
03-05-2023,14.239346322312548,14.7465006259218,14.239346322312548,14.590453147888184,223600
04-05-2023,14.483168874318519,14.600204467773438,14.229591290108086,14.600204467773438,319800
05-05-2023,14.72699428251811,14.814770286117284,14.590452282281149,14.629464149475098,301200
08-05-2023,14.931804656982422,15.34142873818263,14.785509478588782,14.931804656982422,250300
09-05-2023,14.970816987413956,14.970816987413956,14.687980749800586,14.73674488067627,188000
10-05-2023,14.94155838843422,14.94155838843422,14.570945202361582,14.746499061584473,210900
11-05-2023,14.70748612357527,14.912298634359278,14.512426810951494,14.697732925415039,150100
12-05-2023,14.68798084174212,14.824521897234611,14.629462582162349,14.7757568359375,110300
15-05-2023,14.80501652297153,14.951310777657607,14.639215871598674,14.81476879119873,159600
16-05-2023,14.707488982874791,14.844030993314806,14.561194702494765,14.687983512878418,159100
17-05-2023,14.77575825566154,15.009830386355182,14.668475854592645,14.970818519592285,237500
18-05-2023,14.902547027265495,15.107359559916258,14.73674636130458,14.961065292358398,171300
19-05-2023,15.195136699667172,15.195136699667172,14.922053629115045,15.048842430114746,182700
22-05-2023,15.136618647360851,15.204889179238046,14.95131158924241,15.156124114990234,131400
23-05-2023,15.07809946428251,15.302417443973436,15.009828936570692,15.165876388549805,142500
24-05-2023,15.097604867574676,15.165876325117122,14.883040087058925,15.136617660522461,261100
25-05-2023,15.039088635823111,15.224394765266426,14.80501744175274,15.204889297485352,117900
26-05-2023,15.224394175215403,15.399948029022372,15.195135509619645,15.360936164855957,142700
30-05-2023,15.331677769961624,15.526737094237731,15.21464217539596,15.477972030639648,120400
31-05-2023,15.477972386008895,15.565749316477529,15.04884186274876,15.214642524719238,419300
01-06-2023,15.195136512847156,15.409702244986798,15.029335846664196,15.390195846557617,172900
02-06-2023,15.536487993994836,15.799818740388824,15.087851149487962,15.702288627624512,162600
05-06-2023,15.585256996162155,15.595010196513126,15.1561264119996,15.331680297851562,157500
06-06-2023,15.282914130869194,15.751056552766954,15.253655462029663,15.69253921508789,216500
07-06-2023,15.809570026548677,16.1509244900085,15.712041774330586,16.072900772094727,268300
08-06-2023,15.98512423623246,15.994877433732142,15.721795344669905,15.83882999420166,139000
09-06-2023,15.809570907344884,15.809570907344884,15.555994275055685,15.64377212524414,167000
12-06-2023,15.68278419536078,15.780314320328717,15.497478074061144,15.721796989440918,171200
13-06-2023,15.721798959640026,15.916857373787508,15.712045759897755,15.760809898376465,180900
14-06-2023,15.8290779348223,16.063149110947883,15.79982020045182,15.916854858398438,196800
15-06-2023,15.858335659160973,16.092406807681208,15.858335659160973,15.926606178283691,195700
16-06-2023,16.033894223594167,16.033894223594167,15.741303806309872,15.88759994506836,738100
20-06-2023,15.916855233341627,15.916855233341627,15.6535244564101,15.673030853271484,208500
21-06-2023,15.604759316358683,15.702289434132378,15.448711872013678,15.653523445129395,136000
22-06-2023,15.614513310408997,15.67303063996435,15.507229989363875,15.585253715515137,191800
23-06-2023,15.380184123533505,15.526661695054482,15.233706552012528,15.331357955932617,386300
26-06-2023,15.321594370892122,15.712202827192268,15.321594370892122,15.468072891235352,168300
27-06-2023,15.487599981074778,16.073511161889765,15.302061673303774,15.88797378540039,185600
28-06-2023,15.88797768233864,15.995393594399221,15.780559907714345,15.98563003540039,101500
29-06-2023,16.005155666034405,16.22975658983589,15.975861270041886,16.102807998657227,144800
30-06-2023,16.229756902063887,16.229756902063887,15.868443823177506,16.024686813354492,147900
03-07-2023,15.917268752930196,16.13210425721307,15.917268752930196,16.102807998657227,115100
05-07-2023,15.985626975962457,16.005155952786247,15.477836327276759,15.604783058166504,210100
06-07-2023,15.380185444313028,15.507133118464344,15.194647109034499,15.302063941955566,165000
07-07-2023,15.272769724305238,15.458308073103783,15.253238881651793,15.263004302978516,137200
10-07-2023,15.272769724305238,15.438778161732174,15.223943548953462,15.263004302978516,106000
11-07-2023,15.155586583631905,15.272768838913787,15.067699659350048,15.126290321350098,147400
12-07-2023,15.34112576837608,15.458308030125442,15.145821998793812,15.214178085327148,131300
13-07-2023,15.214177245631955,15.223942666392558,15.038403397068242,15.126290321350098,105000
14-07-2023,15.136056816696978,15.136056816696978,14.882161446586677,15.03840446472168,114300
17-07-2023,14.872395289727374,14.989578478816036,14.706387789629005,14.813804626464844,190500
18-07-2023,14.862631100957637,15.263004056057767,14.862631100957637,15.204412460327148,187200
19-07-2023,15.2825344416878,15.604785900008649,15.243473687081691,15.555960655212402,178000
20-07-2023,15.526661997766807,15.741497511911888,15.468071340528791,15.673139572143555,159100
21-07-2023,15.643847164208378,15.88797710673636,15.595020989446416,15.770793914794922,214200
24-07-2023,15.721967612873128,16.14187138376248,15.721967612873128,16.09304428100586,260900
25-07-2023,16.034449231280167,16.43482205147603,15.858675434596517,16.249282836914062,280400
26-07-2023,16.219998483909162,16.473893918184537,16.219998483909162,16.464128494262695,179600
27-07-2023,16.483650356757476,16.561771851810796,16.288347550405856,16.39576530456543,180900
28-07-2023,16.542244933149018,16.678957100861158,16.43482716562457,16.5910701751709,217000
31-07-2023,16.11257349270757,16.444590307622974,15.614548270334463,15.966095924377441,552100
01-08-2023,15.829383617227547,15.917270540200132,15.087229344831664,15.302063941955566,521600
02-08-2023,15.263003553457029,15.458307313991499,15.194647470090413,15.2727689743042,266700
03-08-2023,15.263003124725168,15.595019973948437,15.17511620213292,15.438776969909668,393100
04-08-2023,15.477836665787624,15.57548807101403,15.292297412678565,15.341123580932617,174500
07-08-2023,15.32159584640407,15.43877904647644,15.038405130673272,15.165352821350098,187600
08-08-2023,15.087230297228691,15.096995718460269,14.940752703882344,15.067700386047363,326600
09-08-2023,14.940753205278263,15.136056980054857,14.940753205278263,14.999343872070312,224700
10-08-2023,15.077464584411869,15.155587021471836,14.891926241009193,14.960282325744629,352100
11-08-2023,14.891924184793991,15.233706423842918,14.891924184793991,15.184880256652832,316300
14-08-2023,15.096996348111958,15.194648701936869,14.930987905378728,15.145822525024414,194600
15-08-2023,15.145820729138073,15.15558614961902,15.00910763625006,15.057933807373047,349800
16-08-2023,15.038403443481004,15.272768886049866,14.911456698328507,14.940752029418945,467100
17-08-2023,15.018874449622432,15.048169782500452,14.862631432563875,14.891926765441895,283100
18-08-2023,14.901691231546936,15.165351073110726,14.882160390025732,15.126290321350098,428100
21-08-2023,15.126289017756951,15.223941354383669,14.706386205338141,14.735681533813477,217900
22-08-2023,14.7161523513041,14.852865451721755,14.638030845717385,14.677091598510742,281100
23-08-2023,14.686856859706335,14.843099869179522,14.57944002351397,14.71615219116211,188900
24-08-2023,14.667327108773758,14.804039277909606,14.647796266736176,14.677091598510742,194900
25-08-2023,14.813804537723748,14.823569958636272,14.628265265512994,14.71615219116211,282100
28-08-2023,14.647793564053387,14.960279528743069,14.579437492097927,14.638028144836426,238000
29-08-2023,14.686857149834244,14.862631004604756,14.569674890414507,14.823570251464844,186100
30-08-2023,15.136055421355461,15.136055421355461,14.92122082558378,14.970046997070312,165200
31-08-2023,14.96028060426055,14.96028060426055,14.706386205338141,14.735681533813477,228900
01-09-2023,14.813806988946991,14.979815446801924,14.764980807586962,14.930989265441895,170600
05-09-2023,14.813805933646206,14.813805933646206,14.276719839510527,14.501319885253906,504000
06-09-2023,14.569673284449065,14.6380293620888,14.423195709140572,14.51108169555664,318000
07-09-2023,14.530612535614686,14.618499453312467,14.315777951384746,14.51108169555664,261000
08-09-2023,15.057934770304318,15.057934770304318,14.696622570939676,14.823570251464844,339100
11-09-2023,14.833334762246793,14.921221689756226,14.735683344899945,14.872395515441895,312100
12-09-2023,14.901690961562869,15.057933965774618,14.65756103466157,15.01887321472168,541600
13-09-2023,15.106760387108764,15.595020248981738,15.02863888371163,15.546194076538086,623900
14-09-2023,15.780560806606266,15.907509431586899,15.57549159852093,15.653614044189453,511600
15-09-2023,15.653613625569529,15.72196971600931,15.233709798509418,15.350892066955566,1134100
18-09-2023,15.458308073103783,15.497368827128836,15.263004302978516,15.263004302978516,242100
19-09-2023,15.321595003408298,15.33136042475735,15.057935145956783,15.077465057373047,221100
20-09-2023,15.175118243236444,15.30206593391327,15.096996730709456,15.165352821350098,246000
21-09-2023,15.136055374525949,15.282532957250593,14.91145629017726,14.921220779418945,201400
22-09-2023,14.921219415190889,15.048333452050572,14.745215220692529,14.754993438720703,254700
25-09-2023,14.754995492080324,14.921221491683132,14.754995492080324,14.794107437133789,162600
26-09-2023,14.764774136781439,14.823441589800442,14.588769912719727,14.588769912719727,166800
27-09-2023,14.598549759780447,14.666995440100127,14.305209664477953,14.510547637939453,257600
28-09-2023,14.510544613900224,14.862552095402371,14.432320729121969,14.657214164733887,273400
29-09-2023,14.715882856900281,14.754994800119526,14.334540711135944,14.363874435424805,287700
02-10-2023,14.285650369880143,14.383430692953475,13.96297660924133,14.187870979309082,296300
03-10-2023,14.090092422485935,14.373654275941497,13.982534799624302,14.285652160644531,187700
04-10-2023,14.148760235659662,14.354098185513825,13.962977792576092,14.129203796386719,213600
05-10-2023,14.090092407954993,14.207428250729144,13.982534785204283,14.148760795593262,220700
06-10-2023,13.923866397566014,14.295430365935353,13.923866397566014,14.148760795593262,155100
09-10-2023,14.041201816224923,14.383432046689238,14.002089869814917,14.354098320007324,189600
10-10-2023,14.412764552721562,14.70610459220415,14.412764552721562,14.598546981811523,246500
11-10-2023,14.608325193035167,14.794107633886668,14.598547906018512,14.784329414367676,252300
12-10-2023,14.833218371736091,14.852773876679525,14.500766395177378,14.657214164733887,148100
13-10-2023,14.657214179258947,14.813661948970493,14.451876248386975,14.47143268585205,238700
16-10-2023,14.569212405532648,14.882108884542305,14.569212405532648,14.872330665588379,233800
17-10-2023,14.911443658449214,15.214561939840035,14.911443658449214,14.960333824157715,271500
18-10-2023,14.774550357651918,14.774550357651918,14.490988535185478,14.50076675415039,254700
19-10-2023,14.55943709462054,14.63766099186142,14.266097013716035,14.314987182617188,321800
20-10-2023,14.559434789440362,14.862552110130919,14.334540421103315,14.47143268585205,304200
23-10-2023,14.402989786825957,14.500770134262988,14.217208245698602,14.246541976928711,197900
24-10-2023,14.324764382421561,14.412766499402698,14.148761080961691,14.226984977722168,191700
25-10-2023,14.129205223737635,14.217207344351275,13.943423694388521,14.060759544372559,207200
26-10-2023,13.90431122426823,13.982535121331429,13.004735475539054,13.07318115234375,427200
27-10-2023,12.965622962730134,13.092737023051296,11.880264806334967,12.085602760314941,884200
30-10-2023,12.222493727638348,12.486500039756425,11.890041749046222,12.056267738342285,518500
31-10-2023,11.948709255967133,11.968264759600958,11.352251008849146,11.401141166687012,698500
01-11-2023,11.244694494973318,11.674925874045202,11.186026113394188,11.626036643981934,564500
02-11-2023,11.733596352699534,12.134494078883042,11.723818131938362,11.938934326171875,365800
03-11-2023,12.144271146810235,12.30071893412786,12.03671352615496,12.085602760314941,225200
06-11-2023,12.046491327170145,12.29094123840332,11.919377261428604,12.29094123840332,395000
07-11-2023,12.271383840815547,12.271383840815547,11.909598139799757,12.105157852172852,349500
08-11-2023,12.066047471213485,12.281163648914063,12.007379083657916,12.075825691223145,349000
09-11-2023,12.193160621434465,12.193160621434465,12.026934623718262,12.026934623718262,287900
10-11-2023,12.0856036015198,12.339831739857388,11.987824193891642,12.18338394165039,290100
13-11-2023,12.144270896911621,12.261606734985362,12.095380731255307,12.144270896911621,204400
14-11-2023,12.427834063572792,12.711395935605431,12.271386262796502,12.633172035217285,392200
15-11-2023,12.603836568507878,13.082958125473453,12.603836568507878,12.994956016540527,389200
16-11-2023,13.004734862186988,13.004734862186988,12.662504629299553,12.779840469360352,315500
17-11-2023,12.916732602643803,12.916732602643803,12.682060925181501,12.740728378295898,394700
20-11-2023,12.760284620597513,12.867842237981014,12.574502179432338,12.750506401062012,286300
21-11-2023,12.770062597845252,12.770062597845252,12.564724654007312,12.623392105102539,161600
22-11-2023,12.672282612630601,12.7896184505019,12.623392447058642,12.652726173400879,124900
24-11-2023,13.161183603204817,13.200295552727615,12.906955465055406,12.96562385559082,207100
27-11-2023,12.916733685561713,13.014514025619928,12.750507666964207,12.96562385559082,209900
28-11-2023,12.93628913821114,13.112293376554943,12.779841340795508,13.014513969421387,314300
29-11-2023,13.053625918775294,13.27851939443466,12.946067358675226,13.014513969421387,217100
30-11-2023,13.151404994324553,13.229628891060123,12.965623472703177,13.122071266174316,279100
01-12-2023,13.073180475066668,13.40563248661325,13.043846748313252,13.337186813354492,174700
04-12-2023,13.307808667712976,13.650540482769165,13.307808667712976,13.5722017288208,252600
05-12-2023,13.464487075805664,13.523241612130898,13.31760213580009,13.464487075805664,234300
06-12-2023,13.533033717995998,13.542826296696,13.229471249269592,13.337186813354492,277800
07-12-2023,13.444901602134449,13.513448715209961,13.317601821862036,13.513448715209961,239600
08-12-2023,13.5134487825513,13.679918876194519,13.464486825502416,13.474279403686523,224500
11-12-2023,13.63095619567296,13.807218858145019,13.611371040344238,13.611371040344238,520300
12-12-2023,13.572202196422502,13.591787352520164,13.258847169833059,13.298016548156738,342000
13-12-2023,13.278434192841253,13.552619879656755,12.935701383918046,13.444903373718262,451000
14-12-2023,13.797428020489242,13.914936165665825,13.660334717514033,13.7288818359375,369600
15-12-2023,13.846388313859576,13.846388313859576,13.395940011318979,13.42531681060791,1111400
18-12-2023,13.55261964023323,13.55261964023323,13.01403992167076,13.05320930480957,349900
19-12-2023,13.082583881333196,13.444900847149215,13.082583881333196,13.395939826965332,403000
20-12-2023,13.435110732611097,13.709296399109205,13.337186813354492,13.337186813354492,437800
21-12-2023,13.327394370386306,13.817012103912393,13.278433344131068,13.807220458984375,537800
22-12-2023,13.905143796383937,14.28704597436873,13.797428228482875,14.012860298156738,368800
26-12-2023,14.052028453885342,14.218498547665265,13.963897117899306,14.169536590576172,203900
27-12-2023,14.218499233113963,14.296837994684424,14.09119851209404,14.179328918457031,294600
28-12-2023,14.149951298354909,14.2380826334949,13.983481206173067,14.10098934173584,472100
29-12-2023,14.081404885010528,14.198913018617247,13.905142217664633,13.963896751403809,337500
02-01-2024,13.885558790497267,14.003066930830338,13.58199539423307,13.64074993133545,334200
03-01-2024,13.572202913905768,13.60158064960529,13.307809829711914,13.307809829711914,284900
04-01-2024,13.376354661980344,13.376354661980344,13.190300357351932,13.249053955078125,220500
05-01-2024,13.160922944538319,13.44490116410891,13.131546144961119,13.346978187561035,420300
08-01-2024,13.346980257891838,13.533034595902947,13.27843407028855,13.523242950439453,189600
09-01-2024,13.337185155607832,13.484071016235548,12.974868193587342,13.327392578125,275100
10-01-2024,13.2784331026323,13.2784331026323,12.994454859706835,13.12175464630127,188000
11-01-2024,13.014039612575282,13.0336247706154,12.837776925701155,12.95528507232666,233700
12-01-2024,13.102170012790603,13.121754235549123,12.779022399365838,12.808399200439453,275200
16-01-2024,12.739852972994257,12.847568532448049,12.397120204203256,12.70068359375,341700
17-01-2024,12.534213120335579,12.808398766773173,12.514627964368504,12.788814544677734,228900
18-01-2024,12.808399583622297,12.886738344743337,12.651722061380214,12.867154121398926,161400
19-01-2024,13.004244933099116,13.004244933099116,12.700682503482806,12.92590618133545,288800
22-01-2024,13.02382947795449,13.346977047311643,13.02382947795449,13.31760025024414,352400
23-01-2024,13.454693226798554,13.493862602692388,13.219676971435547,13.219676971435547,218400
24-01-2024,13.356772724539175,13.356772724539175,12.974870538531949,13.05320930480957,154700
25-01-2024,13.209884588692988,13.258846542749822,12.945491530980647,13.102169036865234,189200
26-01-2024,13.180508054314686,13.209884853789681,12.906322413514284,12.945491790771484,205000
29-01-2024,12.90632103057495,13.082582742409732,12.818189707721803,13.07279109954834,281800
30-01-2024,12.994453225028119,13.072791976402913,12.876944164094349,12.965075492858887,190300
31-01-2024,13.131547284021975,13.160924086147388,12.671306359322577,12.681098937988281,479900
01-02-2024,12.65172132055114,12.984661502755902,12.40691247291489,12.749645233154297,297900
02-02-2024,12.563589420357719,12.867152788663475,12.367742537840261,12.661513328552246,287700
05-02-2024,12.524420165071898,12.544005320449,12.37753523523008,12.436288833618164,388800
06-02-2024,12.377536428012741,12.857361574531579,12.328574468723295,12.573383331298828,270500
07-02-2024,12.622346606476984,12.690892796305178,12.514630098036339,12.6321382522583,233600
08-02-2024,12.58317482390525,12.651721000671387,12.436288958714302,12.651721000671387,267800
09-02-2024,12.671305216099466,12.97486859024648,12.48525090759567,12.945491790771484,240500
12-02-2024,12.886736741484093,13.062999399013169,12.886736741484093,12.965075492858887,345100
13-02-2024,12.730061108001573,12.896531212585177,12.514629043151311,12.563591003417969,308400
14-02-2024,12.730059701796995,12.779021656655152,12.465665705885913,12.544005393981934,350200
15-02-2024,12.661513328552246,12.739852081559228,12.426496135659699,12.661513328552246,318400
16-02-2024,12.612551365183519,12.612551365183519,12.220856666564941,12.220856666564941,267000
20-02-2024,12.083766470002566,12.35795215420431,11.995635123755491,12.211067199707031,226200
21-02-2024,12.220858141817533,12.220858141817533,12.03480381457089,12.201273918151855,218700
22-02-2024,12.181687991240706,12.230649948120117,12.054388210774547,12.230649948120117,256400
23-02-2024,12.260026604427205,12.279610825133748,12.093556525999531,12.162102699279785,156900
26-02-2024,12.279611326087794,12.690890250290819,12.142518040062917,12.436288833618164,611200
27-02-2024,12.671306040747227,12.769229957198919,12.24044286287748,12.730060577392578,685600
28-02-2024,12.602759294739629,12.818191340955384,12.5537973387081,12.641928672790527,463400
29-02-2024,12.72026788596362,12.867153759336194,12.48525160921351,12.514628410339355,295600
01-03-2024,12.524421793067008,12.592967978053663,12.220858382364323,12.338367462158203,200200
04-03-2024,12.357950028227961,12.524420112751455,12.015218215404934,12.034802436828613,400400
05-03-2024,12.083765633094766,12.083765633094766,11.731240272521973,11.731240272521973,253800
06-03-2024,11.789994555610425,12.073972793335287,11.70186321737311,11.887918472290039,340000
07-03-2024,11.90750148210018,12.093556718060762,11.90750148210018,12.044594764709473,268700
08-03-2024,12.17189560085359,12.34815732739473,11.966256141662598,11.966256141662598,208800
11-03-2024,11.917292904109578,12.083762969040988,11.809577364277517,11.868330955505371,180300
12-03-2024,11.87812530792937,11.946671485900879,11.721447796067846,11.946671485900879,340500
13-03-2024,11.887916814136954,12.005424937439187,11.721446739324236,11.878124237060547,292600
14-03-2024,11.819370466039022,11.819370466039022,11.457053495833124,11.701862335205078,376400
15-03-2024,11.662692070690529,11.838954720463073,11.447260046954256,11.515807151794434,579100
18-03-2024,11.506014682614616,11.584353431275884,11.290582656860352,11.290582656860352,318600
19-03-2024,11.310168450996462,11.476638534789979,11.270999074449259,11.339545249938965,286300
20-03-2024,11.28079102895491,11.682277349855394,11.231829077507438,11.58435344696045,469500
21-03-2024,11.613733637778184,11.67248818345736,11.50601806021682,11.564772605895996,296400
22-03-2024,11.652900660212973,11.652900660212973,11.378715015020285,11.398300170898438,133900
25-03-2024,11.368873925891489,11.476774893293609,11.231544656533151,11.260972023010254,243400
26-03-2024,11.339444700844481,11.417918288907437,11.270779609680176,11.270779609680176,285300
27-03-2024,11.368873031758987,11.457156059726177,11.349254165331148,11.43753719329834,264300
28-03-2024,11.476774599671304,11.820097296544008,11.476774599671304,11.71219539642334,285500
01-04-2024,11.565056895670628,11.565056895670628,10.976504005800146,11.084405899047852,421300
02-04-2024,10.937265845190943,11.054977156872107,10.623371508651603,10.848983764648438,552300
03-04-2024,10.819557312241447,11.172689436487783,10.819557312241447,11.005932807922363,387200
04-04-2024,10.937269070683639,11.06478891637915,10.71165768363102,10.741085052490234,359500
05-04-2024,10.70184606149766,10.839175313903866,10.672418698653114,10.692036628723145,298900
08-04-2024,10.741081884853855,11.035358293098943,10.701845092786437,10.848983764648438,301900
09-04-2024,10.848984702957639,10.996122452066405,10.662609222908939,10.682228088378906,318000
10-04-2024,10.427189761311531,10.692037930106475,10.270242559732436,10.584136962890625,571800
11-04-2024,10.642992631222342,10.642992631222342,10.505663362101078,10.584136962890625,207200
12-04-2024,10.535089403791144,10.692036585634895,10.466425245604253,10.682228088378906,384600
15-04-2024,10.71165520335575,10.848984452032251,10.456615571018954,10.476234436035156,419900
16-04-2024,10.554709546124581,10.554709546124581,10.22119627662011,10.240814208984375,361100
17-04-2024,10.00539192799148,10.172148538081254,9.809207955967917,10.142721176147461,472900
18-04-2024,10.162339995053644,10.181958861712596,9.897491843511144,9.966156005859375,284400
19-04-2024,9.907300310316312,10.358523909182736,9.907300310316312,10.2898588180542,276100
22-04-2024,10.31928783536016,10.358524632109555,10.06424818874958,10.083866119384766,280000
23-04-2024,10.074056590363135,10.34871413948778,10.034818862152115,10.231003761291504,298000
24-04-2024,10.06424942063124,10.181959825287384,9.926920147459503,10.132913589477539,430700
25-04-2024,10.03482080219446,10.181959504995481,9.848446234554766,9.907301902770996,370000
26-04-2024,9.877873141248758,10.368333590136645,9.848445776249623,10.16234016418457,483800
29-04-2024,10.074056743773472,10.2506218460172,9.652260513871063,9.769970893859863,1440200
30-04-2024,9.760162292534277,9.8582547519483,9.446267919175844,9.75035285949707,1323500
01-05-2024,10.132913968841786,10.427190459239077,9.956347887507576,10.201578140258789,1279200
02-05-2024,10.299667879997335,10.66260844541596,10.250621655377753,10.387950897216797,596500
03-05-2024,10.544898156973545,10.682227399976314,10.505661364041174,10.5645170211792,482700
06-05-2024,10.996122496380103,11.143260246081827,10.6626092658786,10.692036628723145,465200
07-05-2024,10.652799111526098,10.790128354630172,10.652799111526098,10.73127269744873,497300
08-05-2024,10.731273231529933,11.045168526321547,10.68222793949657,10.986312866210938,311800
09-05-2024,10.956885460895515,11.172688299815535,10.917648666135419,11.14326000213623,314300
10-05-2024,11.192307856070641,11.27078145699566,11.045170088206012,11.260972023010254,411300
13-05-2024,11.378683090209961,11.457156689275207,11.221734956600374,11.378683090209961,479400
14-05-2024,11.535630228277903,11.604294393232706,11.162880166919228,11.202116966247559,400200
15-05-2024,11.339445328117957,11.457155716723873,11.113833048347361,11.211925506591797,432600
16-05-2024,11.22173360985693,11.398299654303226,11.22173360985693,11.310016632080078,250500
17-05-2024,11.3100171954653,11.329636061593929,11.133452077702755,11.241353034973145,331700
20-05-2024,11.202115951367835,11.290398975728158,11.133451792633807,11.192306518554688,350100
21-05-2024,11.153070612901427,11.251163077903604,11.123643247592407,11.18249797821045,401500
22-05-2024,11.18249819837719,11.457156731599266,11.153070832488787,11.3884916305542,415700
23-05-2024,11.388491010211299,11.388491010211299,11.045169265603436,11.1138334274292,406900
24-05-2024,11.192307149342293,11.398300572632968,11.104024120006423,11.300209045410156,295100
28-05-2024,11.378681893951535,11.38849039119419,11.113832823341,11.172688484191895,347900
29-05-2024,11.005931669387726,11.05497789662369,10.790128830836876,10.809747695922852,318900
30-05-2024,10.848984551751151,11.104023250953174,10.848984551751151,10.986312866210938,302000
31-05-2024,11.05497863836294,11.300208855517619,11.05497863836294,11.104023933410645,487300
03-06-2024,11.23154238523893,11.368871626825916,11.015739558596216,11.359062194824219,407600
04-06-2024,11.359063134462186,11.486582954596097,11.18249708574154,11.192306518554688,321000
05-06-2024,11.241351755813383,11.408108357015312,11.23154232386529,11.349252700805664,303200
06-06-2024,11.290398474435396,11.310016403711654,11.192306021617222,11.270779609680176,226800
07-06-2024,11.172689923578945,11.368873925891489,11.162880489593539,11.260972023010254,303700
10-06-2024,11.133450201660619,11.584673756316406,11.123640770249242,11.565054893493652,391600
11-06-2024,11.447346247417363,11.584675501427258,11.368872655262853,11.535629272460938,323700
12-06-2024,11.80047849229839,11.859334159541275,11.457156729065368,11.555248260498047,409300
13-06-2024,11.516010284423828,11.594483875745228,11.388490464656805,11.516010284423828,268300
14-06-2024,11.398299506877528,11.516009889826266,11.211924967745103,11.447345733642578,332800
17-06-2024,11.535628983781418,11.594483708684953,11.39829973320819,11.48658275604248,248800
18-06-2024,11.457155332320655,11.594483646680496,11.388490239661753,11.476773262023926,310700
20-06-2024,11.437537819847902,11.565057652177279,11.3786830882984,11.545439720153809,263400
21-06-2024,11.565056241026731,11.771049647273172,11.516010013733965,11.633720397949219,880100
24-06-2024,11.60429303576515,11.820095874565938,11.5944836032108,11.633720397949219,324500
25-06-2024,11.60424325108447,11.849887680355817,11.496159102487232,11.761455535888672,278800
26-06-2024,11.702502543928702,12.075882255340227,11.673025469544958,12.066056251525879,343100
27-06-2024,12.115184674172335,12.115184674172335,11.74180498308191,11.869540214538574,255800
28-06-2024,11.90884339849137,12.213442943502967,11.90884339849137,12.115184783935547,1283100
01-07-2024,12.085707712789683,12.085707712789683,11.8105861778406,11.928495407104492,438600
02-07-2024,11.967798373215778,12.075881598113304,11.859714211259003,11.869540214538574,195100
03-07-2024,11.908843903843792,12.213443461781086,11.840063751463463,11.849889755249023,215900
05-07-2024,11.761455963033118,12.00710040122561,11.731977955767418,11.997274398803711,483800
08-07-2024,12.085707806339537,12.174139963236783,11.84988934598639,11.987449645996094,378100
09-07-2024,11.06382744407431,11.623896550514855,10.995046353468773,11.407729148864746,759900
10-07-2024,11.466683838509352,11.564942000509967,11.388077683732572,11.545289993286133,391800
11-07-2024,11.761457533842181,11.948146919495864,11.653373366884367,11.820411682128906,300800
12-07-2024,11.967798169248425,12.085707395415993,11.840062939968753,11.93832015991211,339600
15-07-2024,12.066055704151838,12.341178176116909,11.97762354795301,12.115184783935547,295500
16-07-2024,12.183964304683546,12.606473057138306,12.183964304683546,12.478737831115723,298600
17-07-2024,12.36082901295777,12.734208700397769,12.351003009774267,12.714556694030762,386600
18-07-2024,12.616299770750365,12.704731927367842,12.449261460930519,12.518041610717773,217500
19-07-2024,12.468911519987351,12.468911519987351,12.115183859249411,12.301874160766602,441800
22-07-2024,12.35100284772509,12.409957928993364,12.075881321611336,12.252745628356934,295200
23-07-2024,12.125009291105691,12.242918505801313,12.016925141507015,12.164312362670898,317200
24-07-2024,12.164313739812394,12.635950651989655,12.164313739812394,12.586822509765625,450000
25-07-2024,12.694905598418202,13.431838968587714,12.547519299207995,13.058459281921387,672400
26-07-2024,13.117413856015602,13.215671072665414,12.88159447452581,12.9503755569458,381700
29-07-2024,12.911071740742663,13.0977610975878,12.635949300995208,12.724381446838379,398400
30-07-2024,12.822640965905112,13.156717580561619,12.734208810606713,12.960201263427734,433900
31-07-2024,12.989679225608363,13.009330295014156,12.655602612176706,12.744034767150879,564400
01-08-2024,12.832466486820609,12.940549707534162,12.419783735646368,12.508214950561523,457000
02-08-2024,12.154486115866222,12.311698398962642,12.066053972359704,12.203615188598633,290100
05-08-2024,11.849890894793289,12.115186463100477,11.682852562612714,11.96780014038086,319400
06-08-2024,11.918671053787858,12.154489544963,11.820412880601856,11.96780014038086,298600
07-08-2024,12.105357901319168,12.105357901319168,11.69267516040518,11.800759315490723,202300
08-08-2024,11.938320662141878,11.938320662141878,11.72215420693711,11.85971450805664,203200
09-08-2024,11.957973606439138,11.957973606439138,11.555116800912224,11.643548965454102,247600
12-08-2024,11.68284952174085,11.68284952174085,11.545288302497461,11.66319751739502,253100
13-08-2024,11.751632721607285,11.97762520805195,11.633723476019712,11.96780014038086,328800
14-08-2024,12.016925751543429,12.016925751543429,11.7418042366205,11.800759315490723,270000
15-08-2024,12.007099988163818,12.242918415821912,11.918667843527247,11.948144912719727,387100
16-08-2024,11.928493933279656,12.164312362670898,11.889190861714448,12.164312362670898,610000
19-08-2024,12.19378967911089,12.360827970911792,12.046403392020288,12.125009536743164,410200
20-08-2024,12.095534010903314,12.203617239430836,12.046404929914702,12.105359077453613,260800
21-08-2024,12.134837088282348,12.311700467958358,12.036578926305125,12.105359077453613,223500
22-08-2024,12.18396339149687,12.223266462938119,11.93831896072428,11.977622032165527,196300
23-08-2024,11.987448072097894,12.301873581678695,11.967797004844861,12.164312362670898,305900
26-08-2024,12.242919811473856,12.282222887230624,12.144661653552314,12.183964729309082,334300
27-08-2024,12.183964214698355,12.29204837125878,11.830236547827738,11.889191627502441,202200
28-08-2024,11.879365229554262,12.075880593500985,11.849888159227046,12.026751518249512,155200
29-08-2024,12.007099860355387,12.193789212666065,11.93831878355956,12.046402931213379,198600
30-08-2024,12.056229150131363,12.183963429923931,11.957971002688776,12.164312362670898,265500
03-09-2024,12.075882003684159,12.125011084672769,11.997275848926092,12.105359077453613,181900
04-09-2024,12.095534010903314,12.29204939779848,11.987449845316513,12.105359077453613,194200
05-09-2024,12.085708724469042,12.085708724469042,11.692676990296622,11.771283149719238,185000
06-09-2024,11.78110688074893,11.830235955173452,11.555114450278948,11.564940452575684,152700
09-09-2024,11.535463989674215,11.653373221839384,11.368425676508737,11.545289993286133,402700
10-09-2024,11.54528933618255,11.594418414386663,11.496160257978438,11.535463333129883,270800
11-09-2024,11.486334365197276,11.6042445288428,11.2701679183187,11.5944185256958,349300
12-09-2024,11.614069798083072,11.781108106266943,11.456857493218074,11.71232795715332,222500
13-09-2024,11.84988824177552,11.987448528966912,11.781107161120648,11.899016380310059,187400
16-09-2024,12.075880708259923,12.292048079185175,11.938319483660367,12.08570671081543,327300
17-09-2024,12.18396318468202,12.409956544427466,12.095531978234625,12.203615188598633,337100
18-09-2024,12.203615434236106,12.360827720496934,12.075880217384396,12.164312362670898,351900
19-09-2024,12.400132273432279,12.449261353022733,12.223267961730347,12.2723970413208,481400
20-09-2024,12.213441375342882,12.213441375342882,11.761455586072694,11.790932655334473,1735200
23-09-2024,11.840061976098177,11.908842118165225,11.722152759529312,11.751629829406738,230700
24-09-2024,11.8105861778406,11.977623549836672,11.790934171100321,11.928495407104492,222900
25-09-2024,11.869539345024105,11.908842418203951,11.692675047185201,11.741804122924805,209000
26-09-2024,11.859713593038064,11.918668672583037,11.65337222021946,11.70250129699707,173700
27-09-2024,11.830452686551853,12.066667813745365,11.771398435435737,11.879663467407227,168000
30-09-2024,11.869821340450992,12.135563111930372,11.830452154356438,12.08635139465332,293200
01-10-2024,12.01745445211167,12.037138574036957,11.584393444766492,11.859977722167969,414300
02-10-2024,11.781239820548835,11.869820719284865,11.594235492409354,11.623763084411621,169400
03-10-2024,11.51549717742705,11.51549717742705,11.210386234413487,11.348177909851074,325500
04-10-2024,11.466287630805788,11.466287630805788,11.1316499710083,11.1316499710083,218800
07-10-2024,11.111962804556304,11.377705501989464,11.023381905411917,11.348177909851074,483600
08-10-2024,11.230070428315011,11.38754716617537,11.200543774625043,11.377705574035645,209600
09-10-2024,11.38754759659756,11.436759313697857,11.230070852784957,11.279282569885254,169700
10-10-2024,11.190701428346685,11.190701428346685,10.993855502775915,11.161174774169922,281100
11-10-2024,11.200545420505096,11.436760562006603,11.200545420505096,11.426918029785156,179600
14-10-2024,11.43675838365472,11.456443444348212,11.239912469896575,11.446600914001465,115600
15-10-2024,11.397389624779665,11.643447260787232,11.289124602845076,11.348177909851074,217500
16-10-2024,11.525340283755916,11.859978835620899,11.525340283755916,11.781240463256836,303300
17-10-2024,11.712343879384477,11.712343879384477,11.426917040131308,11.564709663391113,210600
18-10-2024,11.55486740342637,11.61392165439207,11.456444903330832,11.545024871826172,174300
21-10-2024,11.525340380692183,11.564709567205337,11.190701826012655,11.200544357299805,221600
22-10-2024,11.180859294725506,11.318651916839265,11.161175170786652,11.200544357299805,204200
23-10-2024,11.141489824171478,11.259597380699907,11.111963169698225,11.22022819519043,236800
24-10-2024,11.308809258058414,11.387547630197037,11.072594141642544,11.14148998260498,239100
25-10-2024,11.200544573976924,11.318652135801203,11.141490323747053,11.15133285522461,182700
28-10-2024,11.190701826012655,11.358021103352419,11.161175170786652,11.200544357299805,213500
29-10-2024,10.974169957989902,11.082435916266212,10.66905902144027,10.924959182739258,534200
30-10-2024,10.797009920238931,11.111963411158609,10.68874395375871,10.86590576171875,381800
31-10-2024,10.856063095913496,10.944643998795604,10.629690511779607,10.639533042907715,428300
01-11-2024,10.669059255612416,10.856062646121314,10.580478356400423,10.737955093383789,316000
04-11-2024,10.639533208810567,10.87574832775588,10.639533208810567,10.728113174438477,383300
05-11-2024,10.737955036241942,10.836378465650483,10.649374137501333,10.708428382873535,363800
06-11-2024,11.082436532391913,11.800924403711669,10.964328975680534,11.692659378051758,669800
07-11-2024,12.09619281708352,12.184773712335689,11.78123935719612,11.859977722167969,507700
08-11-2024,11.840295400087514,11.938718848383848,11.692661166278581,11.800926208496094,436700
11-11-2024,11.869821835336506,12.194617868817074,11.869821835336506,12.0174560546875,330700
12-11-2024,12.046980604128311,12.391461640553864,11.791080459277062,12.371776580810547,1238600
13-11-2024,12.548939806930752,12.58830899230904,12.194617138526166,12.440674781799316,743500
14-11-2024,12.509569839056766,12.64736244857931,12.184773845343601,12.224143028259277,471500
15-11-2024,12.31272508233275,12.31272508233275,11.958401464136704,12.007613182067871,810800
18-11-2024,12.02729646860991,12.145404011022366,11.928873047281874,12.066665649414062,389900
19-11-2024,11.997768879030312,12.096192300358348,11.840292155813703,12.066665649414062,265300
20-11-2024,12.056823598644389,12.106035311263884,11.751711731311795,11.997769355773926,398200
21-11-2024,12.174933150844202,12.174933150844202,11.948560549602622,12.027298927307129,301500
22-11-2024,12.076509982469785,12.273355915882462,12.00761320179876,12.174932479858398,335900
25-11-2024,12.253670209034937,12.647362993798893,12.253670209034937,12.322566986083984,426400
26-11-2024,12.312725960743917,12.54894109730298,12.204459985844377,12.450517654418945,381200
27-11-2024,12.470202557757089,12.568625999372824,12.293040738302969,12.361937522888184,364700
29-11-2024,12.401306169880545,12.598152105874506,12.391463638421982,12.568625450134277,128100
02-12-2024,12.578467260561144,12.578467260561144,12.283197882144398,12.519413948059082,392600
03-12-2024,12.55878202046173,12.55878202046173,12.263512668270955,12.293039321899414,241100
04-12-2024,12.27335609653785,12.430832845585941,12.037140034330246,12.263513565063477,315300
05-12-2024,12.27335457098896,12.27335457098896,11.899346869170282,11.997769355773926,245400
06-12-2024,12.115878311720632,12.125719903718197,11.702501411490658,11.761554718017578,224200
09-12-2024,11.76155572640719,12.0076133815146,11.76155572640719,11.791082382202148,283300
10-12-2024,11.81076690328156,11.987928707194119,11.604078444928716,11.830451965332031,361800
11-12-2024,11.840293557721846,11.987928707194119,11.820609434306796,11.830451965332031,371800
12-12-2024,11.81076874105284,11.879664591678933,11.643449442130413,11.800926208496094,363700
13-12-2024,11.751713122011296,11.800924840454515,11.58439478112109,11.594236373901367,233400
16-12-2024,11.545023989791732,11.64344742100324,11.466285620276686,11.574551582336426,308600
17-12-2024,11.515495986143064,11.633603526572163,11.495811865389193,11.535181045532227,359100
18-12-2024,11.623763708207532,11.672974486914796,11.220228376905732,11.308809280395508,687100
19-12-2024,11.43675920963347,11.604078483070763,11.2103866271215,11.387547492980957,355900
20-12-2024,11.308809144552058,11.397390046977783,10.974170597003953,11.082436561584473,1587300
23-12-2024,11.0233829082406,11.190702191038092,10.787167781456665,10.905275344848633,393000
24-12-2024,10.905275128494637,10.98401350252716,10.76748250461999,10.954486846923828,167500
26-12-2024,10.856062803645566,10.984012888959986,10.787166964874494,10.96432876586914,170100
27-12-2024,10.905169998541083,11.013629755352566,10.747409070010242,10.974189758300781,213200
30-12-2024,10.944608688354492,11.003768206704228,10.776988485824257,10.944608688354492,266700
31-12-2024,10.954467520152392,11.092507957698,10.954467520152392,11.062928199768066,240800
02-01-2025,11.141808547733586,11.151668780809183,10.806568145751953,10.806568145751953,304000
03-01-2025,10.875589258405029,11.023489952087402,10.727689505046353,11.023489952087402,291800
06-01-2025,11.082648421612193,11.16152840793285,10.875588222439562,10.885448455810547,363400
07-01-2025,10.895309609224,10.895309609224,10.550208934686767,10.69810962677002,418100
08-01-2025,10.619228525691103,10.727688269642291,10.481188082215741,10.658668518066406,341600
10-01-2025,10.481188338472476,10.579787851659622,10.441748345132895,10.55020809173584,372300
13-01-2025,10.491047920260812,10.698108107513445,10.372727947591242,10.678387641906738,308300
14-01-2025,10.698108532288641,10.905168727762732,10.698108532288641,10.895308494567871,392100
15-01-2025,11.161528900501853,11.181249368114106,10.97418915980371,11.003768920898438,390500
16-01-2025,11.00376944217131,11.35873035341793,10.80656945832524,11.309430122375488,306400
17-01-2025,11.181248171811353,11.220688162492447,10.964327752903554,11.062928199768066,263100
21-01-2025,11.17138957977295,11.289709569193583,10.431888940651225,11.17138957977295,330500
22-01-2025,11.092508437311576,11.486908361175441,11.092508437311576,11.467188835144043,543900
23-01-2025,11.51648905130698,12.019348718742023,11.309428856366578,11.753129005432129,528500
24-01-2025,11.733409977126817,11.79257044307054,11.388310236813501,11.398170471191406,266600
27-01-2025,11.42775003552233,11.802430472461847,11.42775003552233,11.644670486450195,402900
28-01-2025,11.615088239748733,11.703828455164302,11.102368353370599,11.38830852508545,812200
29-01-2025,11.35873035341793,11.575649865486758,11.200969426017378,11.309430122375488,502300
30-01-2025,11.260128409677137,11.536208350733853,11.043207985827932,11.240407943725586,899800
31-01-2025,11.29956952033381,11.486909263809283,11.141809538391588,11.2798490524292,727900
03-02-2025,11.11223021814388,11.122089512164049,10.905169998541083,10.974189758300781,462800
04-02-2025,10.94460815649451,11.200967624091403,10.86572817564569,11.161527633666992,328600
05-02-2025,11.250268723809398,11.546069145202637,11.210828730311874,11.546069145202637,329800
06-02-2025,11.55593045994306,11.65452998275099,11.339010005247683,11.398170471191406,309100
07-02-2025,11.368589722927636,11.368589722927636,11.092509743708202,11.210829734802246,894400
10-02-2025,11.269987726687074,11.269987726687074,11.092507308842082,11.191107749938965,342800
11-02-2025,11.141809901025406,11.47705034372557,11.062929907486978,11.309430122375488,428900
12-02-2025,11.12208804374256,11.299568477205145,11.062928526137418,11.14180850982666,644500
13-02-2025,11.220688689349402,11.250268448668226,11.05306848600341,11.131948471069336,233400
14-02-2025,11.191108866334096,11.27984814378549,11.112228881717131,11.230548858642578,742700
18-02-2025,11.269989529359483,11.506629497455162,11.240408828104789,11.339009284973145,328100
19-02-2025,11.210830074108264,11.26013030697049,10.776990093632875,10.81643009185791,448100
20-02-2025,10.767129210491381,10.8361489681472,10.422028541564941,10.422028541564941,648700
21-02-2025,10.560068567714948,10.569928801357234,10.145948157975253,10.491048812866211,639800
24-02-2025,10.550207118305716,10.550207118305716,9.958607272796819,9.978326797485352,785200
25-02-2025,10.027628173924677,10.076928401806015,9.94874818544399,9.968467712402344,561900
26-02-2025,9.9191691046341,10.126229323667253,9.84028817042384,10.076929092407227,511900
27-02-2025,10.03748968156651,10.106509445166486,9.968468977642782,10.047348976135254,596000
28-02-2025,10.037489008364346,10.214968522907196,9.998049011763303,10.175528526306152,536600
03-03-2025,10.205109279788504,10.36286926697782,10.076929055116262,10.126229286193848,485900
04-03-2025,10.06706808700849,10.136087841291774,9.820567889912615,9.830428123474121,576000
05-03-2025,9.820566908453467,9.968466635800565,9.731826695915792,9.879727363586426,385000
06-03-2025,9.850149032812327,10.02762950053557,9.771269033896164,9.99804973602295,307400
07-03-2025,9.958608858910567,10.076928846857244,9.869868632869641,9.89944839477539,325900
10-03-2025,9.988188532303738,10.007908059958263,9.721967856540132,9.761407852172852,528100
11-03-2025,9.731828339039845,9.810708332319551,9.465608596801758,9.465608596801758,523300
12-03-2025,9.475467479906744,9.475467479906744,9.130367759350868,9.248687744140625,904100
13-03-2025,9.199388228725455,9.297988693857638,8.982467769628885,9.071208000183105,843500
14-03-2025,9.100786819961074,9.347287016908973,9.071207059617942,9.307847023010254,925400
17-03-2025,9.297988799571003,9.406448560190558,9.258548801134463,9.396588325500488,385800
18-03-2025,9.347286983276767,9.396587210553687,9.248687469046551,9.357147216796875,640300
19-03-2025,9.406447688495845,9.426168156048488,9.238827475592961,9.297987937927246,415900
20-03-2025,9.357147332446427,9.357147332446427,9.150087127583108,9.209247589111328,302300
21-03-2025,9.07120831155784,9.199388544500053,9.012048782706822,9.1500883102417,750900
24-03-2025,9.22896696914793,9.426167877553501,9.219107675986548,9.406447410583496,289700
25-03-2025,9.376805585553496,9.475613189150765,9.238476071276292,9.277998924255371,345100
26-03-2025,9.268117154557173,9.317520951980105,9.198952403544505,9.297759056091309,223500
27-03-2025,9.277997428351178,9.436088814778202,9.189070787911229,9.337281227111816,454900
28-03-2025,9.357043931964666,9.357043931964666,9.179190635681152,9.179190635681152,331900
31-03-2025,9.050740662799074,9.179190154233439,9.040859715235117,9.110025405883789,436200
01-04-2025,9.040859321491677,9.258235446936538,8.991456470421513,9.189070701599121,303800
02-04-2025,8.981576372278784,9.10014492219314,8.8531268742968,9.040860176086426,576500
03-04-2025,8.843245744013368,8.912411436762548,8.408494403285488,8.467778205871582,710800
04-04-2025,8.655513008188912,8.655513008188912,8.082431187045268,8.40849494934082,624700
07-04-2025,8.181237708153635,8.714796668635413,8.013265355566862,8.25040340423584,657300
08-04-2025,8.51718040051202,8.566584188238545,8.023144407844509,8.11207103729248,613000
09-04-2025,8.013265239995963,8.793842243929976,8.013265239995963,8.645631790161133,672900
10-04-2025,8.53694527287994,8.793843362606339,8.27016529139969,8.527064323425293,575600
11-04-2025,8.457897362932663,8.477658314405245,8.11207176032238,8.34920883178711,444400
14-04-2025,8.398614471601691,8.398614471601691,8.20100020190619,8.339329719543457,367400
15-04-2025,8.31956842736073,8.339329382381756,8.112073216994759,8.151596069335938,415200
16-04-2025,8.141714909910867,8.2701644122693,7.88481637634355,7.983623504638672,464300
17-04-2025,7.963862952359796,8.220761027752705,7.963862952359796,8.181238174438477,385000
21-04-2025,8.112073216994759,8.17135796665609,7.914458955288865,8.151596069335938,536100
22-04-2025,8.210878716751745,8.299804405027253,8.12195208617735,8.260281562805176,808200
23-04-2025,8.388732693678138,8.576466938063815,8.1515955934743,8.220760345458984,479400
24-04-2025,8.181237508467756,8.388732707051679,8.121953704471823,8.359090805053711,342300
25-04-2025,8.240522020100652,8.240522020100652,7.9539811294824805,8.052787780761719,422000
28-04-2025,8.02314539047486,8.082430131467333,7.815650210449693,7.91445779800415,494400
29-04-2025,7.8749356994559845,7.8946971257963545,7.657560009711908,7.746486663818359,589600
30-04-2025,7.618036946770725,7.618036946770725,7.173404630809608,7.5093488693237305,1128700
01-05-2025,7.46982587136971,7.53899109587158,7.025193564120739,7.282092094421387,1044000
02-05-2025,7.351256951572515,7.736604963341978,7.351256951572515,7.706963062286377,828600
05-05-2025,7.637798238032094,7.825532015352104,7.588394438840153,7.627917289733887,734200
06-05-2025,7.519229817795983,7.578514095180828,7.400660791876737,7.5093488693237305,607100
07-05-2025,7.509348115413701,7.677320453381755,7.440183367650037,7.469825267791748,754600
08-05-2025,7.776126510010012,8.270162508935417,7.558750877788588,8.260281562805176,1237400
09-05-2025,8.299806058758701,8.48754030344367,8.240522254762766,8.359090805053711,1102300
12-05-2025,8.655512879087539,8.971695688161352,8.635750982370876,8.803723335266113,1195300
13-05-2025,8.853127134758672,8.912411882609561,8.724677632997661,8.803723335266113,1011200
14-05-2025,8.843245726818147,9.021099018828707,8.764200028657687,9.011218070983887,952700
15-05-2025,8.95193535607909,9.04086107058886,8.843246801179655,9.030981063842773,655100
16-05-2025,9.001337672091992,9.030980517434243,8.922291969110875,8.951934814453125,680800
19-05-2025,8.912411073985645,8.97169487415861,8.823484431427183,8.961813926696777,490300
20-05-2025,8.902530454867948,8.991457100706212,8.843245710209422,8.87288761138916,633900
21-05-2025,8.78396258716371,8.853127342698354,8.635751185204889,8.695035934448242,897000
22-05-2025,8.66539410165563,8.764200761468308,8.63575125564261,8.704916954040527,547000
23-05-2025,8.53694418688392,8.685154640652764,8.53694418688392,8.645631790161133,740300
27-05-2025,8.724677642242701,8.951934743229641,8.65551288825929,8.94205379486084,515300
28-05-2025,8.951935427159704,8.991458281355367,8.843246871397252,8.902531623840332,561200
29-05-2025,8.932172643748267,8.94205359189279,8.764200294487699,8.9124116897583,533200
30-05-2025,8.902531209645765,9.021099766716294,8.82348550493208,8.843246459960938,706500
02-06-2025,8.84324716758037,8.863009066489665,8.487541467905908,8.527064323425293,585200
03-06-2025,8.527063055792699,8.961814401875825,8.448017356504856,8.89264965057373,660900
04-06-2025,8.863008363580116,8.902531215965013,8.685155056698514,8.704916954040527,367000
05-06-2025,8.69503669495748,8.69503669495748,8.517183373970646,8.527064323425293,356500
06-06-2025,8.655513076087498,8.734558780155037,8.467778822202755,8.556705474853516,327400
09-06-2025,8.576466366407454,8.803722503380484,8.566585418982797,8.68515396118164,321000
10-06-2025,8.744440068315315,9.0013381453615,8.655513412211223,8.882769584655762,327900
11-06-2025,8.902531215965013,8.94205406834991,8.655513152984623,8.704916954040527,463300
12-06-2025,8.615989688606957,8.833364890134192,8.5665858910602,8.754319190979004,292600
13-06-2025,8.615990497341606,8.665394299525621,8.546824797364325,8.59622859954834,353300
16-06-2025,8.704916079893605,8.88276842661616,8.55670469160927,8.853126525878906,414000
17-06-2025,8.734558427304396,8.84324603043182,8.448017526060205,8.507301330566406,465300
18-06-2025,8.477659240444455,8.714796337812354,8.467778292479359,8.615989685058594,347300
20-06-2025,8.635751107173167,8.724677759085104,8.487540648852681,8.54682445526123,760800
23-06-2025,8.53692053085496,8.715185997353354,8.487402240773982,8.695378303527832,390100
24-06-2025,8.764704470852696,8.86374010860434,8.675571735738224,8.725090026855469,381200
25-06-2025,8.725091069696186,8.764705518428212,8.517114977732307,8.576536178588867,335000
26-06-2025,8.418077734201225,8.705282701471127,8.338848842849726,8.626053810119629,303000
27-06-2025,8.616150627320893,8.695379524784947,8.536921729856841,8.576536178588867,1404500
30-06-2025,8.715186138272138,8.715186138272138,8.447787934200896,8.55672836303711,463900
01-07-2025,8.527016618087739,9.131138052340942,8.49730602206174,8.84393310546875,665900
02-07-2025,8.873643565873907,9.042005181586111,8.78451083467535,8.982583045959473,370000
03-07-2025,9.032102644493849,9.051910340735644,8.91325930049191,9.042006492614746,242500
07-07-2025,9.022196949087178,9.091522927256092,8.814220903545936,8.893449783325195,512700
08-07-2025,8.923161961179545,9.170752464356672,8.883547518450516,9.160848617553711,471700
09-07-2025,9.14104144807465,9.269788630446769,9.081620252815437,9.249981880187988,434900
10-07-2025,9.23017399256766,9.566897240276413,9.220271089886642,9.378728866577148,446300
11-07-2025,9.249981173826384,9.309402364547982,9.12123400128586,9.13113784790039,482700
14-07-2025,9.091523355914344,9.111330104551657,8.923161742324611,8.962776184082031,417800
15-07-2025,8.962776565938816,9.012294856366003,8.675571614840532,8.705282211303711,822000
16-07-2025,8.814222870981025,8.942970065480852,8.527017881553094,8.576536178588867,767800
17-07-2025,8.576535777423995,8.725090661582705,8.49730688366585,8.507210731506348,441900
18-07-2025,8.705283392398327,8.705283392398327,8.170487861088233,8.249716758728027,614800
21-07-2025,8.2596185213194,8.437883968234493,8.2596185213194,8.378461837768555,463100
22-07-2025,8.398268879672445,8.705281499636072,8.398268879672445,8.586438179016113,766300
23-07-2025,8.665667059429419,8.705281499636072,8.477498704568507,8.586438179016113,615100
24-07-2025,8.596344653439811,8.616151407357487,8.190296281055467,8.210103034973145,547500
25-07-2025,8.299234269481587,8.39826990990575,8.150679392121035,8.279426574707031,674600
28-07-2025,8.249715210044089,8.457691263426831,8.130871885894349,8.309137344360352,684800
29-07-2025,8.309138647103332,8.319041550639676,7.952607674272848,8.041740417480469,861000
30-07-2025,8.061546938194331,8.081353686862249,7.625787133706641,7.764438152313232,838900
31-07-2025,7.655498556091095,7.794149108883964,7.645594709056609,7.744631290435791,742600
01-08-2025,7.714920439019835,7.794149328563123,7.37819718621943,7.45742654800415,904100
04-08-2025,7.526751622629977,7.685209874640011,7.467329955216752,7.625787734985352,538900
05-08-2025,7.625787942940565,7.843667868305407,7.615884567555679,7.8238606452941895,503700
06-08-2025,7.7446314519081785,7.863474785351329,7.675305937945626,7.853570938110352,593200
07-08-2025,7.932799771960037,7.992220962490003,7.675305427709399,7.685209274291992,490000
08-08-2025,7.724824144598335,7.804053032687931,7.5861731182001195,7.596076965332031,519400
11-08-2025,7.645594605074227,7.675305673532186,7.279160770127404,7.566365718841553,608700
12-08-2025,7.625788406187786,8.071451187133789,7.625788406187786,8.071451187133789,576800
13-08-2025,8.081353826530345,8.378462617546303,7.972414345767044,8.34875202178955,750000
14-08-2025,8.200197402038143,8.289330136486846,8.120968514635482,8.22990894317627,802800
15-08-2025,8.28933193960994,8.309139638010663,8.120970281135987,8.210103034973145,1302200
18-08-2025,8.22990904646943,8.259619643497615,7.8238602850723655,7.843667507171631,802100
19-08-2025,8.150678864790372,8.536920387559398,8.091257673276866,8.34875202178955,1065800
20-08-2025,8.32894434773981,8.427980926470594,8.021932653743445,8.031835556030273,640900
21-08-2025,7.952606316780394,8.220004500758973,7.922895722277031,8.130871772766113,698200
22-08-2025,8.170486589445177,8.725089731089046,8.160582742660884,8.67557144165039,619700
25-08-2025,8.626053166973124,8.665667609695275,8.487402145204186,8.51711368560791,725600
26-08-2025,8.49730688366585,8.596343473104989,8.427981837748202,8.507210731506348,694100
27-08-2025,8.467595161651666,8.645859676724529,8.39826918044514,8.477499008178711,412800
28-08-2025,8.487402975959828,8.556728965871404,8.269523991903187,8.497306823730469,886000
29-08-2025,8.527017482704426,8.576535777423995,8.467596284627275,8.507210731506348,355400
02-09-2025,8.34875358326734,8.477500781603432,8.269524683442514,8.289331436157227,681100
03-09-2025,8.23981159654344,8.388366464292824,8.160582711536893,8.34875202178955,582100
04-09-2025,8.368559636160867,8.50721067150111,8.220005697532892,8.497306823730469,491700
05-09-2025,8.517113737330908,8.72508979900591,8.48740219674675,8.527016639709473,641600
08-09-2025,8.5567292570432,8.626054304830888,8.418078216984885,8.546825408935547,687600
09-09-2025,8.507209411306276,8.616148887197113,8.447787277967695,8.606245040893555,569900
10-09-2025,8.527016779621858,8.586438917282361,8.259619521356694,8.38836669921875,810600
11-09-2025,8.348751537776195,8.626052619222765,8.31903999925914,8.586438179016113,421100
12-09-2025,8.59634276430625,8.626053360895083,8.37846285219486,8.38836669921875,423900
15-09-2025,8.42798131609957,8.477499607754213,8.299234135590643,8.41807746887207,382400
16-09-2025,8.418078158147305,8.546825349198098,8.368559862438087,8.536921501159668,435900
17-09-2025,8.536921178327688,8.70528281068251,8.269523902782492,8.31904125213623,899800
18-09-2025,8.388366871672428,8.556728496608498,8.328944732790285,8.41807746887207,707300
19-09-2025,8.437885422249826,8.447788325298347,8.259619944616048,8.299234390258789,2144900
22-09-2025,8.299233671800323,8.37846255622702,8.210100940699588,8.338848114013672,859800
23-09-2025,8.338847191796733,8.537391938955503,8.318993285119767,8.428192138671875,760700
24-09-2025,8.42819310404921,8.67637311969305,8.3686304304644,8.457975387573242,408400
25-09-2025,8.408339504093151,8.5076109459598,8.289213205814175,8.43812084197998,415800
26-09-2025,8.48775609797674,8.567173621383295,8.408338574570186,8.49768352508545,448600
29-09-2025,8.527465151177907,8.547319059342442,8.40833886199593,8.418265342712402,477000
30-09-2025,8.438120820064306,8.457975676425065,8.209795652305527,8.318994522094727,576600
01-10-2025,8.219722438935602,8.328922259510824,8.100596136543107,8.26935863494873,623700
02-10-2025,8.269358955648551,8.398412691594933,8.199868846574242,8.27928638458252,503400
03-10-2025,8.309066848752545,8.706155443666571,8.309066848752545,8.6664457321167,673500
06-10-2025,8.596954668560103,8.77564456361658,8.596954668560103,8.606882095336914,599800
07-10-2025,8.587028459693443,8.616810744247935,8.299139669454966,8.348775863647461,407400
08-10-2025,8.378556966043647,8.735936796802367,8.2892129550856,8.726009368896484,905500
09-10-2025,8.805426806666619,8.805426806666619,8.32892163294315,8.338848114013672,479400
10-10-2025,8.338848511188417,8.358703367738382,7.822634548401007,7.892124652862549,686600
13-10-2025,8.011250951967336,8.021178380242318,7.832561503310155,7.892124652862549,492600
14-10-2025,7.8127063678157365,8.021177607857673,7.782925032590196,8.001323699951172,461700
15-10-2025,8.050958943083213,8.140303895491412,7.941760082768514,8.001323699951172,368300
16-10-2025,8.1303771808589,8.388484633389446,8.060887076997469,8.378557205200195,1065400
17-10-2025,8.368630029783915,8.497683745347562,8.14030393402313,8.15023136138916,447200
20-10-2025,8.199867263003119,8.497683446385295,8.160158501667599,8.259429931640625,324800
21-10-2025,8.259429671625831,8.507609658842776,8.209794431567657,8.428192138671875,436000
22-10-2025,8.428194033168923,8.50761157119137,8.27928638605977,8.309067726135254,417200
23-10-2025,8.239576599578976,8.289212791396581,7.882197249243327,8.011250495910645,708700
24-10-2025,8.060887488235428,8.090668827590857,7.9417611840820035,7.991397380828857,447400
27-10-2025,8.00132480952457,8.080742345626854,7.971542523437432,7.991397380828857,432300
28-10-2025,8.001323995806777,8.080741523832465,7.911978566729169,7.921905994415283,476500
29-10-2025,7.872269573905382,8.011250243910803,7.604235187926318,7.6637983322143555,620300
30-10-2025,7.64394358448806,7.703507199287608,7.425545399230874,7.504962921142578,789800
31-10-2025,7.504963458429766,7.782925278386041,7.3957641213006085,7.743216514587402,636400
03-11-2025,7.653871536254883,7.72336210937565,7.544672199455335,7.653871536254883,729700
04-11-2025,7.594308526350764,7.6935804373204455,7.415618613239524,7.554599761962891,572300
05-11-2025,7.614162615323887,7.743216331297531,7.524817662208934,7.6637983322143555,570100
06-11-2025,7.653871672932573,7.743216629488193,7.534745379768954,7.554599761962891,449200
07-11-2025,7.55459944934665,7.634016974836026,7.504963259232895,7.574453830718994,403600
10-11-2025,7.634017467498779,7.69358061545973,7.544672508874442,7.634017467498779,428200
11-11-2025,7.663798645699735,7.663798645699735,7.5248179700093525,7.643944263458252,362900
12-11-2025,7.703507733026961,7.802779642294669,7.663798495954076,7.683652877807617,558100
13-11-2025,7.624089537716915,7.703507536470518,7.455327532950707,7.544672012329102,572900
14-11-2025,7.465255260467529,7.524818410680135,7.385837726850721,7.465255260467529,553300
17-11-2025,7.4553274846667685,7.514890628321872,7.356055105209143,7.365982532501221,550200
18-11-2025,7.336201008107044,7.336201008107044,7.227002143859863,7.227002143859863,565300
19-11-2025,7.236929214294055,7.236929214294055,7.018531008929481,7.038385391235352,439500
20-11-2025,7.048312501182555,7.12773003215789,6.949040587463386,7.028458118438721,598200
21-11-2025,7.058239700259502,7.415618578054707,7.048312272526731,7.405691623687744,525100
24-11-2025,7.405691018752948,7.514890348064426,7.326273496841244,7.504962921142578,795600
25-11-2025,7.5546002669382855,7.812707252712216,7.514891499896143,7.73328971862793,484500
26-11-2025,7.693580658302058,7.941760679537608,7.673726275537847,7.842488765716553,743000
28-11-2025,7.882197683962748,7.882197683962748,7.753143956812045,7.8027801513671875,163200
01-12-2025,7.772997749955502,8.090667856225158,7.733288986671796,7.961615085601807,449800
02-12-2025,7.921906682954368,8.31899483096186,7.842489148026039,8.26935863494873,711800
03-12-2025,8.269357202894415,8.874916038537581,8.269357202894415,8.755789756774902,869300
04-12-2025,8.755790750817848,9.033753053219295,8.745864269592655,8.934480667114258,853600
05-12-2025,8.934480048754104,9.073461190335868,8.914625194214606,9.0039701461792,428400
08-12-2025,8.944407177200894,9.24222335822263,8.944407177200894,9.053606033325195,611400
09-12-2025,8.98411685571353,9.06353438586554,8.805426939505695,8.904699325561523,804700
10-12-2025,8.91462555797236,9.23229661644575,8.894771649354304,9.192587852478027,932800
11-12-2025,9.232296644189184,9.530112848207857,9.2025153078068,9.311714172363281,658900
12-12-2025,9.331568415633582,9.43084080277652,9.291859650122737,9.410985946655273,632700
15-12-2025,9.420913059420938,9.450695342606068,9.301786766875267,9.4010591506958,682000
16-12-2025,9.430840464624428,9.45069532003376,9.232296644189184,9.311714172363281,653200
17-12-2025,9.272005048935862,9.341495146712177,9.14295133397158,9.152878761291504,745000
18-12-2025,9.21244174882743,9.321641559641948,9.023825356914841,9.162805557250977,806000
19-12-2025,9.083387644006946,9.083387644006946,8.85506249786751,8.91462516784668,1097200
22-12-2025,8.934479742866747,9.07346087969025,8.934479742866747,9.023824691772461,488100
23-12-2025,9.02382661071009,9.232297886911477,9.003971752628177,9.142952919006348,438900
24-12-2025,9.10324257142346,9.242223713707666,9.083387716783612,9.152878761291504,320500
26-12-2025,9.063339576268358,9.182724840035974,9.003647418779417,9.152878761291504,391200
29-12-2025,9.113083785176325,9.222520989898282,9.05339162695503,9.182724952697754,461800
30-12-2025,9.093186880995534,9.302111336155063,9.083237871514184,9.142930030822754,509800
31-12-2025,9.123032671605138,9.142929741147675,8.973801329272037,8.983749389648438,372200
02-01-2026,8.983748898180142,9.132981181139023,8.864363641086848,9.103134155273438,702700
05-01-2026,9.60057300746617,10.028370881690497,9.570726930991581,9.789600372314453,797200
06-01-2026,9.938832259390647,10.41637425364299,9.899037172268761,10.346732139587402,1147600
07-01-2026,10.376579839773099,10.45617001918083,10.177603442463992,10.187552452087402,655700
08-01-2026,10.078115653460687,10.436271441635588,9.99852547831071,10.376579284667969,498400
09-01-2026,10.396475906139479,10.486015086522936,10.257193580022713,10.426321983337402,348200
12-01-2026,10.416373693951845,10.436270762048823,10.287039430557659,10.366629600524902,426200
13-01-2026,10.43627081094405,10.456168827923918,10.21739831690352,10.296988487243652,435200
14-01-2026,10.257193629321682,10.486015136921687,10.127859362456148,10.356680870056152,502700
15-01-2026,10.376579245053891,10.645195847962153,10.326835148577628,10.615349769592285,601400
16-01-2026,10.52580982349291,10.635246068784358,10.316885392453122,10.336783409118652,429300
20-01-2026,10.05821795223182,10.31688650401525,10.028371872807504,10.127860069274902,459000
21-01-2026,10.187551694835467,10.585503511083706,10.187551694835467,10.486015319824219,430400
22-01-2026,10.545708439951587,10.85412012549115,10.525810422154347,10.655144691467285,432500
23-01-2026,10.734734965090786,10.754632983073414,10.456169354862022,10.515861511230469,414700
26-01-2026,10.495963913093984,10.495963913093984,10.26714146177385,10.296988487243652,338700
27-01-2026,10.336784131685784,10.42632236657065,10.247244948011197,10.277091026306152,406700
28-01-2026,10.306937315370865,10.456169607476783,9.98857661027516,9.998525619506836,406700
29-01-2026,10.088064052903386,10.306936546943916,10.068166035923516,10.296988487243652,485700
30-01-2026,10.018422523248049,10.167654812882272,9.789601007447855,10.038320541381836,490700
02-02-2026,10.048268703609974,10.7446831501754,9.879139358885416,10.714837074279785,720800
03-02-2026,10.446220385528871,11.451047526513086,10.446220385528871,11.023249626159668,1621800
04-02-2026,11.132686301726821,11.79925475134405,11.132686301726821,11.719664573669434,1132400
05-02-2026,11.600278442479404,11.759458785963423,10.704888535986944,11.41125202178955,1021300
06-02-2026,11.291866764176536,11.610227451144576,11.162532497898347,11.41125202178955,616100
09-02-2026,11.421201207065382,11.779357963985477,11.331662966625139,11.540587425231934,681500
10-02-2026,11.53063759094193,11.779357121553138,11.321713147276927,11.739562034606934,530300
11-02-2026,11.739561473742466,12.067871162560893,11.699766388697494,11.759458541870117,390200
12-02-2026,11.898742744248073,11.978332920560925,10.675042123055947,11.082942962646484,759400
13-02-2026,11.02324881356927,11.361507505305273,10.94365864478311,11.222224235534668,414700
17-02-2026,11.301814614322105,11.65002232082391,11.28191754615068,11.5206880569458,566100
18-02-2026,11.540586697838966,11.799254290790158,11.520688679802102,11.600278854370117,582000
19-02-2026,11.540586684221228,11.590329831675252,11.341610299246257,11.43114948272705,500400
20-02-2026,11.341610376373168,11.809203366180595,11.301815288865498,11.699767112731934,1092300
23-02-2026,11.630124457308401,11.630124457308401,10.89391489824854,10.903863906860352,703300
24-02-2026,10.923761191053448,11.09289054563607,10.71483769881695,10.794427871704102,390000
25-02-2026,10.903864390606941,10.903864390606941,10.535759594746153,10.615349769592285,392200
26-02-2026,10.70488958257167,11.152584579587687,10.70488958257167,11.033199310302734,665400
27-02-2026,10.844171697573838,10.993403992679205,10.824274627500312,10.973505973815918,618300
02-03-2026,10.864069388027572,11.092890905299766,10.655144940227437,11.053095817565918,667500
03-03-2026,10.794428162811293,11.03319868791198,10.605400785514288,10.953608512878418,402300
04-03-2026,11.1028395379158,11.480893332961822,11.053095442737959,11.202327728271484,408200
05-03-2026,11.072993646249298,11.172480889485753,10.684990835894896,10.754632949829102,331800
06-03-2026,10.386527552063038,10.68499118922129,10.048269775326084,10.098012924194336,565100
09-03-2026,9.908985693979284,9.918934702467949,9.501085833840715,9.889087677001953,585100
10-03-2026,9.879139962897096,10.257193759584496,9.769702763272765,9.97862720489502,353300
11-03-2026,9.899037519543704,10.098012962133526,9.520983704228167,9.690113067626953,354300
12-03-2026,9.550830778878566,9.719960143103794,9.391649475239127,9.451342582702637,545900
13-03-2026,9.550829931091789,9.630420101451747,9.302110411519498,9.48118782043457,437200
16-03-2026,9.620471092959335,9.680163246334468,9.451341743747005,9.48118782043457,339700
17-03-2026,9.630420504491466,9.729907747210188,9.391649034629168,9.501086235046387,424900
18-03-2026,9.44139234333822,9.570726602001848,9.391648251730727,9.46129035949707,338200
19-03-2026,9.341905064123681,9.610521639452866,9.331956056091956,9.53093147277832,367500
20-03-2026,9.57072651089504,9.610521594044288,9.391648162328623,9.60057258605957,761000
23-03-2026,9.90898637031275,10.247245091697701,9.879140291599294,9.89903736114502,495300
24-03-2026,9.789380748016434,10.257915545226197,9.789380748016434,10.15822696685791,405100
25-03-2026,10.28782098272343,10.427384792046666,10.11835098236688,10.347634315490723,241400
26-03-2026,10.247945663144199,10.41741566215627,10.237977566679291,10.317728042602539,315900
27-03-2026,10.18813419342041,10.317728966069975,10.088445614243593,10.18813419342041,318000
30-03-2026,10.198101459224317,10.327696221306724,9.978788124039324,10.118350982666016,281200
31-03-2026,10.307759446539812,10.64669945939713,10.148258487713004,10.367571830749512,387700
01-04-2026,10.417415785347078,10.716480548946176,10.37754054691391,10.477229118347168,285500
02-04-2026,10.307759156468984,10.636730112466873,10.277852965205724,10.606823921203613,264400
06-04-2026,10.537041334731132,10.666636095273509,10.46725990624703,10.646698951721191,230800
07-04-2026,10.63673006794183,10.895919593006928,10.626761020662247,10.706511497497559,277000
08-04-2026,11.045451494275172,11.394360543293342,11.045451494275172,11.165077209472656,445200
09-04-2026,11.105264953455169,11.2747349562531,10.995607333585516,11.095295906066895,340800
10-04-2026,11.085326526725108,11.155107954952035,10.935794623181506,10.975669860839844,235300
13-04-2026,10.91585689808546,11.02551451837909,10.746386894632295,10.995607376098633,258000
14-04-2026,11.005576341921369,11.095295866696109,10.93579491185243,10.96570110321045,297900
15-04-2026,10.965700726176417,11.005575963516305,10.66663597077693,10.716480255126953,330200
16-04-2026,10.776293911286546,11.454172966496042,10.686574386892472,11.294672012329102,409300
17-04-2026,11.434235696156108,11.713362362862169,11.28470284025236,11.59373664855957,330800
20-04-2026,11.513986577208057,11.852926588333425,11.264766092639487,11.743268966674805,305600
21-04-2026,11.773174947651423,11.892800654356611,11.61367305467723,11.783143043518066,354100
22-04-2026,11.78314332588193,11.8529257028243,11.504016670214341,11.543891906738281,258400
23-04-2026,11.902769629400805,12.181897249697466,11.823019152373382,11.982521057128906,377900
24-04-2026,12.46102414230607,13.168810351617083,12.211803659459948,12.989371299743652,1036600
27-04-2026,12.919589580066019,13.388124343542906,12.859776247211249,13.228623390197754,684400
28-04-2026,13.467874691172904,13.677219928107741,13.238591359910625,13.527687072753906,582100
29-04-2026,13.527686818912494,13.876595857490308,13.11896539987603,13.208684921264648,488400
30-04-2026,13.138903537429579,13.348248771130832,13.069121159062062,13.338279724121094,442900
01-05-2026,13.437967592955118,13.487811878233574,13.158840926376705,13.427999496459961,525900
04-05-2026,13.198716693828901,13.20868574142456,12.391242852594587,12.461024284362793,764300
05-05-2026,12.530805502001712,12.789995030855536,12.530805502001712,12.730182647705078,383000
06-05-2026,12.919589745509187,13.20868546482449,12.869745459275373,13.05915355682373,312000
07-05-2026,13.1289346506159,13.208685126265602,12.899651320097512,12.939526557922363,358200
08-05-2026,12.999340547414011,13.208685794256672,12.919590067731159,13.178779602050781,495600
11-05-2026,13.158841273962944,13.168810321422097,12.61055602281851,12.630494117736816,518300
12-05-2026,12.59061893123736,12.630494170539984,11.992489390997306,12.301523208618164,546500
13-05-2026,12.27161664318842,12.520837118917097,12.211803310705243,12.281584739685059,351000
14-05-2026,12.441085730780236,13.10899668386899,12.151990016062765,13.099028587341309,667800
15-05-2026,13.079090614115087,13.5575944278038,13.069121566794331,13.258529663085938,898700
18-05-2026,13.2485613087418,13.56756323408614,13.2485613087418,13.398093223571777,873900
19-05-2026,13.278466994146294,14.22550558754859,13.039215559280757,13.906502723693848,703700
20-05-2026,13.906502308819695,14.155722783711449,13.836720880074218,13.986252784729004,681500
21-05-2026,13.816783147962072,14.255411727662848,13.816783147962072,14.2354736328125,581600
22-05-2026,14.215536365246315,14.404943511176786,14.115847793261427,14.305255889892578,411000
26-05-2026,14.345130714606766,14.743883089638652,14.345130714606766,14.614288330078125,574000
27-05-2026,14.733914502030803,14.91335355174087,14.614288785790984,14.664133071899414,512200
28-05-2026,14.604320055547602,15.052917689563628,14.604320055547602,15.013042449951172,567700
29-05-2026,14.98313543281782,15.09279305569685,14.8734787606395,14.943260192871094,479700
01-06-2026,14.713976752541537,15.501513398406125,14.644194374580945,15.471607208251953,747300
02-06-2026,15.401824830291359,15.591232919569284,15.232354834916643,15.471607208251953,723000
03-06-2026,15.421764226279091,15.541389947696617,15.112730399591607,15.132668495178223,554100
04-06-2026,15.332044337687833,15.800579115268539,15.12269909244545,15.70089054107666,606700
05-06-2026,15.661014639060733,16.03982987398456,15.60120130693564,15.69092082977295,723100
08-06-2026,15.74076661472843,16.239208561399938,15.690922324991206,16.12955093383789,659800
09-06-2026,16.229238727924624,16.588114934703313,15.641077278329382,15.96008014678955,588300
10-06-2026,15.850421572263382,16.05976775659169,15.37191872437196,15.730795860290527,749300
11-06-2026,15.820515955446423,16.289050724016864,15.74076547790686,16.169424057006836,758200
12-06-2026,16.30898722504172,16.46848816453445,16.029859630228852,16.05976676940918,624100
15-06-2026,16.229238521479477,16.37877043085192,15.551358504162936,15.770671844482422,811200
16-06-2026,15.800579001695594,15.900266624470227,15.122698983745037,15.312106132507324,777400
17-06-2026,15.33204359657527,15.33204359657527,14.195597898663738,14.285317420959473,646900
18-06-2026,14.335162324909913,14.604319952723783,14.275348990562,14.394974708557129,1235600
22-06-2026,14.39497412949329,14.654163650073388,14.345130795359212,14.644194602966309,512600
23-06-2026,14.504441158785303,14.714071802462032,14.504441158785303,14.614248275756836,550500
24-06-2026,14.584301102290542,14.634213344178647,14.454529654180202,14.564336776733398,507600
25-06-2026,14.913720234805242,15.26310496826724,14.56433645334005,15.253122329711914,488700
26-06-2026,15.382893984790957,15.55259503455932,15.143316368175679,15.482718467712402,1689200
29-06-2026,15.30303456979175,15.502682580905127,15.103386558678372,15.432806015014648,619800
30-06-2026,15.39287673693623,15.502682907361692,14.953650151240726,15.193228721618652,482700
01-07-2026,15.263104648688438,15.332981213119039,14.913719922541853,15.133333206176758,504700
02-07-2026,15.203210199718637,15.293052043377651,14.734037608161056,14.873790740966797,493100
06-07-2026,14.92370298211034,15.213192838346709,14.773967210676528,14.873790740966797,407200
07-07-2026,15.013544399075203,15.073439277144567,14.734037189410671,14.863808631896973,458700
08-07-2026,14.843843355208254,15.083420963492138,14.674142311341306,14.863808631896973,382200
09-07-2026,14.923702664318876,15.223175152806228,14.883773062653683,14.933685302734375,385100
10-07-2026,14.933685194751483,15.093403600257362,14.584300468709781,14.773966789245605,394200
13-07-2026,14.883773061745766,15.063456745226574,14.813896496835138,14.843843460083008,453000
14-07-2026,14.95365015570435,15.093404242466786,14.82387965970681,15.013545036315918,473300
15-07-2026,15.063457184169849,15.253122559595525,14.424582586952369,14.494460105895996,661300
16-07-2026,14.674142520290824,15.37291103040052,14.674142520290824,15.273087501525879,711900
17-07-2026,15.053474215067846,15.412840632617028,14.92370277073144,15.362929344177246,1069400
20-07-2026,15.352946921093881,15.472735728624258,15.033510101012878,15.053474426269531,628600
21-07-2026,15.21319304492149,15.342964492858098,14.83386133987529,15.28307056427002,927100
22-07-2026,15.24314085584215,15.382893989579488,15.103386770107988,15.2131929397583,658100
23-07-2026,15.133333526557339,15.203210092467263,14.684125263428035,14.803914070129395,630300
24-07-2026,14.324758420997956,14.684124830507109,14.015303298811931,14.254880905151367,660600
27-07-2026,14.234917339270911,14.284829581250893,13.556113133135547,13.665919303894043,952200
28-07-2026,13.665919097570711,13.775726218668211,13.326517951624025,13.346482276916504,577800
29-07-2026,13.346482391966607,13.566095684057906,12.717590431884808,12.967150688171387,954700
30-07-2026,13.106904234082842,13.236675676241697,12.348240857768058,12.70760726928711,781700
31-07-2026,12.597801860544699,12.747538588336914,12.138610942242892,12.208487510681152,861900
03-08-2026,12.208487404830521,12.527925183486202,12.12862819816581,12.228452682495117,650500
04-08-2026,12.398153304463039,12.767502360470782,12.338258425544332,12.757519721984863,667000
05-08-2026,12.627748064845154,12.89727358744186,12.507959261023325,12.527924537658691,629800
06-08-2026,12.617766809527769,12.75751994276193,12.23843510846953,12.26838207244873,492800
07-08-2026,12.268382282993361,12.408136370622739,12.218470040840238,12.318294525146484,688500
10-08-2026,12.238435118252342,12.438083131601315,11.689402367545048,11.729331970214844,636600
11-08-2026,11.76926178406682,11.909015871917195,11.449824956976636,11.779244422912598,1259900
12-08-2026,11.819173804773412,12.368206555041834,11.819173804773412,12.26838207244873,844500
13-08-2026,12.238434589018745,12.81741427869203,12.238434589018745,12.637730598449707,1288200
14-08-2026,12.657696613725504,13.06697528528026,12.517942526269096,12.767502784729004,939400
17-08-2026,12.75751951065305,12.987115432041834,12.72757254768818,12.797449111938477,691100
18-08-2026,12.777484680289062,12.847361243954177,12.478012197157916,12.727572441101074,1076100
19-08-2026,12.76750246804374,12.92722087717693,12.63773102262382,12.647713661193848,1049400
20-08-2026,12.557872035647923,12.677660844573401,12.288347453564805,12.338258743286133,1094900
21-08-2026,12.527924438801506,12.857343884711302,12.468029561364824,12.817414283752441,604900
24-08-2026,12.87730852871474,12.957167732613994,12.208486982060887,12.487995147705078,579800
25-08-2026,12.557871929572544,12.767502581420603,12.23843510846953,12.26838207244873,540300
26-08-2026,12.248417744603236,12.45804744441126,12.088698382087834,12.448065757751465,448500
27-08-2026,12.398153623747286,12.448065865465443,12.258399537335814,12.338258743286133,480200
28-08-2026,12.358224026628115,12.507959799856708,12.048768889426373,12.158576011657715,620000
31-08-2026,12.15857600589633,12.398153623747286,11.9788923165097,12.338258743286133,576300
01-09-2026,12.23843522408321,12.34824139437548,11.729332071643283,11.889050483703613,584000
02-09-2026,11.95892652232947,12.288346922637718,11.92897955939119,12.078716278076172,873700
03-09-2026,12.23843521184665,12.428100587979449,11.819173904609064,12.338258743286133,447700
04-09-2026,12.178539913561877,12.7076073728306,12.138610311956631,12.41811752319336,573300
08-09-2026,12.358224234831123,12.487995684747391,12.29832935333252,12.29832935333252,366300
09-09-2026,12.268382392197408,12.478013049509034,12.128628303324042,12.208487510681152,633200
10-09-2026,12.168557167053223,12.308311247428378,12.078716278237179,12.168557167053223,752200
11-09-2026,12.268382282993361,12.418118057455894,12.098681230870843,12.318294525146484,531400
14-09-2026,12.148593365157309,12.468030188906098,12.058751520478754,12.4281005859375,543600
15-09-2026,12.4281006906677,12.717590552628746,12.328277158403417,12.497978210449219,709200
16-09-2026,12.288347137769366,12.448065545565434,11.659455193074738,11.859103202819824,1984900
17-09-2026,12.008838758177708,12.178539801436807,11.899032592773438,11.899032592773438,988300
18-09-2026,11.84912109375,11.938962940148608,11.70936700468585,11.84912109375,1294800
21-09-2026,11.928980095006509,11.928980095006509,11.379947339170052,11.619525909423828,759100
22-09-2026,11.759278510583737,11.928979553816,11.629507068582784,11.80919075012207,904500
23-09-2026,11.749297142581046,11.789226744894114,11.50971857670583,11.659455299377441,901700
24-09-2026,11.75927905089525,11.829156570258341,11.270141175337763,11.350000381469727,858400
25-09-2026,11.420000076293945,11.4399995803833,11.1899995803833,11.300000190734863,543600
28-09-2026,11.220000267028809,11.479999542236328,11.140000343322754,11.4399995803833,635900
29-09-2026,11.420000076293945,11.75,11.40999984741211,11.649999618530273,788600
