Date,Open,High,Low,Close,Volume
30-09-2021,17.260000228881836,17.34000015258789,16.59000015258789,16.709999084472656,1599300
01-10-2021,16.799999237060547,17.170000076293945,16.6200008392334,17.020000457763672,595900
04-10-2021,17.06999969482422,17.31999969482422,16.93000030517578,17.239999771118164,748900
05-10-2021,17.239999771118164,17.3799991607666,16.530000686645508,16.549999237060547,845300
06-10-2021,16.540000915527344,16.559999465942383,16.100000381469727,16.270000457763672,1350700
07-10-2021,16.360000610351562,16.940000534057617,16.360000610351562,16.920000076293945,886900
08-10-2021,17.059999465942383,17.059999465942383,16.829999923706055,16.8700008392334,327400
11-10-2021,16.969999313354492,17.219999313354492,16.8799991607666,17.100000381469727,391500
12-10-2021,17.18000030517578,17.350000381469727,17.030000686645508,17.25,511500
13-10-2021,17.200000762939453,17.309999465942383,16.6299991607666,16.690000534057617,717900
14-10-2021,16.700000762939453,16.93000030517578,16.479999542236328,16.670000076293945,401900
15-10-2021,16.739999771118164,16.790000915527344,16.610000610351562,16.610000610351562,530900
18-10-2021,16.549999237060547,16.59000015258789,16.209999084472656,16.229999542236328,730500
19-10-2021,16.280000686645508,16.709999084472656,16.260000228881836,16.40999984741211,488800
20-10-2021,16.459999084472656,16.709999084472656,16.350000381469727,16.510000228881836,400100
21-10-2021,16.469999313354492,16.889999389648438,16.18000030517578,16.420000076293945,410100
22-10-2021,16.3799991607666,16.40999984741211,16.18000030517578,16.239999771118164,252500
25-10-2021,16.31999969482422,16.3799991607666,15.829999923706055,15.930000305175781,730400
26-10-2021,15.930000305175781,16.219999313354492,15.880000114440918,15.90999984741211,361900
27-10-2021,15.949999809265137,16.139999389648438,15.789999961853027,16.100000381469727,488400
28-10-2021,16.239999771118164,17.360000610351562,16.229999542236328,17.309999465942383,1009500
29-10-2021,17.209999084472656,17.84000015258789,17.079999923706055,17.450000762939453,807500
01-11-2021,17.510000228881836,17.649999618530273,17.059999465942383,17.3799991607666,1285500
02-11-2021,17.420000076293945,17.81999969482422,17.229999542236328,17.780000686645508,1370300
03-11-2021,17.729999542236328,17.829999923706055,17.389999389648438,17.5,1437400
04-11-2021,17.59000015258789,17.920000076293945,17.40999984741211,17.739999771118164,625900
05-11-2021,17.709999084472656,18.139999389648438,17.610000610351562,18.1200008392334,761300
08-11-2021,18.139999389648438,18.6200008392334,18.139999389648438,18.489999771118164,1515600
09-11-2021,18.5,18.729999542236328,18.43000030517578,18.719999313354492,592400
10-11-2021,18.790000915527344,18.969999313354492,17.799999237060547,17.81999969482422,826100
11-11-2021,17.770000457763672,18.229999542236328,17.729999542236328,17.81999969482422,306600
12-11-2021,17.84000015258789,17.889999389648438,17.75,17.760000228881836,318500
15-11-2021,17.799999237060547,17.799999237060547,17.270000457763672,17.290000915527344,401100
16-11-2021,17.34000015258789,17.520000457763672,17.209999084472656,17.329999923706055,489600
17-11-2021,17.290000915527344,17.450000762939453,17.079999923706055,17.25,475200
18-11-2021,17.209999084472656,17.25,16.8700008392334,17.1299991607666,469900
19-11-2021,17.079999923706055,17.389999389648438,17.0,17.049999237060547,416400
22-11-2021,17.06999969482422,17.280000686645508,16.8799991607666,17.010000228881836,457000
23-11-2021,17.09000015258789,17.219999313354492,16.989999771118164,17.049999237060547,602000
24-11-2021,17.270000457763672,17.270000457763672,17.020000457763672,17.09000015258789,425000
26-11-2021,17.020000457763672,17.209999084472656,16.6200008392334,16.920000076293945,453800
29-11-2021,17.010000228881836,17.280000686645508,16.68000030517578,16.719999313354492,447600
30-11-2021,16.850000381469727,16.8700008392334,16.399999618530273,16.719999313354492,855400
01-12-2021,16.84000015258789,17.010000228881836,16.59000015258789,16.600000381469727,472800
02-12-2021,16.540000915527344,16.709999084472656,16.299999237060547,16.469999313354492,644500
03-12-2021,16.56999969482422,16.75,16.299999237060547,16.360000610351562,1637400
06-12-2021,16.3700008392334,16.729999542236328,16.309999465942383,16.440000534057617,507500
07-12-2021,16.450000762939453,16.690000534057617,16.280000686645508,16.68000030517578,383300
08-12-2021,16.799999237060547,16.940000534057617,16.56999969482422,16.719999313354492,561300
09-12-2021,16.649999618530273,16.739999771118164,16.270000457763672,16.299999237060547,514900
10-12-2021,16.350000381469727,16.540000915527344,16.229999542236328,16.43000030517578,419400
13-12-2021,16.450000762939453,16.670000076293945,16.270000457763672,16.43000030517578,316300
14-12-2021,16.43000030517578,17.110000610351562,16.280000686645508,16.799999237060547,856500
15-12-2021,16.860000610351562,17.309999465942383,16.760000228881836,17.290000915527344,492100
16-12-2021,17.40999984741211,17.530000686645508,16.93000030517578,17.049999237060547,640800
17-12-2021,17.1200008392334,17.610000610351562,17.049999237060547,17.40999984741211,1373700
20-12-2021,17.290000915527344,17.420000076293945,16.93000030517578,17.3799991607666,577600
21-12-2021,17.469999313354492,17.600000381469727,16.959999084472656,17.0,537700
22-12-2021,16.940000534057617,17.459999084472656,16.850000381469727,17.440000534057617,271000
23-12-2021,17.520000457763672,17.790000915527344,17.3700008392334,17.59000015258789,255100
27-12-2021,17.719999313354492,17.850000381469727,17.5,17.75,419000
28-12-2021,17.75,17.93000030517578,17.43000030517578,17.459999084472656,223500
29-12-2021,17.3799991607666,17.65999984741211,17.149999618530273,17.6200008392334,293200
30-12-2021,17.600000381469727,17.81999969482422,17.3700008392334,17.420000076293945,257700
31-12-2021,17.3799991607666,17.399999618530273,17.149999618530273,17.25,196300
03-01-2022,17.25,17.610000610351562,17.15999984741211,17.450000762939453,247200
04-01-2022,17.389999389648438,17.510000228881836,17.229999542236328,17.40999984741211,419700
05-01-2022,17.450000762939453,17.8799991607666,17.09000015258789,17.09000015258789,324100
06-01-2022,17.030000686645508,17.6299991607666,16.989999771118164,17.469999313354492,322500
07-01-2022,17.450000762939453,17.75,17.450000762939453,17.5,334800
10-01-2022,17.579999923706055,17.850000381469727,17.459999084472656,17.719999313354492,311200
11-01-2022,17.75,17.780000686645508,17.0,17.059999465942383,1091300
12-01-2022,17.059999465942383,17.309999465942383,16.860000610351562,17.010000228881836,532600
13-01-2022,16.940000534057617,17.25,16.850000381469727,16.989999771118164,439100
14-01-2022,17.0,17.049999237060547,16.540000915527344,16.770000457763672,668100
18-01-2022,16.670000076293945,16.739999771118164,16.209999084472656,16.43000030517578,1055200
19-01-2022,16.420000076293945,16.700000762939453,16.270000457763672,16.440000534057617,421700
20-01-2022,16.420000076293945,16.56999969482422,16.1299991607666,16.170000076293945,707700
21-01-2022,16.09000015258789,16.43000030517578,16.040000915527344,16.170000076293945,676100
24-01-2022,16.040000915527344,16.170000076293945,15.630000114440918,15.979999542236328,668600
25-01-2022,15.90999984741211,15.979999542236328,15.350000381469727,15.390000343322754,751300
26-01-2022,15.5600004196167,15.979999542236328,15.470000267028809,15.569999694824219,1071900
27-01-2022,15.579999923706055,16.030000686645508,15.569999694824219,15.859999656677246,558800
28-01-2022,15.84000015258789,16.040000915527344,15.5600004196167,16.030000686645508,439400
31-01-2022,15.890000343322754,16.049999237060547,15.649999618530273,16.030000686645508,447800
01-02-2022,16.1299991607666,16.200000762939453,15.59000015258789,15.800000190734863,426200
02-02-2022,15.90999984741211,16.290000915527344,15.760000228881836,16.229999542236328,915100
03-02-2022,16.0,16.149999618530273,15.369999885559082,15.399999618530273,483800
04-02-2022,15.399999618530273,15.970000267028809,15.079999923706055,15.640000343322754,2068800
07-02-2022,15.850000381469727,15.850000381469727,15.5,15.649999618530273,370800
08-02-2022,15.59000015258789,15.850000381469727,15.40999984741211,15.829999923706055,1302200
09-02-2022,15.949999809265137,16.079999923706055,15.720000267028809,15.829999923706055,989700
10-02-2022,17.6200008392334,18.450000762939453,17.299999237060547,18.0,4478900
11-02-2022,17.809999465942383,19.280000686645508,17.809999465942383,19.25,2998000
14-02-2022,19.360000610351562,20.149999618530273,19.0,19.709999084472656,1659500
15-02-2022,19.81999969482422,20.100000381469727,19.579999923706055,19.690000534057617,5346500
16-02-2022,19.75,20.479999542236328,19.75,20.25,1021900
17-02-2022,20.25,20.420000076293945,19.670000076293945,19.940000534057617,817800
18-02-2022,19.93000030517578,20.329999923706055,19.510000228881836,19.989999771118164,1595600
22-02-2022,19.780000686645508,20.040000915527344,19.18000030517578,19.190000534057617,1015900
23-02-2022,19.760000228881836,19.93000030517578,19.09000015258789,19.170000076293945,791900
24-02-2022,18.889999389648438,19.450000762939453,18.739999771118164,19.270000457763672,697400
25-02-2022,19.299999237060547,19.68000030517578,19.100000381469727,19.3799991607666,640400
28-02-2022,19.06999969482422,19.43000030517578,18.959999084472656,19.209999084472656,1007500
01-03-2022,19.229999542236328,19.3799991607666,18.450000762939453,18.68000030517578,1542500
02-03-2022,18.110000610351562,19.739999771118164,18.110000610351562,19.420000076293945,3588600
03-03-2022,19.31999969482422,19.350000381469727,17.43000030517578,17.899999618530273,3715800
04-03-2022,17.649999618530273,17.959999084472656,16.889999389648438,17.25,2018900
07-03-2022,17.219999313354492,17.93000030517578,17.170000076293945,17.3799991607666,1144200
08-03-2022,17.3799991607666,18.06999969482422,17.149999618530273,17.6200008392334,1055200
09-03-2022,17.739999771118164,18.010000228881836,17.559999465942383,17.850000381469727,820300
10-03-2022,18.0,18.739999771118164,18.0,18.540000915527344,2248200
11-03-2022,18.530000686645508,18.920000076293945,18.31999969482422,18.8700008392334,1316500
14-03-2022,18.940000534057617,19.200000762939453,18.610000610351562,18.8799991607666,800200
15-03-2022,18.780000686645508,18.8799991607666,18.100000381469727,18.420000076293945,1245700
16-03-2022,18.559999465942383,18.799999237060547,18.280000686645508,18.56999969482422,619300
17-03-2022,18.600000381469727,19.280000686645508,18.559999465942383,19.270000457763672,794800
18-03-2022,19.079999923706055,19.350000381469727,18.940000534057617,19.0,1350000
21-03-2022,19.030000686645508,19.6299991607666,18.510000228881836,18.530000686645508,934600
22-03-2022,18.489999771118164,19.100000381469727,18.34000015258789,19.09000015258789,3127100
23-03-2022,19.079999923706055,19.520000457763672,18.979999542236328,19.3799991607666,707400
24-03-2022,19.540000915527344,19.780000686645508,19.290000915527344,19.649999618530273,640400
25-03-2022,19.760000228881836,19.790000915527344,19.34000015258789,19.59000015258789,400600
28-03-2022,19.510000228881836,19.68000030517578,19.290000915527344,19.3799991607666,558300
29-03-2022,19.649999618530273,20.040000915527344,19.530000686645508,19.690000534057617,985900
30-03-2022,19.649999618530273,19.889999389648438,19.110000610351562,19.200000762939453,735700
31-03-2022,19.280000686645508,19.639999389648438,19.25,19.350000381469727,1455900
01-04-2022,19.3700008392334,20.09000015258789,19.309999465942383,19.739999771118164,1270500
04-04-2022,19.760000228881836,20.09000015258789,19.3700008392334,19.850000381469727,979000
05-04-2022,19.770000457763672,20.709999084472656,19.489999771118164,19.610000610351562,2676700
06-04-2022,19.40999984741211,19.670000076293945,19.010000228881836,19.209999084472656,2657000
07-04-2022,19.139999389648438,19.68000030517578,18.770000457763672,19.6299991607666,1503400
08-04-2022,19.739999771118164,20.1299991607666,19.729999542236328,19.8799991607666,826000
11-04-2022,19.899999618530273,19.959999084472656,19.1299991607666,19.149999618530273,660900
12-04-2022,19.270000457763672,19.68000030517578,19.079999923706055,19.440000534057617,1026300
13-04-2022,19.350000381469727,19.610000610351562,19.15999984741211,19.299999237060547,832900
14-04-2022,19.25,19.3799991607666,19.010000228881836,19.030000686645508,496100
18-04-2022,18.950000762939453,18.979999542236328,18.450000762939453,18.540000915527344,705900
19-04-2022,18.520000457763672,18.579999923706055,18.049999237060547,18.079999923706055,582700
20-04-2022,18.09000015258789,18.5,17.809999465942383,18.280000686645508,836000
21-04-2022,18.329999923706055,18.549999237060547,18.059999465942383,18.229999542236328,627600
22-04-2022,18.18000030517578,18.290000915527344,17.790000915527344,17.829999923706055,578200
25-04-2022,17.75,17.93000030517578,17.389999389648438,17.790000915527344,706900
26-04-2022,17.6299991607666,17.760000228881836,17.15999984741211,17.209999084472656,1232400
27-04-2022,17.139999389648438,17.5,16.739999771118164,16.84000015258789,1355600
28-04-2022,16.989999771118164,17.549999237060547,16.770000457763672,17.3700008392334,1011900
29-04-2022,17.290000915527344,17.31999969482422,16.8799991607666,17.059999465942383,1215500
02-05-2022,16.8799991607666,16.93000030517578,16.139999389648438,16.309999465942383,2137900
03-05-2022,16.299999237060547,16.600000381469727,16.15999984741211,16.309999465942383,1074200
04-05-2022,16.329999923706055,16.43000030517578,15.850000381469727,16.3799991607666,1241700
05-05-2022,16.3799991607666,16.479999542236328,15.739999771118164,15.9399995803833,1200200
06-05-2022,15.739999771118164,16.030000686645508,15.319999694824219,15.420000076293945,1238400
09-05-2022,15.319999694824219,15.640000343322754,15.15999984741211,15.279999732971191,1058900
10-05-2022,15.289999961853027,15.710000038146973,15.199999809265137,15.300000190734863,937800
11-05-2022,15.3100004196167,15.609999656677246,14.970000267028809,15.100000381469727,826300
12-05-2022,15.029999732971191,15.569999694824219,15.010000228881836,15.550000190734863,796600
13-05-2022,15.520000457763672,15.890000343322754,15.449999809265137,15.859999656677246,917500
16-05-2022,15.880000114440918,16.329999923706055,15.8100004196167,16.09000015258789,638000
17-05-2022,16.18000030517578,16.40999984741211,16.09000015258789,16.31999969482422,666600
18-05-2022,16.09000015258789,16.190000534057617,15.760000228881836,15.949999809265137,775800
19-05-2022,15.949999809265137,16.190000534057617,15.850000381469727,15.90999984741211,562900
20-05-2022,16.020000457763672,16.299999237060547,15.920000076293945,16.290000915527344,595200
23-05-2022,16.43000030517578,16.670000076293945,16.200000762939453,16.350000381469727,1012100
24-05-2022,16.079999923706055,16.079999923706055,15.430000305175781,15.460000038146973,1081300
25-05-2022,15.329999923706055,15.630000114440918,14.979999542236328,15.020000457763672,1208800
26-05-2022,15.15999984741211,15.430000305175781,15.079999923706055,15.399999618530273,798200
27-05-2022,15.489999771118164,15.529999732971191,15.34000015258789,15.460000038146973,441200
31-05-2022,15.40999984741211,15.489999771118164,15.050000190734863,15.170000076293945,833700
01-06-2022,15.170000076293945,15.319999694824219,14.6899995803833,14.720000267028809,1111100
02-06-2022,14.680000305175781,15.25,14.479999542236328,15.180000305175781,1149000
03-06-2022,15.149999618530273,15.380000114440918,15.109999656677246,15.329999923706055,2566200
06-06-2022,15.5,15.5,14.890000343322754,14.930000305175781,589100
07-06-2022,14.890000343322754,15.619999885559082,14.880000114440918,15.600000381469727,1153900
08-06-2022,15.600000381469727,15.670000076293945,15.100000381469727,15.319999694824219,547700
09-06-2022,15.210000038146973,15.270000457763672,14.859999656677246,14.899999618530273,854400
10-06-2022,14.680000305175781,14.949999809265137,14.489999771118164,14.829999923706055,666000
13-06-2022,14.609999656677246,14.670000076293945,14.25,14.420000076293945,1211500
14-06-2022,14.34000015258789,14.449999809265137,14.0600004196167,14.319999694824219,832200
15-06-2022,14.270000457763672,14.699999809265137,14.25,14.5600004196167,1016300
16-06-2022,14.380000114440918,14.600000381469727,14.149999618530273,14.5,872100
17-06-2022,14.579999923706055,15.029999732971191,14.579999923706055,14.779999732971191,1671600
21-06-2022,14.850000381469727,14.989999771118164,14.600000381469727,14.649999618530273,710800
22-06-2022,14.579999923706055,15.09000015258789,14.239999771118164,14.729999542236328,778100
23-06-2022,14.8100004196167,15.100000381469727,14.770000457763672,15.069999694824219,476700
24-06-2022,15.140000343322754,15.359999656677246,14.720000267028809,14.760000228881836,4007600
27-06-2022,14.899999618530273,15.4399995803833,14.850000381469727,15.300000190734863,754500
28-06-2022,15.319999694824219,15.369999885559082,14.930000305175781,14.979999542236328,599700
29-06-2022,14.979999542236328,15.0600004196167,14.789999961853027,15.029999732971191,545300
30-06-2022,14.84000015258789,14.930000305175781,14.59000015258789,14.760000228881836,601100
01-07-2022,14.720000267028809,14.979999542236328,14.609999656677246,14.890000343322754,617300
05-07-2022,14.880000114440918,15.260000228881836,14.779999732971191,15.220000267028809,681900
06-07-2022,15.140000343322754,15.229999542236328,14.890000343322754,14.9399995803833,469100
07-07-2022,14.920000076293945,15.220000267028809,14.739999771118164,14.800000190734863,914600
08-07-2022,14.800000190734863,15.0,14.4399995803833,14.479999542236328,452800
11-07-2022,14.579999923706055,14.829999923706055,14.4399995803833,14.460000038146973,712200
12-07-2022,14.329999923706055,14.529999732971191,13.899999618530273,14.460000038146973,815500
13-07-2022,14.460000038146973,14.59000015258789,13.949999809265137,13.960000038146973,833600
14-07-2022,13.8100004196167,14.670000076293945,13.760000228881836,14.579999923706055,1762300
15-07-2022,14.609999656677246,14.609999656677246,13.739999771118164,14.399999618530273,1221000
18-07-2022,14.539999961853027,14.819999694824219,14.369999885559082,14.510000228881836,1025100
19-07-2022,14.550000190734863,14.739999771118164,14.520000457763672,14.720000267028809,552600
20-07-2022,14.569999694824219,14.710000038146973,14.220000267028809,14.40999984741211,778400
21-07-2022,14.460000038146973,14.84000015258789,14.390000343322754,14.829999923706055,664400
22-07-2022,14.829999923706055,14.829999923706055,14.470000267028809,14.5600004196167,588200
25-07-2022,14.680000305175781,14.800000190734863,14.5,14.5600004196167,533000
26-07-2022,14.619999885559082,14.630000114440918,14.260000228881836,14.489999771118164,657400
27-07-2022,14.470000267028809,14.770000457763672,14.170000076293945,14.680000305175781,570200
28-07-2022,14.119999885559082,14.569999694824219,13.640000343322754,14.239999771118164,881700
29-07-2022,14.239999771118164,14.380000114440918,14.050000190734863,14.34000015258789,729300
01-08-2022,14.34000015258789,14.529999732971191,14.09000015258789,14.300000190734863,654500
02-08-2022,14.40999984741211,14.40999984741211,14.079999923706055,14.09000015258789,795800
03-08-2022,14.119999885559082,14.529999732971191,14.119999885559082,14.25,724500
04-08-2022,14.270000457763672,14.329999923706055,14.039999961853027,14.3100004196167,480600
05-08-2022,14.229999542236328,14.479999542236328,14.100000381469727,14.4399995803833,676600
08-08-2022,14.460000038146973,14.819999694824219,14.449999809265137,14.789999961853027,480800
09-08-2022,14.739999771118164,14.869999885559082,14.329999923706055,14.369999885559082,566000
10-08-2022,14.430000305175781,14.569999694824219,14.350000381469727,14.5,606100
11-08-2022,14.569999694824219,14.720000267028809,14.420000076293945,14.470000267028809,739500
12-08-2022,14.539999961853027,14.739999771118164,14.34000015258789,14.739999771118164,755400
15-08-2022,14.649999618530273,14.699999809265137,14.5,14.5600004196167,410800
16-08-2022,14.479999542236328,14.640000343322754,14.34000015258789,14.630000114440918,661200
17-08-2022,14.449999809265137,14.460000038146973,14.0,14.079999923706055,702500
18-08-2022,14.109999656677246,14.25,13.960000038146973,14.1899995803833,457300
19-08-2022,14.199999809265137,14.279999732971191,14.039999961853027,14.119999885559082,461500
22-08-2022,13.989999771118164,14.069999694824219,13.770000457763672,13.890000343322754,440600
23-08-2022,13.850000381469727,13.90999984741211,13.640000343322754,13.649999618530273,881500
24-08-2022,13.449999809265137,13.739999771118164,13.369999885559082,13.600000381469727,640100
25-08-2022,13.59000015258789,13.680000305175781,13.390000343322754,13.520000457763672,713900
26-08-2022,13.529999732971191,13.550000190734863,13.289999961853027,13.329999923706055,914700
29-08-2022,13.25,13.550000190734863,13.079999923706055,13.430000305175781,855300
30-08-2022,13.460000038146973,13.510000228881836,13.130000114440918,13.3100004196167,1904500
31-08-2022,13.449999809265137,13.520000457763672,13.130000114440918,13.15999984741211,697600
01-09-2022,13.010000228881836,13.239999771118164,12.979999542236328,13.010000228881836,931100
02-09-2022,13.029999732971191,13.300000190734863,12.819999694824219,13.079999923706055,712700
06-09-2022,13.170000076293945,13.699999809265137,13.09000015258789,13.5600004196167,794000
07-09-2022,13.510000228881836,13.670000076293945,13.220000267028809,13.329999923706055,925800
08-09-2022,13.34000015258789,13.609999656677246,13.34000015258789,13.5600004196167,471000
09-09-2022,13.5600004196167,13.670000076293945,13.100000381469727,13.229999542236328,593100
12-09-2022,13.479999542236328,13.479999542236328,12.800000190734863,12.899999618530273,918200
13-09-2022,12.789999961853027,12.970000267028809,12.680000305175781,12.8100004196167,904700
14-09-2022,12.710000038146973,12.720000267028809,12.4399995803833,12.609999656677246,822900
15-09-2022,12.59000015258789,12.6899995803833,12.369999885559082,12.460000038146973,745800
16-09-2022,12.380000114440918,12.579999923706055,12.279999732971191,12.5,1443000
19-09-2022,12.479999542236328,12.520000457763672,12.3100004196167,12.470000267028809,404000
20-09-2022,12.350000381469727,12.350000381469727,12.020000457763672,12.1899995803833,549400
21-09-2022,12.130000114440918,12.359999656677246,12.010000228881836,12.029999732971191,619300
22-09-2022,11.960000038146973,12.0600004196167,11.779999732971191,11.869999885559082,577400
23-09-2022,11.800000190734863,11.880000114440918,11.65999984741211,11.800000190734863,601600
26-09-2022,11.739999771118164,11.890000343322754,11.569999694824219,11.619999885559082,489200
27-09-2022,11.619999885559082,11.90999984741211,11.619999885559082,11.760000228881836,466500
28-09-2022,11.869999885559082,12.09000015258789,11.850000381469727,12.069999694824219,409500
29-09-2022,11.949999809265137,11.949999809265137,11.65999984741211,11.859999656677246,367800
30-09-2022,11.84000015258789,11.920000076293945,11.609999656677246,11.609999656677246,808100
03-10-2022,11.65999984741211,11.84000015258789,11.579999923706055,11.800000190734863,572100
04-10-2022,11.930000305175781,12.239999771118164,11.920000076293945,12.229999542236328,652200
05-10-2022,12.319999694824219,12.369999885559082,12.010000228881836,12.199999809265137,578800
06-10-2022,12.229999542236328,12.399999618530273,12.140000343322754,12.380000114440918,500000
07-10-2022,12.399999618530273,12.479999542236328,12.220000267028809,12.399999618530273,600200
10-10-2022,12.390000343322754,12.510000228881836,12.300000190734863,12.449999809265137,520400
11-10-2022,12.470000267028809,12.65999984741211,12.350000381469727,12.569999694824219,584400
12-10-2022,12.640000343322754,12.989999771118164,12.550000190734863,12.949999809265137,598500
13-10-2022,12.90999984741211,13.479999542236328,12.729999542236328,13.369999885559082,868800
14-10-2022,13.449999809265137,13.640000343322754,13.170000076293945,13.229999542236328,542400
17-10-2022,13.399999618530273,13.619999885559082,13.380000114440918,13.520000457763672,756300
18-10-2022,13.630000114440918,13.770000457763672,13.479999542236328,13.670000076293945,618500
19-10-2022,13.6899995803833,13.729999542236328,13.289999961853027,13.420000076293945,438400
20-10-2022,13.420000076293945,13.5,13.369999885559082,13.430000305175781,466600
21-10-2022,13.550000190734863,13.59000015258789,13.289999961853027,13.5,482600
24-10-2022,13.699999809265137,13.890000343322754,13.510000228881836,13.779999732971191,499300
25-10-2022,13.680000305175781,13.869999885559082,13.630000114440918,13.680000305175781,395500
26-10-2022,13.670000076293945,13.779999732971191,13.460000038146973,13.5,500100
27-10-2022,13.529999732971191,13.720000267028809,13.180000305175781,13.199999809265137,479100
28-10-2022,13.289999961853027,13.640000343322754,13.220000267028809,13.569999694824219,370800
31-10-2022,13.569999694824219,13.6899995803833,13.520000457763672,13.5600004196167,481800
01-11-2022,13.59000015258789,13.640000343322754,13.390000343322754,13.550000190734863,469700
02-11-2022,13.520000457763672,13.550000190734863,13.130000114440918,13.149999618530273,464700
03-11-2022,13.09000015258789,13.149999618530273,12.930000305175781,13.0600004196167,355800
04-11-2022,13.0600004196167,13.149999618530273,12.890000343322754,12.979999542236328,329800
07-11-2022,12.949999809265137,13.100000381469727,12.890000343322754,13.029999732971191,566400
08-11-2022,13.069999694824219,13.289999961853027,12.9399995803833,13.050000190734863,456300
09-11-2022,13.050000190734863,13.140000343322754,12.890000343322754,12.920000076293945,551200
10-11-2022,13.34000015258789,13.8100004196167,13.180000305175781,13.710000038146973,760000
11-11-2022,13.630000114440918,13.710000038146973,13.15999984741211,13.619999885559082,686100
14-11-2022,13.65999984741211,13.890000343322754,13.289999961853027,13.390000343322754,832400
15-11-2022,13.420000076293945,13.720000267028809,13.369999885559082,13.390000343322754,672700
16-11-2022,13.350000381469727,13.460000038146973,13.119999885559082,13.15999984741211,474500
17-11-2022,13.100000381469727,13.180000305175781,13.020000457763672,13.100000381469727,493600
18-11-2022,13.279999732971191,13.649999618530273,13.279999732971191,13.550000190734863,967000
21-11-2022,13.59000015258789,13.649999618530273,13.029999732971191,13.109999656677246,587900
22-11-2022,13.140000343322754,13.479999542236328,13.109999656677246,13.449999809265137,455500
23-11-2022,13.449999809265137,13.529999732971191,12.970000267028809,13.020000457763672,869900
25-11-2022,13.0,13.220000267028809,13.0,13.039999961853027,262300
28-11-2022,13.029999732971191,13.140000343322754,12.880000114440918,12.90999984741211,577000
29-11-2022,12.850000381469727,12.979999542236328,12.789999961853027,12.880000114440918,375500
30-11-2022,12.850000381469727,13.149999618530273,12.5600004196167,13.130000114440918,714500
01-12-2022,13.229999542236328,13.289999961853027,12.979999542236328,13.180000305175781,508300
02-12-2022,13.0600004196167,13.420000076293945,12.979999542236328,13.279999732971191,510900
05-12-2022,13.1899995803833,13.220000267028809,12.90999984741211,12.930000305175781,773900
06-12-2022,12.869999885559082,13.15999984741211,12.850000381469727,13.109999656677246,532000
07-12-2022,13.130000114440918,13.25,12.930000305175781,13.220000267028809,795900
08-12-2022,13.199999809265137,13.65999984741211,13.100000381469727,13.640000343322754,605000
09-12-2022,13.640000343322754,13.6899995803833,13.359999656677246,13.369999885559082,798900
12-12-2022,13.369999885559082,13.399999618530273,13.180000305175781,13.260000228881836,595700
13-12-2022,13.479999542236328,13.579999923706055,13.229999542236328,13.300000190734863,656600
14-12-2022,13.300000190734863,13.399999618530273,13.109999656677246,13.270000457763672,476500
15-12-2022,13.1899995803833,13.220000267028809,12.890000343322754,12.960000038146973,625800
16-12-2022,12.779999732971191,12.899999618530273,12.6899995803833,12.770000457763672,1924600
19-12-2022,12.770000457763672,12.90999984741211,12.680000305175781,12.760000228881836,652900
20-12-2022,12.789999961853027,12.949999809265137,12.729999542236328,12.829999923706055,555900
21-12-2022,12.890000343322754,13.399999618530273,12.859999656677246,13.279999732971191,553700
22-12-2022,13.170000076293945,13.489999771118164,13.069999694824219,13.470000267028809,671200
23-12-2022,13.470000267028809,13.569999694824219,13.199999809265137,13.239999771118164,337400
27-12-2022,13.199999809265137,13.229999542236328,13.029999732971191,13.170000076293945,357200
28-12-2022,13.15999984741211,13.3100004196167,13.0,13.029999732971191,342100
29-12-2022,13.100000381469727,13.380000114440918,13.050000190734863,13.279999732971191,326700
30-12-2022,13.279999732971191,13.319999694824219,13.140000343322754,13.25,415700
03-01-2023,13.260000228881836,13.399999618530273,13.25,13.270000457763672,621300
04-01-2023,13.3100004196167,13.479999542236328,13.199999809265137,13.229999542236328,646400
05-01-2023,13.149999618530273,13.199999809265137,13.0600004196167,13.109999656677246,265400
06-01-2023,13.109999656677246,13.479999542236328,13.109999656677246,13.420000076293945,386000
09-01-2023,13.40999984741211,13.470000267028809,13.010000228881836,13.079999923706055,425200
10-01-2023,13.020000457763672,13.380000114440918,12.930000305175781,13.260000228881836,383100
11-01-2023,13.270000457763672,13.430000305175781,13.15999984741211,13.430000305175781,528100
12-01-2023,13.399999618530273,13.739999771118164,13.350000381469727,13.600000381469727,815700
13-01-2023,13.510000228881836,13.6899995803833,13.300000190734863,13.369999885559082,577800
17-01-2023,13.380000114440918,13.800000190734863,13.369999885559082,13.420000076293945,1056400
18-01-2023,13.4399995803833,13.520000457763672,13.039999961853027,13.050000190734863,884200
19-01-2023,13.0,13.079999923706055,12.829999923706055,13.039999961853027,656400
20-01-2023,13.100000381469727,13.140000343322754,12.949999809265137,13.020000457763672,499500
23-01-2023,12.989999771118164,13.029999732971191,12.850000381469727,12.9399995803833,430900
24-01-2023,12.729999542236328,12.9399995803833,12.100000381469727,12.430000305175781,1260100
25-01-2023,12.350000381469727,12.5600004196167,12.319999694824219,12.420000076293945,502100
26-01-2023,12.420000076293945,12.720000267028809,12.350000381469727,12.680000305175781,863000
27-01-2023,12.670000076293945,12.8100004196167,12.59000015258789,12.6899995803833,485900
30-01-2023,12.670000076293945,12.670000076293945,12.460000038146973,12.479999542236328,587100
31-01-2023,12.510000228881836,12.65999984741211,12.510000228881836,12.649999618530273,447300
01-02-2023,12.579999923706055,12.819999694824219,12.550000190734863,12.75,440000
02-02-2023,12.789999961853027,13.020000457763672,12.739999771118164,12.960000038146973,556800
03-02-2023,12.949999809265137,13.100000381469727,12.739999771118164,12.800000190734863,1436700
06-02-2023,12.800000190734863,12.890000343322754,12.619999885559082,12.710000038146973,529100
07-02-2023,12.65999984741211,12.6899995803833,12.4399995803833,12.640000343322754,775000
08-02-2023,12.569999694824219,12.6899995803833,12.279999732971191,12.319999694824219,801000
09-02-2023,12.25,12.5,12.25,12.489999771118164,634700
10-02-2023,12.529999732971191,12.550000190734863,12.229999542236328,12.260000228881836,461900
13-02-2023,12.260000228881836,12.460000038146973,12.119999885559082,12.319999694824219,475500
14-02-2023,12.270000457763672,12.420000076293945,12.170000076293945,12.380000114440918,671800
15-02-2023,12.3100004196167,12.510000228881836,12.25,12.4399995803833,515300
16-02-2023,12.279999732971191,12.390000343322754,12.180000305175781,12.1899995803833,476500
17-02-2023,12.289999961853027,12.479999542236328,12.220000267028809,12.420000076293945,467500
21-02-2023,12.369999885559082,12.460000038146973,12.279999732971191,12.279999732971191,555000
22-02-2023,12.279999732971191,12.420000076293945,12.229999542236328,12.319999694824219,600500
23-02-2023,12.319999694824219,12.380000114440918,11.989999771118164,12.15999984741211,501500
24-02-2023,12.079999923706055,12.130000114440918,11.899999618530273,12.020000457763672,642200
27-02-2023,12.020000457763672,12.25,11.989999771118164,11.989999771118164,467200
28-02-2023,11.989999771118164,12.180000305175781,11.949999809265137,12.069999694824219,622800
01-03-2023,12.0,12.220000267028809,11.140000343322754,11.369999885559082,1772400
02-03-2023,11.359999656677246,11.479999542236328,10.899999618530273,10.930000305175781,1425800
03-03-2023,10.930000305175781,11.149999618530273,10.789999961853027,10.989999771118164,1147500
06-03-2023,11.050000190734863,11.15999984741211,10.90999984741211,11.020000457763672,1004000
07-03-2023,11.020000457763672,11.149999618530273,10.880000114440918,10.890000343322754,777800
08-03-2023,10.859999656677246,11.0,10.789999961853027,10.960000038146973,875600
09-03-2023,10.970000267028809,11.130000114440918,10.699999809265137,10.729999542236328,665000
10-03-2023,10.680000305175781,10.920000076293945,10.640000343322754,10.789999961853027,1021800
13-03-2023,10.739999771118164,11.130000114440918,10.699999809265137,10.90999984741211,876900
14-03-2023,11.130000114440918,11.3100004196167,10.989999771118164,11.239999771118164,963800
15-03-2023,11.329999923706055,11.489999771118164,11.210000038146973,11.430000305175781,956900
16-03-2023,11.319999694824219,11.579999923706055,11.239999771118164,11.460000038146973,886800
17-03-2023,11.449999809265137,11.520000457763672,11.149999618530273,11.180000305175781,1828200
20-03-2023,11.229999542236328,11.4399995803833,11.130000114440918,11.1899995803833,724900
21-03-2023,11.260000228881836,11.359999656677246,11.210000038146973,11.329999923706055,641600
22-03-2023,11.3100004196167,11.380000114440918,11.0,11.0,571400
23-03-2023,11.079999923706055,11.239999771118164,11.050000190734863,11.1899995803833,1769200
24-03-2023,11.130000114440918,11.430000305175781,10.960000038146973,11.350000381469727,503300
27-03-2023,11.350000381469727,11.479999542236328,11.289999961853027,11.380000114440918,670100
28-03-2023,11.319999694824219,11.359999656677246,11.109999656677246,11.270000457763672,653400
29-03-2023,11.319999694824219,11.350000381469727,11.149999618530273,11.149999618530273,577700
30-03-2023,11.210000038146973,11.260000228881836,11.109999656677246,11.149999618530273,470700
31-03-2023,11.170000076293945,11.319999694824219,11.170000076293945,11.25,573700
03-04-2023,11.289999961853027,11.399999618530273,11.229999542236328,11.390000343322754,508000
04-04-2023,11.380000114440918,11.4399995803833,11.329999923706055,11.399999618530273,424500
05-04-2023,11.399999618530273,11.630000114440918,11.399999618530273,11.619999885559082,502700
06-04-2023,11.729999542236328,11.829999923706055,11.720000267028809,11.800000190734863,482400
10-04-2023,11.75,11.789999961853027,11.630000114440918,11.770000457763672,439900
11-04-2023,11.800000190734863,11.829999923706055,11.779999732971191,11.8100004196167,347300
12-04-2023,11.84000015258789,11.84000015258789,11.699999809265137,11.699999809265137,341200
13-04-2023,11.640000343322754,12.229999542236328,11.619999885559082,12.199999809265137,694200
14-04-2023,12.149999618530273,12.220000267028809,11.90999984741211,12.020000457763672,642900
17-04-2023,12.020000457763672,12.020000457763672,12.020000457763672,12.020000457763672,21600
18-04-2023,12.479999542236328,12.529999732971191,11.239999771118164,11.399999618530273,2309600
19-04-2023,11.34000015258789,11.9399995803833,11.319999694824219,11.850000381469727,703300
20-04-2023,11.850000381469727,11.920000076293945,11.6899995803833,11.84000015258789,410300
21-04-2023,11.850000381469727,12.050000190734863,11.8100004196167,11.979999542236328,393400
24-04-2023,12.0,12.0,11.710000038146973,11.800000190734863,426200
25-04-2023,11.819999694824219,11.970000267028809,11.729999542236328,11.729999542236328,522900
26-04-2023,11.630000114440918,11.890000343322754,11.550000190734863,11.869999885559082,500300
27-04-2023,11.850000381469727,11.9399995803833,11.649999618530273,11.880000114440918,371300
28-04-2023,11.739999771118164,11.850000381469727,11.699999809265137,11.729999542236328,364000
01-05-2023,11.670000076293945,11.760000228881836,11.600000381469727,11.6899995803833,405000
02-05-2023,11.619999885559082,11.699999809265137,11.369999885559082,11.4399995803833,536000
03-05-2023,11.489999771118164,11.710000038146973,11.479999542236328,11.529999732971191,445500
04-05-2023,11.529999732971191,11.699999809265137,11.399999618530273,11.640000343322754,363100
05-05-2023,11.699999809265137,11.869999885559082,11.640000343322754,11.75,561800
08-05-2023,11.779999732971191,11.779999732971191,11.5600004196167,11.680000305175781,393100
09-05-2023,11.680000305175781,11.710000038146973,11.550000190734863,11.5600004196167,378700
10-05-2023,11.760000228881836,12.279999732971191,11.630000114440918,12.199999809265137,892000
11-05-2023,12.199999809265137,12.539999961853027,12.180000305175781,12.430000305175781,1040600
12-05-2023,12.479999542236328,12.710000038146973,12.470000267028809,12.670000076293945,855400
15-05-2023,12.729999542236328,12.9399995803833,12.710000038146973,12.90999984741211,764300
16-05-2023,13.079999923706055,13.529999732971191,13.050000190734863,13.25,1633000
17-05-2023,13.270000457763672,13.270000457763672,13.0,13.109999656677246,720300
18-05-2023,13.079999923706055,13.229999542236328,13.010000228881836,13.199999809265137,605400
19-05-2023,13.329999923706055,13.520000457763672,13.270000457763672,13.470000267028809,762100
22-05-2023,13.59000015258789,13.899999618530273,13.380000114440918,13.640000343322754,726800
23-05-2023,13.609999656677246,13.6899995803833,13.5,13.539999961853027,1084600
24-05-2023,13.319999694824219,13.350000381469727,13.119999885559082,13.239999771118164,522300
25-05-2023,13.140000343322754,13.170000076293945,12.920000076293945,13.130000114440918,499100
26-05-2023,13.100000381469727,13.270000457763672,13.010000228881836,13.140000343322754,367000
30-05-2023,13.119999885559082,13.1899995803833,12.920000076293945,12.970000267028809,594700
31-05-2023,13.109999656677246,13.65999984741211,13.109999656677246,13.489999771118164,866700
01-06-2023,13.460000038146973,13.460000038146973,13.100000381469727,13.109999656677246,614300
02-06-2023,13.140000343322754,13.229999542236328,13.050000190734863,13.170000076293945,662800
05-06-2023,13.199999809265137,13.210000038146973,12.970000267028809,13.199999809265137,1434600
06-06-2023,13.229999542236328,13.3100004196167,13.029999732971191,13.0600004196167,648600
07-06-2023,13.079999923706055,13.40999984741211,13.020000457763672,13.399999618530273,578100
08-06-2023,13.59000015258789,13.75,13.550000190734863,13.720000267028809,549800
09-06-2023,13.6899995803833,13.6899995803833,13.279999732971191,13.300000190734863,487400
12-06-2023,13.489999771118164,13.520000457763672,13.25,13.399999618530273,470500
13-06-2023,13.34000015258789,13.40999984741211,13.229999542236328,13.380000114440918,471200
14-06-2023,13.390000343322754,13.550000190734863,13.319999694824219,13.369999885559082,715100
15-06-2023,13.369999885559082,13.380000114440918,13.069999694824219,13.170000076293945,662500
16-06-2023,13.260000228881836,13.260000228881836,12.960000038146973,13.0600004196167,3332700
20-06-2023,13.09000015258789,13.109999656677246,12.8100004196167,12.819999694824219,871400
21-06-2023,12.84000015258789,12.979999542236328,12.680000305175781,12.890000343322754,552000
22-06-2023,12.949999809265137,12.949999809265137,12.800000190734863,12.899999618530273,344700
23-06-2023,12.84000015258789,12.930000305175781,12.619999885559082,12.630000114440918,2449400
26-06-2023,12.609999656677246,12.710000038146973,12.539999961853027,12.640000343322754,535200
27-06-2023,12.609999656677246,12.789999961853027,12.579999923706055,12.630000114440918,379600
28-06-2023,12.609999656677246,12.699999809265137,12.529999732971191,12.630000114440918,534700
29-06-2023,12.579999923706055,12.850000381469727,12.489999771118164,12.75,414600
30-06-2023,12.800000190734863,12.84000015258789,12.640000343322754,12.729999542236328,505900
03-07-2023,12.649999618530273,12.800000190734863,12.649999618530273,12.6899995803833,177500
05-07-2023,12.699999809265137,12.720000267028809,12.460000038146973,12.460000038146973,333700
06-07-2023,12.430000305175781,12.489999771118164,12.350000381469727,12.4399995803833,402000
07-07-2023,12.4399995803833,12.550000190734863,12.40999984741211,12.4399995803833,427800
10-07-2023,12.40999984741211,12.569999694824219,12.329999923706055,12.369999885559082,320800
11-07-2023,12.369999885559082,12.5,12.329999923706055,12.5,713800
12-07-2023,12.59000015258789,12.720000267028809,12.470000267028809,12.649999618530273,830800
13-07-2023,12.640000343322754,12.710000038146973,12.460000038146973,12.460000038146973,330200
14-07-2023,12.4399995803833,12.5,12.420000076293945,12.479999542236328,296000
17-07-2023,12.470000267028809,12.539999961853027,12.4399995803833,12.470000267028809,410000
18-07-2023,12.460000038146973,12.699999809265137,12.460000038146973,12.630000114440918,395400
19-07-2023,12.630000114440918,13.010000228881836,12.630000114440918,12.770000457763672,845300
20-07-2023,12.760000228881836,12.869999885559082,12.59000015258789,12.640000343322754,333100
21-07-2023,12.699999809265137,13.050000190734863,12.649999618530273,12.970000267028809,417600
24-07-2023,12.979999542236328,13.239999771118164,12.9399995803833,13.220000267028809,710800
25-07-2023,13.140000343322754,13.279999732971191,13.069999694824219,13.149999618530273,1078000
26-07-2023,13.15999984741211,13.220000267028809,12.859999656677246,13.15999984741211,388500
27-07-2023,13.130000114440918,13.279999732971191,12.859999656677246,12.979999542236328,475300
28-07-2023,13.039999961853027,13.319999694824219,13.029999732971191,13.149999618530273,342300
31-07-2023,13.170000076293945,13.600000381469727,13.130000114440918,13.550000190734863,579700
01-08-2023,13.539999961853027,13.59000015258789,13.25,13.359999656677246,319100
02-08-2023,13.260000228881836,13.359999656677246,13.079999923706055,13.180000305175781,542800
03-08-2023,13.100000381469727,13.279999732971191,12.829999923706055,13.180000305175781,517900
04-08-2023,13.239999771118164,13.699999809265137,13.239999771118164,13.569999694824219,490200
07-08-2023,13.569999694824219,13.720000267028809,13.399999618530273,13.539999961853027,373700
08-08-2023,13.5,13.699999809265137,13.470000267028809,13.65999984741211,442500
09-08-2023,13.649999618530273,13.65999984741211,13.510000228881836,13.65999984741211,598000
10-08-2023,13.6899995803833,13.720000267028809,13.569999694824219,13.609999656677246,408200
11-08-2023,13.5600004196167,13.649999618530273,13.449999809265137,13.5,313700
14-08-2023,13.5,13.600000381469727,13.40999984741211,13.550000190734863,319500
15-08-2023,13.489999771118164,13.890000343322754,13.489999771118164,13.890000343322754,470100
16-08-2023,13.859999656677246,13.890000343322754,13.539999961853027,13.569999694824219,313300
17-08-2023,13.550000190734863,13.65999984741211,13.449999809265137,13.569999694824219,315500
18-08-2023,13.5,13.760000228881836,13.5,13.640000343322754,604600
21-08-2023,13.609999656677246,13.609999656677246,13.289999961853027,13.3100004196167,372200
22-08-2023,13.300000190734863,13.34000015258789,13.220000267028809,13.25,276700
23-08-2023,13.279999732971191,13.359999656677246,13.15999984741211,13.279999732971191,314200
24-08-2023,13.229999542236328,13.430000305175781,13.210000038146973,13.270000457763672,357700
25-08-2023,13.270000457763672,13.369999885559082,13.140000343322754,13.300000190734863,420400
28-08-2023,13.350000381469727,13.380000114440918,13.119999885559082,13.130000114440918,354500
29-08-2023,13.109999656677246,13.239999771118164,13.020000457763672,13.140000343322754,303800
30-08-2023,13.100000381469727,13.15999984741211,12.899999618530273,12.9399995803833,422100
31-08-2023,12.930000305175781,12.979999542236328,12.670000076293945,12.75,550500
01-09-2023,12.779999732971191,12.920000076293945,12.739999771118164,12.819999694824219,322300
05-09-2023,12.800000190734863,12.800000190734863,12.5,12.579999923706055,625500
06-09-2023,12.579999923706055,12.65999984741211,12.479999542236328,12.569999694824219,447400
07-09-2023,12.609999656677246,12.680000305175781,12.460000038146973,12.520000457763672,610900
08-09-2023,12.539999961853027,12.699999809265137,12.510000228881836,12.619999885559082,454900
11-09-2023,12.619999885559082,12.800000190734863,12.470000267028809,12.5,517600
12-09-2023,12.449999809265137,12.539999961853027,12.420000076293945,12.4399995803833,443000
13-09-2023,12.4399995803833,12.630000114440918,12.40999984741211,12.5,579400
14-09-2023,12.539999961853027,12.90999984741211,12.539999961853027,12.779999732971191,550700
15-09-2023,12.75,12.800000190734863,12.399999618530273,12.5600004196167,3579400
18-09-2023,12.649999618530273,12.8100004196167,12.359999656677246,12.430000305175781,727700
19-09-2023,12.40999984741211,12.609999656677246,12.399999618530273,12.479999542236328,915100
20-09-2023,12.550000190734863,12.869999885559082,12.539999961853027,12.760000228881836,684000
21-09-2023,12.729999542236328,12.970000267028809,12.65999984741211,12.930000305175781,502300
22-09-2023,12.960000038146973,13.170000076293945,12.869999885559082,12.899999618530273,570000
25-09-2023,12.869999885559082,13.09000015258789,12.670000076293945,13.0600004196167,494800
26-09-2023,13.069999694824219,13.380000114440918,13.069999694824219,13.15999984741211,470200
27-09-2023,13.15999984741211,13.369999885559082,13.039999961853027,13.170000076293945,358600
28-09-2023,13.15999984741211,13.289999961853027,13.119999885559082,13.229999542236328,481600
29-09-2023,13.260000228881836,13.300000190734863,12.90999984741211,12.989999771118164,547800
02-10-2023,12.989999771118164,13.050000190734863,12.75,12.970000267028809,641200
03-10-2023,12.899999618530273,12.970000267028809,12.75,12.90999984741211,697000
04-10-2023,12.930000305175781,13.149999618530273,12.930000305175781,13.100000381469727,606700
05-10-2023,13.109999656677246,13.319999694824219,13.109999656677246,13.229999542236328,707000
06-10-2023,13.180000305175781,13.430000305175781,13.15999984741211,13.350000381469727,374500
09-10-2023,13.270000457763672,13.350000381469727,13.149999618530273,13.199999809265137,517300
10-10-2023,13.15999984741211,13.319999694824219,13.15999984741211,13.300000190734863,1483800
11-10-2023,13.350000381469727,13.6899995803833,13.329999923706055,13.680000305175781,818700
12-10-2023,13.6899995803833,13.699999809265137,13.369999885559082,13.380000114440918,919700
13-10-2023,13.229999542236328,13.380000114440918,13.170000076293945,13.3100004196167,703800
16-10-2023,13.359999656677246,13.539999961853027,13.350000381469727,13.40999984741211,719800
17-10-2023,13.369999885559082,13.479999542236328,13.270000457763672,13.369999885559082,916700
18-10-2023,13.279999732971191,13.329999923706055,13.050000190734863,13.050000190734863,526900
19-10-2023,12.979999542236328,13.069999694824219,12.8100004196167,12.90999984741211,1049000
20-10-2023,12.9399995803833,13.0600004196167,12.829999923706055,12.84000015258789,790100
23-10-2023,12.819999694824219,12.850000381469727,12.609999656677246,12.649999618530273,688000
24-10-2023,12.720000267028809,12.880000114440918,12.6899995803833,12.720000267028809,403500
25-10-2023,12.630000114440918,12.829999923706055,12.619999885559082,12.640000343322754,817800
26-10-2023,12.680000305175781,12.770000457763672,12.550000190734863,12.5600004196167,383100
27-10-2023,12.5,12.5600004196167,12.279999732971191,12.319999694824219,1490400
30-10-2023,12.430000305175781,12.5,12.25,12.420000076293945,465600
31-10-2023,12.4399995803833,12.470000267028809,12.34000015258789,12.40999984741211,490300
01-11-2023,12.34000015258789,12.479999542236328,12.220000267028809,12.420000076293945,951400
02-11-2023,13.239999771118164,13.34000015258789,12.75,13.279999732971191,989000
03-11-2023,13.390000343322754,13.720000267028809,13.350000381469727,13.630000114440918,1042000
06-11-2023,13.720000267028809,13.890000343322754,13.5600004196167,13.649999618530273,511300
07-11-2023,13.65999984741211,13.770000457763672,13.520000457763672,13.6899995803833,878800
08-11-2023,13.680000305175781,13.779999732971191,13.529999732971191,13.760000228881836,715900
09-11-2023,13.800000190734863,13.800000190734863,13.369999885559082,13.479999542236328,926200
10-11-2023,13.550000190734863,13.5600004196167,13.3100004196167,13.470000267028809,580300
13-11-2023,13.390000343322754,13.649999618530273,13.390000343322754,13.640000343322754,771800
14-11-2023,13.729999542236328,13.930000305175781,13.670000076293945,13.890000343322754,679700
15-11-2023,13.800000190734863,14.079999923706055,13.800000190734863,13.869999885559082,459900
16-11-2023,13.899999618530273,13.90999984741211,13.630000114440918,13.649999618530273,574600
17-11-2023,13.800000190734863,13.859999656677246,13.619999885559082,13.720000267028809,550200
20-11-2023,13.649999618530273,13.699999809265137,13.5,13.619999885559082,415800
21-11-2023,13.579999923706055,13.619999885559082,13.40999984741211,13.430000305175781,284200
22-11-2023,13.460000038146973,13.630000114440918,13.460000038146973,13.569999694824219,337600
24-11-2023,13.59000015258789,13.920000076293945,13.569999694824219,13.890000343322754,246600
27-11-2023,13.779999732971191,13.869999885559082,13.619999885559082,13.680000305175781,628600
28-11-2023,13.649999618530273,13.800000190734863,13.600000381469727,13.649999618530273,1013000
29-11-2023,13.640000343322754,13.920000076293945,13.640000343322754,13.6899995803833,427000
30-11-2023,13.770000457763672,13.960000038146973,13.65999984741211,13.850000381469727,496600
01-12-2023,13.970000267028809,14.0,13.6899995803833,13.989999771118164,494700
04-12-2023,13.9399995803833,14.4399995803833,13.9399995803833,14.390000343322754,670200
05-12-2023,14.319999694824219,14.760000228881836,14.050000190734863,14.6899995803833,1866600
06-12-2023,14.710000038146973,14.770000457763672,14.40999984741211,14.4399995803833,718600
07-12-2023,14.420000076293945,14.779999732971191,14.25,14.760000228881836,842800
08-12-2023,14.739999771118164,15.140000343322754,14.6899995803833,15.119999885559082,1093800
11-12-2023,15.140000343322754,15.319999694824219,14.930000305175781,15.300000190734863,895100
12-12-2023,15.3100004196167,15.75,15.220000267028809,15.600000381469727,729800
13-12-2023,15.550000190734863,15.800000190734863,15.40999984741211,15.699999809265137,1150000
14-12-2023,15.84000015258789,15.859999656677246,15.029999732971191,15.380000114440918,1369700
15-12-2023,15.380000114440918,15.630000114440918,15.1899995803833,15.489999771118164,5591300
18-12-2023,15.529999732971191,15.6899995803833,15.25,15.65999984741211,615800
19-12-2023,15.75,15.979999542236328,15.710000038146973,15.930000305175781,627600
20-12-2023,15.989999771118164,16.110000610351562,15.890000343322754,15.970000267028809,625500
21-12-2023,16.020000457763672,16.229999542236328,15.949999809265137,16.209999084472656,760500
22-12-2023,16.260000228881836,16.43000030517578,16.18000030517578,16.219999313354492,452900
26-12-2023,16.219999313354492,16.360000610351562,16.170000076293945,16.270000457763672,363500
27-12-2023,16.270000457763672,16.389999389648438,16.190000534057617,16.270000457763672,344200
28-12-2023,16.209999084472656,16.360000610351562,16.149999618530273,16.209999084472656,352200
29-12-2023,16.15999984741211,16.209999084472656,16.0,16.040000915527344,363200
02-01-2024,15.9399995803833,16.450000762939453,15.789999961853027,16.3700008392334,464300
03-01-2024,16.40999984741211,16.540000915527344,16.299999237060547,16.450000762939453,638400
04-01-2024,16.559999465942383,16.860000610351562,16.450000762939453,16.780000686645508,1198400
05-01-2024,16.780000686645508,16.799999237060547,16.56999969482422,16.579999923706055,788800
08-01-2024,16.530000686645508,16.59000015258789,16.229999542236328,16.479999542236328,737500
09-01-2024,16.440000534057617,16.540000915527344,16.31999969482422,16.450000762939453,623000
10-01-2024,16.440000534057617,16.68000030517578,16.25,16.65999984741211,448300
11-01-2024,16.530000686645508,16.559999465942383,15.359999656677246,16.40999984741211,570200
12-01-2024,16.540000915527344,16.540000915527344,16.270000457763672,16.3700008392334,297500
16-01-2024,16.280000686645508,16.440000534057617,16.06999969482422,16.420000076293945,900200
17-01-2024,16.260000228881836,16.31999969482422,16.040000915527344,16.100000381469727,951900
18-01-2024,16.15999984741211,16.170000076293945,16.010000228881836,16.049999237060547,316400
19-01-2024,16.110000610351562,16.260000228881836,15.930000305175781,16.260000228881836,389300
22-01-2024,16.360000610351562,16.790000915527344,16.299999237060547,16.770000457763672,446800
23-01-2024,16.829999923706055,16.84000015258789,16.56999969482422,16.670000076293945,368100
24-01-2024,16.739999771118164,16.739999771118164,16.309999465942383,16.34000015258789,392800
25-01-2024,16.440000534057617,16.549999237060547,16.309999465942383,16.520000457763672,750100
26-01-2024,16.670000076293945,16.719999313354492,16.43000030517578,16.450000762939453,239100
29-01-2024,16.3799991607666,16.760000228881836,16.350000381469727,16.75,597300
30-01-2024,16.68000030517578,16.719999313354492,16.440000534057617,16.469999313354492,254900
31-01-2024,16.540000915527344,16.579999923706055,16.1299991607666,16.200000762939453,527300
01-02-2024,16.25,16.530000686645508,16.1299991607666,16.290000915527344,500100
02-02-2024,16.200000762939453,16.280000686645508,15.880000114440918,15.899999618530273,637100
05-02-2024,15.850000381469727,15.970000267028809,15.649999618530273,15.819999694824219,573700
06-02-2024,15.850000381469727,16.049999237060547,15.8100004196167,15.890000343322754,371400
07-02-2024,15.8100004196167,15.8100004196167,15.479999542236328,15.529999732971191,463500
08-02-2024,15.489999771118164,15.640000343322754,15.369999885559082,15.600000381469727,396700
09-02-2024,15.59000015258789,15.699999809265137,15.4399995803833,15.6899995803833,463800
12-02-2024,15.649999618530273,15.789999961853027,15.390000343322754,15.710000038146973,587700
13-02-2024,15.529999732971191,15.640000343322754,15.359999656677246,15.479999542236328,541000
14-02-2024,15.579999923706055,15.869999885559082,15.470000267028809,15.800000190734863,552500
15-02-2024,15.710000038146973,16.149999618530273,15.710000038146973,16.0,619800
16-02-2024,15.9399995803833,15.970000267028809,15.779999732971191,15.859999656677246,472600
20-02-2024,15.800000190734863,15.979999542236328,15.75,15.800000190734863,391600
21-02-2024,15.720000267028809,15.800000190734863,15.510000228881836,15.670000076293945,720400
22-02-2024,15.579999923706055,15.630000114440918,15.359999656677246,15.479999542236328,822100
23-02-2024,15.569999694824219,15.640000343322754,15.350000381469727,15.479999542236328,759300
26-02-2024,15.449999809265137,15.65999984741211,15.270000457763672,15.520000457763672,1428100
27-02-2024,15.550000190734863,15.550000190734863,15.3100004196167,15.369999885559082,1311900
28-02-2024,15.3100004196167,15.609999656677246,15.220000267028809,15.350000381469727,515800
29-02-2024,15.510000228881836,15.510000228881836,15.100000381469727,15.279999732971191,597000
01-03-2024,16.65999984741211,16.65999984741211,15.15999984741211,15.239999771118164,1475300
04-03-2024,15.1899995803833,15.449999809265137,14.970000267028809,15.260000228881836,1015200
05-03-2024,15.210000038146973,15.260000228881836,14.720000267028809,14.880000114440918,953900
06-03-2024,14.989999771118164,15.329999923706055,14.970000267028809,15.180000305175781,659100
07-03-2024,15.210000038146973,15.3100004196167,15.029999732971191,15.079999923706055,1349700
08-03-2024,15.119999885559082,15.34000015258789,14.800000190734863,14.84000015258789,990700
11-03-2024,14.729999542236328,14.9399995803833,14.630000114440918,14.789999961853027,613000
12-03-2024,14.729999542236328,14.880000114440918,14.619999885559082,14.819999694824219,694000
13-03-2024,14.779999732971191,14.890000343322754,14.6899995803833,14.75,654300
14-03-2024,14.710000038146973,14.84000015258789,14.649999618530273,14.720000267028809,905800
15-03-2024,14.640000343322754,14.890000343322754,14.630000114440918,14.859999656677246,2777900
18-03-2024,14.829999923706055,14.989999771118164,14.550000190734863,14.5600004196167,1015900
19-03-2024,14.609999656677246,14.760000228881836,14.550000190734863,14.630000114440918,483000
20-03-2024,14.579999923706055,14.8100004196167,14.479999542236328,14.789999961853027,369900
21-03-2024,14.859999656677246,15.149999618530273,14.819999694824219,14.989999771118164,683900
22-03-2024,15.0600004196167,15.109999656677246,15.0,15.09000015258789,888900
25-03-2024,15.130000114440918,15.279999732971191,15.069999694824219,15.09000015258789,386600
26-03-2024,15.149999618530273,15.25,14.970000267028809,14.979999542236328,527000
27-03-2024,15.100000381469727,15.380000114440918,15.050000190734863,15.289999961853027,370300
28-03-2024,15.229999542236328,15.390000343322754,15.130000114440918,15.239999771118164,490200
01-04-2024,15.300000190734863,15.300000190734863,15.010000228881836,15.210000038146973,523900
02-04-2024,15.15999984741211,15.25,14.760000228881836,14.800000190734863,721800
03-04-2024,14.739999771118164,14.819999694824219,14.329999923706055,14.8100004196167,1238000
04-04-2024,14.930000305175781,15.029999732971191,14.569999694824219,14.65999984741211,523200
05-04-2024,14.619999885559082,14.739999771118164,14.510000228881836,14.65999984741211,873400
08-04-2024,14.6899995803833,14.789999961853027,14.59000015258789,14.729999542236328,444900
09-04-2024,14.760000228881836,14.880000114440918,14.680000305175781,14.720000267028809,331400
10-04-2024,14.510000228881836,14.710000038146973,14.460000038146973,14.600000381469727,641700
11-04-2024,14.65999984741211,14.739999771118164,14.529999732971191,14.710000038146973,343300
12-04-2024,14.680000305175781,14.680000305175781,14.489999771118164,14.630000114440918,456000
15-04-2024,14.579999923706055,14.729999542236328,14.359999656677246,14.399999618530273,552400
16-04-2024,14.399999618530273,14.550000190734863,14.329999923706055,14.470000267028809,499200
17-04-2024,14.479999542236328,14.630000114440918,14.350000381469727,14.479999542236328,520600
18-04-2024,14.489999771118164,14.710000038146973,14.4399995803833,14.6899995803833,636400
19-04-2024,14.6899995803833,15.020000457763672,14.6899995803833,14.949999809265137,635900
22-04-2024,14.979999542236328,15.15999984741211,14.829999923706055,14.930000305175781,777100
23-04-2024,14.949999809265137,15.350000381469727,14.890000343322754,15.170000076293945,1492800
24-04-2024,15.180000305175781,15.300000190734863,15.039999961853027,15.15999984741211,529700
25-04-2024,15.079999923706055,15.09000015258789,14.899999618530273,14.989999771118164,662200
26-04-2024,15.010000228881836,15.289999961853027,14.979999542236328,15.260000228881836,415800
29-04-2024,15.229999542236328,15.600000381469727,15.119999885559082,15.539999961853027,593600
30-04-2024,15.529999732971191,15.529999732971191,14.949999809265137,15.109999656677246,925300
01-05-2024,15.180000305175781,15.34000015258789,15.010000228881836,15.229999542236328,492400
02-05-2024,15.239999771118164,15.369999885559082,15.09000015258789,15.369999885559082,404000
03-05-2024,15.529999732971191,15.630000114440918,15.130000114440918,15.199999809265137,428600
06-05-2024,15.119999885559082,15.5600004196167,15.069999694824219,15.449999809265137,359800
07-05-2024,15.619999885559082,15.720000267028809,15.520000457763672,15.529999732971191,398000
08-05-2024,15.520000457763672,15.630000114440918,15.380000114440918,15.5600004196167,332500
09-05-2024,15.65999984741211,15.739999771118164,15.15999984741211,15.289999961853027,511500
10-05-2024,15.359999656677246,15.800000190734863,15.350000381469727,15.600000381469727,759100
13-05-2024,15.710000038146973,16.350000381469727,15.619999885559082,16.190000534057617,802800
14-05-2024,16.260000228881836,16.520000457763672,15.770000457763672,16.110000610351562,747500
15-05-2024,16.149999618530273,16.209999084472656,15.670000076293945,15.84000015258789,1039700
16-05-2024,15.819999694824219,16.049999237060547,15.800000190734863,15.979999542236328,751000
17-05-2024,16.030000686645508,16.09000015258789,15.850000381469727,15.979999542236328,409500
20-05-2024,16.030000686645508,16.280000686645508,16.0,16.1299991607666,458300
21-05-2024,16.110000610351562,16.15999984741211,15.970000267028809,16.149999618530273,322400
22-05-2024,16.06999969482422,16.219999313354492,15.880000114440918,16.079999923706055,423600
23-05-2024,16.059999465942383,16.059999465942383,15.670000076293945,15.789999961853027,403900
24-05-2024,15.880000114440918,15.880000114440918,15.720000267028809,15.779999732971191,271500
28-05-2024,15.789999961853027,15.869999885559082,15.539999961853027,15.539999961853027,300900
29-05-2024,15.399999618530273,15.510000228881836,15.199999809265137,15.34000015258789,414200
30-05-2024,15.399999618530273,15.479999542236328,15.319999694824219,15.350000381469727,302200
31-05-2024,15.5,15.829999923706055,15.369999885559082,15.789999961853027,494600
03-06-2024,15.850000381469727,16.020000457763672,15.699999809265137,15.899999618530273,378100
04-06-2024,15.869999885559082,16.010000228881836,15.800000190734863,15.9399995803833,375400
05-06-2024,16.059999465942383,16.059999465942383,15.880000114440918,16.040000915527344,275400
06-06-2024,15.979999542236328,16.399999618530273,15.979999542236328,16.3700008392334,394900
07-06-2024,16.260000228881836,16.360000610351562,15.960000038146973,16.139999389648438,485000
10-06-2024,15.960000038146973,15.960000038146973,15.5600004196167,15.9399995803833,503600
11-06-2024,15.829999923706055,15.979999542236328,15.739999771118164,15.899999618530273,359100
12-06-2024,16.149999618530273,16.25,15.890000343322754,15.899999618530273,443100
13-06-2024,15.819999694824219,16.079999923706055,15.6899995803833,15.989999771118164,434700
14-06-2024,15.930000305175781,15.949999809265137,15.739999771118164,15.90999984741211,338200
17-06-2024,15.850000381469727,16.350000381469727,15.850000381469727,16.15999984741211,438800
18-06-2024,16.40999984741211,16.5,16.209999084472656,16.219999313354492,413500
20-06-2024,16.139999389648438,16.350000381469727,16.040000915527344,16.06999969482422,1681300
21-06-2024,16.1299991607666,16.219999313354492,15.699999809265137,15.899999618530273,1732500
24-06-2024,15.989999771118164,16.15999984741211,15.989999771118164,16.0,411700
25-06-2024,15.949999809265137,16.139999389648438,15.949999809265137,16.139999389648438,320200
26-06-2024,16.079999923706055,16.299999237060547,16.010000228881836,16.280000686645508,311500
27-06-2024,16.329999923706055,16.34000015258789,16.040000915527344,16.200000762939453,374400
28-06-2024,16.239999771118164,16.399999618530273,16.079999923706055,16.399999618530273,809200
01-07-2024,16.329999923706055,16.690000534057617,16.18000030517578,16.5,448400
02-07-2024,16.459999084472656,16.610000610351562,16.3700008392334,16.5,298800
03-07-2024,16.43000030517578,16.559999465942383,16.18000030517578,16.329999923706055,158800
05-07-2024,16.260000228881836,16.420000076293945,16.209999084472656,16.360000610351562,310900
08-07-2024,16.440000534057617,16.649999618530273,16.3799991607666,16.43000030517578,511100
09-07-2024,16.489999771118164,16.729999542236328,16.479999542236328,16.600000381469727,447400
10-07-2024,16.600000381469727,16.889999389648438,16.600000381469727,16.780000686645508,434000
11-07-2024,16.950000762939453,17.020000457763672,16.770000457763672,16.770000457763672,399900
12-07-2024,16.950000762939453,17.239999771118164,16.709999084472656,16.729999542236328,460100
15-07-2024,16.799999237060547,17.040000915527344,16.75,16.850000381469727,366600
16-07-2024,17.0,17.239999771118164,16.940000534057617,17.149999618530273,414700
17-07-2024,17.049999237060547,17.540000915527344,17.049999237060547,17.459999084472656,954100
18-07-2024,17.440000534057617,17.440000534057617,16.899999618530273,17.110000610351562,1388100
19-07-2024,17.219999313354492,17.399999618530273,17.18000030517578,17.190000534057617,383300
22-07-2024,17.290000915527344,17.68000030517578,17.219999313354492,17.579999923706055,412700
23-07-2024,17.649999618530273,17.979999542236328,17.56999969482422,17.81999969482422,687100
24-07-2024,17.81999969482422,17.889999389648438,17.6299991607666,17.670000076293945,395700
25-07-2024,17.84000015258789,18.559999465942383,17.84000015258789,18.190000534057617,888500
26-07-2024,18.440000534057617,18.700000762939453,18.280000686645508,18.549999237060547,500700
29-07-2024,18.56999969482422,19.079999923706055,18.479999542236328,18.8700008392334,990400
30-07-2024,18.989999771118164,19.059999465942383,18.709999084472656,18.989999771118164,602800
31-07-2024,19.0,19.100000381469727,18.639999389648438,18.84000015258789,497700
01-08-2024,18.010000228881836,19.440000534057617,17.600000381469727,19.290000915527344,876100
02-08-2024,18.81999969482422,19.209999084472656,18.670000076293945,19.079999923706055,469300
05-08-2024,18.360000610351562,18.56999969482422,18.1299991607666,18.309999465942383,662300
06-08-2024,18.309999465942383,18.610000610351562,17.979999542236328,18.3700008392334,490500
07-08-2024,18.440000534057617,18.440000534057617,18.0,18.139999389648438,398300
08-08-2024,18.299999237060547,18.520000457763672,18.170000076293945,18.25,199400
09-08-2024,18.280000686645508,18.3799991607666,18.100000381469727,18.280000686645508,264500
12-08-2024,18.25,18.3700008392334,18.1299991607666,18.25,236600
13-08-2024,18.34000015258789,18.739999771118164,18.31999969482422,18.549999237060547,291300
14-08-2024,18.549999237060547,18.549999237060547,18.31999969482422,18.360000610351562,251500
15-08-2024,18.610000610351562,18.75,18.260000228881836,18.40999984741211,251300
16-08-2024,18.399999618530273,18.469999313354492,18.270000457763672,18.360000610351562,315800
19-08-2024,18.25,18.600000381469727,18.25,18.530000686645508,406300
20-08-2024,18.56999969482422,18.56999969482422,18.299999237060547,18.489999771118164,278200
21-08-2024,18.559999465942383,18.6299991607666,18.399999618530273,18.549999237060547,309100
22-08-2024,18.530000686645508,18.649999618530273,18.40999984741211,18.639999389648438,416900
23-08-2024,18.690000534057617,19.0,18.579999923706055,18.860000610351562,375800
26-08-2024,19.040000915527344,19.290000915527344,18.920000076293945,18.940000534057617,621500
27-08-2024,19.010000228881836,19.260000228881836,18.829999923706055,19.110000610351562,438700
28-08-2024,19.09000015258789,19.34000015258789,19.09000015258789,19.170000076293945,297900
29-08-2024,19.200000762939453,19.290000915527344,19.09000015258789,19.100000381469727,312500
30-08-2024,19.110000610351562,19.450000762939453,19.110000610351562,19.3799991607666,444400
03-09-2024,19.40999984741211,19.75,19.229999542236328,19.520000457763672,664900
04-09-2024,19.579999923706055,19.729999542236328,19.3799991607666,19.690000534057617,704000
05-09-2024,19.739999771118164,19.850000381469727,19.309999465942383,19.40999984741211,595200
06-09-2024,19.389999389648438,19.579999923706055,18.829999923706055,19.06999969482422,711400
09-09-2024,18.989999771118164,19.420000076293945,18.8799991607666,19.260000228881836,435000
10-09-2024,19.219999313354492,19.489999771118164,19.1200008392334,19.479999542236328,490800
11-09-2024,19.389999389648438,19.450000762939453,19.020000457763672,19.399999618530273,355800
12-09-2024,19.40999984741211,19.700000762939453,19.309999465942383,19.610000610351562,393700
13-09-2024,19.719999313354492,19.8700008392334,19.709999084472656,19.809999465942383,279700
16-09-2024,19.899999618530273,20.190000534057617,19.899999618530273,20.040000915527344,363600
17-09-2024,20.110000610351562,20.1200008392334,19.709999084472656,19.709999084472656,506000
18-09-2024,19.68000030517578,19.829999923706055,19.420000076293945,19.540000915527344,399200
19-09-2024,19.690000534057617,19.790000915527344,19.540000915527344,19.670000076293945,289500
20-09-2024,19.639999389648438,19.68000030517578,19.290000915527344,19.360000610351562,1810300
23-09-2024,19.450000762939453,19.459999084472656,18.729999542236328,18.90999984741211,578900
24-09-2024,18.90999984741211,19.049999237060547,18.770000457763672,18.899999618530273,1040900
25-09-2024,18.940000534057617,18.959999084472656,18.799999237060547,18.860000610351562,560500
26-09-2024,18.8700008392334,19.09000015258789,18.799999237060547,18.940000534057617,393100
27-09-2024,19.049999237060547,19.6299991607666,19.049999237060547,19.31999969482422,639700
30-09-2024,19.270000457763672,19.420000076293945,19.18000030517578,19.309999465942383,393200
01-10-2024,19.309999465942383,19.610000610351562,19.15999984741211,19.5,387900
02-10-2024,19.3799991607666,19.709999084472656,19.360000610351562,19.559999465942383,268800
03-10-2024,19.559999465942383,19.700000762939453,19.309999465942383,19.5,1187300
04-10-2024,19.56999969482422,19.829999923706055,19.540000915527344,19.670000076293945,283100
07-10-2024,19.68000030517578,20.0,19.440000534057617,19.739999771118164,409700
08-10-2024,19.889999389648438,20.020000457763672,19.780000686645508,19.829999923706055,357000
09-10-2024,19.8700008392334,19.889999389648438,19.40999984741211,19.649999618530273,467200
10-10-2024,19.549999237060547,19.549999237060547,19.219999313354492,19.489999771118164,313900
11-10-2024,19.520000457763672,19.8799991607666,19.510000228881836,19.799999237060547,201300
14-10-2024,19.799999237060547,19.90999984741211,19.719999313354492,19.889999389648438,2044400
15-10-2024,19.829999923706055,20.15999984741211,19.809999465942383,19.8799991607666,344500
16-10-2024,19.899999618530273,20.350000381469727,19.790000915527344,20.209999084472656,402800
17-10-2024,20.219999313354492,20.3700008392334,20.139999389648438,20.170000076293945,226900
18-10-2024,20.15999984741211,20.15999984741211,19.889999389648438,20.030000686645508,216000
21-10-2024,20.020000457763672,20.020000457763672,19.780000686645508,19.850000381469727,367700
22-10-2024,19.780000686645508,19.979999542236328,19.700000762939453,19.969999313354492,325900
23-10-2024,19.889999389648438,19.979999542236328,19.760000228881836,19.81999969482422,211500
24-10-2024,19.790000915527344,19.950000762939453,19.719999313354492,19.799999237060547,298800
25-10-2024,19.799999237060547,20.010000228881836,19.719999313354492,19.770000457763672,219100
28-10-2024,19.780000686645508,20.139999389648438,19.75,19.93000030517578,274800
29-10-2024,19.790000915527344,19.93000030517578,19.760000228881836,19.889999389648438,245000
30-10-2024,19.700000762939453,19.8700008392334,19.649999618530273,19.709999084472656,327000
31-10-2024,19.579999923706055,19.719999313354492,19.5,19.559999465942383,336000
01-11-2024,19.65999984741211,19.780000686645508,19.0,19.260000228881836,459000
04-11-2024,19.170000076293945,19.479999542236328,19.079999923706055,19.360000610351562,429300
05-11-2024,19.309999465942383,19.56999969482422,19.209999084472656,19.43000030517578,335800
06-11-2024,19.950000762939453,20.290000915527344,19.920000076293945,19.920000076293945,733800
07-11-2024,19.889999389648438,20.270000457763672,19.719999313354492,20.0,803100
08-11-2024,20.1200008392334,20.31999969482422,19.950000762939453,20.18000030517578,695700
11-11-2024,20.25,20.31999969482422,20.059999465942383,20.1200008392334,518600
12-11-2024,20.100000381469727,21.280000686645508,19.969999313354492,20.31999969482422,2331000
13-11-2024,21.239999771118164,21.260000228881836,20.049999237060547,20.100000381469727,679100
14-11-2024,20.010000228881836,20.219999313354492,18.399999618530273,19.239999771118164,1295000
15-11-2024,19.280000686645508,19.290000915527344,18.770000457763672,18.899999618530273,627900
18-11-2024,18.90999984741211,19.190000534057617,18.860000610351562,18.950000762939453,553200
19-11-2024,18.809999465942383,19.309999465942383,18.790000915527344,19.09000015258789,595200
20-11-2024,19.09000015258789,19.219999313354492,18.969999313354492,19.149999618530273,2493300
21-11-2024,19.200000762939453,19.299999237060547,18.979999542236328,19.059999465942383,655800
22-11-2024,19.09000015258789,19.299999237060547,19.0,19.149999618530273,894100
25-11-2024,19.219999313354492,19.579999923706055,19.170000076293945,19.190000534057617,926000
26-11-2024,19.139999389648438,19.239999771118164,18.93000030517578,19.139999389648438,1139500
27-11-2024,19.149999618530273,19.200000762939453,18.950000762939453,19.049999237060547,448600
29-11-2024,19.049999237060547,19.18000030517578,18.790000915527344,18.989999771118164,412000
02-12-2024,19.010000228881836,19.209999084472656,18.790000915527344,19.1200008392334,826400
03-12-2024,19.079999923706055,19.149999618530273,18.829999923706055,18.989999771118164,602900
04-12-2024,18.969999313354492,19.100000381469727,18.81999969482422,18.8700008392334,459000
05-12-2024,18.850000381469727,18.979999542236328,18.549999237060547,18.920000076293945,354500
06-12-2024,19.0,19.18000030517578,18.889999389648438,19.049999237060547,391900
09-12-2024,19.049999237060547,19.280000686645508,18.950000762939453,19.170000076293945,515300
10-12-2024,19.200000762939453,19.229999542236328,18.889999389648438,19.0,830800
11-12-2024,19.100000381469727,19.200000762939453,18.75,18.850000381469727,450900
12-12-2024,18.81999969482422,18.8700008392334,18.5,18.549999237060547,653300
13-12-2024,18.5,18.610000610351562,18.350000381469727,18.579999923706055,438300
16-12-2024,18.670000076293945,18.690000534057617,18.329999923706055,18.420000076293945,492800
17-12-2024,18.420000076293945,18.59000015258789,18.350000381469727,18.3700008392334,619800
18-12-2024,18.3799991607666,18.530000686645508,17.850000381469727,17.920000076293945,795100
19-12-2024,17.979999542236328,18.229999542236328,17.8700008392334,17.93000030517578,935400
20-12-2024,17.780000686645508,18.149999618530273,17.760000228881836,17.84000015258789,2400700
23-12-2024,17.850000381469727,17.979999542236328,17.760000228881836,17.790000915527344,527000
24-12-2024,17.799999237060547,17.8700008392334,17.6299991607666,17.780000686645508,205400
26-12-2024,17.780000686645508,17.81999969482422,17.59000015258789,17.649999618530273,455400
27-12-2024,17.549999237060547,17.700000762939453,17.420000076293945,17.549999237060547,493700
30-12-2024,17.469999313354492,17.530000686645508,17.34000015258789,17.3799991607666,463100
31-12-2024,17.440000534057617,17.5,17.280000686645508,17.350000381469727,547000
02-01-2025,17.469999313354492,17.579999923706055,17.260000228881836,17.399999618530273,362000
03-01-2025,17.40999984741211,17.790000915527344,17.399999618530273,17.520000457763672,603600
06-01-2025,17.459999084472656,17.5,17.34000015258789,17.3799991607666,536500
07-01-2025,17.360000610351562,17.530000686645508,17.200000762939453,17.280000686645508,432300
08-01-2025,17.15999984741211,17.34000015258789,17.010000228881836,17.309999465942383,543800
10-01-2025,17.1299991607666,17.299999237060547,17.1200008392334,17.280000686645508,435900
13-01-2025,17.270000457763672,17.56999969482422,17.239999771118164,17.559999465942383,570100
14-01-2025,17.530000686645508,17.780000686645508,17.469999313354492,17.68000030517578,926800
15-01-2025,17.899999618530273,18.239999771118164,17.899999618530273,18.1200008392334,815900
16-01-2025,18.149999618530273,18.479999542236328,18.030000686645508,18.450000762939453,1801100
17-01-2025,18.520000457763672,18.610000610351562,18.440000534057617,18.579999923706055,606500
21-01-2025,18.68000030517578,18.889999389648438,18.65999984741211,18.75,621800
22-01-2025,18.670000076293945,18.790000915527344,18.520000457763672,18.530000686645508,649500
23-01-2025,18.489999771118164,18.56999969482422,18.190000534057617,18.56999969482422,392700
24-01-2025,18.530000686645508,18.799999237060547,18.420000076293945,18.700000762939453,315500
27-01-2025,18.729999542236328,19.389999389648438,18.729999542236328,18.979999542236328,770900
28-01-2025,18.899999618530273,19.030000686645508,18.709999084472656,18.790000915527344,376000
29-01-2025,18.719999313354492,19.020000457763672,18.65999984741211,18.889999389648438,354300
30-01-2025,18.940000534057617,19.059999465942383,18.809999465942383,18.899999618530273,339700
31-01-2025,18.8700008392334,18.90999984741211,18.489999771118164,18.639999389648438,520800
03-02-2025,18.56999969482422,18.600000381469727,18.280000686645508,18.40999984741211,397800
04-02-2025,18.299999237060547,18.329999923706055,18.139999389648438,18.31999969482422,641500
05-02-2025,18.360000610351562,18.479999542236328,18.170000076293945,18.229999542236328,650400
06-02-2025,18.229999542236328,18.389999389648438,18.190000534057617,18.260000228881836,330300
07-02-2025,18.219999313354492,18.43000030517578,18.170000076293945,18.420000076293945,334300
10-02-2025,18.420000076293945,18.43000030517578,18.139999389648438,18.200000762939453,324300
11-02-2025,18.079999923706055,18.079999923706055,17.899999618530273,18.059999465942383,336100
12-02-2025,17.920000076293945,18.049999237060547,17.81999969482422,17.979999542236328,312500
13-02-2025,18.040000915527344,18.329999923706055,17.950000762939453,18.219999313354492,1163300
14-02-2025,18.219999313354492,18.43000030517578,18.06999969482422,18.079999923706055,263800
18-02-2025,18.030000686645508,18.139999389648438,17.969999313354492,18.030000686645508,318000
19-02-2025,17.93000030517578,18.200000762939453,17.93000030517578,18.030000686645508,301400
20-02-2025,17.950000762939453,18.149999618530273,17.920000076293945,18.06999969482422,315400
21-02-2025,18.18000030517578,18.260000228881836,18.040000915527344,18.079999923706055,360000
24-02-2025,18.170000076293945,18.350000381469727,18.049999237060547,18.079999923706055,382900
25-02-2025,17.93000030517578,18.260000228881836,17.93000030517578,18.030000686645508,521000
26-02-2025,17.920000076293945,18.09000015258789,17.799999237060547,17.899999618530273,553600
27-02-2025,18.040000915527344,18.56999969482422,17.520000457763672,17.549999237060547,962100
28-02-2025,17.579999923706055,17.989999771118164,17.459999084472656,17.920000076293945,648500
03-03-2025,17.780000686645508,17.90999984741211,17.520000457763672,17.790000915527344,640900
04-03-2025,17.809999465942383,18.190000534057617,17.540000915527344,17.56999969482422,797000
05-03-2025,17.540000915527344,17.739999771118164,17.43000030517578,17.610000610351562,774100
06-03-2025,17.5,17.639999389648438,17.350000381469727,17.59000015258789,2563900
07-03-2025,17.700000762939453,17.850000381469727,17.5,17.639999389648438,1527800
10-03-2025,17.600000381469727,17.90999984741211,17.399999618530273,17.479999542236328,961700
11-03-2025,17.5,17.770000457763672,17.420000076293945,17.6299991607666,817700
12-03-2025,17.579999923706055,17.639999389648438,17.3700008392334,17.40999984741211,1557200
13-03-2025,17.399999618530273,17.450000762939453,17.010000228881836,17.389999389648438,3274800
14-03-2025,17.3799991607666,17.520000457763672,17.309999465942383,17.389999389648438,972600
17-03-2025,17.40999984741211,17.860000610351562,17.360000610351562,17.530000686645508,1137300
18-03-2025,17.450000762939453,17.579999923706055,17.25,17.280000686645508,941500
19-03-2025,17.309999465942383,17.350000381469727,17.149999618530273,17.290000915527344,958700
20-03-2025,17.229999542236328,17.280000686645508,17.020000457763672,17.209999084472656,559500
21-03-2025,17.18000030517578,17.399999618530273,17.110000610351562,17.270000457763672,2929600
24-03-2025,17.3799991607666,17.420000076293945,17.229999542236328,17.329999923706055,835500
25-03-2025,17.290000915527344,17.600000381469727,17.25,17.3799991607666,691000
26-03-2025,17.440000534057617,17.68000030517578,17.350000381469727,17.420000076293945,792400
27-03-2025,17.459999084472656,17.93000030517578,17.31999969482422,17.8799991607666,1162600
28-03-2025,17.8799991607666,18.34000015258789,17.84000015258789,18.18000030517578,829700
31-03-2025,18.18000030517578,18.270000457763672,17.899999618530273,18.1299991607666,633800
01-04-2025,18.049999237060547,18.139999389648438,17.770000457763672,17.940000534057617,783900
02-04-2025,17.860000610351562,18.209999084472656,17.809999465942383,18.06999969482422,665600
03-04-2025,17.829999923706055,18.170000076293945,17.540000915527344,18.079999923706055,610700
04-04-2025,17.860000610351562,18.030000686645508,17.219999313354492,17.719999313354492,990000
07-04-2025,17.219999313354492,17.84000015258789,17.079999923706055,17.510000228881836,1106800
08-04-2025,17.709999084472656,17.889999389648438,16.899999618530273,17.25,1286500
09-04-2025,17.0,17.649999618530273,16.84000015258789,17.31999969482422,1136900
10-04-2025,17.260000228881836,17.260000228881836,16.670000076293945,17.100000381469727,1189800
11-04-2025,17.18000030517578,17.729999542236328,16.899999618530273,17.520000457763672,886400
14-04-2025,17.600000381469727,18.059999465942383,17.469999313354492,17.979999542236328,1717700
15-04-2025,18.0,18.280000686645508,17.920000076293945,18.110000610351562,777500
16-04-2025,18.110000610351562,18.299999237060547,17.920000076293945,18.09000015258789,688900
17-04-2025,18.1200008392334,18.3700008392334,18.1200008392334,18.270000457763672,738200
21-04-2025,18.170000076293945,18.3700008392334,18.06999969482422,18.280000686645508,748300
22-04-2025,18.350000381469727,18.520000457763672,18.299999237060547,18.5,825800
23-04-2025,18.549999237060547,18.6200008392334,18.270000457763672,18.3700008392334,515800
24-04-2025,18.3700008392334,18.56999969482422,18.260000228881836,18.3799991607666,551900
25-04-2025,18.31999969482422,18.31999969482422,18.010000228881836,18.239999771118164,419400
28-04-2025,18.280000686645508,18.399999618530273,18.239999771118164,18.3799991607666,1053100
29-04-2025,18.34000015258789,18.75,18.200000762939453,18.520000457763672,573200
30-04-2025,18.600000381469727,18.780000686645508,18.559999465942383,18.690000534057617,551500
01-05-2025,18.670000076293945,18.68000030517578,18.31999969482422,18.649999618530273,522600
02-05-2025,18.790000915527344,18.850000381469727,18.639999389648438,18.719999313354492,529000
05-05-2025,18.709999084472656,18.770000457763672,18.600000381469727,18.739999771118164,430200
06-05-2025,18.709999084472656,18.770000457763672,18.510000228881836,18.709999084472656,440800
07-05-2025,18.760000228881836,18.899999618530273,18.690000534057617,18.739999771118164,453800
08-05-2025,18.760000228881836,18.770000457763672,18.049999237060547,18.579999923706055,700300
09-05-2025,18.6200008392334,18.670000076293945,18.399999618530273,18.559999465942383,445700
12-05-2025,18.56999969482422,18.719999313354492,18.479999542236328,18.610000610351562,546000
13-05-2025,18.59000015258789,18.6200008392334,18.040000915527344,18.260000228881836,682500
14-05-2025,18.270000457763672,18.3700008392334,17.989999771118164,18.010000228881836,562100
15-05-2025,18.079999923706055,18.559999465942383,18.079999923706055,18.329999923706055,636000
16-05-2025,18.280000686645508,18.75,18.1299991607666,18.579999923706055,818800
19-05-2025,18.59000015258789,18.75,18.540000915527344,18.6299991607666,392600
20-05-2025,18.610000610351562,18.8799991607666,18.56999969482422,18.780000686645508,637400
21-05-2025,18.780000686645508,19.079999923706055,18.719999313354492,18.950000762939453,665500
22-05-2025,18.920000076293945,19.020000457763672,18.59000015258789,18.81999969482422,533700
23-05-2025,18.739999771118164,19.100000381469727,18.65999984741211,18.969999313354492,808200
27-05-2025,19.110000610351562,19.270000457763672,19.010000228881836,19.149999618530273,1040700
28-05-2025,19.09000015258789,19.389999389648438,19.020000457763672,19.1200008392334,836000
29-05-2025,19.09000015258789,19.549999237060547,19.030000686645508,19.489999771118164,722700
30-05-2025,19.489999771118164,19.65999984741211,19.399999618530273,19.56999969482422,872000
02-06-2025,19.530000686645508,20.329999923706055,19.510000228881836,20.139999389648438,1360000
03-06-2025,20.139999389648438,20.81999969482422,20.100000381469727,20.600000381469727,1218200
04-06-2025,20.59000015258789,20.959999084472656,20.559999465942383,20.8799991607666,1310000
05-06-2025,20.950000762939453,21.18000030517578,20.790000915527344,21.170000076293945,1059200
06-06-2025,21.209999084472656,21.600000381469727,21.170000076293945,21.579999923706055,1154800
09-06-2025,21.600000381469727,21.790000915527344,21.549999237060547,21.579999923706055,1349500
10-06-2025,21.649999618530273,21.979999542236328,21.510000228881836,21.530000686645508,1055400
11-06-2025,21.5,21.729999542236328,21.350000381469727,21.3700008392334,711100
12-06-2025,21.389999389648438,21.700000762939453,21.280000686645508,21.399999618530273,1442900
13-06-2025,21.31999969482422,21.93000030517578,21.219999313354492,21.690000534057617,1422300
16-06-2025,21.690000534057617,22.0,21.579999923706055,21.799999237060547,986900
17-06-2025,21.790000915527344,21.969999313354492,21.239999771118164,21.440000534057617,1119000
18-06-2025,21.489999771118164,21.600000381469727,21.350000381469727,21.459999084472656,644200
20-06-2025,21.1200008392334,21.59000015258789,20.920000076293945,21.0,1218200
23-06-2025,21.040000915527344,21.040000915527344,20.479999542236328,20.81999969482422,885700
24-06-2025,20.950000762939453,21.969999313354492,20.459999084472656,20.68000030517578,785800
25-06-2025,20.719999313354492,20.84000015258789,20.3700008392334,20.479999542236328,821000
26-06-2025,20.510000228881836,20.649999618530273,20.219999313354492,20.389999389648438,642900
27-06-2025,20.5,20.56999969482422,19.68000030517578,19.959999084472656,3001000
30-06-2025,20.100000381469727,20.270000457763672,19.889999389648438,20.09000015258789,611200
01-07-2025,20.110000610351562,20.18000030517578,19.760000228881836,19.790000915527344,694600
02-07-2025,19.760000228881836,19.8700008392334,19.360000610351562,19.399999618530273,903900
03-07-2025,19.530000686645508,19.530000686645508,19.040000915527344,19.209999084472656,617700
07-07-2025,19.229999542236328,19.440000534057617,18.8700008392334,18.90999984741211,1089000
08-07-2025,18.950000762939453,19.149999618530273,18.940000534057617,19.059999465942383,949600
09-07-2025,19.25,19.399999618530273,18.920000076293945,19.170000076293945,724600
10-07-2025,19.0,19.34000015258789,18.979999542236328,19.059999465942383,702600
11-07-2025,19.399999618530273,19.399999618530273,18.75,18.770000457763672,764800
14-07-2025,19.239999771118164,19.59000015258789,19.100000381469727,19.579999923706055,1259700
15-07-2025,19.549999237060547,19.989999771118164,19.540000915527344,19.959999084472656,1469600
16-07-2025,20.030000686645508,20.399999618530273,20.030000686645508,20.25,923100
17-07-2025,20.170000076293945,20.579999923706055,19.8799991607666,19.8799991607666,970600
18-07-2025,20.059999465942383,20.059999465942383,19.350000381469727,19.56999969482422,898000
21-07-2025,19.56999969482422,19.690000534057617,19.40999984741211,19.5,632100
22-07-2025,19.530000686645508,19.68000030517578,19.170000076293945,19.280000686645508,616300
23-07-2025,19.3700008392334,19.5,19.06999969482422,19.280000686645508,662900
24-07-2025,19.290000915527344,19.31999969482422,18.8700008392334,18.920000076293945,580600
25-07-2025,18.920000076293945,19.010000228881836,18.649999618530273,18.719999313354492,885600
28-07-2025,18.68000030517578,18.979999542236328,18.329999923706055,18.540000915527344,790500
29-07-2025,18.549999237060547,18.719999313354492,18.360000610351562,18.459999084472656,475000
30-07-2025,18.43000030517578,18.690000534057617,18.280000686645508,18.43000030517578,709900
31-07-2025,18.200000762939453,18.510000228881836,18.100000381469727,18.170000076293945,608900
01-08-2025,18.56999969482422,18.739999771118164,18.190000534057617,18.6299991607666,984200
04-08-2025,18.59000015258789,18.719999313354492,18.399999618530273,18.59000015258789,543700
05-08-2025,18.549999237060547,18.579999923706055,18.270000457763672,18.440000534057617,564900
06-08-2025,18.329999923706055,18.329999923706055,17.889999389648438,18.25,675200
07-08-2025,18.260000228881836,18.969999313354492,18.209999084472656,18.459999084472656,1545400
08-08-2025,18.43000030517578,18.600000381469727,18.229999542236328,18.34000015258789,613000
11-08-2025,18.959999084472656,20.040000915527344,18.889999389648438,19.649999618530273,1655000
12-08-2025,19.65999984741211,20.110000610351562,19.5,20.09000015258789,1147900
13-08-2025,20.18000030517578,20.6299991607666,20.059999465942383,20.610000610351562,1057800
14-08-2025,20.56999969482422,20.920000076293945,20.510000228881836,20.8799991607666,900600
15-08-2025,20.950000762939453,21.1299991607666,20.760000228881836,20.920000076293945,895600
18-08-2025,21.079999923706055,21.110000610351562,20.399999618530273,20.780000686645508,1293400
19-08-2025,20.780000686645508,20.899999618530273,20.440000534057617,20.520000457763672,395900
20-08-2025,20.610000610351562,20.649999618530273,19.889999389648438,19.950000762939453,516000
21-08-2025,19.959999084472656,20.260000228881836,19.860000610351562,19.969999313354492,541100
22-08-2025,20.110000610351562,20.350000381469727,19.959999084472656,20.15999984741211,521200
25-08-2025,20.149999618530273,20.309999465942383,19.65999984741211,19.760000228881836,615600
26-08-2025,19.8799991607666,20.0,19.68000030517578,19.93000030517578,698400
27-08-2025,20.030000686645508,20.270000457763672,19.799999237060547,19.84000015258789,645600
28-08-2025,19.809999465942383,20.059999465942383,19.600000381469727,20.030000686645508,510800
29-08-2025,20.030000686645508,20.479999542236328,19.8700008392334,20.43000030517578,650800
02-09-2025,20.530000686645508,21.1200008392334,20.530000686645508,20.8799991607666,881400
03-09-2025,20.809999465942383,21.06999969482422,20.75,20.899999618530273,716400
04-09-2025,20.93000030517578,21.110000610351562,20.790000915527344,20.920000076293945,608800
05-09-2025,20.940000534057617,20.969999313354492,20.280000686645508,20.479999542236328,950200
08-09-2025,20.43000030517578,20.6200008392334,20.280000686645508,20.459999084472656,588700
09-09-2025,20.450000762939453,20.479999542236328,20.09000015258789,20.18000030517578,578400
10-09-2025,20.209999084472656,20.209999084472656,19.729999542236328,19.8700008392334,577100
11-09-2025,19.860000610351562,19.979999542236328,19.110000610351562,19.43000030517578,908700
12-09-2025,19.34000015258789,19.479999542236328,19.15999984741211,19.3700008392334,623900
15-09-2025,19.309999465942383,19.739999771118164,19.309999465942383,19.549999237060547,767900
16-09-2025,19.639999389648438,19.729999542236328,19.239999771118164,19.34000015258789,1144700
17-09-2025,19.43000030517578,19.65999984741211,19.299999237060547,19.3799991607666,411400
18-09-2025,19.399999618530273,19.899999618530273,19.34000015258789,19.889999389648438,545000
19-09-2025,19.8799991607666,20.059999465942383,19.15999984741211,19.190000534057617,1590800
22-09-2025,19.34000015258789,19.530000686645508,18.979999542236328,19.040000915527344,1274800
23-09-2025,19.010000228881836,19.200000762939453,19.010000228881836,19.100000381469727,530900
24-09-2025,19.059999465942383,19.110000610351562,18.790000915527344,18.940000534057617,370000
25-09-2025,19.3700008392334,19.3700008392334,18.459999084472656,18.56999969482422,445200
26-09-2025,18.709999084472656,18.8799991607666,18.510000228881836,18.860000610351562,513800
29-09-2025,18.809999465942383,19.1299991607666,18.700000762939453,19.030000686645508,473300
30-09-2025,18.389999389648438,18.579999923706055,17.549999237060547,18.25,1175400
01-10-2025,18.25,18.510000228881836,17.889999389648438,18.170000076293945,859200
02-10-2025,18.09000015258789,18.09000015258789,17.649999618530273,17.65999984741211,653500
03-10-2025,17.700000762939453,17.790000915527344,17.18000030517578,17.479999542236328,1070800
06-10-2025,17.520000457763672,17.790000915527344,17.190000534057617,17.420000076293945,958800
07-10-2025,17.350000381469727,17.360000610351562,17.1200008392334,17.200000762939453,763500
08-10-2025,17.200000762939453,17.43000030517578,17.010000228881836,17.3700008392334,599600
09-10-2025,17.389999389648438,17.65999984741211,17.34000015258789,17.450000762939453,527000
10-10-2025,17.510000228881836,17.93000030517578,17.229999542236328,17.350000381469727,535000
13-10-2025,17.200000762939453,17.260000228881836,16.899999618530273,16.940000534057617,596400
14-10-2025,16.860000610351562,16.889999389648438,16.59000015258789,16.670000076293945,714900
15-10-2025,16.56999969482422,17.479999542236328,16.520000457763672,17.389999389648438,829300
16-10-2025,17.360000610351562,17.5,17.100000381469727,17.25,835000
17-10-2025,17.25,17.5,17.190000534057617,17.270000457763672,760800
20-10-2025,17.309999465942383,17.329999923706055,17.1200008392334,17.209999084472656,531000
21-10-2025,17.18000030517578,17.420000076293945,17.1299991607666,17.399999618530273,660600
22-10-2025,17.450000762939453,18.790000915527344,17.219999313354492,18.350000381469727,1763500
23-10-2025,18.309999465942383,18.329999923706055,17.760000228881836,18.260000228881836,994500
24-10-2025,18.299999237060547,18.450000762939453,17.649999618530273,17.709999084472656,530800
27-10-2025,17.81999969482422,17.90999984741211,17.610000610351562,17.719999313354492,814300
28-10-2025,17.610000610351562,17.899999618530273,17.510000228881836,17.690000534057617,505200
29-10-2025,17.469999313354492,17.799999237060547,17.450000762939453,17.56999969482422,708900
30-10-2025,17.56999969482422,17.950000762939453,17.530000686645508,17.950000762939453,739800
31-10-2025,17.850000381469727,18.309999465942383,17.770000457763672,18.200000762939453,668000
03-11-2025,18.110000610351562,18.290000915527344,17.84000015258789,18.110000610351562,579300
04-11-2025,18.059999465942383,18.299999237060547,17.90999984741211,18.149999618530273,434600
05-11-2025,18.010000228881836,18.329999923706055,17.8700008392334,18.229999542236328,629900
06-11-2025,19.850000381469727,20.899999618530273,18.850000381469727,20.579999923706055,2123700
07-11-2025,20.739999771118164,21.100000381469727,20.280000686645508,20.860000610351562,1108000
10-11-2025,20.860000610351562,20.920000076293945,20.260000228881836,20.8700008392334,1389000
11-11-2025,20.90999984741211,21.989999771118164,20.860000610351562,21.899999618530273,1230200
12-11-2025,21.90999984741211,22.459999084472656,21.690000534057617,22.280000686645508,1095500
13-11-2025,22.290000915527344,22.760000228881836,21.850000381469727,22.200000762939453,1094500
14-11-2025,22.06999969482422,22.350000381469727,21.809999465942383,22.25,766200
17-11-2025,22.299999237060547,22.510000228881836,21.959999084472656,21.969999313354492,905400
18-11-2025,21.969999313354492,22.280000686645508,21.729999542236328,21.8700008392334,652500
19-11-2025,21.8700008392334,22.479999542236328,21.209999084472656,21.270000457763672,830000
20-11-2025,21.350000381469727,21.600000381469727,21.079999923706055,21.15999984741211,739400
21-11-2025,21.100000381469727,21.229999542236328,20.68000030517578,20.959999084472656,797600
24-11-2025,20.959999084472656,21.489999771118164,20.959999084472656,21.290000915527344,1129500
25-11-2025,21.489999771118164,21.84000015258789,21.200000762939453,21.719999313354492,797900
26-11-2025,21.809999465942383,22.15999984741211,21.670000076293945,21.709999084472656,1063600
28-11-2025,21.780000686645508,21.790000915527344,21.3799991607666,21.729999542236328,360200
01-12-2025,21.6299991607666,21.93000030517578,21.049999237060547,21.15999984741211,706500
02-12-2025,21.170000076293945,21.309999465942383,20.639999389648438,20.979999542236328,755900
03-12-2025,21.100000381469727,21.229999542236328,20.84000015258789,20.860000610351562,774600
04-12-2025,20.770000457763672,20.950000762939453,20.440000534057617,20.799999237060547,682500
05-12-2025,20.799999237060547,20.989999771118164,20.489999771118164,20.739999771118164,508300
08-12-2025,21.0,21.40999984741211,20.93000030517578,21.0,913700
09-12-2025,21.0,21.149999618530273,20.6299991607666,20.709999084472656,936100
10-12-2025,20.850000381469727,21.100000381469727,20.520000457763672,20.6200008392334,678200
11-12-2025,20.670000076293945,20.93000030517578,20.450000762939453,20.6200008392334,788900
12-12-2025,20.959999084472656,21.0,20.299999237060547,20.6299991607666,1014400
15-12-2025,20.6299991607666,20.760000228881836,20.079999923706055,20.139999389648438,1009300
16-12-2025,20.709999084472656,20.709999084472656,19.899999618530273,19.920000076293945,1106200
17-12-2025,19.93000030517578,20.25,19.719999313354492,20.049999237060547,1022900
18-12-2025,20.020000457763672,20.219999313354492,19.989999771118164,20.06999969482422,1116200
19-12-2025,20.030000686645508,20.270000457763672,19.829999923706055,19.989999771118164,4191800
22-12-2025,19.969999313354492,20.260000228881836,19.59000015258789,19.989999771118164,986400
23-12-2025,20.020000457763672,20.06999969482422,19.489999771118164,19.510000228881836,710300
24-12-2025,19.56999969482422,19.950000762939453,19.299999237060547,19.770000457763672,380800
26-12-2025,19.709999084472656,19.920000076293945,19.65999984741211,19.799999237060547,375300
29-12-2025,19.670000076293945,19.84000015258789,19.520000457763672,19.719999313354492,556600
30-12-2025,19.690000534057617,19.989999771118164,19.6299991607666,19.889999389648438,927400
31-12-2025,19.799999237060547,20.049999237060547,19.799999237060547,19.989999771118164,563500
02-01-2026,19.920000076293945,20.200000762939453,19.790000915527344,19.8700008392334,453500
05-01-2026,19.809999465942383,20.229999542236328,19.43000030517578,20.030000686645508,757000
06-01-2026,20.010000228881836,20.200000762939453,19.260000228881836,19.309999465942383,744200
07-01-2026,19.5,19.68000030517578,19.329999923706055,19.540000915527344,536800
08-01-2026,19.540000915527344,19.860000610351562,19.520000457763672,19.649999618530273,625500
09-01-2026,19.68000030517578,20.040000915527344,19.489999771118164,19.579999923706055,530500
12-01-2026,19.829999923706055,19.899999618530273,19.270000457763672,19.440000534057617,804800
13-01-2026,19.6200008392334,19.6200008392334,19.0,19.510000228881836,898400
14-01-2026,19.5,19.84000015258789,19.440000534057617,19.739999771118164,581600
15-01-2026,19.639999389648438,19.780000686645508,19.3700008392334,19.760000228881836,821600
16-01-2026,19.690000534057617,19.799999237060547,19.360000610351562,19.440000534057617,558400
20-01-2026,19.43000030517578,19.649999618530273,19.290000915527344,19.549999237060547,505700
21-01-2026,19.479999542236328,19.670000076293945,19.389999389648438,19.600000381469727,461100
22-01-2026,19.610000610351562,20.040000915527344,19.600000381469727,19.739999771118164,702500
23-01-2026,19.719999313354492,19.850000381469727,19.469999313354492,19.559999465942383,478800
26-01-2026,19.559999465942383,19.760000228881836,19.420000076293945,19.520000457763672,529300
27-01-2026,19.540000915527344,19.899999618530273,19.489999771118164,19.719999313354492,586900
28-01-2026,19.719999313354492,19.829999923706055,19.469999313354492,19.549999237060547,589700
29-01-2026,19.6200008392334,19.959999084472656,19.6200008392334,19.75,598100
30-01-2026,19.690000534057617,20.149999618530273,19.579999923706055,20.0,836900
02-02-2026,19.989999771118164,20.979999542236328,19.809999465942383,20.979999542236328,922700
03-02-2026,20.760000228881836,21.420000076293945,20.649999618530273,21.0,1414300
04-02-2026,21.059999465942383,21.65999984741211,21.020000457763672,21.479999542236328,954000
05-02-2026,21.40999984741211,21.860000610351562,21.350000381469727,21.56999969482422,717400
06-02-2026,21.559999465942383,21.920000076293945,21.559999465942383,21.799999237060547,650600
09-02-2026,21.8799991607666,21.93000030517578,21.260000228881836,21.6299991607666,691100
10-02-2026,21.6299991607666,21.989999771118164,21.56999969482422,21.84000015258789,690800
11-02-2026,21.719999313354492,22.709999084472656,21.549999237060547,22.479999542236328,1513300
12-02-2026,22.510000228881836,23.420000076293945,22.329999923706055,22.440000534057617,1262600
13-02-2026,22.389999389648438,22.959999084472656,22.1200008392334,22.700000762939453,538800
17-02-2026,23.399999618530273,23.90999984741211,23.0,23.850000381469727,929000
18-02-2026,23.790000915527344,24.010000228881836,23.219999313354492,23.65999984741211,685100
19-02-2026,23.809999465942383,23.860000610351562,23.350000381469727,23.639999389648438,655600
20-02-2026,23.56999969482422,23.780000686645508,23.260000228881836,23.389999389648438,683500
23-02-2026,23.459999084472656,23.670000076293945,22.93000030517578,23.40999984741211,765200
24-02-2026,23.3700008392334,23.440000534057617,22.84000015258789,23.420000076293945,877700
25-02-2026,23.43000030517578,24.25,23.43000030517578,24.239999771118164,781000
26-02-2026,25.0,25.149999618530273,23.239999771118164,23.540000915527344,1364500
27-02-2026,23.649999618530273,23.8799991607666,22.649999618530273,22.959999084472656,1101800
02-03-2026,22.760000228881836,23.06999969482422,22.690000534057617,22.829999923706055,719000
03-03-2026,22.549999237060547,22.75,22.170000076293945,22.299999237060547,711300
04-03-2026,22.360000610351562,22.93000030517578,22.100000381469727,22.729999542236328,630800
05-03-2026,22.329999923706055,22.510000228881836,21.969999313354492,22.18000030517578,711900
06-03-2026,22.110000610351562,22.139999389648438,21.760000228881836,22.030000686645508,564300
09-03-2026,21.75,22.3700008392334,21.700000762939453,22.31999969482422,591900
10-03-2026,22.40999984741211,22.709999084472656,22.170000076293945,22.40999984741211,626500
11-03-2026,22.270000457763672,22.420000076293945,22.139999389648438,22.420000076293945,466600
12-03-2026,22.049999237060547,22.389999389648438,21.90999984741211,21.969999313354492,609300
13-03-2026,21.979999542236328,22.239999771118164,21.65999984741211,22.030000686645508,650000
16-03-2026,22.190000534057617,22.3700008392334,22.059999465942383,22.149999618530273,562500
17-03-2026,22.299999237060547,22.34000015258789,21.940000534057617,22.059999465942383,442300
18-03-2026,21.989999771118164,22.329999923706055,21.709999084472656,21.889999389648438,659400
19-03-2026,21.84000015258789,22.3700008392334,21.84000015258789,22.09000015258789,698400
20-03-2026,22.219999313354492,22.25,21.6299991607666,21.700000762939453,2707200
23-03-2026,22.020000457763672,22.170000076293945,21.65999984741211,21.90999984741211,928300
24-03-2026,21.81999969482422,22.049999237060547,21.6200008392334,21.920000076293945,728100
25-03-2026,22.079999923706055,22.670000076293945,22.040000915527344,22.59000015258789,567900
26-03-2026,22.530000686645508,22.920000076293945,22.530000686645508,22.65999984741211,691800
27-03-2026,22.709999084472656,23.18000030517578,22.510000228881836,22.65999984741211,497000
30-03-2026,22.709999084472656,23.06999969482422,22.520000457763672,22.90999984741211,2035300
31-03-2026,23.09000015258789,23.43000030517578,22.989999771118164,23.299999237060547,725800
01-04-2026,23.540000915527344,23.6299991607666,23.110000610351562,23.40999984741211,617900
02-04-2026,23.209999084472656,23.3700008392334,22.90999984741211,22.989999771118164,595100
06-04-2026,22.899999618530273,23.149999618530273,22.760000228881836,23.020000457763672,451900
07-04-2026,22.950000762939453,23.389999389648438,22.75,23.280000686645508,531300
08-04-2026,23.549999237060547,23.889999389648438,23.209999084472656,23.6200008392334,650200
09-04-2026,23.600000381469727,24.209999084472656,23.549999237060547,24.200000762939453,657700
10-04-2026,24.299999237060547,24.40999984741211,23.510000228881836,23.760000228881836,858900
13-04-2026,23.799999237060547,23.989999771118164,23.389999389648438,23.969999313354492,548600
14-04-2026,23.979999542236328,24.450000762939453,23.940000534057617,24.190000534057617,582900
15-04-2026,24.170000076293945,24.309999465942383,23.729999542236328,23.920000076293945,515400
16-04-2026,23.770000457763672,23.979999542236328,23.280000686645508,23.600000381469727,768300
17-04-2026,23.8700008392334,24.290000915527344,23.6299991607666,24.239999771118164,683900
20-04-2026,24.200000762939453,24.450000762939453,23.809999465942383,23.920000076293945,590000
21-04-2026,23.93000030517578,23.950000762939453,23.329999923706055,23.610000610351562,536900
22-04-2026,23.75,23.81999969482422,23.329999923706055,23.5,448600
23-04-2026,23.700000762939453,23.93000030517578,23.31999969482422,23.479999542236328,387100
24-04-2026,23.389999389648438,23.649999618530273,23.010000228881836,23.56999969482422,456600
27-04-2026,23.93000030517578,23.93000030517578,23.190000534057617,23.360000610351562,541200
28-04-2026,23.5,23.889999389648438,23.459999084472656,23.690000534057617,530400
29-04-2026,23.3799991607666,23.3799991607666,22.950000762939453,23.049999237060547,564200
30-04-2026,23.049999237060547,23.350000381469727,22.969999313354492,22.989999771118164,626100
01-05-2026,22.989999771118164,23.25,22.770000457763672,23.110000610351562,406100
04-05-2026,22.940000534057617,23.43000030517578,22.860000610351562,22.989999771118164,458700
05-05-2026,23.030000686645508,23.290000915527344,22.639999389648438,22.649999618530273,620500
06-05-2026,22.81999969482422,22.84000015258789,22.489999771118164,22.520000457763672,617500
07-05-2026,23.489999771118164,23.989999771118164,22.200000762939453,22.799999237060547,1130700
08-05-2026,22.719999313354492,23.09000015258789,22.700000762939453,22.889999389648438,540300
11-05-2026,23.06999969482422,23.540000915527344,22.270000457763672,22.520000457763672,801000
12-05-2026,22.600000381469727,23.200000762939453,22.530000686645508,22.739999771118164,582000
13-05-2026,22.549999237060547,23.219999313354492,22.549999237060547,23.139999389648438,637300
14-05-2026,23.219999313354492,23.540000915527344,22.729999542236328,22.860000610351562,633900
15-05-2026,22.829999923706055,22.850000381469727,21.780000686645508,21.969999313354492,1002600
18-05-2026,21.979999542236328,22.280000686645508,21.770000457763672,21.799999237060547,985900
19-05-2026,21.809999465942383,22.040000915527344,21.5,21.729999542236328,809300
20-05-2026,21.899999618530273,22.520000457763672,21.84000015258789,22.239999771118164,938000
21-05-2026,22.170000076293945,22.31999969482422,21.84000015258789,22.200000762939453,815100
22-05-2026,22.170000076293945,22.5,21.950000762939453,22.459999084472656,1187300
26-05-2026,22.3799991607666,22.950000762939453,22.34000015258789,22.68000030517578,901400
27-05-2026,22.719999313354492,22.899999618530273,22.1200008392334,22.1299991607666,597500
28-05-2026,22.09000015258789,22.219999313354492,21.719999313354492,21.889999389648438,1276300
29-05-2026,21.829999923706055,21.90999984741211,21.260000228881836,21.420000076293945,1164200
01-06-2026,21.329999923706055,21.68000030517578,21.239999771118164,21.510000228881836,1860200
02-06-2026,21.5,21.709999084472656,21.280000686645508,21.350000381469727,1047100
03-06-2026,21.40999984741211,21.889999389648438,21.290000915527344,21.700000762939453,909800
04-06-2026,22.020000457763672,22.43000030517578,21.989999771118164,22.15999984741211,720200
05-06-2026,22.459999084472656,22.93000030517578,22.40999984741211,22.520000457763672,845400
08-06-2026,22.520000457763672,22.670000076293945,22.049999237060547,22.329999923706055,913500
09-06-2026,22.530000686645508,22.700000762939453,22.299999237060547,22.540000915527344,738500
10-06-2026,22.700000762939453,23.31999969482422,22.600000381469727,23.0,727500
11-06-2026,23.100000381469727,23.3700008392334,22.350000381469727,22.440000534057617,762800
12-06-2026,22.559999465942383,22.75,22.510000228881836,22.739999771118164,557700
15-06-2026,22.719999313354492,22.829999923706055,22.329999923706055,22.420000076293945,709800
16-06-2026,22.989999771118164,23.0,22.3700008392334,22.610000610351562,564700
17-06-2026,22.75,22.860000610351562,22.3700008392334,22.639999389648438,588400
18-06-2026,22.950000762939453,23.0,22.219999313354492,22.489999771118164,1403800
22-06-2026,22.43000030517578,22.979999542236328,22.40999984741211,22.670000076293945,911200
23-06-2026,22.809999465942383,23.600000381469727,22.690000534057617,23.549999237060547,635300
24-06-2026,23.610000610351562,24.170000076293945,23.610000610351562,23.639999389648438,841200
25-06-2026,23.6200008392334,23.969999313354492,23.18000030517578,23.350000381469727,605600
26-06-2026,23.389999389648438,23.850000381469727,23.389999389648438,23.56999969482422,2834700
29-06-2026,23.59000015258789,23.729999542236328,23.079999923706055,23.139999389648438,879100
30-06-2026,23.190000534057617,23.219999313354492,22.510000228881836,22.709999084472656,633000
01-07-2026,22.709999084472656,22.889999389648438,21.889999389648438,21.899999618530273,786900
02-07-2026,22.049999237060547,22.31999969482422,21.700000762939453,22.309999465942383,655000
06-07-2026,22.200000762939453,22.43000030517578,21.790000915527344,21.81999969482422,660400
07-07-2026,22.110000610351562,22.3700008392334,21.899999618530273,22.25,513400
08-07-2026,22.25,22.729999542236328,22.059999465942383,22.43000030517578,978600
09-07-2026,22.389999389648438,22.489999771118164,21.979999542236328,22.200000762939453,672100
10-07-2026,22.25,22.299999237060547,21.950000762939453,22.239999771118164,2676200
13-07-2026,22.260000228881836,22.68000030517578,22.15999984741211,22.209999084472656,592200
14-07-2026,22.020000457763672,22.09000015258789,21.690000534057617,21.739999771118164,817600
15-07-2026,21.6200008392334,22.040000915527344,21.559999465942383,21.889999389648438,1016600
16-07-2026,21.979999542236328,22.299999237060547,21.959999084472656,22.209999084472656,643800
17-07-2026,22.18000030517578,22.469999313354492,21.649999618530273,21.709999084472656,541100
20-07-2026,21.65999984741211,21.84000015258789,21.219999313354492,21.280000686645508,705600
21-07-2026,21.190000534057617,21.729999542236328,21.190000534057617,21.579999923706055,606600
22-07-2026,21.68000030517578,21.700000762939453,21.260000228881836,21.43000030517578,482100
23-07-2026,21.360000610351562,21.450000762939453,21.049999237060547,21.200000762939453,942300
24-07-2026,21.40999984741211,21.489999771118164,21.290000915527344,21.440000534057617,550400
27-07-2026,21.5,21.790000915527344,21.280000686645508,21.299999237060547,624300
28-07-2026,21.5,21.950000762939453,21.5,21.809999465942383,605800
29-07-2026,21.760000228881836,21.850000381469727,21.399999618530273,21.639999389648438,536300
30-07-2026,21.350000381469727,21.420000076293945,21.09000015258789,21.219999313354492,508600
31-07-2026,21.06999969482422,21.079999923706055,20.81999969482422,20.969999313354492,508000
03-08-2026,20.969999313354492,21.15999984741211,20.600000381469727,20.770000457763672,799100
04-08-2026,20.639999389648438,20.8799991607666,20.5,20.860000610351562,564600
05-08-2026,21.010000228881836,21.1299991607666,20.489999771118164,20.510000228881836,702900
06-08-2026,21.1299991607666,22.09000015258789,20.739999771118164,21.110000610351562,1311000
07-08-2026,20.93000030517578,20.959999084472656,20.200000762939453,20.510000228881836,1143300
10-08-2026,20.420000076293945,20.81999969482422,20.389999389648438,20.68000030517578,877600
11-08-2026,20.68000030517578,20.860000610351562,20.540000915527344,20.75,596000
12-08-2026,20.690000534057617,21.1200008392334,20.6200008392334,20.809999465942383,595900
13-08-2026,21.0,21.010000228881836,20.59000015258789,20.75,527200
14-08-2026,20.719999313354492,21.219999313354492,20.68000030517578,21.190000534057617,448800
17-08-2026,21.040000915527344,21.200000762939453,20.84000015258789,20.959999084472656,618000
18-08-2026,21.239999771118164,21.459999084472656,21.209999084472656,21.25,628800
19-08-2026,21.450000762939453,21.700000762939453,21.360000610351562,21.479999542236328,505500
20-08-2026,21.34000015258789,21.40999984741211,20.8700008392334,21.0,796500
21-08-2026,21.010000228881836,21.229999542236328,20.899999618530273,21.06999969482422,499400
24-08-2026,21.06999969482422,21.100000381469727,20.889999389648438,21.030000686645508,510300
25-08-2026,21.100000381469727,21.239999771118164,20.93000030517578,21.170000076293945,412700
26-08-2026,21.149999618530273,21.329999923706055,20.84000015258789,21.239999771118164,693000
27-08-2026,20.989999771118164,21.100000381469727,20.860000610351562,20.959999084472656,488100
28-08-2026,20.959999084472656,21.06999969482422,20.799999237060547,20.969999313354492,527000
31-08-2026,20.969999313354492,21.049999237060547,20.68000030517578,20.770000457763672,877300
01-09-2026,20.969999313354492,21.18000030517578,20.940000534057617,21.079999923706055,798700
02-09-2026,21.270000457763672,21.479999542236328,21.219999313354492,21.350000381469727,600600
03-09-2026,21.479999542236328,21.479999542236328,21.040000915527344,21.350000381469727,612300
04-09-2026,21.200000762939453,21.360000610351562,21.09000015258789,21.329999923706055,563500
08-09-2026,21.059999465942383,21.510000228881836,20.8700008392334,21.34000015258789,782800
09-09-2026,21.15999984741211,21.40999984741211,20.770000457763672,21.1299991607666,847400
10-09-2026,21.15999984741211,21.239999771118164,20.579999923706055,20.6200008392334,836400
11-09-2026,20.84000015258789,20.8799991607666,20.450000762939453,20.65999984741211,727300
14-09-2026,20.93000030517578,21.110000610351562,20.690000534057617,20.899999618530273,885400
15-09-2026,20.860000610351562,20.8799991607666,20.5,20.84000015258789,1102000
16-09-2026,20.860000610351562,21.239999771118164,20.860000610351562,21.200000762939453,715400
17-09-2026,21.219999313354492,21.420000076293945,21.0,21.049999237060547,1251900
18-09-2026,20.93000030517578,21.18000030517578,20.850000381469727,21.139999389648438,1437000
21-09-2026,21.100000381469727,21.270000457763672,21.0,21.040000915527344,688500
22-09-2026,21.170000076293945,21.389999389648438,20.959999084472656,20.979999542236328,931600
23-09-2026,21.110000610351562,21.360000610351562,20.229999542236328,20.239999771118164,4031100
24-09-2026,20.280000686645508,20.790000915527344,20.280000686645508,20.65999984741211,1368100
25-09-2026,20.700000762939453,20.780000686645508,20.350000381469727,20.739999771118164,623400
28-09-2026,20.739999771118164,21.389999389648438,20.59000015258789,21.229999542236328,854600
29-09-2026,21.190000534057617,21.190000534057617,20.739999771118164,21.110000610351562,555800
