Date,Open,High,Low,Close,Volume
30-09-2021,65.95241273287454,67.13660806942244,65.40450739499454,66.07613372802734,159100
01-10-2021,66.65056509031345,68.59476492935747,64.64451148799729,68.26778411865234,137300
04-10-2021,68.47100635036061,69.00123992743589,67.62262453629727,68.07332611083984,92900
05-10-2021,68.40029723151248,69.3105326483483,68.17936604325972,69.07192993164062,84700
06-10-2021,68.84216166719872,70.25611996585324,68.84216166719872,69.7789077758789,86200
07-10-2021,70.3710346257592,71.00731784289209,69.61986956086714,69.9380111694336,152600
08-10-2021,69.95568159510955,70.54777578924461,68.4621840304731,68.93055725097656,70000
11-10-2021,68.98357339630351,68.98357339630351,68.14403731822284,68.21473693847656,70200
12-10-2021,68.20589782675279,68.84218092470869,68.20589782675279,68.63008880615234,70000
13-10-2021,68.6919528573484,69.3193968497975,68.26776185590919,68.815673828125,52200
14-10-2021,69.3812691933168,69.41661901133573,68.81568558959064,69.13382720947266,49800
15-10-2021,69.9291651317335,70.59195896048641,68.74497672732629,70.158935546875,92400
18-10-2021,69.69056897627489,70.22964188119819,68.63010144589785,68.84219360351562,54800
19-10-2021,68.75381447007469,69.54916165459755,66.54450175242818,67.33101654052734,91100
20-10-2021,67.12776320225986,67.525443574714,66.68590061661389,67.06590270996094,50800
21-10-2021,66.98636514661358,67.93195073208273,66.50031364564406,67.22496795654297,72500
22-10-2021,67.28681975812474,68.07333445468588,66.93332841598469,67.87891387939453,39100
25-10-2021,68.11753872606465,69.08963507893951,67.71102595094564,68.79800415039062,50000
26-10-2021,69.35475151596927,74.49803152860817,69.35475151596927,73.99430847167969,107000
27-10-2021,73.5701042175293,75.54964627500158,73.5701042175293,75.11662292480469,106800
28-10-2021,75.69104679099063,80.24223184089624,75.49662621429881,79.473388671875,153800
29-10-2021,80.24223880496224,81.70921891063985,79.31432478741465,81.63851928710938,146700
01-11-2021,81.95666651154595,83.73295590728779,78.86362856246407,80.3394546508789,119200
02-11-2021,80.59571845122227,80.59571845122227,78.82826842604382,79.5440902709961,100000
03-11-2021,79.65897642209454,81.30270557417275,79.65897642209454,80.36595916748047,139300
04-11-2021,80.39245199855148,81.87711004053311,80.39245199855148,80.90501403808594,103100
05-11-2021,81.7445732898437,84.13946754688244,81.01991896388469,83.9715576171875,116200
08-11-2021,84.80227459287221,84.9171564487064,83.12319526125798,83.22040557861328,103700
09-11-2021,79.88873823811889,85.04085640567833,79.53524690342417,83.22921752929688,109500
10-11-2021,84.70503961441872,84.70503961441872,81.68270174281231,81.81526184082031,72100
11-11-2021,82.11572510350423,82.8845682781213,81.49712030251578,81.81526184082031,58500
12-11-2021,82.25712783270158,83.26457383268895,81.6738660736105,82.32782745361328,36800
15-11-2021,82.50456532823196,83.45015079465948,81.84177158796165,82.55758666992188,70100
16-11-2021,83.034804856414,85.36783844811755,83.034804856414,84.65202331542969,81800
17-11-2021,84.82877879311613,85.48274028579576,84.07761373279354,84.90831756591797,66800
18-11-2021,82.28363558852315,83.91852549600942,81.97433318585604,82.99945068359375,107000
19-11-2021,82.7520091599055,83.31759262530197,81.62084222911254,81.7975845336914,82200
22-11-2021,82.4780588979605,83.11434200010008,80.0389759205211,80.99340057373047,62000
23-11-2021,80.22455205428632,80.92269559276268,79.71198995126016,80.49850463867188,104700
24-11-2021,80.03897629009185,80.03897629009185,78.51896814847038,78.54547882080078,48700
26-11-2021,76.9547619320344,76.9547619320344,73.39335184790437,75.2403335571289,53000
29-11-2021,77.72362895079156,78.55433279961254,76.23897033922229,78.19200897216797,120400
30-11-2021,77.22875058270164,78.10363670963208,76.7161883094338,77.61759185791016,128800
01-12-2021,78.65153305681223,80.61340383654588,77.33478455976899,78.99618530273438,146100
02-12-2021,79.26129697711409,81.48828099841461,78.84594515060373,81.31153869628906,130200
03-12-2021,81.30270418805219,82.90224436291571,79.82688498017882,80.01246643066406,89800
06-12-2021,80.83433757420502,83.15853220594076,80.50735685351573,82.83155822753906,97000
07-12-2021,83.24688427069054,86.39294955188531,82.95526017296689,85.31480407714844,139900
08-12-2021,85.57993456671937,86.60505890846444,83.42364992967221,84.3780746459961,100700
09-12-2021,83.88317171885471,85.01433859069324,83.88317171885471,84.01573181152344,62900
10-12-2021,85.18224399148167,87.28550686131709,84.1659589910845,85.31480407714844,68700
13-12-2021,85.15573691697587,85.63294920014631,81.9743284381258,82.96409606933594,61000
14-12-2021,82.9198091618886,84.61222745034519,82.28182708613683,82.8134765625,166900
15-12-2021,82.4147240004067,84.39068871587924,79.83621477403719,83.97422790527344,157600
16-12-2021,84.32869061276874,89.2287385808319,83.07045179209425,83.10589599609375,155300
17-12-2021,83.24764731779574,84.31981565670131,81.46662209958346,84.08943176269531,583800
20-12-2021,82.91095239286311,83.92108849878706,80.77549159359945,83.71729278564453,166800
21-12-2021,84.35525902018209,87.04010128521847,83.62866985137178,86.41983795166016,108200
22-12-2021,87.26160565586059,89.60086822509766,85.72867647663524,89.60086822509766,153800
23-12-2021,89.91102452153089,91.2667331655474,87.7223940134873,90.50469970703124,97400
27-12-2021,90.30974122950605,92.01988478587045,89.88442440528999,91.91355895996094,141300
28-12-2021,91.48825905853636,94.54524902998374,91.48825905853636,93.17182159423828,129900
29-12-2021,92.88824566285408,94.8996546312029,92.88824566285408,94.00470733642578,66500
30-12-2021,94.39459376078732,95.06801996682186,93.03002263079408,93.37559509277344,76500
31-12-2021,93.43761593421672,95.22751056539742,93.43761593421672,94.72244262695312,74200
03-01-2022,94.83764252392182,95.90980417893704,93.57940389674256,94.6515655517578,63000
04-01-2022,94.76675392167296,96.00727382703715,93.44648963996384,93.62371063232422,64800
05-01-2022,93.43762831035572,93.43762831035572,91.30216771243111,91.80723571777344,76200
06-01-2022,91.86039127548858,93.01230398989986,88.90087187859099,89.52999114990234,81400
07-01-2022,89.26417422527402,89.9730447167091,88.30720785021367,88.54644775390625,46200
10-01-2022,87.87301773127051,88.54644399350569,84.86032841104964,85.82616424560547,80900
11-01-2022,86.17172439008702,86.17172439008702,84.02740135421175,85.55146789550781,75900
12-01-2022,86.28691682420924,87.36794112925512,85.15272960589525,86.81857299804688,92400
13-01-2022,86.94262982543741,87.79327029320862,85.72869139981844,86.10084533691406,95100
14-01-2022,85.66667454030407,86.21604952311212,84.5502058540833,85.25021362304688,59600
18-01-2022,84.27550883953263,86.57046476285856,81.42231527842213,82.89321899414062,101000
19-01-2022,83.58437018602832,85.03754853256056,83.24765367822644,83.48690032958984,75100
20-01-2022,84.00081437037105,84.29321712126357,80.25267391326759,80.60710906982422,73300
21-01-2022,79.98685753722393,81.53750565836678,79.48178956246326,79.71217346191406,109500
24-01-2022,78.32989511791484,81.93625986590862,78.17926232929632,81.60840606689453,197700
25-01-2022,81.89193512530811,84.88690532732565,80.59825245188843,84.13372802734375,166500
26-01-2022,83.8767780599488,87.58060548858703,83.8767780599488,85.81729888916016,150600
27-01-2022,85.9856540917129,87.77554208613209,84.89576701233207,85.86160278320312,144400
28-01-2022,86.0476879244888,86.94263538690456,82.58309341531184,86.49073028564453,140400
31-01-2022,86.52618434374283,88.85658499522128,86.28693765569886,87.69581604003906,107900
01-02-2022,87.61605990530768,88.93633108425725,87.0135219893608,87.93505096435547,84900
02-02-2022,88.36036217338136,88.60846479315589,85.70210822958668,86.2071762084961,79300
03-02-2022,85.47171057526664,87.19957941688101,85.03753106052363,85.30335235595703,47400
04-02-2022,85.53373746532903,86.2957706918498,84.63879020901261,85.13500213623047,65900
07-02-2022,85.1350158254015,85.64894655109433,84.01854726000073,84.93121337890625,80100
08-02-2022,85.19703136815632,87.7578151928717,85.19703136815632,87.34135437011719,85300
09-02-2022,88.06795222260654,89.7869585951863,87.47427713362113,89.1401138305664,73600
10-02-2022,87.8021123282816,88.88313653031656,85.90589198579968,86.84514617919922,81400
11-02-2022,87.19072919711019,87.76668556033961,84.99323633380517,85.46286010742188,59400
14-02-2022,85.70210733397295,85.90590301510544,84.06285210448816,85.20590209960938,113100
15-02-2022,86.0122438791748,86.83630294281929,85.24134773567192,86.0654067993164,80400
16-02-2022,85.60464175473479,86.41097530081322,85.56033481647448,85.7641372680664,123300
17-02-2022,85.37425860660288,86.2869247564814,85.01096739872519,85.1970443725586,68200
18-02-2022,84.93120840102236,86.18944692304306,83.65525116135294,84.28437042236328,89300
22-02-2022,83.98311175598526,83.98311175598526,81.70587421258897,81.82992553710938,86200
23-02-2022,82.6008132481178,83.12359995359955,80.1995246260642,80.4033203125,89600
24-02-2022,79.26027596771046,81.19194093912353,77.68304623844739,81.0501708984375,90300
25-02-2022,81.38688719119743,83.72615051269531,81.27169860137862,83.72615051269531,57500
28-02-2022,82.69827979670792,83.84132977589256,81.29826446465643,82.2995376586914,112900
01-03-2022,81.84764204832103,82.583087174441,79.45520942270421,79.77420043945312,104500
02-03-2022,79.03876456217186,82.0603170938608,79.03876456217186,80.91726684570312,116100
03-03-2022,81.44004489207136,81.44004489207136,77.10708465612718,78.12608337402344,159800
04-03-2022,77.28431363403868,79.34889274156995,75.84885389312399,76.27417755126953,167000
07-03-2022,76.31846570771968,76.33619118584,70.95765782547899,71.30323028564453,140900
08-03-2022,71.67538420270141,73.39439052475815,69.98296609782514,71.30323028564453,119300
09-03-2022,72.87158869045619,80.05773465480628,72.87158869045619,73.18171691894531,66800
10-03-2022,71.85260755663685,74.02351920269692,71.06399268725654,73.73110961914062,137200
11-03-2022,73.94376307854766,74.50200074777021,71.36526020171667,71.86146545410156,73500
14-03-2022,72.59257746608203,72.59257746608203,70.68459324888669,71.5226821899414,85000
15-03-2022,72.10219538664681,73.88535831326595,71.98628544299146,73.77836608886719,114700
16-03-2022,74.63426507825191,75.54368175588176,73.1720723830677,75.24945831298828,119700
17-03-2022,75.00873747035399,75.6863412095019,74.72343170685372,75.27621459960938,106000
18-03-2022,75.3832196586435,77.0683081743394,74.5540485793148,76.67601013183594,233600
21-03-2022,76.36396296540993,77.00590278529668,75.90925445928553,76.56011199951172,54700
22-03-2022,77.05046534010373,78.20060619796664,76.81865906653245,77.51409149169922,63500
23-03-2022,76.8543344042351,77.10398297651776,76.2569763398576,76.62252807617188,111200
24-03-2022,77.38035928858734,77.38035928858734,75.2851441216684,75.98949432373047,51200
25-03-2022,76.39071494588057,77.14855797704004,75.52587966945713,76.62252807617188,58200
28-03-2022,76.8543057069305,77.66564795888178,76.06971660797667,77.22877502441406,100600
29-03-2022,78.14712536515982,79.7965498964282,78.14712536515982,79.32401275634766,83700
30-03-2022,79.31508750179015,79.52015423480091,77.87072305798789,78.5750732421875,82400
31-03-2022,78.5929028134528,79.02977580062719,78.1292766700533,78.50374603271484,92500
01-04-2022,78.45916473731566,79.95702179075347,77.77265003884376,79.35074615478516,185300
04-04-2022,79.45775923785472,80.78621399408908,78.66425211212434,79.7519760131836,118300
05-04-2022,79.88567987305423,80.23339602174524,77.64780899637667,77.78154754638672,99200
06-04-2022,77.059391174914,78.28977122577551,75.95383199288364,77.27336883544922,94600
07-04-2022,77.19311419020742,78.02228511000534,76.6581667456791,77.18419647216797,87800
08-04-2022,77.13963016745377,77.44277142160853,75.9270855575163,76.17672729492188,76200
11-04-2022,75.8557494090019,77.41601690557947,75.8557494090019,76.34611511230469,68700
12-04-2022,77.1128645129235,78.01336352798393,75.6060967457249,75.97164154052734,71900
13-04-2022,75.94489842584204,78.69097057156664,75.94489842584204,77.68347930908203,70000
14-04-2022,77.97772811195853,78.37894392457478,76.54228115142489,76.61360931396484,84400
18-04-2022,76.6492753511607,76.6492753511607,74.75020208788504,74.95526885986328,57200
19-04-2022,74.67886729887823,76.32829169033556,74.67886729887823,75.56153106689453,221500
20-04-2022,75.89141455558995,76.78299599481443,74.17957302258675,75.26730346679688,125300
21-04-2022,76.25695502556715,77.04155100041423,74.44704589632408,74.96416473388672,101100
22-04-2022,74.89285060537242,75.23164914740437,72.940284823591,73.0205307006836,59900
25-04-2022,72.80653955223273,74.04583713981019,71.55832424613442,73.54654693603516,95800
26-04-2022,72.91354128987093,73.04727988872115,70.95206451416016,70.95206451416016,89500
27-04-2022,71.09469367879272,73.22557252318205,70.76481293858961,72.48556518554688,81800
28-04-2022,72.90460739795061,74.83042646886986,72.66388341519881,73.96559143066406,94500
29-04-2022,73.56436688054129,74.34003817284584,72.71736065731912,72.86893463134766,76600
02-05-2022,72.86893946041741,73.9299165355803,71.76337379908563,73.34147644042969,125500
03-05-2022,72.99377075948992,73.18991295118181,71.74555545455996,72.1200180053711,121500
04-05-2022,72.2715903903457,73.43956671907777,70.57759107173459,73.10076141357422,94600
05-05-2022,72.3607500087956,72.3607500087956,69.58793129836576,70.71131896972656,77300
06-05-2022,70.33684737934776,72.15567402606217,68.94598274454131,71.69205474853516,106600
09-05-2022,71.07686718953146,72.3607465261245,69.92672641753785,70.33685302734375,130300
10-05-2022,71.47808168543294,71.47808168543294,69.37394896425091,69.980224609375,148900
11-05-2022,69.91781026754015,69.91781026754015,60.73452612430598,61.10007095336914,209100
12-05-2022,60.62752714438296,64.68422469625756,59.878602132961696,64.24734497070312,127500
13-05-2022,65.6560762246707,67.15393376144841,64.06906187782153,65.08546447753906,109400
16-05-2022,66.00377020117243,66.36932184161194,63.41818277103066,63.79265213012695,219300
17-05-2022,64.78232532283563,66.44066091762703,64.02447548593753,66.12860870361328,94200
18-05-2022,64.9873602453178,66.64570200322149,62.21454186528667,62.91889190673828,140600
19-05-2022,62.4017932842208,63.846157901988725,61.385390820608144,62.93674087524414,132300
20-05-2022,63.578684805973126,63.72134113396829,61.96492420833944,63.6500129699707,77800
23-05-2022,63.81049476109034,64.75556907921006,62.70493548307974,63.489524841308594,77900
24-05-2022,62.99023182209526,63.70349291229948,60.966338088602775,61.786598205566406,84400
25-05-2022,61.45671496721257,62.829751335931455,61.3408118174308,62.16998291015625,100300
26-05-2022,62.44635530354563,63.97987623367954,61.66176620539072,63.55191421508789,85600
27-05-2022,63.5697594640819,66.25341470388418,63.5697594640819,65.95919799804688,92600
31-05-2022,65.73628801039948,66.55654112106399,64.41674477836197,65.79869842529297,190000
01-06-2022,66.01268734090175,66.22666497120429,62.16997370290351,64.83580017089844,63800
02-06-2022,64.74664580229134,66.91318894616475,64.58616087303307,66.36932373046875,84000
03-06-2022,65.9681211278285,66.17318789020277,65.07653952176751,65.2548599243164,54400
06-06-2022,65.73628615541384,66.03050278748074,64.6842200467363,65.53121948242188,66600
07-06-2022,64.8982020737704,66.54762607843567,63.89962859311871,65.91460418701172,367700
08-06-2022,65.71846946697748,66.29799878406521,64.79122392008247,64.8179702758789,113200
09-06-2022,64.89821512467839,65.02303598458292,63.01697770468287,63.043724060058594,74400
10-06-2022,62.294806933765706,63.08831398929578,61.36756128188422,62.66926956176758,67600
13-06-2022,61.28729942627231,62.75840999818063,59.91426334597293,60.36005401611328,151100
14-06-2022,60.27025153475106,61.99482344563159,59.90198678688369,60.1804313659668,139600
15-06-2022,60.90797566708103,61.50080103854939,59.78520657218372,60.3331184387207,179500
16-06-2022,59.38101287899778,61.294208963852114,57.95284701623368,58.15045547485352,238000
17-06-2022,58.73429137974888,60.10855953929422,58.50973757974897,59.58759307861328,186300
21-06-2022,60.47683665785589,62.61458656468445,60.02772901629065,61.994815826416016,114300
22-06-2022,61.707391259669926,63.47687658001921,59.74030432044828,62.30021667480469,93800
23-06-2022,62.40799369240117,64.27627605776873,62.20140118584928,63.46788787841797,67900
24-06-2022,63.63855448574039,66.20745086669922,63.63855448574039,66.20745086669922,162700
27-06-2022,66.50385946110377,66.54876611293295,64.76131964313866,65.65055084228516,82400
28-06-2022,65.9828963584587,66.44098808888184,64.61761209199246,64.69844818115234,70300
29-06-2022,64.60861846516396,64.60861846516396,63.62956035103832,64.3211898803711,59600
30-06-2022,63.97089105397349,66.44098298577886,62.87506735504567,65.62360382080078,114300
01-07-2022,65.34515507006599,66.54876013525889,65.25533492163694,66.13558197021484,70100
05-07-2022,65.01281961272677,67.78830839624193,64.87809280276288,67.57273864746094,94900
06-07-2022,67.77034315822438,69.41407883863575,65.33618046317254,65.50684356689453,70800
07-07-2022,65.9379916602934,65.9379916602934,64.26731057303982,64.57270050048828,71500
08-07-2022,64.1325740379168,65.1206095011597,62.88405531432857,64.30323028564453,70800
11-07-2022,64.21340186731163,64.28526072702827,61.85109839004098,62.89302444458008,58300
12-07-2022,62.91099363092151,64.59963574528372,62.91099363092151,63.79124069213867,50700
13-07-2022,63.23435874644119,64.91401697842092,63.20741338378638,64.76132202148438,47900
14-07-2022,64.38406213411767,64.72538142360838,62.86607633987858,63.539737701416016,53600
15-07-2022,64.60861590614192,65.84815034405845,63.96189990276365,64.86011505126953,93800
18-07-2022,65.03078506205196,66.20744483925199,64.5637092973965,64.77030181884766,64900
19-07-2022,65.46192838996417,68.3901121774991,65.372108230816,67.4020767211914,70400
20-07-2022,67.4649529325429,68.76736239959872,66.85416624355337,68.4979019165039,75000
21-07-2022,69.23443167857289,73.3752044434092,68.68651983921097,72.32428741455078,167800
22-07-2022,72.18057517952333,73.41113249030911,72.06380966866969,72.60273742675781,95800
25-07-2022,72.60274173139352,73.30334854373106,71.70452646371182,73.05184936523438,88400
26-07-2022,73.58178616099832,74.65964849251088,72.79135926682618,73.64466094970703,125200
27-07-2022,73.56382538165803,74.59677422002484,72.27937738671595,73.84226989746094,79100
28-07-2022,73.84228796466678,74.57882432606404,72.69257333739691,74.15666198730469,76200
29-07-2022,73.8602595592354,75.0099742401895,73.11473909014046,74.97404479980469,76900
01-08-2022,75.24347753808875,75.8722322333813,73.72549864620808,74.78539276123047,67100
02-08-2022,74.58779669115725,76.1417052675013,73.88718987843903,75.98002624511719,74800
03-08-2022,76.10577281073124,77.16566696373853,75.29737780371929,76.8243408203125,49000
04-08-2022,76.92315579862392,78.18065855739334,76.61776589370896,77.9471206665039,64500
05-08-2022,77.1836294048846,77.87525206670674,75.94409494416895,76.65367889404297,90200
08-08-2022,76.56385886058803,77.95609510956038,76.37523449799579,77.06686401367188,70300
09-08-2022,77.0848304057368,77.58782873928759,74.92911249320174,75.5758285522461,72700
10-08-2022,74.16563556643906,75.90817540656403,70.56379036654192,72.88118743896484,159200
11-08-2022,73.89617235096172,74.42612296033651,72.85424612928182,72.97999572753906,72500
12-08-2022,73.34824633538885,74.55185124688025,72.23445470801919,74.42610168457031,67200
15-08-2022,74.33629870242711,76.86028145347723,74.33629870242711,76.72554779052734,87600
16-08-2022,76.26745298200824,77.4980033727663,75.71055711244932,76.60877227783203,61300
17-08-2022,76.51894672006199,77.34530296908899,75.13569464086252,75.71953582763672,77800
18-08-2022,75.37823425462624,77.11179023996078,75.03691487177079,76.59980773925781,67900
19-08-2022,76.34830437033149,76.34830437033149,74.62373255158894,75.14469909667969,71400
22-08-2022,74.91116291952885,74.91116291952885,73.66264410860664,74.21055603027344,53200
23-08-2022,73.9231125928436,74.56982177076378,73.28537377990733,73.99496459960938,63100
24-08-2022,73.82431600888151,74.39018916789756,72.93507794820647,72.98897552490234,43100
25-08-2022,72.90813562123274,74.61474609375,71.64165558799918,74.61474609375,73800
26-08-2022,74.68659114363919,74.68659114363919,73.07878520170998,73.1775894165039,54200
29-08-2022,72.48596954971069,72.76442094334807,71.72248794075897,71.98297119140625,67800
30-08-2022,72.48595395281215,72.48595395281215,70.65360122673327,71.02186584472656,43400
31-08-2022,71.35421811663682,72.20751982071229,70.51887770142223,70.5278549194336,64700
01-09-2022,70.24043725793379,71.13865260319044,69.39611949332324,70.99494171142578,56400
02-09-2022,71.62367566019115,72.14464210291352,69.51287138352251,70.16857147216797,49600
06-09-2022,70.16856889419707,70.95001167673277,68.52483355056914,69.1356201171875,68700
07-09-2022,69.18951551419846,70.58175181039681,68.6326264779896,70.39312744140625,72900
08-09-2022,70.24941828941856,70.86918904372727,69.27934411384985,70.33026123046875,70000
09-09-2022,71.7853627519924,73.55484793079702,70.85121804861396,73.44705963134766,126900
12-09-2022,73.6985620014839,76.26745809492238,73.6985620014839,75.07283020019531,88500
13-09-2022,73.94107669076747,75.66564826975697,70.04282592245755,70.31228637695312,105400
14-09-2022,70.18574164985688,71.06261253614636,69.5529517818605,70.67389678955078,73400
15-09-2022,70.32132755750516,71.33379804318142,68.79358345342467,69.33597564697266,67500
16-09-2022,69.05574166905498,71.35187530517578,68.7935839459701,71.35187530517578,169500
19-09-2022,70.70099889630002,72.36434271400942,70.70099889630002,71.94850158691406,64400
20-09-2022,71.31573023423205,72.55419831702203,71.17109550237862,72.15644073486328,59400
21-09-2022,72.671701425218,74.10000621672779,71.15299908041204,71.62307739257812,93700
22-09-2022,71.84003567389561,72.13835381849435,70.51117020876623,71.54171752929688,67800
23-09-2022,71.24340378779235,71.24340378779235,69.20039266995799,69.8964614868164,87900
26-09-2022,69.7698935399456,71.5145931420671,68.70318590398183,69.33597564697266,87800
27-09-2022,69.84222270019887,70.45693576565476,67.25681247462488,67.37432861328125,96300
28-09-2022,67.68168465039456,68.54951359277979,66.28049840880583,68.09751892089844,132000
29-09-2022,67.8444052048783,68.04327707355661,65.51211096719935,66.69633483886719,100700
30-09-2022,66.63305314644745,69.39925830832934,65.9460193197773,68.21503448486328,179500
03-10-2022,69.02863489810989,70.28517968084566,68.25120341998517,68.95631408691406,89700
04-10-2022,69.51679999006886,71.23438156919146,69.51679999006886,70.78238677978516,66700
05-10-2022,70.25804244845936,70.25804244845936,68.87494006176902,69.6162109375,90400
06-10-2022,69.02862007210109,70.1766833914614,68.45006750058069,69.47157287597656,67600
07-10-2022,69.17327564979905,69.33599404071917,66.81386932679655,67.13026428222656,82100
10-10-2022,67.4556737194044,68.53141613179024,66.30760362194921,67.970947265625,58500
11-10-2022,67.79920912018787,69.77894823350286,67.69976972839355,68.72127532958984,87400
12-10-2022,68.9744128069762,69.25464739046758,68.01617909151693,68.90209197998047,74700
13-10-2022,68.16983936410509,71.16204186917263,66.88616926109508,70.52021026611328,67900
14-10-2022,70.86372274499428,70.86372274499428,68.95630471453227,69.37213897705078,43500
17-10-2022,70.3484514797742,71.65923328855413,69.82413599750564,71.36995697021484,79500
18-10-2022,72.76209979438546,73.50337077475186,71.57787597007717,71.90331268310547,55200
19-10-2022,71.26147515605093,72.89769351274555,69.71565434614944,70.7371597290039,57500
20-10-2022,70.48404982181846,71.40611591239703,67.49184731858095,67.58224487304688,92500
21-10-2022,68.02519103595644,68.11558858154304,66.47032842306065,67.57319641113281,76600
24-10-2022,68.2963969204728,68.2963969204728,66.4070556266375,67.75399780273438,71100
25-10-2022,68.16984252936045,72.5813082256069,67.77208499472889,72.16547393798828,58300
26-10-2022,72.0931462509399,72.70785924719974,71.07164083082928,71.35187530517578,63700
27-10-2022,71.65019342767489,72.7892149732135,71.02643860733876,71.35187530517578,61400
28-10-2022,71.8581039596764,74.24463504148568,71.38803258163728,73.39488983154297,63100
31-10-2022,73.22314338423087,74.02769342028155,72.0841147782353,73.11466217041016,66600
01-11-2022,73.66609385465419,74.58816689965377,72.93386465183644,74.0548095703125,85800
02-11-2022,73.75647656806316,74.93166530355839,71.26147130628587,71.4603500366211,70300
03-11-2022,71.3337856952861,71.93041493584494,69.7789232852089,71.50553894042969,59900
04-11-2022,72.4276183354106,74.92262360121447,72.4276183354106,74.570068359375,68200
07-11-2022,74.12713146159699,76.91142049370126,73.72033898672302,75.60063171386719,96400
08-11-2022,76.07071200041078,76.69446001793374,75.23904337911881,75.98934936523438,109200
09-11-2022,75.29327680067205,75.56446947838424,70.25805619565132,71.93043518066406,122300
10-11-2022,72.31913924171761,77.4899588010029,71.20722944124434,74.66950988769531,228700
11-11-2022,75.51926862673388,80.02113157845079,75.30231312104529,78.65611267089844,116700
14-11-2022,78.936352696242,81.86527636783406,76.67637923735177,77.80636596679688,152000
15-11-2022,78.87307170892774,80.97032674955308,77.84252438963978,80.3556137084961,160900
16-11-2022,80.34657307672859,81.18728347040845,79.15330737894668,80.05729675292969,109800
17-11-2022,78.66516910434189,80.69011070066458,78.66516910434189,79.6414794921875,101100
18-11-2022,80.94320521332415,81.57599498382818,77.05604834625296,79.56913757324219,76800
21-11-2022,79.41547150386116,80.97033445550473,78.67420043353016,80.0121078491211,71200
22-11-2022,82.70598795793035,83.58285877607275,79.89458038295268,83.0947036743164,96900
23-11-2022,82.79638888364993,83.58286217348507,81.41328615423353,82.20880126953125,48100
25-11-2022,81.98280926473629,83.32975167715054,81.94664885741673,82.85968017578125,43200
28-11-2022,82.16358214064532,83.7003611023982,81.35903226224768,82.96813201904297,59200
29-11-2022,83.25741731108842,83.61901442853603,82.25398858619467,82.78734588623047,56000
30-11-2022,83.12181586021663,86.61121521424346,81.91047347252513,86.14114379882812,100000
01-12-2022,86.62929110580446,87.33440161423381,84.91171015890002,87.18072509765625,81800
02-12-2022,85.79762502891757,90.7334056213994,85.0925076040852,89.81133270263672,130900
05-12-2022,88.96159579192098,90.2814194234228,88.16608074501093,89.40454864501953,108600
06-12-2022,89.83846740693166,91.0950121675856,88.04857219108867,88.99775695800781,90800
07-12-2022,88.51863980864167,89.64862655118526,87.68697122138359,87.8768081665039,67100
08-12-2022,88.48246660852661,88.50055025605134,87.42480082572413,88.14799499511719,80500
09-12-2022,88.14800774154031,88.4553608249974,87.19881611906777,87.53329467773438,86800
12-12-2022,87.58753419132749,87.98529174240304,85.51739759569911,87.34346008300781,67100
13-12-2022,88.64520645034081,89.3774426210807,85.90611942176365,86.3761978149414,144000
14-12-2022,86.19443017086142,87.4666740897097,85.25842427432575,86.34891510009766,118500
15-12-2022,85.69463275949754,85.81276708113994,83.86805386940422,84.74044799804688,104700
16-12-2022,84.31332417917366,84.77678587361017,83.17739341165263,83.94074249267578,241700
19-12-2022,84.25879971513046,85.7127896763103,83.40457757967499,85.11302185058594,94700
20-12-2022,85.11301920892828,86.63970342090504,84.63137876604992,84.84039306640625,121000
21-12-2022,85.49471245015921,88.12098436757292,84.78589261544862,87.84835815429688,64900
22-12-2022,87.23949196631963,87.89378926537454,85.86728551597793,87.6666030883789,103400
23-12-2022,88.15733093181096,89.80215672549195,87.67569731928597,89.6567611694336,88000
27-12-2022,89.67492365601134,90.3837433841114,89.00245454642558,90.2201690673828,44300
28-12-2022,89.95663478740781,90.25652219862096,87.2485794978301,87.32127380371094,64000
29-12-2022,88.10279311453121,89.29325334856206,87.36671214934914,88.91157531738281,54300
30-12-2022,88.4117657500282,88.72073559583541,85.53104694127668,87.71202850341797,55300
03-01-2023,88.7752819035676,89.14786366704372,87.03048661495721,88.548095703125,86500
04-01-2023,88.85705632996776,89.70218918469826,87.7574760666168,87.8301773071289,112500
05-01-2023,88.27545438909374,96.21788065666256,88.08461884534664,95.51815032958984,217500
06-01-2023,96.94489634198712,100.79797238452105,92.82828347329595,100.61622619628906,209900
09-01-2023,100.83432937624713,101.4977161782132,99.30763772590448,100.47991943359376,154300
10-01-2023,99.6438744221596,102.3973702147912,99.6438744221596,101.37049102783205,116300
11-01-2023,101.78849068088724,102.37008670505097,100.91609664464164,101.13419342041016,103600
12-01-2023,101.38865142624344,102.63363422902322,100.34359357766486,101.87028503417967,83800
13-01-2023,101.6430859669915,102.14289828916031,100.9524381035868,101.3977279663086,163300
17-01-2023,101.76123539495455,101.77031785014567,100.47081264111284,100.57986450195312,107900
18-01-2023,100.86156445341692,101.2159743041505,98.45338979940752,99.95281982421876,124300
19-01-2023,99.707469785531,101.0705868381589,99.24400804634938,100.4889907836914,105500
20-01-2023,101.26142851055631,103.31519360186788,100.77979489884072,102.70632934570312,99400
23-01-2023,103.0516417869029,105.49616011182373,101.77939792619124,103.4060516357422,100700
24-01-2023,104.98727494238268,106.17772829052709,103.67868034503977,103.79682159423828,113800
25-01-2023,103.3424432056652,103.78772614502452,102.48822101193092,103.4878387451172,160100
26-01-2023,103.7695507740434,104.9054815533961,102.06110644466732,102.33373260498048,94200
27-01-2023,101.97022697827384,103.41513444430429,101.0523930247914,102.67904663085938,67400
30-01-2023,102.2973803491297,105.5961207835784,102.2973803491297,105.36893463134766,75700
31-01-2023,105.950542526145,107.5862857791918,105.1054166007714,107.43180084228516,121700
01-02-2023,107.45904872812382,110.25798375430578,106.71387843498924,109.05844116210938,126000
02-02-2023,109.46739240147178,112.13001481207128,108.94940816823028,109.83998107910156,143400
03-02-2023,109.56734866462592,110.4760933684656,106.85928639658798,107.66807556152344,162900
06-02-2023,106.87747329190486,108.22241167317604,105.4961773545658,105.94146728515624,87100
07-02-2023,105.5325090522054,106.62300674399286,104.05125783400358,106.44125366210938,83000
08-02-2023,105.87784903414703,105.95963273084348,102.96077932138408,103.0243911743164,146100
09-02-2023,103.63325048603868,104.40568212471072,101.62492545222251,104.16032409667967,98900
10-02-2023,103.70595214099936,104.8418830650821,103.4969378003724,103.55146026611328,73500
13-02-2023,104.26935978041558,108.17696457044666,104.1784867015438,108.05883026123048,97200
14-02-2023,108.02247832774712,109.49464021379092,106.56848135081636,106.7320556640625,94100
15-02-2023,106.80476091411786,107.1500883290462,105.7869713118154,106.97742462158205,68600
16-02-2023,105.732439760397,106.0414165499177,103.26065317691744,104.81460571289062,146700
17-02-2023,104.9872780992758,107.85891478908816,104.65104698463912,107.37728118896484,97100
21-02-2023,106.69571942556244,107.867993996937,105.84149718197698,107.01377868652344,127100
22-02-2023,107.46815312022856,109.10388946533205,105.81423799804864,109.10388946533205,151300
23-02-2023,109.52191658750397,109.97628897232848,108.15879943303042,109.367431640625,100700
24-02-2023,108.75855302677292,109.69455884704384,107.44995859593224,109.17657470703124,86200
27-02-2023,109.26746509018808,110.5397091069295,108.74948086811423,109.24020385742188,115300
28-02-2023,109.46738436847713,111.9391710310408,109.2947206590097,109.42195129394533,190500
01-03-2023,117.21898103114611,119.35452270507812,112.86608625748104,119.35452270507812,160300
02-03-2023,119.0637656800706,126.09744262695312,119.0637656800706,126.09744262695312,189000
03-03-2023,126.8244278850444,128.00579895248637,122.60785237434295,127.23336029052734,236800
06-03-2023,126.4699968117035,127.2060777918044,122.87137560535604,125.76117706298828,205100
07-03-2023,127.33328495551848,127.87853724510148,124.57979001244196,125.13412475585938,208000
08-03-2023,125.15232964747582,125.15232964747582,122.03532790542044,123.51658630371094,120500
09-03-2023,123.96185852806155,123.96185852806155,121.21744585797428,121.59003448486328,176000
10-03-2023,121.14475710202024,122.0535018272519,118.14589673548689,121.52642822265624,211300
13-03-2023,119.78162978297664,124.48893426809936,119.78162978297664,121.49007415771484,179200
14-03-2023,124.22453257387954,124.9275564055914,121.5402724268626,124.75408172607422,247800
15-03-2023,122.21594245398028,127.82184271284162,121.01989744048902,127.60271453857422,190300
16-03-2023,126.54361527486704,129.40133666992188,125.20148496653712,129.40133666992188,151100
17-03-2023,127.91311643670365,128.89915813656066,124.67191776484466,125.02799224853516,286300
20-03-2023,125.80402709922268,128.45177256794048,125.80402709922268,127.1279067993164,111100
21-03-2023,128.88092814863006,130.52435445893403,126.73534186413966,128.29660034179688,172300
22-03-2023,128.85355966557788,131.02652164681783,126.05974145292932,126.37928771972656,137800
23-03-2023,128.05008809585092,129.65698614682103,126.40666171902106,126.92708587646484,138300
24-03-2023,125.9410078118389,129.17306750599533,125.4479730201123,127.56616973876952,142100
27-03-2023,128.65266346719153,129.10003091511538,126.84488772050824,128.67091369628906,115500
28-03-2023,128.3148587078418,131.70214353804528,128.3148587078418,131.35519409179688,137300
29-03-2023,132.00344081863736,132.38690466381766,129.76656142268163,130.1956787109375,89300
30-03-2023,130.19565724217347,130.72519251381254,129.5017584573853,129.71176147460938,91700
31-03-2023,130.3234956884714,131.3734551871589,128.91744770443972,129.8669891357422,213800
03-04-2023,130.35088779238984,134.1033722944158,129.82133850796936,133.68338012695312,141000
04-04-2023,133.34556916092475,133.34556916092475,131.1817185898988,132.4690704345703,89500
05-04-2023,132.28645898305948,132.56949079679757,125.97753552477332,126.82664489746094,170500
06-04-2023,126.91796217375204,127.8218502731579,125.42062105638266,126.37928771972656,103700
10-04-2023,125.99577795899016,127.98613935848262,125.08276507522936,126.9361801147461,199000
11-04-2023,127.45662654922802,129.31004191452803,127.28315184178568,128.01356506347656,100300
12-04-2023,129.10006429643272,132.88907753478412,128.93572860322712,132.37779235839844,134100
13-04-2023,133.42772097833574,135.290261392436,133.42772097833574,133.5829315185547,124900
14-04-2023,133.2816593082463,135.87462731166104,132.66994215312877,134.24032592773438,117000
17-04-2023,134.27682648715802,137.6184434267305,134.11247690537468,136.8058624267578,159300
18-04-2023,136.6871753568872,138.27580897935337,135.8654553401031,136.42239379882812,109000
19-04-2023,136.53197607306285,138.42191992186673,135.42723799756195,138.3762664794922,140500
20-04-2023,139.55407080689238,147.1503332566657,139.55407080689238,143.88174438476562,275000
21-04-2023,144.70346141094723,146.3468739613447,142.83178163802202,143.6260986328125,171200
24-04-2023,144.51168312534168,144.94992542389238,141.90959074403688,142.9321746826172,102200
25-04-2023,142.56696032420675,142.93217384709035,139.80967136666044,140.54920959472656,106900
26-04-2023,139.80968632725754,142.0739546855425,138.5588490333062,139.3896942138672,87600
27-04-2023,139.55404806357296,144.37475577700664,138.7232028576262,140.85052490234375,110800
28-04-2023,140.81396570565752,142.03741349303462,138.43100164795857,138.58621215820312,106500
01-05-2023,139.115804878946,140.9692204012604,137.85585624455138,138.3762664794922,110600
02-05-2023,137.83758839413184,139.76404658641752,136.58676490908198,139.2618865966797,148100
03-05-2023,137.8649536837741,140.27530728363553,136.50455939037258,138.5771026611328,154900
04-05-2023,138.03845305203896,138.03845305203896,134.62377903691964,135.7924346923828,90700
05-05-2023,136.15763464704403,140.81399263942265,134.6146404310214,139.3805694580078,138900
08-05-2023,139.38055531729054,140.21140041569828,137.4906118911194,139.45359802246094,106500
09-05-2023,138.54973599818086,138.66843215760193,118.8925653430722,122.6541748046875,422700
10-05-2023,123.34806984228145,123.968912035288,120.63641994256012,123.47589111328124,215800
11-05-2023,123.4119660697676,124.936696114558,122.7180812021092,124.0876007080078,202500
12-05-2023,124.20628620493387,126.42491510744108,123.82282240493318,124.9914779663086,98300
15-05-2023,125.90448222934307,127.13705530398136,123.5945605437239,124.33409881591795,123500
16-05-2023,123.58544801014018,126.059719525607,122.00593932160967,124.09673309326172,104500
17-05-2023,124.28846670156835,125.77666844874187,122.19765908698814,123.07415771484376,125200
18-05-2023,122.95546494475276,123.8867421503018,121.43073483328456,121.61333465576172,147500
19-05-2023,122.54462396846296,123.22025870300055,121.3303148283821,122.55374908447266,82400
22-05-2023,123.08329231513848,123.08329231513848,120.7368559204684,121.48551940917967,85400
23-05-2023,121.4855101830381,122.19765922394951,119.18471347237724,120.12512969970705,101300
24-05-2023,119.659483861857,120.1616438078494,118.76473500538978,119.5499267578125,116000
25-05-2023,119.28514620065226,119.91512741723896,117.12130978843985,118.42692565917967,124800
26-05-2023,118.69168451256078,119.78729727561308,117.09391183643017,117.22173309326172,92100
30-05-2023,117.21260686356312,118.45430503159837,116.13524433925936,117.14868927001952,86700
31-05-2023,117.60519390259418,117.60519390259418,114.12661685004042,114.67442321777344,232900
01-06-2023,114.91181119748516,117.69650349953272,114.91181119748516,116.0439453125,149700
02-06-2023,117.0482614700476,120.71857755736924,116.4639337190065,120.3625030517578,86900
05-06-2023,119.26688241895388,119.31252191986133,115.61482376644224,117.44998168945312,108100
06-06-2023,117.44085807971872,123.50326340015354,117.44085807971872,123.3845672607422,124300
07-06-2023,123.43022863711914,124.99147305206242,121.85072006152063,122.82763671875,169600
08-06-2023,122.63591550772156,124.48019177707314,122.49895519586649,123.1380615234375,87600
09-06-2023,122.69069015061406,123.2202393570066,121.74114883864377,122.2159194946289,61600
12-06-2023,122.9828373392288,126.16925744021611,122.70893067737654,124.4345245361328,172900
13-06-2023,125.3475380703797,125.78579430408467,123.7862937736544,124.45278930664062,139000
14-06-2023,125.34711310747244,127.71353907460684,123.87039041465144,124.76009368896484,137900
15-06-2023,125.16367290909788,128.38310558351895,125.16367290909788,128.20883178710938,114800
16-06-2023,128.61239340088997,128.61239340088997,124.59497144837236,126.383544921875,337200
20-06-2023,126.62202500799462,127.17234774661166,125.25536431515324,125.69562530517578,93500
21-06-2023,125.78735058303626,128.41059617909207,125.64059225701982,127.54840850830078,76700
22-06-2023,127.84192330898952,127.84192330898952,125.03523684388036,125.42963409423828,81500
23-06-2023,124.74174021251169,125.54889712778768,122.68716533528467,122.90730285644533,223000
26-06-2023,123.30169752369984,123.99879266125716,122.61378352993948,123.39342498779295,98600
27-06-2023,123.75112649548704,124.7325570730704,122.20102488903532,122.5404052734375,68400
28-06-2023,122.66882017843098,123.57685763207948,120.5500334634126,121.49478149414062,148600
29-06-2023,121.50395045861876,123.60437491868412,121.36637326529508,122.21021270751952,179700
30-06-2023,123.17330404916838,124.28314493322544,122.50373825723943,124.03549194335938,203500
03-07-2023,123.96209856918004,125.78736877441403,123.8520368065727,125.78736877441406,60300
05-07-2023,125.46632407320872,125.46632407320872,123.15494331607309,123.95291900634766,198000
06-07-2023,122.7146736190644,122.99902314901392,119.08249570344924,119.99054718017578,96800
07-07-2023,119.81627522235928,121.19210318006904,119.4677276611328,119.4677276611328,108600
10-07-2023,119.797926413975,124.1363666364554,119.55945460743324,123.62272644042967,88800
11-07-2023,123.94373552134104,124.29226902063051,122.5679078253142,123.7327651977539,98000
12-07-2023,125.06276978044023,125.6956388989469,123.26501505032022,123.28336334228516,100900
13-07-2023,123.80616038202558,123.80616038202558,121.57732594383084,122.5312271118164,89200
14-07-2023,122.21022502396306,122.9623370826733,121.22879429386022,122.56793975830078,101300
17-07-2023,122.04509060379584,124.65916891062706,121.59566249883184,123.43009948730467,92200
18-07-2023,123.46680053191136,125.46633043044262,122.82475028906396,124.8426284790039,77900
19-07-2023,124.84263009985818,126.05335143128292,120.23818859169404,122.49455261230467,141500
20-07-2023,122.54040955651168,122.54040955651168,119.55944913088052,119.9446792602539,92800
21-07-2023,121.08204266250388,122.47621908719702,120.76102449603108,121.10955810546876,92600
24-07-2023,120.58671399537802,121.83413168086732,118.78895962677989,120.10975646972656,64600
25-07-2023,128.4106200489608,132.62983173454256,126.00751149522296,132.07032775878906,228400
26-07-2023,132.07947652328434,139.371361490545,129.9882192646506,138.22483825683594,248900
27-07-2023,138.34408887136445,139.68322024549917,136.26199864398734,136.9315643310547,199500
28-07-2023,138.4083020669069,139.4539308691638,135.84010079515127,137.87632751464844,132200
31-07-2023,138.14226609520352,138.35322241195342,136.2069346789961,137.17918395996094,110800
01-08-2023,136.55552968808018,137.8029477269824,134.9779123448907,136.19781494140625,73700
02-08-2023,134.84945723154516,138.3532243495039,134.84945723154516,136.38121032714844,61200
03-08-2023,136.16107425404635,138.05054199608097,135.67494960180028,135.72998046875,81200
04-08-2023,135.1796863367159,136.32620962564678,134.1890885356021,134.66604614257812,63100
07-08-2023,135.03294645823635,136.72980675610398,134.44592701387333,136.31704711914062,57800
08-08-2023,135.4089899471554,135.50988455562674,133.27186887364067,134.44590759277344,106700
09-08-2023,132.99671137836856,133.00587852692738,120.99032196530412,123.787841796875,201300
10-08-2023,124.53993135159313,129.36449579908515,124.0354583590692,125.50301361083984,138300
11-08-2023,124.99853038564326,125.8607179758045,122.64128622539252,123.12741088867188,93900
14-08-2023,123.28335446306176,125.86990361798448,122.84307946148957,125.81487274169922,62900
15-08-2023,125.677295869842,126.16342060578856,123.87037411711792,124.6500015258789,92500
16-08-2023,124.3289739245373,125.94327349090604,121.03616277710884,121.1829071044922,98600
17-08-2023,121.76076715023606,121.76076715023606,118.34871289462303,118.37622833251952,127400
18-08-2023,117.40397637463111,121.35718615231752,116.88116207225072,120.10060119628906,68700
21-08-2023,120.08226200866652,121.2929973247154,118.15611127265107,119.50440979003906,69200
22-08-2023,120.32989257603744,121.42138478790469,118.256969889418,120.7059555053711,57900
23-08-2023,121.43973266098344,124.9251660143806,121.1737454346624,124.2739486694336,80300
24-08-2023,123.72359455548536,125.59471401112664,121.91667311277692,122.32025146484376,63700
25-08-2023,122.72386048049388,124.98021056442798,122.4853746697889,123.85203552246094,57100
28-08-2023,124.49407905943649,125.29206877386024,123.63189131951049,124.1822280883789,49100
29-08-2023,124.12716442624384,128.27299540196125,124.12716442624384,127.18150329589844,62500
30-08-2023,127.11730697509884,128.66740846012334,126.72290974291283,127.65846252441406,43800
31-08-2023,127.75020304542028,129.38285100254802,127.24573002593812,128.16294860839844,79100
01-09-2023,128.9150618083472,130.47433044511797,128.7041054740351,129.0801544189453,55700
05-09-2023,128.07123015662037,128.08956445069074,123.55851658625286,126.27347564697266,108900
06-09-2023,126.78713517455422,126.78713517455422,122.7513785503526,123.36591339111328,206400
07-09-2023,123.63186336424776,123.63186336424776,120.89855642037794,121.12786102294922,156600
08-09-2023,121.2746331232232,122.10930533048548,118.65138761157311,119.02745056152344,99600
11-09-2023,120.48585353478836,121.38472397589952,118.63306777214734,120.00889587402344,126400
12-09-2023,119.52275592154444,121.5314669350957,118.88070568780886,121.19210052490234,154700
13-09-2023,121.2838128130483,122.46703265684168,119.12835747815234,120.67845916748048,111900
14-09-2023,121.98250298111512,123.40175528355051,121.33738829818996,123.29116821289062,77100
15-09-2023,123.457046145519,128.29542670523628,123.457046145519,127.6595230102539,304900
18-09-2023,127.19874053283048,129.3737086244184,124.65512543952288,128.8299560546875,109000
19-09-2023,129.09723045500166,129.09723045500166,126.36929881669874,128.42446899414062,100700
20-09-2023,129.53958194223296,135.5668300037211,129.53958194223296,133.46559143066406,180800
21-09-2023,132.66381531503217,133.91718713597692,130.79297551749323,132.36891174316406,114500
22-09-2023,133.12461785669214,133.12461785669214,124.84868483599632,125.24496459960938,182200
25-09-2023,124.70122288127342,126.4061820683898,123.40176841298128,125.10672760009766,126500
26-09-2023,124.56299088201894,124.76574324444849,120.5540403350544,121.91799926757812,114000
27-09-2023,123.01468608456965,124.41551657909302,120.56325029721044,121.76131439208984,83900
28-09-2023,122.26819493126985,124.90396124585678,121.15307114189385,124.86710357666016,140400
29-09-2023,125.89928639856112,125.89928639856112,123.18057979580688,123.80725860595705,117000
02-10-2023,123.06077757175574,126.24950759874956,121.89957106262024,125.67810821533205,159100
03-10-2023,125.62280664711656,126.26792133318204,118.05650786046724,119.71537017822266,151000
04-10-2023,121.0148411764481,121.80741477486664,117.97356973775156,121.3189697265625,88400
05-10-2023,120.53559625163297,122.314284753091,120.29598623165953,121.21758270263672,62000
06-10-2023,120.01028549418932,123.8717766975435,119.69694609014437,122.27740478515624,96800
09-10-2023,121.05169956364396,122.7566445619323,120.13931401392114,121.81661224365234,53300
10-10-2023,122.4893985364354,123.9547336484446,121.89035235271072,122.1944808959961,91800
11-10-2023,122.65527199273356,122.65527199273356,118.9412393080372,119.41126251220705,90800
12-10-2023,119.58635421856007,119.853625072811,111.2459102907664,111.9555435180664,189200
13-10-2023,112.37026511109838,114.77563261533255,112.24124215948014,112.90479278564452,131500
16-10-2023,114.10286137979529,115.78016674272868,113.60519842184054,114.6834716796875,81000
17-10-2023,114.4069965559319,117.68787806412952,114.4069965559319,116.17646026611328,157900
18-10-2023,115.67879375247554,118.8859527817208,115.26407812502872,117.5680694580078,116600
19-10-2023,118.40671213192384,119.18086386466872,117.29158123186626,117.48512268066406,77700
20-10-2023,118.09336653477231,118.09336653477231,113.92775374526028,114.41619873046876,102200
23-10-2023,114.56366263161632,117.63258077036694,113.23656840689937,115.0981903076172,75400
24-10-2023,118.99653016483398,121.7428977348164,118.13022724426544,120.20381927490234,159100
25-10-2023,118.88594364343771,120.61854949264264,116.62803512316395,117.14412689208984,128700
26-10-2023,117.48512933136212,117.798468778157,115.1627021265502,116.3515625,88800
27-10-2023,116.572740545318,116.76627496861173,113.30107715455787,114.25032043457033,66300
30-10-2023,115.37465496771529,117.81687979007307,113.78029011024496,116.75704956054688,76200
31-10-2023,117.346879238803,118.1302277943348,116.01056014965847,117.14412689208984,67600
01-11-2023,116.5266515632148,116.5266515632148,113.17204121539837,115.49446105957033,97800
02-11-2023,117.76159174102806,119.31909197148252,116.05663973670649,117.82610321044922,75400
03-11-2023,119.8075354458515,121.0885539161978,117.84453758863276,119.71537017822266,106200
06-11-2023,119.85362341020937,119.85362341020937,117.36530872923912,117.96434783935548,115200
07-11-2023,117.96435355392155,118.37906917189522,116.92295202644378,117.50355529785156,75600
08-11-2023,117.9643586800427,124.63672278036368,117.54964304404764,118.06573486328124,157100
09-11-2023,119.30065369576648,119.30065369576648,111.78964850156902,112.58222198486328,109400
10-11-2023,113.38401598932924,113.93697248171576,111.49474738774,113.04302978515624,86200
13-11-2023,111.78965775076234,115.99213552153368,111.51317598953864,115.35623168945312,148400
14-11-2023,117.83532236174864,121.9640705098312,114.56365216002642,120.92267608642578,147200
15-11-2023,120.68304721353068,122.23133649655364,117.96434061344424,119.49419403076172,161500
16-11-2023,118.48965184486536,120.71991336908263,116.22251859094006,116.96900939941406,87200
17-11-2023,117.93670495530904,119.43891174679317,116.07507609215992,116.8860855102539,114100
20-11-2023,116.80313639205322,116.80313639205322,113.0522389841082,115.0889663696289,117500
21-11-2023,115.0889637438372,115.62349137975758,113.48538786729912,113.9277572631836,106100
22-11-2023,116.02899050130088,117.41138512912124,113.43929978395262,113.95539855957033,161000
24-11-2023,113.6512694354169,115.23641639168616,113.37478769886847,114.07520294189452,101600
27-11-2023,114.35168741014972,116.90450644287652,113.35636157226564,115.19955444335938,158400
28-11-2023,114.88621778823274,115.31936221711074,112.8310545938887,112.98772430419922,171200
29-11-2023,114.25953550834588,115.09818465495944,111.75279193966789,113.4393081665039,130500
30-11-2023,113.76186835741292,115.9644833165996,112.53614338797782,115.34701538085938,129200
01-12-2023,115.41151871606375,118.17630084771746,114.47148646320132,117.62334442138672,260300
04-12-2023,117.1533567688996,122.53548431396484,117.1533567688996,122.53548431396484,138400
05-12-2023,122.53547296860611,123.18058768580094,120.69228002665172,121.21758270263672,109300
06-12-2023,121.36504254667489,123.23588227369731,121.36504254667489,121.41112518310548,112600
07-12-2023,122.16683518277324,122.69215196093644,121.2360277391657,122.2682113647461,197600
08-12-2023,122.13919772954702,122.80274841445588,120.36973392393946,121.43878936767578,83800
11-12-2023,121.91798474232088,123.77040255450828,121.3097417899452,122.82115936279295,79000
12-12-2023,123.56765050811674,124.7104351390456,121.9272099945331,124.50768280029295,70400
13-12-2023,125.1528097739033,128.36917261705466,123.84414440775032,127.81622314453124,167400
14-12-2023,129.70014491238842,133.26434440359654,128.86694496395165,131.5516815185547,150800
15-12-2023,131.99607764403467,134.2086638479473,129.13545629954007,130.68148803710938,236000
18-12-2023,130.67219658527517,131.3294983274159,128.9595336182448,130.8018035888672,143700
19-12-2023,131.4591135177768,134.96776955744824,130.9406854711229,132.39413452148438,179300
20-12-2023,132.60707277579462,132.69964114157983,128.46888683297183,128.81141662597656,125000
21-12-2023,130.1815374804919,131.86644261432514,129.1446814757352,131.25543212890625,126400
22-12-2023,132.04234658388987,133.56060613932664,130.98697121152654,132.43116760253906,92000
26-12-2023,133.1810510004201,133.856858019793,131.31099475900277,133.6717071533203,86000
27-12-2023,134.22715989009876,135.56952118976113,132.78294937946933,134.4863739013672,119000
28-12-2023,134.45865048390513,137.04153893009314,132.3941761211575,136.74530029296875,128300
29-12-2023,136.69893231456572,138.84670713819514,133.17175782273335,133.3198699951172,92800
02-01-2024,132.54226069805696,133.04218354680742,130.59815552542972,131.5794677734375,131100
03-01-2024,131.0240039859016,131.1165864787912,124.79358644449223,125.29349517822266,128900
04-01-2024,125.8674978194185,126.85806281876938,124.78433618885184,124.83062744140624,101000
05-01-2024,123.82152671370768,126.49699689410356,122.78467059915025,123.95113372802734,90800
08-01-2024,123.877064713555,127.80232773160805,123.6456226184692,127.60791015625,100700
09-01-2024,125.84892856525931,128.10780518312572,125.46010762505136,128.05226135253906,97000
10-01-2024,127.6449400074619,129.2002239987508,126.58956469162916,128.07078552246094,91900
11-01-2024,127.64496816037332,130.59817200171997,127.29317160213694,129.8390350341797,137200
12-01-2024,131.46836128604718,131.93124547156737,128.35777899430732,129.19097900390625,79200
16-01-2024,128.34852536762693,129.15393932362548,126.59882372542393,127.28389739990234,109400
17-01-2024,125.60828211651516,127.94122304131666,125.60828211651516,126.28410339355467,98000
18-01-2024,127.30240083617804,127.30240083617804,123.377152069398,125.5619659423828,122500
19-01-2024,126.47847219084323,126.55253535674797,124.07148286640997,126.14519500732422,61200
22-01-2024,127.209843215031,128.6725590279362,126.02486075603782,127.63568878173828,117900
23-01-2024,129.25576133998328,129.92231562448663,126.9876319036523,129.32057189941406,113200
24-01-2024,132.97736456295925,132.97736456295925,126.69140371342728,126.99689483642578,191200
25-01-2024,128.4225806292804,129.20948934037852,124.03443377033813,124.29364776611328,153900
26-01-2024,125.47866528084644,127.94121305786332,124.95098454354698,126.83954620361328,134400
29-01-2024,127.26537250272004,128.68179690693103,124.4880675335057,128.57070922851562,114600
30-01-2024,128.39482983268925,129.39466146349366,126.2840788763596,129.11692810058594,101800
31-01-2024,128.7744168409971,130.07973982031476,128.2744938905285,128.82069396972656,182100
01-02-2024,129.85751932094033,132.87551879882812,129.38536846205196,132.87551879882812,165500
02-02-2024,131.43132189192792,134.11604421365936,130.58886937936086,133.58836364746094,120400
05-02-2024,132.76444719696516,134.67152780577806,130.57036652349302,134.03274536132812,113700
06-02-2024,134.2178995153465,136.68969946365888,133.51432061234792,135.60655212402344,131800
07-02-2024,136.1805405666894,137.0692703414519,132.73668090574822,136.55084228515625,169600
08-02-2024,137.54143228848923,140.36501490157931,136.93967429017508,139.55960083007812,148400
09-02-2024,140.27243703982066,141.82772122802018,139.37444052897737,140.8927001953125,121600
12-02-2024,141.15191340700042,145.11420115042932,141.15191340700042,143.60519409179688,133000
13-02-2024,139.58737397834778,140.33724420681537,134.57896297873992,134.97705078125,190900
14-02-2024,136.49531869133375,136.49531869133375,133.0977497726417,136.04168701171875,107500
15-02-2024,137.02299026184386,140.2076361541708,137.02299026184386,139.71697998046875,104000
16-02-2024,139.3096155588332,141.5222013217981,138.27275954053783,140.70753479003906,105100
20-02-2024,139.5503204810312,141.9388044218896,138.235731172702,141.3185272216797,133000
21-02-2024,141.41112732798777,143.06824659804715,139.61513431811343,140.92047119140625,85200
22-02-2024,140.6057144945516,142.98493202805037,138.5597600367491,139.18002319335938,274100
23-02-2024,139.46700797941952,142.02213788052123,138.82823963024927,140.92047119140625,76800
26-02-2024,140.98527660404437,142.83681357718157,140.37428013874973,141.14266967773438,56700
27-02-2024,142.92937449525132,142.92937449525132,141.01304136297827,142.17950439453125,126200
28-02-2024,138.8652521557927,138.8652521557927,127.75603198332928,134.38453674316406,233100
29-02-2024,136.93963917837095,141.02228059089185,134.03272741010787,135.82872009277344,156900
01-03-2024,135.82872609273252,135.82872609273252,133.85683509357338,134.7918701171875,79800
04-03-2024,134.68078985807952,134.68078985807952,129.5242669483576,130.01492309570312,170900
05-03-2024,129.5705412008695,131.28320412934394,127.70048522590862,128.35777282714844,108400
06-03-2024,129.50574514325123,131.04252412773886,127.38574165345482,129.59832763671875,122000
07-03-2024,130.69999613016796,131.23694358028172,129.09842050596586,129.38540649414062,93700
08-03-2024,130.72776474729508,132.4311752490951,128.61699975458896,128.6262664794922,90700
11-03-2024,128.1448816541182,129.4409661064401,127.09875866689023,128.48741149902344,109900
12-03-2024,128.72809571240205,128.82993079896792,125.0805660449942,126.7006607055664,160600
13-03-2024,126.58957879213686,128.10783843536422,126.07113661118908,126.75621032714844,167100
14-03-2024,126.7562270168244,127.20303944412252,123.46096228414542,124.75486755371094,216200
15-03-2024,123.3213218550908,126.41180875873832,123.3213218550908,125.96499633789062,840400
18-03-2024,125.6484974869268,126.47696903540228,124.0287970460374,124.1125717163086,99800
19-03-2024,124.1125813247024,127.38923932012251,123.1724101430803,127.30545043945312,206800
20-03-2024,127.5288494161492,129.83739687374057,126.36526502366608,129.2788848876953,172700
21-03-2024,130.31214136666924,131.30816216687057,129.08338949661496,130.6007080078125,126900
22-03-2024,131.19647803550214,131.57813714944157,128.54349977039686,129.2044219970703,194500
25-03-2024,130.04217615108152,131.27092796730645,125.96498649703884,126.1139144897461,82000
26-03-2024,127.10993539507888,127.10993539507888,125.49022114476624,125.50884246826172,141100
27-03-2024,126.97029945695054,129.59535217285156,126.5514119948559,129.59535217285156,129600
28-03-2024,130.0142478896271,131.95045378365532,129.76290971484934,130.79617309570312,81900
01-04-2024,131.01027553741406,131.01027553741406,127.26818482517326,128.74826049804688,178500
02-04-2024,127.51021056976822,127.5288318945846,124.59660530995887,125.76949310302734,113600
03-04-2024,124.7548465076369,126.4210928182042,120.64971807586872,121.08722686767578,244300
04-04-2024,122.5673028079222,123.78673676914836,121.36649017087213,122.19496154785156,118900
05-04-2024,122.07393922050927,122.94895676994824,121.26408920104932,122.13910675048828,110200
08-04-2024,122.65108717603331,124.13117718123704,122.40906675820789,123.20030975341795,85100
09-04-2024,123.91706653193675,123.97291630456836,122.28804854527,123.3213119506836,102600
10-04-2024,120.7334853632003,120.9848235100329,119.43027683130484,120.1935806274414,99300
11-04-2024,121.29203443340226,121.30133799471383,119.0672617436434,119.78401947021484,128900
12-04-2024,118.5645767893315,119.18824910668825,116.3770328377934,117.64301300048828,102400
15-04-2024,117.9874369649752,118.26670001159115,115.75335389791026,116.2932586669922,127100
16-04-2024,115.60443987724102,117.25207226699662,115.44618700094983,116.44221496582033,102500
17-04-2024,117.51269141604978,117.94088954168376,114.93419200026696,115.09243774414062,89600
18-04-2024,115.1389852352858,117.2892865493994,114.8504115263512,115.35308074951172,137400
19-04-2024,114.58977681348532,119.48614138131931,114.4966914928252,119.03932189941406,191600
22-04-2024,119.0951763037507,122.21357354195132,119.0951763037507,120.56594848632812,170400
23-04-2024,120.86383009091745,123.37716944398632,120.86383009091745,122.04603576660156,124400
24-04-2024,120.85450257771076,122.00878313656789,120.1284272241433,121.4968032836914,139100
25-04-2024,119.51405424517306,119.91433457746064,108.67875924492722,109.85165405273438,292600
26-04-2024,110.31708820300436,111.8530207030834,109.27451424675492,111.29449462890624,201000
29-04-2024,112.16953111706732,112.95145638977476,108.56707141992318,109.64688110351562,132800
30-04-2024,108.60429534855102,109.81442578142098,107.58965331489216,108.33434295654295,145400
01-05-2024,108.88354775050156,109.29313162960916,106.93803142669432,107.64549255371094,136900
02-05-2024,108.9300956119656,110.54980993578188,107.21730307426417,110.36363220214844,161900
03-05-2024,111.70408172285065,112.29983625721616,109.72133682897358,110.8756103515625,134200
06-05-2024,111.91817456809788,112.56977881381952,110.92214687709271,111.5085906982422,151300
07-05-2024,112.16951689474288,115.14828960635266,111.50860192129056,114.74801635742188,176900
08-05-2024,110.34501908119375,111.3782824318214,106.779795343513,110.28916931152344,340000
09-05-2024,109.33969093641336,113.95679268312048,109.33969093641336,112.25330352783205,210200
10-05-2024,111.62961443293256,113.88231178660652,110.75460392562756,113.58443450927734,134900
13-05-2024,113.96608162439983,115.1855154912488,111.29448996823784,111.69476318359376,143900
14-05-2024,113.28655385050652,114.12433588734896,111.52721512411448,113.95677947998048,131100
15-05-2024,114.71080106912514,116.1350271571467,114.35706688645746,115.79060363769533,97900
16-05-2024,116.26534840229642,117.02865944347973,115.539272912141,116.65631103515624,109000
17-05-2024,116.74007516140192,117.13103773518854,114.88764406292675,115.89298248291016,96500
20-05-2024,115.65096564346835,115.65096564346835,110.4567308655946,110.75460815429688,177100
21-05-2024,110.99661893411096,112.97006023918776,110.5870421364189,112.66287231445312,86900
22-05-2024,112.40223555070882,113.23070694644588,109.65617963476522,110.09368133544922,70200
23-05-2024,110.0099115420041,112.43947606669448,109.44208184990684,109.8144302368164,124800
24-05-2024,110.87561690971914,111.93680518069786,109.4606944804444,110.66151428222656,85400
28-05-2024,111.06177624490373,112.75595446138632,110.08436983267566,112.50462341308594,114800
29-05-2024,111.42481548569316,111.6947678610244,110.25192777461088,111.29449462890624,127500
30-05-2024,111.47136096753016,112.3184536330898,110.28916260237936,110.95938110351562,77400
31-05-2024,111.36897722545174,112.04851356486662,110.16815740503132,111.49929809570312,97000
03-06-2024,111.97403504246562,114.33843897760966,111.97403504246562,112.89559173583984,184000
04-06-2024,112.69081023834528,112.932837761775,110.35433807269672,112.59772491455078,120800
05-06-2024,112.69080601794964,112.69080601794964,110.95939207278624,112.22537231445312,106400
06-06-2024,111.84370535765817,112.6628660091512,109.86095350165972,111.69476318359376,78600
07-06-2024,110.5870504209606,111.51791782483416,108.29711035771152,108.44605255126952,131700
10-06-2024,107.3662514157612,108.12025890165404,105.85825064788604,106.85427856445312,126800
11-06-2024,106.34227490938098,107.67341538922274,104.4433048268264,107.04973602294922,165800
12-06-2024,109.8795931923251,109.96336785277514,105.89548169550008,106.31436920166016,123400
13-06-2024,106.1002592188354,107.01250520640248,105.04837461229172,105.70928955078124,131200
14-06-2024,104.98776259335776,105.38132442565478,102.2140774932347,102.72945404052734,172100
17-06-2024,102.72946861780378,105.84986747916466,101.56752093173571,104.91281127929688,145000
18-06-2024,104.6035765100838,105.67181995996783,103.36666266552484,104.228759765625,142000
20-06-2024,104.14441476106192,105.6249651202508,103.76022547623256,105.16580963134766,107600
21-06-2024,105.31574282409004,105.86860968431996,103.85393748038258,105.42819213867188,252800
24-06-2024,104.95026780840612,108.55793183448615,104.95026780840612,107.29290771484376,143700
25-06-2024,107.33041242433907,111.92198899539513,106.60887518432556,111.77205657958984,201100
26-06-2024,111.16297261793648,112.04380771929466,108.67040688418838,109.2232666015625,281000
27-06-2024,109.64494123109093,111.73457242524243,108.9421491242454,111.09737396240234,224600
28-06-2024,111.5565371011384,111.5565371011384,107.1711140495262,108.72662353515624,417200
01-07-2024,110.58200060723854,112.37177417410685,107.38663563640532,107.9863510131836,171500
02-07-2024,108.27684306595296,109.1576710023868,106.82440314596651,107.66775512695312,81400
03-07-2024,108.1643773340133,108.1643773340133,106.70257222163552,107.08676147460938,43700
05-07-2024,106.91810192075336,107.62089401113847,105.65307758789434,106.683837890625,69400
08-07-2024,107.40536616219195,108.9515029129396,107.18046756459536,108.17375183105467,112700
09-07-2024,108.1362878365423,108.75474121627316,107.41475055282284,108.14566040039062,164600
10-07-2024,109.02648102595184,109.60745840947368,108.08942488108045,108.5017318725586,123100
11-07-2024,108.857800072049,114.92055388499938,108.857800072049,114.20838928222656,211100
12-07-2024,117.36628469980631,121.93912336178332,117.36628469980631,121.28317260742188,256700
15-07-2024,121.81729167959642,122.72623723061147,116.86026410642624,117.15074920654295,218000
16-07-2024,118.40640370149823,120.94583190224203,118.23773332560329,119.08108520507812,176600
17-07-2024,118.61257480883246,120.73969637376187,117.59117983931672,118.07845306396484,153400
18-07-2024,118.1346632872991,120.42107533011276,115.79202301655138,116.0543975830078,102400
19-07-2024,116.2324370883764,117.16949316891876,115.02363388657626,116.13873291015624,118100
22-07-2024,116.78529335429258,119.31534898781776,115.76390568775172,119.00611877441406,178900
23-07-2024,135.35775754945018,135.40461321645995,125.03139480788404,129.6417236328125,344500
24-07-2024,128.48909834777038,129.32307751330535,126.0902375704265,126.77428436279295,149300
25-07-2024,128.17991926885048,132.62157108015495,127.2428630106436,127.47712707519533,165900
26-07-2024,129.22003196427784,130.5787747636562,127.75822671911592,129.2949981689453,124300
29-07-2024,129.0513634175106,129.0513634175106,126.23082978736711,127.89878845214844,105600
30-07-2024,127.52395509264343,131.8344186649559,127.1397586784938,131.25344848632812,152900
31-07-2024,132.227999580351,134.50503925949255,129.91346964652686,131.82505798339844,160000
01-08-2024,132.38728593283403,133.061967475167,126.36202201529623,128.73277282714844,125200
02-08-2024,125.56550797760175,127.3833989629224,123.2978341015683,126.59627532958984,170200
05-08-2024,121.81729591876292,121.92973807798782,118.36892910217266,119.86821746826172,181400
06-08-2024,119.943171902652,122.71686404417058,118.73436876542016,122.07965850830078,139600
07-08-2024,127.52398657164808,131.23473575668743,122.6512967425308,124.3473663330078,217900
08-08-2024,125.3406382046096,126.03406497342844,122.71689215684876,125.77169036865234,90500
09-08-2024,124.7596641168929,124.7596641168929,121.62052007167637,122.71688842773438,85400
12-08-2024,123.194780078961,123.54148629839491,117.91914908374092,118.75313568115234,87400
13-08-2024,120.12123419958267,120.63661795909924,118.65942169494096,119.68081665039062,164600
14-08-2024,119.49340300789886,119.49340300789886,115.67958457488136,115.74517822265624,134800
15-08-2024,118.82807420698352,121.57365584076044,117.48808378311396,120.13996124267578,134700
16-08-2024,119.79325436483715,121.63925611773914,118.86557078135414,119.42780303955078,129400
19-08-2024,119.97129917850276,120.26178430074953,117.72236296171478,117.75048065185548,95900
20-08-2024,117.20698400919676,117.6286564136156,115.7451715655915,116.2324447631836,128400
21-08-2024,117.42250809456874,118.15341077400512,116.52293501609542,117.29132080078124,153800
22-08-2024,116.94460736671417,118.05969929504866,114.18966006895772,114.8268585205078,97500
23-08-2024,115.3235014766989,118.11593198280175,114.61133679239562,117.75048065185548,159300
26-08-2024,118.50949632950255,118.50949632950255,116.35426425399662,117.08516693115234,86200
27-08-2024,116.72908359907666,117.08516236017734,115.83888312173944,116.30741119384766,79600
28-08-2024,116.23244160208893,116.92586112685044,115.04237633005022,116.72908020019533,81100
29-08-2024,117.13200928286356,119.4184283917996,116.83215162506625,118.1159210205078,121400
30-08-2024,118.97801062388174,121.8172893786082,118.13465872911884,120.73030090332033,178900
03-09-2024,119.9244347651662,119.9244347651662,117.26319190242292,117.63801574707033,89100
04-09-2024,117.10390639118177,118.26585399737314,115.00490264953932,115.78265380859376,78100
05-09-2024,116.29804352179671,116.81342728245971,114.20840508667465,114.6394500732422,94300
06-09-2024,114.43328729453523,115.360970781415,111.01303128534444,111.18170166015624,118400
09-09-2024,111.6783500050602,111.97820768108456,109.3169717000148,110.01039123535156,155500
10-09-2024,109.81361430804272,110.85374722354278,105.63434466837032,107.64900970458984,214300
11-09-2024,107.2460686534092,108.71724645635048,104.43490033065488,108.1362762451172,164800
12-09-2024,108.73599223444484,108.93277316031782,106.31838574656967,108.51110076904295,82400
13-09-2024,110.00129008234887,111.83103179840074,109.43539273385323,110.8595733642578,105700
16-09-2024,111.35001365996956,112.70817302670504,111.06706858908302,112.35919952392578,83900
17-09-2024,112.83080209734167,114.3398715294665,110.95390616575126,111.15196990966795,142700
18-09-2024,111.6235597496106,115.61315027383,111.6235597496106,112.1234359741211,113600
19-09-2024,114.72655605854898,114.72655605854898,111.48206711645904,112.46295928955078,146800
20-09-2024,112.46295455726884,114.19838131226092,111.54808366529628,112.69874572753906,466600
23-09-2024,112.69874468196312,114.1229253519994,112.54784207619343,113.99088287353516,127100
24-09-2024,114.24554684175388,116.99959345924454,114.24554684175388,116.4997100830078,224300
25-09-2024,116.58460081461725,116.92414071627256,114.12294012550416,116.00926971435548,224600
26-09-2024,117.87671615087493,120.7910985382438,117.41456031091138,119.95167541503906,146800
27-09-2024,120.9325792095338,122.96037756167289,120.78166940328173,120.95144653320312,146800
30-09-2024,120.64962938812282,122.8660722391814,120.43270553191864,122.12096405029295,171900
01-10-2024,121.90403774453333,124.18649459659372,118.77273122144092,123.696044921875,257100
02-10-2024,123.32820827709502,124.30910760277814,118.10308228636109,118.62181854248048,177000
03-10-2024,117.75410619862316,118.97078947182972,114.61336615819054,115.35846710205078,104900
04-10-2024,117.01843696692362,117.4994529496614,115.90550240037406,116.93355560302734,111900
07-10-2024,116.83925214297058,117.29197441043648,115.49995986187248,116.00926971435548,89900
08-10-2024,116.27334893766871,116.84868000939086,112.42523504031348,114.60395050048828,126900
09-10-2024,114.34930133938056,116.52801697770988,113.47215776452045,115.99983978271484,113700
10-10-2024,114.9812182208737,116.11301304349251,114.18895608841972,115.38677215576172,86400
11-10-2024,115.3018804832241,117.2353709279196,115.3018804832241,117.07502746582033,101900
14-10-2024,116.43367957554638,117.0184442812252,114.51905638194272,114.99063873291016,137000
15-10-2024,114.1795265833684,114.1795265833684,111.47264825538524,111.52923583984376,136800
16-10-2024,112.10455616537584,112.9722659573409,111.11423035782788,111.36888885498048,109400
17-10-2024,111.69898663533382,113.77394592847114,110.14276356759332,113.55702209472656,135100
18-10-2024,113.72679128960512,114.0851912537272,112.20829567997548,113.76451873779295,114800
21-10-2024,114.00974892916432,114.52849240423014,112.45353289551846,112.5195541381836,102900
22-10-2024,114.10407154145476,115.22643267053438,113.07601824989857,113.39669799804688,145000
23-10-2024,112.66102706478216,115.443367408469,112.66102706478216,114.35872650146484,118700
24-10-2024,114.6510972634996,114.6510972634996,112.50068292444185,114.4153060913086,96100
25-10-2024,114.59450440968985,115.3773327923141,113.49100350161962,114.78313446044922,73700
28-10-2024,115.0849712455529,118.21627824379644,115.0849712455529,117.33914184570312,130700
29-10-2024,116.82038451487104,118.09365546646296,115.37734362334852,117.89559173583984,110300
30-10-2024,117.4711587100438,119.08396937984875,116.7071904590387,117.02787017822266,112000
31-10-2024,116.56572924360106,116.56572924360106,114.18895721435548,114.18895721435548,178200
01-11-2024,114.7359847075277,116.37708923514352,113.90599518421936,114.77371215820312,232700
04-11-2024,115.0755391534848,117.76355739177566,114.85860808354931,116.8675537109375,135300
05-11-2024,116.8392354474807,119.38578434601216,116.56571683268795,119.26316833496094,143600
06-11-2024,124.42227808818316,125.06363752959948,120.26292575065864,120.78166198730467,199900
07-11-2024,123.20561023092648,129.90207101299006,117.69752460246862,118.72557067871094,301000
08-11-2024,117.28253242011436,121.71541095662744,117.28253242011436,120.94200897216795,206500
11-11-2024,120.87600461828458,122.89437672124004,120.70623466589691,121.47962951660156,216100
12-11-2024,120.35724849622818,122.27187169471011,118.44262529774625,118.83875274658205,269500
13-11-2024,118.9425082856951,122.89437092697668,118.9425082856951,120.9137191772461,186100
14-11-2024,121.61165720305164,124.26194767433036,120.11202160696234,123.29048919677734,142300
15-11-2024,123.9412785776478,123.9412785776478,116.44311478043792,117.56548309326172,168300
18-11-2024,117.65035210942044,119.28203006019292,117.0844547793391,117.80126190185548,83800
19-11-2024,116.895835627135,118.03706405461035,115.57540360338828,117.9427490234375,107400
20-11-2024,117.82957788453942,120.04601370906992,117.3768556177301,119.89511108398438,94300
21-11-2024,120.7533817107883,123.67719819046263,119.30090713326211,123.2339096069336,108500
22-11-2024,123.46025886561642,126.62929297168888,123.44140593270988,126.45010375976562,169100
25-11-2024,127.32723878544051,131.34511536171138,126.70474660851708,130.52456665039062,202400
26-11-2024,130.03410867068308,130.03410867068308,128.28926266312016,129.66627502441406,152300
27-11-2024,130.20388741096514,131.43000437759443,129.03435802268706,130.24160766601562,124100
29-11-2024,130.45856707508062,130.99616354820563,129.1947152567601,129.83607482910156,82600
02-12-2024,129.77003007130634,132.68440559540733,128.69482286865008,131.9676055908203,137600
03-12-2024,131.6186568209447,131.6186568209447,126.55385182385396,129.45880126953125,163700
04-12-2024,129.8926669061902,134.58019745630688,129.8926669061902,131.56207275390625,187700
05-12-2024,131.5620555971749,132.73157067159212,128.85516298996797,129.08152770996094,105500
06-12-2024,130.31707308859944,132.09022744169448,128.6099471766121,128.7042694091797,99400
09-12-2024,129.421081137676,132.56182179743132,128.66654638362505,129.57199096679688,117300
10-12-2024,129.57199006893808,131.2508223295026,127.60076461964546,130.5623016357422,122400
11-12-2024,131.94874080255812,132.25998689240728,129.28902373079055,130.29820251464844,200500
12-12-2024,130.2981856041803,131.73179984639782,128.12891850627406,129.7228546142578,99800
13-12-2024,129.43048624093603,129.77002610463572,127.2234843226636,129.06265258789062,139500
16-12-2024,128.76866909249924,133.7191228846203,127.17542691478256,129.15750122070312,109100
17-12-2024,128.9583336940847,129.44200784917507,125.84770573124608,126.52104949951172,159100
18-12-2024,127.44096450478116,128.63589611206848,121.28608632620518,122.27237701416016,131200
19-12-2024,122.95520626689289,124.70968287901204,120.84036170413282,123.5906219482422,109600
20-12-2024,122.40516850473333,124.48207045638574,120.43256531228,121.17228698730467,353700
23-12-2024,121.14382489476318,123.04055714852409,119.96785740932,121.99735260009766,75500
24-12-2024,121.90250837636756,125.05107879638672,120.74551221368256,125.05107879638672,50700
26-12-2024,124.02685481629146,126.33138336894883,123.57164483794918,125.99945068359376,74100
27-12-2024,125.18383662733488,126.11322772621166,122.55686873111692,124.29237365722656,71900
30-12-2024,123.3250526128274,124.65276878974716,120.92570389104483,123.85614776611328,125600
31-12-2024,124.42517950411498,128.63591207744437,123.91307002910791,124.71916961669922,90100
02-01-2025,125.50629159570056,126.79606519322516,121.6274923875002,122.05425262451172,68600
03-01-2025,122.42413459134796,124.13119030538206,121.39042274566228,123.34404754638672,105400
06-01-2025,123.53369066956306,126.80555278197278,123.53369066956306,123.656982421875,174300
07-01-2025,124.12168358164593,126.64431673117394,122.60429785502492,124.34928131103516,121000
08-01-2025,123.8182048099498,125.30714087044562,121.94992954047912,124.87088775634766,115000
10-01-2025,122.92674395063878,124.47257947305668,121.32401622837452,122.20599365234376,118800
13-01-2025,121.60852064019676,122.72759592716544,120.6411940633104,122.20599365234376,112000
14-01-2025,122.68016917229464,124.68121455425378,121.6369646714201,124.40618133544922,106000
15-01-2025,126.61587842973272,127.23232276774894,125.07005731844124,126.06582641601562,69700
16-01-2025,127.2892352362277,131.1964846988577,126.75815447092252,130.73179626464844,117800
17-01-2025,131.4430255995577,132.53363649795864,129.06262687409316,131.43353271484375,127200
21-01-2025,132.0310287297729,136.22278925349556,130.76970486519218,135.88137817382812,132800
22-01-2025,135.55895240120606,137.16168751103942,132.19226227599327,137.01942443847656,138400
23-01-2025,134.47779575511206,136.4124487492607,133.0173095061129,134.48727416992188,125000
24-01-2025,133.8139650081475,134.79077730190568,132.52419132839916,133.63377380371094,116800
27-01-2025,133.53892414498137,136.8866426833916,133.53892414498137,136.05209350585938,122500
28-01-2025,135.43566457965576,136.50731897989604,133.8803504486816,134.02261352539062,89800
29-01-2025,134.4872629071106,135.5778882951192,131.91720903524217,132.79917907714844,95000
30-01-2025,134.43987553573612,137.01942293795295,134.1648567518435,135.890869140625,97600
31-01-2025,134.97097242092303,135.34083325675408,132.5810946127798,133.73809814453125,91300
03-02-2025,131.09216027125171,132.65696726913723,129.9256783061844,131.87930297851562,86600
04-02-2025,131.34819221555952,132.2681048999367,129.9635767463246,130.68434143066406,112600
05-02-2025,131.14903934936711,131.8413543701172,129.24283599795316,131.8413543701172,94900
06-02-2025,132.56212073356815,133.59583247633864,130.27656343484966,131.71807861328125,113500
07-02-2025,130.98784518545474,130.98784518545474,127.56425542448692,128.81610107421875,114800
10-02-2025,129.67911843151046,130.35244783248842,128.00999084873797,128.3229522705078,129100
11-02-2025,128.03841452901946,132.4767585058076,127.70649634013166,131.47149658203125,152500
12-02-2025,129.309230286426,130.91195072644012,128.63588655662332,128.9678192138672,136900
13-02-2025,130.04896788997598,133.16907447490726,130.02051816966238,132.7233428955078,105600
14-02-2025,132.7517805541818,133.86136295819145,125.67700430895172,125.90460205078124,217600
18-02-2025,125.5631957458179,130.98783068577868,125.5631957458179,127.85824584960938,119700
19-02-2025,126.48310490082726,128.6264134614317,125.38301537340402,127.18489837646484,120600
20-02-2025,126.4831005916914,128.1901559669337,126.0658187809807,127.62114715576172,114400
21-02-2025,127.4599396018504,128.854033912225,127.203892094867,127.33666229248048,169500
24-02-2025,129.2143997388636,131.49995699807772,127.41251665011691,130.7128143310547,145600
25-02-2025,131.4715139999202,132.77076615230524,129.2428560654462,131.87930297851562,192600
26-02-2025,132.33451144123325,138.51783967331664,130.09637511617638,137.07632446289062,310300
27-02-2025,135.98569047771352,140.4998905086603,132.66642191855377,133.04576110839844,364800
28-02-2025,133.1690493682485,135.8623951698285,130.67485157131782,131.7465057373047,414200
03-03-2025,135.61584991001212,138.46093767036203,127.92462875236497,128.0763702392578,221600
04-03-2025,126.6822662576683,128.13325974528578,125.4114639629082,125.90460205078124,171900
05-03-2025,125.847704716489,128.00997012515228,124.64328025269884,126.22705841064452,239200
06-03-2025,124.71913596094824,126.66328180546238,124.21650503877277,124.88035583496094,308500
07-03-2025,124.9088353841106,129.2523230437793,124.89934249744329,127.89617156982422,289700
10-03-2025,127.98152057559062,128.85401236700235,120.271335808659,120.58429718017578,374800
11-03-2025,120.31875161726174,124.43464858307765,120.19545986298162,122.21546936035156,285800
12-03-2025,125.18385473150283,125.18385473150283,120.45152770355864,122.25341796875,221400
13-03-2025,122.12065080702098,125.43042687746544,117.8150839197545,118.2418441772461,203600
14-03-2025,118.35638327602192,121.9070759394478,118.35638327602192,121.4298324584961,180100
17-03-2025,119.92173644956358,125.9159131621788,118.4041057370948,119.23450469970705,297300
18-03-2025,118.50909623978256,120.14126795446134,115.83653002405106,116.09423828125,275400
19-03-2025,115.82698529886528,118.16548260223853,115.1683942815426,116.97237396240234,206000
20-03-2025,117.63096546122298,118.86225445643282,114.73887127156704,114.75796508789062,200100
21-03-2025,113.58393893545748,114.2139037728878,111.20726863875312,113.00170135498048,2542300
24-03-2025,114.86295252322736,115.85561979445544,112.49582903827812,115.5024642944336,262300
25-03-2025,115.47383491061636,116.60012980773529,112.48628608371676,113.16397094726562,353900
26-03-2025,114.9679516196109,115.44519510044309,112.51492041941977,113.60303497314452,256600
27-03-2025,114.13754327529344,116.53330010969697,113.15442295044522,115.96060943603516,251500
28-03-2025,115.7792696204462,117.34462763144684,110.84456656846152,111.9231414794922,334500
31-03-2025,111.55089217800317,111.55089217800317,107.93338577305111,108.68743133544922,341700
01-04-2025,109.1264915853726,110.5200416182134,107.91428911592024,108.7256088256836,479400
02-04-2025,108.28654090953688,109.5941906447027,106.90253775327268,109.26966857910156,495500
03-04-2025,104.65950154696316,104.65950154696316,97.82537109623136,101.83422088623048,518100
04-04-2025,102.74096264531488,103.08457848951916,96.32680992971083,99.38117218017578,466800
07-04-2025,94.3128448369173,102.00601392366598,94.3128448369173,98.51258850097656,420600
08-04-2025,103.25639841652134,104.99356437211918,93.20565201040822,95.16234588623048,377900
09-04-2025,94.6851111843009,105.43263726296314,94.6660246477051,103.5904769897461,409100
10-04-2025,101.28061379834594,101.7578572872526,97.3576717369605,99.71525573730467,319100
11-04-2025,99.35254393426732,101.45241961055916,97.68219175824676,101.27106475830078,201700
14-04-2025,102.06328974437764,103.7336419050707,100.0015944391723,101.10880279541016,237000
15-04-2025,100.25930407285908,100.99425577601414,98.01626133167387,99.8584213256836,231400
16-04-2025,100.24976376162228,100.24976376162228,96.79452564361702,97.78718566894533,147300
17-04-2025,97.78718424766214,99.7343384822577,97.78718424766214,99.28572845458984,132700
21-04-2025,98.07353192081554,100.35475509776364,97.50084122004516,100.25930786132812,239700
22-04-2025,101.08016842157224,101.9392081241664,99.39072245944416,100.94654083251952,263800
23-04-2025,103.81954463908336,106.19622244020002,101.04199133999302,102.76007080078124,182800
24-04-2025,103.08459131917748,105.413541823716,102.19691815819829,102.3782730102539,353200
25-04-2025,101.29968985296298,103.51409912109376,100.7174522741644,103.51409912109376,368100
28-04-2025,103.17048647299062,105.49943686066791,102.5882561582285,103.19912719726562,420500
29-04-2025,102.85550247109336,105.2798998844613,102.53097316333528,104.9458236694336,170500
30-04-2025,103.63819558632484,104.73585704380992,100.34521121386952,104.22997283935548,186100
01-05-2025,106.42529221231518,106.42529221231518,103.5236510844165,104.07725524902344,157300
02-05-2025,107.66614049025164,108.81152201970102,104.27770860221348,107.8761215209961,246300
05-05-2025,107.25570709836607,108.57289654031126,105.27037238533964,105.34673309326172,231900
06-05-2025,103.76227807842176,115.3592962699302,103.76227807842176,114.53843688964844,449800
07-05-2025,114.06118581989288,114.76750409475262,111.22635853018636,114.26162719726562,313900
08-05-2025,115.47383125190991,116.72420679186727,113.49804361082008,114.36662292480467,536300
09-05-2025,114.09937037818746,115.29247906047298,112.95398167389888,113.55531311035156,287000
12-05-2025,117.83140344509025,118.92906482304168,114.94885624663895,117.25871276855467,522700
13-05-2025,117.24917738821075,119.82629660923,116.2469704262792,119.01498413085938,214800
14-05-2025,118.47092914318506,119.70221824789218,115.64564849509784,118.50910949707033,143400
15-05-2025,117.94594504301698,119.43494226538118,116.91509745115388,119.38722229003906,155200
16-05-2025,119.6735796448523,121.23893777114029,119.31087719974197,120.96214294433594,126500
19-05-2025,119.53040687811632,122.85202474956112,118.39456504952656,122.33659362792967,258600
20-05-2025,121.87843965021138,124.30283006854452,120.71396441873128,124.12147521972656,162500
21-05-2025,122.651571055405,126.16407598269647,122.651571055405,125.03778839111328,219100
22-05-2025,124.57008737333652,125.82047751961012,121.79253411834527,125.2764129638672,254900
23-05-2025,122.92836972378606,124.78963095562156,122.92836972378606,124.08330535888672,246100
27-05-2025,124.9232637659038,127.32856053009615,124.16921087659532,127.27129364013672,190400
28-05-2025,127.14721326220602,128.15896710086045,125.54366760967982,127.21401977539062,246600
29-05-2025,127.67215854039412,129.4284254507927,126.69859241890089,128.91299438476562,319900
30-05-2025,128.6839268440314,130.54517332824372,127.6626189019452,130.02020263671875,294700
02-06-2025,129.81977367119777,131.01288243998638,127.424016506624,130.1156768798828,162300
03-06-2025,129.6575030313343,131.404215887297,128.03487813872383,130.53562927246094,164800
04-06-2025,131.77646197936517,132.11053822743187,130.5260864431797,130.87924194335938,182000
05-06-2025,130.42107647397523,131.33739021522285,126.84175095463937,130.44017028808594,161600
06-06-2025,131.70011679090058,131.91010510339447,130.42110766157683,131.6523895263672,128300
09-06-2025,132.22506713867188,133.38000267890985,131.6810171871518,132.22506713867188,154400
10-06-2025,132.96004038395077,134.5540319067047,132.7118644458291,133.17002868652344,124600
11-06-2025,133.15095071288428,134.9835642007844,132.33963085055555,134.38223266601562,140600
12-06-2025,133.23682235063308,136.1193768552843,131.728731306857,135.04080200195312,148000
13-06-2025,133.52415194533316,135.83753543657443,130.39482038394812,130.6060028076172,203400
16-06-2025,132.13226124857945,135.0888004758392,131.84429853743148,132.05548095703125,178600
17-06-2025,130.80759570551592,133.27456915910852,129.69409100680957,129.9052734375,186900
18-06-2025,130.45241157334613,130.86518254155604,127.24629975220904,127.4766845703125,259500
20-06-2025,128.33101010435246,129.07014859088878,125.03849477133588,126.94873046875,335100
23-06-2025,125.79683579907766,129.33892370758727,125.79683579907766,129.32931518554688,181300
24-06-2025,130.35644816366496,130.93238832339725,128.2734345593313,128.30223083496094,150600
25-06-2025,127.9086528696428,129.04134535410978,127.06392312045516,127.78385925292967,136700
26-06-2025,127.793467216599,128.8205684779253,125.44166414309116,127.40949249267578,209200
27-06-2025,127.65906224200512,128.76295829693663,125.03848454421012,126.62235260009766,326700
30-06-2025,127.3134887569817,128.39818238585343,125.03848100423052,126.04639434814452,234900
01-07-2025,125.51845345302604,131.4219382367572,125.12489951848724,129.01254272460938,232500
02-07-2025,129.48289677613528,131.90188598632812,128.1678182888845,131.90188598632812,211100
03-07-2025,132.47783835897238,134.33048156862685,131.4027384531445,132.99620056152344,114400
07-07-2025,132.98659892731726,133.3609651387112,130.08766658150282,130.59642028808594,196700
08-07-2025,131.4123401860421,132.61223377666389,129.64610033596009,130.0300750732422,220600
09-07-2025,130.03007668466748,130.2892431575138,128.29261844031893,129.6077117919922,194900
10-07-2025,129.64608261400264,133.4281490381955,129.5788961986239,131.01876831054688,190700
11-07-2025,130.19323278854884,130.8171714719489,128.68615970970947,130.18362426757812,147300
14-07-2025,130.0492723157582,130.5580260635396,128.14864483070414,128.31182861328125,102700
15-07-2025,128.1870107293013,128.5709854219538,125.73923980664983,126.01760864257812,135100
16-07-2025,127.08310491540549,128.54217934186946,125.93121021962264,127.96622467041016,156200
17-07-2025,127.81265413797308,129.69409365514173,124.990516832927,125.2400894165039,211400
18-07-2025,126.3343729129462,126.42076171971732,122.41791922082896,124.30895233154295,216200
21-07-2025,124.30896310209867,126.59356494889676,123.62741716853606,123.9250030517578,172000
22-07-2025,123.45464557947255,127.8510572124936,123.45464557947255,127.33269500732422,199000
23-07-2025,128.25421813153088,128.59978804842777,126.38238718464667,126.91993713378906,115000
24-07-2025,120.01814451139252,121.79398540062466,113.19314979763938,117.10960388183594,644300
25-07-2025,117.64714353942782,119.23100426252016,116.13048387610408,116.19767761230467,180800
28-07-2025,116.64883409665984,120.40210418469644,116.46645527903463,120.0757293701172,293100
29-07-2025,120.34451364616696,122.1395495237168,115.44894261103909,118.0023193359375,347600
30-07-2025,118.1847198915433,123.46424428420887,116.46647141779496,117.85834503173828,263000
31-07-2025,116.89842394657477,119.19261974788624,115.09378674710544,115.7657241821289,234300
01-08-2025,114.77700370017354,114.77700370017354,112.21403313482564,113.57711029052734,221100
04-08-2025,114.92099312156688,115.64092917203754,113.99947585579262,115.14176940917967,196200
05-08-2025,115.82331247836396,117.74314189926652,112.80917354986435,113.74989318847656,362300
06-08-2025,111.60929376319066,117.01361892871898,109.0463229316028,115.84252166748048,438100
07-08-2025,115.21856043752776,115.21856043752776,111.99324645493115,112.41561126708984,241000
08-08-2025,112.92437463145376,114.09547183999076,110.95654639434574,111.17733001708984,180900
11-08-2025,111.17732540573536,112.05085133847,109.72785209106266,110.43819427490234,377400
12-08-2025,111.3501160359692,113.46192565205148,111.1485348081806,111.80127716064452,195000
13-08-2025,112.16604026922197,114.76740843702588,111.31171670326148,113.51952362060548,215000
14-08-2025,112.09884138787132,113.413927209034,109.2382995837113,110.39979553222656,203000
15-08-2025,111.1677349945379,111.1677349945379,107.91362428108752,108.27839660644533,237900
18-08-2025,108.27838789280972,110.78376600311388,108.27838789280972,108.48956298828124,265700
19-08-2025,108.6815520136387,109.0943156598936,106.57933631253016,107.58724975585938,280600
20-08-2025,107.41447116925524,109.5550771434912,106.7713299894494,108.73915100097656,473400
21-08-2025,107.7984307972483,108.44157193069998,106.31055998540666,107.19367980957033,192800
22-08-2025,108.27838944945994,112.06044867944158,108.27838944945994,111.49410247802734,237400
25-08-2025,111.37890878810506,111.78207123094116,109.96783291461028,110.39019775390624,148900
26-08-2025,110.93735322910376,111.3693119600113,108.81594239828657,109.4590835571289,200300
27-08-2025,109.19990636291696,111.8108757109318,108.68155150792268,111.36930847167967,126100
28-08-2025,111.54209781550728,112.21404257558189,109.43988936497117,111.85887145996094,207200
29-08-2025,111.76288210649508,112.52121568851584,109.87184875081356,110.33261108398438,128200
02-09-2025,109.49747799763628,109.9102416434759,107.76003459991452,109.36309051513672,189000
03-09-2025,109.84305588115706,111.39812056477037,108.0768087601133,109.13272094726562,257400
04-09-2025,109.00792086690616,110.10222313818792,108.57596214218866,109.8814468383789,141200
05-09-2025,110.78376860200234,110.9469523574274,107.98081187021955,108.5663604736328,141000
08-09-2025,108.56636105702884,109.53587704349862,107.14569127200112,109.17111206054688,238300
09-09-2025,109.17110836873096,111.45570285040635,108.58555978197256,111.31171417236328,317900
10-09-2025,110.6301828763898,111.10053908704371,103.45001680876662,103.58441162109376,406200
11-09-2025,103.93957908709832,105.23546267363562,103.36363164014496,104.17955780029295,289400
12-09-2025,104.61151334416944,104.61151334416944,101.8853516285372,102.43250274658205,263600
15-09-2025,103.3706469378983,104.3474861680047,101.5523784375118,102.69363403320312,340300
16-09-2025,102.49053519318944,103.099846837327,100.45948900050992,101.55238342285156,434600
17-09-2025,101.55238682689796,103.09017657126768,99.9178746205352,100.09196472167967,458200
18-09-2025,100.49818366867378,101.41698806117074,99.6083856854261,100.74964141845705,397500
19-09-2025,100.31441907612204,101.02044584506037,97.4612760757876,98.08026885986328,477500
22-09-2025,98.0609089197806,98.97971318821378,97.7997774829154,98.17697143554688,197100
23-09-2025,98.69923932750788,100.05326508462696,97.83846264810204,98.62186431884766,214400
24-09-2025,98.29303654376,99.27954958063232,97.29685716375856,97.470947265625,341100
25-09-2025,97.6643824138798,98.3220552960196,95.87512020794468,96.60049438476562,338600
26-09-2025,96.4747654185476,98.03190257350886,96.4747654185476,97.90617370605467,169100
29-09-2025,98.04157890654454,98.17698149937468,96.89064948860047,96.94867706298828,302400
30-09-2025,97.17112971141763,97.29685858392214,94.78222948161606,95.14974975585938,257600
01-10-2025,95.0046796770056,95.53661632711012,90.51702452604891,91.15535736083984,390100
02-10-2025,90.93290177948764,91.28108196785684,89.42412588247949,91.0102767944336,244900
03-10-2025,91.01996174094973,92.09351622433496,91.01996174094973,91.39715576171876,272200
06-10-2025,91.33911294752052,91.9194107766114,90.30424614899414,90.34293365478516,231000
07-10-2025,90.75881878082691,91.36813784755336,90.01410449569121,90.72980499267578,306700
08-10-2025,91.0392970123284,92.54808039482108,90.62341550122098,91.7550048828125,164000
09-10-2025,91.55189862271324,91.95810640105076,89.58854626963948,90.88455200195312,202900
10-10-2025,90.77815891419424,91.01995030116387,88.19582867229144,89.42412567138672,193500
13-10-2025,89.75297460484923,91.86139600134292,88.8244890943245,89.46282196044922,283900
14-10-2025,88.75678101994849,90.92323720729614,88.07009435142866,90.8071746826172,211700
15-10-2025,91.39714838044134,93.97947873835246,90.9425793718954,91.92909240722656,287800
16-10-2025,92.50939389622847,94.67584283925436,91.89040848393536,92.847900390625,423500
17-10-2025,93.02198081518748,95.6429985116433,92.37398168210278,95.14007568359376,184200
20-10-2025,95.449573605182,95.8074201478702,93.7473601155517,95.58497619628906,254500
21-10-2025,94.598466748474,96.68754802551042,93.74736366091552,95.97184753417967,229500
22-10-2025,95.9718414238723,97.42258975870796,95.1013909471934,95.76873016357422,202700
23-10-2025,95.9138088714065,96.5037804659711,94.55977558258796,94.79190063476562,220400
24-10-2025,95.14007615682888,95.8654503067254,92.81887740138248,93.3218002319336,184300
27-10-2025,93.51523889750536,93.78604406945504,92.1418582157946,92.82855224609376,213100
28-10-2025,91.66794723382267,92.96395287370711,90.04310885746581,92.76084899902344,255600
29-10-2025,92.09351412505102,92.93494351579136,88.35058041325382,88.6890869140625,204600
30-10-2025,88.31188228770833,89.79164436973991,86.37755122541608,86.47427368164062,216200
31-10-2025,85.95201127440616,86.68705183253827,84.7623943155299,86.22281646728516,233300
03-11-2025,86.05839443502114,87.90567681029081,84.59797237911076,87.6058578491211,345900
04-11-2025,87.3060339983268,87.77995044716312,85.91332057537171,86.6386947631836,243400
05-11-2025,86.29052295763147,89.17267254542125,86.01004402559084,88.25386810302734,225600
06-11-2025,87.12227932003485,89.27905448331158,83.98865745240548,84.8591079711914,207100
07-11-2025,84.75271668673554,85.38137578630675,83.65982224330924,84.51092529296875,201500
10-11-2025,84.62699369864961,86.00036713974023,83.34066162349696,84.18209838867188,302000
11-11-2025,84.93648103706369,85.38137631890324,83.8145728000091,84.7914047241211,245300
12-11-2025,84.87845547681403,86.27116892899068,84.24012263628009,85.65218353271484,179800
13-11-2025,85.59415643171103,87.16096737533526,84.28848433480152,84.60765075683594,148200
14-11-2025,84.58830181204755,85.77791873721628,83.26328229427592,84.55928802490234,212700
17-11-2025,84.43355711438558,84.56895970371713,80.83570001754671,81.06781768798828,278600
18-11-2025,81.2419025813156,83.61145512171575,80.40046593389543,82.99246978759766,334500
19-11-2025,80.584242365033,81.31929033152674,74.67485960172924,77.63438415527344,563200
20-11-2025,78.28238872767383,79.49134576940891,75.9418422869197,78.35009002685547,426800
21-11-2025,79.6750907371943,81.2225614306627,77.28619816534324,77.96321105957031,446000
24-11-2025,78.34041405453948,78.64990675317966,76.76393677379224,76.95736694335938,341700
25-11-2025,77.74077411687631,79.6557653955739,77.14113612227821,77.6730728149414,371600
26-11-2025,77.46996313786032,78.9497253262628,77.4409493504623,78.2630386352539,347600
28-11-2025,78.20501317125544,78.79498479389862,77.86650667766217,78.60154724121094,148100
01-12-2025,78.02124483982436,79.40429190147773,77.45062069481372,78.17599487304688,258800
02-12-2025,79.08513088607599,79.37528352871402,76.88966813692737,78.09862518310547,299900
03-12-2025,78.09861566572093,79.67509280542211,78.09861566572093,79.34626007080078,337000
04-12-2025,79.83952663969745,80.37146331507168,78.920714853143,79.43331146240234,165500
05-12-2025,79.05611205785226,80.86471434003812,78.73695302596231,80.03295135498047,210900
08-12-2025,80.13933700381217,80.3231008171267,78.38876974269994,78.61121368408203,334400
09-12-2025,78.96906706618347,80.84536317830596,78.427449351288,79.11414337158203,247100
10-12-2025,79.24954442993352,81.17420173309934,78.82398924332685,80.11998748779297,509000
11-12-2025,80.0232792333168,81.7448328111301,79.87820291834524,80.09098052978516,232000
12-12-2025,80.61325914634233,81.68681365735591,79.97493362510889,81.43534851074219,254200
15-12-2025,81.65016494547201,82.46060695986321,80.38078608731381,81.22052764892578,289100
16-12-2025,81.70875253817964,84.0815093842504,81.03500446779255,81.58181762695312,448800
17-12-2025,81.58181376962231,84.33538266884813,81.58181376962231,83.12458801269531,266500
18-12-2025,83.21246421921776,83.7495033385392,81.14240261199329,81.77709197998047,237900
19-12-2025,81.3376942925817,82.19696133885478,79.99996487482588,82.18719482421875,662400
22-12-2025,81.85521364837982,83.10505942269063,81.52321917414001,82.20673370361328,557300
23-12-2025,82.26531893376452,83.50539820838372,81.01547314369108,82.27508544921875,205400
24-12-2025,82.03097116847125,83.86668116216765,82.03097116847125,83.26128387451172,129600
26-12-2025,82.88047424033704,84.07173582159956,82.79259795139231,83.63233947753906,187300
29-12-2025,83.47610558830694,84.14985360672195,82.54848776702212,82.67542266845703,295000
30-12-2025,82.55824950900649,83.34916586773367,82.17743737705132,82.64612579345703,209100
31-12-2025,82.35319499940591,83.43704727214633,82.35319499940591,82.83165740966797,324200
02-01-2026,83.07575660147509,84.1303166310342,82.1188393636157,83.42727661132812,383900
05-01-2026,83.04647520223558,85.81956958185064,83.04647520223558,83.63233947753906,374300
06-01-2026,83.72997763525747,86.2980197484875,83.72997763525747,85.81956481933594,285600
07-01-2026,85.81957034509222,85.85862895708227,82.97812523224898,83.5444564819336,204800
08-01-2026,82.83165323270455,86.56166482342555,82.83165323270455,86.12226104736328,141500
09-01-2026,86.21014312545712,87.88962607794512,84.88218020719536,86.29801940917969,208900
12-01-2026,86.1613231424407,87.66504616753934,84.65760011734204,87.19635772705078,288300
13-01-2026,87.18658819082289,87.8310366365825,85.58522241691333,85.721923828125,234700
14-01-2026,85.90745794497396,88.78796179925058,85.57546345297361,88.65126037597656,213700
15-01-2026,88.3095034289067,89.15900403384285,86.23944167785942,88.28997039794922,211400
16-01-2026,87.88962539674864,89.83274463501199,86.63001319214538,87.81150817871094,196400
20-01-2026,86.73742346295425,89.19805626098781,86.63978066416216,89.14923858642578,175500
21-01-2026,89.3640532433517,90.44790548638088,88.7391303671489,90.30144500732422,213800
22-01-2026,94.54896494548112,97.77122194857051,92.84994898692364,95.58399200439452,309300
23-01-2026,95.2227076462012,96.96078225343857,94.79307783906138,96.43350219726562,141600
26-01-2026,96.23820752683638,96.33585777422364,93.92404267724936,95.97457122802734,218600
27-01-2026,95.5254101569076,95.99409857445372,94.2755644438938,94.45132446289062,203500
28-01-2026,95.43753694885253,95.43753694885253,92.5765586544278,92.99642944335938,125100
29-01-2026,93.14289122552346,95.61329066580616,91.1900053502431,93.29912567138672,266600
30-01-2026,93.31864441908569,95.55469947650816,93.31864441908569,95.2715301513672,198900
02-02-2026,95.3789392881733,97.04865569226004,94.7051913278747,95.8281021118164,149800
03-02-2026,95.04695391772051,97.02913937938632,94.4025054395269,95.57423400878906,272000
04-02-2026,96.20892179553674,99.17730923046874,96.12104550667776,97.8884048461914,148000
05-02-2026,98.04464113992394,99.65576606337538,97.15607447093178,98.58168029785156,274600
06-02-2026,98.62074360547274,101.19855254532544,98.62074360547274,99.9584732055664,376000
09-02-2026,99.85106094975356,100.2611652123202,96.06245742984623,97.69312286376952,279200
10-02-2026,97.7419268949259,100.63219681034823,96.71666638166852,98.23014831542967,223300
11-02-2026,98.52309132743352,98.69885134961004,96.83384181153318,98.55238342285156,120000
12-02-2026,98.55238362549436,99.987755901276,97.79075934438616,97.99581146240234,282000
13-02-2026,98.33756363445868,100.8860802012312,97.81028357412627,99.8315200805664,153400
17-02-2026,100.34902871668422,100.36856174555656,97.8786294907447,98.37661743164062,154900
18-02-2026,98.69885535687855,99.66553179326333,97.146307189673,98.74767303466795,211800
19-02-2026,98.83555499207552,101.35477955024224,98.31804142889432,98.76720428466795,367100
20-02-2026,98.79649746092332,101.35478065838902,97.7517038078887,100.97396850585938,179200
23-02-2026,100.41738936169516,100.60291590601432,96.60926781796448,99.3042449951172,289500
24-02-2026,99.23588942009212,101.29618453869828,98.47426514869612,100.54432678222656,212500
25-02-2026,99.987760460235,99.987760460235,94.22674551400463,99.21636962890624,519600
26-02-2026,100.10492171758088,102.52650336052142,99.74364261638372,101.74534606933594,259000
27-02-2026,100.66149502258546,100.68102805240686,97.49782211131628,98.40591430664062,339400
02-03-2026,96.80455405869948,97.28300902121664,94.96884398336022,96.84361267089844,275400
03-03-2026,95.21294987384604,95.61328759157898,91.65869829108809,93.25029754638672,303400
04-03-2026,93.2502994800904,93.94357306394028,88.37785136279699,91.8832778930664,418400
05-03-2026,91.66845965848636,94.47085355166708,91.16071261234184,93.62134552001952,359600
06-03-2026,93.48464441693754,93.48464441693754,91.24858920407704,92.35197448730467,205000
09-03-2026,91.01424214930574,91.33647009540952,88.23138136401882,90.95565795898438,232600
10-03-2026,90.48696406376212,92.75231135157344,90.4772049982742,91.80516052246094,212300
11-03-2026,91.60011216995994,92.3910360374468,90.04757143132878,91.68799591064452,182700
12-03-2026,90.69201193947366,90.69201193947366,86.9717669535638,88.6805419921875,188600
13-03-2026,89.57886565821468,93.94356642304383,88.13373440097588,89.33475494384766,256100
16-03-2026,90.43802028432852,91.54128609205546,89.63027438512701,89.8371353149414,223400
17-03-2026,90.52667845390678,92.58544258131312,88.6550699192025,88.86193084716797,204300
18-03-2026,88.06403877955427,91.64964327548668,86.72436154861431,86.78346252441406,253900
19-03-2026,86.24168876683669,89.03924526865113,86.02497516155005,88.46791076660156,206900
20-03-2026,88.43835880505947,89.55147730178956,87.72911702334419,88.61566925048828,993800
23-03-2026,90.28041576513954,91.61024033138946,89.04909533057786,89.33476257324219,261800
24-03-2026,88.53686274158228,89.87653998954286,88.09359038668538,88.78312683105469,206500
25-03-2026,88.98014512444828,90.36907072029312,88.5171674207054,89.89624786376953,242000
26-03-2026,89.20670323548303,90.86159825204231,89.20670323548303,90.11296081542967,216900
27-03-2026,89.64013225070597,91.25562414278468,86.69481572391884,89.17715454101562,364900
30-03-2026,89.58102916415449,90.39862024386557,88.75357790100041,89.0885009765625,232600
31-03-2026,89.52192421554237,89.64013369078275,87.16763998687232,89.4825210571289,303600
01-04-2026,89.51207737401116,91.92546253708572,89.44312372693429,91.15711975097656,263900
02-04-2026,90.22130959403638,90.94040405308208,87.75866866158141,89.2559585571289,435500
06-04-2026,88.71417846129235,89.77804119475925,86.54705735123818,89.3150634765625,379800
07-04-2026,89.10819970614088,89.52192158424575,87.76852242099615,88.989990234375,447600
08-04-2026,92.59529496813856,92.8415590505006,88.98014004275535,89.19685363769531,386400
09-04-2026,88.33000166065887,90.8123478870072,87.19718534790218,90.30996704101562,218400
10-04-2026,90.30996308885878,91.81709804549445,89.65982231480552,91.61023712158205,211000
13-04-2026,91.5412846395829,94.07287909578608,90.71383341807088,94.06302642822266,248900
14-04-2026,94.14184023916984,95.48151754997582,94.14184023916984,94.68362426757812,150700
15-04-2026,94.56540936156163,94.72302198454832,92.09291582498842,92.50664520263672,156400
16-04-2026,91.84665955885664,93.65916730062112,91.84665955885664,92.6248550415039,201400
17-04-2026,93.68871548868576,97.52058431140836,93.68871548868576,97.3531265258789,241900
20-04-2026,96.83104689583848,97.26446660034652,95.3928579417214,96.54537963867188,157200
21-04-2026,96.54538024339875,97.2447693882699,93.65916467957008,93.7773666381836,177000
22-04-2026,93.4621477732362,93.87587716959364,90.06370622677831,90.58578491210938,238700
23-04-2026,90.45773387643584,91.90576803269164,89.24611115934913,89.78789520263672,146300
24-04-2026,90.28041842743104,91.39352942756142,88.53686443206102,89.8272933959961,315000
27-04-2026,90.00460594442016,91.64964832819584,89.39386827107954,89.91594696044922,384000
28-04-2026,90.45772513917696,93.1863278831465,89.74848337479087,90.79264068603516,354100
29-04-2026,90.03415278987259,90.93055016930184,88.38911047267901,89.06879425048828,234800
30-04-2026,88.26104803797197,90.13265661837004,86.95092128015497,89.85684204101562,214700
01-05-2026,90.95025471981654,91.74814795945204,89.70908161286302,90.35922241210938,236200
04-05-2026,89.84699364823436,90.70399542469212,88.25119956925978,88.38911437988281,168100
05-05-2026,88.38911140139861,90.7926438341328,88.18224295012696,90.32966613769533,304800
06-05-2026,94.59496613220576,95.6686815303105,89.73863771579421,93.39319610595705,351300
07-05-2026,92.56574617856498,93.2651352834555,90.26071041737748,92.50664520263672,277000
08-05-2026,92.87110709383472,94.01377601330712,92.2111211741652,93.06812286376952,192500
11-05-2026,92.87111260629467,92.87111260629467,88.7535767125461,88.90133666992188,353900
12-05-2026,89.54162712342516,90.30011723500246,88.26105081357028,88.8225326538086,361000
13-05-2026,88.5861154742137,89.94549049512479,85.42408557758033,87.43360137939453,247700
14-05-2026,87.71927599409649,88.53686709969826,86.3303428537195,86.40914916992188,164200
15-05-2026,86.62585852637817,86.62585852637817,84.3405280764616,84.8724594116211,175200
18-05-2026,84.87245509007677,87.3350958596535,84.83305193591755,86.05451965332031,216800
19-05-2026,86.48795400513319,87.06913366755987,84.93156310601525,85.19752502441406,203500
20-05-2026,85.21722920342424,89.02939256920669,84.3405296298981,88.92103576660156,249100
21-05-2026,88.17239270167315,90.23115678894337,87.12822789918698,89.79773712158203,260500
22-05-2026,90.1819180954294,93.54095657360588,90.05385595121325,91.24577331542967,347700
26-05-2026,91.43293598315664,91.69889790798234,90.49713539666227,91.29502868652344,158600
27-05-2026,91.9156130041436,95.10720124584256,91.9156130041436,93.69857025146484,223400
28-05-2026,93.06812810371729,95.3928541967701,91.37382996380089,94.95943450927734,178300
29-05-2026,94.8116734300704,95.55046569056448,92.9006617113364,92.95977020263672,175300
01-06-2026,93.590208562821,94.76242054198885,89.23625366107959,91.01921081542967,351900
02-06-2026,91.15711693915765,92.25053010578075,89.54162510143014,90.37892150878906,233200
03-06-2026,89.77803726807487,90.16220865246002,86.39929360678673,86.99032592773438,196300
04-06-2026,88.30045619590507,88.98014752530389,86.56675480597775,87.55181121826172,187600
05-06-2026,87.5518057067913,90.20160969395036,87.34494477507984,89.90608978271484,232300
08-06-2026,89.90608784364558,91.5117344698071,89.90608784364558,91.00935363769533,239500
09-06-2026,91.37382994149932,95.57016461867708,91.37382994149932,95.41255950927734,187700
10-06-2026,94.87077580029556,98.01310799936893,94.27974348629064,96.89014434814452,299300
11-06-2026,96.890144808593,99.34293305683062,96.6044775604666,98.65339660644533,276900
12-06-2026,98.65339407253506,100.97812763895718,98.65339407253506,100.259033203125,240200
15-06-2026,100.33846493484658,102.39368556429336,98.30310575443364,98.71017456054688,191500
16-06-2026,99.16688831716785,100.26896390372832,95.94009220289614,99.45481872558594,154300
17-06-2026,99.45481715549164,100.65617724238687,95.70180633074447,95.90037536621094,190500
18-06-2026,96.56559400771872,99.2661752107812,96.56559400771872,98.3825225830078,525300
22-06-2026,97.75702340391886,98.79952974008906,95.44365710646268,97.05209350585938,439000
23-06-2026,97.99531389379612,99.59381966946842,97.34002999922347,98.71017456054688,238100
24-06-2026,99.5938193238021,103.95247565602718,99.57396544976052,103.50569152832033,242800
25-06-2026,102.57239991780123,104.25033632645972,102.155400390477,103.61490631103516,287400
26-06-2026,103.35675513100443,107.91398782121402,103.35675513100443,107.19912719726562,830900
29-06-2026,106.68284030596244,109.3337831658072,103.76383606270234,109.18485260009766,365000
30-06-2026,108.0430593201822,111.557785748986,106.09705400916349,111.06135559082033,447100
01-07-2026,111.37907126098128,115.32072795258388,111.37907126098128,114.834228515625,390600
02-07-2026,115.49943994780276,118.8950203390879,115.45972462700772,118.53759002685548,527000
06-07-2026,118.537591307037,120.4835965974728,117.1376622147768,120.20559692382812,281400
07-07-2026,120.632529135862,123.44232566540316,119.66945341143165,121.3771743774414,411100
08-07-2026,120.28502610001831,120.33466456975091,114.15907990570382,114.79450988769533,683800
09-07-2026,114.7746478911198,117.82272867529194,113.16621907092262,117.56459045410156,407300
10-07-2026,117.8525144527809,120.79138760353986,117.60429937804888,118.42837524414062,171300
13-07-2026,118.16030623674274,120.72188004974228,116.1745856398893,117.62416076660156,207900
14-07-2026,117.56459161628617,119.24252037030224,115.57887101869603,116.95894622802734,526700
15-07-2026,116.31358792318797,121.2381741980187,116.01572679742308,119.49073791503906,418700
16-07-2026,119.49073699883522,122.2608181774858,118.0014465312762,121.84381866455078,198200
17-07-2026,121.43674432068528,124.0578949811938,119.77866939053844,122.35018157958984,218400
20-07-2026,122.697680400548,123.87917903268212,121.97288903258205,123.51182556152344,318600
21-07-2026,122.6480375428767,122.88632190535291,120.73181676876432,121.94310760498048,204500
22-07-2026,121.94310389672818,123.59125565980038,120.15595229519482,121.3473892211914,147300
23-07-2026,118.27944342549384,119.42123427209376,114.76471709570455,118.89501953125,241000
24-07-2026,119.36166723763166,122.70760162197524,119.09359071296872,121.67503356933594,171500
27-07-2026,122.43953262876228,124.10753824578252,120.06659710349676,123.80967712402344,225100
28-07-2026,126.2918306911782,128.36690514072762,125.10040132755172,126.75847625732422,270500
29-07-2026,125.13018654211024,126.7882614800546,121.11902988824475,126.123046875,256300
30-07-2026,125.81526042153332,125.86489889236609,122.4991030280288,124.67346954345705,173900
31-07-2026,123.7699742160875,124.31604286076188,121.27789262971422,123.66075897216795,268800
03-08-2026,125.5968277793026,127.14568742122222,123.47210734618412,124.02810668945312,292200
04-08-2026,123.650822597433,128.078978623808,122.75724681297996,127.63219451904295,368200
05-08-2026,123.41254192754312,127.36412179509816,119.7886002116241,122.48918151855467,375600
06-08-2026,123.02532306140164,124.2465369849947,117.86244497103364,118.15037536621094,317700
07-08-2026,118.03123078424169,122.2409639475364,116.81994757043005,122.09203338623048,319200
10-08-2026,117.13766531968766,118.69645573816176,115.81715925995036,118.63687896728516,234300
11-08-2026,118.43830764611344,120.04674408013696,114.17893599437596,119.18295288085938,218700
12-08-2026,120.106311768529,120.106311768529,115.26114865393434,117.23694610595705,374900
13-08-2026,117.7830138112,119.99709559717226,114.34771810700626,114.65550994873048,174100
14-08-2026,112.71943199579972,114.80443717275864,111.08121093714512,113.81157684326172,156700
17-08-2026,112.3917858084817,114.25836806823716,109.2742049926316,110.98192596435548,332400
18-08-2026,110.9024965482488,113.27543214630096,109.50256741285534,112.64993286132812,271800
19-08-2026,114.33780094158269,117.48516641657444,112.64000308606516,116.17459106445312,243000
20-08-2026,115.01293924257712,115.65829998469448,113.86122517619272,113.93072509765624,231700
21-08-2026,114.65551218421888,114.9632964570212,112.60029164099052,114.77465057373048,213900
24-08-2026,114.77465042329308,116.76037104506258,111.3989238513003,115.9660873413086,227800
25-08-2026,115.78737523308452,117.33623493489829,114.3973692462378,115.72779846191406,214300
26-08-2026,116.19444357053824,116.83980430203697,114.44700726330626,115.8370132446289,196500
27-08-2026,114.77464911670288,116.89936955181469,114.17893445193825,116.43272399902344,200100
28-08-2026,117.47523239418643,117.80287811674938,114.07965192832444,116.9390869140625,159000
31-08-2026,116.46252176317668,116.64123692867982,114.91365447050843,116.59159088134766,184000
01-09-2026,116.22422632964955,118.20002381519946,115.3902272990054,116.27387237548828,187200
02-09-2026,116.32351627579185,117.70359148551464,114.15908052080766,115.62850952148438,228800
03-09-2026,116.37315675688431,116.37315675688431,112.977576293343,113.19600677490234,251700
04-09-2026,112.11378492982124,116.09515691316854,111.8556467019165,115.85687255859376,176700
08-09-2026,114.99308298837282,115.37036718637648,111.76628691949912,112.2031478881836,129100
09-09-2026,110.9322895846705,111.44857363066144,109.27420705300094,110.82307434082033,188900
10-09-2026,110.32664057240196,111.7464311212499,108.728134864436,109.70113372802734,152100
11-09-2026,110.96207391602496,111.38900416597848,109.6514985678993,111.21028900146484,171800
14-09-2026,111.96485305534604,112.5506445731754,110.59470856394576,111.25,184100
15-09-2026,110.91000366210938,111.13999938964844,108.1999969482422,109.98999786376952,202800
16-09-2026,110.68000030517578,113.19000244140624,110.3499984741211,112.63999938964844,187300
17-09-2026,113.62,114.0,110.38,110.74,176200
18-09-2026,110.25,112.92,109.25,112.51,740900
21-09-2026,112.55,112.93,111.46,112.76,153100
22-09-2026,115.24,118.5,115.23,118.29,241000
23-09-2026,119.5,119.75,117.27,117.4,195200
24-09-2026,117.51,118.73,115.23,115.79,188800
25-09-2026,115.74,118.72,115.45,117.93,174700
28-09-2026,117.14,118.67,114.61,117.94,194300
29-09-2026,117.35,117.75,114.73,115.09,177000
30-09-2026,115.57,116.61,110.64,110.96,290200
01-10-2026,110.8,113.95,110.4,111.85,392000
02-10-2026,113.41,114.13,111.55,113.95,251400
