Date,Open,High,Low,Close,Volume
30-09-2021,90.22150944705696,95.4349378397341,90.22150944705696,90.88882446289062,72800
01-10-2021,91.31424105491443,94.95946607628944,90.45506908295694,93.72492980957033,90000
04-10-2021,93.67490098047652,95.82699977658544,91.03898804991664,91.4143524169922,67200
05-10-2021,92.2568435298343,95.16802066617556,90.505132559556,95.00953674316406,112400
06-10-2021,93.17438027426724,94.9844872659941,89.62091242296427,91.70628356933594,70800
07-10-2021,93.291178395458,95.76026390544725,92.88244735451438,94.14201354980467,91500
08-10-2021,94.25044299503088,95.00952123117987,91.35594650482928,91.56448364257812,57500
11-10-2021,92.95753829491784,96.05222937903108,91.23918755052664,91.40602111816406,77300
12-10-2021,91.32258813419116,92.38195401663852,90.26321588769524,91.00560760498048,64100
13-10-2021,91.1557622278302,92.90747309646224,88.88687691209579,92.5654754638672,68800
14-10-2021,94.35056688458478,95.48500970889424,92.91582999713164,94.2087631225586,70900
15-10-2021,96.80293652709896,99.52225607061663,96.80293652709896,97.59537506103516,126400
18-10-2021,97.62876544736388,98.55467102141336,95.95212476407838,97.9874496459961,64700
19-10-2021,97.11992695676268,97.43690115069028,92.47371926035618,93.60816192626952,154400
20-10-2021,93.20776790284488,95.78529052775778,92.01493508474942,95.08460235595705,85000
21-10-2021,90.08804862535196,90.08804862535196,82.82261509712283,85.11652374267578,451500
22-10-2021,85.24252439705901,86.08260051188681,83.51196965148085,83.73038482666016,192000
25-10-2021,83.88161401480441,85.79698687891891,81.84022842873011,81.98303985595703,119400
26-10-2021,82.04185498937414,84.39406479685304,82.04185498937414,83.76400756835938,121800
27-10-2021,82.9995317474308,84.52006762988997,81.57139835113504,83.3775634765625,125000
28-10-2021,83.69677741662107,85.24252073430728,83.58756983372393,83.98240661621094,130900
29-10-2021,84.31004980613925,84.62927646184895,81.21856906551463,81.6050033569336,104400
01-11-2021,82.25187561997019,83.54558751343227,80.91615093749826,81.94944763183594,131600
02-11-2021,81.95781702169437,82.80629562300821,79.91643197292328,82.28544616699219,80100
03-11-2021,82.24346338048481,85.4189504728032,81.52939987394475,85.09972381591797,92900
04-11-2021,85.38535676813534,85.38535676813534,83.20956217282881,84.8309097290039,100900
05-11-2021,85.18373374043031,90.32499633126156,85.18373374043031,90.1737823486328,160000
08-11-2021,90.83744660649828,93.14765639576166,90.51821992477484,92.3495864868164,108000
09-11-2021,91.95473239305248,93.03843136953948,89.37569893109843,89.77893829345703,127700
10-11-2021,89.06488602204745,89.77055344303592,85.47776306061594,86.01541137695312,82100
11-11-2021,87.14949784343312,88.48522225225695,86.48583691706149,88.09038543701172,60700
12-11-2021,88.30879871439531,91.35827253869388,88.30879871439531,90.7366180419922,110000
15-11-2021,91.08106342946718,91.72792571654904,87.80476484661644,89.6361312866211,107100
16-11-2021,89.6949540619306,89.6949540619306,88.09881403550698,88.51885223388672,108300
17-11-2021,87.73756972417856,89.1825019675666,85.90620315674289,86.14982604980469,101700
18-11-2021,85.82218796058926,87.10750352548084,84.0748279204158,85.8473892211914,97100
19-11-2021,85.09972730237467,86.80508107668851,84.419261176662,84.5872802734375,58100
22-11-2021,84.88971732121388,87.82998453201313,84.72169820646101,86.28424072265625,74800
23-11-2021,86.54464591923856,88.74564783536157,86.11621167876974,87.14110565185547,72600
24-11-2021,86.1330309415134,86.95630862092943,85.04933163307126,85.3349609375,62000
26-11-2021,82.91552749113791,82.91552749113791,78.12709518845794,80.25248718261719,94300
29-11-2021,81.5798245638888,82.47030354982974,78.2951225682733,78.89997863769531,119500
30-11-2021,77.7490596114509,78.4883244051608,74.37194949246948,74.96000671386719,168700
01-12-2021,77.00978330554759,78.75714333046496,75.43044236529884,75.5396499633789,115900
02-12-2021,76.04369588687445,78.89995628940561,74.87599046498673,78.177490234375,67300
03-12-2021,78.05988070038161,78.75714550010134,76.73255873666108,78.32870483398438,76200
06-12-2021,79.35358601504802,80.82371916000125,77.93385538409763,78.93354797363281,105400
07-12-2021,80.3785025246313,81.65541571048479,79.4712185611368,79.65603637695312,72300
08-12-2021,79.98365958952529,81.82342864170495,79.29479731576195,81.63861083984375,80700
09-12-2021,80.56330639671343,81.95782951322084,79.39560102718563,81.42018127441406,108900
10-12-2021,78.07670771623845,81.0841765516849,77.30383250720764,79.92487335205078,127900
13-12-2021,80.73131498330959,80.73131498330959,76.6821482844454,79.05116271972656,121400
14-12-2021,78.44631562187242,80.73132398048367,76.40493013774415,76.69055938720703,188600
15-12-2021,76.47213502986114,78.25309887116978,74.59876870360381,77.94226837158203,132600
16-12-2021,78.69836013942867,79.50483274230265,76.27894233080671,76.79138946533203,107500
17-12-2021,76.78297155586617,78.63113676680486,74.98520886963226,78.29510498046875,360600
20-12-2021,76.7073596756437,76.99298893100485,73.8511055776709,75.13642120361328,116200
21-12-2021,75.92608310547324,79.14357642430353,75.92608310547324,78.51351928710938,107300
22-12-2021,78.51353011315143,79.89965728796287,78.28671233256614,79.8156509399414,86800
23-12-2021,80.21047192796772,81.21015816704829,79.72322623303337,80.86573028564453,51700
27-12-2021,80.61371798784843,81.8822349483788,79.49641501207847,81.65541076660156,52100
28-12-2021,79.6980362542223,81.88223322536544,79.6980362542223,80.87413787841797,94300
29-12-2021,80.89932927045675,81.51258122120143,78.1606794481971,79.87443542480469,52600
30-12-2021,80.06766225096865,81.26897149854477,78.88315811693788,78.94196319580078,48800
31-12-2021,79.00917220395004,80.2104814723948,78.30350483606372,78.91676330566406,60000
03-01-2022,79.12676467959575,82.47866630243499,79.12676467959575,81.69739532470703,104600
04-01-2022,82.0418508715191,83.83961356051229,80.57171741215632,81.50419616699219,277500
05-01-2022,83.61279513868183,83.6800027825353,81.50420178001352,82.5374984741211,181200
06-01-2022,83.15914175073213,83.89841291317677,82.53748715353598,83.70519256591797,103400
07-01-2022,83.31876135078247,84.8476998440771,82.33587369279444,84.1756362915039,113700
10-01-2022,83.25155126783605,84.70488593363724,81.95783313316808,83.85640716552734,179700
11-01-2022,84.09163376002438,85.85579265387346,82.52909137737348,84.16724395751953,187300
12-01-2022,85.89779518956652,86.50265110538261,82.14265338660252,82.67190551757812,114700
13-01-2022,82.63830081279464,85.92299552974735,82.04184746033705,84.9653091430664,160200
14-01-2022,85.35174197705635,89.17409131072657,84.35205564167977,88.88006591796875,169400
18-01-2022,88.49362812301408,89.32530821602248,85.62897147491547,86.7294692993164,97200
19-01-2022,86.79668715710886,88.51044365912435,83.90682249771722,84.125244140625,92900
20-01-2022,84.55366893631096,86.77987209878455,84.0244168401161,84.2596435546875,140300
21-01-2022,83.01517930543012,85.09775395536998,81.53367239739971,82.80353546142578,145700
24-01-2022,81.55906730195129,83.67550570765512,79.47649268580162,83.04904174804688,124300
25-01-2022,81.64374371386629,84.39511410325713,79.09554963705777,83.47234344482422,93300
26-01-2022,83.97178719346262,85.42789741548522,79.73044408561408,80.49236297607422,118500
27-01-2022,80.76331026082026,82.96440543990303,77.80029578082373,78.62993621826172,92600
28-01-2022,78.66377776790044,81.18657508211484,77.20766717328006,80.9072036743164,63900
31-01-2022,79.90825015914021,81.86383723375307,79.48496246618625,81.0595932006836,109200
01-02-2022,81.19503441029373,83.09982870127064,80.80560411590028,82.03314208984375,155800
02-02-2022,82.74427212090735,82.74427212090735,78.57912298827696,80.043701171875,154200
03-02-2022,79.67967502701158,81.00879808083177,79.06167217372109,79.36643981933594,78700
04-02-2022,79.18018875122732,80.23840790263121,77.76640951507744,79.59500885009766,66100
07-02-2022,79.33258486230676,80.78869567372296,78.46061317982938,78.765380859375,71800
08-02-2022,78.88390532290859,82.8966713831338,78.88390532290859,82.59190368652344,74700
09-02-2022,83.09984366125407,83.91255526331587,82.3548531818875,82.9051284790039,48600
10-02-2022,81.7199129209958,85.08081790550604,81.7199129209958,83.32840728759766,81800
11-02-2022,83.01516570191167,85.52949519008268,82.58341698126998,84.12418365478516,106600
14-02-2022,84.65754990666524,85.25015017246851,82.65116364868823,84.5220947265625,105500
15-02-2022,85.00463919736205,87.899925521473,84.55594880895502,87.64595031738281,45500
16-02-2022,87.20572505944835,90.05021863627977,87.20572505944835,89.28829956054688,69400
17-02-2022,88.4840677544866,89.13593450155847,86.48615553162043,87.3157958984375,65800
18-02-2022,86.81629727350766,88.41632403094864,86.29141827637599,88.0184326171875,54900
22-02-2022,88.14541902690362,88.46711530281635,86.15596198458746,86.61311340332031,83200
23-02-2022,87.05334520593017,88.28934444776385,85.96972978617775,87.1549301147461,82700
24-02-2022,81.35589808633397,83.27762794250673,76.26797790883796,80.4077377319336,229300
25-02-2022,80.86486706313671,83.53158045918838,80.41618320281773,82.68500518798828,148900
28-02-2022,80.68711494309393,83.06599667010808,79.6458306162693,81.69454193115234,139600
01-03-2022,81.017258734325,82.99824841982542,76.83518088068169,77.86800384521484,125300
02-03-2022,78.30821636642409,80.45005087254266,78.20662500378721,79.755859375,79300
03-03-2022,79.84899220655575,82.17707457804114,76.88597827921069,82.05008697509766,127300
04-03-2022,81.11885282539123,81.11885282539123,78.0203902866218,80.53471374511719,78300
07-03-2022,80.09449108202922,80.09449108202922,74.93038295145146,75.11663055419922,113700
08-03-2022,74.55789542361308,76.41189762151953,72.84781595283222,74.5071029663086,115300
09-03-2022,75.04044689446003,78.32515729439899,75.04044689446003,76.56428527832031,85200
10-03-2022,76.23409770946502,77.99496917899003,75.76847877590308,77.34310913085938,53700
11-03-2022,77.30078943252555,77.56323217045569,73.59279190263582,73.80443572998047,79200
14-03-2022,74.28699271432895,76.55581508635164,72.65310190396717,74.09227752685547,142900
15-03-2022,73.67745933195819,74.58329479221759,72.00124358176433,73.75365447998047,128400
16-03-2022,74.89651987286975,77.63942211140937,74.89651987286975,76.97062683105469,113200
17-03-2022,76.3865094423123,78.79078073799485,76.3865094423123,78.11351776123047,79100
18-03-2022,77.63943595602736,78.54527145497612,76.18332510713216,77.82568359375,331800
21-03-2022,77.99499557149113,81.69453269325551,77.99499557149113,81.40670013427734,121700
22-03-2022,82.11781214124422,82.6088274134517,80.48392139389402,80.52625274658203,59400
23-03-2022,80.42465112335414,82.32097793083544,80.03522727192492,81.81303405761719,84100
24-03-2022,82.52416602701142,82.99824614507313,80.17914874547643,82.04161834716797,63100
25-03-2022,81.88924341527085,83.59932292588257,80.89028415891612,81.61833953857422,86300
28-03-2022,80.93260628939956,81.32203019516655,78.29129519657,78.96855163574219,84600
29-03-2022,78.68069275812205,80.84792297200379,77.48701875325858,80.49236297607422,160400
30-03-2022,80.94108453982325,82.02470015267288,80.17069773011572,80.39927673339844,86400
31-03-2022,79.747396454194,81.40668984620473,79.29871254610376,79.71353912353516,95900
01-04-2022,80.37386968975292,81.18658129006394,78.68918001125651,80.1876220703125,112400
04-04-2022,80.15375224999096,80.15375224999096,77.9526576907035,79.50189208984375,78600
05-04-2022,79.68811954269736,80.27225848501034,77.07220533102044,77.34310913085938,78300
06-04-2022,77.27540201491053,78.17276987830421,75.81929128338719,77.58016967773438,78900
07-04-2022,77.58016590238722,78.14736984659572,76.3780304346702,77.27539825439453,131000
08-04-2022,77.08915592970719,77.8256788726974,75.05738008216909,75.15049743652344,75800
11-04-2022,74.981165191183,76.75897181906883,74.60867003642086,75.18434143066406,65600
12-04-2022,75.99706534140985,77.88493118930877,75.99706534140985,76.90290069580078,79300
13-04-2022,77.49551132968055,81.78764826284811,77.49551132968055,81.31356811523438,114700
14-04-2022,81.00880653939545,85.31787246166772,81.00880653939545,85.0723648071289,141500
18-04-2022,84.79299280398794,87.58668767090913,84.53055004526993,85.95279693603516,173500
19-04-2022,85.95279905776623,87.78140501625644,84.47975967488759,86.75704956054688,121800
20-04-2022,86.63005054276096,87.89991347141289,85.39405140060255,86.4522705078125,117800
21-04-2022,88.42479508103945,89.55074187667884,84.49668586903898,85.2416763305664,193700
22-04-2022,84.45682610467532,85.81325079372884,81.44538678090974,83.16011810302734,208400
25-04-2022,82.02549219097413,82.09374169138286,76.42915682143952,79.74771881103516,171500
26-04-2022,78.86050152856211,80.23399192493129,77.58937888286864,79.16761779785156,147700
27-04-2022,79.95246071525746,85.52319763450838,79.88421121492416,82.37525939941406,169500
28-04-2022,82.37527262426913,85.94122823129408,82.14493865945377,85.3099365234375,114000
29-04-2022,84.70422921918086,86.15449540759919,82.10227378325445,82.32408142089844,144400
02-05-2022,81.64159077628061,83.13451437517854,80.71171577310962,82.66531372070312,210600
03-05-2022,82.23877264880024,86.5981105303159,82.23877264880024,86.32511901855469,144200
04-05-2022,86.79430241232687,88.78202491863775,85.30991176994614,88.69671630859375,105100
05-05-2022,87.48532777647625,87.48532777647625,80.19132682851546,82.15345764160156,169500
06-05-2022,81.88899491177482,83.13451903158213,80.43872879506746,81.58187866210938,139400
09-05-2022,79.77330906305049,80.80555832758394,78.58750168015328,79.44912719726562,145700
10-05-2022,80.64346850232747,81.53069247521182,77.1884205546335,79.27851104736328,173700
11-05-2022,80.20838530915003,83.17717344035712,80.02923525508339,80.74584197998047,150300
12-05-2022,79.5003093896263,81.15531726309614,77.1030964270879,81.08707427978516,156200
13-05-2022,82.05109474480655,83.27955987661856,80.51551333004153,81.33448791503906,96600
16-05-2022,82.92977840705169,83.63785235597744,81.12120563005152,83.47576141357422,149300
17-05-2022,85.35258610687151,89.12328338623047,85.10518653307226,89.12328338623047,115200
18-05-2022,89.14888062145053,91.63140281361676,85.99241568136847,86.3677749633789,192000
19-05-2022,85.01134064836462,85.93268939050995,82.15345949337988,82.2984848022461,185000
20-05-2022,82.71649136477748,84.49093912799647,79.1078856678529,82.6055908203125,137000
23-05-2022,84.08998460122012,84.65303317538422,82.72502723622702,84.36297607421875,122600
24-05-2022,83.6549095621501,83.6549095621501,80.66053590986081,82.2217025756836,109000
25-05-2022,81.7695599181484,83.91937362322237,81.76102710342929,83.57813262939453,152200
26-05-2022,84.20089239981245,87.39148824420495,84.20089239981245,86.0350570678711,106200
27-05-2022,86.28245809201239,87.47679835021258,85.87297409462596,87.0843734741211,78000
31-05-2022,86.95640607544192,88.52610555798788,84.61038315783655,87.16114807128906,133000
01-06-2022,87.8436364956937,88.50905291235257,84.44829839728236,85.26727294921875,104100
02-06-2022,85.70234668728835,88.71378588643289,85.70234668728835,88.5772933959961,89900
03-06-2022,87.88629074023886,89.26831400781268,84.40565039554976,86.3677749633789,75900
06-06-2022,87.14408596042779,89.26830117961836,86.11183669313228,89.21711730957031,76500
07-06-2022,88.08250416495116,88.97826104804722,86.12037313942227,87.98866271972656,99100
08-06-2022,87.45972725694375,87.47679288580345,83.7487470328678,84.71275329589844,84900
09-06-2022,83.91085899273547,83.91085899273547,79.93541259409302,80.003662109375,103500
10-06-2022,78.96284858024076,79.05668999951507,77.17134181809128,77.65760803222656,102600
13-06-2022,75.24334935267058,76.75333863199732,74.05754194570784,74.90211486816406,160300
14-06-2022,74.910648768549,75.14951553537169,72.06983299611471,72.59021759033203,124200
15-06-2022,73.69923579173462,74.33052734669053,72.4281198678203,73.07647705078125,135300
16-06-2022,71.83948146423889,71.83948146423889,64.2468974290733,64.95497131347656,191700
17-06-2022,65.11705955286642,66.34551790056997,63.24877033529753,66.01280975341797,466500
21-06-2022,67.90671206909016,68.42710323244653,65.11707984843385,65.56922149658203,157500
22-06-2022,63.90567488159141,64.26397504343026,61.44874460925308,63.37675094604492,133800
23-06-2022,63.20613458949061,63.20613458949061,59.22216175390178,60.45915985107422,213900
24-06-2022,60.77478532627067,66.00428759989985,60.77478532627067,65.91044616699219,523800
27-06-2022,66.70383430825542,68.7427410521631,65.79954465206252,67.45455932617188,108200
28-06-2022,68.2820659232381,69.3569728191077,68.23088205012125,69.01573181152344,113900
29-06-2022,69.16929987246391,69.16929987246391,66.19197832508388,67.30101013183594,131300
30-06-2022,65.8422024187627,68.05172642069266,65.21091077658711,67.47161865234375,97300
01-07-2022,66.35404388661016,68.52944909441231,65.21942057403477,67.49720001220703,124900
05-07-2022,65.45831614113193,65.7568996125982,62.95020196355213,65.44978332519531,185000
06-07-2022,65.50949005567682,65.50949005567682,62.30183515769509,64.92938232421875,123700
07-07-2022,65.79101887907953,68.36737584332438,65.79101887907953,66.81473541259766,71300
08-07-2022,66.47349267707581,67.08772518473224,62.58336214009292,63.14640426635742,363200
11-07-2022,62.71985496386748,62.80517009708835,61.457271699221096,62.48952102661133,148000
12-07-2022,61.39754636320617,64.93790910838881,61.39754636320617,64.04215240478516,98700
13-07-2022,63.29995221127782,64.69050794483334,62.84781071826765,64.08480834960938,120700
14-07-2022,62.35302708208243,63.658274527928015,61.662018705588174,63.44499969482422,137900
15-07-2022,64.34928968921182,64.5028478455825,62.668682785774905,63.80330657958984,241100
18-07-2022,65.21943535061703,66.64411605104556,61.3719624021307,61.92647171020508,216300
19-07-2022,62.25065441580904,64.51989507648995,61.13309646128846,63.6923942565918,312500
20-07-2022,63.86301700063455,64.46018393413043,62.18241026241289,63.26585006713867,253900
21-07-2022,62.3444990887267,63.11228976886002,60.75773385266156,62.11415863037109,195300
22-07-2022,62.53663574730645,63.321256848972496,60.68286676146688,61.61406326293945,197200
25-07-2022,62.8470332837068,63.80409523854071,61.726147898237215,63.286766052246094,249800
26-07-2022,60.80357481206634,63.381609856683234,57.12190900530134,63.37298583984375,843300
27-07-2022,62.87290175634006,64.68355728386733,62.87290175634006,64.10587310791016,292700
28-07-2022,64.79565272755724,65.51991234029506,62.795308196598015,65.14054107666016,152700
29-07-2022,65.68372777783514,66.42523533563003,64.93359620335968,65.33021545410156,138900
01-08-2022,64.52835983147368,65.08880256804936,62.83841418234251,64.63182830810547,164100
02-08-2022,64.52835832530204,65.6578677896914,62.66597183678631,62.691837310791016,158300
03-08-2022,63.01948076836921,63.04535282186768,61.22607317283636,62.493534088134766,162500
04-08-2022,62.39006022411963,62.90738942007101,60.467312261633126,60.55353927612305,144000
05-08-2022,60.35523284415966,62.70908981948915,59.96723755001225,62.60562133789063,148100
08-08-2022,62.99362109902556,64.52836750481114,62.15726890350899,62.52802276611328,169200
09-08-2022,62.42454573455557,62.42454573455557,61.22606398536531,61.78650665283203,75200
10-08-2022,63.26951389412224,66.33901247868481,62.58836132159337,65.93376922607422,165800
11-08-2022,66.91670955199909,67.80479264194987,65.94240601628387,66.04586791992188,90600
12-08-2022,66.02863325026023,68.26177394267462,65.80445480566682,67.68408966064453,130700
15-08-2022,66.53733259643668,68.30488136039934,65.58027050565474,67.33919525146484,168500
16-08-2022,67.92549726380514,68.24452012417566,67.13225869975703,67.71856689453125,160800
17-08-2022,66.58045200989012,67.25298076502857,66.15796717774913,67.13227081298828,96600
18-08-2022,67.55473980480382,69.8482415121839,67.20123405049036,69.2791748046875,105700
19-08-2022,68.15830562428542,68.15830562428542,66.17520246316528,67.23573303222656,115900
22-08-2022,66.02861673725653,66.1924335866223,62.717698166311855,65.2439956665039,132200
23-08-2022,65.57166112218626,68.02035632249644,65.32161719062796,66.70116424560547,87500
24-08-2022,66.46834088266053,67.09776252332935,65.65786094283962,66.95118713378906,74500
25-08-2022,66.9511882527668,68.71011269123919,66.9511882527668,68.24451446533203,60000
26-08-2022,68.63250837961147,68.63250837961147,65.4854133405089,65.67510223388672,58900
29-08-2022,64.77840423583984,65.39057792654171,63.98516564322881,64.77840423583984,75600
30-08-2022,64.32142975558388,64.45938772506794,61.7951319986398,63.17467880249024,112600
31-08-2022,63.21779915631087,63.21779915631087,61.7261596962238,61.87274169921875,109500
01-09-2022,61.06224129194105,61.06224129194105,59.0360315421412,60.25175476074219,132800
02-09-2022,60.56216303203348,61.85548944591294,59.682703965002695,59.949989318847656,88600
06-09-2022,61.07947899087461,62.05378888736475,59.32917867747321,61.25192642211914,165700
07-09-2022,60.92429833066964,62.82117440560174,59.82065428500563,62.493534088134766,75700
08-09-2022,62.157262582214415,64.75253935650892,61.631315906992775,64.41627502441406,102000
09-09-2022,65.11465848086124,66.9339378140796,65.10604104272254,66.61492156982422,119400
12-09-2022,67.52887882361554,72.52974328716121,67.52887882361554,72.3055648803711,190600
13-09-2022,70.14139268223757,72.09863010143297,69.38264364635508,69.87410736083984,195500
14-09-2022,69.21020001715016,69.71891179358505,65.65786791231433,66.80461883544922,197000
15-09-2022,65.85616920312881,67.08052303250405,63.812717971646805,63.95929336547852,211700
16-09-2022,63.41610816660013,63.41610816660013,59.42403640212035,60.04483413696289,607700
19-09-2022,59.027418324507344,62.83841868093397,59.027418324507344,62.48491287231445,149700
20-09-2022,61.38127067463165,61.38127067463165,59.71719050787478,59.90687942504883,98800
21-09-2022,60.12242963702763,60.63113480844945,57.80306243896485,57.80306243896485,145200
22-09-2022,58.38075180557173,58.38075180557173,56.846005559028335,57.13053894042969,94100
23-09-2022,55.89755638792239,55.89755638792239,53.70752337248209,54.57836151123047,146000
26-09-2022,54.42317143297874,55.0612138741922,52.8711804837474,53.5005989074707,127900
27-09-2022,54.017935694198464,55.6561505025638,53.56958213307637,54.00931167602539,116000
28-09-2022,54.38005655778368,54.50939049627296,53.40574987803424,53.673038482666016,145200
29-09-2022,53.92308888874901,54.5438833172007,51.077771498473126,53.88859939575195,140000
30-09-2022,53.94895159421,54.59561475375936,52.84531418775741,52.89704513549805,135300
03-10-2022,54.38006202889464,57.54439894087903,53.707533374925,57.44093704223633,175800
04-10-2022,58.89808394352463,61.88135614093597,58.89808394352463,61.83824920654297,171800
05-10-2022,61.16570756983998,61.43299287240211,60.36384508395653,60.682861328125,181600
06-10-2022,59.84652797578684,61.165719877776255,59.73443547548815,60.37247467041016,121200
07-10-2022,60.14830805622916,60.14830805622916,57.45818648812456,58.09622573852539,98200
10-10-2022,58.82046901316281,60.38970433620302,58.1651819814394,60.05344009399414,91800
11-10-2022,59.91548731458989,61.22606149079429,58.7170056142301,60.16553115844727,188300
12-10-2022,59.941373177053606,61.04501738760096,56.71668073662393,58.38938522338867,261300
13-10-2022,56.0613781395123,58.39799331931217,54.724944980885134,57.97550201416016,145500
14-10-2022,57.64787221551024,58.75150974753699,56.03552285275951,56.40627670288086,95700
17-10-2022,57.66511449421665,59.40679784400647,57.66511449421665,58.47560119628906,90000
18-10-2022,60.13105478875138,60.95016547210737,58.69977696469308,59.31195068359375,98500
19-10-2022,58.053113809456434,58.97568639775932,56.966717768679736,57.75133895874024,126500
20-10-2022,60.99327440093706,65.78720898310489,60.2517666995492,65.38196563720703,470700
21-10-2022,65.90792780037573,67.78756278375315,65.69237335998015,66.54596710205078,274900
24-10-2022,66.79850792459334,68.6274163982409,66.28467641715973,67.00753021240234,184500
25-10-2022,66.51112085616522,70.98757899824409,66.51112085616522,70.09925079345703,131000
26-10-2022,71.08337249931606,71.96298305231483,69.48961242269392,69.9773178100586,129700
27-10-2022,70.20375720979266,70.83951508638741,68.71450823762642,69.39381408691406,113500
28-10-2022,69.51573117218926,69.79442088461262,67.2078284612997,68.87996673583984,111200
31-10-2022,68.57515887102475,70.73500937669321,68.2964691262115,70.36051940917969,104800
01-11-2022,71.2749646860339,73.37385194894216,71.2749646860339,72.29393005371094,104200
02-11-2022,71.89332553035315,72.44199416692254,68.00907716337764,68.46195220947266,74600
03-11-2022,68.38355267719247,69.35025910173222,67.05977816173004,68.84513854980469,62800
04-11-2022,70.91789904333251,73.97478196370814,70.83080974374232,73.1561279296875,82500
07-11-2022,73.24322271800368,74.45378201314134,71.94557411674951,72.7206802368164,97100
08-11-2022,73.52192090285067,74.81086537222467,72.16330896729912,73.78319549560547,93500
09-11-2022,73.20837712397075,73.78317843734487,71.9020177511976,72.59003448486328,62700
10-11-2022,75.26372158190144,78.84314704120563,75.03729072573468,78.75605773925781,109400
11-11-2022,80.89848166713544,82.74480532367059,80.70688122751069,81.09879302978516,162300
14-11-2022,80.31497601362342,84.98303407863187,80.14079077568285,82.2832260131836,111500
15-11-2022,83.22380192765682,84.00761890796187,81.92615343189422,82.71868133544922,99800
16-11-2022,81.94357909623407,83.11059711468712,75.22018734266184,82.82319641113281,61600
17-11-2022,80.42819814153856,81.46457879912089,79.21763887597896,79.69664001464844,104100
18-11-2022,81.15976843416446,81.36007318251613,77.05780014350714,77.18843078613281,126600
21-11-2022,75.53369841989908,76.29138256915458,73.15612154607726,75.49015045166016,120000
22-11-2022,76.08237493097586,77.67613505531104,75.54241063273729,77.44098663330078,110600
23-11-2022,77.53678277997453,78.18125154788926,76.80522471550172,77.71096801757812,57900
25-11-2022,78.12029619306591,78.66026051693818,77.96353278577965,78.3902816772461,20300
28-11-2022,76.84878526567276,77.24940144564617,74.514755653814,74.81086730957031,76000
29-11-2022,75.44662168193886,77.47583525967417,75.44662168193886,75.93433380126953,62700
30-11-2022,76.81393675215382,79.14796601587737,75.06341978772721,78.72993469238281,95900
01-12-2022,78.19867897738216,79.12183754688995,76.57879269668757,77.61517333984375,65800
02-12-2022,76.20430084914081,78.78218268624178,76.01270040103064,78.19867706298828,93100
05-12-2022,78.45122945648738,78.52090354482479,73.06031813326442,73.39997100830078,110000
06-12-2022,73.96608415196854,74.47121148141555,72.23298219830184,72.97325134277344,91300
07-12-2022,72.37232033305268,72.88615856292257,70.00345386776237,70.16021728515625,95000
08-12-2022,71.07466339357045,72.48553398600826,69.67250372455476,70.5782470703125,119000
09-12-2022,70.19503981160587,71.31850962967943,69.59411903969648,69.95118713378906,171900
12-12-2022,69.78571270008985,72.07620030077372,68.70579085264394,71.98040008544922,239600
13-12-2022,74.54958987159415,74.54958987159415,71.69301781394584,72.97325134277344,367900
14-12-2022,72.59875678361364,73.71351589327176,70.83952216503758,72.9471206665039,159300
15-12-2022,71.51882385074663,71.51882385074663,67.6084499928031,67.72167205810547,180300
16-12-2022,65.7882619330168,67.58232676388289,65.51828310939767,66.8943099975586,1462600
19-12-2022,67.91327885856656,68.99320085242371,64.42094259827256,65.43119049072266,131900
20-12-2022,65.43118805259768,67.71296495499377,64.95219357337076,66.43273162841797,96900
21-12-2022,67.74778921048494,68.76674779633757,67.19912073606119,67.88713073730469,94600
22-12-2022,67.41684976558794,69.30671455859267,64.83025737923772,66.50239562988281,124100
23-12-2022,66.45014975228048,67.32976028365492,66.25854931352964,67.12945556640625,46900
27-12-2022,67.8174799405657,68.41840080446991,66.42402446345368,66.78981018066406,58400
28-12-2022,67.08592055066319,67.08592055066319,64.5428753958631,64.87381744384766,63500
29-12-2022,65.16121307156024,66.65046213798604,64.93477555930312,66.53724670410156,69500
30-12-2022,65.72728769644057,66.82463129742929,65.13507125323088,66.1540298461914,57900
03-01-2023,66.70269842801359,67.93939020320087,65.378924011747,65.9014663696289,92500
04-01-2023,66.46757248462056,69.13254379413152,65.81439272095704,68.06133270263672,90300
05-01-2023,67.96553426609375,69.73347314328282,66.37177400601648,69.00191497802734,90900
06-01-2023,69.84668282390508,72.82518742916986,69.19350309683183,71.68429565429688,76500
09-01-2023,72.91227542183672,75.14179339065943,72.91227542183672,73.83543395996094,119800
10-01-2023,73.565453658666,76.20429859252337,72.15458310985177,75.89948272705078,86200
11-01-2023,76.18688795766587,76.36977748791259,75.00245482841177,75.92561340332031,60600
12-01-2023,76.36977382025943,77.71097028881239,75.47274141496777,76.96199035644531,61100
13-01-2023,76.19559698185728,77.7283940641962,75.90820292756551,76.970703125,52300
17-01-2023,76.86618362238157,77.34517804911624,76.09107763039516,77.1797103881836,53500
18-01-2023,77.41486842675398,79.9492092094113,76.11721976692853,76.5962142944336,99400
19-01-2023,75.48144899002482,76.4220294081873,74.42765314253252,74.56700134277344,107800
20-01-2023,74.76731057310964,75.53371243156661,72.99066078007978,74.25347900390625,147100
23-01-2023,73.95736827391048,74.81957037506295,73.60030011286307,74.72377014160156,74500
24-01-2023,74.44256535134924,76.1210634504474,73.4671044391878,74.84680938720703,95100
25-01-2023,74.0207245003685,77.69407887137248,73.31768754045433,77.4040756225586,70600
26-01-2023,78.16863272162409,78.56409358457165,76.2704433753142,78.37075805664062,45600
27-01-2023,77.87863945106456,78.54651731552273,76.40226691676659,76.5340805053711,51300
30-01-2023,75.6728649087648,76.54286809160058,75.08407521455564,75.28619384765625,48600
31-01-2023,75.54983172406567,77.51832607403783,75.54983172406567,76.91195678710938,135800
01-02-2023,76.61315918752972,79.7328764158903,74.87314643408183,78.95074462890625,221500
02-02-2023,79.26712657527975,81.62229210299097,78.06318444628023,81.490478515625,118500
03-02-2023,80.34803200620823,83.08986816179271,80.34803200620823,82.53622436523438,111100
06-02-2023,82.67684753745515,83.08109151528382,77.34257426413419,78.35318756103516,113400
07-02-2023,77.78197415832832,79.68895345362577,77.4831810371125,79.18804168701172,82100
08-02-2023,78.60801237678183,79.26710696922436,75.65526806626679,76.24406433105469,98800
09-02-2023,77.59742496470422,77.59742496470422,74.05588352531825,74.6798324584961,79300
10-02-2023,74.18770594924827,74.18770594924827,72.19284872211864,73.7219467163086,94200
13-02-2023,73.48466125645142,75.90134161781988,72.89586494559654,74.98739624023438,55600
14-02-2023,75.09285924015597,78.38833299331657,73.4143680949686,78.22136688232422,87300
15-02-2023,76.78014084505102,79.07379093282445,75.38285659743069,79.01227569580078,153000
16-02-2023,78.08953834379837,80.62924931162854,77.40408094828128,77.88741302490234,90000
17-02-2023,78.28286847012264,79.10014608654349,77.3425603914154,77.4040756225586,128600
21-02-2023,76.49893105594684,77.89620866614041,74.60952482122678,74.76770782470703,102700
22-02-2023,74.59193072531218,76.92952280016524,74.00314115625925,74.75890350341797,168100
23-02-2023,70.68130669240581,70.68130669240581,63.44005574196432,69.25765991210938,332400
24-02-2023,67.35068419978528,68.37008713479986,62.77217420743156,66.08522033691406,245600
27-02-2023,66.42795224193546,69.2137308367311,66.08522354653843,67.06068420410156,206400
28-02-2023,67.21007285827207,70.83948452306014,66.93764254503195,69.70584106445312,285300
01-03-2023,69.63555686931353,71.95556990047076,69.63555686931353,71.59526824951172,117600
02-03-2023,70.2155641456336,73.03648895563141,70.2155641456336,72.86073303222656,104900
03-03-2023,73.63405547618554,74.40739078909948,72.09616795171547,74.10860443115234,188000
06-03-2023,73.60769533839449,73.60769533839449,70.42646261992846,70.94495391845703,118200
07-03-2023,70.6461515641336,71.49858163970855,69.63553851881633,69.88159942626953,97200
08-03-2023,69.67071321926811,69.93435382100563,68.03615757967711,68.4228286743164,149800
09-03-2023,68.64250356319695,69.09068975164769,65.9973354573597,66.41915893554688,166600
10-03-2023,66.14673177178838,66.25218932252645,62.03398115820288,62.64035034179688,169000
13-03-2023,61.89338865138404,63.74764233965997,60.548836490758745,61.040958404541016,177500
14-03-2023,63.59826604737445,63.85311687893064,60.4170322622172,61.6649169921875,222500
15-03-2023,59.213055629464826,60.99701062064608,56.3130434524613,57.56971740722656,237600
16-03-2023,56.63819883913347,58.263971042484776,55.58365005745586,57.675174713134766,193600
17-03-2023,56.96335869389029,57.23578236262746,53.720613918469226,54.33576965332031,673800
20-03-2023,54.52909503663047,56.13728754250867,54.52909503663047,55.32879638671875,179100
21-03-2023,56.76123519358824,58.84397696376041,56.71729956751203,58.457305908203125,214100
22-03-2023,58.299126774678925,58.9494384485023,55.96154078595596,56.02305603027344,149000
23-03-2023,56.15486953316542,59.07246179077278,56.15486953316542,58.7912483215332,295600
24-03-2023,57.90365554493826,62.341561751017394,57.37638121962608,61.82307052612305,386000
27-03-2023,62.88639529185431,65.14489196908417,61.96366709959426,64.05519104003906,167800
28-03-2023,64.05520298870037,65.36460230843808,63.72126415749367,64.15187072753906,235900
29-03-2023,64.9515941499585,64.9515941499585,62.86885231660638,63.08855056762695,182000
30-03-2023,63.71249493376923,64.23097960533887,62.561278205284346,63.87067794799805,137700
31-03-2023,64.67915681469522,65.74249543090133,64.09915698069997,65.58431243896484,96300
03-04-2023,65.760079919282,66.1994764067213,64.50340569701932,65.74250030517578,81300
04-04-2023,65.83916217152303,65.83916217152303,62.66671927999673,63.352176666259766,100200
05-04-2023,62.6315699990484,63.22036636547243,61.13762468016142,61.5594482421875,112300
06-04-2023,61.87581668277078,62.41187423005629,60.50489508050308,62.23611831665039,90200
10-04-2023,61.89340373214198,63.86189857156674,61.89340373214198,63.71250534057617,75400
11-04-2023,64.27492198787239,64.9340167635517,63.3258239017761,63.36976623535156,110000
12-04-2023,62.81611876913672,62.81611876913672,59.56458105117391,59.91609954833984,146200
13-04-2023,60.496105149836815,60.50489495688665,58.93185472788184,59.02852249145508,242800
14-04-2023,59.24821502513993,59.33609297319424,57.06002260669649,57.87730026245117,199400
17-04-2023,58.176090462340056,59.21306640892759,57.63124312568672,58.879127502441406,199000
18-04-2023,59.38003110306303,59.46790904490685,57.27092697552513,58.74729919433594,168400
19-04-2023,58.360640632087616,59.39760983404923,57.35002744014069,59.133975982666016,124100
20-04-2023,58.48367605315698,59.1076182702902,56.43608678130246,56.980934143066406,107400
21-04-2023,56.38336408733064,56.38336408733064,54.54668316611371,55.75941848754883,145400
24-04-2023,55.02104953477375,55.9995989594235,54.10477442960681,54.247108459472656,144800
25-04-2023,53.562128186965886,53.562128186965886,50.80440491549862,51.02680206298828,223300
26-04-2023,51.29367811954009,52.4234560394948,50.51973699407122,51.720680236816406,264500
27-04-2023,54.24710736281078,58.07233730744638,53.917960561683365,57.19164657592773,243700
28-04-2023,57.4229434052063,58.61498880003269,55.85726566262326,58.46376037597656,183100
01-05-2023,58.41928720056499,58.953039053114246,56.02629486426931,56.57783889770508,172800
02-05-2023,56.382128251220045,56.382128251220045,53.49096520722557,55.23455810546875,107700
03-05-2023,55.19898081762796,56.58674047820074,54.30939207473787,54.70081329345703,114800
04-05-2023,54.300486886006254,54.9320939534576,53.268564285131134,54.88761520385742,138000
05-05-2023,56.27536992562049,56.41770395723702,55.40357355778031,56.06187057495117,78300
08-05-2023,56.560045607827256,57.09379741788682,55.6793513883666,56.18641662597656,79600
09-05-2023,55.60817799058468,56.02628568916781,55.08332061767578,55.08332061767578,68300
10-05-2023,56.28427251113281,56.28427251113281,53.624401038681775,54.76307678222656,76200
11-05-2023,53.66888348462193,54.10478001139485,53.28636010361066,53.54433822631836,86000
12-05-2023,53.82011024481332,53.82011024481332,53.04616911379005,53.47317123413086,68500
15-05-2023,54.07809131144076,55.42136859195051,53.85569416348469,54.61184310913086,80900
16-05-2023,54.167050116691776,54.96768122600444,52.87714594880415,52.94831466674805,127400
17-05-2023,53.60660702098931,55.52811824254275,53.037270865493646,55.24345016479492,134700
18-05-2023,55.04774638859849,56.80023371439275,53.28636127597399,56.60452651977539,101800
19-05-2023,57.5652814010435,58.61499629181469,56.88919551227276,57.422950744628906,229500
22-05-2023,56.933679304938025,59.00642269601906,56.933679304938025,58.20579147338867,92400
23-05-2023,57.83215837021235,58.94414415066624,57.156069115330055,57.92111587524414,57000
24-05-2023,57.20054797894454,57.20054797894454,55.46584618876755,55.99070358276367,54900
25-05-2023,55.99960381858618,56.40881376576932,54.825347121923365,55.6971435546875,74900
26-05-2023,55.63486627508265,56.48887043093449,55.43915571680003,56.417701721191406,75000
30-05-2023,56.54225809582712,56.93367589594761,55.5637085052586,55.803897857666016,70600
31-05-2023,55.72382414315626,55.72382414315626,53.10843512572077,53.73114776611328,93800
01-06-2023,54.32717070020786,56.48887107748869,53.65997930952886,55.68824005126953,76100
02-06-2023,57.48522136653448,60.29631798889715,57.36067949771591,59.9671745300293,123000
05-06-2023,59.6202216094446,59.87820310327792,57.02262467343069,58.52603149414063,106000
06-06-2023,58.223563096577706,61.11472564641736,58.223563096577706,60.678829193115234,79000
07-06-2023,61.408292910974325,62.98286835265253,61.408292910974325,62.41353225708008,111200
08-06-2023,62.27120928550744,62.27120928550744,60.51871845254873,61.45278930664063,62400
09-06-2023,61.23928387099543,61.23928387099543,59.264402625176594,60.02944946289063,75000
12-06-2023,60.47422136384604,62.1199585177464,60.11838465264632,61.70185089111328,95600
13-06-2023,62.41354412820213,64.18382367498734,62.048809516997885,62.86722946166992,109500
14-06-2023,63.383187072269145,64.27277566275713,61.710762965479766,62.022117614746094,89300
15-06-2023,61.82642171948111,63.53443058989614,60.91904412801811,63.22307586669922,81700
16-06-2023,63.27643983787137,63.65896323856522,62.0488099130279,63.35650634765625,418200
20-06-2023,63.09852317820564,63.09852317820564,61.7641402040045,62.77827072143555,99300
21-06-2023,62.27119921717642,63.70343734213325,61.91536243567385,63.21416091918945,97500
22-06-2023,62.30679699059242,62.98288634232786,61.23928641621696,61.24818420410156,83600
23-06-2023,59.69139741091208,61.32824406585251,58.89966405068759,60.94572067260742,187700
26-06-2023,60.86566249052114,62.564780312280654,60.72333181546035,60.830078125,80800
27-06-2023,61.19480076800949,63.13410419254717,60.65215117763273,62.618141174316406,88500
28-06-2023,62.27121838916166,63.57891506125792,61.87090612861244,62.29790496826172,86700
29-06-2023,62.360149256439406,64.34393449478114,61.808608758755234,63.84576034545898,65100
30-06-2023,64.58412965093017,64.58412965093017,63.17857806346123,63.730125427246094,82000
03-07-2023,63.52551409714899,65.08229387545613,63.52551409714899,64.877685546875,36200
05-07-2023,64.04147021208274,64.69977054759497,62.48469043438048,63.04513549804688,91300
06-07-2023,62.62703724707419,62.78716346259117,59.9226871555776,62.671512603759766,90300
07-07-2023,63.06293368125226,65.34027826654986,63.06293368125226,64.5841293334961,72200
10-07-2023,62.804953220444204,66.22986794129352,62.804953220444204,63.99700546264648,70500
11-07-2023,63.97921338981016,65.3936628573229,63.68564750958753,65.19795227050781,70400
12-07-2023,67.16395116575438,68.29372590106014,65.80288145321983,66.55013275146484,86700
13-07-2023,66.91484724081677,68.1958568370594,66.91484724081677,67.80443572998047,74900
14-07-2023,67.67991008828368,67.67991008828368,65.58048020825322,67.13726043701172,75100
17-07-2023,66.98603617486887,68.55170750188657,66.88818086855231,68.32041931152344,62100
18-07-2023,68.51612137545254,69.53025877729632,67.46640639679352,67.66211700439453,85100
19-07-2023,68.15136805640743,70.6422182981398,67.67988728902016,70.51766967773438,96800
20-07-2023,70.82014938003067,71.16708839298467,69.78822334056161,70.13516235351562,84900
21-07-2023,70.53549227862342,70.75788946447341,69.01429634185236,70.31309509277344,80700
24-07-2023,70.7263135657218,71.9480497008299,69.71118494556589,70.99581146240234,88200
25-07-2023,71.3821177252888,74.26578919755127,71.37313240343964,72.61284637451172,136900
26-07-2023,78.73053885409439,79.42226468377262,73.376431793867,74.6700439453125,232800
27-07-2023,74.63410151789832,74.63410151789832,70.16036454258295,70.93293762207031,127200
28-07-2023,71.77737819147727,72.44214797263261,70.19629763406193,70.88802337646484,80900
31-07-2023,71.12159145165275,73.09794398899334,71.09464234246309,72.94522094726562,86000
01-08-2023,72.02890151453443,73.66388004129946,71.50786266933264,73.48421478271484,67100
02-08-2023,72.13671508580863,72.77453575481628,71.08565192620719,71.72347259521484,69900
03-08-2023,71.45397386410663,72.54994990553111,70.51969931820037,71.28328704833984,68000
04-08-2023,71.46295631225071,72.10077694844095,70.55563090976447,70.9419174194336,43200
07-08-2023,70.98684123126485,71.56178527805993,70.04358811170911,70.16036987304688,51900
08-08-2023,68.84880695119017,69.98071776181493,67.87859768494036,69.6034164428711,47000
09-08-2023,69.33389889065207,70.22325379499449,67.78875260590877,68.3457260131836,56900
10-08-2023,68.92965347752576,69.15423855005886,67.98639343136978,68.73201751708984,68100
11-08-2023,68.4355468979394,69.07336752603437,67.94145711726472,68.47148132324219,50600
14-08-2023,67.84263806692508,69.24405321596736,66.48614951602522,69.15422058105469,84600
15-08-2023,68.28285277431617,68.28285277431617,66.531084957689,67.01618957519531,83300
16-08-2023,66.90838140223195,68.6601420583226,66.90838140223195,67.21381378173828,75300
17-08-2023,67.66297319106476,70.11544457582511,67.66297319106476,68.57927703857422,78500
18-08-2023,67.61806721190128,69.09135151889416,66.86346469607305,68.64218139648438,68900
21-08-2023,68.48945524432412,69.09134838997754,66.75565837618852,67.24974822998047,58900
22-08-2023,67.9324774284336,68.16604090801106,66.5310622820153,67.0880355834961,51500
23-08-2023,67.13295490413752,67.13295490413752,65.93816099358258,66.10884094238281,43100
24-08-2023,65.53391605857222,66.04596970787566,64.57269230097481,65.00389862060547,60000
25-08-2023,65.56086785226242,65.69561339314657,63.961816611258186,65.1296615600586,54900
28-08-2023,65.42611711094972,67.03414685945458,65.18356142364567,66.18970489501953,49200
29-08-2023,66.2975057127159,67.3395767211914,65.53391110332072,67.3395767211914,71800
30-08-2023,66.98024095993593,68.78590662279893,66.98024095993593,68.43555450439453,39600
31-08-2023,68.29180559304694,68.89369861786875,68.07620590639804,68.20197296142578,66000
01-09-2023,69.25304978415454,70.78023239202943,69.25304978415454,70.1513900756836,59300
05-09-2023,69.38778395553145,69.38778395553145,66.64785089901369,67.12397003173828,103700
06-09-2023,67.07007586031065,67.65399144841115,65.69560973568905,66.8544692993164,75600
07-09-2023,66.23462811643896,66.64786379942748,64.68948182556497,66.279541015625,97200
08-09-2023,66.49512753335885,67.41143822314343,66.24359341578368,66.25257873535156,73500
11-09-2023,67.16888462402805,68.10315912770918,66.32444961118986,68.07621002197266,98400
12-09-2023,67.96842333612165,69.41474476357718,66.69277503358734,68.12113952636719,67000
13-09-2023,68.26488081240743,69.17220647878861,67.59112555449714,68.46251678466797,74500
14-09-2023,69.58542444199209,72.44214628005984,69.58542444199209,72.40621185302734,80400
15-09-2023,72.24451661634978,72.71165735444649,68.96557354385557,69.45966339111328,497100
18-09-2023,69.88188549125786,69.88188549125786,67.8336709168931,68.085205078125,46500
19-09-2023,68.18403067609384,68.37268131811989,67.2317852900385,68.04927825927734,49600
20-09-2023,68.63318463569718,69.40575766577857,67.5372086230798,67.64501190185547,57100
21-09-2023,66.56700312632178,67.20482380444612,65.51594680548833,65.59679412841797,54400
22-09-2023,66.01004512483445,67.95944183834688,65.81240917161342,66.21665954589844,63800
25-09-2023,65.3272987850932,65.83935241196517,64.57268947224465,64.62659454345703,78900
26-09-2023,64.4558996792228,65.74951156634637,63.207207536876304,63.61145782470703,63100
27-09-2023,64.43793780320213,65.31830725508034,63.53061239138436,64.8871078491211,88300
28-09-2023,65.2554329725482,67.22280024575426,64.47387451450109,65.87528991699219,92000
29-09-2023,66.83651950820905,68.79490163101185,66.82753418617168,67.60909271240234,87800
02-10-2023,67.55517454079941,67.60907960878356,65.3093242322118,65.58781433105469,105100
03-10-2023,64.73439054814956,66.47717267361716,62.937710205619375,62.95568084716797,91100
04-10-2023,63.02755186512875,63.02755186512875,61.778852678801066,61.82377243041992,83800
05-10-2023,61.81477643329817,62.56938563665703,60.17979782210973,60.30556488037109,85400
06-10-2023,60.33252856835004,61.114080122845465,59.25451626169997,60.48524475097656,62400
09-10-2023,59.79351719179039,61.85071692337482,59.54198305059951,61.383583068847656,45800
10-10-2023,61.70699226355646,63.8001197794365,61.51834163871536,62.88381576538086,50300
11-10-2023,63.20720870922824,64.30318470572576,63.18025960337845,63.997745513916016,65400
12-10-2023,64.42895300892592,64.42895300892592,61.033228530677945,62.46158599853516,65800
13-10-2023,62.79397718598772,63.09940954391004,59.96420437291224,60.26065826416016,79800
16-10-2023,60.97034863774165,62.02140497160495,60.67389474240847,60.77271270751953,70600
17-10-2023,60.26066924692898,63.216209670019786,59.13774386674825,62.87483596801758,78000
18-10-2023,62.51547636688401,62.51547636688401,60.45828382926046,60.503196716308594,55000
19-10-2023,60.47624943437228,62.71311414891502,59.75757468205965,59.78453063964844,75200
20-10-2023,59.86538998034371,59.88336062234725,57.49377241646776,57.70039367675781,86300
23-10-2023,57.60157094635135,58.356173357129656,56.990695963867566,57.00866317749024,72400
24-10-2023,56.96319114683909,58.88197098813113,56.96319114683909,58.472755432128906,114900
25-10-2023,57.74526052037463,57.81801212000234,56.353919132873,56.972293853759766,127400
26-10-2023,55.02623182158864,56.92682405582327,52.543640649040725,52.625484466552734,145500
27-10-2023,52.48907368040594,52.761885214105085,48.80610583401346,49.36082458496094,204600
30-10-2023,50.479358511434725,51.48876439239496,49.324456371421526,51.370548248291016,152100
31-10-2023,51.38873502305979,53.83495386536569,50.606676117287016,51.6524543762207,94900
01-11-2023,51.6706363734363,51.6706363734363,49.3608253139624,51.3250732421875,98900
02-11-2023,52.54363310383976,53.071071734063686,51.21594778284317,52.94375991821289,81100
03-11-2023,54.62611027702106,55.96289151886288,53.35298495441101,53.5257682800293,109700
06-11-2023,53.95317174439143,54.70795050963659,53.11654569523012,54.18051528930664,107300
07-11-2023,53.562137789566975,53.88041734833363,51.72520162571665,52.60729217529297,70500
08-11-2023,52.81645269454514,52.943764521465205,50.63395333052752,52.00710678100586,62600
09-11-2023,52.64366263575188,52.64366263575188,50.52482292581358,51.13410186767578,102900
10-11-2023,51.63425485248511,51.63425485248511,50.50663302982036,50.67941284179688,145800
13-11-2023,50.8522024996628,51.64336053423192,49.64273664368004,50.879486083984375,79300
14-11-2023,52.743699099687646,55.59004107414231,52.32538783593665,55.42635345458984,119200
15-11-2023,55.79009595274759,57.35422041124042,55.42634841822864,56.61762619018555,91800
16-11-2023,55.99925754021113,55.99925754021113,53.59850705383192,53.85313415527344,78100
17-11-2023,55.0171348094337,57.59975747478478,54.635199340333216,55.25357055664063,110900
20-11-2023,55.69916598841457,56.162945272739314,54.79888406485977,55.271759033203125,55800
21-11-2023,54.6170109259785,55.48091356526255,54.071384372287184,54.135040283203125,74000
22-11-2023,54.31691360473633,54.78069633006973,53.88950667530885,54.31691360473633,58900
24-11-2023,53.998634117838606,54.61700877291962,53.65307099435526,54.25325775146485,31000
27-11-2023,53.98954220127077,54.244169321649466,53.09835595241303,53.28023147583008,81500
28-11-2023,53.60759881781753,53.95316191444552,52.3344738106533,52.816444396972656,160800
29-11-2023,53.680346295413926,54.47150417581802,52.37084897972417,52.416316986083984,114700
30-11-2023,52.31628880000423,54.25325652794264,52.30719658571698,53.18019485473633,85000
01-12-2023,53.07107725985582,55.28994899182502,53.07107725985582,54.62610626220703,134000
04-12-2023,54.04410156890634,56.13566124815611,54.04410156890634,55.71735000610352,111300
05-12-2023,55.48091007098371,55.48091007098371,53.13472679173714,53.24385070800781,99400
06-12-2023,53.79856949587172,55.062598889990994,53.09835105020409,53.18019485473633,112400
07-12-2023,53.16200950643653,54.298727141122505,52.9255737647761,53.65307235717773,87600
08-12-2023,53.77129208993817,55.08988524309631,53.77129208993817,54.56244659423828,90500
11-12-2023,54.726141863822704,57.454264575004345,54.22598672723689,56.38120269775391,204300
12-12-2023,55.97198165682782,56.11748139095379,54.162328930447806,55.01713943481445,137500
13-12-2023,54.298722266179816,59.56399870988523,54.298722266179816,58.972904205322266,200800
14-12-2023,60.76438011399191,63.656190173686944,60.564316691941606,61.61919403076172,232200
15-12-2023,62.33759726867808,62.67406124504285,60.90078452698214,61.12812805175781,1129900
18-12-2023,61.66464685666692,62.36486870077479,60.19146546148146,61.04627227783203,155200
19-12-2023,61.80108268572131,63.74714332446069,61.80108268572131,63.510704040527344,114800
20-12-2023,63.137838457231005,65.25668158797512,62.29212034149903,62.42852783203125,104400
21-12-2023,63.27424123863095,63.401553036859774,62.610395201032674,63.23786544799805,74200
22-12-2023,63.68346399836511,64.86565304573746,63.64708820358729,64.57465362548828,70400
26-12-2023,64.94750326932571,66.31156456030386,64.86566292209478,65.9569091796875,64600
27-12-2023,66.25700299951794,66.81172180175781,65.82050034245358,66.81172180175781,71000
28-12-2023,66.37520686975647,67.04814863069741,65.90233543852926,66.4570541381836,57900
29-12-2023,66.20243509338499,66.4570587229946,64.20180797593012,64.73834228515625,96100
02-01-2024,63.91081330116607,65.53859384055454,63.6380052225821,63.92900466918945,92700
03-01-2024,62.946876281927885,62.946876281927885,59.90047443598169,60.02778625488281,105800
04-01-2024,59.99140868709458,60.53703174312896,59.20025074616191,59.31847381591797,72900
05-01-2024,58.5727930259675,60.537037605502334,57.48153987024881,58.80013656616211,72000
08-01-2024,58.42728955144749,60.09144592285156,58.00897827204073,60.09144592285156,106100
09-01-2024,58.8728823682746,59.60948017061734,57.99988398954838,58.13629150390625,70500
10-01-2024,57.75435233850947,58.10901118077388,56.96319777743049,57.73616790771485,97700
11-01-2024,57.24509872684741,58.31815694410075,56.38119266162197,57.91803359985352,105500
12-01-2024,59.09113870095703,59.900481185730406,57.75435404490205,58.06354141235352,60800
16-01-2024,57.21782533073565,57.44516889000079,56.09020321941352,56.38120269775391,97400
17-01-2024,55.1899138339781,55.94469601513625,54.3896671098185,54.83525848388672,99800
18-01-2024,55.09898382891178,56.86316855728208,54.125953696322455,55.03532791137695,63700
19-01-2024,55.69007153741144,57.00866121023029,54.60791413579088,56.9359130859375,91400
22-01-2024,57.0268534929433,59.700415778746034,56.89954166390264,59.2821044921875,150200
23-01-2024,59.81862551754274,61.61918923797209,59.81862551754274,60.56431198120117,166100
24-01-2024,61.3831281148118,61.50272700442712,59.09230294873033,60.65631866455078,114500
25-01-2024,61.91673072510624,61.96272705443144,59.87430559050453,61.52112579345703,112100
26-01-2024,62.64353495162525,62.94714021450688,61.65912363005128,62.50553894042969,70500
29-01-2024,62.50554590043186,63.32435508061998,61.3463301434304,63.24155044555664,68100
30-01-2024,62.38594350323288,62.56074783890336,61.78794197007428,62.10074234008789,48800
31-01-2024,62.19274035011012,62.83675224247008,59.70871353149414,59.70871353149414,102500
01-02-2024,60.306716038866384,61.24512404878566,58.96349397618388,60.98752212524414,72600
02-02-2024,59.662703445871344,60.7851178290183,59.01869864527517,60.40791702270508,64700
05-02-2024,58.87150480652851,59.01870642457653,57.07748267374343,58.14469528198242,75900
06-02-2024,57.9974860066062,59.85590487301169,57.9698832940417,59.34990310668945,79200
07-02-2024,59.23030485952007,59.23030485952007,57.47308752301004,58.4390983581543,94500
08-02-2024,58.76109046488271,60.131908139618986,57.62947757022472,59.66270065307617,65500
09-02-2024,59.635106659919714,59.90191066501644,58.42069254448445,59.50630569458008,68900
12-02-2024,59.89271073010444,61.19912457900381,59.89271073010444,60.25151443481445,96600
13-02-2024,57.46387843296455,61.419928004681786,55.85385940107687,56.52546691894531,113500
14-02-2024,57.82268937737698,59.0095043979976,57.16028385039616,58.31949615478516,161200
15-02-2024,58.3930888808795,60.39871278401804,58.36548616929825,60.30671310424805,155500
16-02-2024,59.80070775745223,62.1007349788927,59.80070775745223,60.775917053222656,96600
20-02-2024,59.37750758805143,60.58271968709581,58.32869566600296,60.50911712646485,113100
21-02-2024,60.73911753960552,62.18353439585945,60.573515294086704,60.7943229675293,134100
22-02-2024,62.92875169799084,67.79561056742253,57.8042908802398,64.96197509765625,262800
23-02-2024,65.32079261614447,65.65199719657349,64.14317944978716,65.44039154052734,150500
26-02-2024,64.75036764005313,66.41559221985308,64.17996534764642,66.3235855102539,160700
27-02-2024,67.42760239204691,67.42760239204691,65.14597218064883,65.1551742553711,117200
28-02-2024,64.00516401392844,65.41277969941898,63.913164319155705,64.65837097167969,121000
29-02-2024,65.9739707763981,66.87558440987407,65.21956223374478,66.71917724609375,137500
01-03-2024,67.27119880024891,68.04400457862893,66.1579864657009,67.70359802246094,110100
04-03-2024,67.5380055628324,68.0256102313896,65.56917572021484,65.56917572021484,113100
05-03-2024,64.66757924107297,66.18559891717024,64.36397390202804,66.0199966430664,139300
06-03-2024,67.30800428013437,67.98881041584654,66.02918260566777,66.91239929199219,136600
07-03-2024,67.38159903693756,69.52522620398753,67.38159903693756,69.44242858886719,132800
08-03-2024,70.58324226905478,71.12604536854107,68.57761808711312,69.42402648925781,94000
11-03-2024,68.24641200205984,71.07084531504478,67.63920141077003,70.61083984375,217300
12-03-2024,71.03405024490596,71.03405024490596,69.36883253936448,70.09564208984375,192500
13-03-2024,70.45442319547706,72.58884780247986,70.36242352655341,71.50323486328125,238100
14-03-2024,71.36524571353047,71.58604636566426,69.09281765214477,70.92363739013672,272500
15-03-2024,70.60162832413896,72.76365234617144,70.60162832413896,72.03684997558594,1008700
18-03-2024,72.69926717369292,73.01207456812284,71.20885382456979,71.9172592163086,150800
19-03-2024,71.33765801450842,72.8924789428711,70.51884873746148,72.8924789428711,188100
20-03-2024,72.5888535926749,75.92849027295738,72.43245344111664,75.51448822021484,159500
21-03-2024,75.90090080038915,76.34250912982516,74.87968811899927,75.49609375,115000
22-03-2024,74.91649377029489,74.99009633268417,73.94128438558033,74.64048767089844,106600
25-03-2024,75.8548948853063,77.94332353115347,75.67089551541163,77.33611297607422,152900
26-03-2024,78.22852336679354,78.83573391183313,76.88530833521841,78.34812927246094,150900
27-03-2024,78.9185338047763,81.36576616565706,78.9185338047763,81.14495849609375,146300
28-03-2024,81.14496499367498,83.36219480731377,81.14496499367498,82.2121810913086,159800
01-04-2024,83.0125837890325,83.0125837890325,81.08055534904715,81.57736206054688,83100
02-04-2024,81.2645857377878,84.15342015788372,80.80458016746516,83.61981201171875,185000
03-04-2024,83.0493701326334,85.42299963278016,83.0493701326334,84.8709945678711,202100
04-04-2024,85.4966124469612,85.82781692950527,82.49737497464582,83.67498779296875,130700
05-04-2024,83.08619914264725,85.6346337880845,82.76419666555073,85.53343200683594,116800
08-04-2024,86.58222579775367,86.81222852125867,84.88020704764186,86.26022338867188,113700
09-04-2024,87.12502733029594,87.91623724682742,85.42300860999018,85.97501373291016,129000
10-04-2024,83.44498683474376,84.91700990790395,81.5313694740627,83.37139129638672,160600
11-04-2024,83.78539313004991,84.13499474828484,82.38697963798407,83.96019744873047,107900
12-04-2024,84.1809985460933,84.7146065602654,81.24616148727306,82.01897430419922,109700
15-04-2024,84.22700990179368,85.00901784837815,81.35657305340362,81.72457885742188,137200
16-04-2024,79.85695966509931,83.50020247666922,79.12094803848582,83.2333984375,280200
17-04-2024,84.59500284358009,85.33101440077915,82.37778013551097,82.7641830444336,195500
18-04-2024,82.9573745727539,83.73018731725581,81.20015754340979,82.9573745727539,140800
19-04-2024,82.19376119787833,83.95098518853915,81.77975914706444,82.3317642211914,133200
22-04-2024,82.33177070518852,83.27018572232157,80.76775503546794,82.6353759765625,108200
23-04-2024,81.77976521443334,82.60777639661791,81.12655834268936,82.4605712890625,173100
24-04-2024,80.9665235095948,82.2007427018228,79.81582647591293,81.04076385498047,204500
25-04-2024,82.1264998304531,83.69479344873125,79.63950497611826,82.11721801757812,670900
26-04-2024,83.67624708852426,88.59456109467399,82.90601929979643,88.08416748046875,470600
29-04-2024,88.01918679960681,89.46684510491886,87.19328248975724,88.2975845336914,155800
30-04-2024,86.84993655544663,87.54592389346743,83.88967522543037,83.97319030761719,179700
01-05-2024,84.56710336806493,87.01697835988772,83.45352640085447,85.2352523803711,215800
02-05-2024,85.67138857715835,87.75935028573505,84.91044281545277,87.53663635253906,139000
03-05-2024,88.92862715394696,89.52253580482164,86.70146617319213,89.18846130371094,156000
06-05-2024,90.12572007113444,92.2971970990594,90.12572007113444,90.74746704101562,175500
07-05-2024,90.58970975974135,92.1023196136832,90.53402596122676,90.76602172851562,111600
08-05-2024,89.30908315550744,90.30202469585008,88.01918733431322,89.07708740234375,92000
09-05-2024,88.79870636869984,91.36921647711532,88.79870636869984,90.5433120727539,90500
10-05-2024,91.1001016706404,91.87032936348167,90.3669941523884,91.58265686035156,98400
13-05-2024,92.47350534574836,93.56852554502372,92.01879566806782,92.97461700439452,90600
14-05-2024,93.66133924952965,94.33877006158076,91.87033149377623,93.2623062133789,113400
15-05-2024,94.60787545670784,94.60787545670784,92.63127397650572,93.9118881225586,87700
16-05-2024,93.3736586988958,93.4571737765043,91.33209170465082,91.51769256591795,111200
17-05-2024,92.23225141576944,94.89556579862747,92.23225141576944,93.70774841308594,168100
20-05-2024,93.19734046445993,95.04402480051203,92.86326599121094,92.86326599121094,100300
21-05-2024,92.79830131071677,94.9790599755289,92.12087059597116,93.19733428955078,161000
22-05-2024,92.08376383653808,92.08376383653808,88.74301909571807,88.78942108154297,121100
23-05-2024,89.26269876725388,89.38333402432737,87.52736778040035,88.56671142578125,139200
24-05-2024,89.32764846930826,89.71739964280401,88.29758673939185,88.79869842529297,100200
28-05-2024,89.90299091583293,90.93305261709382,88.99357153630883,90.88665771484376,138700
29-05-2024,89.2719709700254,91.67545086934524,88.97501666261378,90.86810302734376,121000
30-05-2024,90.91450392194182,92.42711380090654,90.60826780486671,92.32503509521484,86400
31-05-2024,93.15094308421692,93.2530217938648,89.71740837044953,90.75675201416016,139100
03-06-2024,91.9167346278166,91.98169316567574,88.9843044502904,89.09566497802734,87200
04-06-2024,87.70368523056868,87.89856083301285,84.75269867365131,85.43012237548828,107200
05-06-2024,85.27236778393515,85.8291562363771,84.40006139114155,84.72486114501953,201400
06-06-2024,84.67846144760696,88.43679599315178,84.67846144760696,86.6179428100586,143500
07-06-2024,84.55780792511571,85.70850478674537,83.52774629673863,84.46500396728516,104700
10-06-2024,83.73191739054671,85.65284210513235,83.20296731203615,85.44868469238281,116200
11-06-2024,84.09383034352717,85.18885067525527,82.47913466592786,84.48358154296875,124600
12-06-2024,88.04703341989365,88.13055557993665,85.92195128479948,85.96835327148438,127800
13-06-2024,85.44868250654336,86.19106471215659,83.98246756153002,84.94757080078125,109200
14-06-2024,83.37928298099112,84.17734904078056,81.74603068654422,82.77609252929688,136900
17-06-2024,81.82955298510225,82.21002238821647,80.55821354358278,81.90379333496094,153600
18-06-2024,81.5975543419739,83.21224295508762,81.5975543419739,82.5069808959961,94600
20-06-2024,82.63689884111659,83.54631832484533,81.56971684780493,81.6161117553711,93500
21-06-2024,81.31915588412703,82.28425915036162,80.86444615098014,82.24713897705078,336400
24-06-2024,82.37706136283778,83.63911901710242,82.08938885103983,82.71113586425781,85100
25-06-2024,82.12650251023258,82.12650251023258,80.6138926398992,81.34700012207031,128600
26-06-2024,81.30988241594955,81.31915714945973,79.8436674071278,81.05004119873047,109300
27-06-2024,81.65323866632384,81.94091826874634,79.11984852982314,79.7508773803711,109600
28-06-2024,80.94797041797152,81.84810809438065,80.04782566161309,81.56971740722656,486400
01-07-2024,81.88522930140256,83.07304657345256,80.40973952501373,80.9850845336914,109600
02-07-2024,81.09643477645226,81.9872976175454,80.84588247862389,81.89450073242188,57800
03-07-2024,82.34920762058829,84.43716932451764,82.34920762058829,84.42789459228516,64500
05-07-2024,84.6227792763945,84.6227792763945,81.05003875673155,81.25419616699219,86600
08-07-2024,81.60683815059691,84.11238975220297,81.60683815059691,83.92679595947266,152900
09-07-2024,83.83399083979462,84.72486085660829,82.21930220922474,82.84104919433594,176500
10-07-2024,83.15656183198038,84.03814289914497,82.59049160402877,83.69479370117188,100800
11-07-2024,86.08898717323179,86.14467097236918,83.96391215145307,84.66917419433594,133600
12-07-2024,87.19329431854041,88.08415727653917,85.43940676373826,86.75714111328125,154500
15-07-2024,86.81282080308377,89.54108627022609,86.81282080308377,88.51102447509766,110800
16-07-2024,88.51102031306235,92.34359482136747,87.6851159691307,92.1951141357422,140500
17-07-2024,91.72183825361395,92.8632604828337,90.53402112138605,91.1279296875,145600
18-07-2024,90.28346814563524,91.40632674128972,88.0934276694988,89.12348937988281,194000
19-07-2024,88.73374482005907,89.05853748266105,85.87555522926354,86.24674987792969,89800
22-07-2024,86.0147665243246,88.7523141785166,85.05894494499553,88.54815673828125,147500
23-07-2024,88.23264961867706,90.26492813354598,86.29316093340354,90.2092514038086,169900
24-07-2024,89.4854015195397,89.4854015195397,85.44867686088368,86.1075439453125,165600
25-07-2024,79.53858874766895,79.53858874766895,72.06196340436168,73.04449462890625,407400
26-07-2024,73.53110730938465,73.79311570601514,70.4899251614217,72.7637939453125,257700
29-07-2024,72.44562322505645,72.57662740064525,71.06071990049146,71.56602478027344,247700
30-07-2024,73.17551111892885,73.87732231433748,71.7718887281116,73.37202453613281,243500
31-07-2024,74.33584440135779,76.2634835412955,73.13808776531134,73.634033203125,220200
01-08-2024,73.64337759711073,75.12186140855243,68.7213473982989,70.0407485961914,253900
02-08-2024,67.72945403108793,67.8791771740676,65.06257301469579,65.52108764648438,186600
05-08-2024,62.35825657533644,64.6695556640625,60.50547922349376,64.6695556640625,170400
06-08-2024,64.69762604978793,65.0532077740953,63.13492836404813,63.51858139038086,159000
07-08-2024,64.8192720668566,64.84735050864923,61.8997423693121,62.09624862670898,127900
08-08-2024,63.0881541018265,64.04262144791399,62.49863519220322,63.35016250610352,136500
09-08-2024,63.73380197819031,64.39818225493339,62.47989584494088,63.68701171875,95800
12-08-2024,63.68701634172472,64.20168067616203,63.07878575999743,63.51858139038086,86800
13-08-2024,63.949021389912346,65.06256390758064,63.537297082734014,64.342041015625,115400
14-08-2024,64.2952672747518,64.52920435862406,63.163012645513184,63.61217498779297,103000
15-08-2024,65.49301632851514,66.6907729153369,65.08129196379042,65.73631286621094,89000
16-08-2024,65.42751850580201,65.93282343742467,64.950292019708,65.24037170410156,112000
19-08-2024,65.70823250735316,67.1305664734135,64.56661868685126,66.20417785644531,99700
20-08-2024,66.57847682413079,66.97148930139872,65.16549523487754,65.50236511230469,81300
21-08-2024,66.29776120456901,67.7201025236355,65.37137244834061,67.56101989746094,108000
22-08-2024,67.23350329216274,67.23350329216274,66.07317758267715,66.26968383789062,60700
23-08-2024,66.9902160337903,69.63838538336792,66.45683979899842,69.5261001586914,87300
26-08-2024,70.28404725489163,70.92035631086212,69.24536619089288,69.48866271972656,67400
27-08-2024,69.21729965043338,71.28530243984407,69.21729965043338,70.34019470214844,100500
28-08-2024,69.66643984508771,69.66643984508771,68.7213394496737,68.74005126953125,79900
29-08-2024,69.55416123085503,70.6957751083778,68.39382839251188,69.46994018554688,102100
30-08-2024,70.02204101312705,70.02204101312705,69.08629279316553,69.7600326538086,133100
03-09-2024,69.01142382343767,69.45122658193904,65.362004729004,65.8673095703125,139800
04-09-2024,65.47429210545381,66.87791417841044,64.47304197897905,64.80055236816406,94600
05-09-2024,65.21230140735358,66.02639786046619,64.66020619716208,64.98771667480469,76800
06-09-2024,64.67890962150396,65.89537783750909,63.18170698766496,63.75251388549805,64100
09-09-2024,63.61217085708105,64.20168970004868,62.85420989990234,62.85420989990234,72200
10-09-2024,62.732559943387216,63.1817150797118,61.99331801152782,62.49862289428711,82100
11-09-2024,62.66705652814767,64.14554036055756,61.441228701363165,63.92095565795898,97600
12-09-2024,64.7724952148776,65.01579175963131,63.89288957251668,64.49176788330078,62200
13-09-2024,65.42751119698258,66.20418390174483,64.34204701782853,64.46369171142578,124100
16-09-2024,65.11870848655725,65.60530150871712,64.13617724041225,64.48240661621094,122800
17-09-2024,65.10935892840159,65.9515337033727,64.47304989166695,65.06256866455078,162900
18-09-2024,65.50237953835097,67.65460343600247,64.86607042298213,65.67081451416016,184300
19-09-2024,68.0382467811602,68.80555997466071,66.0170344998969,66.70012664794922,136200
20-09-2024,66.5971860245031,66.5971860245031,65.25906604713822,65.66143798828125,314700
23-09-2024,66.30711364075424,66.70012614537306,65.89538217542496,66.09188842773438,70100
24-09-2024,67.1212200366001,67.96338768654329,66.90599481413531,67.23350524902344,124800
25-09-2024,66.78434850219247,66.9340644948587,65.50237095762698,65.70823669433594,89700
26-09-2024,67.28030666621287,69.02079913920335,67.28030666621287,68.42192077636719,142200
27-09-2024,69.15179774990324,70.22790967531111,68.22540897270879,68.47805786132812,110800
30-09-2024,67.70137527711103,67.93531230788142,66.84984819748647,67.8604507446289,90000
01-10-2024,68.12246073654109,68.81491229295,67.35514762290119,68.34703826904297,74700
02-10-2024,68.41254156129266,68.41254156129266,67.05570972355197,67.5329360961914,61100
03-10-2024,66.54105050854919,67.32707551581716,65.74566602094946,65.96088409423828,81900
04-10-2024,67.11186785526642,67.66395591424121,66.59720344504179,67.18672943115234,74600
07-10-2024,67.1025046397622,67.65459980721009,66.58784739736696,67.25222778320312,70300
08-10-2024,66.78435343564173,66.78435343564173,65.0438611647741,65.9515380859375,105300
09-10-2024,65.50237617332,67.92596066492048,65.30586990150314,67.38323211669922,143000
10-10-2024,66.50362120770804,67.94467422565553,66.11996817586038,67.57037353515625,108500
11-10-2024,67.74817207416463,68.58098741290812,66.75627411336599,66.94342803955078,305600
14-10-2024,66.26968416854497,67.97274552808439,66.26968416854497,67.57037353515625,83100
15-10-2024,66.8311329279788,67.6826671938229,66.82178058644944,66.97149658203125,96600
16-10-2024,67.6358785484472,68.30025891172767,67.15864496892183,67.45808410644531,125700
17-10-2024,67.60780209823355,69.39508444556631,67.35515324547755,69.03013610839844,187800
18-10-2024,69.3015073484267,69.67580804514421,68.40318995981985,68.70262908935547,151600
21-10-2024,68.92721720447831,68.92721720447831,66.01703967368313,66.16675567626953,95700
22-10-2024,66.32582902217634,67.04635912517554,66.0357493683204,66.93406677246094,88000
23-10-2024,66.4100421715826,66.4100421715826,62.33953946418756,63.20978546142578,479800
24-10-2024,63.26594157214466,63.92096251029548,59.36386940129386,62.98521423339844,564900
25-10-2024,63.66675141088363,66.02372539201961,63.24078755914114,64.68904876708984,289700
28-10-2024,65.4747007379301,72.50776506266683,65.14340037710258,72.0060806274414,372400
29-10-2024,71.93982839995417,73.41648572455392,69.97094715261647,72.4225845336914,404800
30-10-2024,72.3089816222568,73.3975460922758,71.14469651728626,72.64974975585938,252300
31-10-2024,72.60241993198156,72.88639579131953,70.14132229767485,70.29277801513672,176200
01-11-2024,70.98379059035905,71.86410728314644,70.29279358633693,71.56120300292969,120900
04-11-2024,71.51387164736406,73.53954518137982,70.87019921082961,73.23664093017578,152600
05-11-2024,73.18932091572036,74.39147032387014,72.23327628605279,74.287353515625,145600
06-11-2024,79.47457242451827,81.86941012594409,78.14936370755585,81.59490203857422,283000
07-11-2024,81.59490084371649,81.59490084371649,78.7646388036414,79.06754302978516,136500
08-11-2024,78.44281647690407,80.26024207133946,78.08311269634618,80.04252624511719,90800
11-11-2024,80.68619131416784,80.88497154328799,79.39884649736497,80.05198669433594,98000
12-11-2024,79.02968801275051,79.68282825790119,77.6476868737273,78.7267837524414,166300
13-11-2024,79.10541500852953,79.92893934236047,77.19333324056105,77.42997741699219,125700
14-11-2024,78.31974663173182,79.09593916248907,76.02903297044895,77.01347351074219,109300
15-11-2024,78.28187714252192,79.05806961816747,76.26567170771001,76.32246398925781,117000
18-11-2024,76.37926948142608,76.58751749250439,75.70720095045928,75.82078552246094,76300
19-11-2024,75.37590048387506,76.20889260694526,74.84581983959922,75.79239654541016,110100
20-11-2024,75.9343873776238,76.27515558239368,75.35697498741969,75.95331573486328,60900
21-11-2024,75.49895674242958,77.90326233559632,75.49895674242958,76.84309387207031,98900
22-11-2024,77.05134258724186,78.98235986579328,76.98508250903795,77.2879867553711,97300
25-11-2024,77.56250145952411,80.85658451608002,77.56250145952411,79.30419921875,154100
26-11-2024,78.64158439545317,78.64158439545317,76.65377501180934,77.31637573242188,66300
27-11-2024,77.38263563056017,78.14936035151801,77.05133527099854,77.29744720458984,60100
29-11-2024,78.24402445781523,78.24402445781523,76.79575620765134,76.937744140625,50100
02-12-2024,77.51515271881033,79.08647325051444,76.72949245295827,78.77410125732422,76100
03-12-2024,79.32312803810797,79.32312803810797,76.75789890064065,78.52799987792969,55900
04-12-2024,78.68891792434788,79.60709847245667,77.24065673890084,78.21562957763672,60600
05-12-2024,78.46174679291421,78.46174679291421,76.50233319522283,77.25012969970703,53700
06-12-2024,78.00738971645984,78.00738971645984,75.48002442582988,76.19942474365234,56800
09-12-2024,77.10813865748976,80.0709211878927,76.44553784296106,76.67271423339844,68000
10-12-2024,77.02294194259973,77.02294194259973,74.27786830831619,75.00672912597656,89100
11-12-2024,75.62201184206585,75.88705216207485,74.01283434383565,74.94047546386719,99300
12-12-2024,73.93710641471897,73.93710641471897,72.32792891779519,73.27450561523438,124000
13-12-2024,72.53616470598399,73.39755290751978,71.11629975806866,72.1859359741211,92200
16-12-2024,71.7599806548388,72.4131209192061,71.53280425837482,72.24273681640625,70300
17-12-2024,71.39080398176957,72.4982968479335,70.34957118738109,71.16362762451172,107300
18-12-2024,71.44761492842115,71.67479132205699,67.06496003611039,67.65184020996094,118700
19-12-2024,68.16299373360938,68.54162587765984,65.39898413730637,65.6545639038086,87100
20-12-2024,64.66064011729075,67.34892120385919,64.66064011729075,66.05210876464844,374200
23-12-2024,65.61668973150037,66.66739033698022,65.31378550787235,66.34555053710938,79800
24-12-2024,66.80938374034865,67.63290082916282,65.92906713996295,66.62953186035156,55800
26-12-2024,66.3644911968536,67.88848021985227,65.7586827031928,67.02709197998047,62900
27-12-2024,66.35501248874914,67.30158900705314,64.71743915629442,65.61668395996094,66100
30-12-2024,65.29486330027575,66.51594087605481,64.05484292466426,66.26036834716797,113900
31-12-2024,66.79046122117602,67.68971357517297,66.3171727891171,66.51595306396484,70500
02-01-2025,67.24482129354826,68.3428467005846,65.91961223942161,66.51595306396484,79500
03-01-2025,67.17855315231446,67.22587765676472,65.66403179556394,66.47808837890625,130500
06-01-2025,66.7431288846558,68.58895066451842,66.46862075963386,66.49701690673828,70000
07-01-2025,65.87226843752433,66.33609621565556,64.90676339063211,66.26036834716797,113700
08-01-2025,65.25698333407757,66.62004852294922,64.3861275040311,66.62004852294922,103400
10-01-2025,66.09944807129258,66.8093805466405,65.57882803398148,66.45914459228516,98600
13-01-2025,66.2698355893783,68.22924903403343,65.72081938008381,67.87901306152344,91000
14-01-2025,68.8634527960001,69.4219295652667,67.46251614571669,68.65520477294922,67600
15-01-2025,70.18866192652833,70.18866192652833,69.12849345021085,69.4976577758789,59600
16-01-2025,69.74376382996988,70.86072450128643,69.30833946275241,70.39690399169922,59800
17-01-2025,70.82287131871092,71.23936739482343,69.43140235697813,69.7437744140625,67200
21-01-2025,70.29278683208621,71.56119612680082,68.58894590595479,68.72146606445312,84600
22-01-2025,68.53216501599623,69.41248177063679,67.12176753918352,67.25428771972656,79200
23-01-2025,66.68631361101207,69.32726299479354,66.260357061482,69.31780242919922,104300
24-01-2025,69.52826600550308,69.99701534055049,68.39943586295568,69.29867553710938,86800
27-01-2025,69.1073494835866,69.11691788259687,66.33310495315645,67.00275421142578,101600
28-01-2025,67.05056993906237,68.83948071801976,66.96447625860468,68.39942932128906,96500
29-01-2025,68.34203849704215,69.05951508048462,67.3471367588427,68.06461334228516,68600
30-01-2025,68.90644820624539,68.90644820624539,66.99317736426251,67.66282653808594,79700
31-01-2025,67.24191033998089,67.61499760203546,65.40517192701228,66.96448516845703,128500
03-02-2025,66.38093752506717,67.44280352617172,65.30950312525859,66.18961334228516,108000
04-02-2025,66.63923061974283,67.51933350413925,66.63923061974283,67.0984115600586,71000
05-02-2025,67.05058221580988,67.28974110337984,66.72532963201876,67.1175537109375,54200
06-02-2025,67.72022921543905,68.38031005859375,66.96448628016549,68.38031005859375,82200
07-02-2025,68.67686895959613,68.87776155497211,67.14625349586237,67.6341323852539,118100
10-02-2025,69.92048653012172,71.22151141891005,68.63859843888751,69.26998138427734,110700
11-02-2025,69.54738404902591,70.90581173478351,69.23169994393372,70.75274658203125,93700
12-02-2025,70.22662075914195,70.47534075260589,67.84459293277816,68.70556640625,126300
13-02-2025,69.09778608970898,69.88222691586535,67.4141055487332,69.15518188476562,89700
14-02-2025,69.39433996717105,69.71003143346515,67.04101751566438,67.20364379882812,99500
18-02-2025,67.3758391047783,68.62902928443215,66.70619716875326,68.20811462402344,89800
19-02-2025,67.32800454817287,68.6672957215218,66.57226161965062,68.26551055908203,154100
20-02-2025,67.87329260810704,73.76617138201823,67.87329260810704,71.5946044921875,184000
21-02-2025,71.73809431631645,72.00595108935094,68.58120153598894,68.74382781982422,118200
24-02-2025,68.63858977612826,69.83438402309913,66.42876434326172,66.42876434326172,130100
25-02-2025,66.99318294328383,68.61946767353155,66.96448504603204,67.79676055908203,110500
26-02-2025,68.44727136562497,69.41346794338307,67.57672957740093,67.7489242553711,65200
27-02-2025,67.36627070610659,68.55250399070766,66.96448554449157,68.20811462402344,137300
28-02-2025,67.77762964894035,68.46640843700801,66.50530257090148,67.69153594970703,79100
03-03-2025,68.10288591300362,68.76295946759683,65.63476448682057,65.64433288574219,87500
04-03-2025,65.54866636969177,66.67749663982472,63.7406257173208,65.73999786376953,141500
05-03-2025,66.53401079074398,67.60543802212855,65.27125205479028,66.00785827636719,118200
06-03-2025,65.75911827780621,65.78781617331505,63.62582532809062,64.56332397460938,198500
07-03-2025,64.3146017764805,66.40962835976515,64.00847873745656,65.76868438720703,80400
10-03-2025,64.95554596422144,64.95554596422144,61.884747166122686,62.65005111694336,165500
11-03-2025,63.56842851593686,65.24254070573181,62.37263409465475,64.86945343017578,144600
12-03-2025,65.9121906017379,65.9121906017379,64.0371858067602,64.0945816040039,93300
13-03-2025,64.21894143539254,66.42877450484525,64.19024353684316,66.17047882080078,124300
14-03-2025,66.4861575254597,67.64368543532893,65.14686656164001,67.28016662597656,95500
17-03-2025,67.38539611144525,68.57162189695627,66.17046513477193,67.34712982177734,130500
18-03-2025,67.43323151683201,67.59586509189339,66.43832976282701,67.16537475585938,88000
19-03-2025,66.81142161606111,68.17941070984577,66.59139953232328,67.36627197265625,102700
20-03-2025,66.5626989887164,67.3758376935869,66.05568334798126,66.14177703857422,72400
21-03-2025,65.73999677983011,65.73999677983011,63.27187528604885,63.40580368041992,287100
24-03-2025,64.44853712708178,65.81652620237591,64.28590354300225,64.46766662597656,101300
25-03-2025,64.42939429947513,65.290367640154,63.53972306386513,63.65452194213867,94900
26-03-2025,64.65899009164531,64.83118477398664,62.372631825227046,62.54482650756836,114000
27-03-2025,62.181312356868055,62.93705533672371,61.349036779382665,62.09521865844727,131200
28-03-2025,62.18130827834769,62.458733452646285,58.94787922607664,59.397499084472656,123400
31-03-2025,58.16344378451643,59.521868234942296,56.288438883234456,57.991249084472656,186000
01-04-2025,57.88601434419786,57.88601434419786,56.441496298840704,56.986778259277344,211700
02-04-2025,56.43193123188658,57.627725638273375,56.20233710017935,57.19723892211914,185900
03-04-2025,55.29352777656146,55.29352777656146,50.9886682907678,51.09389877319336,261700
04-04-2025,49.190191723780224,49.26672430931054,44.78010548691992,48.54924774169922,399500
07-04-2025,46.56901708574776,50.539055926195054,45.85154045067474,48.7214469909668,329600
08-04-2025,50.39555198865034,51.35218736634032,47.36301594375042,48.03266143798828,313400
09-04-2025,47.66914765749078,53.523755765610254,46.425518615703126,52.44275665283203,360600
10-04-2025,51.04607069768339,51.50525529827536,48.24312839986749,50.00333786010742,160000
11-04-2025,51.17999470341313,53.51418380231596,50.7016769959046,53.09326553344727,202300
14-04-2025,53.32286148461308,54.48038950102807,52.06009933574489,52.63408279418945,250800
15-04-2025,52.42362267507632,54.27949780998378,51.50525350585236,52.24186325073242,251900
16-04-2025,51.74441298280192,53.19849934254855,51.32349468758897,52.08880233764648,126400
17-04-2025,52.76801274949044,52.96890532377413,51.27566009208004,51.52438735961914,138300
21-04-2025,51.49569245998827,52.34709749992778,50.25206334846656,51.3234977722168,232600
22-04-2025,51.75398003761086,53.9255431002728,51.61048689954921,53.52375793457031,169900
23-04-2025,55.0735033017205,57.34072832677056,54.910877024695566,56.36495971679688,280100
24-04-2025,51.62005244437856,60.40196692237463,51.017374686539085,59.71318817138672,472900
25-04-2025,58.59931827850623,59.68413106992941,55.81948388398577,58.75429153442383,222200
28-04-2025,59.67444437179179,62.57050766388195,58.32811357431305,62.357418060302734,315500
29-04-2025,61.66004034840673,63.238832869123605,60.82705774612846,62.62862777709961,327000
30-04-2025,60.48804695350198,62.7254764142427,59.89721036247175,62.43489837646485,211000
01-05-2025,62.4445944789104,65.07914341629129,61.5825555473022,64.50767517089844,144900
02-05-2025,64.95322702677316,67.29720543041586,64.362390319748,66.98725891113281,219800
05-05-2025,66.50295906113008,67.49091116393151,65.83463395676888,66.82258605957031,151300
06-05-2025,66.47389516176372,66.55138362953447,64.7885616311384,65.51499938964844,135200
07-05-2025,65.4762570109499,66.04772523981725,63.62626597617483,64.43987274169922,158200
08-05-2025,65.53437311665034,67.21001868807154,65.05008129305006,66.26081085205078,116800
09-05-2025,66.95819257870606,67.35531546683315,64.49798894484059,65.55374908447266,126500
12-05-2025,69.18593468492338,69.8833161383156,67.9074044836067,69.34090423583984,133800
13-05-2025,69.63147954018153,70.49351841648179,68.66289586885925,69.15687561035156,100100
14-05-2025,68.65321820621166,70.07703759784492,68.53699287772442,68.74039459228516,106900
15-05-2025,68.1495489489146,69.57336815409143,67.97520358930709,69.4377670288086,81300
16-05-2025,69.25373114400442,70.42571647659967,68.28514749164073,70.29011535644531,143900
19-05-2025,69.02127467519747,70.5032065139965,68.80818508457412,70.46446228027344,103400
20-05-2025,69.9414306939331,70.70661273218327,69.16656813891174,70.11577606201172,57400
21-05-2025,69.15688941220918,69.73803825304286,67.31657859147887,68.27547454833984,138000
22-05-2025,68.02364475957512,68.22704647450034,66.12521397419027,67.59746551513672,111400
23-05-2025,66.08646264326664,68.0817425055443,66.07677473809551,67.65556335449219,104100
27-05-2025,68.89535741472844,70.72598005624963,68.18829543663153,70.70661163330078,93900
28-05-2025,70.12546072748017,71.04561227832471,69.22467759899035,70.74535369873047,124000
29-05-2025,71.02624212386846,71.43304549076076,69.73802407233593,70.84220886230469,97200
30-05-2025,70.78410539792866,70.79378591527335,69.59274408052929,70.30949401855469,96200
02-06-2025,71.33619935039243,74.1354059805516,71.29745511108302,73.20556640625,129200
03-06-2025,73.22492409699083,74.95868975596636,72.14979563030931,74.43565368652344,94900
04-06-2025,75.0071247340971,75.4429844469413,74.18382267029124,74.8908920288086,68300
05-06-2025,75.33645216023203,75.82074409480765,73.87388844869524,75.14273834228516,79800
06-06-2025,76.02413411689513,77.16706320213173,75.56889858612271,75.71418762207031,64900
09-06-2025,76.24691611262189,77.66104754036651,74.76498411607128,76.50843048095703,81200
10-06-2025,76.75056899066098,77.44795042494546,75.96601857194446,76.94429016113281,156200
11-06-2025,77.04114632234767,77.04114632234767,73.92230570948692,75.74324035644531,113800
12-06-2025,74.22257622023838,75.76262835233004,74.22257622023838,75.39456176757812,84400
13-06-2025,74.43565113341336,75.24926523232028,73.51549963281215,73.87387084960938,89900
16-06-2025,75.03618584872213,75.37518869030076,72.88592869684082,73.83514404296875,107800
17-06-2025,73.52518948093372,76.07256185694656,73.46706943609331,74.21288299560547,87600
18-06-2025,73.96104972317826,74.66811166491043,72.37257309360466,72.85686492919922,119200
20-06-2025,73.89325550922776,74.10634511754692,71.48148402991316,72.41132354736328,402300
23-06-2025,72.41132496348946,74.17414713536712,71.77205612603001,74.16445922851562,116800
24-06-2025,75.03617529199263,75.30737752710051,74.16444854364113,74.5228271484375,88300
25-06-2025,74.23225687748875,74.88120620656863,73.37990585077371,74.25163269042969,65000
26-06-2025,74.92962873070437,77.74820319578743,74.71653915395247,77.44794464111328,98900
27-06-2025,77.7869597045249,79.32701173158428,76.37282829616994,78.40685272216797,320700
30-06-2025,78.49402400010587,78.8911394747887,77.35109493756616,77.38983917236328,217100
01-07-2025,77.196121510405,80.78957370682227,76.94429505732774,79.64664459228516,176100
02-07-2025,80.17935742095187,81.94217945754545,80.17935742095187,81.52568817138672,136700
03-07-2025,81.54507273794287,83.25946281775333,80.11156545805481,82.94951629638672,67300
07-07-2025,80.9057981783296,82.33930535717799,80.2471609431356,80.5667953491211,84500
08-07-2025,80.87674506701332,84.12149922948488,80.87674506701332,83.5306625366211,136000
09-07-2025,84.208666993536,84.61547036314077,83.43379709834952,84.28614807128906,88700
10-07-2025,84.78981677349896,86.85289736473221,84.74138463330796,86.5235824584961,98400
11-07-2025,85.59374206974594,86.83352799211274,84.93510487477522,85.70028686523438,146700
14-07-2025,84.91572565026355,86.1458310070258,83.78248456893019,85.89399719238281,145500
15-07-2025,86.14584610467561,86.24270300737261,84.57673767803546,84.85762786865234,134800
16-07-2025,84.99322116090474,86.15551866534189,83.1722864333646,85.56468200683594,142400
17-07-2025,84.93511093878271,87.98614382286958,84.93511093878271,87.26939392089844,110100
18-07-2025,88.20892548175196,88.43170300497908,86.40735904072518,86.86259460449219,136100
21-07-2025,87.79242582138255,89.69084898325643,87.53091147431674,88.65446472167969,119600
22-07-2025,89.2840457863586,90.53351964647013,88.9644113917402,89.52619171142578,111500
23-07-2025,90.5432055020766,90.62068658016594,88.52854967761346,89.7295913696289,151000
24-07-2025,93.95261308053244,93.95261308053244,84.67358003575025,85.35159301757812,234000
25-07-2025,84.47218869980313,84.90212473879565,80.92523874266118,81.01318359375,185200
28-07-2025,81.10111219800662,82.07823403171754,79.987193903964,80.37804412841797,136000
29-07-2025,81.11088928118747,81.56036445104563,77.68118939777713,77.7886734008789,149100
30-07-2025,77.95478474029055,79.07847642708661,75.85397114408028,76.0787124633789,165900
31-07-2025,74.7400506384611,75.79534405978426,73.35253935571122,75.54129028320312,267800
01-08-2025,73.82156556771855,74.40783724089793,72.03343062789997,72.16045379638672,124000
04-08-2025,72.94215615152346,72.94215615152346,70.84134243657255,71.2517318725586,139500
05-08-2025,71.70120628149607,72.53176590605187,70.72408432775879,72.07251739501953,148900
06-08-2025,73.05940381584011,73.05940381584011,71.32990127064426,71.45692443847656,121800
07-08-2025,72.30702617611286,72.83467293738529,70.3136964518111,71.90640258789062,144700
08-08-2025,72.3167961163064,73.62613592399161,72.0822814856489,72.2386245727539,89100
11-08-2025,71.85755521873388,72.47313941592654,69.80560043990886,70.78272247314453,88900
12-08-2025,71.95525798412815,73.33300347715578,71.32012724170085,73.01055145263672,79300
13-08-2025,73.7922461685953,75.55106865540391,73.39163004678541,75.052734375,136700
14-08-2025,74.27103895983512,74.84753731223745,72.67832546485175,73.8117904663086,84800
15-08-2025,74.22218237663895,74.22218237663895,72.87375677030707,73.57728576660156,107900
18-08-2025,72.96169501386875,73.49911507417538,72.11160367919146,72.7467269897461,65700
19-08-2025,72.41450468829998,73.20597104265467,72.27770821853123,73.18643188476562,47400
20-08-2025,73.06917753561272,73.39162956521999,72.03343066398205,72.89329528808594,50800
21-08-2025,72.69786215957754,74.564160888931,72.30701195533592,74.0462875366211,93200
22-08-2025,74.09515425384541,78.5312885018448,73.7824755491553,77.74958801269531,183900
25-08-2025,77.47599748591834,78.46289270680161,76.64544534966349,76.78224182128906,67800
26-08-2025,76.58681312375249,78.03295684015912,76.58681312375249,77.49553680419922,82600
27-08-2025,76.8213338919646,77.31966074167225,76.23505473138044,76.89949798583984,57700
28-08-2025,77.48576385902602,77.67141193684982,75.94190958328248,76.70406341552734,82500
29-08-2025,76.70406983653776,76.90926454279253,75.75626039227866,76.08848571777344,64100
02-09-2025,74.76935599932355,75.12112043968162,73.49910214678397,74.75959014892578,91300
03-09-2025,74.22217921705963,74.40783476508105,72.82489459080293,73.87041473388672,76600
04-09-2025,73.635912689341,74.28080931681828,72.70764979431266,74.10492706298828,92100
05-09-2025,74.25148862462802,75.82465542770487,74.09515300234771,75.64877319335938,70500
08-09-2025,75.38495342568478,75.38495342568478,73.46002215758323,74.92570495605469,77900
09-09-2025,74.83776693952102,75.32632791691917,72.21908725732187,72.79558563232422,100300
10-09-2025,72.79559040777357,74.4469290052601,72.44382588458296,73.79225158691406,82700
11-09-2025,73.46003030103095,75.76603875598093,73.41117122039299,75.59992980957031,98100
12-09-2025,74.91593312521132,75.5510638413583,74.31012232768362,74.77913665771484,57600
15-09-2025,75.16021291477823,76.2155063300502,74.74982351601078,75.59014892578125,73400
16-09-2025,75.81488904943633,76.08848945941216,74.8768528654945,75.71717834472656,72700
17-09-2025,75.28724829208959,77.7202798299399,74.98433542206372,75.12113189697266,70700
18-09-2025,75.83442956146234,77.35873730586214,74.32966097449278,77.05583190917969,92300
19-09-2025,77.1926375746905,77.30989489779016,75.24816689276176,75.4338150024414,275400
22-09-2025,75.12113554101285,75.67809477440203,73.56751516281902,74.03652954101562,81000
23-09-2025,73.9876737217854,74.76936679276427,71.73052444936006,72.2386245727539,183000
24-09-2025,72.50244173657947,73.21574400114027,71.40806998362936,72.47312927246094,80700
25-09-2025,72.14091310541819,73.15712079627397,71.69143791703272,72.3167953491211,83200
26-09-2025,72.55130323712179,76.35230694500869,72.06274227256205,75.92237091064453,106100
29-09-2025,76.10802704879455,76.20573775148917,73.94858846339369,74.39806365966797,110300
30-09-2025,74.00721084630466,75.67808840586282,73.83132860556967,75.39472961425781,121400
01-10-2025,75.28724874506405,77.00697799850865,75.28724874506405,76.5477294921875,64800
02-10-2025,76.77247551826805,78.09158873204841,75.83443928947204,77.5639419555664,74000
03-10-2025,77.9254749044914,78.97099508463984,76.37185459444088,76.56727600097656,77200
06-10-2025,77.39783139468885,77.58348695704856,74.79869079589844,74.79869079589844,61700
07-10-2025,74.40783235037124,76.60635657143038,73.78247494610228,75.59014892578125,71900
08-10-2025,77.29034474000137,80.50507684949973,76.99721262796389,80.18262481689453,110400
09-10-2025,81.09135644648434,81.63854986111224,75.78558344267807,75.79535675048828,136800
10-10-2025,75.57060151086105,76.63566822093804,74.71073695283648,74.92570495605469,126000
13-10-2025,76.78224376349708,79.63543803649999,76.27413618045072,78.06227111816406,104700
14-10-2025,76.26437075508505,78.51174675467077,76.18619921035629,78.01341247558594,100100
15-10-2025,78.0134109419363,78.78533815754781,77.49553751427447,78.16975402832031,95200
16-10-2025,78.16975077310433,78.65831171543623,76.45978747494267,77.73981475830078,108700
17-10-2025,76.65522399376982,78.08182878711015,75.59016450768061,76.28392028808594,99700
20-10-2025,77.46622504928963,78.48243274623964,77.46622504928963,78.16975402832031,81400
21-10-2025,77.25125953830708,78.52152106440319,76.29368419511985,77.92547607421875,107600
22-10-2025,77.68119919388936,78.31632998644447,75.47290138101974,76.11780548095703,155900
23-10-2025,85.14640129621316,95.3377829547448,83.85660069357816,90.98959350585938,925900
24-10-2025,90.73342157896984,96.16225605186168,90.07329313139124,94.37892150878906,637500
27-10-2025,93.74834592564012,94.06363170183972,90.59548064663824,91.7088394165039,294000
28-10-2025,92.00441112273012,92.98968006499668,90.9403263780064,92.20146942138672,306000
29-10-2025,92.20147484311158,94.55626715223714,90.64474801870884,91.26546478271484,190100
30-10-2025,90.37872643448246,90.52651076721004,86.63470132059852,87.32438659667969,209500
31-10-2025,88.0436405498922,90.28019792597226,86.59529388248522,89.19640350341797,185900
03-11-2025,90.39843046318954,92.5266151046002,89.46242792296161,91.9354476928711,187600
04-11-2025,89.78755725548437,91.73839309587564,87.67908229097367,89.90579223632812,172000
05-11-2025,89.1569885531863,91.54134521530106,89.03876108559777,91.19649505615234,133700
06-11-2025,92.13251378092949,93.17689660034824,90.2506462298567,90.36888122558594,127300
07-11-2025,89.56095042317958,93.52172835505364,89.55109562876785,93.1374740600586,171000
10-11-2025,95.06861139270904,96.19181754217364,93.13748489859434,93.88629150390624,152500
11-11-2025,93.22616232130814,94.55627406542852,91.2457693813474,91.83692932128906,130900
12-11-2025,92.6448415237515,94.66464595126284,92.6448415237515,93.68922424316406,130200
13-11-2025,93.7581961542492,94.38876767593938,90.69400914243975,92.20146942138672,159000
14-11-2025,90.37873290960006,91.14724156286566,88.25054816178182,89.8762435913086,154500
17-11-2025,89.81712701124306,91.39355593176604,87.69879712569374,90.15211486816406,149600
18-11-2025,87.9352577122647,90.04373275801063,86.703671469796,88.41803741455078,99300
19-11-2025,88.36878740127675,89.76786770996229,87.53130265819814,88.7431869506836,118000
20-11-2025,90.3885700194476,91.02899633079218,87.61011192258836,88.2998046875,121400
21-11-2025,88.32937056994734,90.65460609598212,87.27513300223714,90.44770050048828,192200
24-11-2025,89.96490909423905,92.74336734606236,89.65947811270357,91.7088394165039,111900
25-11-2025,92.10295910349008,95.01935474783546,92.10295910349008,93.76805877685548,150700
26-11-2025,93.97495463424586,95.40359919627927,93.53158659048034,94.39862060546876,179400
28-11-2025,94.19171811361826,95.08831654240348,93.88628711862847,94.63509368896484,65300
01-12-2025,95.07845723769935,95.86667543403702,94.19171364607097,95.12772369384766,137800
02-12-2025,95.21639385089792,98.2411693259672,92.82218992315865,96.85194396972656,193300
03-12-2025,97.90618481374378,104.59616233358416,97.90618481374378,102.55664825439452,284200
04-12-2025,101.640352154808,104.90159009145025,100.28067614390132,104.68482971191406,287800
05-12-2025,104.68483562345212,104.68483562345212,101.87682035954197,103.07884979248048,160500
08-12-2025,103.2266295479759,104.40895685503494,100.16244988177084,100.69448852539062,186000
09-12-2025,99.32496822726394,103.22663267296168,98.94071390801382,102.36945343017578,159500
10-12-2025,102.2216538925862,106.22184343706152,102.2216538925862,104.86217498779295,254400
11-12-2025,104.79321063379496,108.61605161821296,104.79321063379496,107.91651153564452,185400
12-12-2025,108.31062214226417,109.30574594319611,106.7538953085302,107.18741607666016,175800
15-12-2025,107.52240032955916,108.57663783010848,104.56659341022402,108.2909164428711,201100
16-12-2025,107.00021598791544,110.783653001424,106.67507540140178,110.14322662353516,280400
17-12-2025,110.14322755961736,111.84773879975488,107.95592907467235,109.44368743896484,219600
18-12-2025,109.46338294359404,111.87729647175556,108.79339973180709,110.6949691772461,250800
19-12-2025,110.69497342529382,113.63107842647932,110.47821303713172,112.43890380859376,609100
22-12-2025,114.20254219031315,116.3307194853128,113.50299453149162,114.35032653808594,183800
23-12-2025,114.53751390448002,115.98586044431562,114.182816485867,114.92176818847656,169200
24-12-2025,115.0202995612093,115.84792942002164,114.2123792916814,115.13853454589844,76900
26-12-2025,115.56221020004952,116.5277696797752,114.54738425998816,115.8183822631836,104400
29-12-2025,114.49811145833594,116.5868844785791,113.40446224911024,116.1435089111328,179100
30-12-2025,117.1090765835667,117.375095912086,115.82822384786584,116.37012481689452,174600
31-12-2025,116.7346757954982,116.7346757954982,113.1384423999527,113.16799926757812,135700
02-01-2026,114.59663386499054,118.65594481145467,113.4635805396648,118.52786254882812,191100
05-01-2026,119.21754453935898,122.4393707413286,118.88255670005572,119.08946228027344,227000
06-01-2026,119.798857239616,121.5624896978499,118.55742367934458,120.52796173095705,306400
07-01-2026,119.10916807485636,121.18808625340948,117.53273918796928,120.99103546142578,191200
08-01-2026,119.23725656369996,122.64629407566012,117.25687119474236,120.79398345947266,201500
09-01-2026,121.00088514167146,122.83348610812948,120.39987044208006,121.2570571899414,153700
12-01-2026,121.58219460962177,125.36562391497505,121.22749717261914,124.95181274414062,150300
13-01-2026,124.5084503926452,125.7400366837598,122.17336007856969,124.52815246582033,146000
14-01-2026,124.38035416631844,126.70559708189434,124.10448005411617,125.7794418334961,121800
15-01-2026,125.23754627249022,130.58754985778685,124.00595999219038,129.28700256347656,152800
16-01-2026,128.31158212857792,128.84363582615188,124.19316478149096,126.35090637207033,162300
20-01-2026,124.4493289494749,127.5233635165289,123.29656598682966,125.7104721069336,113000
21-01-2026,127.53322336429795,131.22798216061835,127.13910673894992,131.19842529296875,173100
22-01-2026,132.20339593653654,133.48424872794723,129.13922357678013,129.27716064453125,143600
23-01-2026,129.04920373047278,129.04920373047278,124.50011897080832,126.27416229248048,140500
26-01-2026,127.80042338338257,127.80042338338257,122.23052984024902,122.41883087158205,152400
27-01-2026,121.4376592963317,123.87572779927496,118.751819511853,121.91338348388672,123900
28-01-2026,123.88563722367498,124.32171708634368,121.46738716542748,122.21070098876952,153300
29-01-2026,124.26225636738442,128.84107259237956,122.52785731325623,125.7885284423828,226700
30-01-2026,121.8241841045627,124.35145424670483,117.7706494944389,121.52686309814452,229500
02-02-2026,120.80335707282848,132.54772105516,119.41583647983376,130.6943817138672,287700
03-02-2026,133.31085908718785,138.47441941162424,131.20976339263302,137.62208557128906,225300
04-02-2026,138.98978095865755,141.7449963484533,136.37331687904003,136.76974487304688,220600
05-02-2026,134.08389938300903,135.76875618712884,128.4941799047735,129.84205627441406,279300
06-02-2026,131.81431878388847,137.72119265558624,131.81431878388847,137.2751922607422,298600
09-02-2026,139.23755306845413,143.63795827018214,138.0482388338025,141.170166015625,210900
10-02-2026,140.24845010063217,141.79455559330458,137.6815432653844,138.90057373046875,136400
11-02-2026,141.69542847223835,144.33171829123663,138.47440211284226,143.419921875,169300
12-02-2026,145.37236264974723,148.66277260908612,137.2751987830368,138.82130432128906,206800
13-02-2026,131.35841404777528,139.1879955036859,128.88070126858054,139.15826416015625,201500
17-02-2026,137.11662346329155,140.06014728764157,132.53780022388167,139.31683349609375,216800
18-02-2026,141.00168661159938,145.66968913601335,137.3148486938059,138.137451171875,359600
19-02-2026,121.91338128313276,133.2910416528603,118.93021299011129,125.91736602783205,490800
20-02-2026,123.40000108235115,128.00854805433312,118.95993675330496,127.86979675292967,345000
23-02-2026,124.56949300977205,125.81825483539792,115.9569607689178,124.70824432373048,415700
24-02-2026,125.0749395664374,129.4951858714482,125.0749395664374,127.32470703125,246600
25-02-2026,129.61410357320705,131.1205571061739,127.29496815088515,130.94215393066406,204800
26-02-2026,129.62400437013022,130.3276813951745,126.99763509073728,129.8916015625,229800
27-02-2026,128.9104597803946,130.51601297205457,127.02738881859533,128.97982788085938,199900
02-03-2026,127.95899733618756,134.1433737787786,126.373262695028,133.75685119628906,192100
03-03-2026,131.42780263380678,133.74693826041587,124.88664214177898,131.3980712890625,166200
04-03-2026,133.37033104493378,135.5110633977974,129.06901015703747,129.5942840576172,263900
05-03-2026,127.3048800336327,128.5833883010935,123.98474640970836,124.71814727783205,184100
06-03-2026,121.2394383234196,123.2612527718439,118.65270568803696,121.59622955322266,237600
09-03-2026,118.4941327839022,123.8559068336651,117.4534979600429,122.4584732055664,174300
10-03-2026,121.97284206701563,127.09675774337995,121.75480213678152,123.9748306274414,181400
11-03-2026,123.9649215161779,126.62102978793172,122.23052265562838,126.41290283203124,158300
12-03-2026,123.92528769693652,126.61112753812932,119.32665321944438,119.92130279541016,210400
13-03-2026,121.62597115232936,123.8856440907234,115.68937320468818,116.52188110351562,209100
16-03-2026,117.8201967164546,120.32764842955044,116.64081056165932,117.54269409179688,208000
17-03-2026,119.53477785722818,121.88365233198203,118.38511547963,118.4842300415039,178800
18-03-2026,117.91931134989434,117.91931134989434,114.13336647965302,114.6487274169922,264900
19-03-2026,111.81422259496766,112.79539474358934,107.9688150631908,110.9718017578125,303400
20-03-2026,110.60510021761658,112.32958624568133,104.5099250885052,106.08575439453124,782700
23-03-2026,110.15911434087788,114.21264891626484,110.010450058253,110.39697265625,210900
24-03-2026,109.17794229638682,113.08281259353475,108.5337354452084,112.94406127929688,248200
25-03-2026,115.16408810947492,117.71117656962258,114.06398301954934,117.16608428955078,234300
26-03-2026,113.82612895747413,115.69927930239244,113.2909420644432,113.84595489501952,142300
27-03-2026,112.14128542831848,114.7775679764424,111.69529257719805,113.53871154785156,113800
30-03-2026,117.12643840672898,120.1096067000352,113.42968762559327,113.61799621582033,246400
31-03-2026,116.32366229903776,121.03131658028909,115.0352486290909,119.4356689453125,175700
01-04-2026,121.9629325860208,130.44661880321075,121.4773029938557,129.84205627441406,374900
02-04-2026,125.06503956149704,131.81432712470706,124.89654933656873,130.44662475585938,280900
06-04-2026,129.6735854181932,130.18895396244667,126.64086709122962,129.22760009765625,143800
07-04-2026,129.50508671526765,132.18101342999046,128.65275293414396,130.80340576171875,209800
08-04-2026,138.16717907429216,138.7519156608293,133.59827610369308,136.4525909423828,283700
09-04-2026,136.2345559917159,142.57749418647506,135.4515903428699,140.77371215820312,193400
10-04-2026,142.02249022538243,143.23161519225127,140.9025592832602,141.39810180664062,105600
13-04-2026,140.7439999922423,142.1414337158203,137.90949579217516,142.1414337158203,141900
14-04-2026,142.31982356916134,142.31982356916134,140.3277328793474,141.1899871826172,148500
15-04-2026,140.99177027073,141.11071077412626,136.57153889912274,136.7994842529297,199800
16-04-2026,139.90158539161837,145.52103645724586,138.71228621926895,142.77572631835938,324700
17-04-2026,142.96402610769957,147.32479451179464,138.89066572946066,147.02748107910156,258700
20-04-2026,146.48238623448276,150.85307531696114,143.945210704074,150.65484619140625,350900
21-04-2026,151.69548769102613,155.9670621848629,149.80251146185552,151.85406494140625,339200
22-04-2026,155.35258603858696,163.94529185355006,153.55872446633134,161.57659912109375,471900
23-04-2026,167.13659463376231,175.65001221575773,159.3565703646423,163.37046813964844,674100
24-04-2026,166.12866470115995,180.696293741566,165.98926220672348,177.1016845703125,452700
27-04-2026,177.37053929030182,179.11307808359626,171.9338115699809,174.1941375732422,529400
28-04-2026,172.55116407976604,173.42741702458815,168.89681310303945,172.06326293945312,248400
29-04-2026,171.5853100970725,174.25387645493373,170.2410598297844,171.78445434570312,257300
30-04-2026,165.73037521711626,170.09170567874529,161.4487054937969,169.70335388183594,325200
01-05-2026,169.82285683456792,173.95515707928334,167.7815940462967,172.97933959960938,252900
04-05-2026,171.53551722633233,171.7944032256359,165.23250386820715,168.69766235351562,426700
05-05-2026,172.0632595672522,176.66355704994362,170.51986504922806,175.16995239257812,196400
06-05-2026,179.70054669395526,182.2197585335933,176.24534022101648,179.6507568359375,190400
07-05-2026,182.09031857478104,182.21976917444027,174.9708090807043,175.408935546875,268600
08-05-2026,178.8442257615747,179.8897520808263,174.26383197901183,179.5611572265625,134500
11-05-2026,181.65219103337168,182.219768095842,177.71903514327346,179.6208953857422,261300
12-05-2026,178.00780645392976,178.00780645392976,171.56539051430542,175.6080780029297,239000
13-05-2026,174.7616961905661,180.97509701305503,174.7616961905661,178.655029296875,212800
14-05-2026,180.44735046416787,181.21407174148675,175.5084912666569,177.08175659179688,139000
15-05-2026,172.33210431974894,172.83992440893346,166.7659263521075,168.56820678710938,193700
18-05-2026,168.56821418482062,173.32784831639407,164.4558330451582,165.69053649902344,183200
19-05-2026,163.20119516365514,165.44160213615413,156.86831084697542,162.30503845214844,286000
20-05-2026,164.88398515637994,168.23962712206682,161.5084394023818,168.2296600341797,209200
21-05-2026,165.71045047398454,170.32071488492826,165.65070872076197,168.6578369140625,185500
22-05-2026,170.03195263454543,177.23113818807607,170.02200073967776,174.7218780517578,203700
26-05-2026,177.8584345787882,185.56543994368155,177.8584345787882,184.75889587402344,227800
27-05-2026,183.17567166838072,186.4715566645102,178.61519721182802,186.23257446289065,205700
28-05-2026,186.23257727921484,189.0505131084512,182.66783915157163,183.17567443847656,305400
29-05-2026,183.1756823171044,184.6294490120418,179.65076680852303,181.26385498046875,344800
01-06-2026,181.17423937541176,186.62091883221527,179.48149049272885,182.6280212402344,207000
02-06-2026,184.69916021746863,193.60103134844545,180.7162144037272,189.52847290039065,205900
03-06-2026,189.33927344611,189.6180784271227,184.2112369806285,185.5355682373047,202300
04-06-2026,182.8271684483804,188.98081235769325,181.4231764207764,186.0533599853516,236500
05-06-2026,180.48717862543955,182.1998464890884,174.95088654264868,176.14576721191406,175900
08-06-2026,181.0846276333116,181.2240301256589,174.462986456213,177.40040588378906,198200
09-06-2026,180.94522166336003,183.8627220520341,171.77448264086948,179.49143981933594,168000
10-06-2026,178.27664880176908,181.2240354034633,172.51134139368148,174.0945587158203,230800
11-06-2026,177.98788149716933,186.95946099128324,175.5981202147,186.89971923828125,304700
12-06-2026,189.4687316462795,191.6991867776292,187.8655953442509,189.81724548339844,141200
15-06-2026,192.495778993514,194.38767218268245,180.06897708142924,182.31935119628903,274300
16-06-2026,183.7133669409588,185.20697155023484,179.74037321054092,180.9452209472656,180300
17-06-2026,179.51136333831124,183.86272669852764,175.99641493724144,179.67068481445312,240000
18-06-2026,180.3876079823796,182.91677172666493,176.03622962818793,181.9708251953125,383400
22-06-2026,182.2297123519253,184.5696989598858,180.37764204772063,184.24110412597656,213200
23-06-2026,177.08175453471063,181.3036822642848,175.24960323826073,178.34634399414062,202100
24-06-2026,175.57820200160296,176.91248513693117,169.59383168122608,174.12442016601562,400000
25-06-2026,178.0575883336367,181.4829087482863,172.4316686208222,180.9551696777344,474600
26-06-2026,177.13154625292424,187.1287329483173,176.3548730822778,186.3719787597656,1274700
29-06-2026,183.2453702058891,187.34779935061184,180.915350654395,186.36203002929688,283500
30-06-2026,191.7190767219818,195.12450852631144,189.8172317754616,194.79591369628903,309100
01-07-2026,191.748964585976,191.8385772148939,182.16001825474245,183.9523468017578,259200
02-07-2026,185.44595646485425,188.7617605691036,168.4686474528119,175.51846313476562,306700
06-07-2026,177.649342247507,181.9110930033796,176.554026083914,178.1671142578125,193600
07-07-2026,175.02059438699007,176.7033913638388,167.54260416634736,170.10165405273438,271700
08-07-2026,168.46864583709782,172.51133323545687,164.45582931557536,168.169921875,259700
09-07-2026,165.0333590332689,165.59096899514967,161.3889601047502,162.2652130126953,267000
10-07-2026,160.7218213625139,163.09166374228164,156.96789075432932,159.2082977294922,256900
13-07-2026,158.12295078076767,160.97075762618817,156.10160700938778,157.60516357421875,231700
14-07-2026,162.64358323496052,165.49139000458663,159.9949207106353,160.47288513183594,250900
15-07-2026,159.66634517475768,163.56963021936934,158.0134190280969,162.0561065673828,301200
16-07-2026,159.7858312342475,162.14572178662604,157.38610271490822,159.72608947753906,147700
17-07-2026,155.3946167597978,159.2779977512391,155.10585989534505,157.10728454589844,196900
20-07-2026,158.67060240892752,160.33348038407,154.46859355917323,156.2708740234375,202300
21-07-2026,160.3932233373891,165.21258393306158,157.8142696724766,163.669189453125,248300
22-07-2026,162.66350163794036,168.16992280672778,161.95652209684965,163.61941528320312,244400
23-07-2026,170.94801967805807,185.7048405760759,168.29937237311003,179.8300018310547,504600
24-07-2026,176.72999572753906,179.0,162.8800048828125,163.1699981689453,319600
27-07-2026,163.60000610351562,165.0,157.30999755859375,161.88999938964844,359400
28-07-2026,158.9499969482422,163.5,158.0,162.16000366210938,327800
29-07-2026,162.58999633789062,162.58999633789062,150.7100067138672,151.44000244140625,403600
30-07-2026,157.99000549316406,160.17999267578125,155.02000427246094,159.72000122070312,300200
31-07-2026,161.05999755859375,163.11000061035156,156.02000427246094,159.67999267578125,202600
03-08-2026,157.52999877929688,164.05999755859375,155.02000427246094,163.8800048828125,240100
04-08-2026,170.75,176.8699951171875,168.3000030517578,174.61000061035156,232700
05-08-2026,177.16000366210938,181.3699951171875,177.0,178.0500030517578,257300
06-08-2026,176.16000366210938,178.82000732421875,170.6999969482422,170.97999572753906,190500
07-08-2026,171.82000732421875,186.6199951171875,171.82000732421875,184.75,373200
10-08-2026,186.77999877929688,188.1499938964844,183.07000732421875,187.1000061035156,221800
11-08-2026,189.02999877929688,194.6100006103516,188.07000732421875,193.38999938964844,229000
12-08-2026,195.9499969482422,199.88999938964844,188.75,189.4900054931641,243000
13-08-2026,187.5200042724609,189.0500030517578,181.9600067138672,182.75,183000
14-08-2026,182.1000061035156,185.3300018310547,180.2899932861328,181.72999572753903,153800
17-08-2026,182.97000122070312,186.32000732421875,181.42999267578125,185.5,150600
18-08-2026,176.94000244140625,180.6300048828125,157.3300018310547,161.24000549316406,477200
19-08-2026,163.66000366210938,164.8000030517578,154.5500030517578,156.9499969482422,335300
20-08-2026,153.00999450683594,155.52999877929688,148.0,151.14999389648438,205500
21-08-2026,154.8300018310547,157.08999633789062,151.94000244140625,154.16000366210938,217400
24-08-2026,154.3000030517578,157.1999969482422,150.92999267578125,152.5,196900
25-08-2026,154.0500030517578,155.1199951171875,152.27000427246094,153.8000030517578,129600
26-08-2026,153.49000549316406,157.35000610351562,152.5,155.5,200500
27-08-2026,156.57000732421875,159.58999633789062,155.7899932861328,156.75,229600
28-08-2026,158.11000061035156,159.4499969482422,154.4499969482422,156.3800048828125,231500
31-08-2026,163.24000549316406,169.47000122070312,156.5,158.77999877929688,362800
01-09-2026,155.16000366210938,164.1999969482422,154.0,163.30999755859375,289800
02-09-2026,164.69000244140625,167.1999969482422,162.22999572753906,162.58999633789062,252100
03-09-2026,165.6300048828125,165.6300048828125,160.22999572753906,160.77000427246094,150400
04-09-2026,160.80999755859375,164.4199981689453,160.80999755859375,164.19000244140625,116900
08-09-2026,165.38999938964844,170.11000061035156,165.38999938964844,167.8000030517578,189100
09-09-2026,167.8000030517578,173.1199951171875,165.02000427246094,167.41000366210938,181700
10-09-2026,163.14999389648438,164.17999267578125,157.3300018310547,158.4199981689453,223200
11-09-2026,160.8699951171875,160.8699951171875,155.88999938964844,157.1999969482422,157800
14-09-2026,152.42999267578125,154.5,148.42999267578125,149.05999755859375,160100
15-09-2026,150.02999877929688,150.60000610351562,147.66000366210938,149.97000122070312,142900
16-09-2026,152.97999572753906,155.30999755859375,149.77999877929688,152.3800048828125,161700
17-09-2026,157.36,158.59,154.16,155.08,165100
18-09-2026,155.77,155.83,148.66,150.13,658500
21-09-2026,152.55,152.75,148.64,150.94,151400
22-09-2026,152.0,154.33,149.38,153.85,178400
23-09-2026,151.32,156.84,150.2,156.26,218000
24-09-2026,154.36,154.95,150.89,151.67,180200
25-09-2026,153.22,155.05,151.9,152.55,150000
28-09-2026,149.44,154.71,148.88,151.57,178500
29-09-2026,152.1,152.54,147.33,151.17,228900
30-09-2026,152.07,152.12,144.36,144.82,472300
01-10-2026,142.57,148.64,140.33,148.39,243900
02-10-2026,152.88,153.98,150.14,152.03,178600
