Date,Open,High,Low,Close,Volume
30-09-2021,67.1260813755311,67.54668315248104,65.52421837465103,65.77478790283203,121200
01-10-2021,66.66073531601226,66.66073531601226,65.1125705878803,66.0611572265625,76400
04-10-2021,65.73900382650929,67.8241113843156,65.73900382650929,67.60038757324219,65400
05-10-2021,67.79726103790524,68.00308310677913,67.26032529311493,67.69882202148438,53400
06-10-2021,67.43034628060377,68.28944478101431,66.66968679011082,67.98518371582031,72300
07-10-2021,68.30736120151599,68.79060549211246,67.06345725678985,67.3856201171875,104700
08-10-2021,67.39456203711607,67.39456203711607,66.5623091451552,66.67864990234375,30100
11-10-2021,66.55335393926332,66.9292082590071,66.13275213157038,66.54440307617188,38400
12-10-2021,66.4817547512634,66.95604804012402,66.45490899189505,66.72337341308594,25800
13-10-2021,66.59812561990056,67.22455660542843,66.27596267363165,66.58023071289062,40600
14-10-2021,67.06345033132116,67.60933696464991,66.61600271892112,67.49299621582031,50300
15-10-2021,68.01203400009238,68.01203400009238,67.22452869588909,67.3945541381836,76500
18-10-2021,67.22452538030991,67.72566447394912,66.5265014359449,66.73233032226562,55800
19-10-2021,67.591411944407,68.00306278665703,66.80390687586429,67.64510345458984,73800
20-10-2021,67.85095377088837,69.32753221595459,67.65407573454506,68.33419799804688,51200
21-10-2021,67.19766162350226,68.19994647172025,67.19766162350226,67.80619049072266,67200
22-10-2021,67.89569556885196,68.31629054235401,67.65407006177864,67.98518371582031,27800
25-10-2021,68.03888897442555,68.45053999559188,67.14399366906152,68.18207550048828,48000
26-10-2021,68.1194200205634,68.67425063373348,67.6451198646972,68.39683532714844,48500
27-10-2021,68.5131592470951,68.5131592470951,67.5914184863764,67.68985748291016,66700
28-10-2021,67.8061976276109,68.87112496421142,67.8061976276109,68.07466888427734,58100
29-10-2021,68.02098699029956,68.27155655731151,67.38561220894536,67.9135971069336,72700
01-11-2021,67.84200499043727,69.10381053801594,67.37666247638883,68.85324096679688,90400
02-11-2021,68.85323981073704,68.99641949438302,67.61828004830866,67.9135971069336,93000
03-11-2021,67.74357910879692,69.31859692589009,67.74357910879692,68.89799499511719,67000
04-11-2021,68.98746322058805,69.88235836260118,68.05677828110153,69.11275482177734,83200
05-11-2021,69.81077367219095,71.91377594259686,69.81077367219095,70.87569427490234,97600
08-11-2021,70.75041841022737,71.4842322642194,69.12170927929338,69.92711639404297,55600
09-11-2021,69.84658781717346,70.23139310740459,69.33649771872848,69.88237762451172,38500
10-11-2021,69.91813792430744,70.89357694135352,69.60492606654273,70.66985321044922,54400
11-11-2021,70.6340880507988,70.6340880507988,69.63180283208172,70.06135559082031,46100
12-11-2021,70.17768125071416,70.17768125071416,69.57810309416396,69.64969635009766,31000
15-11-2021,70.00764357195833,70.66091314257861,69.71232656345506,70.65196228027344,54600
16-11-2021,70.71461153244468,70.93833531925988,70.07029276152375,70.35665893554688,71800
17-11-2021,68.897961977618,68.897961977618,64.48612949287534,66.26697540283203,149300
18-11-2021,65.8374193732442,66.41910244012003,64.86198718198848,66.32066345214844,110300
19-11-2021,66.43701354208338,67.70776983476615,66.37437115513838,67.29611206054688,66700
22-11-2021,67.36770504491624,69.27383606266814,67.22452537282444,68.43263244628906,81100
23-11-2021,68.62056500128882,70.09714346383686,67.88675120191768,69.61389923095703,76400
24-11-2021,69.22014966274882,69.33649042063752,68.79954778194038,69.16645812988281,68900
26-11-2021,65.11257294957247,68.97851971995208,65.11257294957247,67.14398193359375,60500
29-11-2021,67.28716693653344,68.00307894325228,66.74128036162479,67.34085845947266,74600
30-11-2021,66.8623042161374,66.8623042161374,64.93730372255149,65.29711151123047,114300
01-12-2021,65.97177556390726,67.52797134911845,65.41406925406007,65.55799102783203,73500
02-12-2021,66.14268908404487,67.527971328515,65.71990729258317,66.9522705078125,80000
03-12-2021,67.13218317492776,68.26559731566526,66.63744386368154,68.085693359375,82000
06-12-2021,69.24607745758202,70.12761626114141,68.58941511938838,69.21908569335938,98800
07-12-2021,68.60740005551811,69.58789489670195,68.58941240964153,69.17411041259766,49800
08-12-2021,69.17411610899103,69.46196650698046,68.78731649329633,69.21009826660156,41000
09-12-2021,68.99419433641965,69.21008724771069,68.66137144157669,68.79630279541016,40000
10-12-2021,68.7603232932467,69.38099656416864,68.00471180039764,68.9852066040039,52400
13-12-2021,69.09315425656762,70.73030467524154,68.6433875826144,70.2625503540039,65200
14-12-2021,69.83977649633039,70.54141148914013,69.52494116146647,69.74982452392578,101500
15-12-2021,70.01067361038473,71.88170439384885,69.91172440510289,71.77375793457031,120700
16-12-2021,71.60284688381624,72.80822503372184,70.75729027720476,71.791748046875,105900
17-12-2021,72.17854302474267,72.4933782764314,70.58637225883461,70.9551773071289,186100
20-12-2021,70.28054797325886,70.6313654796876,68.75134381000002,70.42447662353516,81600
21-12-2021,71.10810636032124,71.73777689195822,70.0286623395083,70.43345642089844,88900
22-12-2021,70.43345199886555,71.3869549905931,69.73181034108607,71.35997009277344,48100
23-12-2021,71.57587476501499,71.71080615212126,70.70332623967579,70.9192123413086,49900
27-12-2021,71.16207169157104,71.43193439555498,70.46043689668521,71.35997009277344,33500
28-12-2021,71.42294091734003,71.89969243840449,71.26102465896965,71.43193817138672,37000
29-12-2021,71.35999712872506,72.08861709748065,71.21606846863216,72.02565002441406,49000
30-12-2021,72.17855531638358,73.32995692600524,72.0616184495265,73.18603515625,64500
31-12-2021,73.41989936018618,74.25646547772172,73.33893780667324,73.98660278320312,50300
03-01-2022,73.52784150439628,74.19350101058359,72.42141951676294,72.95214080810547,101800
04-01-2022,72.97915364115492,73.39293824607313,71.98067086256455,72.0526351928711,98000
05-01-2022,72.0526235027889,73.06910063048707,71.99865369526339,72.49339294433594,58700
06-01-2022,72.28650966242311,73.16804861326729,72.22354259450567,72.67330932617188,73300
07-01-2022,73.3029814315784,73.3029814315784,72.40344795074408,72.58335876464844,39100
10-01-2022,72.81721178784656,72.97013765183132,71.29700530500627,71.89069366455078,40900
11-01-2022,71.94468971249098,72.16057582296665,69.8937476428371,70.19959259033203,71100
12-01-2022,70.48743043150698,70.48743043150698,69.58789712519668,69.704833984375,73300
13-01-2022,69.7857902709407,70.93719171784444,69.59688911445436,70.5503921508789,61800
14-01-2022,70.19956564750572,70.37047913677031,69.69582929543293,70.10061645507812,53400
18-01-2022,69.74083254257471,69.96571592204278,68.38253500897665,68.87728118896484,65200
19-01-2022,68.89525507744914,69.49794762983352,68.40051585918387,68.64338684082031,53300
20-01-2022,69.74082057586025,69.74082057586025,68.37353288297935,68.60740661621094,47700
21-01-2022,69.52493692240371,70.49643463608885,68.71535549433275,69.08416748046875,74100
24-01-2022,68.76031458616524,69.71381750690811,67.46498468410464,69.10213470458984,93800
25-01-2022,68.48145891590971,68.92223511792355,67.60891749113102,68.54442596435547,69500
26-01-2022,68.56243338389741,69.44397222816143,66.9792527582319,67.84280395507812,145300
27-01-2022,68.22959968789684,69.08416044383328,67.6628961774169,67.91476440429688,62100
28-01-2022,67.92376583539402,68.73334723078328,67.17715150059642,68.72434997558594,57500
31-01-2022,68.17562958546796,70.19058225452517,68.17562958546796,69.65086364746094,89600
01-02-2022,69.52492744589408,69.54291509166825,67.97772911933525,68.29256439208984,64600
02-02-2022,67.99572504607195,68.69736684881099,67.95075249471238,68.5174560546875,82600
03-02-2022,68.33754573298883,68.85927669281558,68.11266240853534,68.25658416748047,57000
04-02-2022,68.05870672862851,68.51746386441941,66.61944766317171,67.43802642822266,61500
07-02-2022,67.15016586618701,67.78883372034173,66.6734142893458,67.64490509033203,76400
08-02-2022,68.43649297240614,68.43649297240614,67.61791440079797,67.75284576416016,49000
09-02-2022,68.02272366952474,68.12167290054366,67.1861572654802,67.58194732666016,68800
10-02-2022,67.0242408094202,67.19514750204827,65.56699411654915,65.764892578125,75900
11-02-2022,65.86383998707122,66.75437617663388,65.53101014154582,65.65694427490234,45900
14-02-2022,65.7738768406421,65.7738768406421,64.29864278947124,65.07223510742188,84000
15-02-2022,65.36009123781822,65.47702809325214,64.21768013216406,64.42457580566406,54100
16-02-2022,64.61348224270857,64.92831754294689,64.16371556725532,64.80238342285156,57400
17-02-2022,64.86536859343676,65.51303388498202,64.0917691466351,65.0182876586914,71700
18-02-2022,64.46056841901188,65.45904420518374,64.46056841901188,65.18019104003906,59500
22-02-2022,64.76639847260024,65.62994962868757,64.3616112273043,64.98228454589844,62100
23-02-2022,64.7933776283928,65.19817170068845,64.00179085456313,64.40657806396484,89900
24-02-2022,63.86686353794607,64.50553134977821,62.50856634954271,63.28216552734375,122800
25-02-2022,63.417115156503755,65.92681457986188,63.417115156503755,65.8008804321289,87600
28-02-2022,65.48253971902231,65.96183352320841,64.56916447172044,65.12984466552734,117700
01-03-2022,65.1027224539713,65.60915200541227,62.86902598634946,63.26693344116211,81300
02-03-2022,63.67386859719799,64.97609890073117,62.606759089052204,64.47872161865234,58200
03-03-2022,64.78620640327097,66.25122361723112,64.75907760477946,66.16983032226562,68600
04-03-2022,65.82618505458319,68.7471672473605,65.82618505458319,68.60247802734375,58800
07-03-2022,68.6115252344334,69.90471751691604,67.84283915153469,69.36211395263672,78200
08-03-2022,69.27168359198505,69.29881239079698,67.1465092579939,68.61152648925781,153500
09-03-2022,69.13603966964412,69.13603966964412,67.73433202692408,67.83380889892578,80300
10-03-2022,67.1103278127516,68.04178659968225,66.60390522556375,67.95135498046875,55000
11-03-2022,68.39448737598018,69.36212036920563,67.99658679805476,68.37640380859375,90000
14-03-2022,68.81952105296573,68.92804315165702,67.72528243092091,68.62056732177734,78800
15-03-2022,69.03655143808663,70.15792564713728,68.8828169882862,70.0584487915039,103100
16-03-2022,70.07653476711178,70.30261728323957,68.85569055991989,69.7690658569336,130200
17-03-2022,69.49775804626213,70.51061011442864,69.42540999150232,69.66053771972656,53100
18-03-2022,69.77811943913765,70.74575244797263,68.10510310000497,70.54679870605469,367200
21-03-2022,70.22123513763287,71.18886808922278,70.02228140748501,70.89948272705078,193600
22-03-2022,71.32451545786626,71.32451545786626,68.94612294631592,69.36211395263672,130000
23-03-2022,69.12699377129323,69.32594749352629,68.3492693477409,69.13603210449219,156400
24-03-2022,69.32594631086467,69.91375533535519,69.13603092507041,69.63341522216797,79900
25-03-2022,70.08557629433407,71.14364075799662,69.81427452952755,70.98990631103516,64400
28-03-2022,70.5377441008892,72.1745792882138,70.18505593234401,72.0479736328125,105800
29-03-2022,72.26501986334745,72.69004920454452,72.00276331272099,72.55440521240234,97600
30-03-2022,72.32831257821945,72.94325722140162,71.63197465164332,72.13839721679688,71600
31-03-2022,71.93040402694895,72.69908309360815,71.8399724131343,72.15648651123047,127800
01-04-2022,72.21074875302132,73.90184832824121,72.21074875302132,73.63054656982422,107300
04-04-2022,73.63055932998108,73.74812666543166,72.11128439843469,73.62152099609375,89200
05-04-2022,73.60341046783381,75.34876746169274,73.60341046783381,74.63434600830078,141400
06-04-2022,74.31785165508266,76.66910865417765,74.31785165508266,76.15364074707031,102400
07-04-2022,76.46109741146614,76.8409143215697,74.83330079746555,75.45729064941406,99800
08-04-2022,75.65625490365368,76.18980631863995,75.1407801543073,75.37590789794922,68000
11-04-2022,75.28546924657303,75.8280658432269,74.48966136478003,74.67052459716797,46600
12-04-2022,74.8875724667155,75.49347886999479,74.45349788768462,75.29452514648438,55700
13-04-2022,75.1046079240873,75.55677291604572,74.51679205464333,74.6524429321289,60600
14-04-2022,74.90566130525633,75.62912122109122,74.51679909942962,74.69766235351562,61500
18-04-2022,74.4715881982107,74.74289000929373,73.47682639005899,73.99229431152344,64800
19-04-2022,74.08272060253414,74.56201445463311,73.84759974268746,74.36306762695312,50500
20-04-2022,74.67956541585944,75.95466699767647,74.48061173229475,75.59293365478516,47900
21-04-2022,75.43920829127896,75.7466840845047,74.36306026371507,74.70670318603516,70000
22-04-2022,74.80619950668014,74.80619950668014,73.58535504707513,73.82952117919922,49200
25-04-2022,73.88375299729864,74.16409996905824,71.55962533820195,72.59056091308594,84600
26-04-2022,72.15647837708032,72.99750539977879,71.54153381317725,71.76761627197266,71900
27-04-2022,71.88519842941243,72.42779511489049,70.39305236972938,70.6010513305664,131300
28-04-2022,70.7095751346685,71.36069393275923,69.98610827023626,71.01704406738281,83400
29-04-2022,71.08936815482932,71.08936815482932,69.73287341619167,70.420166015625,159200
02-05-2022,70.3116460720045,70.9356358784222,68.58437274098887,69.42539978027344,124200
03-05-2022,69.96801675905608,70.8361727581074,69.24454997676804,70.14888000488281,82100
04-05-2022,70.15791862387141,72.55439435237965,70.04035131562452,72.54534912109375,98700
05-05-2022,71.80379619442623,72.68099731056236,71.38780526399367,71.83092498779297,82300
06-05-2022,72.32832322473904,72.32832322473904,70.48348902363827,71.8038101196289,67900
09-05-2022,71.9756320902575,73.36830132527149,71.55964105634288,73.06987762451172,78000
10-05-2022,73.31402340951607,74.46251932625803,70.962767091347,72.46395111083984,79600
11-05-2022,72.4097118608517,74.16411448764048,72.09319770124837,73.1331787109375,84500
12-05-2022,73.59437028298257,74.4806166870485,72.25596579458518,73.48585510253906,107500
13-05-2022,73.82951238457191,73.82951238457191,72.30119223378098,73.14221954345703,86700
16-05-2022,73.2597930372619,74.35403177527198,72.88901433539073,74.29977416992188,120700
17-05-2022,74.68863128665456,74.95088788446331,73.35022639379375,74.01038360595703,105500
18-05-2022,74.0194121586719,76.15363159824294,73.76620085219578,74.16410827636719,128000
19-05-2022,73.90184923112426,74.03750011199006,72.28309769163747,73.26881408691406,161600
20-05-2022,73.57629811435977,73.57629811435977,71.75859266602701,73.2236099243164,99800
23-05-2022,73.37731906497822,73.96513481203164,70.8271093172979,72.41873168945312,271100
24-05-2022,71.94849362430455,72.31927224137894,69.6967138238588,72.2650146484375,528600
25-05-2022,72.16553283718325,72.82568983758532,70.88137906337174,72.31926727294922,1339100
26-05-2022,73.01559771304292,73.91992765662603,72.50012992118015,73.02464294433594,165800
27-05-2022,73.23265142409124,73.3773406462119,72.4911010495594,73.0065689086914,117600
31-05-2022,72.69579845018617,73.25919338398728,71.55992659940202,72.12332153320312,151400
01-06-2022,72.56858058551632,72.56858058551632,71.22370527805796,71.95975494384766,111400
02-06-2022,72.29595941171699,72.450443231145,70.78752540609277,72.18692016601562,98600
03-06-2022,72.06878199375372,72.17782816760692,71.50539409420465,72.05970001220703,78700
06-06-2022,72.61402281861821,73.60449979677571,72.27780223731446,73.54998016357422,139000
07-06-2022,73.53179015039125,73.8770995909668,72.71396112377917,73.67718505859375,110800
08-06-2022,73.39548085677094,73.48635613671652,72.27778701466958,72.38683319091797,82500
09-06-2022,72.48679265522924,72.96840812808253,71.63262176513672,71.63262176513672,76800
10-06-2022,71.37818079902061,72.37774651403053,70.70573975724842,71.85070037841797,81700
13-06-2022,71.24189323984272,71.83254806651533,69.07010653006289,69.15188598632812,100100
14-06-2022,69.19730273221194,69.23365145717383,66.98916795365292,67.87060546875,122400
15-06-2022,68.40673518592611,69.2700018254267,67.46168911292902,68.25225830078125,184600
16-06-2022,67.65251547459567,68.61573938759842,66.81651556979457,68.3613052368164,204400
17-06-2022,69.04283437221798,69.47900525997339,67.2163505811127,67.50713348388672,207600
21-06-2022,67.68888313876853,68.81567316864229,67.13457704113408,68.1523208618164,111300
22-06-2022,67.74338766970305,68.61573626098131,67.45260480594362,67.81607818603516,242000
23-06-2022,67.85242540336569,68.52486639378047,67.61616909811634,67.98873138427734,170800
24-06-2022,68.05235444282137,70.04240416358319,67.88878861737778,70.01514434814453,688500
27-06-2022,70.15145412306892,70.73302005048488,69.51536855646167,70.16963195800781,165000
28-06-2022,70.57853165352427,71.58718641160371,70.48766329202762,70.54218292236328,69400
29-06-2022,70.56942052074474,70.8783742087784,70.15141375146231,70.26045989990234,70900
30-06-2022,69.94243483899521,71.20552357739813,69.65165196971131,70.72391510009766,122900
01-07-2022,70.6421335637573,72.67762072068957,70.6421335637573,72.42317962646484,81900
05-07-2022,71.94157388907841,71.94157388907841,68.3794816263701,70.11509704589844,129600
06-07-2022,69.98786554596461,71.2236944736238,69.27908273538576,70.72391510009766,82600
07-07-2022,71.07832030690334,71.16918867129681,69.64257657792632,69.81523132324219,78600
08-07-2022,69.80613171717754,70.06056587164113,69.2518257666058,69.71526336669922,70600
11-07-2022,69.71524900861517,70.41494278928585,69.29724913625475,69.98785400390625,58100
12-07-2022,69.9878599141519,70.64212305059577,69.34268569149474,69.4971694946289,53000
13-07-2022,69.2700012072343,70.00604383337624,68.96104050689131,69.1700439453125,47500
14-07-2022,68.37948913293668,69.78797307757047,68.37948913293668,69.69709777832031,47500
15-07-2022,70.53310624121757,70.59671479232789,69.5335333911809,70.49675750732422,81600
18-07-2022,70.42405699077145,70.44222789052542,69.65166549420921,69.81523132324219,59700
19-07-2022,69.95153891028399,70.69667060757627,69.69709777832031,69.69709777832031,86100
20-07-2022,69.69707369026436,69.90607710036913,68.2158997240768,68.37037658691406,105900
21-07-2022,68.11595456992511,68.16139221191406,67.50712899101357,68.16139221191406,102400
22-07-2022,68.53396147412451,68.95196147808583,67.97965546319915,68.60665893554688,77800
25-07-2022,68.60665069085691,69.61530531524139,67.78882168016536,69.55169677734375,121900
26-07-2022,69.66075966052307,71.26915132322168,69.65167074355519,71.04197692871094,241300
27-07-2022,70.42405323452346,71.29640196523309,69.86065831283516,70.76935577392578,163100
28-07-2022,71.2237023613096,73.14105450114153,71.2237023613096,73.0229263305664,79400
29-07-2022,72.63219750176154,74.12246097125887,72.63219750176154,73.9498062133789,109000
01-08-2022,73.54996960818981,74.33144992504762,73.3227952587035,74.14061737060547,81000
02-08-2022,74.36777410336141,74.9493466784657,74.05882038899628,74.14968872070312,55100
03-08-2022,74.14060753738178,74.82213049545076,72.55947621584856,74.64948272705078,81600
04-08-2022,74.39504263979197,75.83077895418997,74.05882217826328,75.00386810302734,73100
05-08-2022,75.00387945956749,75.01296837417672,73.8225701415448,74.65857696533203,86800
08-08-2022,74.75854949342683,75.27650685498637,74.22242123006372,74.57681274414062,77200
09-08-2022,74.80397568821006,75.63089371625874,74.66766968071933,75.3946304321289,50200
10-08-2022,74.82213304181981,76.05796193580112,74.82213304181981,75.74900817871094,63500
11-08-2022,75.63089142745328,76.06706231885003,75.2583221471077,75.45823669433594,66000
12-08-2022,75.74901669669867,77.02119445800781,75.4127961589893,77.02119445800781,76700
15-08-2022,76.49414918137703,78.21158675253834,76.43962955461355,77.8753662109375,93800
16-08-2022,77.68453067405228,78.39331346280109,77.61184015857798,77.88444519042969,56100
17-08-2022,77.60276111782652,78.31154399675455,77.53006366029258,77.82084655761719,67900
18-08-2022,77.79359738380384,78.2115974225757,77.49372553007228,77.83903503417969,43700
19-08-2022,77.8117538440683,78.23884272021915,77.37558298577737,78.0571060180664,71000
22-08-2022,77.74815126248508,77.94806580985805,76.4941512827974,76.53958892822266,74000
23-08-2022,76.72132638052571,76.72132638052571,74.95845109984161,75.14927673339844,110800
24-08-2022,75.35828553646594,75.35828553646594,73.8952819760863,73.9952392578125,84300
25-08-2022,74.32236096781729,74.3405318653291,73.38640375771314,74.058837890625,95800
26-08-2022,73.91344902681418,73.91344902681418,72.25961990548753,72.62310028076172,118000
29-08-2022,72.55040662012937,72.95023574715955,71.80527493154428,72.30506134033203,75900
30-08-2022,72.46862328358186,72.46862328358186,70.6875770730638,70.87840270996094,83700
31-08-2022,70.86743944704354,71.31504054423722,70.2280023389296,70.35588836669922,73300
01-09-2022,70.24627744791682,71.62562760271358,69.92656237078273,71.2967758178711,115900
02-09-2022,71.72610088347757,72.41120758192976,70.27367802800647,70.57512664794922,71900
06-09-2022,70.5203262874343,71.77179059472462,70.14580484771211,70.30109405517578,91200
07-09-2022,70.41070402763104,71.72610421057489,70.41070402763104,71.5890884399414,89200
08-09-2022,71.24195234958478,71.66215024360316,70.54771598691008,70.8217544555664,50100
09-09-2022,70.89484710607182,71.80832277349266,70.538592153319,71.4612045288086,75500
12-09-2022,71.46121714801124,72.50257903522184,71.42467727854995,71.99102783203125,98400
13-09-2022,71.40638839005673,71.91793948242741,69.16837588220771,69.37847137451172,85800
14-09-2022,69.29625711926673,69.96309038086059,69.21404069416042,69.54289245605469,69800
15-09-2022,69.35105506011604,69.41499806336984,68.15440444096713,68.44671630859375,102800
16-09-2022,68.43757492472702,69.60682231531224,68.4284451886467,69.36932373046875,185500
19-09-2022,68.94913150980916,70.06356572850524,68.94913150980916,69.74385070800781,64600
20-09-2022,69.48808687302554,69.48808687302554,68.15441336673688,68.78471374511719,110600
21-09-2022,69.15010413895466,69.86262100242219,68.37365122781895,68.40105438232422,70600
22-09-2022,68.12701445160714,69.03135337780978,67.59719691130013,68.82125091552734,79000
23-09-2022,68.01740407901286,68.01740407901286,66.5558442606111,67.35057067871094,99100
26-09-2022,67.50584950511643,67.50584950511643,65.92553362087916,66.42794799804688,88400
27-09-2022,66.61978835927636,66.76594085884011,64.7014906311078,64.71975708007812,83800
28-09-2022,64.98464903762542,65.66975568924722,64.4274284034318,64.93897247314453,101500
29-09-2022,64.85676926832933,65.53273927832309,62.070665828955285,62.34471130371094,92300
30-09-2022,63.03894470419559,63.03894470419559,59.84178053038303,59.951393127441406,203100
03-10-2022,61.42210031653545,62.46346199256704,59.78697807838541,61.824031829833984,122800
04-10-2022,61.458636250545624,63.00241221953214,61.458636250545624,62.48173141479492,117900
05-10-2022,61.705278837115486,61.705278837115486,60.59996724124852,61.166324615478516,115100
06-10-2022,61.586519323356164,62.05239380082505,59.44898990190827,59.59514236450195,131500
07-10-2022,59.82350976248524,59.942266040234436,57.00087375522238,57.347991943359375,139300
10-10-2022,57.9600295384228,58.727349208570246,57.667717614998345,57.85954666137695,97600
11-10-2022,57.548954624972836,59.074456987646194,57.28404590229214,58.39848709106445,106600
12-10-2022,58.40762305417209,58.608592266772575,56.745097899071496,56.79990768432617,86200
13-10-2022,56.33403175390175,59.39417324927951,56.33403175390175,59.293697357177734,101200
14-10-2022,59.31196430189432,59.75956534405212,58.197523080417184,58.52637481689453,58200
17-10-2022,58.89176722410532,60.325923495531185,58.89176722410532,59.6773567199707,79800
18-10-2022,60.25286046297553,60.87402426029557,59.686502981244416,60.30766677856445,94300
19-10-2022,59.67735494135187,60.39900140880241,59.22974693707865,60.20717239379883,67400
20-10-2022,60.30765462559536,60.30765462559536,58.51724332806201,58.96485137939453,60200
21-10-2022,59.092740229132836,59.604284347389786,57.868679271390384,59.12928009033203,107300
24-10-2022,59.028800409837956,59.83265649193883,58.76389162875253,59.0836067199707,82500
25-10-2022,59.46725957392075,60.63650721519386,59.40331656132818,60.36246871948242,74300
26-10-2022,60.79180714179268,60.81921029614095,59.95140424927126,60.26198959350586,81500
27-10-2022,60.8100721568346,61.65046806030746,60.508623527567394,60.682186126708984,93700
28-10-2022,60.99276125561674,62.69182638765393,60.40813744343895,62.490867614746094,80700
31-10-2022,62.043261996307294,62.62788583140613,61.88797281463607,62.198551177978516,94100
01-11-2022,62.70096863429473,63.25818934345345,62.16202134109287,62.76491165161133,78200
02-11-2022,62.454328743864856,64.24474006815647,62.0980738204697,62.32644271850586,83600
03-11-2022,61.668748978742926,62.45433867039062,61.239414267113744,61.33989715576172,76600
04-11-2022,61.49517469231233,62.21682122421473,60.68218199785916,61.8971061706543,62800
07-11-2022,61.87883151907055,61.961047942207834,59.88745455052118,60.90141296386719,85000
08-11-2022,61.12978434463815,62.17114595176634,61.09324448500455,61.422096252441406,101100
09-11-2022,61.47691557768825,62.19855522636965,59.76871356032347,61.349029541015625,84900
10-11-2022,62.86540069725152,64.52792627980547,62.034141390607985,64.49138641357422,120400
11-11-2022,64.32694381588556,64.5827158438986,62.53653265052911,63.1485595703125,89100
14-11-2022,63.084619724027256,63.851942815776546,62.46345606661704,62.95673370361328,68500
15-11-2022,63.21250878193035,63.83367246918874,62.6826982301563,63.422611236572266,68000
16-11-2022,63.641833211586146,64.226456944642,63.267311899440045,63.70577621459961,65400
17-11-2022,63.05721631376535,63.56876039332308,62.5548089411327,63.41347122192383,67600
18-11-2022,64.67407027072476,65.25869405201308,64.19905909263723,65.04859161376953,88200
21-11-2022,65.24043066043122,65.72457165031247,64.83850610484531,65.32264709472656,80900
22-11-2022,65.59666158640441,65.77022413024585,64.77453936018732,65.38656616210938,90500
23-11-2022,65.35005024973626,65.57841916717204,64.62840363432721,65.32264709472656,47200
25-11-2022,65.57840414390861,66.23610759053392,65.57840414390861,65.77023315429688,24400
28-11-2022,65.31350624334135,65.60581816034511,64.48224009136031,64.82022857666016,61800
29-11-2022,64.36347885507521,64.66492742378384,63.998087284149435,64.0711669921875,65500
30-11-2022,63.96825847755661,66.45826013039337,63.591538868250865,66.16423797607422,145400
01-12-2022,66.24696258634818,66.43073090884758,65.22707117912191,65.30976867675781,69700
02-12-2022,64.80438310065863,65.2362296863864,64.30821938578256,65.03408813476562,81800
05-12-2022,64.33580639852426,64.75846998470298,63.81207900961328,64.69415283203125,90000
06-12-2022,64.436850037065,65.07083813892446,64.436850037065,64.84113311767578,79900
07-12-2022,65.12597564625356,65.48431497662187,64.17040176192403,64.37254333496094,49200
08-12-2022,64.17959813689936,64.94222068713057,63.95908322226913,64.86871337890625,43600
09-12-2022,64.36337209063971,65.19030484603057,64.36337209063971,64.79521179199219,48500
12-12-2022,65.03408707075646,66.32962680674369,64.6481843021803,66.0539779663086,74100
13-12-2022,66.86255213927406,67.98351406028871,66.06318294087785,66.43989562988281,174300
14-12-2022,66.7982283319933,67.08306737189156,65.28218055110788,65.75996398925781,76300
15-12-2022,65.75077789655423,65.75077789655423,64.32661064902133,65.13516998291016,104000
16-12-2022,64.10608499175643,65.50269568068497,63.42615997769608,65.28218078613281,278800
19-12-2022,65.05249132216436,65.58540186092267,63.88558541323409,64.51038360595703,98100
20-12-2022,64.2990311229292,65.10759025512888,63.637479555656356,64.81356811523438,86400
21-12-2022,64.84114226088556,65.58538439146332,64.77682512626825,65.30055236816406,56900
22-12-2022,64.81358562137093,65.1811151480189,64.17959736315424,65.07085418701172,63400
23-12-2022,64.82278734342522,65.90699578479794,64.81359717585894,65.83348846435547,30100
27-12-2022,65.77834070130316,66.44908259237458,65.6037696143457,66.29288482666016,36800
28-12-2022,66.20101642055855,66.63285614488758,65.34651311915216,65.42001342773438,63100
29-12-2022,65.53946349606386,66.5226010838888,65.53946349606386,65.96212005615234,73400
30-12-2022,65.81509684762067,65.81509684762067,64.23473178926712,64.68495178222656,91300
03-01-2023,64.93303242890609,65.34650579228425,63.92233144627554,64.94222259521484,73500
04-01-2023,65.12596914949378,66.0815429384983,65.12596914949378,65.64969635009766,55100
05-01-2023,65.11679700862125,65.11679700862125,63.416973850181385,63.64667892456055,63700
06-01-2023,64.32660330238647,65.9529119501642,64.32660330238647,65.65888977050781,59300
09-01-2023,65.35568921119982,66.11831178690265,65.1259841228587,65.55783081054688,82100
10-01-2023,65.14436752899687,65.61296789413288,65.07086021484939,65.47514343261719,52000
11-01-2023,65.72321276972392,66.26532037406638,65.3373099388619,66.10911560058594,51100
12-01-2023,66.50421738161731,66.70635898925838,66.09994117637845,66.38477325439453,74300
13-01-2023,66.0172268270043,66.47663690514634,65.64969736248236,66.26531219482422,67700
17-01-2023,66.21021063427744,66.66043777851188,66.21021063427744,66.56855010986328,48700
18-01-2023,66.68797381613945,66.68797381613945,64.78601622499498,65.19029235839844,90400
19-01-2023,64.80438120782969,65.01571291745365,64.24390038017604,64.82276153564453,48500
20-01-2023,65.19949269042552,65.19949269042552,63.325098292223075,64.96978759765625,85900
23-01-2023,64.66658027584289,65.35569560831794,64.14285290356361,64.52876281738281,66700
24-01-2023,64.27147505626024,64.74926552208902,63.93151604292605,64.15203094482422,50600
25-01-2023,63.637488709726846,64.5195552562931,63.59154489593038,64.50117492675781,45200
26-01-2023,64.37253291151701,64.88707692594188,64.07851076472033,64.84113311767578,39800
27-01-2023,64.58388488625621,65.26380999974712,64.51037757397526,65.0616683959961,37300
30-01-2023,64.79520352014863,65.93454572264955,64.79520352014863,65.52107238769531,59200
31-01-2023,65.88858491575607,67.46895652267806,65.47511869745142,67.17493438720703,133600
01-02-2023,66.80742438861698,69.25148979595332,66.65122661718223,68.02945709228516,121000
02-02-2023,68.20403848636214,69.21473948152634,67.95595306325016,68.7001953125,88200
03-02-2023,68.16728753157575,68.16728753157575,66.07237814694916,67.6159896850586,79100
06-02-2023,67.1014394835798,67.80893497795577,66.81660745885392,67.64354705810547,64200
07-02-2023,67.20250720166833,67.51490970714757,66.24693337614598,67.29438781738281,77800
08-02-2023,66.60527692369956,66.73391119589539,65.19948308467224,65.75996398925781,54400
09-02-2023,66.04479860378794,66.04479860378794,64.55631425011498,64.6757583618164,46600
10-02-2023,64.93303528066485,65.96211664110857,64.57469588935852,65.86104583740234,66100
13-02-2023,65.79672442857058,66.48583967645251,65.79672442857058,66.39395904541016,52100
14-02-2023,66.05399834005203,66.09994216430923,64.48281628905438,64.65739440917969,74700
15-02-2023,64.32660385642315,64.77682378945305,63.84881342909032,64.50117492675781,99700
16-02-2023,63.876394244724075,64.6573972309203,63.23322273731461,64.09691619873047,59600
17-02-2023,64.63900643880184,66.48583719706548,64.39092804323451,66.18262481689453,76700
21-02-2023,65.5762021817064,65.72320977293256,64.74926257467793,65.19029235839844,64500
22-02-2023,65.19028686257568,65.98047275267102,64.87789137628012,65.78752136230469,93200
23-02-2023,65.78752138851873,66.73390502213896,65.39242844331363,66.21936798095703,59100
24-02-2023,65.44756410108484,66.33881378173828,65.06165430023968,66.33881378173828,72500
27-02-2023,66.42152594996656,66.97281677461801,65.42000809297832,65.53945922851562,51900
28-02-2023,65.68546831397234,66.52640126322582,65.2973454143169,65.40823364257812,106100
01-03-2023,65.24188277887511,65.58380454009463,63.89268885274003,64.6412124633789,62200
02-03-2023,64.15145453821296,65.17721304542381,64.15145453821296,65.13101196289062,73100
03-03-2023,65.36202774323327,65.89800392449425,64.7428712961705,65.84255981445312,111000
06-03-2023,65.79635369049859,66.63729365367475,65.79635369049859,66.48943328857422,75800
07-03-2023,66.45246249968422,66.86830735860741,64.14219761595778,64.65045166015625,92700
08-03-2023,64.77060875973201,65.65775703365756,64.33628471047003,65.45445251464844,54100
09-03-2023,65.61152797104823,66.44322480610724,65.28809227140569,65.34353637695312,55900
10-03-2023,65.31581966302409,65.31581966302409,63.66166889207862,64.30854034423828,99300
13-03-2023,64.30853673872639,67.17327113862841,64.30853673872639,65.63925170898438,103500
14-03-2023,66.39701688428795,68.95679453709309,66.39701688428795,68.3930892944336,147000
15-03-2023,67.9310233622883,70.16735783887643,67.66303181834488,70.01026153564453,154600
16-03-2023,69.43731760198585,72.41293976404229,69.43731760198585,71.32249450683594,154800
17-03-2023,70.69412454023312,72.17269305518343,70.52778514165303,71.71063995361328,233600
20-03-2023,71.82150770319373,72.58851724985442,71.46110698615908,71.95088195800781,119000
21-03-2023,72.04332267131149,72.2004190423054,67.94028864996616,69.07694244384766,159200
22-03-2023,69.0769306522904,69.34492226608282,67.84786785294347,67.9587631225586,129300
23-03-2023,67.75546120411414,68.19903524890312,66.90528525616975,67.24720001220703,106400
24-03-2023,67.15479208478132,70.08420688192703,67.15479208478132,70.04724884033203,113500
27-03-2023,70.26904436587678,71.48886440798316,69.98257366708843,70.75881958007812,74300
28-03-2023,70.4076322866573,71.8307562492133,70.4076322866573,71.28553009033203,68600
29-03-2023,71.4334106934308,72.12649032997624,71.15617601866437,71.41492462158203,63900
30-03-2023,71.50732666368661,71.89545657953774,71.01755156433607,71.59049987792969,64600
31-03-2023,71.68291275683391,72.57005380220748,71.17465156139421,71.77532196044922,119500
03-04-2023,72.23737337046761,72.23737337046761,70.68487481411361,70.72183990478516,92800
04-04-2023,70.952873180651,70.98059523869821,70.31523764408156,70.97135925292969,57600
05-04-2023,71.09148536717505,72.7271501267141,70.74956355851647,72.53308868408203,67600
06-04-2023,72.85652202850937,73.54960160815823,72.0710332483147,73.05059051513672,81300
10-04-2023,72.69019205946624,73.43871577368824,71.97862638636728,73.29085540771484,100900
11-04-2023,73.3370407961038,73.52185914589626,72.35749085154117,72.92119598388672,76000
12-04-2023,73.29084457317032,73.54035714127255,71.48884069407312,71.55352783203125,140100
13-04-2023,71.36871145875283,71.6829041232773,69.91786528058573,71.44263458251953,106000
14-04-2023,70.8142532916114,71.10073099865498,70.03800749274103,70.32447814941406,67800
17-04-2023,70.4538505990912,71.10072913153321,70.20434504182654,70.9805908203125,58800
18-04-2023,70.74954760157931,71.12843441628993,69.62213724120069,70.29673767089844,62900
19-04-2023,70.49081565747416,71.87697487585775,70.33371930481292,71.73835754394531,77100
20-04-2023,72.05256441544992,72.05256441544992,71.01756289204152,71.5997543334961,45800
21-04-2023,71.83076245206279,72.35750258982729,71.23932812597089,71.55352783203125,62200
24-04-2023,71.56278590237567,71.98787390546958,71.23010710858551,71.7660903930664,49700
25-04-2023,71.51655108097422,72.1726653876365,71.51655108097422,71.95088195800781,74500
26-04-2023,71.488858204733,71.56278839489929,69.7700200604072,70.50930786132812,64400
27-04-2023,70.35219902874977,71.39644349593992,70.35219902874977,70.9436264038086,49700
28-04-2023,70.94362204729306,71.3687170567346,70.23206345393572,70.79576873779297,69800
01-05-2023,70.79575508089022,71.61820878549415,70.66638081614592,71.28553009033203,58900
02-05-2023,71.01756335979333,71.38720726704318,70.07497809415877,71.1746597290039,97100
03-05-2023,71.55353494208855,71.98786593312379,70.67563697537007,71.39643859863281,83700
04-05-2023,71.13768449234081,72.12647765131707,70.38915382219919,72.04330444335938,74400
05-05-2023,71.96937738604632,72.38522934310278,71.09147944954333,72.08951568603516,60200
08-05-2023,72.04331421571631,72.69942873259966,71.25782540256698,71.75684356689453,59900
09-05-2023,71.72912016183759,71.93241758759686,71.43340648302289,71.83077239990234,48700
10-05-2023,72.32055819091066,72.4499325038341,71.29479967389533,72.05256652832031,51100
11-05-2023,71.81229618323292,72.10800990262545,71.12845952908225,71.52582550048828,53900
12-05-2023,71.65518734000804,72.18192753131746,71.52581305094047,71.96014404296875,47300
15-05-2023,72.29282619136154,72.29282619136154,71.09148539325153,71.77532196044922,69900
16-05-2023,71.5905041274527,71.5905041274527,70.2967541153501,70.41688537597656,56600
17-05-2023,70.38915469467864,70.96210297207641,69.53897883818092,70.8604507446289,88300
18-05-2023,70.3521985108983,70.47233682237841,69.4743004904241,70.04724884033203,84300
19-05-2023,70.80501616255498,70.9805915378233,69.89938902812973,70.18585968017578,55400
22-05-2023,70.30600414838185,70.45385747999393,68.84591460296811,69.7145767211914,83000
23-05-2023,69.38187729789848,70.30598325961678,69.27098204435946,69.39111328125,98200
24-05-2023,69.31719256796464,69.39111568918689,68.46700969540125,68.69803619384766,86600
25-05-2023,68.38386030490081,68.51323461171825,67.40430996746282,67.69078063964844,46300
26-05-2023,67.5151910721223,67.5151910721223,66.66501513127957,67.10858917236328,48600
30-05-2023,67.0808624759004,67.79242816418582,66.49867813578814,66.5910873413086,52900
31-05-2023,66.58922859320624,67.56506088507737,66.53346168330204,66.69145965576172,112100
01-06-2023,67.05391198342564,67.05391198342564,65.37175084693034,65.85502624511719,62000
02-06-2023,65.78996854308281,68.37361072240692,65.53903518580117,68.24349975585938,104800
05-06-2023,67.98327733025742,68.50372119267726,67.80669512385819,68.00186157226562,67100
06-06-2023,68.05762638376186,70.13940885985697,67.76022888717684,69.4423828125,116500
07-06-2023,69.79553878672648,72.9368073178964,69.55390110959445,72.66728973388672,142700
08-06-2023,72.39777213326892,72.39777213326892,71.06877554512087,71.96096801757812,79300
09-06-2023,71.96097985465286,72.2955529731737,71.30112928493585,71.90522003173828,59000
12-06-2023,71.7936837194504,71.7936837194504,71.09665766392176,71.40335083007812,83100
13-06-2023,71.33831443846469,72.04462925857044,71.031621190238,71.70076751708984,104400
14-06-2023,72.11896804349642,72.52789230425425,71.07808023868218,71.51487731933594,114400
15-06-2023,71.97955565448105,73.59666123445936,71.58922275883766,73.42937469482422,126100
16-06-2023,74.30297338118311,75.13940605126434,73.2156144553353,73.39219665527344,199700
20-06-2023,73.37359670011342,73.37359670011342,72.19330252530881,72.3791732788086,104400
21-06-2023,72.00744374964977,73.19703378716223,71.01302016293083,72.91822052001953,108000
22-06-2023,72.9461031893517,72.9461031893517,71.95167956499776,72.60224151611328,99400
23-06-2023,72.24908346779274,72.71376757798787,70.1394207273343,70.51116943359375,350600
26-06-2023,70.37176122179795,71.95168432521669,70.25093881789593,71.61711120605469,95400
27-06-2023,71.70074645813048,74.59108166016739,71.70074645813048,73.6802978515625,460400
28-06-2023,73.57806667962014,73.57806667962014,72.11895912746067,72.5557632446289,1408400
29-06-2023,72.58364511411823,73.19703144600706,71.8401549097109,73.05762481689453,161700
30-06-2023,73.22492604884923,73.89407233046423,72.84388165883958,73.52232360839844,135800
03-07-2023,73.30855347409981,74.47955927021538,73.28996923185109,74.04275512695312,60900
05-07-2023,73.48514848336038,74.8420253003849,73.39221307489623,74.18217468261719,123400
06-07-2023,73.68029858487644,74.00557598743144,73.10409492621203,73.81040954589844,99500
07-07-2023,73.52231083824196,73.92193940421035,72.74163794844787,72.85316467285156,106300
10-07-2023,72.6579880888235,73.21560745203443,71.64497331570215,71.86802673339844,92000
11-07-2023,71.9238143634268,72.55578511032253,71.54277703587427,71.9424057006836,95100
12-07-2023,72.52788309234505,73.07620683552082,71.79368148583517,71.96096801757812,108000
13-07-2023,71.81228489577806,72.54648669826857,71.19890550933474,72.43496704101562,110600
14-07-2023,72.27697216266228,73.327162917248,72.00746158565431,73.02046966552734,73900
17-07-2023,73.02974293458972,73.11338265548635,72.20260593887281,72.5557632446289,61900
18-07-2023,72.69518446919014,73.4200905579377,72.05391811813641,72.84387969970703,78100
19-07-2023,73.04833182045206,74.0706353204457,73.02045191171379,73.6895980834961,86800
20-07-2023,73.87548746401484,76.06879731670712,73.56880130018172,76.05950164794922,87500
21-07-2023,76.20819373365711,77.38848824848515,75.90150052056592,76.3104248046875,100900
24-07-2023,76.22677329309661,76.89591950216233,75.63197823848628,76.5892333984375,69000
25-07-2023,76.18030214540508,76.77509714540781,76.01301560849707,76.54275512695312,86400
26-07-2023,76.47769285612613,76.95167251704069,75.52044495955467,76.14311981201172,112600
27-07-2023,76.06878849809573,76.54276828255179,74.81414280090445,75.26953125,150500
28-07-2023,75.35317481937075,75.35317481937075,73.94982686205216,74.26581573486328,112000
31-07-2023,74.19145727214706,74.6933168980062,73.68959764628792,74.57249450683594,102800
01-08-2023,74.33086410863339,74.8327166453479,73.50371997245503,73.8011245727539,82500
02-08-2023,73.29926354095927,74.32156701809144,73.29926354095927,74.20074462890625,81200
03-08-2023,74.08922445015129,74.08922445015129,72.61152551632053,73.29926300048828,82600
04-08-2023,73.10409184704204,73.53160028532403,71.60780876779742,72.1654281616211,80700
07-08-2023,72.0539152563494,72.11897074658863,71.48700008832891,71.90522003173828,70000
08-08-2023,71.70074388963647,71.71932813013939,70.47397839150175,71.57063293457031,62300
09-08-2023,71.21747979074381,72.0446168887193,71.18959988033149,71.51487731933594,79500
10-08-2023,71.71005710475443,72.3606120392956,71.1524304859854,71.2546615600586,69000
11-08-2023,71.11524891540225,71.36618229081584,70.75279589804164,70.98513793945312,69100
14-08-2023,70.8178474399043,70.86431868180368,69.22862881606609,69.56320190429688,55800
15-08-2023,69.55391526520586,69.55391526520586,68.02046335072363,68.1041030883789,49200
16-08-2023,68.05762846072716,69.09851618528245,68.0390371282082,68.70818328857422,45400
17-08-2023,68.91264553331526,69.35873824739107,68.79182314326134,68.884765625,58300
18-08-2023,68.90336103659158,69.69332262581564,68.84760121092214,69.53533172607422,79700
21-08-2023,69.3308457934861,69.61895467181338,68.65241117885978,69.5167236328125,66400
22-08-2023,69.67473467289487,70.32528957280786,69.40521704564047,70.25093841552734,72900
23-08-2023,70.36244792219547,70.67843671800499,70.13010593047358,70.45538330078125,114900
24-08-2023,69.95353497394179,70.8364389384823,68.89405588890598,69.03346252441406,92300
25-08-2023,69.12639178338505,69.86059338075694,68.9869922507638,69.05204772949219,66800
28-08-2023,69.1914644670515,69.76767534372124,68.57808509945085,68.6710205078125,70000
29-08-2023,68.76395671539254,69.06135427991669,68.58738156460826,68.97771453857422,62400
30-08-2023,68.69888552280544,69.34015175531108,68.42007935818408,68.7360610961914,70700
31-08-2023,68.88376199153223,68.88376199153223,67.57507195623056,67.70594024658203,100500
01-09-2023,67.70594721111033,68.13594408532322,66.99551418199056,67.36007690429688,70300
05-09-2023,67.21051246429575,67.21051246429575,65.47182551641528,66.16355895996094,70000
06-09-2023,66.21029822098095,67.01420751661274,65.7709516138581,66.845947265625,105600
07-09-2023,67.16376468311667,68.2013683209041,67.03289639833147,67.60311126708984,89200
08-09-2023,67.64050391629524,67.92094003329579,67.29463365623278,67.54702758789062,53700
11-09-2023,67.42551055477605,67.87420697293265,66.96747149483633,67.45355987548828,55900
12-09-2023,67.08898647668423,67.50964068367355,66.87399161843862,67.40681457519531,51700
13-09-2023,67.30397652937552,68.78092661484322,67.14506607419868,68.2761459350586,78700
14-09-2023,68.41637009725035,69.25766417367065,68.41637009725035,69.24832153320312,103300
15-09-2023,69.24832172650414,70.10831534983332,68.89310169772155,69.19223022460938,218600
18-09-2023,69.18288706958501,69.42592409277052,68.76223290154253,68.88375854492188,63700
19-09-2023,68.8089850151814,69.20158992584211,68.8089850151814,68.9678955078125,136900
20-09-2023,69.35114733772825,69.78114414636401,69.080060997804,69.28571319580078,75700
21-09-2023,69.54745794222775,69.57550013038203,68.67811445050786,68.790283203125,76900
22-09-2023,68.50985212210277,69.12680163823913,68.50985212210277,68.65007019042969,59900
25-09-2023,68.22006547100865,68.78093054780037,68.12658201505471,68.68745422363281,72800
26-09-2023,68.65006335290693,68.65006335290693,65.99529148750311,66.14485931396484,66500
27-09-2023,66.05138733398948,66.3505158748068,65.18204389789744,65.65877532958984,122300
28-09-2023,65.51856484046392,65.56530657765879,64.01357932146054,64.1070556640625,85200
29-09-2023,64.6585678832915,65.22878281631681,63.74248978654711,64.04161834716797,97100
02-10-2023,63.58356902527789,65.26617155299824,61.555103350927915,61.966407775878906,112100
03-10-2023,61.56446143248033,63.5742349641092,60.85402836580937,63.47140884399414,126700
04-10-2023,63.620956502264946,64.95768865738279,63.49943799063117,64.82682037353516,112100
05-10-2023,64.88291205473041,66.52811537959614,64.56508398465836,66.05138397216797,121400
06-10-2023,65.55594827211502,67.24790051969957,65.15399363262979,66.95811462402344,98500
09-10-2023,66.71507159658981,67.56571539845082,66.27572503804991,67.19180297851562,82200
10-10-2023,67.27594668876063,67.57507524293969,66.80855787711914,66.98616790771484,78400
11-10-2023,67.3133366565037,67.6685495753907,67.01420811118119,67.5750732421875,64200
12-10-2023,67.34137365644624,67.62180263445634,66.26637807794114,66.8926773071289,46700
13-10-2023,67.22920226684062,67.50963839532768,66.64964472792164,66.8272476196289,68800
16-10-2023,66.8833397189621,67.68724902053194,66.71507946673151,67.1544189453125,64800
17-10-2023,66.94877625939723,68.18268244261749,66.40660352373403,66.54682159423828,94100
18-10-2023,66.50008328784138,67.0422560514505,65.85508440934818,66.97682189941406,90200
19-10-2023,66.63093752570914,67.39745477279982,66.42528533935547,66.42528533935547,86300
20-10-2023,66.69638778371618,67.12638467193294,65.49987346314991,65.5653076171875,75000
23-10-2023,65.67747676089529,66.24769167254325,65.0324779289489,65.453125,53300
24-10-2023,65.96726296951617,66.43465182635893,65.58400781543484,65.91117858886719,72300
25-10-2023,65.36899442172738,66.658984874566,64.97638956196607,66.30377197265625,89000
26-10-2023,66.36921117793628,66.92072655179082,65.9579067419856,66.16355895996094,70900
27-10-2023,65.78963700447623,66.23833333647357,65.53725022083078,65.96724700927734,87300
30-10-2023,66.01399695815414,67.01420870910555,65.78030255716749,66.69638061523438,56800
31-10-2023,66.97681416918286,67.22920097454015,66.28508076580836,66.95811462402344,63200
01-11-2023,66.73377471500329,67.77137845919744,66.61225619003714,67.6592025756836,57900
02-11-2023,68.44441385837172,69.58484361889339,68.39767212781128,69.48201751708984,72600
03-11-2023,70.24854954405401,71.38897954347134,69.37920594874312,69.53811645507812,96900
06-11-2023,69.04266799446373,69.1174519074723,66.37855349666486,68.57527923583984,60100
07-11-2023,68.79962759708536,68.79962759708536,67.3226773276163,67.76202392578125,75200
08-11-2023,67.53768920898438,67.64051532711203,66.35052466122144,67.53768920898438,58300
09-11-2023,67.9863799821251,68.0050723966876,66.88334209646747,66.94877624511719,57600
10-11-2023,66.70573571853346,67.24790848377566,66.50943326183288,66.92073059082031,64300
13-11-2023,66.92071946109778,67.17311338615644,66.37855391781194,66.49072265625,40500
14-11-2023,67.54703967557195,69.8652844147226,67.52834012747267,69.85594177246094,113400
15-11-2023,69.39788403771202,70.71592382019386,69.08941286315795,69.827880859375,71100
16-11-2023,69.86527450211854,70.24853673410786,69.61288769289133,69.6783218383789,52900
17-11-2023,70.0896067181218,70.0896067181218,69.19221421333091,69.32308959960938,84900
20-11-2023,69.09875486416927,69.13614682202684,68.27615318666251,68.6968002319336,67800
21-11-2023,68.24811160353184,69.22962376175552,67.94898306981794,69.02397155761719,49600
22-11-2023,69.53811645507812,69.81855263361258,69.18290347648431,69.53811645507812,43400
24-11-2023,69.23897651449906,69.82788383478157,69.23897651449906,69.54745483398438,36700
27-11-2023,69.5474534527837,70.22049445218987,69.4726695346748,70.06157684326172,52500
28-11-2023,69.78114863934206,70.96831304268854,69.76244909370931,70.0241928100586,53800
29-11-2023,70.18309604148723,70.53830892217077,68.89309853394734,69.12679290771484,60000
30-11-2023,69.18135093372251,69.53863175308048,68.49498755832091,69.3411865234375,83300
01-12-2023,69.23775404382172,70.15917218548219,69.08732267428188,69.76427459716797,120900
04-12-2023,69.65144339362695,70.2531831365837,69.34116932117325,70.07453918457031,118800
05-12-2023,70.1309464811108,70.1309464811108,69.24714531352409,69.87709045410156,84000
06-12-2023,70.26257879452216,70.55404442958668,69.24714041175821,70.01811981201172,127100
07-12-2023,70.23436976400946,70.39421247606337,68.86165062420793,69.10610961914062,117000
08-12-2023,68.74882088688298,68.880450982639,67.39490313247562,68.25990295410156,141400
11-12-2023,68.03426370577753,68.62659923523331,67.86502395831825,68.32572937011719,178000
12-12-2023,68.59839215115508,68.59839215115508,67.17865914690586,67.39491271972656,164100
13-12-2023,67.73339339399885,70.14975649976981,67.11284526630583,70.09334564208984,250100
14-12-2023,70.56346547169989,71.19341071804277,69.40699250863814,69.67965698242188,181000
15-12-2023,69.98050510994759,70.59164893524299,68.88045052839719,69.04969024658203,356900
18-12-2023,69.25656741927789,69.25656741927789,67.41373100368583,67.7710189819336,196700
19-12-2023,68.18471001487674,68.26933349382878,67.02824413120372,67.87444305419922,234700
20-12-2023,67.72399410022399,68.21291214655274,66.30426096821691,66.46410369873047,291600
21-12-2023,66.6991546973101,67.24447640084439,65.6837162038819,66.82138061523438,255900
22-12-2023,67.31029333886869,67.80861557193768,67.05643729507824,67.19747161865234,145600
26-12-2023,67.51714219835691,68.805245156133,67.16926566599157,68.27872467041016,156500
27-12-2023,67.84623598545943,68.79585242361365,67.16927686336207,68.63601684570312,353600
28-12-2023,68.57959909818923,69.06850998549754,67.66758521535432,68.10948944091797,1395200
29-12-2023,68.40095772063944,68.40095772063944,67.46073837052755,67.98725891113281,155500
02-01-2024,67.51713212676172,68.73941984149263,67.51713212676172,68.42914581298828,168800
03-01-2024,68.10008036417636,69.43518997365746,68.05306653249316,68.54198455810547,180000
04-01-2024,68.90866613979394,69.20953599734644,67.77100176675778,67.81800842285156,113300
05-01-2024,67.15987419626708,68.3445526870235,66.95302477386302,67.31970977783203,141900
08-01-2024,67.15046358365363,67.99666242484939,66.54872377953761,67.7992172241211,146000
09-01-2024,67.8086060398434,67.8086060398434,67.02822244263113,67.50773620605469,144200
10-01-2024,67.43252820282693,67.43252820282693,66.60513064191126,67.31029510498047,144800
11-01-2024,66.71796386624534,66.802587337421,65.54268968489244,66.26666259765625,184300
12-01-2024,66.8119781949083,67.09404684170106,66.5863275814563,66.906005859375,115900
16-01-2024,66.4264907651835,67.06584013555167,65.5802920142104,65.74012756347656,188600
17-01-2024,65.2606309652438,66.37948715570451,65.13839785426158,66.30426788330078,178300
18-01-2024,66.11622188393801,66.11622188393801,64.83752304283274,65.46746826171875,204700
19-01-2024,65.72132874198186,65.72132874198186,64.95034922359208,65.03496551513672,127200
22-01-2024,65.13838942124687,65.43925929860559,64.0289304034921,64.55545806884766,144700
23-01-2024,64.3674126158071,64.5836662117281,62.88186439563054,63.323768615722656,172700
24-01-2024,63.80327934099689,63.86909440204145,61.697190214267316,61.75360107421875,167000
25-01-2024,62.31773378349394,62.4587681125374,61.70658980650825,61.960453033447266,156500
26-01-2024,62.421156422548584,62.68441666899073,61.66897814131069,61.71599197387695,118600
29-01-2024,61.71599585287184,62.20491391839723,61.21768075888554,62.00746154785156,215600
30-01-2024,62.139084650601255,62.34593402621046,61.58435875537963,61.904029846191406,115100
31-01-2024,62.477567836854746,62.656211794225776,60.50310879773115,60.63473892211914,299900
01-02-2024,60.653551492352406,61.744202194124426,60.42789368649259,61.70659255981445,202200
02-02-2024,60.97322059316809,61.565563347190334,59.88256634107085,60.45610427856445,131300
05-02-2024,59.76974416330884,59.76974416330884,58.40642538002198,58.47224044799805,175400
06-02-2024,58.37821396869535,59.67571755113175,58.37821396869535,59.53468322753906,270600
07-02-2024,59.70392596402675,60.756974169718724,59.25262112729534,60.45610427856445,181800
08-02-2024,60.46549571716763,60.7757697812292,59.89196500599763,60.728755950927734,143700
09-02-2024,60.399681041553585,61.51854421542901,60.399681041553585,61.50914001464844,165200
12-02-2024,61.50913871607059,62.27072115054334,61.076638742239574,62.13908386230469,155700
13-02-2024,61.25529078108119,61.62197574589842,60.22105095279403,60.40909194946289,199600
14-02-2024,60.85099073734609,60.93560702628438,60.27745642353022,60.87919616699219,125100
15-02-2024,60.945014219131025,61.99806240853665,60.945014219131025,61.80061721801758,124300
16-02-2024,61.80061107058735,62.08267252614141,61.25528221389168,61.39631652832031,165700
20-02-2024,60.85098234890029,62.486961602582596,60.85098234890029,61.11424255371094,191300
21-02-2024,61.56555974023009,62.05447059472281,61.36810738492152,61.65958023071289,161800
22-02-2024,61.039029210359196,61.443323756390825,59.90136483043375,60.606529235839844,149900
23-02-2024,60.60653349165082,60.9920268368612,60.52191720024588,60.63473892211914,116100
26-02-2024,60.33386271638496,60.33386271638496,59.130383320547736,59.45005798339844,158300
27-02-2024,59.666308134473,60.1740273510438,59.337232857057586,59.8731575012207,123700
28-02-2024,59.478271689908226,60.333871114477425,59.12099093619503,59.83555603027344,148700
29-02-2024,60.59092723866232,60.70451285297035,59.60647765738051,59.81472396850586,155800
01-03-2024,59.83365610786932,60.12709885159842,58.631492340312256,59.81472396850586,185800
04-03-2024,63.33602091758614,71.58077736674346,63.014178185477164,71.30626678466797,1352400
05-03-2024,71.3062740869449,75.52804375924862,71.27787768276566,74.53412628173828,863200
06-03-2024,74.53413525493934,77.97970566637552,74.29748889579194,76.32318115234375,851700
07-03-2024,76.41783941349932,77.59160323966525,75.55644326801288,75.67949676513672,651100
08-03-2024,75.62269725417956,77.29815723987912,75.21566529591261,76.55035400390625,438200
11-03-2024,75.91614327347712,76.76807154510865,74.52466885533099,74.8749008178711,612700
12-03-2024,74.65719220950079,75.15888131003125,73.34143909690731,73.43609619140625,746700
13-03-2024,73.58754403947235,74.45840806136931,70.58687017437792,72.41378021240234,768100
14-03-2024,71.86476154518945,72.48951137317145,70.49221560946917,71.07909393310547,619900
15-03-2024,70.86138333623182,72.7072219700451,70.53007989194143,71.07909393310547,7619400
18-03-2024,70.69099121846355,72.01621209644047,69.71600950495575,70.37861633300781,671900
19-03-2024,70.29343233170381,71.29681052337274,69.75387895404953,70.09465026855469,292900
20-03-2024,69.69707462866843,71.62810955133321,69.41310336531569,71.2684097290039,350100
21-03-2024,71.17376378872812,72.84921689273116,71.06963880929514,72.46112060546875,402200
22-03-2024,73.12371664281305,73.28463441544417,72.30018480696148,72.93440246582031,345400
25-03-2024,72.89653219423154,73.43608549837185,72.4137716941463,73.12371063232422,256000
26-03-2024,74.08923353904086,74.08923353904086,72.07300930607381,72.45164489746094,471500
27-03-2024,72.85868549970256,74.50574221161591,72.75456051922608,73.3887710571289,1315800
28-03-2024,73.55914455591306,74.78024048874646,73.55914455591306,74.51519775390625,221000
01-04-2024,74.34480592239703,74.92222349892477,73.58753483852948,74.65718078613281,197400
02-04-2024,74.12709970357415,75.19674581805772,74.12709970357415,75.1115493774414,336000
03-04-2024,75.15887318901531,75.15887318901531,74.21228790255888,74.23121643066406,228100
04-04-2024,74.79917222158761,74.79917222158761,73.77686551796688,74.04190826416016,314200
05-04-2024,73.77685669496557,74.14602436471061,73.10478203409967,73.92830657958984,145600
08-04-2024,73.73900107047737,75.04528626885748,73.73900107047737,74.86543273925781,133400
09-04-2024,74.98849667715099,75.33872865377619,74.07030768201476,74.37321472167969,174300
10-04-2024,72.52736446253707,72.67881434717945,71.36306142729022,71.50505065917969,237200
11-04-2024,72.05407183748706,72.34751095401892,70.86137240023679,71.50505065917969,152400
12-04-2024,71.47666488782515,71.66597907725271,70.4259545261933,71.00337219238281,197400
15-04-2024,70.99391154154775,71.51453644826876,70.31236883524903,70.98444366455078,167800
16-04-2024,70.51114170777493,70.69099523784645,69.67814918773638,69.96212768554688,134600
17-04-2024,70.56793780988397,71.46719096640753,70.29342720312336,71.17375183105469,147400
18-04-2024,71.59971799666278,72.03514640746037,71.15482170988363,71.79850006103516,171300
19-04-2024,71.43880921445631,74.01352294343388,71.43880921445631,73.5970230102539,175700
22-04-2024,73.59701235774605,74.34481566504762,72.72615555248596,73.26570892333984,145700
23-04-2024,73.25623292933005,74.14602538759186,73.25623292933005,74.03243255615234,140200
24-04-2024,73.41715750225482,75.03581758561283,73.10478982509223,74.75184631347656,173200
25-04-2024,74.33534423160488,75.23460462123886,70.55847081638628,74.51519775390625,185900
26-04-2024,74.42054585996786,74.89383855432104,73.44555684322667,73.45502471923828,146800
29-04-2024,73.84313619100477,75.20621438746512,73.84313619100477,74.30696105957031,157500
30-04-2024,73.9283238324075,74.43001297648121,73.52129179104833,74.1365737915039,171000
01-05-2024,74.30694984127169,75.52804580719888,73.89991785262929,74.74237823486328,128100
02-05-2024,75.12101806093153,76.1054677453803,75.1020823086473,76.0013427734375,214000
03-05-2024,76.2663822927341,76.35157873064935,74.5814615046411,75.64163970947266,141300
06-05-2024,75.64164312213332,76.23798932695226,75.5185823975785,76.01081085205078,111600
07-05-2024,76.28530127287499,76.67340468903423,75.3197875025628,75.46177673339844,159600
08-05-2024,74.97902681658071,77.13724031980726,74.8654339715102,75.81201934814453,155900
09-05-2024,75.452310329245,77.98915911899721,75.452310329245,77.22242736816406,178100
10-05-2024,76.98579266077368,77.1656389767069,76.3705107036375,76.84380340576172,119800
13-05-2024,77.24137075409577,77.58214209154481,76.81541019322137,77.20350646972656,140300
14-05-2024,78.09329747636532,78.09329747636532,76.92899422727511,77.03311920166016,113400
15-05-2024,77.80931816252418,77.80931816252418,75.89721880336543,76.10546875,179500
16-05-2024,75.79309382204195,76.9479291828036,75.79309382204195,76.9195327758789,141900
17-05-2024,77.09937286636496,77.31709067165852,76.79646584717804,77.06151580810547,150900
20-05-2024,77.22244061957554,77.60107623353265,76.83433712925425,77.03311920166016,97800
21-05-2024,77.0709763165704,78.11221874169718,76.87219426265398,77.88504028320312,90000
22-05-2024,77.56321012807493,77.56321012807493,75.7741642965708,76.02027130126953,99000
23-05-2024,75.79309077295794,75.79309077295794,73.74847011602333,74.14603424072266,150500
24-05-2024,74.54359735115072,75.38605774663928,73.49288702026084,74.04190826416016,128900
28-05-2024,74.17442862361214,74.64772129873889,73.79579303913614,73.95671081542969,103100
29-05-2024,73.38876361190074,73.45502429985694,72.36644966468502,72.58416748046875,106800
30-05-2024,73.03852929249773,74.59092869342385,72.72615439280729,73.96617889404297,159200
31-05-2024,74.50679783524184,76.45798799008053,74.4972778153943,76.26762390136719,145900
03-06-2024,76.26763281527751,76.51510252870456,74.53535934458486,75.31583404541016,165200
04-06-2024,75.17307295979207,76.13438452631914,74.67813351370913,75.33487701416016,102600
05-06-2024,75.31582092346939,75.44907214710318,74.53534635862272,75.27774810791016,99900
06-06-2024,75.01124625055567,75.62991680037632,73.77391241256149,73.84053802490234,156300
07-06-2024,73.22187298318126,73.83102355944868,72.39380551467036,73.24090576171875,152500
10-06-2024,72.81259985824994,73.17428074662061,72.32718049260023,72.76500701904297,114300
11-06-2024,72.07972349586842,73.28850472939686,71.92743220824214,72.80308532714844,131300
12-06-2024,73.85005694580272,73.85005694580272,72.65079582358261,72.76500701904297,130500
13-06-2024,72.92681146421057,73.25041950314369,72.16536967831952,72.82211303710938,76600
14-06-2024,72.27007139402282,73.07909878981692,71.80369209130696,72.52705383300781,112600
17-06-2024,72.40333515807288,73.13621704636243,71.6228604246424,72.34622955322266,173100
18-06-2024,71.99406655933953,73.42176487650515,71.90840814590119,72.48900604248047,115000
20-06-2024,72.36525752506441,73.27898345018708,71.72755410778838,72.26055908203125,131900
21-06-2024,72.45091734667093,72.91729666152989,71.52767147526315,71.89887237548828,512200
24-06-2024,71.58478539724194,73.81199831927195,71.58478539724194,73.07910919189453,250600
25-06-2024,72.92681710879167,73.55500045837358,71.60381753118142,71.95597839355469,180300
26-06-2024,71.70851245610685,72.6793512221324,71.28972595502633,72.0892333984375,996800
27-06-2024,72.47947091471639,72.69838054453447,70.66153195081746,71.58477783203125,201200
28-06-2024,72.00357366201538,72.0130936823501,70.63298119972961,71.11840057373047,386500
01-07-2024,71.03273519136278,71.42297614848368,69.46227312745091,69.94768524169922,124800
02-07-2024,70.11900205997776,70.92802942850291,70.10948930223599,70.64249420166016,127800
03-07-2024,71.03273319675937,71.47055972014978,68.78648772082758,71.21357727050781,97300
05-07-2024,71.23262316429306,71.66093700808695,70.85190942978605,71.25166320800781,87600
08-07-2024,71.68947099846046,72.27958875071947,71.2135716935685,72.0797119140625,114200
09-07-2024,72.11778526257626,72.44140060093511,71.64188590624987,72.24152374267578,108400
10-07-2024,72.28910928786642,73.13620956080355,72.18441084859124,72.93633270263672,81000
11-07-2024,73.71681852963538,74.84946149257301,73.44080325150759,74.40211486816406,137500
12-07-2024,75.04933410168938,76.57221073289081,74.87801002682619,76.13438415527344,159700
15-07-2024,75.87739511194678,76.61979695160173,75.55377977112532,76.0867919921875,141600
16-07-2024,76.74353552043794,78.62810036143425,76.5626986842603,78.54243469238281,143600
17-07-2024,78.7137497980171,82.04504525701792,78.7137497980171,80.82674407958984,209300
18-07-2024,80.67445448481983,82.04503958383033,80.11288951307635,80.36035919189453,134400
19-07-2024,80.55072065350669,80.55072065350669,79.18013547556413,79.91301727294922,112200
22-07-2024,79.82735785931592,80.53168684884452,79.56084812928707,80.3318099975586,93700
23-07-2024,80.33181976494178,80.90289758971596,79.31339534457248,79.49423217773438,195000
24-07-2024,79.46567888325636,81.55012055549476,78.77086983360921,80.93144989013672,121700
25-07-2024,81.11228259736771,83.15865115937022,81.07420977974354,81.86420440673828,141900
26-07-2024,82.71132005544285,83.26336512148144,82.12120216467932,82.29252624511719,137400
29-07-2024,82.39721199817095,82.60660887106035,81.47396611042102,81.61673736572266,90300
30-07-2024,81.61673132479066,83.54888135347319,81.61673132479066,83.38707733154297,122400
31-07-2024,83.52032915835893,84.89092149904371,82.50190492233543,83.60598754882812,172700
01-08-2024,83.22529239414308,84.76720185823945,81.65482286523297,84.4816665649414,142700
02-08-2024,82.71131556224717,85.66189033248071,82.71131556224717,84.1294937133789,157300
05-08-2024,82.78744021713636,83.64405309395167,80.74107190349037,80.83625030517578,116100
06-08-2024,80.9314421674107,82.36866023533283,80.9314421674107,81.19794464111328,96200
07-08-2024,81.92130804456221,83.01587792474437,80.31276603120807,80.73155975341797,106300
08-08-2024,81.08372498457328,81.17890339215799,78.90410532114208,80.44601440429688,99900
09-08-2024,80.39844328802722,80.93144827566061,78.91363953010658,80.76012420654297,89900
12-08-2024,81.20746896003436,81.20746896003436,79.57037395017652,79.99868774414062,66000
13-08-2024,80.65542549705333,81.06469925740403,79.31339301139528,80.86482238769531,109300
14-08-2024,80.67446168340123,81.19794662333999,80.3698863829275,80.9980697631836,96500
15-08-2024,81.49300443573887,82.08311496148414,80.55071852756602,81.7119140625,104400
16-08-2024,81.711923625633,83.30142584183794,81.28361708026227,83.0063705444336,157300
19-08-2024,82.51142824909068,84.06285745238914,82.38768977570138,83.68213653564453,90600
20-08-2024,83.32998470063761,83.57744715091394,82.57806280560962,82.89215087890625,117700
21-08-2024,83.42516277467783,83.42516277467783,82.0260174354741,82.1402359008789,74000
22-08-2024,81.80709634449839,82.35914133993508,81.47396824782035,81.57866668701172,80600
23-08-2024,81.88325166258203,83.8629949591944,81.70240756230388,83.03492736816406,130200
26-08-2024,83.35854274436451,84.45311284423714,82.52095513183305,83.03492736816406,97300
27-08-2024,83.03491660356212,83.05395664409609,81.73095703125,81.73095703125,65200
28-08-2024,81.73095238641191,83.09202474132724,81.6928795691555,81.80709075927734,66200
29-08-2024,82.19733378243822,82.67323311778738,81.36926632473757,82.40673065185547,72600
30-08-2024,82.85642445510592,83.095617370565,82.11014372680776,82.961669921875,71500
03-09-2024,82.47370271245288,83.55485920976292,81.88050903741369,82.24407958984375,93000
04-09-2024,82.31106958920627,83.20086757739047,82.31106958920627,83.02864837646484,57900
05-09-2024,83.5070173880216,83.95670117191914,83.1147448592431,83.34436798095703,77200
06-09-2024,83.43046709766077,83.48787834808911,82.3780199679079,82.66505432128906,72700
09-09-2024,82.69376000883331,82.99035683427773,81.64131283183607,82.93295288085938,86900
10-09-2024,83.28696824331257,84.49249516805257,81.89964508447842,84.03324890136719,101500
11-09-2024,83.66011113318315,84.17676867370999,82.68420001232532,83.51659393310547,109500
12-09-2024,83.86103136662396,84.60731203927439,83.42091731094777,84.1958999633789,64500
13-09-2024,85.07613316644868,86.84615925487725,84.51164139807582,86.68350982666016,92600
16-09-2024,87.04707950443488,88.08038723874456,85.65975636644646,87.81249237060547,72400
17-09-2024,88.26217470729968,89.12327055460548,87.4776223352183,87.62113952636719,94600
18-09-2024,87.24800280624804,88.29088032572379,86.62609981868766,86.903564453125,86800
19-09-2024,87.61156866319318,87.7168141154038,86.04246393880057,86.7791748046875,91600
20-09-2024,87.26712938993312,88.01341000697215,87.09491022449431,87.5158920288086,573600
23-09-2024,88.06125700353,88.50137105390156,87.56373169470103,88.4248275756836,76400
24-09-2024,88.11865581978935,88.67358505510217,87.54459436583252,87.965576171875,111200
25-09-2024,88.01341181192919,88.1282270244388,86.11900825283975,86.6069564819336,95600
26-09-2024,86.8461388042058,86.94182178612039,85.81283121564283,86.16683197021484,78500
27-09-2024,86.71219960281826,87.54459344705151,86.71219960281826,87.09490966796875,94400
30-09-2024,86.75047684766741,87.79336165893261,86.52085371383173,87.49675750732422,76800
01-10-2024,87.51588275056088,88.11864611589932,86.94182135982142,87.86032104492188,78200
02-10-2024,87.46804893524211,88.23346905645215,86.92268947124582,87.29582977294922,52500
03-10-2024,87.39150630532413,87.8986013377749,86.9226903088487,87.12361145019531,60200
04-10-2024,86.89399390548218,87.27670399432493,86.0903092885414,87.01837158203125,67000
07-10-2024,86.58784026127475,86.58784026127475,85.03786745416015,85.47798156738281,61500
08-10-2024,85.84154627308361,86.01376544735565,84.77952924833731,85.07612609863281,117900
09-10-2024,84.76039447482333,87.09491956797619,84.39682388637665,86.12857818603516,95900
10-10-2024,85.57365062947397,86.65479986400808,85.06656287080234,85.78414154052734,137900
11-10-2024,85.44926379591503,87.03750805415395,85.44926379591503,86.6069564819336,49700
14-10-2024,86.82701630099687,87.43934949590192,86.34863053625308,86.7791748046875,49000
15-10-2024,86.81744109118407,88.62573858441877,86.26251918660725,87.92729949951172,111900
16-10-2024,87.84119922228238,90.47232115110184,87.84119922228238,90.38621520996094,71900
17-10-2024,90.4818796645156,90.4818796645156,88.52049518698989,88.53963470458984,76300
18-10-2024,88.72143304434772,89.39117023971549,88.65445932481094,89.18067932128906,65000
21-10-2024,89.10413830661129,89.10413830661129,87.59244469531137,88.18563842773438,98300
22-10-2024,87.75509309995435,87.75509309995435,86.35820742748855,86.89399719238281,67300
23-10-2024,86.45388506445542,87.77422728590726,86.45388506445542,87.50633239746094,53800
24-10-2024,87.70724441987433,88.09952425105091,86.81744660482167,87.82205963134766,105000
25-10-2024,88.42482843223165,88.5874778503295,86.71220641335103,86.76004791259766,62200
28-10-2024,87.52545825955009,88.19519537615395,86.77917037300809,87.72637939453125,73500
29-10-2024,86.77916697156228,87.08533354137866,85.83196528675327,86.30078125,69000
30-10-2024,86.43474190865258,87.07578442143068,85.93722389383328,86.19554901123047,68400
31-10-2024,85.86067604396945,87.96557781388556,85.86067604396945,86.57825469970703,110400
01-11-2024,87.29584837552935,87.51590907963761,84.5594807135315,84.72213745117188,91300
04-11-2024,84.24373866449096,85.58321300701863,83.62183569141015,85.24834442138672,76600
05-11-2024,84.98044149542382,86.93225616608616,84.88476580854162,86.88441467285156,92500
06-11-2024,89.26678818757765,93.41917319462235,89.26678818757765,93.11300659179688,433100
07-11-2024,92.9407923448945,93.36177418342582,89.89825837457272,93.15128326416016,119600
08-11-2024,93.54356078871048,97.28454143521587,93.54356078871048,97.13145446777344,132600
11-11-2024,97.47587825186521,102.53720038668592,96.84441285467246,101.609130859375,170100
12-11-2024,101.61869518367122,103.1112563150194,101.08290550566662,102.25016784667969,152400
13-11-2024,103.47485101638853,104.49859634646164,101.63785127824414,103.48442077636719,153700
14-11-2024,103.08255967589808,103.94365548840328,100.70977043653626,101.13074493408203,183600
15-11-2024,101.48474948701437,101.55172319790191,99.64775001730993,100.32705688476562,132600
18-11-2024,99.81997121324547,101.86746161602514,99.63818229444212,100.43230438232422,92000
19-11-2024,99.5138116532286,100.30792649757883,98.46136440080811,100.0113296508789,109900
20-11-2024,99.8199839198712,100.01133532222129,98.62401940621298,99.39900207519531,93700
21-11-2024,99.71473720208633,100.14528150174229,98.73882608347043,99.62862396240234,126900
22-11-2024,100.31749816535272,101.08291834508499,99.48511156695076,99.63819122314453,201100
25-11-2024,100.154850926283,102.14493759716905,99.51381570908801,100.2218246459961,215100
26-11-2024,99.8199736403792,99.8199736403792,98.327405117319,98.87276458740234,122600
27-11-2024,99.65733800926785,101.00638223242109,99.5042510423234,100.23139953613281,100300
29-11-2024,100.93284581864891,100.93284581864891,99.4530602739734,100.20256042480469,119600
02-12-2024,100.34670278482835,101.17307667537254,98.38646755593834,100.80793762207031,173200
03-12-2024,101.34603079557961,101.67273297564446,99.89507107974939,100.00077056884766,835100
04-12-2024,100.10647546611311,101.07698567704708,98.05976288051542,98.7227783203125,112500
05-12-2024,98.58825656880228,99.17440566797244,96.67606921127357,96.97394561767578,107800
06-12-2024,97.60813288012831,97.60813288012831,95.48454673705126,96.42622375488281,82500
09-12-2024,96.44545146826209,96.63762836810929,95.22510542788811,95.8785171508789,137100
10-12-2024,95.5325871831579,96.46466048723421,94.31224854645939,95.58063507080078,227800
11-12-2024,96.14756425833848,98.1366251570888,92.99581629617163,97.31986236572266,233400
12-12-2024,97.32947284887689,98.35763461513605,94.1488991042121,94.55247497558594,129400
13-12-2024,94.09123805032381,95.62867514309151,93.44743741320832,93.92788696289062,122200
16-12-2024,93.49548886220617,93.83180209357957,92.0637438712359,92.56341552734375,177400
17-12-2024,91.86195192651036,92.3616235608286,90.57435065937926,92.00608825683594,203800
18-12-2024,91.71781873044971,92.67871785735261,88.34506807339712,89.25791931152344,212600
19-12-2024,89.699934280055,91.15089405077384,88.9888709610137,90.2668685913086,137000
20-12-2024,89.50776488002992,91.23737909807437,89.50776488002992,90.76654052734375,345500
23-12-2024,90.27646655493596,90.62239081375274,88.87355476354715,90.43021392822266,130300
24-12-2024,90.36295532411407,91.55446819602965,89.7960210236271,91.52564239501953,42500
26-12-2024,90.83379209330354,91.90039069656298,90.65121891565853,91.70821380615234,78800
27-12-2024,90.95871524798298,92.1502281175717,90.5166951964292,91.37189483642578,157100
30-12-2024,90.85301754573766,91.1028460463082,89.85368155021933,90.68965911865234,81600
31-12-2024,90.8722284497459,91.53525118093644,89.79601880842013,90.28607940673828,84900
02-01-2025,90.6800590578065,91.51603665990976,88.85434913344325,89.32518768310547,137100
03-01-2025,89.78641500890939,90.92027624973706,89.44049074349903,89.70954132080078,188100
06-01-2025,89.6230558305333,89.6230558305333,86.63466637415179,86.82684326171875,190900
07-01-2025,86.62504598289088,87.68203341260819,86.49052070989474,87.47063446044922,180900
08-01-2025,87.29769703733518,88.16250784480808,85.87557022600608,87.6340103149414,115200
10-01-2025,86.48091056099655,87.21119585843559,84.68402678015235,84.78972625732422,114700
13-01-2025,84.4630433578147,92.48655042168814,84.37655861538903,86.00048065185547,121500
14-01-2025,86.29835724883449,87.67244343697283,86.04852872813974,87.57635498046875,104900
15-01-2025,89.20987298472613,91.12206755912013,87.77813531327446,88.11444854736328,80100
16-01-2025,88.34507572511357,90.3053109935042,88.18171728777163,90.18038940429688,112200
17-01-2025,91.09323858782805,91.28541547745449,89.94976630063907,90.13233947753906,102300
21-01-2025,91.00675000433826,91.592899023295,89.37322451840909,90.49747467041016,140000
22-01-2025,89.93055459088504,89.93055459088504,84.00180815569202,84.27085876464844,635600
23-01-2025,84.09788531234246,84.55912010221077,82.77184720447325,83.75196838378906,278600
24-01-2025,83.32917364625855,84.00180010417884,82.12804973491622,82.34905242919922,170000
27-01-2025,82.53161326950762,85.24134811509212,81.26322690202291,85.12603759765625,342400
28-01-2025,85.14526543713552,86.11577553068099,84.24201798387074,84.7320785522461,182800
29-01-2025,84.29007544083105,85.37588885183284,83.79040377250756,84.74169921875,166700
30-01-2025,85.44315167302078,86.99981095369156,85.08762367518992,86.74036407470703,160800
31-01-2025,86.39445092954729,87.92227714461774,86.13500403912606,86.3367919921875,843900
03-02-2025,81.9166606078357,85.97165659330184,81.9166606078357,85.20293426513672,130600
04-02-2025,84.6552052266615,85.60649323781833,84.05945250482173,85.50080108642578,185900
05-02-2025,85.81790009386843,87.12472351450708,85.64493795492865,86.99980926513672,137200
06-02-2025,86.92293386879719,87.63399716778557,86.19264848192672,87.4898681640625,133000
07-02-2025,87.1823803880658,87.62439310356066,85.98125648799979,86.68270874023438,149200
10-02-2025,87.03824594266314,87.09589754517229,86.04852100050324,86.07734680175781,102000
11-02-2025,85.13565484810394,86.58661447456,84.86660428554585,86.53856658935547,112700
12-02-2025,85.11644580641516,86.52896868574385,85.11644580641516,85.91399383544922,102300
13-02-2025,85.90438474149646,87.18238235952495,85.82751105069505,86.92293548583984,76600
14-02-2025,87.04784578604321,87.64360586610873,85.74102975709795,85.94281768798828,64800
18-02-2025,85.69298964414737,87.0862905304959,85.69298964414737,86.90372467041016,77300
19-02-2025,86.59622950774359,87.92226762619637,86.59622950774359,87.05745697021484,117800
20-02-2025,86.4905434206675,87.77814489489538,86.27914441299917,87.54753112792969,84400
21-02-2025,88.16249865105623,89.08496097247132,86.91332680040807,88.58529663085938,187700
24-02-2025,88.92159664224876,91.27579632077693,88.14327077803975,89.36360931396484,158700
25-02-2025,89.77681348784087,91.28542495436993,89.66150294344685,90.4494400024414,127200
26-02-2025,90.31490507380825,90.72809198333395,89.09456643278769,89.67110443115234,77800
27-02-2025,88.28742032368937,88.57569303070609,85.3374599236801,87.54753112792969,165300
28-02-2025,88.23313856124989,88.87047597674628,87.77927316140665,88.62905883789062,132900
03-03-2025,88.31039322499511,89.72992728922245,88.31039322499511,89.48851013183594,126700
04-03-2025,89.42091524093392,90.37692513859695,87.5185468275018,87.75996398925781,213400
05-03-2025,87.14193025198789,88.0496610711905,85.54857562779034,86.6108169555664,142600
06-03-2025,85.98313913362185,86.34043919328118,84.99815296589817,85.7996597290039,109600
07-03-2025,86.75566862252495,87.87584780121034,85.59686918092443,86.87155151367188,106200
10-03-2025,86.71704622968072,90.07756894826196,85.62583595871739,89.227783203125,235300
11-03-2025,89.70095103213984,90.42520244473702,87.92412443628525,89.29537200927734,151100
12-03-2025,89.05397166862646,89.46920951820076,87.71169272017019,87.81791687011719,125400
13-03-2025,88.21383618858123,89.3243566912087,87.92413999276602,88.61941528320312,141200
14-03-2025,88.38764809773049,90.5314336247595,88.23314494876037,90.0196304321289,149000
17-03-2025,89.72993466855421,91.53573780660142,89.23744893156025,89.84581756591797,139400
18-03-2025,89.25675185666587,89.88443794029968,88.83185530144293,89.46920013427734,110600
19-03-2025,89.58507580307905,89.78787269929252,88.74494880791035,89.3340072631836,94700
20-03-2025,88.42626864278449,90.17412635701841,88.31038576474039,89.38227844238281,101600
21-03-2025,89.16018755744801,89.44988372980625,87.72133597510728,88.17520141601562,374400
24-03-2025,89.0925908647472,89.68164932504345,88.32005300510608,88.54216003417969,108000
25-03-2025,88.46490593479871,88.64838533654961,86.34043784412721,87.33507537841797,120100
26-03-2025,87.4895855264206,88.07864404153489,87.19988932769623,87.8758544921875,128000
27-03-2025,88.2910832447544,89.47885890280833,87.88550418784504,89.31468963623047,96600
28-03-2025,89.64302824320022,90.37693115925273,89.31469705025665,89.72028350830078,71400
31-03-2025,89.61405153825304,90.74388206372241,89.09258959554403,89.7685546875,120500
01-04-2025,89.69129943380779,90.01963059810844,88.85117244339982,89.72992706298828,121800
02-04-2025,89.14086096164746,90.43486064201795,89.02498545151651,89.87477111816406,104100
03-04-2025,89.30503877984694,90.98530014511795,88.71598032195608,88.80288696289062,172600
04-04-2025,87.7503145394606,89.22778642314383,85.29751523791744,85.95417022705078,246900
07-04-2025,84.23528286970225,86.8715542613398,81.1161697667476,84.03248596191406,166100
08-04-2025,84.66017231113929,86.87155449604147,82.89299683968287,83.86832427978516,149300
09-04-2025,83.19234966858377,88.04000270013532,81.35757789247093,86.00244140625,237500
10-04-2025,83.90694341682509,85.74171521615365,83.11509546563698,84.75672912597656,214500
11-04-2025,84.78571171541833,86.5142521420186,83.7427877892546,86.26318359375,127000
14-04-2025,86.91017834820177,88.3103949412693,86.55287829603768,87.85653686523438,98200
15-04-2025,87.47026809340218,88.6483850253075,87.30610619107888,87.64408874511719,60100
16-04-2025,88.31038770639688,88.31038770639688,86.84257472289741,87.21918487548828,103500
17-04-2025,87.10330184925601,88.60974982456715,87.10330184925601,87.47026062011719,98300
21-04-2025,87.14193025198789,87.34471976889061,85.83827914763228,86.6108169555664,91100
22-04-2025,87.4316397922553,88.5421602048296,86.67841942976038,88.25245666503906,91300
23-04-2025,88.25245697581413,88.87048431990769,86.90051939780932,87.90481567382812,108700
24-04-2025,87.9820635077828,88.57112192157058,87.41231522360125,87.66339111328125,77400
25-04-2025,87.14193764086112,87.14193764086112,85.58721051197969,86.76532745361328,66500
28-04-2025,84.53462757406706,87.22884377076322,82.52603517856028,86.96810913085938,92700
29-04-2025,86.55287030474092,88.47455604203444,86.55287030474092,88.32970428466797,89900
30-04-2025,88.27177502158487,88.32971278311925,85.62583761035226,87.31575775146484,159800
01-05-2025,87.644096600501,88.08830333526011,86.80396214733423,87.23851013183594,98700
02-05-2025,87.23850968272308,88.3586889478453,86.88121696718436,87.7696304321289,73400
05-05-2025,87.08399888332781,88.20417068279282,86.95846461150283,87.75996398925781,92900
06-05-2025,87.35439194205362,88.6677019968895,86.21490255234212,88.3104019165039,65200
07-05-2025,88.81254549458095,89.56576585070319,88.20416953966144,88.96704864501953,147600
08-05-2025,88.96705034509836,90.72456699879045,84.62154140676948,87.20953369140625,146300
09-05-2025,86.8908680739134,88.21382940474638,86.79429531526732,87.9531021118164,81200
12-05-2025,88.7546096315183,88.79322989435333,86.62047542025856,87.19988250732422,126800
13-05-2025,87.78893337058275,87.89515013537752,86.65909554266436,87.05502319335938,115900
14-05-2025,86.42735265960219,87.29645600341578,84.69880472231401,86.63014221191406,133900
15-05-2025,87.12261832014542,88.70631416293404,87.0936494422537,88.48420715332031,97300
16-05-2025,88.34902092721073,89.4788588239872,88.26211428686398,89.42091369628906,150200
19-05-2025,89.03465167479115,90.42521696790529,89.03465167479115,90.27071380615234,83900
20-05-2025,90.00997260852071,90.77285171447242,88.86082457497146,88.93807983398438,134400
21-05-2025,88.21382981646784,88.78357815177709,87.20953353509144,87.38335418701172,105100
22-05-2025,86.77498651340714,87.33507610527973,85.94451087510427,86.45631408691406,78000
23-05-2025,86.292144147493,87.18055746517221,85.16231368691402,86.9005126953125,78100
27-05-2025,87.44129920712163,88.3200538475652,87.09365790371378,87.6827163696289,72700
28-05-2025,87.49923822856235,87.49923822856235,86.12799049396655,86.33078002929688,71900
29-05-2025,86.01210654467143,87.38335426241066,85.50030333787207,87.31575775146484,77800
30-05-2025,87.34486679518041,88.02421279741648,87.14106299450958,87.65542602539062,93100
02-06-2025,87.51956444641792,88.31537300590283,86.75286966037613,87.6263198852539,94800
03-06-2025,87.70395886011265,87.70395886011265,86.46171446488607,87.57778930664062,77500
04-06-2025,87.31576422979505,87.31576422979505,86.08322680487042,86.18028259277344,86500
05-06-2025,86.06380665311345,86.06380665311345,85.27770524318554,85.61737823486328,77600
06-06-2025,86.09292787797085,86.09292787797085,84.94773926092729,85.53003692626953,50200
09-06-2025,85.99587765556291,86.71404451392843,84.74393362957117,86.03469848632812,76400
10-06-2025,86.48112551740235,87.33516156730187,86.03469707738786,87.00519561767578,140200
11-06-2025,87.31575941512988,87.61661160895224,86.36466753807049,86.51995086669922,74500
12-06-2025,86.3646673305533,87.12165504500788,86.1317497424865,86.37437438964844,57400
13-06-2025,85.63678968006933,86.44230525079541,85.10301992202105,85.3359375,104000
16-06-2025,85.78236658079673,86.11233993934385,84.73422636562309,85.83089447021484,145000
17-06-2025,85.32623311978182,86.26761792423945,85.08360847551198,85.47180938720703,101600
18-06-2025,85.84059453433562,87.18958693825404,85.06420013015497,86.2967300415039,121000
20-06-2025,86.33555295051258,87.80100788227492,85.56885818235392,85.7629623413086,257700
23-06-2025,86.0444090381297,87.50985658634639,85.63679400070573,86.84021759033203,304600
24-06-2025,87.26722842926773,88.79091086690175,86.8207999817659,88.37359619140625,266200
25-06-2025,88.08245167421155,88.79091147897033,86.2870308130535,86.55876922607422,670600
26-06-2025,86.44230589357463,86.80139302404606,85.0739067829171,85.83089447021484,237000
27-06-2025,85.97646808773294,86.88873914820017,85.18065952572432,85.54945373535156,530000
30-06-2025,85.54944900108582,85.88912201406347,84.73422636562309,85.83089447021484,241700
01-07-2025,85.63678404125903,87.98539599670102,85.17094891597434,87.0537109375,157700
02-07-2025,86.79169197732847,87.31576212121745,85.79207958233013,86.59759521484375,138900
03-07-2025,86.89844573922333,87.41280881375619,86.25791310762769,87.39340209960938,61800
07-07-2025,86.81108450348198,87.48073081194622,85.3456371563057,85.56884765625,136200
08-07-2025,85.2777099609375,85.9182351514914,84.42366650111057,85.2777099609375,137300
09-07-2025,85.21947051695369,86.1123347600569,84.60805913036768,85.87940979003906,158800
10-07-2025,85.36505641771477,86.84991809885555,85.0253833867866,85.46210479736328,301400
11-07-2025,85.36505711080264,85.36505711080264,83.5308153245814,83.70550537109375,173900
14-07-2025,83.83166792860287,84.26839674914355,83.23966317948008,84.02577209472656,159300
15-07-2025,84.09369775709779,84.5498332435752,82.78352624346687,83.0067367553711,130900
16-07-2025,83.21054345872834,84.18104200703645,82.70588747150731,83.2881851196289,161000
17-07-2025,83.22995467159139,83.79283818268644,82.4923737274084,83.0067367553711,191900
18-07-2025,83.59874187841314,84.43337119753869,82.70588501749802,83.35611724853516,136300
21-07-2025,83.48229068236601,84.8409902743242,83.48229068236601,84.30722045898438,111100
22-07-2025,84.51100811043479,86.6169880024789,83.22024337493072,85.77265167236328,177000
23-07-2025,86.61699948626232,86.85962413468322,84.21015971602762,84.50131225585938,132200
24-07-2025,84.1810457467422,84.88951297637963,83.52110640840252,84.26839447021484,94600
25-07-2025,84.51102637837317,85.28742087562053,83.79285202791482,83.97724914550781,96500
28-07-2025,83.6472684426384,83.80254435305916,82.20122034033757,82.33708953857422,212800
29-07-2025,83.1134927144709,84.15192583537315,80.99780564332325,81.19190979003906,168900
30-07-2025,81.67716153397602,82.68647351032476,81.07544976733445,81.18220520019531,187200
31-07-2025,81.74509760136894,82.52149201280703,79.7846863485311,82.43415069580078,222700
01-08-2025,82.34679820799995,82.75440581068504,81.41512051429858,81.4830551147461,155100
04-08-2025,81.45394567687936,83.03585568820557,81.33748318235263,83.01644897460938,215900
05-08-2025,82.9096924999924,83.3075930604182,81.93919393738186,82.08477020263672,98900
06-08-2025,81.95860748624206,82.92910612979409,81.2113267886065,81.41513061523438,98000
07-08-2025,81.13368797549481,82.00713826629514,80.51256941410732,81.66746520996094,127000
08-08-2025,81.6480372135972,81.77420675901928,80.45432818930985,80.75518035888672,103400
11-08-2025,80.92987783463161,81.32778581555411,79.86233085321321,80.55138397216797,136400
12-08-2025,80.7454804817253,82.59913636004002,80.20200363562186,82.54090881347656,143700
13-08-2025,82.59913203884811,83.45316809580537,81.93919272982595,83.2881851196289,115900
14-08-2025,83.045561703726,83.045561703726,81.81303178714968,82.11388397216797,112200
15-08-2025,82.24976792034586,82.24976792034586,80.687264362198,81.61894226074219,122800
18-08-2025,81.61893656049537,82.13329967023886,80.61932411637994,80.93959045410156,113600
19-08-2025,81.36658881736007,82.72528816702098,81.25984079678219,82.4632568359375,115200
20-08-2025,82.8708695979422,83.62785727316991,81.76450185656074,82.58942413330078,102500
21-08-2025,82.31768551399773,82.8902835003893,81.61892538350045,82.41473388671875,84400
22-08-2025,83.00674170722908,85.3844676520428,83.00674170722908,85.15154266357422,163900
25-08-2025,84.73422903528635,84.81187069907497,83.63756830045921,83.68609619140625,206400
26-08-2025,83.85107527758413,85.39416440102143,83.63756441424447,84.84098052978516,144000
27-08-2025,84.72453058935291,85.41358370559567,83.76373164597284,84.90892028808594,146800
28-08-2025,84.9477422159187,85.16125309497855,83.24936964707297,83.47258758544922,101400
29-08-2025,83.97517117204863,84.18010677273604,82.86265937092554,83.09687042236328,105000
02-09-2025,82.50156773853416,83.2920345912036,81.37929511304037,82.6869888305664,104800
03-09-2025,82.17953566644235,83.33108391747999,82.17953566644235,82.42350769042969,111600
04-09-2025,82.79433123172434,83.54576913290093,81.87700160912695,83.17493438720703,139600
05-09-2025,83.20420976737336,84.13130035357355,81.9843498142498,82.70650482177734,115600
08-09-2025,82.70650801068078,82.71626897540372,80.9303921482688,81.29147338867188,137600
09-09-2025,80.99870746502951,81.80869632658417,80.910881115081,81.4281005859375,93000
10-09-2025,81.20363864198099,82.69674607334352,80.94990568021076,81.46713256835938,90200
11-09-2025,82.2283300073919,84.11179426071314,81.23292001690481,83.88733673095703,135200
12-09-2025,83.84830287674166,84.16058676761567,82.06242588575815,82.22833251953125,124100
15-09-2025,82.20881283546919,83.44819491266047,81.62328145475435,82.96025085449219,157200
16-09-2025,82.53084740680767,83.14565416305894,80.73521707052389,81.19387817382812,146200
17-09-2025,81.6818310954508,82.96024957096868,80.84256673275125,81.58424377441406,128100
18-09-2025,81.48664742582544,82.49181086747328,80.7059340531527,82.08193969726562,130200
19-09-2025,82.10145536974008,82.10145536974008,81.16460377623048,81.955078125,546500
22-09-2025,82.17952920589738,82.17952920589738,81.06701745961008,81.82820892333984,154300
23-09-2025,81.45737157576337,82.45277404785156,81.04750040757615,82.45277404785156,156800
24-09-2025,82.09170953292046,82.61868999960599,81.61351900390274,82.00387573242188,112000
25-09-2025,82.1209834133049,82.7162757376833,80.6473903279227,80.99871063232422,132400
26-09-2025,81.0670202935752,82.38446767650433,80.68642454840534,81.25244140625,99600
29-09-2025,81.26218858713138,81.69158167964724,80.34485895143982,81.64279174804688,164200
30-09-2025,81.19387222585017,82.21855752330531,81.19387222585017,82.1502456665039,115500
01-10-2025,81.65255090882735,81.92579837005931,80.92063487534105,81.05725860595703,121600
02-10-2025,80.67665815205496,80.78400642633113,79.1835507222212,79.54463195800781,125200
03-10-2025,79.60318039748917,81.3695352180703,79.60318039748917,80.68641662597656,138100
06-10-2025,80.52051506003079,81.33049638210336,80.38389134568438,80.89134979248047,118100
07-10-2025,80.66691573063444,82.40399539635908,80.37414631588817,81.65255737304688,172100
08-10-2025,81.95507693851599,82.140490594314,80.66690508541014,82.08193969726562,85800
09-10-2025,81.79893206085387,82.65771082258321,81.49640916265817,82.32591247558594,121100
10-10-2025,82.16001239301943,82.99927666140645,81.97459129208163,82.55036163330078,125200
13-10-2025,82.48205703322857,82.8724137533105,81.68182910750646,81.88677215576172,82000
14-10-2025,81.48665140486565,82.97975891598462,81.09629469946793,82.41374206542969,112800
15-10-2025,82.42349468464347,83.28227339321359,81.88676078382494,82.63819122314453,80600
16-10-2025,82.54061200461301,83.10662885330824,82.07218247058786,82.31615447998047,103600
17-10-2025,82.443029131414,82.9504876622977,82.02339695483437,82.2771224975586,113500
20-10-2025,82.59915700405432,83.83853889268002,82.30638763552253,83.78974151611328,100600
21-10-2025,83.47746011981192,83.69215667032624,82.6479568118167,83.63359832763672,138100
22-10-2025,83.92637200698556,85.81959719991488,83.1163831414091,84.95105743408203,109100
23-10-2025,84.89250347698123,85.34141110816843,83.90686185968201,84.39480590820312,89500
24-10-2025,84.75586700439453,85.00959995622382,83.48721713611646,84.75586700439453,118000
27-10-2025,84.75586875295436,85.00960171001829,83.59456713089831,83.83853912353516,85100
28-10-2025,83.68239905615998,84.7168379913996,82.06242134318828,83.20421600341797,72400
29-10-2025,82.9797574692518,83.02855484861381,80.47172554599967,80.98894500732422,110700
30-10-2025,80.93039441625442,81.97459430783444,80.022818252886,81.55496215820312,142900
31-10-2025,80.9206237295208,81.70133703587983,80.13015690477184,80.87183380126953,226200
03-11-2025,80.24726935747381,81.10604807261434,79.17378665675542,80.95966339111328,143800
04-11-2025,80.99870696923978,81.64279664665932,80.46196557139015,81.2817153930664,127300
05-11-2025,81.15485470894204,82.6089258347944,80.88159979775597,82.43326568603516,130700
06-11-2025,82.02339467418591,82.47230228971843,81.2719566962244,81.54520416259766,119800
07-11-2025,81.80869458349143,81.89652093156863,80.81328463267474,81.35978698730469,92700
10-11-2025,81.55495964259178,81.85748253923816,80.4131724725704,81.24267578125,108200
11-11-2025,81.48664307715782,82.41373364297579,81.23291012776488,82.16976165771484,77500
12-11-2025,81.84773285730095,82.70651165489492,81.6525507814149,81.99411010742188,152500
13-11-2025,81.79892972181045,82.2283228131139,80.85231719531023,81.593994140625,96700
14-11-2025,80.99871411827375,81.73063020970395,80.2960734792311,81.65255737304688,96400
17-11-2025,81.78917276061502,82.07218118051408,80.13992706594077,80.42293548583984,89300
18-11-2025,80.77424754554295,81.53544644971166,79.71053318537223,80.17896270751953,104000
19-11-2025,79.77884089910235,80.77424334442117,78.7248801131641,78.9103012084961,95400
20-11-2025,79.53486946826526,79.95450159272501,78.82246797495104,79.10547637939453,84100
21-11-2025,79.17379426971725,80.87184482571114,79.08596791963217,80.49124908447266,139700
24-11-2025,80.12040486843145,80.33510142387462,78.98837863805116,79.90570831298828,137400
25-11-2025,80.37413861382959,81.48665037055933,79.80812177045908,80.1496810913086,159500
26-11-2025,79.6714983456495,81.76965910376833,79.6714983456495,80.7156982421875,314500
28-11-2025,80.64737607269657,80.8620726035961,79.79835091289401,80.82303619384766,66900
01-12-2025,79.96422403055013,80.79851232552775,78.47231338430882,78.64898681640625,199500
02-12-2025,79.19864337280684,79.50291137809457,77.61839972041847,77.96192932128906,95500
03-12-2025,78.44286449672076,78.8158458807736,77.647837842727,78.491943359375,120800
04-12-2025,78.13859117667147,78.72750004636791,77.10799503841578,77.46134185791016,101800
05-12-2025,77.16689990481377,77.47116789945946,76.6172450742618,77.20616149902344,91700
08-12-2025,77.20615722837718,77.36319610814587,76.02833193238853,76.22463989257812,122600
09-12-2025,76.68594646827849,77.52024219134735,76.60743077287425,77.13744354248047,78100
10-12-2025,77.0687378395259,77.9913665305913,76.85281031609502,77.5300521850586,160500
11-12-2025,77.90303361170116,78.63917161330015,77.65765427783482,77.8343276977539,97700
12-12-2025,78.34471400015116,79.54216635646857,78.16804057891773,78.70787811279297,135700
15-12-2025,78.74714038211282,80.68072327374601,78.48212650379277,80.27830505371094,186000
16-12-2025,79.7482927280097,81.18130730488541,78.39380134426293,78.7569580078125,151200
17-12-2025,78.47231046495959,80.01329243099889,78.47231046495959,79.80717468261719,120100
18-12-2025,79.82680886160465,80.11144979523674,79.00233038343181,79.32623291015625,146600
19-12-2025,78.74714112816376,79.27715391305898,76.97058961355008,77.32393646240234,528000
22-12-2025,77.06874390907835,77.47116964249415,76.54854087876707,76.91170501708984,107800
23-12-2025,76.50927898667116,77.26505158460672,76.50927898667116,76.8233642578125,101500
24-12-2025,76.82336282757501,77.47116789945946,76.65650666847147,77.20616149902344,59600
26-12-2025,77.2061538096583,77.45153313274257,76.60742766226207,76.9018783569336,76100
29-12-2025,76.94114353895932,77.77543177871512,76.89206467669833,77.31411743164062,97900
30-12-2025,77.03929040600427,77.41227177075731,76.4798258472574,77.29448699951172,92300
31-12-2025,77.41227598400532,77.41227598400532,76.92151730967929,76.97058868408203,97000
02-01-2026,76.75464957346904,77.45153344360212,76.06759046142857,76.99021911621094,103400
05-01-2026,76.58779944528736,77.49079363156831,75.05663473912544,76.06759643554688,135600
06-01-2026,75.70443239974846,77.22578732558443,75.70443239974846,76.76447296142578,110700
07-01-2026,77.29449104254753,77.29449104254753,75.91054798945709,76.88225555419922,162300
08-01-2026,76.36205017540978,77.78524728816824,76.36205017540978,76.60742950439453,93100
09-01-2026,76.53872789320242,77.07855795427702,76.53872789320242,76.98040771484375,107700
12-01-2026,76.69576085034964,77.79506291682713,76.4798258472574,77.29448699951172,95900
13-01-2026,77.1865285993976,77.67728730488125,76.50927918954743,77.52024841308594,87000
14-01-2026,77.79506306133268,78.32508330034835,77.41227191455182,77.99136352539062,78000
15-01-2026,78.22692597235687,79.26733940455465,77.50060526563972,78.47230529785156,97100
16-01-2026,78.12878079998094,78.43305627540155,77.05893046595706,78.1091537475586,119200
20-01-2026,77.81468994500388,78.06006926873984,77.0981865131892,77.90303039550781,93100
21-01-2026,78.0208176286095,79.28697599917064,77.96192897968506,79.17900848388672,109100
22-01-2026,79.11029732584268,79.49308849527293,78.4036036320074,78.45268249511719,81200
23-01-2026,78.06988356220423,78.2269224294495,76.65649631508478,77.14725494384766,116300
26-01-2026,77.2356012209262,78.46249788544272,77.09818939357099,77.74598693847656,109300
27-01-2026,77.44171879795486,78.30545135212743,77.19633946557123,77.65765380859375,112700
28-01-2026,77.58894447222505,78.11895721701522,76.64668128766282,76.72520446777344,101400
29-01-2026,76.84299216143211,78.42323565146135,76.84299216143211,77.4809799194336,145400
30-01-2026,77.17671343233847,78.53121228896178,76.76447790570694,78.40361022949219,203400
02-02-2026,78.46250690717194,79.19864499052404,77.3337603483553,77.57913970947266,132800
03-02-2026,77.28467331813783,78.64898182278436,77.14726148949595,77.70672607421875,120100
04-02-2026,78.30545257027408,79.51272219927081,78.26619097787598,78.79621124267578,164900
05-02-2026,78.91399013477307,80.11144240427319,77.74598218527991,79.41456604003906,166700
06-02-2026,79.4636450161975,79.88569778291867,77.79506849011841,78.1091537475586,179500
09-02-2026,78.10915244591395,78.63917271308362,76.70558233703402,77.27486419677734,111000
10-02-2026,77.66746808068913,79.17900575416967,76.88225866469344,78.4232406616211,100100
11-02-2026,78.91399935476217,78.91399935476217,78.07971107409901,78.4232406616211,83600
12-02-2026,78.99252399132506,80.25867485306848,78.86492193620325,79.65013885498047,80100
13-02-2026,80.22922302351382,81.61316602850239,79.33604616313673,81.34815216064453,95700
17-02-2026,81.95669446278855,81.95669446278855,80.57275147683751,80.9064712524414,75200
18-02-2026,80.58257607983836,80.58257607983836,78.44286787385988,78.5115737915039,106000
19-02-2026,78.5508356858265,79.49309148356699,78.01100561324138,78.59991455078125,105600
20-02-2026,78.95326514498669,79.63050708541438,78.18768274113917,79.4047622680664,158300
23-02-2026,79.37531434020251,80.48442629948715,79.25752955711692,79.99366760253906,142400
24-02-2026,80.34701370211259,81.69169521482735,79.25752880614019,81.03407287597656,144400
25-02-2026,80.65127744162967,80.65127744162967,77.00984903542728,80.05255126953125,143600
26-02-2026,80.35683473983075,81.40705809104773,79.91514740302617,80.83777618408203,128300
27-02-2026,80.74398451764213,82.01748754717089,80.07268077025849,80.97103881835938,130700
02-03-2026,80.54653046491028,81.31656126256226,80.44781088525885,80.80320739746094,121000
03-03-2026,79.8851044700005,80.64526108319596,78.49314101319783,80.20101165771484,148700
04-03-2026,80.00358077260174,80.34910311808913,78.90777595418294,80.07268524169922,122800
05-03-2026,79.24342207922118,79.45074301309947,77.97979322945628,78.71033477783203,130400
06-03-2026,77.99954276680003,78.90777507389829,77.5651675191347,78.82879638671875,123300
09-03-2026,78.04889016363842,78.76955742374263,76.3015302110617,77.00244903564453,199900
10-03-2026,76.32127996319174,77.11105177554164,75.52164146375858,75.7881851196289,203600
11-03-2026,75.5018939077659,75.5018939077659,72.9845030679701,73.20169067382812,178100
12-03-2026,72.54026117865413,73.60644324017778,71.84920902067638,72.82654571533203,369200
13-03-2026,73.66568323419337,74.47519590569783,72.43166955617913,73.81375885009766,207700
16-03-2026,74.47519724224891,74.9194391615778,74.10005225703419,74.51468658447266,186700
17-03-2026,75.02803589598679,75.13662970838202,72.58962352427567,73.4583740234375,183100
18-03-2026,72.86603735681352,73.2707974590744,71.25688622976233,71.52342987060547,222000
19-03-2026,71.5135618526345,73.8532469256785,71.24701068493225,73.48798370361328,412800
20-03-2026,73.45837119649083,74.42583372009769,72.89565371837705,73.18194580078125,1050900
23-03-2026,74.54430212424712,75.3241996909199,73.61632140636424,75.13662719726562,474200
24-03-2026,74.79110351713231,76.41012886904123,74.51468565682912,75.76844024658203,396600
25-03-2026,76.47923181152773,76.47923181152773,75.10700922389731,75.23534393310547,185900
26-03-2026,75.09713812029246,75.92639925090738,74.58379173034757,74.96880340576172,176000
27-03-2026,75.47227392666608,75.57100104687747,73.67555030341705,75.18598937988281,212600
30-03-2026,75.62035618728191,77.0518165635001,75.18598849710338,77.0221939086914,249700
31-03-2026,77.51580183191581,77.65401829660246,75.7881826392852,76.3015365600586,177300
01-04-2026,75.52163175383299,77.3775854828637,75.52163175383299,76.71615600585938,130700
02-04-2026,76.6569251893764,78.29569130906634,76.20280909520156,77.80208587646484,169700
06-04-2026,77.3973370856709,77.84157898379289,77.07155567674327,77.40721130371094,132800
07-04-2026,77.30848084873854,78.30556593672537,77.00244788910565,77.8415756225586,155800
08-04-2026,78.16736072399101,78.82879023086787,77.84157931368274,78.77943420410156,218600
09-04-2026,78.21672555107176,80.8427027168242,78.21672555107176,80.06280517578125,185000
10-04-2026,79.74689661797592,80.0628038099363,79.25329115979898,79.73702239990234,97200
13-04-2026,79.90486028702908,79.90486028702908,78.02915789153681,78.82879638671875,156400
14-04-2026,78.8287967890212,79.26317203890335,77.74286619613798,78.8682861328125,101600
15-04-2026,78.43390720688224,78.73007350552518,76.528589766228,76.7655258178711,246400
16-04-2026,76.1929427511189,76.82475716759235,76.03498538108957,76.3015365600586,249300
17-04-2026,76.47923675529456,76.55821544229184,75.02803539196373,76.49897766113281,227400
20-04-2026,76.15345408952236,78.18710628999085,76.15345408952236,77.33810424804688,292400
21-04-2026,77.18015180271149,77.89094488655759,76.87411882065288,77.6441421508789,252400
22-04-2026,77.64413630255443,78.21672041383793,77.1307824331895,77.63426208496094,183300
23-04-2026,77.8810702830986,79.64817876563825,77.51579952464456,79.51984405517578,130200
24-04-2026,79.39150769632545,80.19115373686799,78.8584128465712,79.15457916259766,123800
27-04-2026,79.35201169723881,80.58602535748848,79.35201169723881,80.0233154296875,123500
28-04-2026,80.86245033451688,80.94142148418838,79.28290683194095,79.98382568359375,197600
29-04-2026,79.30266170908978,79.66792495997386,77.38746995235098,77.74286651611328,210600
30-04-2026,77.51580566239632,79.24342494039806,77.51580566239632,79.1940689086914,230200
01-05-2026,79.28290653791383,80.24050233495714,78.63135124756597,79.56919860839844,170500
04-05-2026,79.17430984177737,80.3787083247054,78.52275457523251,79.08546447753906,159100
05-05-2026,78.97687693498452,80.58602809107894,78.522760796427,79.71728515625,158600
06-05-2026,80.12204388147988,80.27999371607342,78.50301100300995,79.76664733886719,160000
07-05-2026,76.86424341453711,76.86424341453711,73.55708831391235,73.69529724121094,1939600
08-05-2026,73.79401458731917,73.79401458731917,72.06639551671303,72.70808410644531,748100
11-05-2026,72.92527730661647,73.48798726010521,72.29346288627198,72.88578796386719,266600
12-05-2026,72.88578900002226,74.78123228800163,72.8462996567116,74.33699035644531,430600
13-05-2026,73.54721464460722,74.30736375042243,73.15232876431212,73.94210052490234,338700
14-05-2026,74.04082068676037,74.78122889362797,73.61631968021673,74.77135467529297,349600
15-05-2026,74.62327164105741,74.89969703210538,73.35964283783953,73.4386215209961,237400
18-05-2026,73.3596393317605,74.22838974131892,73.13258504331422,74.04081726074219,295300
19-05-2026,73.87299150502766,75.03790063755696,73.33989672927818,74.63314056396484,463200
20-05-2026,74.6331465526933,75.01815822188078,73.86312321431832,74.85033416748047,439500
21-05-2026,74.40609199053478,75.01815795898438,74.05069544609613,75.01815795898438,418900
22-05-2026,74.87995161187736,75.48215091451709,74.13954337405691,75.08726501464844,345500
26-05-2026,75.40316783602955,75.70920834480785,74.70224898220592,75.02803039550781,175800
27-05-2026,74.91943648036845,75.6993340147774,74.77135333528443,75.40316772460938,198800
28-05-2026,75.02802641990755,75.81779813179297,74.53442098293448,74.63314056396484,302600
29-05-2026,74.38634068501607,74.83059011434285,73.92235035145815,74.534423828125,427500
01-06-2026,73.86383714324947,74.30096248745477,71.68816231528967,72.15508270263672,395100
02-06-2026,72.94985462789326,74.0923364988733,71.86697800217065,73.91351318359375,262400
03-06-2026,73.49626527481375,74.70828161100908,72.80083786474253,72.92999267578125,418500
04-06-2026,73.50619190482898,73.94331725731448,72.23456278433383,73.37704467773438,318900
05-06-2026,73.81416777952465,75.57259071107536,73.36710570643037,75.16527557373047,315900
08-06-2026,75.48318697346234,76.7448793902672,75.34409542925206,75.45337677001953,326100
09-06-2026,75.63219724835832,77.96683709556993,75.63219724835832,76.45677185058594,228900
10-06-2026,77.36082468125481,78.3244756573999,76.25808216700388,77.22174072265625,229500
11-06-2026,77.4701077731425,78.235069562773,76.16866844603321,76.19847106933594,210000
12-06-2026,76.19846938979391,77.8774212075765,76.15873761260434,77.1521987915039,204400
15-06-2026,76.46671195128557,78.04631166604274,75.16528016771778,76.30775451660156,275600
16-06-2026,75.99978176222638,77.92709891471084,75.76135319660696,76.4071044921875,207600
17-06-2026,75.870632045343,76.28788391636239,74.55926360820547,75.23481750488281,237500
18-06-2026,75.57258941405979,76.74487387481,74.70827548451706,75.42356872558594,624000
22-06-2026,75.155338603942,76.2183417466864,75.155338603942,75.51298522949219,173700
23-06-2026,76.27794614731768,77.24160467886192,75.84082081436803,76.76473999023438,249600
24-06-2026,77.30121550677457,78.40395807309869,77.30121550677457,78.20526885986328,217800
25-06-2026,78.45363406315626,79.43715855254324,77.70853814524027,78.34435272216797,199000
26-06-2026,79.00002927116371,79.8643432217097,78.55297477438555,79.25833129882812,1266100
29-06-2026,78.94042588016973,80.14251302015754,77.85755681255952,79.71532440185547,372500
30-06-2026,79.82460703787163,81.64264287877553,78.93049042927073,81.00682830810547,554900
01-07-2026,81.00682422382657,81.17571080262846,80.21205226080677,80.57963562011719,423900
02-07-2026,80.9372824246925,83.73884261025358,80.74852237766834,83.67923736572266,277700
06-07-2026,83.30172137907853,83.73884673921137,81.84133218000525,82.41754150390625,270700
07-07-2026,83.27191318332446,84.74223901842718,82.50695143378586,82.52681732177734,211500
08-07-2026,83.11296609875657,83.11296609875657,80.82800234905544,81.66250610351562,305600
09-07-2026,81.53335700198383,82.37779747108776,81.16577364459422,81.20551300048828,174500
10-07-2026,81.39427847910835,81.80159364007282,80.78826652541079,81.23532104492188,106900
13-07-2026,81.47375583645051,81.99035232991956,81.36447449714807,81.63270568847656,145700
14-07-2026,81.8314020716507,81.95061256520155,80.17231610116241,80.63924407958984,173700
15-07-2026,80.3213350810436,81.6426402727158,79.80473860117942,79.97362518310547,150700
16-07-2026,79.97362526895733,81.7817243196839,79.97362526895733,81.4538803100586,166500
17-07-2026,81.99035314887311,83.50041844549506,80.2319301271374,80.52003479003906,165900
20-07-2026,80.46042066030607,81.1955874073292,79.973626793391,80.77832794189453,124500
21-07-2026,80.24185727787238,80.72865872001681,79.556374208304,80.27166748046875,222500
22-07-2026,80.73858746184678,82.57649672434691,80.73858746184678,82.44734191894531,155500
23-07-2026,81.71218535576634,83.29178505761082,81.63270663907404,81.8612060546875,396900
24-07-2026,82.56656367420298,83.07323102525349,81.533363082427,81.88107299804688,139300
27-07-2026,81.64264282776665,82.09963407643103,80.86774429396587,81.07637023925781,107700
28-07-2026,82.04995550423632,83.1725714924368,81.36447244171023,81.4538803100586,275400
29-07-2026,81.27506150375066,81.9804180736099,79.53650433621506,79.77494049072266,190200
30-07-2026,79.39741544949136,80.54983405301452,78.75166416851769,78.98016357421875,163400
31-07-2026,78.54303603637662,79.19872403306265,77.48996964358552,79.00996398925781,210800
03-08-2026,79.07951218649104,80.83794280354341,78.85102034870943,79.47689819335938,153200
04-08-2026,79.23846862071485,79.8544097230527,78.15559195515686,79.38748931884766,230400
05-08-2026,79.76500270393724,80.03323389983552,77.56945430515064,79.6855239868164,267100
06-08-2026,80.5001581543401,80.93728349871995,79.18878970070784,80.32133483886719,189400
07-08-2026,80.29153502122475,81.17571489542243,79.4768971288345,81.00682830810547,199500
10-08-2026,80.49022388577062,80.69885740980239,79.4768967867232,79.9438247680664,211300
11-08-2026,79.94382112832145,80.70878289008256,79.52656925826992,80.51009368896484,135400
12-08-2026,80.51009350085647,81.4836811953686,79.48682971642738,80.78826141357422,125600
13-08-2026,81.05649829103703,81.4240816755466,80.2815997426996,80.4703598022461,106100
14-08-2026,80.47035714769127,81.69231775788023,80.32133645188665,81.19558715820312,122100
17-08-2026,80.83794096828228,81.08630626949791,80.21205555833414,80.50016021728516,147300
18-08-2026,81.07636610741226,81.72211737917307,80.64917750420193,80.71871948242188,145000
19-08-2026,81.2750585932809,81.91087315685041,80.56970204868057,80.70878601074219,127100
20-08-2026,80.32133402150016,81.0465640100678,79.92394803788122,79.9537582397461,89800
21-08-2026,80.40081395391816,80.40081395391816,78.13572366628492,78.14566040039062,119300
24-08-2026,78.25493153093643,79.04970348355602,78.02643971072558,78.80133819580078,237800
25-08-2026,78.97022717864847,79.40735252385934,78.12578669045163,78.49337005615234,135700
26-08-2026,78.49336761840904,79.19872412567953,78.3940230192666,78.87088012695312,165600
27-08-2026,79.00996585606276,79.00996585606276,77.76813939012563,77.84761810302734,109200
28-08-2026,78.34434883398343,78.6721928406776,77.49990835148925,77.63899230957031,93600
31-08-2026,77.14225985098277,77.60918780443136,75.96997539023138,77.18199920654297,168500
01-09-2026,77.2300033569336,77.75,76.56999969482422,77.44999694824219,125000
02-09-2026,77.47000122070312,77.54000091552734,76.5999984741211,77.01000213623047,153700
03-09-2026,77.19999694824219,77.9800033569336,76.61000061035156,77.5999984741211,153500
04-09-2026,77.12999725341797,77.97000122070312,77.06999969482422,77.37000274658203,105600
08-09-2026,77.06999969482422,78.43000030517578,77.06999969482422,77.81999969482422,129800
09-09-2026,77.70999908447266,77.73999786376953,76.19999694824219,76.79000091552734,133000
10-09-2026,76.91000366210938,77.02999877929688,76.06999969482422,76.44000244140625,103700
11-09-2026,77.0,78.20999908447266,76.0199966430664,76.4800033569336,124000
14-09-2026,76.58000183105469,77.12999725341797,75.94999694824219,76.12000274658203,149700
15-09-2026,76.3499984741211,76.3499984741211,74.79000091552734,75.36000061035156,189500
16-09-2026,75.5999984741211,76.25,74.87999725341797,75.30999755859375,148600
17-09-2026,75.58999633789062,75.87000274658203,74.87000274658203,75.0,221000
18-09-2026,75.22000122070312,75.22000122070312,73.80999755859375,74.08000183105469,435000
21-09-2026,73.9800033569336,74.11000061035156,72.66000366210938,72.86000061035156,199500
22-09-2026,73.01000213623047,73.87000274658203,72.30000305175781,72.69999694824219,263800
23-09-2026,72.69999694824219,72.69999694824219,70.70999908447266,70.86000061035156,163500
24-09-2026,70.86000061035156,70.86000061035156,68.29000091552734,68.48999786376953,280600
25-09-2026,68.25,70.08999633789062,68.01000213623047,70.05999755859375,244900
28-09-2026,70.08000183105469,70.08000183105469,68.2300033569336,68.93000030517578,168500
29-09-2026,68.81999969482422,69.33999633789062,68.18000030517578,69.23999786376953,366900
