Date,Open,High,Low,Close,Volume
30-09-2021,72.33999633789062,73.29000091552734,71.70999908447266,71.80000305175781,267000
01-10-2021,71.94999694824219,73.12999725341797,70.81999969482422,72.5199966430664,252500
04-10-2021,72.5199966430664,72.79000091552734,70.36000061035156,70.5,308100
05-10-2021,70.6500015258789,72.20999908447266,70.44000244140625,72.02999877929688,228800
06-10-2021,71.62999725341797,72.31999969482422,70.88999938964844,72.0199966430664,158200
07-10-2021,72.31999969482422,73.44000244140625,72.26000213623047,72.61000061035156,235900
08-10-2021,72.72000122070312,73.11000061035156,71.7699966430664,72.5199966430664,108700
11-10-2021,72.3499984741211,72.80000305175781,71.19999694824219,71.7300033569336,208300
12-10-2021,71.88999938964844,72.5,71.63999938964844,72.05000305175781,206300
13-10-2021,72.11000061035156,72.58999633789062,71.52999877929688,72.33000183105469,123900
14-10-2021,73.04000091552734,73.23999786376953,70.95999908447266,71.08999633789062,1134800
15-10-2021,71.94000244140625,72.5199966430664,69.41999816894531,69.58999633789062,393300
18-10-2021,69.12999725341797,70.4800033569336,68.36000061035156,69.20999908447266,414200
19-10-2021,69.79000091552734,71.05999755859375,69.7699966430664,69.86000061035156,237700
20-10-2021,69.83000183105469,70.63999938964844,69.11000061035156,70.29000091552734,235000
21-10-2021,70.11000061035156,71.02999877929688,70.0199966430664,70.79000091552734,191900
22-10-2021,71.04000091552734,72.41999816894531,70.2300033569336,72.30000305175781,188200
25-10-2021,72.16999816894531,72.63999938964844,68.08000183105469,68.20999908447266,448400
26-10-2021,68.5,69.76000213623047,68.13999938964844,69.05999755859375,406900
27-10-2021,68.87000274658203,69.41000366210938,67.87000274658203,68.4800033569336,225500
28-10-2021,68.4000015258789,68.95999908447266,67.4800033569336,67.69999694824219,296400
29-10-2021,67.20999908447266,68.41999816894531,66.3499984741211,67.26000213623047,478000
01-11-2021,67.37000274658203,67.69000244140625,65.0,65.05000305175781,562100
02-11-2021,65.18000030517578,65.68000030517578,64.20999908447266,65.0,388400
03-11-2021,64.9000015258789,67.5199966430664,64.9000015258789,67.44000244140625,278800
04-11-2021,67.2699966430664,68.30999755859375,67.0,68.19999694824219,284600
05-11-2021,68.05000305175781,70.25,68.05000305175781,69.45999908447266,310600
08-11-2021,69.45999908447266,70.08999633789062,67.0999984741211,69.69000244140625,235600
09-11-2021,69.37999725341797,70.08000183105469,67.81999969482422,67.91999816894531,155500
10-11-2021,67.16000366210938,68.80000305175781,67.05000305175781,67.91999816894531,119100
11-11-2021,68.1500015258789,68.5199966430664,67.04000091552734,67.94999694824219,110700
12-11-2021,68.37000274658203,68.80000305175781,67.62000274658203,67.83000183105469,172200
15-11-2021,68.0199966430664,68.23999786376953,67.31999969482422,68.0,208300
16-11-2021,67.87000274658203,69.29000091552734,67.87000274658203,69.12000274658203,242500
17-11-2021,69.0199966430664,69.2300033569336,67.69000244140625,67.7699966430664,181100
18-11-2021,68.0199966430664,69.0199966430664,67.61000061035156,68.11000061035156,271100
19-11-2021,67.95999908447266,69.38999938964844,67.91000366210938,69.2699966430664,209100
22-11-2021,69.62000274658203,69.62000274658203,68.52999877929688,68.5999984741211,234700
23-11-2021,68.36000061035156,68.86000061035156,67.8499984741211,68.47000122070312,286000
24-11-2021,68.20999908447266,68.58999633789062,67.83999633789062,68.5,106400
26-11-2021,67.55000305175781,68.80999755859375,65.9800033569336,66.11000061035156,239900
29-11-2021,66.19999694824219,66.83000183105469,64.37999725341797,64.51000213623047,216200
30-11-2021,64.19000244140625,64.9000015258789,62.02000045776367,62.86000061035156,311900
01-12-2021,63.34000015258789,64.19999694824219,61.58000183105469,61.59999847412109,273700
02-12-2021,61.970001220703125,63.43999862670898,61.619998931884766,62.77000045776367,454400
03-12-2021,62.97999954223633,63.90999984741211,61.43999862670898,63.31999969482422,411100
06-12-2021,64.05000305175781,65.87999725341797,62.18000030517578,65.55000305175781,293900
07-12-2021,66.0199966430664,67.86000061035156,65.70999908447266,66.56999969482422,210100
08-12-2021,66.68000030517578,67.19999694824219,65.16000366210938,66.2300033569336,260900
09-12-2021,65.75,66.76000213623047,64.16000366210938,64.29000091552734,197700
10-12-2021,64.81999969482422,65.16000366210938,63.27000045776367,63.36000061035156,210200
13-12-2021,63.060001373291016,63.900001525878906,62.79999923706055,63.29999923706055,393500
14-12-2021,63.0,63.59000015258789,61.29999923706055,61.400001525878906,205700
15-12-2021,61.400001525878906,62.18000030517578,60.720001220703125,62.09000015258789,428600
16-12-2021,62.56999969482422,63.060001373291016,60.380001068115234,60.650001525878906,211600
17-12-2021,60.119998931884766,62.290000915527344,60.04999923706055,61.54999923706055,1690700
20-12-2021,60.84999847412109,62.459999084472656,58.119998931884766,59.58000183105469,376100
21-12-2021,60.310001373291016,61.29999923706055,59.52999877929688,60.90999984741211,367300
22-12-2021,61.119998931884766,63.040000915527344,61.040000915527344,62.95000076293945,201900
23-12-2021,63.63999938964844,63.959999084472656,62.619998931884766,63.72999954223633,129600
27-12-2021,64.38999938964844,64.97000122070312,63.72999954223633,64.0,176100
28-12-2021,64.0,65.18000030517578,63.459999084472656,64.25,377100
29-12-2021,64.41000366210938,65.68000030517578,63.630001068115234,64.08000183105469,898300
30-12-2021,64.41000366210938,65.56999969482422,63.970001220703125,63.9900016784668,737100
31-12-2021,64.25,64.55999755859375,62.2599983215332,62.29999923706055,189800
03-01-2022,62.310001373291016,63.880001068115234,61.70000076293945,63.81999969482422,334800
04-01-2022,63.88999938964844,64.41000366210938,62.84000015258789,63.34999847412109,214300
05-01-2022,63.150001525878906,63.540000915527344,61.18999862670898,61.18999862670898,212600
06-01-2022,60.86000061035156,61.68999862670898,60.25,60.560001373291016,191900
07-01-2022,60.15999984741211,60.560001373291016,58.9900016784668,59.08000183105469,227500
10-01-2022,58.81999969482422,59.2599983215332,57.91999816894531,58.88999938964844,156200
11-01-2022,59.06999969482422,59.79999923706055,57.91999816894531,59.08000183105469,206600
12-01-2022,59.22999954223633,59.810001373291016,58.709999084472656,59.25,182400
13-01-2022,59.400001525878906,59.560001373291016,58.06999969482422,58.43999862670898,148600
14-01-2022,57.59999847412109,58.380001068115234,57.02000045776367,57.810001373291016,158200
18-01-2022,57.13999938964844,57.540000915527344,55.540000915527344,55.709999084472656,224900
19-01-2022,56.060001373291016,56.709999084472656,55.56999969482422,55.720001220703125,317600
20-01-2022,55.91999816894531,57.47999954223633,55.130001068115234,55.16999816894531,135900
21-01-2022,54.81999969482422,56.290000915527344,54.369998931884766,55.70000076293945,298800
24-01-2022,54.95000076293945,57.650001525878906,54.33000183105469,57.4900016784668,357400
25-01-2022,56.58000183105469,57.34999847412109,54.97999954223633,55.18999862670898,223900
26-01-2022,55.869998931884766,56.0099983215332,53.52000045776367,54.34000015258789,213600
27-01-2022,54.34999847412109,55.959999084472656,52.33000183105469,52.650001525878906,282200
28-01-2022,52.86000061035156,53.93000030517578,51.65999984741211,53.90999984741211,207300
31-01-2022,53.59999847412109,55.7400016784668,53.2599983215332,55.45000076293945,261500
01-02-2022,55.63999938964844,56.150001525878906,54.27000045776367,55.81999969482422,184200
02-02-2022,55.68999862670898,56.459999084472656,54.7400016784668,55.720001220703125,260300
03-02-2022,55.41999816894531,56.02000045776367,54.18999862670898,54.459999084472656,147900
04-02-2022,54.20000076293945,55.43000030517578,53.810001373291016,55.0099983215332,121600
07-02-2022,54.77999877929688,56.16999816894531,54.68999862670898,55.34999847412109,208600
08-02-2022,55.43999862670898,58.83000183105469,54.84999847412109,58.59999847412109,366600
09-02-2022,59.119998931884766,59.59000015258789,58.13999938964844,59.2599983215332,331600
10-02-2022,58.15999984741211,59.25,57.65999984741211,57.9900016784668,231800
11-02-2022,58.06999969482422,58.59000015258789,57.060001373291016,57.22999954223633,255800
14-02-2022,57.560001373291016,58.04999923706055,55.52000045776367,57.630001068115234,320000
15-02-2022,58.11000061035156,59.31999969482422,57.91999816894531,58.59999847412109,276700
16-02-2022,58.31999969482422,59.0,57.13999938964844,58.93999862670898,261100
17-02-2022,58.41999816894531,58.7599983215332,57.459999084472656,58.63999938964844,391600
18-02-2022,58.34999847412109,59.15999984741211,55.97999954223633,56.790000915527344,489800
22-02-2022,56.59999847412109,57.95000076293945,56.2599983215332,57.310001373291016,318300
23-02-2022,57.5099983215332,59.86000061035156,57.29999923706055,59.560001373291016,778700
24-02-2022,58.34000015258789,60.0,55.90999984741211,59.08000183105469,1140600
25-02-2022,60.09999847412109,64.94999694824219,59.2400016784668,64.55000305175781,623100
28-02-2022,63.540000915527344,66.08000183105469,63.04999923706055,65.02999877929688,472900
01-03-2022,65.05000305175781,66.01000213623047,64.36000061035156,65.11000061035156,379700
02-03-2022,65.05000305175781,66.26000213623047,64.80999755859375,65.13999938964844,268800
03-03-2022,65.5999984741211,65.87999725341797,63.900001525878906,64.54000091552734,228600
04-03-2022,64.43000030517578,64.9000015258789,63.9900016784668,64.5199966430664,316000
07-03-2022,64.23999786376953,65.16000366210938,63.709999084472656,64.27999877929688,258400
08-03-2022,64.0999984741211,64.23999786376953,61.0099983215332,61.18000030517578,196300
09-03-2022,62.02999877929688,65.16999816894531,61.040000915527344,65.0,1774200
10-03-2022,64.1500015258789,65.54000091552734,63.38999938964844,63.869998931884766,588400
11-03-2022,64.37999725341797,64.63999938964844,62.369998931884766,62.59000015258789,345800
14-03-2022,62.7599983215332,63.380001068115234,61.209999084472656,61.52999877929688,274400
15-03-2022,61.77000045776367,63.5099983215332,61.470001220703125,62.88999938964844,591000
16-03-2022,63.560001373291016,63.7400016784668,62.2599983215332,62.95000076293945,289500
17-03-2022,62.68000030517578,64.81999969482422,62.61000061035156,63.84000015258789,366000
18-03-2022,64.0,65.44000244140625,64.0,64.63999938964844,536400
21-03-2022,64.4000015258789,65.26000213623047,64.01000213623047,64.33999633789062,218900
22-03-2022,64.54000091552734,65.13999938964844,63.9900016784668,64.22000122070312,275900
23-03-2022,63.97999954223633,64.76000213623047,62.02999877929688,62.27000045776367,247700
24-03-2022,62.27000045776367,63.18000030517578,61.7599983215332,62.31999969482422,174900
25-03-2022,62.630001068115234,62.9900016784668,61.95000076293945,62.52000045776367,193100
28-03-2022,62.22999954223633,63.400001525878906,62.209999084472656,63.2599983215332,201600
29-03-2022,63.869998931884766,65.9000015258789,63.72999954223633,65.41999816894531,457800
30-03-2022,64.91999816894531,68.05000305175781,64.91999816894531,66.45999908447266,426300
31-03-2022,66.4000015258789,67.94999694824219,66.4000015258789,66.5199966430664,369500
01-04-2022,66.77999877929688,68.61000061035156,66.54000091552734,68.04000091552734,273700
04-04-2022,67.75,68.13999938964844,64.12999725341797,64.4800033569336,329700
05-04-2022,64.66999816894531,65.91000366210938,64.66999816894531,65.51000213623047,287500
06-04-2022,64.93000030517578,65.94000244140625,64.41999816894531,65.37999725341797,475900
07-04-2022,65.3499984741211,66.91999816894531,65.2300033569336,66.62000274658203,520900
08-04-2022,66.62000274658203,72.0,65.70999908447266,68.01000213623047,1227500
11-04-2022,68.01000213623047,68.45999908447266,65.8499984741211,66.02999877929688,548000
12-04-2022,66.41000366210938,68.19000244140625,65.2699966430664,67.98999786376953,581300
13-04-2022,67.86000061035156,68.97000122070312,67.19000244140625,68.27999877929688,511700
14-04-2022,68.58000183105469,69.37999725341797,67.37999725341797,68.83999633789062,434200
18-04-2022,68.80999755859375,69.12999725341797,68.12000274658203,68.33999633789062,440200
19-04-2022,68.0199966430664,70.43000030517578,68.0199966430664,69.51000213623047,313300
20-04-2022,70.16000366210938,71.22000122070312,69.93000030517578,70.48999786376953,360800
21-04-2022,70.2699966430664,70.86000061035156,68.51000213623047,68.75,205100
22-04-2022,67.9800033569336,67.98999786376953,65.87000274658203,66.25,304100
25-04-2022,65.93000030517578,67.08000183105469,65.2699966430664,66.80000305175781,324500
26-04-2022,66.20999908447266,66.95999908447266,65.52999877929688,65.97000122070312,283500
27-04-2022,65.94000244140625,66.19000244140625,64.73999786376953,65.0999984741211,413900
28-04-2022,64.5,64.73999786376953,60.4900016784668,63.54999923706055,991000
29-04-2022,63.470001220703125,65.33000183105469,61.20000076293945,62.0099983215332,490000
02-05-2022,62.119998931884766,63.869998931884766,61.59999847412109,62.869998931884766,353300
03-05-2022,62.68000030517578,64.1500015258789,62.5,64.01000213623047,293900
04-05-2022,64.0999984741211,66.19999694824219,63.09000015258789,65.62000274658203,608900
05-05-2022,64.87000274658203,65.2300033569336,61.97999954223633,63.040000915527344,368900
06-05-2022,62.93999862670898,62.93999862670898,61.52000045776367,62.209999084472656,297100
09-05-2022,61.459999084472656,61.5099983215332,58.15999984741211,58.56999969482422,316300
10-05-2022,58.93999862670898,59.290000915527344,56.709999084472656,57.709999084472656,377100
11-05-2022,57.91999816894531,58.220001220703125,55.9900016784668,56.119998931884766,399100
12-05-2022,55.720001220703125,57.400001525878906,55.720001220703125,57.02999877929688,514800
13-05-2022,57.68999862670898,59.47999954223633,57.560001373291016,58.84999847412109,351300
16-05-2022,58.63999938964844,60.900001525878906,58.45000076293945,60.40999984741211,281300
17-05-2022,61.0,62.2599983215332,60.36000061035156,62.2400016784668,256600
18-05-2022,61.310001373291016,61.86000061035156,60.16999816894531,60.68999862670898,303600
19-05-2022,60.43000030517578,61.08000183105469,59.130001068115234,59.93999862670898,245500
20-05-2022,60.68999862670898,60.68999862670898,58.02000045776367,58.869998931884766,405100
23-05-2022,59.650001525878906,60.95000076293945,59.0,60.560001373291016,427800
24-05-2022,59.91999816894531,60.650001525878906,58.400001525878906,59.02000045776367,638600
25-05-2022,58.65999984741211,60.04999923706055,58.59999847412109,59.09000015258789,570500
26-05-2022,59.61000061035156,61.470001220703125,57.70000076293945,60.790000915527344,309500
27-05-2022,61.2599983215332,63.119998931884766,61.2599983215332,62.5099983215332,202000
31-05-2022,61.869998931884766,62.43999862670898,60.900001525878906,61.38999938964844,365400
01-06-2022,61.59999847412109,62.20000076293945,60.18000030517578,61.18000030517578,284100
02-06-2022,61.56999969482422,62.33000183105469,60.77999877929688,62.09999847412109,214500
03-06-2022,61.959999084472656,62.61000061035156,61.459999084472656,61.93999862670898,202400
06-06-2022,62.41999816894531,62.77000045776367,60.709999084472656,61.5,240300
07-06-2022,60.95000076293945,61.59000015258789,60.5099983215332,61.20000076293945,184200
08-06-2022,60.95000076293945,61.09999847412109,59.34000015258789,59.59999847412109,245700
09-06-2022,59.22999954223633,59.63999938964844,58.220001220703125,58.43000030517578,248000
10-06-2022,57.66999816894531,58.34000015258789,57.47999954223633,57.93000030517578,169900
13-06-2022,56.650001525878906,56.790000915527344,54.09999847412109,54.54999923706055,303600
14-06-2022,54.2599983215332,54.54999923706055,51.310001373291016,51.75,378400
15-06-2022,52.56999969482422,55.15999984741211,52.45000076293945,53.40999984741211,301600
16-06-2022,52.13999938964844,52.15999984741211,51.34000015258789,51.77000045776367,293000
17-06-2022,52.70000076293945,53.63999938964844,51.83000183105469,51.9900016784668,558400
21-06-2022,52.25,53.02000045776367,51.66999816894531,52.08000183105469,358800
22-06-2022,51.77999877929688,52.790000915527344,51.68000030517578,51.970001220703125,370100
23-06-2022,52.2599983215332,53.619998931884766,51.79999923706055,53.47999954223633,283100
24-06-2022,53.86000061035156,54.7599983215332,52.7599983215332,52.93999862670898,843900
27-06-2022,53.40999984741211,55.02999877929688,53.06999969482422,54.880001068115234,319400
28-06-2022,55.25,57.59999847412109,53.20000076293945,53.77000045776367,273100
29-06-2022,53.77000045776367,54.70000076293945,53.40999984741211,54.58000183105469,198400
30-06-2022,54.47999954223633,54.810001373291016,53.65999984741211,54.27000045776367,320400
01-07-2022,53.95000076293945,55.02000045776367,53.88999938964844,54.959999084472656,273200
05-07-2022,53.93000030517578,55.400001525878906,53.04999923706055,54.459999084472656,295700
06-07-2022,54.7599983215332,54.7599983215332,53.15999984741211,53.36000061035156,167000
07-07-2022,53.61000061035156,54.369998931884766,53.61000061035156,54.22999954223633,183800
08-07-2022,54.119998931884766,54.43000030517578,53.459999084472656,53.880001068115234,165800
11-07-2022,53.34000015258789,53.41999816894531,52.34000015258789,52.5099983215332,148800
12-07-2022,52.43000030517578,52.970001220703125,51.540000915527344,51.68000030517578,157800
13-07-2022,50.9900016784668,52.970001220703125,50.459999084472656,52.15999984741211,219400
14-07-2022,51.54999923706055,51.810001373291016,50.84999847412109,51.68999862670898,199800
15-07-2022,52.880001068115234,53.7599983215332,52.40999984741211,53.27000045776367,506100
18-07-2022,53.7599983215332,54.93999862670898,52.150001525878906,52.2599983215332,258800
19-07-2022,52.97999954223633,54.060001373291016,52.619998931884766,53.810001373291016,300700
20-07-2022,53.5099983215332,54.709999084472656,52.220001220703125,54.02000045776367,338900
21-07-2022,54.119998931884766,55.130001068115234,54.04999923706055,55.130001068115234,323500
22-07-2022,55.310001373291016,55.77000045776367,54.11000061035156,54.650001525878906,262200
25-07-2022,54.97999954223633,57.369998931884766,53.59000015258789,54.220001220703125,581900
26-07-2022,54.400001525878906,54.560001373291016,53.720001220703125,54.2599983215332,460000
27-07-2022,54.619998931884766,56.75,54.619998931884766,56.61000061035156,500000
28-07-2022,55.380001068115234,57.84999847412109,54.790000915527344,57.4900016784668,465800
29-07-2022,57.09000015258789,57.59999847412109,56.31999969482422,57.47999954223633,286700
01-08-2022,56.7400016784668,63.65999984741211,56.52999877929688,60.0,1807700
02-08-2022,59.790000915527344,60.720001220703125,59.2599983215332,59.290000915527344,324800
03-08-2022,59.5099983215332,59.970001220703125,59.040000915527344,59.209999084472656,230700
04-08-2022,59.380001068115234,59.68999862670898,58.7400016784668,59.369998931884766,330800
05-08-2022,58.619998931884766,60.4900016784668,58.619998931884766,59.93999862670898,196700
08-08-2022,60.630001068115234,61.650001525878906,60.18999862670898,60.68000030517578,450300
09-08-2022,60.959999084472656,61.36000061035156,60.02999877929688,60.52000045776367,481100
10-08-2022,61.380001068115234,62.4900016784668,60.31999969482422,62.15999984741211,353500
11-08-2022,62.810001373291016,63.0,61.70000076293945,62.0,228700
12-08-2022,62.0,62.9900016784668,61.790000915527344,62.97999954223633,219500
15-08-2022,62.63999938964844,63.65999984741211,62.52999877929688,63.58000183105469,375500
16-08-2022,63.20000076293945,63.54999923706055,62.15999984741211,63.31999969482422,333000
17-08-2022,63.0,63.0,61.63999938964844,62.0099983215332,584900
18-08-2022,61.81999969482422,61.83000183105469,60.29999923706055,61.04999923706055,289500
19-08-2022,60.83000183105469,61.0,59.40999984741211,59.63999938964844,217200
22-08-2022,58.77999877929688,59.56999969482422,58.130001068115234,58.540000915527344,210500
23-08-2022,58.15999984741211,58.61000061035156,57.630001068115234,58.380001068115234,273100
24-08-2022,58.68999862670898,60.369998931884766,58.060001373291016,59.90999984741211,304800
25-08-2022,60.380001068115234,62.08000183105469,59.630001068115234,61.68999862670898,333300
26-08-2022,61.560001373291016,62.02000045776367,59.459999084472656,59.68999862670898,267500
29-08-2022,59.54999923706055,59.75,58.63999938964844,59.40999984741211,221800
30-08-2022,59.58000183105469,59.810001373291016,58.47999954223633,58.7599983215332,237200
31-08-2022,59.33000183105469,59.79999923706055,58.84000015258789,59.22999954223633,190600
01-09-2022,58.40999984741211,59.18999862670898,57.869998931884766,58.59999847412109,328900
02-09-2022,59.380001068115234,59.63999938964844,57.040000915527344,57.59999847412109,393800
06-09-2022,57.43000030517578,58.40999984741211,57.0,57.66999816894531,396800
07-09-2022,57.88999938964844,59.91999816894531,57.70000076293945,59.810001373291016,373300
08-09-2022,59.29999923706055,61.27999877929688,59.09999847412109,61.040000915527344,315400
09-09-2022,61.310001373291016,61.880001068115234,60.91999816894531,61.45000076293945,290700
12-09-2022,61.20000076293945,61.93000030517578,60.900001525878906,61.790000915527344,355400
13-09-2022,60.369998931884766,60.9900016784668,59.41999816894531,60.0099983215332,311700
14-09-2022,59.75,60.95000076293945,59.43000030517578,60.310001373291016,347000
15-09-2022,60.45000076293945,61.36000061035156,59.18000030517578,59.36000061035156,259400
16-09-2022,58.709999084472656,58.88999938964844,57.65999984741211,57.970001220703125,1489400
19-09-2022,57.25,57.54999923706055,55.93000030517578,57.22999954223633,205700
20-09-2022,56.84999847412109,56.86000061035156,55.52999877929688,56.150001525878906,276700
21-09-2022,56.36000061035156,57.13999938964844,55.13999938964844,55.150001525878906,264700
22-09-2022,55.06999969482422,55.06999969482422,53.75,54.04999923706055,249300
23-09-2022,53.810001373291016,54.040000915527344,52.790000915527344,54.0,287200
26-09-2022,53.86000061035156,54.7400016784668,53.86000061035156,54.29999923706055,328700
27-09-2022,54.72999954223633,55.40999984741211,54.25,55.04999923706055,272500
28-09-2022,55.41999816894531,57.65999984741211,54.77999877929688,57.52999877929688,364500
29-09-2022,57.29999923706055,57.41999816894531,56.459999084472656,57.06999969482422,390700
30-09-2022,57.119998931884766,58.5099983215332,56.43999862670898,56.5099983215332,465000
03-10-2022,57.09000015258789,57.959999084472656,56.31999969482422,57.93000030517578,212000
04-10-2022,58.869998931884766,60.0,58.869998931884766,59.93999862670898,343600
05-10-2022,59.22999954223633,60.150001525878906,58.65999984741211,60.04999923706055,197600
06-10-2022,59.84999847412109,59.84999847412109,58.43000030517578,58.79999923706055,219300
07-10-2022,58.060001373291016,58.2400016784668,56.93999862670898,57.290000915527344,239000
10-10-2022,57.54999923706055,57.66999816894531,56.369998931884766,56.45000076293945,179600
11-10-2022,56.43999862670898,57.33000183105469,55.38999938964844,56.36000061035156,302800
12-10-2022,56.41999816894531,56.650001525878906,55.880001068115234,56.15999984741211,184100
13-10-2022,55.220001220703125,57.66999816894531,54.77000045776367,57.040000915527344,301500
14-10-2022,57.34999847412109,57.56999969482422,54.65999984741211,54.720001220703125,265500
17-10-2022,55.59000015258789,57.66999816894531,55.27000045776367,57.27000045776367,331800
18-10-2022,58.5099983215332,60.02000045776367,58.43000030517578,58.720001220703125,296300
19-10-2022,58.310001373291016,58.34000015258789,57.15999984741211,58.02999877929688,241300
20-10-2022,58.02000045776367,59.119998931884766,57.040000915527344,57.2599983215332,291500
21-10-2022,57.52000045776367,58.38999938964844,56.459999084472656,57.93999862670898,165800
24-10-2022,58.5,58.630001068115234,57.59000015258789,58.0,253800
25-10-2022,58.18999862670898,60.0,58.18999862670898,60.0,263700
26-10-2022,60.65999984741211,62.34999847412109,60.27999877929688,60.81999969482422,332200
27-10-2022,62.709999084472656,65.26000213623047,62.52999877929688,64.19999694824219,655700
28-10-2022,64.12999725341797,67.75,63.470001220703125,67.61000061035156,468000
31-10-2022,67.19999694824219,68.81999969482422,66.69000244140625,68.7699966430664,497400
01-11-2022,69.29000091552734,69.86000061035156,68.45999908447266,69.02999877929688,404300
02-11-2022,69.02999877929688,69.75,66.08000183105469,66.41000366210938,587600
03-11-2022,65.22000122070312,67.04000091552734,64.95999908447266,66.58000183105469,258600
04-11-2022,67.23999786376953,68.56999969482422,66.30000305175781,68.52999877929688,284000
07-11-2022,69.12999725341797,69.27999877929688,67.66999816894531,68.69999694824219,306100
08-11-2022,68.87999725341797,69.06999969482422,67.16000366210938,67.7300033569336,169100
09-11-2022,67.31999969482422,67.69000244140625,66.62000274658203,66.9000015258789,252400
10-11-2022,69.87000274658203,70.48999786376953,68.9800033569336,70.25,431100
11-11-2022,70.4000015258789,71.5999984741211,69.0,69.68000030517578,345700
14-11-2022,69.16000366210938,70.48999786376953,68.68000030517578,69.4000015258789,202200
15-11-2022,70.0,70.97000122070312,69.23999786376953,69.87999725341797,298000
16-11-2022,69.83999633789062,70.63999938964844,69.56999969482422,70.37000274658203,240800
17-11-2022,69.61000061035156,69.93000030517578,67.86000061035156,69.87000274658203,146400
18-11-2022,71.05999755859375,71.19999694824219,69.80999755859375,70.0,312700
21-11-2022,70.12000274658203,70.80999755859375,69.91999816894531,70.68000030517578,153400
22-11-2022,71.0,71.91999816894531,70.37000274658203,71.80000305175781,193900
23-11-2022,71.69000244140625,72.4000015258789,71.11000061035156,71.4800033569336,200100
25-11-2022,71.44999694824219,72.52999877929688,70.91999816894531,71.75,72500
28-11-2022,71.44999694824219,71.62000274658203,70.02999877929688,70.16000366210938,269000
29-11-2022,69.87000274658203,70.93000030517578,69.11000061035156,70.12999725341797,165900
30-11-2022,70.19999694824219,72.0,69.70999908447266,72.0,352800
01-12-2022,72.0,72.80000305175781,70.3499984741211,72.5199966430664,257700
02-12-2022,71.61000061035156,73.69000244140625,71.30999755859375,73.04000091552734,351100
05-12-2022,72.3499984741211,72.3499984741211,70.66999816894531,71.11000061035156,190200
06-12-2022,70.97000122070312,71.30999755859375,69.94000244140625,70.66999816894531,204800
07-12-2022,70.76000213623047,71.91000366210938,70.54000091552734,70.97000122070312,182000
08-12-2022,71.56999969482422,73.2300033569336,70.98999786376953,73.01000213623047,196900
09-12-2022,72.83999633789062,73.12000274658203,72.16000366210938,72.44999694824219,178100
12-12-2022,72.9000015258789,74.11000061035156,72.45999908447266,73.70999908447266,223100
13-12-2022,75.63999938964844,76.13999938964844,73.44000244140625,74.43000030517578,227500
14-12-2022,74.16999816894531,75.25,72.52999877929688,72.93000030517578,270800
15-12-2022,72.19000244140625,72.61000061035156,71.0199966430664,71.2300033569336,302200
16-12-2022,70.16000366210938,71.41000366210938,69.19999694824219,71.26000213623047,1192700
19-12-2022,71.30999755859375,71.83000183105469,70.30000305175781,70.44999694824219,231400
20-12-2022,69.43000030517578,69.94000244140625,69.02999877929688,69.31999969482422,338600
21-12-2022,69.94999694824219,71.04000091552734,68.66999816894531,70.51000213623047,217700
22-12-2022,70.05999755859375,70.86000061035156,69.61000061035156,70.86000061035156,148600
23-12-2022,70.69000244140625,71.19999694824219,69.70999908447266,70.8499984741211,129000
27-12-2022,71.12999725341797,71.12999725341797,70.04000091552734,70.16999816894531,170700
28-12-2022,70.52999877929688,71.0199966430664,69.37999725341797,69.43000030517578,153000
29-12-2022,69.9800033569336,71.69999694824219,69.79000091552734,70.86000061035156,144000
30-12-2022,70.55999755859375,70.83000183105469,69.66000366210938,70.62000274658203,224900
03-01-2023,71.0199966430664,71.55000305175781,68.88999938964844,69.5999984741211,284000
04-01-2023,70.04000091552734,70.5199966430664,69.61000061035156,70.04000091552734,348300
05-01-2023,69.80000305175781,71.22000122070312,69.27999877929688,70.41999816894531,260800
06-01-2023,71.33000183105469,71.87000274658203,70.5,71.18000030517578,241200
09-01-2023,71.4800033569336,71.4800033569336,69.2300033569336,69.54000091552734,304600
10-01-2023,69.73999786376953,70.48999786376953,69.19000244140625,69.30999755859375,322000
11-01-2023,69.33000183105469,69.51000213623047,67.51000213623047,68.16000366210938,262700
12-01-2023,68.31999969482422,69.1500015258789,67.55000305175781,68.5999984741211,242500
13-01-2023,68.37000274658203,70.47000122070312,68.37000274658203,70.3499984741211,127100
17-01-2023,70.2699966430664,70.98999786376953,69.94000244140625,69.97000122070312,176000
18-01-2023,69.97000122070312,70.87000274658203,69.33000183105469,69.83999633789062,197900
19-01-2023,69.94000244140625,70.12000274658203,69.04000091552734,69.4800033569336,212200
20-01-2023,70.05000305175781,70.23999786376953,69.3499984741211,70.2300033569336,203200
23-01-2023,70.16000366210938,70.68000030517578,69.47000122070312,70.66999816894531,234100
24-01-2023,70.5,70.97000122070312,69.6500015258789,69.73999786376953,262200
25-01-2023,69.45999908447266,69.63999938964844,68.62000274658203,69.47000122070312,224000
26-01-2023,70.0,70.30000305175781,69.05000305175781,69.5199966430664,380200
27-01-2023,69.5,70.31999969482422,69.05999755859375,69.94000244140625,320500
30-01-2023,69.7300033569336,70.47000122070312,69.08999633789062,70.33000183105469,319900
31-01-2023,70.9800033569336,72.0,70.91999816894531,71.3499984741211,365800
01-02-2023,71.13999938964844,72.66000366210938,70.79000091552734,71.91999816894531,321300
02-02-2023,72.05999755859375,73.47000122070312,71.7699966430664,73.41999816894531,343400
03-02-2023,72.9800033569336,74.51000213623047,72.94999694824219,73.33000183105469,334400
06-02-2023,73.33999633789062,73.4800033569336,71.11000061035156,71.31999969482422,195600
07-02-2023,70.80999755859375,72.63999938964844,69.93000030517578,71.61000061035156,253100
08-02-2023,71.0,71.91999816894531,71.0,71.47000122070312,153600
09-02-2023,71.86000061035156,71.86000061035156,70.12000274658203,70.37000274658203,165700
10-02-2023,70.25,70.8499984741211,70.02999877929688,70.11000061035156,142900
13-02-2023,70.16999816894531,71.13999938964844,69.62999725341797,70.86000061035156,121600
14-02-2023,71.36000061035156,71.36000061035156,69.61000061035156,69.91000366210938,169600
15-02-2023,69.56999969482422,70.20999908447266,69.27999877929688,70.12000274658203,329200
16-02-2023,69.25,70.55999755859375,68.05000305175781,69.73999786376953,242300
17-02-2023,70.02999877929688,70.51000213623047,69.44000244140625,69.97000122070312,187400
21-02-2023,69.25,69.63999938964844,68.30000305175781,69.51000213623047,294000
22-02-2023,69.5,70.1500015258789,68.58999633789062,68.8499984741211,385900
23-02-2023,70.37000274658203,71.61000061035156,68.5199966430664,71.43000030517578,342600
24-02-2023,70.70999908447266,71.79000091552734,69.73999786376953,70.66000366210938,257400
27-02-2023,71.04000091552734,71.58000183105469,70.37999725341797,70.37999725341797,226900
28-02-2023,70.05000305175781,71.33999633789062,70.05000305175781,70.58000183105469,419600
01-03-2023,70.33000183105469,70.5,69.05000305175781,69.12999725341797,230300
02-03-2023,68.79000091552734,70.13999938964844,68.19000244140625,69.87000274658203,254200
03-03-2023,70.56999969482422,70.56999969482422,69.27999877929688,70.06999969482422,269500
06-03-2023,69.79000091552734,70.06999969482422,66.19999694824219,66.94999694824219,374300
07-03-2023,67.08000183105469,67.26000213623047,65.7300033569336,66.12999725341797,403800
08-03-2023,66.36000061035156,67.18000030517578,65.6500015258789,66.7300033569336,243400
09-03-2023,67.0,67.12000274658203,65.68000030517578,66.5,279400
10-03-2023,66.30999755859375,67.16999816894531,65.22000122070312,67.06999969482422,441900
13-03-2023,66.41999816894531,68.12999725341797,66.37000274658203,67.08000183105469,271100
14-03-2023,68.0,69.27999877929688,67.0,68.94999694824219,295200
15-03-2023,67.87999725341797,68.51000213623047,67.0199966430664,68.02999877929688,289700
16-03-2023,67.27999877929688,71.18000030517578,65.5999984741211,70.95999908447266,369000
17-03-2023,70.80000305175781,70.97000122070312,69.27999877929688,69.55999755859375,842100
20-03-2023,70.08999633789062,71.5999984741211,69.88999938964844,71.06999969482422,309500
21-03-2023,71.58999633789062,71.94000244140625,69.98999786376953,70.80999755859375,286100
22-03-2023,70.22000122070312,72.0199966430664,70.22000122070312,70.5199966430664,199600
23-03-2023,70.95999908447266,72.16999816894531,70.4800033569336,70.91999816894531,216400
24-03-2023,70.61000061035156,72.2300033569336,70.05999755859375,72.08000183105469,183900
27-03-2023,72.58000183105469,73.0999984741211,71.80000305175781,72.62999725341797,130700
28-03-2023,72.22000122070312,72.70999908447266,71.70999908447266,72.2300033569336,172900
29-03-2023,72.58999633789062,72.88999938964844,71.94000244140625,72.41999816894531,170000
30-03-2023,72.69000244140625,73.05999755859375,72.0199966430664,72.97000122070312,160400
31-03-2023,73.30999755859375,74.20999908447266,73.02999877929688,73.94999694824219,325300
03-04-2023,73.7699966430664,74.30000305175781,73.08000183105469,74.02999877929688,332600
04-04-2023,73.68000030517578,74.76000213623047,73.33999633789062,74.76000213623047,178700
05-04-2023,74.61000061035156,75.33999633789062,74.44999694824219,75.0999984741211,195200
06-04-2023,75.06999969482422,75.48999786376953,74.27999877929688,74.91999816894531,144200
10-04-2023,74.22000122070312,75.81999969482422,74.19999694824219,75.58000183105469,397500
11-04-2023,75.7300033569336,77.1500015258789,75.7300033569336,76.66000366210938,284300
12-04-2023,76.91999816894531,76.95999908447266,75.87999725341797,75.98999786376953,159400
13-04-2023,76.37000274658203,77.48999786376953,72.51000213623047,77.23999786376953,193900
14-04-2023,77.0999984741211,77.48999786376953,76.48999786376953,77.47000122070312,151000
17-04-2023,77.68000030517578,77.69999694824219,75.62000274658203,76.08000183105469,299500
18-04-2023,76.08999633789062,76.37999725341797,75.01000213623047,76.05999755859375,227600
19-04-2023,76.83999633789062,78.31999969482422,76.47000122070312,77.61000061035156,358100
20-04-2023,77.4000015258789,78.20999908447266,76.93000030517578,77.43000030517578,236300
21-04-2023,77.58000183105469,78.7300033569336,77.36000061035156,78.25,195200
24-04-2023,78.37999725341797,79.18000030517578,78.18000030517578,79.0,184400
25-04-2023,79.18000030517578,79.18000030517578,77.70999908447266,78.11000061035156,233300
26-04-2023,77.29000091552734,77.91000366210938,76.31999969482422,77.66999816894531,229700
27-04-2023,80.0,82.98999786376953,79.5999984741211,81.76000213623047,845100
28-04-2023,81.58000183105469,82.4800033569336,81.08000183105469,81.29000091552734,355000
01-05-2023,81.16999816894531,82.36000061035156,80.5199966430664,82.12000274658203,285900
02-05-2023,81.9800033569336,82.1500015258789,80.91999816894531,81.7699966430664,337700
03-05-2023,82.26000213623047,83.7300033569336,81.77999877929688,83.38999938964844,369300
04-05-2023,82.80999755859375,83.91000366210938,82.2300033569336,83.33999633789062,240600
05-05-2023,84.0199966430664,85.08000183105469,83.83999633789062,84.81999969482422,206400
08-05-2023,84.76000213623047,84.9000015258789,83.94000244140625,84.83999633789062,178300
09-05-2023,84.45999908447266,85.38999938964844,84.16999816894531,84.5999984741211,202500
10-05-2023,85.37999725341797,85.37999725341797,83.94999694824219,84.52999877929688,183700
11-05-2023,83.95999908447266,84.4800033569336,83.5,83.9800033569336,236200
12-05-2023,83.9800033569336,84.33999633789062,83.13999938964844,84.05000305175781,215100
15-05-2023,84.12000274658203,84.87999725341797,83.66000366210938,84.13999938964844,143900
16-05-2023,83.55000305175781,84.5,83.16999816894531,84.05000305175781,151700
17-05-2023,84.33000183105469,84.52999877929688,82.8499984741211,83.94000244140625,196900
18-05-2023,83.72000122070312,84.44999694824219,83.23999786376953,83.98999786376953,134900
19-05-2023,84.6500015258789,85.16000366210938,84.13999938964844,84.58999633789062,282300
22-05-2023,84.44000244140625,85.0999984741211,84.12999725341797,84.44000244140625,150300
23-05-2023,84.19999694824219,84.30000305175781,80.2300033569336,80.66000366210938,344300
24-05-2023,80.69000244140625,81.61000061035156,79.76000213623047,80.51000213623047,251100
25-05-2023,80.01000213623047,81.05999755859375,79.6500015258789,80.94999694824219,216400
26-05-2023,81.16999816894531,81.87000274658203,80.72000122070312,81.44000244140625,120500
30-05-2023,81.30999755859375,81.87000274658203,81.05999755859375,81.44000244140625,135500
31-05-2023,81.45999908447266,82.7699966430664,80.93000030517578,82.4000015258789,269600
01-06-2023,82.12000274658203,82.95999908447266,81.08000183105469,82.88999938964844,181800
02-06-2023,83.19000244140625,84.52999877929688,82.18000030517578,84.3499984741211,221000
05-06-2023,84.48999786376953,84.48999786376953,82.56999969482422,83.94999694824219,146300
06-06-2023,83.72000122070312,84.7300033569336,83.26000213623047,84.41999816894531,233000
07-06-2023,84.63999938964844,85.62000274658203,84.05999755859375,85.23999786376953,240300
08-06-2023,84.91000366210938,85.44999694824219,83.91000366210938,84.26000213623047,245000
09-06-2023,84.88999938964844,84.94999694824219,83.22000122070312,83.69000244140625,158300
12-06-2023,83.62999725341797,83.66000366210938,82.6500015258789,83.0999984741211,221900
13-06-2023,83.02999877929688,83.95999908447266,82.29000091552734,82.31999969482422,320000
14-06-2023,82.69999694824219,84.44999694824219,82.2300033569336,82.94000244140625,724700
15-06-2023,82.68000030517578,83.30999755859375,81.5999984741211,82.19000244140625,269000
16-06-2023,83.06999969482422,83.5,81.58000183105469,83.27999877929688,851300
20-06-2023,83.12000274658203,83.6500015258789,82.44999694824219,82.91000366210938,413100
21-06-2023,82.91000366210938,83.33000183105469,82.18000030517578,82.63999938964844,326400
22-06-2023,82.83999633789062,83.93000030517578,82.5199966430664,83.66999816894531,217900
23-06-2023,83.13999938964844,83.62000274658203,81.88999938964844,82.16999816894531,842400
26-06-2023,82.04000091552734,83.02999877929688,81.61000061035156,82.30000305175781,233200
27-06-2023,82.26000213623047,82.80000305175781,81.93000030517578,82.47000122070312,149000
28-06-2023,82.5,82.7699966430664,82.11000061035156,82.33999633789062,140400
29-06-2023,82.08999633789062,84.05000305175781,82.05000305175781,83.41999816894531,243400
30-06-2023,83.93000030517578,84.33999633789062,83.47000122070312,83.63999938964844,440000
03-07-2023,83.37999725341797,83.37999725341797,82.0199966430664,82.51000213623047,104700
05-07-2023,82.37999725341797,82.37999725341797,80.63999938964844,80.91999816894531,225800
06-07-2023,80.33999633789062,80.44999694824219,79.26000213623047,79.4000015258789,250900
07-07-2023,79.4000015258789,80.41000366210938,79.33000183105469,79.61000061035156,436500
10-07-2023,79.33999633789062,81.87000274658203,79.33999633789062,81.48999786376953,247300
11-07-2023,81.48999786376953,82.55000305175781,81.1500015258789,82.26000213623047,234100
12-07-2023,83.02999877929688,84.52999877929688,82.68000030517578,84.11000061035156,478300
13-07-2023,84.5,84.72000122070312,83.27999877929688,84.26000213623047,258800
14-07-2023,84.23999786376953,85.18000030517578,83.75,84.7300033569336,230900
17-07-2023,84.45999908447266,84.9800033569336,83.87000274658203,84.16999816894531,215700
18-07-2023,84.16999816894531,84.37000274658203,83.44000244140625,83.68000030517578,245600
19-07-2023,83.55000305175781,84.20999908447266,81.08000183105469,82.38999938964844,400300
20-07-2023,82.62999725341797,83.0999984741211,81.91999816894531,81.95999908447266,243900
21-07-2023,82.44999694824219,83.58999633789062,81.86000061035156,82.0,322100
24-07-2023,81.69000244140625,81.7300033569336,80.12000274658203,80.19000244140625,272800
25-07-2023,79.8499984741211,81.8499984741211,79.80999755859375,81.52999877929688,402500
26-07-2023,78.0,78.0,72.20999908447266,72.5,1222300
27-07-2023,73.33999633789062,74.6500015258789,72.30000305175781,72.37999725341797,637000
28-07-2023,72.47000122070312,73.58999633789062,72.19000244140625,73.5,436100
31-07-2023,73.58999633789062,75.0,73.31999969482422,74.66999816894531,442300
01-08-2023,74.20999908447266,74.4800033569336,73.76000213623047,74.06999969482422,273400
02-08-2023,73.52999877929688,74.4000015258789,73.01000213623047,73.6500015258789,372700
03-08-2023,73.12999725341797,73.45999908447266,71.37000274658203,72.19999694824219,303300
04-08-2023,72.20999908447266,72.86000061035156,71.79000091552734,71.9000015258789,384900
07-08-2023,71.86000061035156,72.5,71.02999877929688,71.30999755859375,357000
08-08-2023,70.36000061035156,71.18000030517578,69.0199966430664,69.88999938964844,299600
09-08-2023,69.80000305175781,70.0199966430664,68.94000244140625,69.41000366210938,484100
10-08-2023,69.61000061035156,69.91999816894531,68.8499984741211,68.93000030517578,315500
11-08-2023,68.8499984741211,69.43000030517578,68.33999633789062,68.70999908447266,434000
14-08-2023,68.58000183105469,68.93000030517578,68.08999633789062,68.29000091552734,304200
15-08-2023,68.1500015258789,68.48999786376953,67.95999908447266,68.38999938964844,238300
16-08-2023,68.33000183105469,68.73999786376953,67.25,67.29000091552734,250600
17-08-2023,67.48999786376953,68.06999969482422,67.0199966430664,67.6500015258789,241400
18-08-2023,67.58000183105469,68.44000244140625,67.36000061035156,67.97000122070312,373200
21-08-2023,67.98999786376953,68.56999969482422,67.3499984741211,67.80000305175781,220800
22-08-2023,67.98999786376953,68.83999633789062,67.77999877929688,68.80000305175781,189600
23-08-2023,69.12000274658203,69.63999938964844,68.66999816894531,69.11000061035156,239900
24-08-2023,68.8499984741211,69.01000213623047,67.0,67.06999969482422,241700
25-08-2023,67.02999877929688,67.41999816894531,66.1500015258789,67.19000244140625,391800
28-08-2023,67.27999877929688,68.20999908447266,65.75,65.91000366210938,322300
29-08-2023,66.01000213623047,66.80999755859375,65.5,66.63999938964844,199200
30-08-2023,66.63999938964844,66.73999786376953,65.98999786376953,66.16999816894531,258500
31-08-2023,66.22000122070312,66.27999877929688,65.08000183105469,65.27999877929688,345900
01-09-2023,65.62999725341797,65.86000061035156,65.05000305175781,65.30000305175781,289400
05-09-2023,65.0999984741211,65.63999938964844,62.7400016784668,63.900001525878906,358200
06-09-2023,64.25,64.80000305175781,63.77000045776367,64.7699966430664,344000
07-09-2023,64.7699966430664,64.9000015258789,63.02000045776367,63.36000061035156,246500
08-09-2023,63.27000045776367,64.33999633789062,62.66999816894531,63.619998931884766,272700
11-09-2023,63.65999984741211,66.54000091552734,63.619998931884766,65.97000122070312,655700
12-09-2023,65.88999938964844,66.47000122070312,65.05000305175781,66.12999725341797,401000
13-09-2023,65.94000244140625,68.0199966430664,65.80999755859375,67.76000213623047,481100
14-09-2023,67.9000015258789,68.7699966430664,67.62999725341797,68.31999969482422,500000
15-09-2023,68.37000274658203,68.55000305175781,67.08999633789062,68.16000366210938,1009500
18-09-2023,68.16999816894531,69.13999938964844,67.55999755859375,68.62000274658203,233200
19-09-2023,68.5999984741211,69.6500015258789,68.04000091552734,69.18000030517578,312800
20-09-2023,69.51000213623047,69.95999908447266,67.9000015258789,68.5,429700
21-09-2023,67.9000015258789,68.68000030517578,66.26000213623047,67.98999786376953,322700
22-09-2023,67.80000305175781,68.94000244140625,67.7699966430664,68.12000274658203,283500
25-09-2023,67.69000244140625,68.47000122070312,67.30000305175781,68.37999725341797,253500
26-09-2023,67.91000366210938,68.44000244140625,67.2300033569336,67.33000183105469,322700
27-09-2023,67.73999786376953,68.19999694824219,67.27999877929688,67.97000122070312,217200
28-09-2023,68.20999908447266,70.05999755859375,66.8499984741211,69.41999816894531,539200
29-09-2023,69.4800033569336,70.58000183105469,68.80000305175781,69.0199966430664,451100
02-10-2023,68.75,68.86000061035156,66.83000183105469,67.2300033569336,423500
03-10-2023,67.19999694824219,67.73999786376953,66.62999725341797,67.2699966430664,223000
04-10-2023,67.58999633789062,67.75,66.55000305175781,66.8499984741211,234300
05-10-2023,66.31999969482422,67.0199966430664,65.88999938964844,66.70999908447266,244100
06-10-2023,66.69999694824219,67.95999908447266,66.5199966430664,67.75,173500
09-10-2023,67.18000030517578,68.19999694824219,66.80999755859375,68.13999938964844,145300
10-10-2023,68.48999786376953,69.56999969482422,68.05999755859375,68.61000061035156,261500
11-10-2023,68.44000244140625,68.62999725341797,64.73999786376953,65.70999908447266,435400
12-10-2023,65.70999908447266,65.70999908447266,62.619998931884766,62.91999816894531,349200
13-10-2023,62.91999816894531,64.73999786376953,62.58000183105469,64.62999725341797,304400
16-10-2023,65.08000183105469,66.19999694824219,64.62000274658203,66.05000305175781,258500
17-10-2023,65.44999694824219,66.98999786376953,65.16000366210938,65.9800033569336,264500
18-10-2023,65.87000274658203,66.83999633789062,64.83000183105469,66.0,159400
19-10-2023,66.0,66.37999725341797,64.70999908447266,64.72000122070312,262700
20-10-2023,64.98999786376953,65.77999877929688,64.70999908447266,64.83000183105469,268700
23-10-2023,64.87999725341797,65.81999969482422,64.54000091552734,64.7300033569336,304400
24-10-2023,65.02999877929688,66.18000030517578,64.73999786376953,65.29000091552734,244100
25-10-2023,65.04000091552734,65.27999877929688,63.56999969482422,64.04000091552734,289200
26-10-2023,64.16000366210938,64.69000244140625,63.29999923706055,63.4900016784668,382900
27-10-2023,67.0,69.2699966430664,63.130001068115234,69.0,857400
30-10-2023,69.12999725341797,69.12999725341797,66.25,66.44999694824219,494800
31-10-2023,66.7300033569336,68.83000183105469,66.7300033569336,68.73999786376953,281300
01-11-2023,68.73999786376953,71.36000061035156,68.55999755859375,71.05999755859375,431100
02-11-2023,71.45999908447266,71.62999725341797,69.9000015258789,70.62999725341797,273000
03-11-2023,71.80999755859375,72.27999877929688,70.9800033569336,71.8499984741211,311200
06-11-2023,71.58999633789062,71.58999633789062,70.48999786376953,71.13999938964844,301300
07-11-2023,70.9800033569336,71.98999786376953,70.6500015258789,71.68000030517578,272300
08-11-2023,71.75,72.06999969482422,70.80000305175781,71.27999877929688,224700
09-11-2023,71.2699966430664,71.4800033569336,68.7699966430664,69.7699966430664,222800
10-11-2023,70.11000061035156,70.19999694824219,68.87999725341797,69.63999938964844,165300
13-11-2023,70.2699966430664,71.83999633789062,69.9000015258789,70.94000244140625,272400
14-11-2023,72.68000030517578,73.47000122070312,72.01000213623047,73.43000030517578,202700
15-11-2023,72.91000366210938,73.83999633789062,71.97000122070312,72.13999938964844,262900
16-11-2023,72.58000183105469,72.69000244140625,71.5199966430664,71.5999984741211,172200
17-11-2023,71.91000366210938,72.98999786376953,71.25,71.37000274658203,249600
20-11-2023,71.56999969482422,72.02999877929688,71.22000122070312,71.80999755859375,144300
21-11-2023,71.61000061035156,71.83000183105469,71.23999786376953,71.73999786376953,127300
22-11-2023,72.26000213623047,72.69999694824219,71.31999969482422,71.66999816894531,129800
24-11-2023,71.91999816894531,72.51000213623047,71.63999938964844,72.31999969482422,58900
27-11-2023,72.12000274658203,72.12000274658203,71.56999969482422,71.7699966430664,134000
28-11-2023,71.5999984741211,71.5999984741211,70.44999694824219,70.52999877929688,133600
29-11-2023,70.95999908447266,71.29000091552734,70.36000061035156,70.66000366210938,172600
30-11-2023,70.70999908447266,71.72000122070312,69.86000061035156,71.55999755859375,253100
01-12-2023,71.5,72.91000366210938,71.12999725341797,72.70999908447266,262600
04-12-2023,72.3499984741211,73.95999908447266,72.27999877929688,73.94000244140625,300400
05-12-2023,69.5,69.5,65.5,65.52999877929688,2553100
06-12-2023,66.5999984741211,68.5999984741211,65.45999908447266,68.58999633789062,3703600
07-12-2023,68.76000213623047,69.77999877929688,68.13999938964844,69.61000061035156,1099400
08-12-2023,69.80999755859375,70.08999633789062,69.43000030517578,69.81999969482422,646500
11-12-2023,70.0199966430664,70.4800033569336,68.37999725341797,68.77999877929688,537500
12-12-2023,69.19999694824219,69.72000122070312,67.80999755859375,69.0,540500
13-12-2023,68.5199966430664,71.93000030517578,68.30000305175781,71.91999816894531,518600
14-12-2023,72.94000244140625,73.45999908447266,71.23999786376953,71.9800033569336,1077100
15-12-2023,72.22000122070312,72.83999633789062,71.13999938964844,71.55999755859375,1190600
18-12-2023,71.95999908447266,72.04000091552734,70.68000030517578,71.25,302300
19-12-2023,71.25,72.01000213623047,70.30999755859375,71.02999877929688,668100
20-12-2023,71.2699966430664,72.77999877929688,70.51000213623047,71.66999816894531,463100
21-12-2023,75.0,75.80999755859375,73.5199966430664,75.02999877929688,597200
22-12-2023,75.1500015258789,76.22000122070312,75.0,75.58999633789062,457400
26-12-2023,75.72000122070312,76.55999755859375,75.43000030517578,76.5199966430664,406800
27-12-2023,76.73999786376953,77.30000305175781,76.19000244140625,76.69999694824219,269100
28-12-2023,76.5999984741211,77.33999633789062,76.5,76.55999755859375,585500
29-12-2023,76.2699966430664,76.66999816894531,75.56999969482422,75.95999908447266,225500
02-01-2024,75.5,76.98999786376953,74.5199966430664,76.37999725341797,1257600
03-01-2024,76.3499984741211,76.62000274658203,74.20999908447266,74.80000305175781,1196800
04-01-2024,75.12000274658203,76.12999725341797,74.3499984741211,75.58999633789062,1325300
05-01-2024,75.4800033569336,76.1500015258789,75.0,75.36000061035156,913400
08-01-2024,75.91000366210938,78.04000091552734,75.66000366210938,77.87999725341797,968100
09-01-2024,77.27999877929688,78.72000122070312,77.05999755859375,77.98999786376953,1186600
10-01-2024,77.88999938964844,79.5199966430664,77.5199966430664,79.2699966430664,680600
11-01-2024,79.33999633789062,79.61000061035156,78.05999755859375,78.37000274658203,393200
12-01-2024,79.47000122070312,79.87000274658203,78.5,79.0,463400
16-01-2024,78.43000030517578,78.7300033569336,77.87000274658203,78.0,444200
17-01-2024,77.41000366210938,78.31999969482422,77.0,77.95999908447266,706100
18-01-2024,78.33000183105469,78.83000183105469,77.51000213623047,78.51000213623047,771200
19-01-2024,78.83000183105469,79.0199966430664,76.98999786376953,79.0,901800
22-01-2024,79.66999816894531,81.37999725341797,79.58000183105469,81.25,727100
23-01-2024,81.52999877929688,81.87999725341797,79.9800033569336,81.0,695900
24-01-2024,81.5199966430664,81.98999786376953,79.83999633789062,79.87999725341797,951700
25-01-2024,80.69000244140625,81.4000015258789,77.98999786376953,78.2300033569336,915600
26-01-2024,78.5,78.5,77.36000061035156,78.12000274658203,288400
29-01-2024,78.18000030517578,80.31999969482422,77.91000366210938,80.26000213623047,430500
30-01-2024,80.23999786376953,80.43000030517578,78.9000015258789,79.01000213623047,273100
31-01-2024,79.4000015258789,80.01000213623047,78.29000091552734,78.30000305175781,338600
01-02-2024,78.56999969482422,80.08000183105469,77.3499984741211,80.02999877929688,466500
02-02-2024,79.2699966430664,79.97000122070312,78.2300033569336,79.30999755859375,291300
05-02-2024,78.6500015258789,79.93000030517578,78.33999633789062,78.36000061035156,313800
06-02-2024,78.27999877929688,79.27999877929688,77.80000305175781,78.62000274658203,310800
07-02-2024,78.61000061035156,78.6500015258789,77.4000015258789,77.80000305175781,292500
08-02-2024,77.45999908447266,79.41999816894531,77.08999633789062,79.19999694824219,452700
09-02-2024,79.5,80.5199966430664,79.31999969482422,79.9800033569336,512500
12-02-2024,79.7699966430664,80.66000366210938,79.25,79.97000122070312,305600
13-02-2024,78.2699966430664,79.95999908447266,77.37000274658203,78.55999755859375,631700
14-02-2024,79.30000305175781,79.55999755859375,78.27999877929688,79.37000274658203,411600
15-02-2024,80.08999633789062,80.30000305175781,79.2300033569336,79.56999969482422,289600
16-02-2024,79.19999694824219,81.0999984741211,78.72000122070312,79.44999694824219,307000
20-02-2024,78.61000061035156,80.18000030517578,78.61000061035156,79.94999694824219,538400
21-02-2024,79.37000274658203,79.72000122070312,78.61000061035156,79.30999755859375,706500
22-02-2024,79.12999725341797,79.91000366210938,78.81999969482422,79.80000305175781,321800
23-02-2024,79.63999938964844,80.7300033569336,79.41000366210938,79.80999755859375,301100
26-02-2024,79.4800033569336,80.87999725341797,79.0999984741211,79.77999877929688,169400
27-02-2024,80.31999969482422,80.98999786376953,79.6500015258789,80.4800033569336,280200
28-02-2024,80.29000091552734,80.93000030517578,79.33999633789062,80.12999725341797,540100
29-02-2024,81.1500015258789,81.1500015258789,75.01000213623047,76.19999694824219,938100
01-03-2024,76.72000122070312,76.94000244140625,75.62999725341797,76.26000213623047,441200
04-03-2024,75.9000015258789,76.77999877929688,75.77999877929688,76.51000213623047,517000
05-03-2024,76.61000061035156,76.8499984741211,75.0,75.11000061035156,656000
06-03-2024,75.48999786376953,75.48999786376953,74.48999786376953,74.8499984741211,333500
07-03-2024,75.25,76.2699966430664,75.11000061035156,75.37000274658203,371800
08-03-2024,75.75,76.98999786376953,75.19000244140625,75.19999694824219,305200
11-03-2024,74.94999694824219,75.63999938964844,74.12999725341797,74.61000061035156,553100
12-03-2024,74.31999969482422,74.61000061035156,73.22000122070312,73.91000366210938,702600
13-03-2024,73.80000305175781,74.05000305175781,72.58000183105469,73.01000213623047,379500
14-03-2024,72.73999786376953,72.73999786376953,71.36000061035156,71.93000030517578,604300
15-03-2024,71.44999694824219,72.12000274658203,70.86000061035156,71.86000061035156,734100
18-03-2024,71.69999694824219,72.91999816894531,70.94999694824219,72.19999694824219,325200
19-03-2024,72.47000122070312,73.4800033569336,71.69999694824219,73.0999984741211,345500
20-03-2024,72.91000366210938,73.29000091552734,72.33000183105469,72.88999938964844,419500
21-03-2024,73.33000183105469,73.68000030517578,72.48999786376953,73.06999969482422,316700
22-03-2024,72.62000274658203,73.11000061035156,72.08999633789062,72.30999755859375,304600
25-03-2024,72.44999694824219,73.01000213623047,72.19000244140625,72.79000091552734,313000
26-03-2024,73.19000244140625,73.47000122070312,72.45999908447266,72.91000366210938,453200
27-03-2024,73.58000183105469,75.5199966430664,73.58000183105469,75.45999908447266,488300
28-03-2024,75.48999786376953,76.37000274658203,75.12999725341797,75.75,314300
01-04-2024,75.93000030517578,76.36000061035156,74.7300033569336,75.12999725341797,307700
02-04-2024,74.44000244140625,74.44000244140625,71.95999908447266,72.29000091552734,410300
03-04-2024,72.4000015258789,73.36000061035156,72.02999877929688,72.8499984741211,270600
04-04-2024,73.43000030517578,73.93000030517578,71.81999969482422,71.94000244140625,509600
05-04-2024,71.75,72.80000305175781,71.5199966430664,72.3499984741211,258800
08-04-2024,72.58000183105469,73.16000366210938,72.11000061035156,73.08000183105469,441800
09-04-2024,72.94000244140625,73.5199966430664,71.95999908447266,72.51000213623047,266700
10-04-2024,71.54000091552734,72.56999969482422,71.41000366210938,71.94999694824219,345000
11-04-2024,73.06999969482422,74.08999633789062,72.19999694824219,73.56999969482422,264500
12-04-2024,73.05999755859375,73.80999755859375,71.72000122070312,72.62999725341797,243900
15-04-2024,73.0,73.62999725341797,71.69999694824219,71.95999908447266,381600
16-04-2024,71.94000244140625,72.91000366210938,71.29000091552734,72.75,174900
17-04-2024,72.87999725341797,72.97000122070312,71.27999877929688,71.51000213623047,287600
18-04-2024,71.51000213623047,72.05999755859375,70.81999969482422,70.98999786376953,270000
19-04-2024,70.69999694824219,72.62999725341797,70.69999694824219,72.02999877929688,533900
22-04-2024,72.12000274658203,73.38999938964844,71.56999969482422,73.25,289000
23-04-2024,73.44000244140625,75.04000091552734,73.44000244140625,74.18000030517578,381100
24-04-2024,73.69000244140625,74.63999938964844,73.37000274658203,74.02999877929688,248100
25-04-2024,73.58000183105469,74.2300033569336,72.80999755859375,73.37999725341797,341500
26-04-2024,73.4000015258789,74.20999908447266,73.4000015258789,73.77999877929688,283400
29-04-2024,73.68000030517578,75.19000244140625,73.68000030517578,75.08999633789062,260100
30-04-2024,74.54000091552734,75.12000274658203,73.66999816894531,74.0999984741211,592600
01-05-2024,74.66000366210938,78.56999969482422,74.06999969482422,76.62999725341797,830300
02-05-2024,76.66000366210938,78.12000274658203,76.5199966430664,77.0199966430664,493100
03-05-2024,77.22000122070312,79.11000061035156,76.94999694824219,78.97000122070312,263100
06-05-2024,79.30999755859375,79.7300033569336,78.7300033569336,79.51000213623047,307400
07-05-2024,79.79000091552734,81.54000091552734,79.55000305175781,80.44000244140625,321700
08-05-2024,79.80999755859375,80.41999816894531,78.88999938964844,79.11000061035156,325900
09-05-2024,79.43000030517578,80.61000061035156,79.4000015258789,80.11000061035156,218200
10-05-2024,80.3499984741211,81.0199966430664,80.06999969482422,80.83000183105469,345000
13-05-2024,81.04000091552734,81.87000274658203,80.58000183105469,80.83000183105469,480500
14-05-2024,81.83000183105469,82.62000274658203,81.0199966430664,82.4000015258789,401700
15-05-2024,82.68000030517578,84.04000091552734,82.22000122070312,83.75,463100
16-05-2024,83.41999816894531,83.79000091552734,82.16000366210938,82.26000213623047,391500
17-05-2024,82.4000015258789,82.83000183105469,81.29000091552734,81.88999938964844,287500
20-05-2024,81.83999633789062,83.23999786376953,81.79000091552734,83.05999755859375,250900
21-05-2024,82.75,83.04000091552734,82.11000061035156,82.30999755859375,520800
22-05-2024,81.91000366210938,82.68000030517578,81.44999694824219,82.13999938964844,253200
23-05-2024,82.08000183105469,82.08000183105469,80.62000274658203,80.9000015258789,368900
24-05-2024,81.41999816894531,82.05999755859375,80.80000305175781,81.91999816894531,213800
28-05-2024,82.01000213623047,82.16999816894531,81.05999755859375,81.5,157000
29-05-2024,80.56999969482422,81.30000305175781,80.27999877929688,80.43000030517578,276300
30-05-2024,80.38999938964844,81.38999938964844,80.37999725341797,80.91000366210938,210700
31-05-2024,80.91000366210938,82.0,80.88999938964844,81.1500015258789,396300
03-06-2024,81.81999969482422,82.47000122070312,81.56999969482422,82.18000030517578,209500
04-06-2024,81.01000213623047,82.8499984741211,81.0,82.79000091552734,207600
05-06-2024,83.0,83.58000183105469,82.55999755859375,83.33000183105469,191700
06-06-2024,82.93000030517578,83.94000244140625,82.87000274658203,83.55999755859375,163600
07-06-2024,82.73999786376953,83.1500015258789,82.13999938964844,82.37999725341797,160200
10-06-2024,81.69999694824219,82.4000015258789,81.33000183105469,82.22000122070312,365600
11-06-2024,82.01000213623047,82.56999969482422,81.2699966430664,82.41000366210938,530900
12-06-2024,84.0,84.30999755859375,82.11000061035156,83.25,457300
13-06-2024,82.80000305175781,83.2300033569336,82.0999984741211,82.7300033569336,279000
14-06-2024,81.68000030517578,82.69000244140625,81.05000305175781,81.80000305175781,252000
17-06-2024,81.08000183105469,81.70999908447266,80.69999694824219,80.70999908447266,428600
18-06-2024,80.94999694824219,81.94999694824219,80.0199966430664,81.33999633789062,356900
20-06-2024,81.06999969482422,82.51000213623047,80.83999633789062,81.51000213623047,260500
21-06-2024,81.6500015258789,82.26000213623047,80.9800033569336,82.20999908447266,626500
24-06-2024,82.5199966430664,83.88999938964844,82.23999786376953,83.44000244140625,309100
25-06-2024,83.3499984741211,83.9800033569336,82.58000183105469,82.76000213623047,315200
26-06-2024,82.45999908447266,83.20999908447266,82.04000091552734,82.95999908447266,445200
27-06-2024,83.38999938964844,83.83000183105469,82.3499984741211,83.44000244140625,588600
28-06-2024,84.48999786376953,86.44000244140625,84.30000305175781,85.94999694824219,1366600
01-07-2024,85.7300033569336,86.38999938964844,85.08999633789062,85.63999938964844,626400
02-07-2024,86.86000061035156,87.44000244140625,85.9800033569336,86.5,409000
03-07-2024,86.88999938964844,86.88999938964844,85.58999633789062,85.8499984741211,170300
05-07-2024,85.58000183105469,86.37999725341797,85.45999908447266,85.52999877929688,305300
08-07-2024,86.01000213623047,86.29000091552734,84.26000213623047,84.38999938964844,429600
09-07-2024,84.51000213623047,86.63999938964844,84.51000213623047,85.94999694824219,624000
10-07-2024,86.25,87.44000244140625,85.66999816894531,87.19000244140625,443700
11-07-2024,88.05999755859375,88.36000061035156,86.97000122070312,87.33000183105469,311100
12-07-2024,88.12000274658203,88.29000091552734,86.20999908447266,86.33999633789062,354100
15-07-2024,86.63999938964844,87.69000244140625,85.2300033569336,85.6500015258789,345100
16-07-2024,86.58999633789062,87.77999877929688,86.12999725341797,87.05999755859375,625700
17-07-2024,86.76000213623047,88.8499984741211,86.55999755859375,86.63999938964844,421400
18-07-2024,86.48999786376953,87.91999816894531,84.95999908447266,85.4000015258789,472100
19-07-2024,85.83999633789062,86.16000366210938,84.33999633789062,85.48999786376953,379400
22-07-2024,85.68000030517578,86.0999984741211,85.19999694824219,85.77999877929688,450400
23-07-2024,85.80999755859375,87.08999633789062,85.77999877929688,86.52999877929688,409800
24-07-2024,86.26000213623047,87.83999633789062,85.1500015258789,87.0,388800
25-07-2024,87.05999755859375,87.87000274658203,84.98999786376953,85.0,307000
26-07-2024,85.55999755859375,85.94000244140625,84.68000030517578,85.5199966430664,293400
29-07-2024,85.79000091552734,85.87999725341797,83.41999816894531,85.63999938964844,441200
30-07-2024,86.05000305175781,86.7300033569336,84.73999786376953,85.0,381400
31-07-2024,85.26000213623047,86.0999984741211,84.0,85.29000091552734,702100
01-08-2024,84.80999755859375,85.9800033569336,83.0999984741211,84.12000274658203,519000
02-08-2024,87.05999755859375,90.5999984741211,82.62000274658203,88.73999786376953,1093200
05-08-2024,86.36000061035156,89.47000122070312,86.19999694824219,87.44000244140625,494900
06-08-2024,87.4000015258789,89.87000274658203,87.30000305175781,89.58000183105469,465600
07-08-2024,90.0,90.56999969482422,88.30999755859375,88.66000366210938,342100
08-08-2024,89.5,91.22000122070312,89.26000213623047,90.81999969482422,387200
09-08-2024,90.72000122070312,90.95999908447266,89.3499984741211,90.48999786376952,548000
12-08-2024,90.54000091552734,91.56999969482422,89.83999633789062,90.20999908447266,750400
13-08-2024,91.02999877929688,91.8499984741211,90.55999755859376,91.02999877929688,325200
14-08-2024,90.83999633789062,91.12000274658205,90.06999969482422,90.36000061035156,237000
15-08-2024,91.5,91.5,90.43000030517578,90.55999755859376,505000
16-08-2024,90.56999969482422,91.75,90.2300033569336,90.87000274658205,368100
19-08-2024,91.0500030517578,91.25,90.61000061035156,91.0199966430664,320600
20-08-2024,91.33999633789062,91.36000061035156,90.1500015258789,90.91999816894533,820800
21-08-2024,90.81999969482422,92.0,90.37000274658205,91.9499969482422,408300
22-08-2024,92.33999633789062,92.98999786376952,91.91999816894533,92.16999816894533,268900
23-08-2024,92.62999725341795,93.5,92.3499984741211,93.29000091552734,277800
26-08-2024,93.83000183105467,93.94000244140624,92.62999725341795,93.06999969482422,182300
27-08-2024,93.1500015258789,94.37000274658205,93.13999938964844,93.83000183105467,362900
28-08-2024,94.2699966430664,96.2300033569336,94.12000274658205,95.80999755859376,470300
29-08-2024,96.0,96.8499984741211,95.1999969482422,96.0,303200
30-08-2024,96.27999877929688,96.98999786376952,95.61000061035156,96.68000030517578,472900
03-09-2024,95.16000366210938,96.6999969482422,95.16000366210938,95.56999969482422,603100
04-09-2024,95.58000183105467,96.66999816894533,93.2699966430664,96.26000213623048,321700
05-09-2024,96.26000213623048,97.44000244140624,95.2699966430664,97.41000366210938,404700
06-09-2024,97.3499984741211,98.0199966430664,95.79000091552734,96.58000183105467,595300
09-09-2024,96.8499984741211,98.04000091552734,96.58000183105467,97.45999908447266,477500
10-09-2024,97.43000030517578,98.02999877929688,95.4499969482422,96.76000213623048,530900
11-09-2024,96.3000030517578,97.4000015258789,95.3000030517578,97.1500015258789,283700
12-09-2024,97.3000030517578,97.56999969482422,95.91999816894533,95.9800033569336,486400
13-09-2024,96.33999633789062,97.16000366210938,95.91000366210938,96.16000366210938,475700
16-09-2024,97.98999786376952,100.0999984741211,97.87000274658205,99.63999938964844,765700
17-09-2024,99.6500015258789,100.33000183105467,98.38999938964844,98.51000213623048,590000
18-09-2024,98.01000213623048,100.29000091552734,97.2699966430664,98.70999908447266,429500
19-09-2024,99.22000122070312,101.26000213623048,99.01000213623048,100.2300033569336,555900
20-09-2024,100.1999969482422,100.3000030517578,98.9000015258789,99.55999755859376,938300
23-09-2024,99.93000030517578,101.5999984741211,99.31999969482422,100.0,353700
24-09-2024,99.8499984741211,100.02999877929688,99.13999938964844,99.5999984741211,271200
25-09-2024,99.91999816894533,100.87999725341795,97.91999816894533,98.18000030517578,330900
26-09-2024,98.1999969482422,98.41000366210938,97.3000030517578,97.5500030517578,344700
27-09-2024,98.12999725341795,98.94000244140624,97.45999908447266,97.68000030517578,210800
30-09-2024,97.5500030517578,99.3499984741211,97.5199966430664,98.83000183105467,541100
01-10-2024,98.41000366210938,98.70999908447266,97.43000030517578,97.61000061035156,317400
02-10-2024,97.08999633789062,97.83000183105467,96.31999969482422,96.62000274658205,332800
03-10-2024,96.26000213623048,96.5999984741211,95.6999969482422,95.9000015258789,281200
04-10-2024,96.41000366210938,96.61000061035156,95.44000244140624,95.62999725341795,200900
07-10-2024,95.18000030517578,95.66000366210938,94.3499984741211,94.69000244140624,308300
08-10-2024,95.11000061035156,96.0,94.79000091552734,95.68000030517578,312000
09-10-2024,95.52999877929688,96.1999969482422,95.08000183105467,95.61000061035156,167200
10-10-2024,94.6999969482422,95.29000091552734,93.70999908447266,93.76000213623048,579800
11-10-2024,94.20999908447266,95.18000030517578,93.88999938964844,94.3499984741211,240000
14-10-2024,94.41999816894533,95.77999877929688,94.41999816894533,95.5199966430664,247700
15-10-2024,96.33000183105467,97.4800033569336,95.5,95.66999816894533,524400
16-10-2024,95.0,96.0199966430664,94.62000274658205,95.25,745600
17-10-2024,95.5999984741211,96.0,94.86000061035156,95.2699966430664,245900
18-10-2024,95.69000244140624,96.52999877929688,95.19000244140624,96.4800033569336,198100
21-10-2024,96.70999908447266,96.9499969482422,94.56999969482422,95.5,262400
22-10-2024,95.43000030517578,95.8000030517578,94.41999816894533,95.58999633789062,194700
23-10-2024,95.0999984741211,95.63999938964844,94.31999969482422,95.3499984741211,240300
24-10-2024,95.4499969482422,96.2300033569336,95.30999755859376,95.87000274658205,228500
25-10-2024,96.0999984741211,96.86000061035156,95.2699966430664,96.0,279200
28-10-2024,96.2300033569336,96.70999908447266,94.94000244140624,95.30999755859376,348400
29-10-2024,94.66999816894533,96.4499969482422,94.6500015258789,95.9000015258789,393000
30-10-2024,95.41000366210938,95.81999969482422,94.62999725341795,94.9000015258789,435800
31-10-2024,96.0,100.41000366210938,93.62000274658205,98.66000366210938,915700
01-11-2024,98.6500015258789,99.62000274658205,97.31999969482422,98.8000030517578,392700
04-11-2024,98.7300033569336,99.68000030517578,97.76000213623048,99.08000183105467,428000
05-11-2024,97.68000030517578,98.93000030517578,97.0500030517578,98.79000091552734,756400
06-11-2024,99.5,102.52999877929688,99.30999755859376,102.4800033569336,710800
07-11-2024,102.48999786376952,102.87999725341795,101.36000061035156,101.97000122070312,438300
08-11-2024,102.48999786376952,103.45999908447266,100.9499969482422,102.73999786376952,629800
11-11-2024,102.94000244140624,105.1500015258789,102.2300033569336,104.0999984741211,511400
12-11-2024,104.36000061035156,105.45999908447266,103.9000015258789,104.23999786376952,521200
13-11-2024,104.5,104.7300033569336,101.55999755859376,101.68000030517578,331300
14-11-2024,101.63999938964844,102.20999908447266,100.76000213623048,101.1999969482422,358800
15-11-2024,101.61000061035156,102.0999984741211,100.5999984741211,101.83000183105467,440400
18-11-2024,101.9499969482422,104.5,101.9499969482422,103.94000244140624,355600
19-11-2024,103.31999969482422,104.75,102.58000183105467,104.70999908447266,254600
20-11-2024,104.0500030517578,104.48999786376952,102.97000122070312,104.08000183105467,345200
21-11-2024,104.5500030517578,105.44000244140624,103.25,105.02999877929688,399300
22-11-2024,105.70999908447266,106.87000274658205,104.5199966430664,105.33000183105467,277300
25-11-2024,105.12000274658205,106.08999633789062,104.7699966430664,104.91999816894533,565300
26-11-2024,104.87999725341795,106.01000213623048,102.9800033569336,104.0,351400
27-11-2024,104.0199966430664,105.66000366210938,103.54000091552734,103.66000366210938,292600
29-11-2024,104.19000244140624,104.33999633789062,103.3499984741211,103.9000015258789,148800
02-12-2024,103.69000244140624,105.33999633789062,102.9499969482422,104.83000183105467,310300
03-12-2024,105.0999984741211,105.55999755859376,104.05999755859376,104.81999969482422,405500
04-12-2024,104.56999969482422,105.6999969482422,103.62000274658205,105.48999786376952,222700
05-12-2024,105.2300033569336,105.37000274658205,103.75,104.6999969482422,405000
06-12-2024,105.5999984741211,105.86000061035156,104.18000030517578,104.4000015258789,386500
09-12-2024,104.41000366210938,104.80999755859376,101.56999969482422,102.08999633789062,317600
10-12-2024,102.37000274658205,104.63999938964844,101.87999725341795,103.79000091552734,428000
11-12-2024,106.0,108.08000183105467,105.16000366210938,105.5199966430664,613100
12-12-2024,105.22000122070312,106.3000030517578,103.77999877929688,104.75,416800
13-12-2024,104.31999969482422,104.51000213623048,102.58000183105467,102.76000213623048,405500
16-12-2024,102.5199966430664,103.4800033569336,101.97000122070312,102.30999755859376,251900
17-12-2024,100.3499984741211,101.91000366210938,98.87000274658205,99.0,681600
18-12-2024,99.4499969482422,100.73999786376952,96.54000091552734,97.12999725341795,551700
19-12-2024,97.58000183105467,98.18000030517578,96.16999816894533,96.2699966430664,469000
20-12-2024,95.94000244140624,99.04000091552734,95.51000213623048,98.22000122070312,1448500
23-12-2024,98.08000183105467,98.33000183105467,96.63999938964844,97.61000061035156,324300
24-12-2024,97.52999877929688,98.20999908447266,96.79000091552734,98.08000183105467,166300
26-12-2024,97.76000213623048,98.69000244140624,97.51000213623048,98.44000244140624,227200
27-12-2024,98.23999786376952,98.61000061035156,96.68000030517578,97.3000030517578,282300
30-12-2024,97.20999908447266,97.66000366210938,95.8499984741211,96.5,388400
31-12-2024,96.73999786376952,97.52999877929688,96.41999816894533,96.72000122070312,681900
02-01-2025,96.95999908447266,97.86000061035156,95.44000244140624,96.06999969482422,378400
03-01-2025,96.06999969482422,96.66000366210938,95.27999877929688,95.88999938964844,448100
06-01-2025,95.73999786376952,96.69000244140624,95.30999755859376,96.0199966430664,718100
07-01-2025,95.9000015258789,96.77999877929688,95.26000213623048,95.86000061035156,450300
08-01-2025,95.73999786376952,99.33999633789062,95.38999938964844,98.13999938964844,434500
10-01-2025,96.98999786376952,98.20999908447266,96.0199966430664,96.16000366210938,444900
13-01-2025,95.2300033569336,96.1999969482422,94.87000274658205,95.63999938964844,363200
14-01-2025,98.38999938964844,100.0500030517578,96.98999786376952,99.88999938964844,990200
15-01-2025,100.62000274658205,101.9499969482422,100.30999755859376,101.52999877929688,431400
16-01-2025,101.30999755859376,102.23999786376952,100.22000122070312,102.06999969482422,316700
17-01-2025,102.01000213623048,103.2300033569336,101.70999908447266,102.9000015258789,1026200
21-01-2025,103.87000274658205,105.0,103.0,104.4000015258789,696300
22-01-2025,104.0,105.01000213623048,103.4000015258789,104.7300033569336,473100
23-01-2025,104.79000091552734,104.79000091552734,101.61000061035156,103.66999816894533,532000
24-01-2025,104.1500015258789,104.7699966430664,102.1999969482422,104.63999938964844,390400
27-01-2025,104.58000183105467,106.45999908447266,103.41999816894533,105.83000183105467,390000
28-01-2025,105.94000244140624,109.04000091552734,105.91999816894533,109.02999877929688,754300
29-01-2025,110.06999969482422,110.61000061035156,108.08000183105467,108.4800033569336,571800
30-01-2025,109.33999633789062,111.2699966430664,109.33999633789062,110.29000091552734,514300
31-01-2025,109.69000244140624,111.4499969482422,108.12999725341795,108.87999725341795,533000
03-02-2025,108.0,108.5,106.08999633789062,107.2699966430664,580000
04-02-2025,106.52999877929688,108.44000244140624,106.1500015258789,108.01000213623048,424800
05-02-2025,108.56999969482422,109.36000061035156,107.77999877929688,109.30999755859376,446900
06-02-2025,109.16999816894533,109.47000122070312,108.05999755859376,109.0500030517578,465400
07-02-2025,108.91000366210938,110.18000030517578,108.04000091552734,109.12000274658205,460500
10-02-2025,109.51000213623048,110.66999816894533,109.26000213623048,109.91999816894533,376500
11-02-2025,109.48999786376952,109.51000213623048,108.38999938964844,108.54000091552734,505800
12-02-2025,107.2300033569336,108.5500030517578,106.38999938964844,107.76000213623048,277800
13-02-2025,109.4499969482422,109.79000091552734,107.11000061035156,108.36000061035156,192200
14-02-2025,109.52999877929688,110.0999984741211,106.87000274658205,108.13999938964844,289000
18-02-2025,109.79000091552734,109.79000091552734,107.5500030517578,109.37999725341795,429000
19-02-2025,108.87000274658205,108.98999786376952,106.38999938964844,106.41000366210938,542200
20-02-2025,105.83000183105467,107.5,104.6500015258789,105.66000366210938,758400
21-02-2025,105.94000244140624,105.94000244140624,103.0500030517578,103.16000366210938,472300
24-02-2025,103.3499984741211,105.37999725341795,103.04000091552734,103.51000213623048,740300
25-02-2025,103.91000366210938,104.3000030517578,100.94000244140624,102.02999877929688,783500
26-02-2025,98.52999877929688,103.5500030517578,98.2699966430664,100.4499969482422,998800
27-02-2025,102.8499984741211,103.8499984741211,98.4000015258789,98.5,589100
28-02-2025,98.38999938964844,102.27999877929688,98.04000091552734,102.04000091552734,1315200
03-03-2025,101.9499969482422,105.72000122070312,101.9499969482422,103.02999877929688,1124000
04-03-2025,102.48999786376952,103.2300033569336,100.38999938964844,101.88999938964844,1053300
05-03-2025,101.83999633789062,104.9000015258789,101.70999908447266,104.8499984741211,777800
06-03-2025,103.44000244140624,104.31999969482422,101.51000213623048,101.7300033569336,607100
07-03-2025,101.16000366210938,101.63999938964844,98.08999633789062,99.9499969482422,571300
10-03-2025,98.91999816894533,100.29000091552734,96.54000091552734,97.11000061035156,889500
11-03-2025,97.20999908447266,99.16999816894533,97.20999908447266,98.4000015258789,631200
12-03-2025,99.11000061035156,99.33000183105467,96.54000091552734,98.37000274658205,377800
13-03-2025,98.37999725341795,98.5199966430664,96.6500015258789,97.66000366210938,655400
14-03-2025,98.41000366210938,99.13999938964844,97.9000015258789,98.94000244140624,380800
17-03-2025,98.55999755859376,100.93000030517578,98.45999908447266,100.69000244140624,1095500
18-03-2025,100.3000030517578,101.1500015258789,98.88999938964844,99.9499969482422,490100
19-03-2025,99.79000091552734,101.63999938964844,98.8499984741211,101.45999908447266,668800
20-03-2025,101.95999908447266,103.3000030517578,100.16000366210938,101.27999877929688,800100
21-03-2025,100.41000366210938,101.9800033569336,100.22000122070312,101.68000030517578,1239200
24-03-2025,102.95999908447266,104.94000244140624,102.86000061035156,104.68000030517578,523600
25-03-2025,104.61000061035156,105.77999877929688,103.9499969482422,104.73999786376952,549000
26-03-2025,104.73999786376952,105.62999725341795,103.5500030517578,103.6999969482422,450100
27-03-2025,103.58000183105467,104.26000213623048,102.7300033569336,103.2699966430664,321400
28-03-2025,103.80999755859376,104.29000091552734,101.91999816894533,103.94000244140624,569900
31-03-2025,102.0500030517578,105.80999755859376,100.2699966430664,105.70999908447266,1082600
01-04-2025,105.36000061035156,106.2699966430664,103.41999816894533,105.4499969482422,524600
02-04-2025,104.20999908447266,107.2699966430664,104.20999908447266,107.04000091552734,521700
03-04-2025,103.7300033569336,106.12000274658205,103.33000183105467,103.95999908447266,723100
04-04-2025,99.80999755859376,100.47000122070312,91.5999984741211,92.5,2000800
07-04-2025,90.0,95.66000366210938,88.55999755859375,92.51000213623048,1587700
08-04-2025,95.12999725341795,96.2699966430664,87.12999725341797,88.4800033569336,1177000
09-04-2025,87.47000122070312,96.1999969482422,85.45999908447266,95.79000091552734,1845500
10-04-2025,93.43000030517578,93.43000030517578,88.58999633789062,91.54000091552734,924100
11-04-2025,90.9499969482422,92.81999969482422,88.48999786376953,92.04000091552734,749200
14-04-2025,92.0500030517578,93.9499969482422,91.47000122070312,93.25,512200
15-04-2025,93.22000122070312,93.9499969482422,91.4000015258789,91.95999908447266,503100
16-04-2025,91.91999816894533,91.94000244140624,89.66000366210938,90.56999969482422,580600
17-04-2025,90.5500030517578,91.51000213623048,90.04000091552734,90.88999938964844,628500
21-04-2025,89.91999816894531,90.77999877929688,88.12000274658203,89.5999984741211,530600
22-04-2025,90.98999786376952,91.88999938964844,89.94999694824219,91.4499969482422,642900
23-04-2025,92.23999786376952,95.55999755859376,92.23999786376952,93.76000213623048,757800
24-04-2025,94.16000366210938,95.58999633789062,93.6500015258789,94.66999816894533,1368400
25-04-2025,91.0,98.26000213623048,91.0,94.61000061035156,1278100
28-04-2025,94.87000274658205,95.72000122070312,93.41000366210938,95.44000244140624,911600
29-04-2025,95.51000213623048,96.3499984741211,93.97000122070312,94.76000213623048,884000
30-04-2025,94.0500030517578,94.9800033569336,92.91999816894533,94.4499969482422,596100
01-05-2025,94.4499969482422,94.79000091552734,93.12000274658205,93.1999969482422,577100
02-05-2025,92.52999877929688,96.06999969482422,92.52999877929688,95.66000366210938,656500
05-05-2025,95.47000122070312,95.56999969482422,93.93000030517578,93.9499969482422,447800
06-05-2025,92.97000122070312,93.79000091552734,92.0,92.87000274658205,647100
07-05-2025,93.31999969482422,95.66000366210938,93.31999969482422,94.22000122070312,700200
08-05-2025,94.58000183105467,97.33000183105467,94.47000122070312,96.08999633789062,1297100
09-05-2025,96.20999908447266,96.63999938964844,95.1999969482422,95.83000183105467,694500
12-05-2025,99.20999908447266,100.19000244140624,98.0500030517578,98.7300033569336,963200
13-05-2025,99.48999786376952,99.48999786376952,97.25,97.61000061035156,400500
14-05-2025,97.01000213623048,97.58000183105467,96.56999969482422,97.01000213623048,699100
15-05-2025,96.76000213623048,98.25,96.1500015258789,97.56999969482422,440800
16-05-2025,97.36000061035156,98.93000030517578,97.36000061035156,98.83000183105467,723600
19-05-2025,97.6999969482422,99.25,97.2300033569336,98.0999984741211,364000
20-05-2025,98.3000030517578,98.93000030517578,97.69000244140624,98.80999755859376,926700
21-05-2025,98.06999969482422,100.0500030517578,96.30999755859376,96.48999786376952,440200
22-05-2025,95.87999725341795,96.0500030517578,94.30999755859376,95.11000061035156,542600
23-05-2025,93.86000061035156,95.5999984741211,93.86000061035156,95.37999725341795,401900
27-05-2025,95.8000030517578,97.18000030517578,95.5999984741211,96.5,376500
28-05-2025,96.0199966430664,96.52999877929688,94.12999725341795,94.43000030517578,617600
29-05-2025,94.86000061035156,94.9000015258789,93.95999908447266,94.81999969482422,347000
30-05-2025,94.3000030517578,95.27999877929688,93.87000274658205,95.02999877929688,539000
02-06-2025,94.51000213623048,95.37999725341795,91.73999786376952,93.63999938964844,482800
03-06-2025,93.37999725341795,94.69000244140624,93.0,94.5999984741211,460200
04-06-2025,94.1999969482422,94.5999984741211,93.66999816894533,94.26000213623048,387000
05-06-2025,94.6500015258789,95.66999816894533,93.83000183105467,95.20999908447266,386400
06-06-2025,96.0,96.26000213623048,94.38999938964844,95.27999877929688,488500
09-06-2025,95.31999969482422,95.69000244140624,94.3499984741211,94.83999633789062,367300
10-06-2025,95.06999969482422,95.81999969482422,94.5999984741211,95.16999816894533,713500
11-06-2025,95.22000122070312,95.87000274658205,94.02999877929688,94.4000015258789,442800
12-06-2025,93.94000244140624,94.2300033569336,92.58999633789062,93.58000183105467,496000
13-06-2025,92.61000061035156,94.16000366210938,92.30999755859376,92.97000122070312,619400
16-06-2025,93.3499984741211,94.20999908447266,92.9499969482422,93.7699966430664,488000
17-06-2025,93.01000213623048,94.41999816894533,92.58000183105467,92.9000015258789,500400
18-06-2025,92.62999725341795,94.2300033569336,92.4000015258789,92.9499969482422,336000
20-06-2025,93.75,93.76000213623048,91.8000030517578,91.9800033569336,960800
23-06-2025,91.91000366210938,92.66999816894533,91.12000274658205,92.31999969482422,537300
24-06-2025,93.0,93.36000061035156,91.44000244140624,93.26000213623048,580400
25-06-2025,93.22000122070312,93.63999938964844,92.61000061035156,92.6500015258789,525200
26-06-2025,92.6500015258789,93.04000091552734,91.8000030517578,92.8000030517578,462100
27-06-2025,92.97000122070312,93.81999969482422,92.52999877929688,93.5,1254100
30-06-2025,94.18000030517578,94.4000015258789,92.8499984741211,93.4800033569336,800400
01-07-2025,93.01000213623048,95.08999633789062,92.2699966430664,93.9800033569336,597700
02-07-2025,93.68000030517578,93.93000030517578,92.95999908447266,93.51000213623048,336900
03-07-2025,93.8000030517578,94.18000030517578,92.83000183105467,93.58000183105467,152000
07-07-2025,93.0999984741211,94.31999969482422,91.0199966430664,91.12000274658205,478700
08-07-2025,93.75,96.41999816894533,92.0500030517578,95.33999633789062,1005000
09-07-2025,95.2300033569336,96.12000274658205,94.37999725341795,96.01000213623048,448200
10-07-2025,95.68000030517578,96.73999786376952,95.12000274658205,95.16999816894533,352500
11-07-2025,94.5,94.62000274658205,93.0999984741211,93.48999786376952,448500
14-07-2025,93.31999969482422,94.11000061035156,92.83999633789062,93.4499969482422,406400
15-07-2025,93.8000030517578,94.27999877929688,92.68000030517578,93.5999984741211,644500
16-07-2025,93.77999877929688,93.77999877929688,83.7300033569336,83.94999694824219,3081900
17-07-2025,84.05999755859375,85.95999908447266,84.05000305175781,84.54000091552734,1158100
18-07-2025,85.31999969482422,85.41000366210938,82.87000274658203,83.0199966430664,532400
21-07-2025,83.05000305175781,84.37000274658203,82.8499984741211,83.98999786376953,985200
22-07-2025,84.23999786376953,85.31999969482422,83.77999877929688,84.47000122070312,660500
23-07-2025,85.05999755859375,85.5,83.68000030517578,85.05999755859375,634700
24-07-2025,85.19000244140625,85.95999908447266,84.16999816894531,84.22000122070312,403400
25-07-2025,84.69999694824219,84.88999938964844,83.68000030517578,84.69000244140625,538000
28-07-2025,84.80999755859375,85.6500015258789,84.2699966430664,84.45999908447266,731800
29-07-2025,84.95999908447266,85.0,82.83000183105469,82.87000274658203,759100
30-07-2025,82.80000305175781,83.7699966430664,82.1500015258789,82.95999908447266,1098300
31-07-2025,84.75,86.30999755859375,81.04000091552734,84.86000061035156,1767900
01-08-2025,83.77999877929688,85.58000183105469,83.77999877929688,84.77999877929688,699300
04-08-2025,84.86000061035156,85.44999694824219,84.36000061035156,85.37999725341797,485200
05-08-2025,85.31999969482422,85.47000122070312,84.37000274658203,84.48999786376953,367500
06-08-2025,84.1500015258789,85.16000366210938,83.33999633789062,83.55000305175781,628200
07-08-2025,84.37999725341797,85.80000305175781,84.05000305175781,85.6500015258789,493500
08-08-2025,85.63999938964844,86.05999755859375,85.12000274658203,85.58000183105469,407400
11-08-2025,85.38999938964844,85.66999816894531,83.38999938964844,84.04000091552734,445700
12-08-2025,84.51000213623047,85.29000091552734,84.0,84.76000213623047,435100
13-08-2025,85.0,86.3499984741211,84.91000366210938,86.1500015258789,466500
14-08-2025,85.95999908447266,85.95999908447266,84.66999816894531,85.22000122070312,290500
15-08-2025,85.66000366210938,85.9800033569336,84.9800033569336,85.51000213623047,558100
18-08-2025,85.44000244140625,86.87000274658203,85.11000061035156,86.16000366210938,401100
19-08-2025,86.26000213623047,87.20999908447266,85.80000305175781,87.1500015258789,301800
20-08-2025,87.05999755859375,88.3499984741211,86.9800033569336,87.36000061035156,672900
21-08-2025,87.08000183105469,87.5199966430664,86.54000091552734,86.62999725341797,413000
22-08-2025,87.22000122070312,89.56999969482422,86.66000366210938,89.44999694824219,438600
25-08-2025,89.06999969482422,89.12999725341797,88.05999755859375,88.16000366210938,447500
26-08-2025,88.05000305175781,89.13999938964844,87.62999725341797,89.05999755859375,509600
27-08-2025,88.76000213623047,90.83999633789062,88.76000213623047,90.79000091552734,608300
28-08-2025,90.61000061035156,90.91999816894533,88.81999969482422,90.05000305175781,507100
29-08-2025,90.2699966430664,91.3000030517578,89.83000183105469,90.54000091552734,366300
02-09-2025,89.91999816894531,90.91000366210938,89.91000366210938,90.68000030517578,452500
03-09-2025,90.19000244140624,91.37999725341795,89.30000305175781,90.08999633789062,503600
04-09-2025,90.47000122070312,92.5500030517578,89.5199966430664,92.1500015258789,824000
05-09-2025,92.0199966430664,93.2699966430664,92.01000213623048,92.97000122070312,580800
08-09-2025,93.2300033569336,93.2300033569336,91.20999908447266,92.33000183105467,670800
09-09-2025,92.01000213623048,92.51000213623048,90.81999969482422,91.66000366210938,401900
10-09-2025,91.31999969482422,91.91000366210938,88.37999725341797,88.79000091552734,563700
11-09-2025,88.83999633789062,90.4000015258789,88.83999633789062,90.20999908447266,385400
12-09-2025,89.69000244140625,90.26000213623048,85.41999816894531,85.52999877929688,700200
15-09-2025,85.2300033569336,85.8499984741211,82.7300033569336,82.93000030517578,1129700
16-09-2025,82.72000122070312,83.55999755859375,82.3499984741211,82.69000244140625,768500
17-09-2025,82.75,83.33000183105469,82.05999755859375,82.69999694824219,800600
18-09-2025,83.05000305175781,84.22000122070312,82.81999969482422,84.0999984741211,720600
19-09-2025,83.91000366210938,84.08000183105469,83.1500015258789,83.55999755859375,1949800
22-09-2025,83.55999755859375,84.08000183105469,82.69999694824219,83.58999633789062,800500
23-09-2025,83.54000091552734,84.2300033569336,83.33000183105469,83.72000122070312,574700
24-09-2025,83.41000366210938,84.25,82.98999786376953,83.08000183105469,403600
25-09-2025,82.9000015258789,83.02999877929688,79.0999984741211,80.05999755859375,1626900
26-09-2025,80.06999969482422,80.7300033569336,79.48999786376953,80.19999694824219,861500
29-09-2025,80.29000091552734,80.91999816894531,79.12999725341797,80.86000061035156,503500
30-09-2025,80.80000305175781,83.37999725341797,80.44999694824219,83.2300033569336,1091100
01-10-2025,82.20999908447266,83.31999969482422,80.05000305175781,82.08000183105469,460300
02-10-2025,81.70999908447266,82.79000091552734,81.5,82.45999908447266,329200
03-10-2025,82.7699966430664,84.83999633789062,82.6500015258789,84.20999908447266,452200
06-10-2025,83.79000091552734,84.38999938964844,82.62999725341797,83.30999755859375,547600
07-10-2025,83.93000030517578,84.37000274658203,82.1500015258789,82.69999694824219,418100
08-10-2025,83.12000274658203,83.76000213623047,81.73999786376953,83.73999786376953,314100
09-10-2025,83.80000305175781,83.98999786376953,82.22000122070312,82.4800033569336,415300
10-10-2025,82.2699966430664,82.7699966430664,78.12000274658203,78.98999786376953,810400
13-10-2025,79.5,79.8499984741211,78.38999938964844,79.43000030517578,365900
14-10-2025,78.51000213623047,80.80999755859375,78.5,80.55999755859375,337200
15-10-2025,80.66000366210938,81.8499984741211,80.1500015258789,80.47000122070312,536100
16-10-2025,81.62000274658203,81.62000274658203,80.3499984741211,80.80999755859375,428400
17-10-2025,80.94000244140625,82.12000274658203,80.5,81.86000061035156,369300
20-10-2025,82.33000183105469,83.68000030517578,81.94999694824219,83.20999908447266,344200
21-10-2025,83.38999938964844,84.19999694824219,82.7699966430664,84.1500015258789,393500
22-10-2025,84.6500015258789,85.41000366210938,84.08999633789062,84.5199966430664,398900
23-10-2025,84.33000183105469,84.5999984741211,82.37999725341797,83.33000183105469,355900
24-10-2025,83.97000122070312,84.37999725341797,82.18000030517578,82.73999786376953,546400
27-10-2025,82.7300033569336,83.20999908447266,81.95999908447266,82.75,375000
28-10-2025,82.26000213623047,83.04000091552734,81.7300033569336,82.79000091552734,442900
29-10-2025,82.97000122070312,83.38999938964844,81.12000274658203,81.38999938964844,705200
30-10-2025,81.4800033569336,83.19999694824219,80.91000366210938,83.04000091552734,1007900
31-10-2025,88.86000061035156,89.31999969482422,83.04000091552734,87.54000091552734,1447000
03-11-2025,87.0,88.63999938964844,85.7300033569336,87.33999633789062,927300
04-11-2025,87.26000213623047,88.79000091552734,86.9000015258789,88.47000122070312,878100
05-11-2025,87.8499984741211,88.33999633789062,86.44000244140625,87.11000061035156,874900
06-11-2025,86.93000030517578,87.80999755859375,85.29000091552734,86.51000213623047,581000
07-11-2025,86.94000244140625,88.8499984741211,86.25,87.55000305175781,495400
10-11-2025,87.27999877929688,88.47000122070312,86.29000091552734,88.33000183105469,411600
11-11-2025,88.33000183105469,89.94000244140625,88.33000183105469,89.38999938964844,500900
12-11-2025,88.88999938964844,90.16000366210938,87.77999877929688,88.12000274658203,620500
13-11-2025,87.75,88.58999633789062,87.30999755859375,87.4000015258789,476000
14-11-2025,80.02999877929688,86.5,80.0,85.08999633789062,1281800
17-11-2025,84.87999725341797,87.41999816894531,84.87999725341797,85.79000091552734,1183500
18-11-2025,85.8499984741211,86.23999786376953,82.97000122070312,84.16999816894531,908800
19-11-2025,84.01000213623047,84.33999633789062,82.69999694824219,83.69000244140625,637600
20-11-2025,84.38999938964844,85.55000305175781,83.77999877929688,84.87999725341797,550000
21-11-2025,84.7699966430664,88.83999633789062,84.7699966430664,87.19999694824219,766700
24-11-2025,87.12999725341797,87.8499984741211,86.11000061035156,87.16999816894531,727300
25-11-2025,87.19000244140625,88.56999969482422,87.19000244140625,87.5999984741211,690200
26-11-2025,86.94000244140625,88.0199966430664,86.79000091552734,87.41000366210938,527500
28-11-2025,87.27999877929688,88.70999908447266,86.5199966430664,86.58999633789062,204000
01-12-2025,86.48999786376953,87.47000122070312,86.16000366210938,86.38999938964844,721800
02-12-2025,86.38999938964844,86.77999877929688,83.83999633789062,84.38999938964844,488900
03-12-2025,84.58999633789062,85.37999725341797,84.08999633789062,84.29000091552734,522400
04-12-2025,84.29000091552734,84.91999816894531,83.44000244140625,84.08999633789062,677100
05-12-2025,84.56999969482422,84.80000305175781,82.91000366210938,83.43000030517578,466900
08-12-2025,83.4800033569336,84.12000274658203,82.68000030517578,83.11000061035156,377300
09-12-2025,83.26000213623047,84.33000183105469,83.0199966430664,83.38999938964844,344600
10-12-2025,83.38999938964844,86.11000061035156,83.20999908447266,85.41999816894531,458300
11-12-2025,85.87999725341797,86.75,85.66000366210938,86.52999877929688,1658200
12-12-2025,86.72000122070312,86.91999816894531,85.87000274658203,86.69999694824219,592400
15-12-2025,86.80999755859375,87.86000061035156,85.79000091552734,86.41000366210938,776900
16-12-2025,87.08000183105469,87.6500015258789,86.0199966430664,86.8499984741211,873600
17-12-2025,86.8499984741211,88.27999877929688,86.8499984741211,87.2300033569336,588100
18-12-2025,87.5199966430664,88.33999633789062,86.91999816894531,87.47000122070312,582700
19-12-2025,86.48999786376953,88.29000091552734,86.48999786376953,87.69999694824219,1192000
22-12-2025,87.36000061035156,89.7300033569336,87.36000061035156,87.91999816894531,413700
23-12-2025,87.69000244140625,88.58999633789062,86.76000213623047,87.62999725341797,605100
24-12-2025,87.93000030517578,87.98999786376953,86.97000122070312,87.38999938964844,196900
26-12-2025,87.20999908447266,87.56999969482422,86.87000274658203,87.38999938964844,156500
29-12-2025,87.61000061035156,88.97000122070312,87.55999755859375,88.22000122070312,434700
30-12-2025,87.75,88.87000274658203,87.75,88.55999755859375,308100
31-12-2025,88.55000305175781,88.87000274658203,87.79000091552734,88.13999938964844,343200
02-01-2026,87.70999908447266,88.83000183105469,86.0,86.44999694824219,497000
05-01-2026,85.76000213623047,89.62000274658203,85.76000213623047,89.41999816894531,547100
06-01-2026,89.30999755859375,93.68000030517578,89.30999755859375,93.04000091552734,935200
07-01-2026,93.30999755859376,94.75,90.94000244140624,91.6500015258789,701800
08-01-2026,91.63999938964844,94.3000030517578,91.63999938964844,93.18000030517578,1256300
09-01-2026,91.61000061035156,93.41000366210938,84.75,86.37999725341797,1600900
12-01-2026,86.5199966430664,87.38999938964844,82.56999969482422,83.25,1404300
13-01-2026,83.80999755859375,83.83000183105469,80.87999725341797,81.08000183105469,849500
14-01-2026,81.31999969482422,82.36000061035156,80.47000122070312,81.75,935700
15-01-2026,81.41000366210938,81.77999877929688,79.9000015258789,80.3499984741211,1150700
16-01-2026,79.79000091552734,82.4800033569336,79.6500015258789,82.30999755859375,885000
20-01-2026,81.47000122070312,82.23999786376953,81.31999969482422,81.69999694824219,526000
21-01-2026,82.0,84.01000213623047,82.0,83.44999694824219,739500
22-01-2026,83.44999694824219,84.62000274658203,83.12999725341797,83.38999938964844,389700
23-01-2026,82.97000122070312,83.43000030517578,80.33999633789062,81.66000366210938,594200
26-01-2026,82.01000213623047,83.31999969482422,81.93000030517578,82.54000091552734,372200
27-01-2026,82.02999877929688,82.47000122070312,81.05000305175781,82.4000015258789,420100
28-01-2026,82.27999877929688,82.36000061035156,80.18000030517578,80.5,928800
29-01-2026,80.37000274658203,80.44999694824219,79.37000274658203,80.23999786376953,513000
30-01-2026,80.58000183105469,82.12000274658203,80.0,81.08999633789062,793200
02-02-2026,81.1500015258789,81.9000015258789,80.20999908447266,81.61000061035156,393700
03-02-2026,81.0,82.27999877929688,79.37999725341797,80.48999786376953,939900
04-02-2026,80.5999984741211,81.87000274658203,79.2300033569336,79.37000274658203,582100
05-02-2026,79.98999786376953,80.87999725341797,79.22000122070312,79.62999725341797,586400
06-02-2026,80.62000274658203,82.66000366210938,79.94999694824219,82.5,842200
09-02-2026,82.11000061035156,82.11000061035156,80.45999908447266,80.83000183105469,426200
10-02-2026,81.25,82.91999816894531,81.25,82.22000122070312,550700
11-02-2026,82.16999816894531,82.16999816894531,79.44000244140625,81.29000091552734,449800
12-02-2026,81.4000015258789,82.27999877929688,77.62000274658203,78.86000061035156,784900
13-02-2026,79.62999725341797,81.91000366210938,79.2300033569336,81.66000366210938,576000
17-02-2026,81.47000122070312,82.86000061035156,81.47000122070312,81.58999633789062,859500
18-02-2026,81.08999633789062,83.0,80.77999877929688,82.9800033569336,643600
19-02-2026,82.69999694824219,82.76000213623047,81.19000244140625,81.83999633789062,506100
20-02-2026,81.69999694824219,83.55999755859375,81.69000244140625,82.20999908447266,490000
23-02-2026,81.66999816894531,82.30000305175781,80.69000244140625,81.61000061035156,670400
24-02-2026,81.80000305175781,82.80999755859375,80.86000061035156,82.43000030517578,1051000
25-02-2026,83.76000213623047,84.04000091552734,78.30999755859375,79.2300033569336,1249200
26-02-2026,78.27999877929688,80.61000061035156,76.68000030517578,78.0199966430664,1018900
27-02-2026,77.26000213623047,78.6500015258789,76.7699966430664,77.18000030517578,761300
02-03-2026,76.37000274658203,77.16999816894531,74.58000183105469,76.5,542100
03-03-2026,75.4800033569336,76.30999755859375,73.87000274658203,74.8499984741211,525900
04-03-2026,74.97000122070312,75.44000244140625,73.5999984741211,74.16000366210938,665900
05-03-2026,73.58000183105469,75.04000091552734,72.61000061035156,73.48999786376953,1040700
06-03-2026,72.80999755859375,73.94999694824219,71.13999938964844,72.66000366210938,997600
09-03-2026,71.79000091552734,72.69999694824219,70.66999816894531,71.87999725341797,1189700
10-03-2026,72.08999633789062,72.76000213623047,69.55999755859375,69.70999908447266,850200
11-03-2026,69.55000305175781,70.69999694824219,68.44000244140625,70.08000183105469,987800
12-03-2026,69.4000015258789,70.7300033569336,67.41999816894531,68.16999816894531,1281500
13-03-2026,68.69999694824219,70.5199966430664,68.31999969482422,69.94999694824219,933600
16-03-2026,70.5,70.87000274658203,69.05000305175781,69.16999816894531,666200
17-03-2026,70.16000366210938,71.73999786376953,68.44999694824219,70.2300033569336,1173200
18-03-2026,69.55000305175781,69.95999908447266,68.1500015258789,68.2699966430664,1086300
19-03-2026,68.2699966430664,69.69999694824219,67.97000122070312,68.33000183105469,1034700
20-03-2026,68.29000091552734,68.29000091552734,66.48999786376953,66.70999908447266,1292500
23-03-2026,67.98999786376953,68.52999877929688,67.01000213623047,68.12999725341797,1207400
24-03-2026,67.43000030517578,68.2699966430664,66.33999633789062,67.55000305175781,689900
25-03-2026,68.43000030517578,68.81999969482422,67.0,68.11000061035156,667000
26-03-2026,68.0,69.88999938964844,67.83000183105469,69.30999755859375,696300
27-03-2026,69.05000305175781,69.5,67.91000366210938,68.7300033569336,735800
30-03-2026,68.86000061035156,68.86000061035156,67.69000244140625,68.63999938964844,675800
31-03-2026,69.16000366210938,69.4000015258789,66.91000366210938,68.93000030517578,648900
01-04-2026,69.44999694824219,71.4000015258789,68.16999816894531,68.2300033569336,795000
02-04-2026,66.51000213623047,68.69000244140625,66.51000213623047,67.69999694824219,580300
06-04-2026,67.33000183105469,68.23999786376953,66.98999786376953,67.80999755859375,550700
07-04-2026,67.36000061035156,68.5999984741211,66.63999938964844,67.4000015258789,583000
08-04-2026,68.94000244140625,70.11000061035156,68.77999877929688,69.23999786376953,648800
09-04-2026,68.55999755859375,69.3499984741211,67.75,68.6500015258789,618600
10-04-2026,68.87000274658203,68.87000274658203,67.77999877929688,68.26000213623047,520900
13-04-2026,68.45999908447266,70.9000015258789,68.33999633789062,70.56999969482422,591900
14-04-2026,70.5999984741211,71.58999633789062,70.12999725341797,70.54000091552734,585700
15-04-2026,71.08999633789062,71.30000305175781,69.87999725341797,70.7300033569336,456300
16-04-2026,70.44000244140625,70.94999694824219,69.76000213623047,70.0999984741211,486800
17-04-2026,70.83000183105469,71.91000366210938,70.33000183105469,70.93000030517578,472000
20-04-2026,70.55999755859375,71.2699966430664,69.7300033569336,69.79000091552734,455400
21-04-2026,69.7300033569336,70.19999694824219,67.5999984741211,67.87000274658203,472300
22-04-2026,68.37999725341797,70.20999908447266,68.23999786376953,69.72000122070312,528500
23-04-2026,69.72000122070312,69.72000122070312,68.19000244140625,68.61000061035156,563800
24-04-2026,68.5199966430664,69.1500015258789,66.97000122070312,68.58000183105469,516400
27-04-2026,68.25,69.31999969482422,67.05000305175781,67.43000030517578,640200
28-04-2026,68.31999969482422,68.6500015258789,65.95999908447266,66.73999786376953,736200
29-04-2026,66.62000274658203,66.62000274658203,63.77999877929688,64.83999633789062,925700
30-04-2026,65.70999908447266,68.29000091552734,64.56999969482422,68.18000030517578,1234500
01-05-2026,67.0,68.16000366210938,61.310001373291016,62.0099983215332,2526200
04-05-2026,62.15999984741211,62.900001525878906,60.79999923706055,62.0099983215332,1794400
05-05-2026,61.93000030517578,61.93000030517578,60.25,60.43999862670898,1010500
06-05-2026,60.43999862670898,62.47999954223633,59.7400016784668,61.630001068115234,1111600
07-05-2026,61.900001525878906,63.040000915527344,61.52999877929688,62.33000183105469,771900
08-05-2026,63.75,64.13999938964844,61.150001525878906,61.27000045776367,470000
11-05-2026,61.38999938964844,61.52999877929688,60.22999954223633,60.310001373291016,960700
12-05-2026,60.79999923706055,61.27999877929688,59.7400016784668,61.150001525878906,857500
13-05-2026,60.369998931884766,63.130001068115234,59.9900016784668,62.619998931884766,1048100
14-05-2026,62.93999862670898,63.31999969482422,61.650001525878906,62.560001373291016,998500
15-05-2026,62.560001373291016,63.16999816894531,61.27999877929688,61.36000061035156,722900
18-05-2026,61.93999862670898,64.13999938964844,61.630001068115234,63.63999938964844,919400
19-05-2026,63.290000915527344,64.48999786376953,62.459999084472656,63.77000045776367,523600
20-05-2026,63.77999877929688,64.66000366210938,62.52000045776367,64.48999786376953,560900
21-05-2026,63.970001220703125,64.44000244140625,63.0,63.630001068115234,444600
22-05-2026,63.72999954223633,64.5,63.540000915527344,64.16999816894531,449500
26-05-2026,63.91999816894531,64.91999816894531,63.630001068115234,64.5199966430664,713300
27-05-2026,64.66999816894531,65.0,62.09000015258789,62.52000045776367,919500
28-05-2026,62.68000030517578,64.19000244140625,61.45000076293945,63.75,634100
29-05-2026,63.709999084472656,64.23999786376953,62.86000061035156,63.060001373291016,880200
01-06-2026,62.630001068115234,62.97999954223633,61.22999954223633,62.04999923706055,715200
02-06-2026,61.84000015258789,61.84999847412109,60.380001068115234,60.88999938964844,795700
03-06-2026,60.84999847412109,61.68000030517578,60.02000045776367,60.650001525878906,663400
04-06-2026,61.88999938964844,64.16000366210938,61.880001068115234,63.040000915527344,648300
05-06-2026,63.650001525878906,64.52999877929688,63.16999816894531,64.4800033569336,710900
08-06-2026,64.72000122070312,66.43000030517578,64.04000091552734,66.02999877929688,1176400
09-06-2026,66.62000274658203,68.04000091552734,66.30999755859375,67.51000213623047,946300
10-06-2026,67.2300033569336,67.97000122070312,66.63999938964844,66.98999786376953,940000
11-06-2026,67.08000183105469,67.54000091552734,65.9000015258789,66.88999938964844,661700
12-06-2026,66.9000015258789,67.36000061035156,66.01000213623047,66.52999877929688,514900
15-06-2026,66.62000274658203,67.62999725341797,66.0,66.94000244140625,545800
16-06-2026,67.43000030517578,68.26000213623047,66.94000244140625,67.68000030517578,880300
17-06-2026,67.0999984741211,69.08000183105469,64.87000274658203,65.23999786376953,840900
18-06-2026,65.12999725341797,67.52999877929688,64.5,67.22000122070312,1182100
22-06-2026,66.70999908447266,69.0199966430664,66.26000213623047,66.5,605900
23-06-2026,67.0199966430664,67.79000091552734,66.44999694824219,67.2699966430664,825300
24-06-2026,67.62000274658203,69.4800033569336,67.45999908447266,69.19999694824219,687500
25-06-2026,69.26000213623047,71.48999786376953,69.22000122070312,70.83000183105469,647500
26-06-2026,71.27999877929688,72.80000305175781,71.0,71.7300033569336,3013300
29-06-2026,71.30000305175781,72.11000061035156,70.0,70.08999633789062,836700
30-06-2026,70.08999633789062,70.68000030517578,68.2699966430664,69.33999633789062,491800
01-07-2026,70.30999755859375,70.93000030517578,69.08999633789062,69.44999694824219,799100
02-07-2026,70.05000305175781,71.19999694824219,69.55000305175781,71.08999633789062,638500
06-07-2026,71.16999816894531,71.93000030517578,70.23999786376953,71.44999694824219,668800
07-07-2026,72.41999816894531,72.6500015258789,71.19999694824219,72.13999938964844,666600
08-07-2026,71.55000305175781,72.19000244140625,70.97000122070312,71.05999755859375,647400
09-07-2026,70.94999694824219,71.51000213623047,70.0,71.45999908447266,490900
10-07-2026,71.87999725341797,73.48999786376953,70.5199966430664,73.44000244140625,769000
13-07-2026,73.68000030517578,74.81999969482422,73.1500015258789,73.26000213623047,800700
14-07-2026,72.44999694824219,72.45999908447266,70.9000015258789,71.0199966430664,514500
15-07-2026,71.0199966430664,73.04000091552734,71.0199966430664,73.04000091552734,661700
16-07-2026,73.6500015258789,75.86000061035156,72.41999816894531,75.55000305175781,814800
17-07-2026,74.5199966430664,76.69999694824219,73.83000183105469,73.98999786376953,770300
20-07-2026,73.94999694824219,75.69999694824219,71.62000274658203,75.16999816894531,737800
21-07-2026,74.12999725341797,75.30999755859375,73.33000183105469,73.4800033569336,856200
22-07-2026,73.4800033569336,73.95999908447266,72.61000061035156,73.11000061035156,484900
23-07-2026,72.5999984741211,73.7699966430664,72.27999877929688,73.11000061035156,444800
24-07-2026,73.63999938964844,74.63999938964844,72.88999938964844,74.31999969482422,655200
27-07-2026,75.0999984741211,76.80000305175781,73.43000030517578,76.0999984741211,1025000
28-07-2026,77.2300033569336,78.70999908447266,76.55999755859375,78.29000091552734,840300
29-07-2026,77.58999633789062,80.9000015258789,76.27999877929688,80.83999633789062,1334500
30-07-2026,80.5,83.91000366210938,78.91999816894531,83.3499984741211,2025900
31-07-2026,87.63999938964844,87.83000183105469,82.7699966430664,85.01000213623047,2201100
03-08-2026,86.12999725341797,87.80999755859375,85.0999984741211,85.52999877929688,1603100
04-08-2026,84.43000030517578,86.19000244140625,83.9800033569336,85.81999969482422,1425900
05-08-2026,86.01000213623047,87.83000183105469,83.58999633789062,87.18000030517578,1969600
06-08-2026,87.25,88.12999725341797,86.41999816894531,87.69000244140625,1288900
07-08-2026,88.08999633789062,89.2699966430664,87.47000122070312,89.04000091552734,1097000
10-08-2026,89.04000091552734,90.58999633789062,88.98999786376953,89.75,1371500
11-08-2026,89.94000244140625,92.0,89.76000213623047,91.11000061035156,1216100
12-08-2026,90.06999969482422,91.7300033569336,89.62000274658203,91.1999969482422,880000
13-08-2026,92.12000274658205,92.26000213623048,90.37000274658205,90.5,1093700
14-08-2026,90.86000061035156,90.9800033569336,89.98999786376953,90.76000213623048,729800
17-08-2026,90.12000274658205,90.44000244140624,89.44000244140625,89.7300033569336,728300
18-08-2026,90.6500015258789,91.02999877929688,89.12999725341797,89.26000213623047,874300
19-08-2026,89.9800033569336,91.98999786376952,89.9800033569336,91.9800033569336,693700
20-08-2026,90.94000244140624,92.0,89.69999694824219,90.2699966430664,833700
21-08-2026,90.25,91.04000091552734,89.37999725341797,90.77999877929688,401800
24-08-2026,91.0,91.51000213623048,90.05000305175781,90.27999877929688,669600
25-08-2026,90.13999938964844,91.9000015258789,90.13999938964844,91.08999633789062,711700
26-08-2026,91.06999969482422,91.06999969482422,88.94999694824219,90.54000091552734,544300
27-08-2026,89.58000183105469,90.26000213623048,88.58000183105469,89.54000091552734,597600
28-08-2026,89.95999908447266,90.72000122070312,89.27999877929688,90.48999786376952,341600
31-08-2026,90.12999725341795,91.33999633789062,90.12999725341795,90.66000366210938,407600
01-09-2026,90.91999816894533,91.37999725341795,90.16999816894533,90.68000030517578,679000
02-09-2026,90.41999816894533,92.18000030517578,90.06999969482422,90.12999725341795,908800
03-09-2026,90.80999755859376,91.62999725341795,88.41000366210938,88.56999969482422,606400
04-09-2026,87.68000030517578,89.69000244140625,87.04000091552734,89.5999984741211,599600
08-09-2026,88.47000122070312,88.91000366210938,86.72000122070312,87.37999725341797,1422100
09-09-2026,86.91999816894531,87.63999938964844,86.41999816894531,87.19000244140625,475600
10-09-2026,86.62999725341797,87.48999786376953,85.19000244140625,86.47000122070312,549900
11-09-2026,87.48999786376953,88.19999694824219,85.4000015258789,86.36000061035156,443200
14-09-2026,87.52999877929688,87.83000183105469,86.02999877929688,87.0199966430664,384000
15-09-2026,86.80999755859375,86.80999755859375,85.66000366210938,86.18000030517578,533100
16-09-2026,85.48999786376953,87.68000030517578,85.30999755859375,86.13999938964844,540500
17-09-2026,86.4,86.5,85.23,85.57,319400
18-09-2026,85.03,87.33,84.12,85.37,910400
21-09-2026,85.88,86.23,84.99,85.49,379900
22-09-2026,86.03,87.79,85.47,87.26,682800
23-09-2026,86.96,88.14,86.93,87.07,611200
24-09-2026,87.18,87.56,86.45,87.3,743300
25-09-2026,87.25,87.95,86.77,87.5,354000
28-09-2026,87.2,88.09,86.57,87.0,551100
29-09-2026,87.04,88.13,86.33,87.87,731000
30-09-2026,87.87,88.23,86.23,86.23,634200
01-10-2026,86.0,86.87,85.42,86.15,701700
02-10-2026,86.73,86.86,85.24,85.37,492400
05-10-2026,85.4,87.57,84.74,87.14,699200
