Date,Open,High,Low,Close,Volume
30-09-2021,180.23993525494416,180.23993525494416,176.91578349012613,177.6226348876953,112600
01-10-2021,179.39933801192572,182.8381257240021,176.83936294051364,182.685287475586,230600
04-10-2021,183.32527637973155,184.34736574150853,179.6476990433269,180.02023315429688,162500
05-10-2021,180.1826221562955,182.28409704686976,178.74979637970523,180.79396057128903,115100
06-10-2021,179.20829346746683,181.013653331928,178.15754875250758,180.8703765869141,87100
07-10-2021,180.91813331836272,183.2297717875296,180.6716914764941,180.7748565673828,134700
08-10-2021,181.16649389452013,181.9115621290382,178.749795594655,179.12232971191406,195100
11-10-2021,178.82621859596128,179.77187429657133,177.7659269199305,178.4727783203125,66700
12-10-2021,178.20531175859722,181.4721527099609,178.00472431644158,181.4721527099609,114600
13-10-2021,181.4912584965463,181.4912584965463,177.574862351438,179.9342498779297,177700
14-10-2021,181.33842427905788,183.1437841495733,180.15396431508503,182.3509521484375,86200
15-10-2021,183.4494652350513,184.5097569046364,179.22262623161913,179.45664978027344,87200
18-10-2021,178.6256121135743,180.03932945452158,176.73428618408806,179.9151611328125,155500
19-10-2021,180.89904119526253,181.854258412134,178.9886067615196,178.99815368652344,106500
20-10-2021,178.43456558476183,179.10321467110924,177.23098265387955,177.44113159179688,78900
21-10-2021,177.011297674741,178.35815742998545,175.90324222040695,176.03697204589844,203600
22-10-2021,175.186831351495,175.28235890315128,171.8053688245485,173.8495330810547,134700
25-10-2021,173.4387919656191,176.70563300224103,172.46446635192066,176.52413940429688,149200
26-10-2021,176.72473017983327,179.8482945271432,176.61010877916578,177.48890686035156,130700
27-10-2021,177.97606792331203,177.97606792331203,175.09130802423738,175.88414001464844,67500
28-10-2021,175.98921822568445,179.8387422892583,175.98921822568445,179.53306579589844,70500
29-10-2021,179.48530832366257,181.68231082658727,179.10895542397887,181.0232086181641,78000
01-11-2021,183.6978101635032,188.6267342194475,183.6978101635032,188.42613220214844,276200
02-11-2021,188.1682317121388,190.08821293735664,187.7479338338725,189.35269165039065,159300
03-11-2021,189.99269917822727,189.99269917822727,184.18499130854624,184.3664703369141,138000
04-11-2021,184.94913887628644,186.1049580344721,184.0894492763153,185.2165985107422,75700
05-11-2021,189.5628457135192,191.9031248802624,187.70017513490552,191.6070098876953,182000
08-11-2021,193.91862941408257,194.2615607682345,190.89537353132368,191.84580993652344,127100
09-11-2021,192.83924607592428,192.9538674716621,188.01539647404127,188.4547882080078,106800
10-11-2021,186.2195874460986,188.02494734414032,180.9945482740312,184.0799102783203,145300
11-11-2021,185.0351291259921,186.9073466646138,182.4560310409472,186.8213806152344,112100
12-11-2021,187.298979947127,187.298979947127,182.0739409866012,182.15036010742188,73300
15-11-2021,182.7425936298372,186.86626741662027,182.10259987790164,183.33482360839844,99200
16-11-2021,182.4751335634588,182.75215470310872,179.69544811977593,180.65066528320312,98000
17-11-2021,181.3097776959359,181.4912712993085,177.1259216197316,177.5748748779297,105900
18-11-2021,178.66381078217333,178.66381078217333,172.93728858529377,173.63937377929688,128700
19-11-2021,172.35938499279223,173.27638529514664,170.10507193427352,170.7068634033203,125900
22-11-2021,170.03820663451137,171.52835769332978,166.6089804227441,169.15940856933594,165900
23-11-2021,168.49075603362527,171.11760325113062,167.7313601325286,171.06983947753906,103000
24-11-2021,170.8310387725168,172.33073675713325,169.19762553976764,170.80238342285156,93200
26-11-2021,166.56120789821304,166.8936303422704,162.92183292993295,164.89913940429688,279900
29-11-2021,167.44957634306067,167.822110464189,163.70512670684667,166.28421020507812,189200
30-11-2021,164.9755652243745,165.33853784070078,163.14153541622537,164.55526733398438,186600
01-12-2021,167.29674208874377,167.354052789446,159.26336182993086,160.2949981689453,160300
02-12-2021,161.1833453373741,167.7743377685547,159.798268824983,167.7743377685547,158000
03-12-2021,167.00062679532456,168.48121638788407,163.88662393375043,164.59347534179688,112700
06-12-2021,165.4054075771757,167.89374420767837,163.42810105194457,164.66033935546875,164700
07-12-2021,166.5038993815228,169.1594018972245,164.99465453277497,166.62808227539062,125200
08-12-2021,167.45911471392262,168.02268932919574,165.30032922168857,165.33853149414062,155400
09-12-2021,163.72422014064966,165.69483658036953,161.98573243828366,162.778564453125,174100
10-12-2021,162.8072241441357,163.33259652646873,160.31410663475336,161.11648559570312,97300
13-12-2021,160.52425165576383,160.6102177047332,157.54396411237352,158.6997833251953,116300
14-12-2021,157.61083224951398,159.97976673795438,155.2514446855604,155.4615936279297,212100
15-12-2021,153.5511584715669,156.2926270566486,151.66937950031112,155.21324157714844,325100
16-12-2021,156.65561962313697,158.0502431378614,153.20728497402402,153.99057006835938,201900
17-12-2021,153.41742550027232,157.41022615086283,152.6351024290896,157.34336853027344,262700
20-12-2021,155.17503556339227,157.00905088961392,154.24847368745023,156.08248901367188,148400
21-12-2021,158.21262253063318,162.1099102840065,158.21262253063318,161.34573364257812,120900
22-12-2021,161.2120060953569,162.6352703524242,159.69319971551113,161.02096557617188,136900
23-12-2021,162.14811802280525,166.97196774800085,161.60841797831446,166.28421020507812,124400
27-12-2021,165.96898906353948,167.10569986747237,164.18273755762084,165.95944213867188,62800
28-12-2021,166.0071848221463,168.61493817896758,165.05196765639826,166.52301025390625,91900
29-12-2021,167.16300869941446,167.16300869941446,164.31168479658044,165.2716827392578,62700
30-12-2021,165.53913652449015,167.10569208180317,165.20385728403508,165.86390686035156,71200
31-12-2021,165.30988112302688,167.29673458586086,165.30988112302688,165.9498748779297,61600
03-01-2022,166.80957437681138,169.77551952524212,166.2077829124649,169.2262725830078,116900
04-01-2022,169.37912182001097,170.6877647269709,166.06451695197484,166.39883422851562,89900
05-01-2022,167.0674779921736,167.0674779921736,161.3552833697128,161.6800537109375,113800
06-01-2022,161.83289089865292,164.66988705444098,160.89678215487982,162.66392517089844,84000
07-01-2022,162.3009490855137,163.2848215817397,160.64841292544278,160.87767028808594,79500
10-01-2022,160.30456015841065,160.47649226104193,158.35590887584152,160.1039581298828,121300
11-01-2022,161.02096217582826,162.65437534214286,160.06574502461743,161.50811767578125,74800
12-01-2022,161.50812546672157,162.45379573920272,160.1803741455078,160.1803741455078,51100
13-01-2022,160.61022216394036,164.3928887536493,160.61022216394036,161.74693298339844,105100
14-01-2022,160.73439969177412,161.57498090269135,157.78563887991598,159.90335083007812,99400
18-01-2022,159.20603877097835,163.1224348701485,158.8621600180002,159.17738342285156,127100
19-01-2022,159.52127080428693,160.1326092231533,157.3338298513696,158.09799194335938,60600
20-01-2022,158.2603819024224,161.7564804232812,158.14576050024934,158.48963928222656,58700
21-01-2022,157.6108341415286,159.24426192674207,155.6717444390361,156.14935302734375,121900
24-01-2022,154.69742447571343,158.57560402203887,150.85744720464365,158.4323272705078,119400
25-01-2022,156.70338813273514,157.53442245145567,153.2646003044811,155.83413696289062,99700
26-01-2022,157.66814536334786,159.28246472925883,153.65145537329428,154.5350341796875,82900
27-01-2022,156.1589044995262,157.86875145771708,151.49267370303735,152.43356323242188,73700
28-01-2022,152.29983414963212,154.2293769931253,150.55178490793963,154.10519409179688,266000
31-01-2022,153.31235278259953,159.28245997818362,153.31235278259953,158.63291931152344,125700
01-02-2022,159.76961985901596,160.17940884438272,156.67472553225653,157.79232788085938,200300
02-02-2022,157.4580024503563,159.76007943994767,155.66220399486895,158.68067932128906,227200
03-02-2022,155.4138259056364,158.60424765805675,153.21682356652735,156.7415771484375,220000
04-02-2022,156.33084958824296,162.97915310133388,155.09861124478005,161.19290161132812,152700
07-02-2022,161.07827654768002,164.6794347955729,160.04664025178167,164.33555603027344,128900
08-02-2022,165.53914776723178,166.4752565652443,162.53976626810518,164.04901123046875,136100
09-02-2022,164.7367542381116,167.82210151657117,164.7367542381116,166.35105895996094,154500
10-02-2022,164.13497759615927,169.88538937442758,164.13497759615927,168.3761444091797,114200
11-02-2022,168.10867214019754,169.999998023546,165.26211452761606,167.06747436523438,113300
14-02-2022,166.67585888423002,169.8376255677948,166.236452547405,167.55465698242188,98700
15-02-2022,169.52239427786571,171.83401810682753,166.74270878304986,171.1558074951172,109800
16-02-2022,169.90447204823897,173.73012144861457,169.2501506239283,172.43580627441406,116800
17-02-2022,170.81193804867684,171.1080530336055,168.73910400326207,169.50328063964844,70200
18-02-2022,168.89195142102778,171.23223065454263,168.13733624345411,169.87582397460938,66900
22-02-2022,168.11822580858075,169.60836229617453,165.69198055386286,166.72360229492188,113400
23-02-2022,167.09613107297355,167.4400098341483,163.9869091234531,164.2495880126953,77800
24-02-2022,160.6961770837791,165.97852675791336,160.6961770837791,165.58689880371094,164400
25-02-2022,166.2842164280769,167.3349466312563,163.5093115529683,166.13137817382812,82000
28-02-2022,165.87346409694857,166.3892895569917,162.3200548794928,165.25257873535156,127800
01-03-2022,165.1379543447383,165.83525882022067,161.46036229133517,164.72720336914062,108700
02-03-2022,166.40839043088903,167.0483841889339,163.24184316443416,163.92481994628906,107300
03-03-2022,165.06152587267815,165.06152587267815,159.9415613831051,160.65797424316406,116600
04-03-2022,159.0532051857346,160.29499041758044,155.5189045839098,156.50277709960938,140600
07-03-2022,156.85621699027828,157.80665340477634,150.67596077014215,150.94342041015625,253900
08-03-2022,151.7457975103751,156.45501107850086,150.9243101757672,153.9523468017578,137700
09-03-2022,159.07231585387476,162.9170591740259,157.2860643910336,161.2979736328125,144100
10-03-2022,159.99888400049392,164.68900403855864,159.99888400049392,164.43109130859375,163500
11-03-2022,165.49137319658644,167.02927340931038,160.3140979313527,160.5529022216797,79500
14-03-2022,160.61976247117903,163.21795435847466,160.12306003350298,160.6675262451172,77700
15-03-2022,161.87111359947332,163.0746820278349,160.61021989555925,162.0717010498047,61100
16-03-2022,162.86452734610876,165.62510438203623,161.74692500721673,164.30690002441406,119800
17-03-2022,163.6669048762,164.90869010065646,161.3982641187062,163.4281005859375,81000
18-03-2022,162.01438610559546,164.07765870770126,160.48603279097097,162.3105010986328,167500
21-03-2022,162.67349411871217,164.3833265149909,161.83289830800553,163.99168395996094,148900
22-03-2022,166.26509527025803,168.26149562133182,165.1570398749939,165.42449951171875,90100
23-03-2022,164.61258343129887,167.78389698700562,163.8197513985077,164.15408325195312,63700
24-03-2022,164.1158684003777,166.8286818097828,164.08721304978567,165.06153869628906,75400
25-03-2022,164.78451198845684,166.4370482193675,163.82452862504886,165.24302673339844,65900
28-03-2022,165.58690056217597,167.57373942912554,165.5400841937865,166.90509033203125,90300
29-03-2022,168.45255441364492,169.21671649224567,166.37972032029538,167.4018096923828,86600
30-03-2022,166.17913942585844,171.84357049298714,166.17913942585844,171.57611083984375,106800
31-03-2022,171.00298843687102,173.51043360463902,171.00298843687102,171.3277587890625,96100
01-04-2022,172.61730179147258,172.98505515600974,169.14985878842342,170.27700805664062,83100
04-04-2022,171.49968594697188,174.59459485486374,170.99342200801297,172.961181640625,125600
05-04-2022,172.99938508055033,174.05967673966745,169.13075256347656,169.13075256347656,169700
06-04-2022,167.19166433727494,169.0734433759135,165.7397301209412,167.1343536376953,91100
07-04-2022,167.3444934240366,168.24239986950914,165.63942732760998,166.16001892089844,94300
08-04-2022,165.75882926542758,166.92419534315886,164.48838871919736,164.5170440673828,73500
11-04-2022,163.50452009137638,165.7492862552919,163.19407742839843,163.83885192871094,49000
12-04-2022,164.62212098602407,166.2555487341902,163.48541023956008,164.41197204589844,62300
13-04-2022,164.89914398722607,166.69494234752142,164.5457037245884,166.52301025390625,46300
14-04-2022,166.9528606310456,169.5892548492656,166.9528606310456,168.58628845214844,55000
18-04-2022,167.6501651673511,168.71045684010855,166.26415574064345,167.1630096435547,70600
19-04-2022,168.20419593143058,169.9140429089456,167.78389802465685,168.50987243652344,55700
20-04-2022,168.6053735200037,169.55104374354062,166.513460209594,168.0513458251953,64500
21-04-2022,168.12777325632237,169.07344352660203,161.92842298863988,162.01438903808594,174200
22-04-2022,161.78512290108003,161.78512290108003,159.55946520807424,160.02752685546875,103400
25-04-2022,158.9290459493547,163.131995893032,158.10755855599092,162.8167724609375,80100
26-04-2022,162.11945645017374,162.11945645017374,157.63948566840344,157.64903259277344,63900
27-04-2022,157.61083041110803,159.92723492466573,156.62695790851768,158.47052001953125,77600
28-04-2022,159.93200955988357,159.93200955988357,156.27354049289892,158.59471130371094,71100
29-04-2022,157.4675659563161,158.98635785159738,154.84071857780916,154.8502655029297,74100
02-05-2022,154.85025671824124,155.8198015671966,150.49446873524062,152.0419158935547,128800
03-05-2022,152.0037148254251,154.29623023188552,149.62521879524283,152.70101928710938,105900
04-05-2022,152.84429085663783,152.84429085663783,145.72792600738123,151.86997985839844,203000
05-05-2022,153.79951620423557,161.41259845820252,149.79716837755385,160.81082153320312,260200
06-05-2022,160.81081101087756,161.37438562418228,154.32487848166647,155.48069763183594,129000
09-05-2022,154.44907091328554,154.44907091328554,149.01388273034277,149.52969360351562,113200
10-05-2022,150.29386261556547,150.4467008574033,146.4443386739491,148.80372619628906,141400
11-05-2022,148.5362685633764,150.9338583907718,147.0556790484571,147.43777465820312,129300
12-05-2022,146.56853393679492,147.55718726683193,144.5052612242285,146.2246551513672,136100
13-05-2022,147.3040464276704,149.16671699697173,146.00495049143453,147.1129913330078,166200
16-05-2022,147.8580601473173,148.45030470729765,145.55599783225682,146.32015991210938,58500
17-05-2022,148.25926685253086,151.12968460451577,146.5112176413023,150.92431640625,104000
18-05-2022,150.51358298647958,153.78997102514327,150.16014270697377,151.44969177246094,250200
19-05-2022,151.31595445573203,156.00607422934158,151.31595445573203,155.2418975830078,277200
20-05-2022,156.77979323174137,156.77979323174137,153.73264823513023,155.8914337158203,143800
23-05-2022,156.64606922958427,158.4466483510205,154.17204567760734,158.17440795898438,179200
24-05-2022,157.8687521367344,157.8687521367344,151.14401482634784,152.46221923828125,189100
25-05-2022,152.7583239637627,156.63650323745523,152.7583239637627,155.94874572753906,92900
26-05-2022,157.65860105458202,158.25083105172902,155.20655723074773,156.07293701171875,85100
27-05-2022,156.2448789589204,158.36544765964948,154.61145119060384,156.50277709960938,104000
31-05-2022,156.46457040720333,157.44844289511596,154.68786594423798,156.52188110351562,73600
01-06-2022,156.37860777257768,157.2908273345341,153.5893608372671,154.6114501953125,148900
02-06-2022,154.74518965939822,158.1171052803843,153.43654673198074,157.88784790039062,79900
03-06-2022,157.26696250301552,158.36545647572916,156.14936010477544,157.0663604736328,74900
06-06-2022,157.80188260447324,158.45143789650385,155.30876506500172,155.64309692382812,88400
07-06-2022,153.33145971990177,155.8723262403563,153.03534473794537,155.5093536376953,63600
08-06-2022,154.78339313706567,157.9642682538224,153.79952055873812,154.6305694580078,85300
09-06-2022,153.61802992961634,154.09563850732246,151.50699360295417,151.51654052734375,70400
10-06-2022,149.38641243778926,150.5183424506848,147.9917889582131,149.54879760742188,68100
13-06-2022,148.05867025912377,148.05867025912377,143.62646290664318,144.3619842529297,98500
14-06-2022,144.76316115933577,144.76316115933577,143.06287580821788,143.8748016357422,89400
15-06-2022,144.65808940674523,146.49210460950871,144.6389809823691,146.23419189453125,107200
16-06-2022,144.4574917955178,145.1070470650032,138.98410136911977,139.4235076904297,196600
17-06-2022,139.84378797608682,145.3936119818646,138.89813230527974,144.01809692382812,218800
21-06-2022,145.6037491955462,145.8903172674804,141.10468439537237,142.07901000976562,210000
22-06-2022,141.84974900230222,145.39361109764846,141.723656721809,145.22166442871094,143000
23-06-2022,146.4156921085465,146.4156921085465,141.9452825825517,144.24734497070312,80900
24-06-2022,144.63898673083733,148.19239588224707,144.63898673083733,147.06524658203125,149900
27-06-2022,148.03955165305777,148.03955165305777,145.68016409740034,146.8359832763672,105800
28-06-2022,147.86761795366408,149.9404374231732,143.788836636007,144.314208984375,79500
29-06-2022,144.09451228193274,144.67719532392064,142.25571636107657,144.06585693359375,94600
30-06-2022,142.8718394090403,145.18346321617332,141.31483075456902,144.23779296875,56700
01-07-2022,144.47659395882468,147.53328592418444,144.275991944094,146.96971130371094,105200
05-07-2022,146.60673016213116,149.12850295937218,144.39063386174726,148.84194946289062,113400
06-07-2022,148.13508426450036,149.42461873173443,145.5368923295573,146.0240478515625,95000
07-07-2022,146.07180989893354,146.87418883467353,144.2664500057898,144.7058563232422,70100
08-07-2022,143.6073460611954,145.56267281271354,142.56138209239546,143.4163055419922,60300
11-07-2022,142.27004307619003,143.49271984860167,141.6204878421519,143.024658203125,68100
12-07-2022,142.49928812106,145.2216628417392,141.91661964921713,142.69989013671875,93400
13-07-2022,141.13333810212688,144.19481090781338,140.52199969099723,143.855712890625,127600
14-07-2022,141.58229192211635,143.9512264530182,141.58229192211635,143.06288146972656,49000
15-07-2022,144.2377971537308,146.0527040029655,144.16137802870037,145.42227172851562,77300
18-07-2022,146.14822787369997,147.05568127547133,144.64852991171762,144.8682403564453,95500
19-07-2022,145.29808284475888,150.2556622390793,145.29808284475888,149.49148559570312,90400
20-07-2022,149.96910028314764,152.54818380604652,149.96910028314764,152.18521118164062,96500
21-07-2022,150.8574453477393,151.69326039745096,148.78462577350925,150.76193237304688,91400
22-07-2022,150.9529631780141,151.27296733250003,149.4819351984426,150.58042907714844,67100
25-07-2022,152.0323643516561,152.0323643516561,149.74939595729327,150.4180450439453,79500
26-07-2022,149.25268261718256,151.46879344490196,148.75596560830454,149.54879760742188,83400
27-07-2022,149.91178017871158,151.40095460384384,149.62521212182085,150.8001251220703,82900
28-07-2022,150.27477420589133,151.44968725969773,147.256284409901,148.4025421142578,82200
29-07-2022,148.6604528833887,148.6652190579294,145.7661460233101,146.89329528808594,68600
01-08-2022,146.17687709981865,148.7368666025515,145.64195783593746,148.71775817871094,70200
02-08-2022,147.6001691703141,148.383439712828,146.75479260086166,147.20852661132812,45000
03-08-2022,147.61926142619362,148.95275549735513,147.61926142619362,148.38343811035156,49500
04-08-2022,148.90880910493522,150.0168645578724,147.88673427756535,149.74940490722656,74900
05-08-2022,149.01387312900474,149.01387312900474,146.05747492877416,147.2944793701172,125900
08-08-2022,147.53329104544818,150.40850409547116,147.53329104544818,149.22402954101562,92500
09-08-2022,149.2240278481949,149.2240278481949,147.17986368214255,148.75596618652344,72700
10-08-2022,149.80671070469728,150.2270085920882,148.6413445898251,149.9595489501953,77200
11-08-2022,151.37326160956414,152.04382007850586,149.78759765625,149.78759765625,62300
12-08-2022,150.97208272503022,152.51952993872047,150.42760191994194,152.46221923828125,117200
15-08-2022,152.44310346567562,153.53205044791025,151.72669059379868,152.77743530273438,150400
16-08-2022,152.43355549796334,155.61443037638193,151.98460226862318,155.18458557128906,175200
17-08-2022,154.26758041398696,154.27712733898397,152.67715016223934,153.94281005859375,134300
18-08-2022,157.61083803938544,163.34214124081765,156.70815078894017,163.084228515625,226400
19-08-2022,163.1893060816204,166.66629617332825,163.1893060816204,166.07406616210938,221900
22-08-2022,163.80063483613856,165.24302207885307,159.44484691008986,159.95111083984375,165200
23-08-2022,160.94454180965633,161.25020371644163,158.8717223566184,159.4257354736328,118800
24-08-2022,158.1362117804059,160.15841080850848,157.44845422425735,158.6233673095703,137400
25-08-2022,159.53082403734075,159.53082403734075,157.3720383487355,157.91651916503906,110000
26-08-2022,157.77322075653666,158.26515702397776,153.20728377656172,153.3314666748047,119300
29-08-2022,152.2807156755993,153.32189886669346,151.27773475714642,152.66281127929688,130800
30-08-2022,153.35055655497166,153.40788182799372,150.69505401444587,153.18817138671875,298100
31-08-2022,154.49683709344782,156.04428431251495,153.09266662597656,153.09266662597656,143700
01-09-2022,152.24252446578808,152.24252446578808,150.54223898828775,151.4783477783203,109400
02-09-2022,151.29684232569466,153.75175737340325,150.78675963748597,150.99118041992188,96500
06-09-2022,151.94641008322526,152.40491026740008,149.97865036791472,150.68551635742188,90300
07-09-2022,149.88312596927622,152.06101989746094,149.7875984244346,152.06101989746094,79600
08-09-2022,150.72371552280373,152.29983264753466,149.8735727981153,150.76193237304688,65500
09-09-2022,151.3063928869242,153.96189543574593,151.2968459624526,152.99713134765625,124000
12-09-2022,153.0353510631819,154.3086484533137,151.1535720495674,151.87953186035156,96400
13-09-2022,149.97864910422263,150.58522136171217,148.01090398095002,148.38343811035156,94700
14-09-2022,148.07777378908796,149.9786466806301,147.25628641759818,149.30999755859375,97900
15-09-2022,149.3577569299908,152.00371256574348,147.64792461294715,147.90582275390625,139800
16-09-2022,146.6544879946569,146.7261263658747,143.36950064403118,143.4927215576172,186500
19-09-2022,143.2825702528627,145.51777485069775,142.71899564131107,142.99600219726562,92500
20-09-2022,142.19363266777276,142.19363266777276,140.51245564657015,141.31483459472656,101700
21-09-2022,140.91364890780895,144.49571349633968,139.70529970296292,142.08856201171875,201200
22-09-2022,140.81811758077828,141.2527431549253,137.82828308687752,139.070068359375,217500
23-09-2022,138.0288896111508,138.0288896111508,135.40204223100778,136.77755737304688,181600
26-09-2022,136.23307658693372,138.01934271714532,132.6414650517115,132.8898162841797,242300
27-09-2022,134.03607601339513,137.58947036298207,132.84205458899754,133.79727172851562,136100
28-09-2022,134.59009365135827,135.6408383703254,133.90233612175385,134.5996551513672,103600
29-09-2022,133.71129365102004,134.59009168703145,130.94595047386346,131.66712951660156,120300
30-09-2022,130.8742952815225,133.4629401476302,130.4922142551877,130.53997802734375,92200
03-10-2022,131.81997167454185,135.89397239001573,130.97937588667372,135.50711059570312,165600
04-10-2022,137.5321633785014,138.48738054379956,136.74889288219467,137.22650146484375,214500
05-10-2022,135.78411918974382,136.7106810400529,133.73040803932304,136.41456604003906,110200
06-10-2022,136.51008643325886,136.51008643325886,133.76860330087274,134.07427978515625,108400
07-10-2022,138.9172221643022,145.60374216790288,138.53514113713632,145.07838439941406,477700
10-10-2022,145.9285322527985,147.065243025824,145.23121321906143,145.909423828125,317800
11-10-2022,145.8138916673203,149.25555059191092,145.19300635191922,147.16075134277344,353000
12-10-2022,147.1607633258074,149.03299549968307,145.66107986205674,147.01748657226562,244000
13-10-2022,145.41270965027888,149.9385350210368,144.89689877769587,149.30999755859375,350900
14-10-2022,150.1999969482422,150.52000427246094,147.5,148.11000061035156,205500
17-10-2022,149.02999877929688,152.89999389648438,148.39500427246094,151.69000244140625,279800
18-10-2022,153.08999633789062,154.35000610351562,152.35000610351562,153.6199951171875,268500
19-10-2022,153.47000122070312,155.3249969482422,152.30999755859375,153.39999389648438,157300
20-10-2022,153.91000366210938,154.5,150.91000366210938,151.91000366210938,221900
21-10-2022,151.72999572753906,152.25999450683594,149.49000549316406,151.02999877929688,111700
24-10-2022,152.1199951171875,152.6199951171875,150.50999450683594,152.02999877929688,127900
25-10-2022,152.1999969482422,155.06500244140625,152.1999969482422,153.7100067138672,241200
26-10-2022,154.41000366210938,157.3800048828125,152.39999389648438,152.52000427246094,218800
27-10-2022,154.77999877929688,156.11000061035156,150.32000732421875,150.74000549316406,161400
28-10-2022,150.36000061035156,154.36000061035156,150.2550048828125,154.3300018310547,184600
31-10-2022,154.69000244140625,157.6199951171875,153.27999877929688,156.61000061035156,225400
01-11-2022,157.97000122070312,158.0,154.94000244140625,155.0800018310547,157100
02-11-2022,153.94000244140625,155.11000061035156,151.57000732421875,151.8300018310547,289400
03-11-2022,150.00999450683594,150.8699951171875,148.52000427246094,149.75,178200
04-11-2022,150.5800018310547,151.86000061035156,148.3300018310547,148.5500030517578,145000
07-11-2022,149.25,151.11000061035156,147.5399932861328,150.92999267578125,138700
08-11-2022,150.80999755859375,151.75,148.06500244140625,148.8300018310547,154200
09-11-2022,147.6199951171875,148.0,145.5399932861328,147.38999938964844,165200
10-11-2022,150.52999877929688,151.86500549316406,149.3699951171875,150.10000610351562,215500
11-11-2022,150.5,152.22999572753906,148.47999572753906,149.91000366210938,226100
14-11-2022,149.5399932861328,151.74000549316406,149.0500030517578,149.11000061035156,142000
15-11-2022,150.08999633789062,151.02200317382812,147.35000610351562,147.9199981689453,158300
16-11-2022,146.97999572753906,149.60000610351562,145.96600341796875,149.3699951171875,156000
17-11-2022,147.6699981689453,150.70799255371094,147.19000244140625,150.02999877929688,112400
18-11-2022,150.60000610351562,151.5500030517578,148.35499572753906,148.57000732421875,106900
21-11-2022,148.14999389648438,149.72999572753906,148.00999450683594,148.4499969482422,117800
22-11-2022,149.72999572753906,153.0749969482422,147.77499389648438,153.0,170000
23-11-2022,153.57000732421875,154.02099609375,152.17999267578125,153.75,132300
25-11-2022,153.99000549316406,160.75,153.6750030517578,160.50999450683594,271900
28-11-2022,159.13999938964844,161.19000244140625,158.69000244140625,160.72999572753906,211100
29-11-2022,160.72999572753906,161.75,159.75999450683594,160.0,332500
30-11-2022,159.41000366210938,162.83999633789062,158.6649932861328,162.83999633789062,192500
01-12-2022,162.88999938964844,163.1699981689453,161.7100067138672,162.38999938964844,106400
02-12-2022,161.61000061035156,165.72000122070312,161.27000427246094,164.99000549316406,114400
05-12-2022,164.0,165.41000366210938,163.77000427246094,164.74000549316406,151900
06-12-2022,164.30999755859375,165.38999938964844,161.60000610351562,162.05999755859375,133300
07-12-2022,161.8000030517578,161.8000030517578,157.39999389648438,159.3300018310547,296400
08-12-2022,160.14999389648438,161.51499938964844,158.30999755859375,160.7100067138672,144200
09-12-2022,160.6999969482422,162.61000061035156,159.94000244140625,160.13999938964844,190400
12-12-2022,160.92999267578125,160.92999267578125,159.6999969482422,160.8800048828125,136800
13-12-2022,163.9199981689453,163.9199981689453,160.6300048828125,160.97999572753906,111100
14-12-2022,160.97999572753906,161.49000549316406,159.25999450683594,160.4199981689453,186400
15-12-2022,159.58999633789062,161.125,159.5399932861328,160.0,152000
16-12-2022,159.13999938964844,160.42999267578125,158.5500030517578,160.22000122070312,208900
19-12-2022,160.0,161.02000427246094,158.87899780273438,159.80999755859375,173500
20-12-2022,159.16000366210938,163.75,159.16000366210938,162.99000549316406,243400
21-12-2022,165.0,172.83999633789062,163.67999267578125,172.83999633789062,337000
22-12-2022,171.5,177.94000244140625,171.5,177.57000732421875,253900
23-12-2022,177.22000122070312,181.83999633789065,176.7949981689453,181.5399932861328,241500
27-12-2022,181.3699951171875,183.7899932861328,180.0,183.0500030517578,179600
28-12-2022,183.009994506836,184.58999633789065,179.0399932861328,179.10000610351562,195400
29-12-2022,180.5800018310547,182.509994506836,179.27699279785156,181.47999572753903,158700
30-12-2022,181.0399932861328,183.8000030517578,180.3600006103516,183.3300018310547,177100
03-01-2023,184.2400054931641,184.58999633789065,180.5,181.2700042724609,181100
04-01-2023,181.0599975585937,186.4900054931641,181.0599975585937,186.4900054931641,170100
05-01-2023,185.4900054931641,186.47000122070312,183.8099975585937,184.0,232900
06-01-2023,184.1100006103516,185.0,183.47999572753903,183.6699981689453,198300
09-01-2023,184.9499969482422,185.0,183.2700042724609,183.4900054931641,156700
10-01-2023,182.5200042724609,184.17999267578125,182.5200042724609,183.2400054931641,142400
11-01-2023,183.72999572753903,184.26199340820312,180.9900054931641,181.009994506836,210800
12-01-2023,181.0,181.80499267578125,178.10000610351562,178.10000610351562,199800
13-01-2023,178.5800018310547,180.8300018310547,177.5800018310547,179.6199951171875,241500
17-01-2023,180.9900054931641,180.9900054931641,178.02999877929688,178.0500030517578,141700
18-01-2023,178.38999938964844,178.5050048828125,176.1300048828125,177.4199981689453,169500
19-01-2023,178.02999877929688,179.58999633789062,177.14500427246094,177.8300018310547,292200
20-01-2023,179.0500030517578,181.8099975585937,178.7100067138672,181.77999877929688,147900
23-01-2023,182.0,182.44000244140625,179.05999755859375,181.02999877929688,107300
24-01-2023,179.77000427246094,182.92999267578125,179.77000427246094,180.7400054931641,116100
25-01-2023,180.77999877929688,183.6999969482422,180.77999877929688,181.83999633789065,84600
26-01-2023,181.63999938964844,183.5200042724609,181.15499877929688,183.509994506836,96000
27-01-2023,183.2400054931641,183.5200042724609,180.00999450683594,180.4499969482422,143900
30-01-2023,180.4100036621093,183.4960021972656,180.0,180.17999267578125,112600
31-01-2023,180.05999755859375,181.83999633789065,179.47000122070312,181.83999633789065,100900
01-02-2023,180.2100067138672,183.68800354003903,180.2100067138672,183.6000061035156,125900
02-02-2023,184.0,184.0,181.0500030517578,182.3099975585937,106300
03-02-2023,182.6199951171875,183.19000244140625,179.75999450683594,180.08999633789062,119500
06-02-2023,179.72000122070312,180.6000061035156,178.5,179.72999572753906,139100
07-02-2023,177.50999450683594,181.4199981689453,172.9199981689453,181.0800018310547,231700
08-02-2023,184.6999969482422,188.8800048828125,184.19000244140625,188.0,300600
09-02-2023,188.17999267578125,189.3999938964844,186.2100067138672,187.8999938964844,265000
10-02-2023,187.3999938964844,188.3800048828125,186.1699981689453,186.8800048828125,201800
13-02-2023,186.3000030517578,189.1999969482422,186.08999633789065,188.3000030517578,137600
14-02-2023,188.0,189.5500030517578,186.6199951171875,187.6600036621093,137200
15-02-2023,187.83999633789065,190.6100006103516,187.1000061035156,189.02999877929688,135100
16-02-2023,188.5200042724609,191.3999938964844,188.0800018310547,190.009994506836,205300
17-02-2023,190.92999267578125,191.8500061035156,189.7449951171875,190.42999267578125,165500
21-02-2023,189.38999938964844,191.6300048828125,188.32000732421875,190.4499969482422,205700
22-02-2023,190.83999633789065,192.8800048828125,190.4850006103516,191.509994506836,104500
23-02-2023,191.9600067138672,193.32000732421875,191.1199951171875,192.4100036621093,99100
24-02-2023,191.1199951171875,192.1199951171875,189.56300354003903,190.08999633789065,172600
27-02-2023,190.3699951171875,191.8000030517578,189.6000061035156,191.22000122070312,114000
28-02-2023,191.2400054931641,192.77999877929688,190.47999572753903,191.13999938964844,134500
01-03-2023,190.77999877929688,193.4850006103516,190.25,192.7100067138672,111700
02-03-2023,192.4600067138672,196.47000122070312,191.259994506836,195.259994506836,90000
03-03-2023,195.5599975585937,195.5599975585937,193.8500061035156,195.259994506836,123600
06-03-2023,194.8999938964844,196.1000061035156,193.8950042724609,194.1499938964844,78900
07-03-2023,194.1300048828125,195.3600006103516,191.5500030517578,192.509994506836,99800
08-03-2023,193.1300048828125,193.49200439453125,189.9199981689453,191.3500061035156,66100
09-03-2023,191.6199951171875,192.0800018310547,189.07000732421875,189.8600006103516,69300
10-03-2023,189.6000061035156,189.6000061035156,186.4600067138672,187.1100006103516,96300
13-03-2023,185.7100067138672,186.38999938964844,182.509994506836,184.6499938964844,114400
14-03-2023,186.75,187.8000030517578,183.8500061035156,184.5200042724609,220800
15-03-2023,183.5,184.09800720214844,178.46499633789062,182.1499938964844,260400
16-03-2023,181.1000061035156,183.9499969482422,179.5399932861328,183.9499969482422,270300
17-03-2023,182.94000244140625,183.4900054931641,181.3500061035156,183.47999572753903,185500
20-03-2023,184.1300048828125,188.67999267578125,184.07000732421875,187.72999572753903,117700
21-03-2023,189.1000061035156,190.13999938964844,186.9499969482422,188.3099975585937,125200
22-03-2023,188.52999877929688,189.09500122070312,186.1300048828125,186.7400054931641,105500
23-03-2023,186.7400054931641,189.42999267578125,184.7100067138672,187.33999633789065,97800
24-03-2023,186.5800018310547,189.3249969482422,185.22000122070312,188.3600006103516,139000
27-03-2023,189.22999572753903,190.4100036621093,188.4100036621093,190.259994506836,82800
28-03-2023,189.47999572753903,192.6199951171875,189.0,192.3800048828125,82400
29-03-2023,192.52999877929688,193.3800048828125,191.44000244140625,192.5,76500
30-03-2023,192.4499969482422,194.1000061035156,192.4499969482422,193.25,49700
31-03-2023,193.9600067138672,195.67999267578125,193.0,194.8500061035156,86800
03-04-2023,194.5800018310547,195.5399932861328,194.0599975585937,194.9600067138672,86500
04-04-2023,194.6000061035156,194.75,192.22000122070312,194.5399932861328,73000
05-04-2023,193.5200042724609,194.6000061035156,192.13999938964844,194.6000061035156,96200
06-04-2023,194.1999969482422,195.4600067138672,193.75,194.2400054931641,71900
10-04-2023,193.4100036621093,194.3800048828125,192.22999572753903,193.9499969482422,126600
11-04-2023,194.759994506836,198.5200042724609,194.759994506836,198.22000122070312,111900
12-04-2023,199.5599975585937,199.5599975585937,196.0500030517578,196.1100006103516,126700
13-04-2023,197.25,199.3000030517578,196.5599975585937,198.8800048828125,197500
14-04-2023,198.5200042724609,200.0200042724609,196.3999938964844,196.9900054931641,113000
17-04-2023,197.4900054931641,198.58999633789065,193.3300018310547,194.509994506836,135500
18-04-2023,195.5,200.1600036621093,195.3099975585937,199.8999938964844,121600
19-04-2023,199.6300048828125,201.72000122070312,197.94000244140625,200.1600036621093,72300
20-04-2023,198.7100067138672,199.875,197.71499633789065,198.9100036621093,64400
21-04-2023,199.5399932861328,199.5399932861328,197.67999267578125,198.6699981689453,82400
24-04-2023,198.2700042724609,200.6999969482422,197.8800048828125,199.1100006103516,108300
25-04-2023,198.6100006103516,198.6100006103516,196.2100067138672,198.5500030517578,113600
26-04-2023,197.4199981689453,198.57000732421875,196.6600036621093,197.72999572753903,95400
27-04-2023,197.5399932861328,201.44000244140625,197.3099975585937,201.38999938964844,145900
28-04-2023,200.8500061035156,204.6600036621093,200.3000030517578,200.5,116300
01-05-2023,199.97000122070312,205.22999572753903,199.97000122070312,204.97000122070312,185700
02-05-2023,204.259994506836,205.2700042724609,201.7830047607422,203.83999633789065,277000
03-05-2023,204.25,205.33999633789065,201.8000030517578,201.9600067138672,142500
04-05-2023,200.2100067138672,208.75,200.2100067138672,208.509994506836,255600
05-05-2023,209.0599975585937,209.81700134277344,203.52999877929688,206.3300018310547,182200
08-05-2023,205.72999572753903,206.2400054931641,204.22000122070312,204.22999572753903,114700
09-05-2023,204.2100067138672,204.2100067138672,198.8600006103516,199.75,157000
10-05-2023,199.1699981689453,199.58999633789065,193.75,193.92999267578125,152600
11-05-2023,192.4199981689453,193.0350036621093,190.1100006103516,190.22999572753903,130900
12-05-2023,190.009994506836,190.5500030517578,189.0200042724609,189.97000122070312,126000
15-05-2023,189.92999267578125,192.1999969482422,188.8600006103516,189.22000122070312,108000
16-05-2023,188.69000244140625,189.6199951171875,186.8300018310547,188.27999877929688,113000
17-05-2023,188.6999969482422,189.25,186.08999633789065,186.4900054931641,132200
18-05-2023,186.58999633789065,190.5200042724609,186.58999633789065,188.7400054931641,161200
19-05-2023,189.3000030517578,189.3000030517578,185.6300048828125,185.9199981689453,130900
22-05-2023,185.8699951171875,186.2899932861328,181.5200042724609,181.6600036621093,175400
23-05-2023,181.6999969482422,182.0,178.8000030517578,180.1300048828125,168000
24-05-2023,180.0800018310547,180.0800018310547,177.7899932861328,177.92999267578125,95700
25-05-2023,178.25999450683594,179.39999389648438,177.22999572753906,177.44000244140625,93500
26-05-2023,178.64999389648438,178.89999389648438,176.52999877929688,177.41000366210938,108300
30-05-2023,177.4499969482422,177.4499969482422,174.82000732421875,175.75999450683594,111700
31-05-2023,175.9499969482422,177.01100158691406,174.5800018310547,176.64999389648438,161300
01-06-2023,176.6699981689453,177.97500610351562,175.9499969482422,177.8000030517578,103400
02-06-2023,178.8699951171875,180.22000122070312,177.60000610351562,178.41000366210938,108100
05-06-2023,178.07000732421875,179.1199951171875,176.2050018310547,178.49000549316406,97900
06-06-2023,178.30999755859375,179.92999267578125,177.57000732421875,178.08999633789062,104900
07-06-2023,178.1699981689453,179.23300170898438,176.1699981689453,176.5,118500
08-06-2023,176.67999267578125,179.02000427246094,176.5800018310547,178.3800048828125,82800
09-06-2023,178.47000122070312,178.5850067138672,176.39999389648438,177.82000732421875,87700
12-06-2023,177.7100067138672,178.41400146484375,176.0,176.72000122070312,108300
13-06-2023,177.6300048828125,180.4100036621093,177.6300048828125,179.33999633789062,85900
14-06-2023,178.75,179.39999389648438,177.72999572753906,178.64999389648438,90200
15-06-2023,178.58999633789062,179.33999633789062,177.55999755859375,178.9199981689453,67900
16-06-2023,179.25999450683594,181.63999938964844,178.5399932861328,180.08999633789062,149100
20-06-2023,179.6999969482422,179.83999633789062,175.47999572753906,175.5,116500
21-06-2023,175.22999572753906,177.42999267578125,175.01800537109375,176.67999267578125,91200
22-06-2023,177.00999450683594,180.4499969482422,176.94000244140625,180.4499969482422,138700
23-06-2023,179.5,181.1600036621093,178.47999572753906,179.2899932861328,385000
26-06-2023,178.6199951171875,180.42999267578125,178.2570037841797,179.41000366210938,121500
27-06-2023,179.82000732421875,182.42999267578125,179.77999877929688,181.8699951171875,96100
28-06-2023,182.0,185.17999267578125,181.4250030517578,185.1000061035156,160000
29-06-2023,185.47000122070312,189.1199951171875,184.72999572753903,186.8999938964844,102300
30-06-2023,187.4499969482422,188.3800048828125,185.69000244140625,188.0500030517578,119800
03-07-2023,187.8999938964844,188.9900054931641,186.8699951171875,187.07000732421875,64800
05-07-2023,186.69000244140625,188.47999572753903,185.4149932861328,188.4199981689453,94400
06-07-2023,188.3300018310547,192.02999877929688,187.1499938964844,189.9499969482422,260800
07-07-2023,190.1000061035156,194.5800018310547,190.1000061035156,192.3600006103516,109100
10-07-2023,192.3600006103516,196.8500061035156,192.3600006103516,194.4199981689453,218000
11-07-2023,194.58999633789065,195.27999877929688,189.1499938964844,192.3500061035156,153300
12-07-2023,193.1199951171875,194.259994506836,192.3999938964844,193.22000122070312,53500
13-07-2023,192.9600067138672,193.9499969482422,191.5379943847656,192.6199951171875,79600
14-07-2023,192.9600067138672,193.46499633789065,191.27999877929688,192.77999877929688,73200
17-07-2023,191.7899932861328,193.19000244140625,191.31500244140625,192.9900054931641,68000
18-07-2023,192.75,195.3000030517578,192.75,194.1000061035156,140300
19-07-2023,192.8300018310547,194.17999267578125,188.8950042724609,189.8000030517578,140900
20-07-2023,188.8600006103516,191.8999938964844,188.759994506836,191.8999938964844,101900
21-07-2023,192.7700042724609,193.1750030517578,191.6100006103516,192.8500061035156,98500
24-07-2023,191.9900054931641,192.4499969482422,189.73800659179688,190.8300018310547,100100
25-07-2023,189.94000244140625,192.6000061035156,189.47000122070312,192.2100067138672,123700
26-07-2023,191.5800018310547,192.87600708007807,190.6499938964844,191.4199981689453,106100
27-07-2023,191.17999267578125,193.5500030517578,189.3999938964844,190.1000061035156,148000
28-07-2023,203.0,213.5399932861328,200.27999877929688,212.2400054931641,1340800
31-07-2023,212.25,215.7850036621093,210.6000061035156,212.75,4346300
01-08-2023,211.57000732421875,213.4199981689453,208.63999938964844,208.94000244140625,490400
02-08-2023,207.32000732421875,210.6999969482422,205.7449951171875,209.47000122070312,267600
03-08-2023,208.9100036621093,212.47999572753903,208.7350006103516,211.94000244140625,183200
04-08-2023,211.6000061035156,213.8300018310547,208.3500061035156,208.759994506836,184100
07-08-2023,208.5500030517578,214.0599975585937,207.8800048828125,211.3300018310547,201800
08-08-2023,210.7899932861328,212.125,208.3800048828125,209.25,117600
09-08-2023,210.33999633789065,210.33999633789065,205.8500061035156,207.19000244140625,150600
10-08-2023,207.1100006103516,208.5350036621093,205.5399932861328,206.6100006103516,101800
11-08-2023,205.52999877929688,208.3000030517578,205.3000030517578,207.92999267578125,132300
14-08-2023,207.9499969482422,209.47999572753903,205.4290008544922,208.9499969482422,154100
15-08-2023,208.94000244140625,209.3800048828125,206.9600067138672,207.8999938964844,144200
16-08-2023,207.07000732421875,208.9550018310547,204.83999633789065,205.6100006103516,252300
17-08-2023,192.9499969482422,195.81500244140625,184.3000030517578,185.0,728200
18-08-2023,184.009994506836,184.58999633789065,177.77999877929688,178.05999755859375,511800
21-08-2023,178.07000732421875,179.81500244140625,175.07000732421875,175.39999389648438,325800
22-08-2023,175.0,177.88999938964844,175.0,177.3300018310547,304100
23-08-2023,177.6699981689453,178.88999938964844,175.44000244140625,175.75999450683594,203700
24-08-2023,175.02000427246094,176.5800018310547,174.25,174.6699981689453,178200
25-08-2023,175.10000610351562,176.72999572753906,175.10000610351562,175.58999633789062,135600
28-08-2023,175.3800048828125,179.24000549316406,175.3800048828125,179.0800018310547,208800
29-08-2023,179.1199951171875,179.3350067138672,176.64999389648438,177.27999877929688,236500
30-08-2023,177.5,178.74000549316406,176.5800018310547,178.25,205400
31-08-2023,178.7100067138672,181.17999267578125,177.7550048828125,178.0,213600
01-09-2023,178.1699981689453,179.61000061035156,176.75,178.9499969482422,138000
05-09-2023,176.72000122070312,177.51499938964844,172.00999450683594,172.00999450683594,358100
06-09-2023,172.47999572753906,172.63900756835938,169.6199951171875,169.8699951171875,228800
07-09-2023,169.55999755859375,169.91000366210938,167.58999633789062,168.1999969482422,267800
08-09-2023,168.0399932861328,169.13999938964844,167.3000030517578,167.9600067138672,267900
11-09-2023,169.5500030517578,172.2899932861328,169.5399932861328,171.83999633789062,212200
12-09-2023,171.52000427246094,175.25,170.8699951171875,175.0500030517578,195300
13-09-2023,174.60000610351562,178.1300048828125,173.39599609375,176.8699951171875,228300
14-09-2023,177.6699981689453,180.9199981689453,177.6699981689453,180.3500061035156,191100
15-09-2023,180.4900054931641,181.3800048828125,176.89999389648438,178.14999389648438,618500
18-09-2023,178.08999633789062,178.63999938964844,176.9600067138672,178.19000244140625,170300
19-09-2023,178.72000122070312,179.9600067138672,178.30999755859375,179.0399932861328,107400
20-09-2023,179.16000366210938,186.0599975585937,177.86000061035156,182.8600006103516,319900
21-09-2023,182.5,182.67999267578125,179.07000732421875,179.47999572753906,171500
22-09-2023,179.6699981689453,183.3800048828125,178.77999877929688,180.63999938964844,210800
25-09-2023,179.4499969482422,180.67999267578125,178.58999633789062,180.0500030517578,98000
26-09-2023,179.50999450683594,179.9600067138672,175.91000366210938,176.1300048828125,183900
27-09-2023,176.64999389648438,178.2550048828125,174.52999877929688,175.44000244140625,154200
28-09-2023,175.52999877929688,177.47000122070312,175.52999877929688,175.89999389648438,186700
29-09-2023,177.2100067138672,177.3800048828125,175.9499969482422,176.3000030517578,143700
02-10-2023,176.08999633789062,177.27999877929688,175.01499938964844,175.5,144300
03-10-2023,175.07000732421875,175.52000427246094,172.7449951171875,173.75,127900
04-10-2023,173.9600067138672,174.78500366210938,172.99000549316406,174.10000610351562,116200
05-10-2023,174.24000549316406,175.0,173.66000366210938,173.8800048828125,105300
06-10-2023,172.82000732421875,176.48800659179688,172.60000610351562,175.6300048828125,141100
09-10-2023,174.9600067138672,177.0,171.22999572753906,176.4499969482422,99200
10-10-2023,176.6699981689453,179.3300018310547,176.6699981689453,178.9600067138672,124300
11-10-2023,179.75999450683594,180.509994506836,177.8699951171875,178.4199981689453,89000
12-10-2023,178.02000427246094,179.0050048828125,175.2899932861328,176.2899932861328,79900
13-10-2023,176.1699981689453,180.8000030517578,174.75,176.8699951171875,99300
16-10-2023,177.33999633789062,181.6699981689453,177.33999633789062,181.3999938964844,100900
17-10-2023,180.7400054931641,184.1000061035156,179.69000244140625,183.1999969482422,136900
18-10-2023,182.7700042724609,182.7700042724609,175.77000427246094,176.1300048828125,196400
19-10-2023,176.97000122070312,177.02000427246094,173.18499755859375,173.9199981689453,137600
20-10-2023,173.6699981689453,174.84500122070312,172.69000244140625,172.7100067138672,137800
23-10-2023,172.30999755859375,173.50999450683594,168.94000244140625,169.89999389648438,164800
24-10-2023,171.17999267578125,172.85000610351562,169.22000122070312,170.3000030517578,222500
25-10-2023,169.36000061035156,170.3249969482422,166.63699340820312,167.19000244140625,217200
26-10-2023,167.47999572753906,169.375,165.24000549316406,166.08999633789062,192200
27-10-2023,165.3699951171875,167.4550018310547,164.7899932861328,165.17999267578125,121000
30-10-2023,165.7899932861328,167.0399932861328,165.64999389648438,166.9199981689453,95100
31-10-2023,167.0399932861328,168.85000610351562,166.3300018310547,168.13999938964844,105900
01-11-2023,168.32000732421875,168.36000061035156,165.77999877929688,167.64999389648438,136000
02-11-2023,173.8800048828125,176.63999938964844,170.2899932861328,175.85000610351562,217900
03-11-2023,177.6300048828125,178.16000366210938,174.32000732421875,174.39999389648438,176500
06-11-2023,174.50999450683594,175.22999572753906,172.5399932861328,173.17999267578125,159300
07-11-2023,172.2100067138672,172.6699981689453,169.88999938964844,170.6199951171875,138800
08-11-2023,170.35000610351562,171.72999572753906,169.1699981689453,169.75999450683594,90800
09-11-2023,169.64999389648438,170.44000244140625,167.1699981689453,168.39999389648438,120200
10-11-2023,168.32000732421875,170.63999938964844,167.44000244140625,170.6300048828125,93300
13-11-2023,170.52999877929688,170.52999877929688,168.6999969482422,169.58999633789062,83700
14-11-2023,171.52000427246094,173.56500244140625,171.4499969482422,173.24000549316406,81500
15-11-2023,173.4199981689453,174.6699981689453,172.67999267578125,174.5500030517578,124100
16-11-2023,174.8300018310547,175.6999969482422,170.19500732421875,170.80999755859375,135900
17-11-2023,171.8699951171875,172.17999267578125,170.6199951171875,172.1199951171875,93200
20-11-2023,171.7100067138672,173.3260040283203,171.0,172.14999389648438,93000
21-11-2023,172.0800018310547,172.0800018310547,170.02999877929688,170.02999877929688,87000
22-11-2023,170.5500030517578,171.2899932861328,170.01300048828125,171.25,71000
24-11-2023,171.44000244140625,171.52000427246094,170.25,171.5,47400
27-11-2023,170.4199981689453,171.77000427246094,169.5800018310547,171.52999877929688,105000
28-11-2023,171.99000549316406,172.8300018310547,168.5399932861328,169.25,137600
29-11-2023,170.47999572753906,170.7899932861328,166.25999450683594,167.27000427246094,236200
30-11-2023,167.0800018310547,169.3000030517578,167.0800018310547,169.19000244140625,150900
01-12-2023,168.94000244140625,171.27999877929688,168.0399932861328,171.27000427246094,98700
04-12-2023,171.0500030517578,173.16000366210938,170.79200744628906,172.5800018310547,113700
05-12-2023,171.25,171.25,169.3000030517578,169.72000122070312,167800
06-12-2023,171.25999450683594,171.3000030517578,169.02999877929688,169.11000061035156,123300
07-12-2023,169.1199951171875,170.1999969482422,168.32000732421875,169.0800018310547,110200
08-12-2023,169.49000549316406,171.11000061035156,169.3000030517578,170.82000732421875,76800
11-12-2023,170.60000610351562,172.0399932861328,170.16000366210938,170.6199951171875,108700
12-12-2023,170.86000061035156,171.27000427246094,170.06500244140625,170.8800048828125,109100
13-12-2023,171.0,172.49000549316406,169.97999572753906,171.42999267578125,108700
14-12-2023,172.75,175.67999267578125,171.61000061035156,173.2899932861328,221400
15-12-2023,173.92999267578125,173.92999267578125,171.75,173.17999267578125,355500
18-12-2023,176.25999450683594,178.92999267578125,175.11500549316406,178.05999755859375,224900
19-12-2023,178.6300048828125,179.99000549316406,177.44000244140625,179.1999969482422,125700
20-12-2023,178.38999938964844,179.49000549316406,176.10499572753906,176.24000549316406,110300
21-12-2023,178.0,178.9499969482422,176.41000366210938,178.85000610351562,119600
22-12-2023,179.33999633789062,180.25,178.32000732421875,178.9199981689453,75400
26-12-2023,179.88999938964844,181.0500030517578,178.93600463867188,180.8500061035156,78300
27-12-2023,181.3999938964844,181.8500061035156,180.3600006103516,181.509994506836,65100
28-12-2023,181.5500030517578,182.4900054931641,180.94000244140625,181.69000244140625,54600
29-12-2023,181.5399932861328,182.5749969482422,180.1999969482422,181.8300018310547,74800
02-01-2024,182.1199951171875,183.0500030517578,180.53599548339844,180.83999633789065,116000
03-01-2024,179.67999267578125,180.2400054931641,177.72000122070312,177.97999572753906,99800
04-01-2024,177.97999572753906,179.07000732421875,177.4499969482422,177.47999572753906,98100
05-01-2024,177.3000030517578,178.9239959716797,176.65499877929688,177.5399932861328,76600
08-01-2024,178.0,179.97999572753906,177.56500244140625,179.6999969482422,96500
09-01-2024,179.25,180.13999938964844,178.22000122070312,178.82000732421875,79600
10-01-2024,179.0,179.4499969482422,178.5,178.74000549316406,63200
11-01-2024,179.61000061035156,179.61000061035156,177.0800018310547,178.8800048828125,70300
12-01-2024,179.6199951171875,180.3099975585937,178.00999450683594,178.5399932861328,52300
16-01-2024,177.27000427246094,190.9600067138672,176.27000427246094,188.8999938964844,538000
17-01-2024,187.2899932861328,192.25,184.6199951171875,185.27999877929688,413600
18-01-2024,186.0,189.1199951171875,185.8500061035156,188.5,158100
19-01-2024,189.6300048828125,190.83999633789065,188.6600036621093,189.94000244140625,93600
22-01-2024,190.5200042724609,190.92999267578125,188.25,188.5,157100
23-01-2024,189.57000732421875,191.3500061035156,188.5050048828125,188.759994506836,142700
24-01-2024,190.1100006103516,190.27999877929688,187.3990020751953,187.47999572753903,82200
25-01-2024,188.0,188.8999938964844,185.4600067138672,185.97999572753903,149100
26-01-2024,186.6199951171875,186.88999938964844,185.4600067138672,186.6499938964844,86800
29-01-2024,186.8999938964844,188.125,186.0,187.759994506836,89100
30-01-2024,186.38999938964844,188.4550018310547,186.38999938964844,187.47000122070312,71600
31-01-2024,187.009994506836,189.0,184.5200042724609,185.1000061035156,154600
01-02-2024,186.4600067138672,187.57000732421875,185.6000061035156,186.3000030517578,118600
02-02-2024,185.9199981689453,185.9199981689453,182.6300048828125,184.6000061035156,148900
05-02-2024,184.2400054931641,184.5399932861328,181.3999938964844,181.82000732421875,168500
06-02-2024,187.0,194.384994506836,184.3300018310547,192.7700042724609,314700
07-02-2024,193.42999267578125,196.5,190.3099975585937,194.72999572753903,214600
08-02-2024,195.02999877929688,195.634994506836,191.1600036621093,191.2100067138672,152500
09-02-2024,190.2899932861328,193.2899932861328,190.2899932861328,190.94000244140625,114500
12-02-2024,190.08999633789065,192.8600006103516,190.08999633789065,191.5599975585937,121200
13-02-2024,189.0500030517578,191.9900054931641,188.83999633789065,189.9199981689453,119300
14-02-2024,191.0200042724609,192.509994506836,190.0800018310547,191.9100036621093,120700
15-02-2024,192.02999877929688,193.1000061035156,190.7949981689453,191.22999572753903,142000
16-02-2024,191.17999267578125,191.5,189.1999969482422,189.33999633789065,145000
20-02-2024,188.3800048828125,190.6649932861328,187.32000732421875,187.9900054931641,154700
21-02-2024,187.4600067138672,188.7400054931641,186.8699951171875,187.8000030517578,99900
22-02-2024,188.5200042724609,192.4750061035156,188.384994506836,191.6499938964844,171800
23-02-2024,191.33999633789065,192.15499877929688,190.3000030517578,191.3600006103516,83300
26-02-2024,190.5,191.58999633789065,188.47999572753903,188.5399932861328,81600
27-02-2024,187.77999877929688,189.2899932861328,187.509994506836,188.3699951171875,178100
28-02-2024,188.5500030517578,189.07000732421875,186.5,187.72999572753903,108600
29-02-2024,187.69000244140625,189.44000244140625,187.69000244140625,188.19000244140625,157400
01-03-2024,188.1199951171875,190.0,186.3999938964844,189.07000732421875,99900
04-03-2024,189.1199951171875,189.1199951171875,187.8350067138672,188.1100006103516,66400
05-03-2024,187.9199981689453,189.1699981689453,185.9499969482422,186.57000732421875,94700
06-03-2024,186.8000030517578,187.0599975585937,185.3000030517578,185.32000732421875,133700
07-03-2024,186.6199951171875,187.6600036621093,185.2700042724609,185.509994506836,109400
08-03-2024,185.1000061035156,185.8249969482422,184.3000030517578,185.5,108800
11-03-2024,184.6100006103516,185.52999877929688,184.2100067138672,184.8800048828125,86000
12-03-2024,184.8699951171875,185.1699981689453,183.9900054931641,184.6499938964844,80800
13-03-2024,185.25,186.0200042724609,184.0,184.0399932861328,98600
14-03-2024,184.009994506836,184.4550018310547,181.66799926757807,182.3300018310547,147300
15-03-2024,181.63999938964844,183.08799743652344,181.63999938964844,182.5399932861328,178100
18-03-2024,182.8000030517578,185.0399932861328,182.8000030517578,184.0399932861328,73800
19-03-2024,184.19000244140625,184.5,182.88999938964844,184.47999572753903,128100
20-03-2024,184.75,184.75,182.60499572753903,183.8600006103516,149900
21-03-2024,184.0,184.9900054931641,183.69000244140625,183.8800048828125,118300
22-03-2024,183.88999938964844,183.88999938964844,181.6100006103516,182.2700042724609,86400
25-03-2024,182.9900054931641,182.9900054931641,181.19000244140625,181.19000244140625,86100
26-03-2024,182.07000732421875,182.2350006103516,181.19000244140625,181.4900054931641,81800
27-03-2024,182.8800048828125,184.8300018310547,182.4499969482422,184.77999877929688,184000
28-03-2024,185.0,185.67999267578125,183.6000061035156,184.5200042724609,85800
01-04-2024,184.33999633789065,184.4250030517578,183.1100006103516,183.6100006103516,94000
02-04-2024,182.2100067138672,182.7749938964844,180.10000610351562,181.3300018310547,174200
03-04-2024,181.5599975585937,183.8099975585937,181.33999633789065,183.22999572753903,145700
04-04-2024,183.8300018310547,186.83999633789065,183.8300018310547,185.3600006103516,155900
05-04-2024,185.42999267578125,185.88999938964844,183.6000061035156,184.0399932861328,90900
08-04-2024,184.5800018310547,185.74899291992188,184.0200042724609,184.6699981689453,89300
09-04-2024,184.8000030517578,186.259994506836,184.1300048828125,185.42999267578125,77700
10-04-2024,183.1199951171875,184.35499572753903,183.1199951171875,183.8000030517578,84700
11-04-2024,184.08999633789065,184.1430053710937,182.57000732421875,182.5800018310547,83600
12-04-2024,182.1999969482422,184.02999877929688,180.9949951171875,181.8699951171875,141300
15-04-2024,182.6999969482422,183.79299926757807,181.32000732421875,182.5,115400
16-04-2024,182.0399932861328,182.67999267578125,180.05999755859375,180.4600067138672,96100
17-04-2024,181.58999633789065,181.94500732421875,178.83999633789062,178.83999633789062,90200
18-04-2024,178.64999389648438,180.3500061035156,178.35000610351562,179.1699981689453,84400
19-04-2024,179.10000610351562,180.4149932861328,178.82000732421875,179.88999938964844,85100
22-04-2024,180.5,182.63999938964844,179.89999389648438,182.2100067138672,100800
23-04-2024,182.1499938964844,188.3999938964844,182.1499938964844,185.08999633789065,173600
24-04-2024,185.8000030517578,187.3600006103516,185.3999938964844,186.1499938964844,98700
25-04-2024,184.63999938964844,187.8600006103516,183.15499877929688,187.4499969482422,118800
26-04-2024,187.25,188.4100036621093,186.0599975585937,186.77999877929688,92300
29-04-2024,187.6999969482422,190.8000030517578,187.22999572753903,187.9600067138672,198700
30-04-2024,187.3699951171875,188.1909942626953,185.8300018310547,185.9199981689453,136500
01-05-2024,186.4499969482422,187.4949951171875,185.4600067138672,185.759994506836,162500
02-05-2024,184.33999633789065,186.63999938964844,182.3999938964844,183.3099975585937,203400
03-05-2024,185.759994506836,192.7100067138672,183.85499572753903,184.6499938964844,156500
06-05-2024,186.08999633789065,188.759994506836,186.08999633789065,188.0599975585937,140500
07-05-2024,188.6000061035156,190.0800018310547,187.2050018310547,188.33999633789065,118000
08-05-2024,187.6300048828125,190.82000732421875,187.53399658203125,190.6999969482422,184400
09-05-2024,190.6600036621093,191.77999877929688,189.0399932861328,189.0800018310547,102400
10-05-2024,189.9900054931641,191.2400054931641,187.8000030517578,189.02999877929688,95300
13-05-2024,189.02999877929688,189.02999877929688,184.3950042724609,185.0399932861328,186900
14-05-2024,186.17999267578125,186.8600006103516,184.531005859375,185.2400054931641,100800
15-05-2024,186.6100006103516,189.47000122070312,185.8000030517578,188.5399932861328,122600
16-05-2024,188.8000030517578,189.8500061035156,188.0,189.1300048828125,72800
17-05-2024,189.8000030517578,190.4199981689453,189.1699981689453,189.8300018310547,99400
20-05-2024,188.9600067138672,189.0,186.2899932861328,186.9600067138672,123800
21-05-2024,186.22000122070312,187.6450042724609,185.92999267578125,186.2700042724609,92100
22-05-2024,186.1300048828125,186.5200042724609,185.2050018310547,185.77999877929688,105400
23-05-2024,185.4900054931641,185.4900054931641,182.44000244140625,182.4600067138672,117000
24-05-2024,182.75,184.9600067138672,182.72999572753903,184.3000030517578,87400
28-05-2024,184.0399932861328,184.6100006103516,183.13999938964844,183.82000732421875,103800
29-05-2024,182.3000030517578,184.9349975585937,182.3000030517578,183.1000061035156,94100
30-05-2024,183.5,183.9900054931641,182.6999969482422,182.97999572753903,92600
31-05-2024,183.0399932861328,184.8999938964844,183.0399932861328,184.6499938964844,166000
03-06-2024,185.3000030517578,188.3800048828125,184.4600067138672,187.5,131300
04-06-2024,187.8300018310547,189.5200042724609,187.4149932861328,189.509994506836,96000
05-06-2024,190.6300048828125,191.8600006103516,189.0279998779297,190.88999938964844,105800
06-06-2024,189.8800048828125,190.4149932861328,186.63999938964844,186.8699951171875,84900
07-06-2024,186.17999267578125,188.8800048828125,186.17999267578125,187.6499938964844,75000
10-06-2024,187.1499938964844,187.20399475097656,184.2700042724609,186.47999572753903,93100
11-06-2024,185.6600036621093,187.6510009765625,185.6300048828125,186.1000061035156,84800
12-06-2024,187.0500030517578,187.72000122070312,186.1199951171875,187.3600006103516,78800
13-06-2024,187.22999572753903,187.22999572753903,182.75,182.83999633789065,101700
14-06-2024,181.6499938964844,182.19000244140625,181.0,182.1199951171875,109200
17-06-2024,181.2899932861328,183.22999572753903,181.2899932861328,181.509994506836,106500
18-06-2024,181.0,182.5200042724609,180.8800048828125,182.33999633789065,83100
20-06-2024,183.0,190.22000122070312,182.5,187.47999572753903,211200
21-06-2024,187.7899932861328,188.8999938964844,186.6649932861328,188.5,242200
24-06-2024,188.5,188.5,183.8099975585937,184.97999572753903,159300
25-06-2024,184.5399932861328,186.21499633789065,184.1999969482422,185.6499938964844,89600
26-06-2024,185.6499938964844,189.2700042724609,185.6499938964844,189.19000244140625,106000
27-06-2024,189.6600036621093,189.75,187.6699981689453,189.5800018310547,70200
28-06-2024,189.7899932861328,190.1629943847656,186.58799743652344,188.1300048828125,169900
01-07-2024,187.4199981689453,194.0,186.27999877929688,192.3999938964844,236200
02-07-2024,193.42999267578125,195.5449981689453,192.67999267578125,194.75,103400
03-07-2024,195.42999267578125,195.9199981689453,193.33999633789065,193.69000244140625,36400
05-07-2024,193.6699981689453,194.8800048828125,193.25,194.7400054931641,62500
08-07-2024,195.69000244140625,196.1100006103516,193.07000732421875,193.7400054931641,71500
09-07-2024,193.47000122070312,195.3000030517578,192.42999267578125,194.72000122070312,76000
10-07-2024,193.52999877929688,194.0399932861328,192.0,193.8600006103516,75000
11-07-2024,194.7100067138672,195.6000061035156,192.9499969482422,194.5,112500
12-07-2024,195.52999877929688,197.9100036621093,195.52999877929688,197.7400054931641,82800
15-07-2024,197.17999267578125,198.47000122070312,197.0,197.47000122070312,74400
16-07-2024,197.63999938964844,199.47000122070312,196.8699951171875,199.0399932861328,90800
17-07-2024,197.44000244140625,202.31500244140625,196.6699981689453,198.2400054931641,143900
18-07-2024,197.6100006103516,199.83999633789065,196.5200042724609,196.52999877929688,69200
19-07-2024,196.5399932861328,196.9100036621093,195.1649932861328,196.82000732421875,73400
22-07-2024,196.4600067138672,197.4100036621093,195.1020050048828,197.3500061035156,77900
23-07-2024,197.69000244140625,199.009994506836,196.5599975585937,198.3500061035156,65500
24-07-2024,197.25,198.3500061035156,196.3000030517578,196.5800018310547,70400
25-07-2024,196.52999877929688,200.6750030517578,196.52999877929688,198.1199951171875,90500
26-07-2024,199.1100006103516,201.42999267578125,198.4900054931641,199.0599975585937,73000
29-07-2024,199.0500030517578,201.2449951171875,197.4499969482422,199.2899932861328,87600
30-07-2024,199.32000732421875,201.7100067138672,199.32000732421875,201.13999938964844,68400
31-07-2024,200.9600067138672,201.5,199.4550018310547,200.4100036621093,75000
01-08-2024,201.75,201.75,197.22999572753903,200.2400054931641,105800
02-08-2024,199.2400054931641,199.2400054931641,195.22999572753903,195.2400054931641,80800
05-08-2024,190.0,192.8500061035156,186.0,187.2899932861328,149900
06-08-2024,188.67999267578125,191.5780029296875,187.9600067138672,189.3500061035156,172300
07-08-2024,191.2899932861328,192.634994506836,189.4550018310547,190.259994506836,151600
08-08-2024,190.83999633789065,193.63999938964844,188.67999267578125,193.52999877929688,105600
09-08-2024,194.02999877929688,196.2899932861328,193.0399932861328,196.22999572753903,90400
12-08-2024,195.83999633789065,196.8600006103516,194.3500061035156,195.7899932861328,127800
13-08-2024,210.0,213.259994506836,193.9900054931641,194.7700042724609,414300
14-08-2024,196.5,197.7449951171875,195.0500030517578,196.8600006103516,199300
15-08-2024,197.0800018310547,201.57000732421875,197.0800018310547,200.6699981689453,150500
16-08-2024,201.1199951171875,203.6199951171875,200.0,201.0800018310547,181300
19-08-2024,200.4900054931641,208.7899932861328,200.4900054931641,208.75,196300
20-08-2024,207.9600067138672,208.17999267578125,205.5,206.1600036621093,125300
21-08-2024,206.47000122070312,208.5800018310547,205.0,208.1100006103516,99000
22-08-2024,208.57000732421875,209.48599243164065,207.3500061035156,207.7100067138672,111900
23-08-2024,208.3600006103516,209.94500732421875,207.04600524902344,208.8699951171875,70300
26-08-2024,209.3000030517578,209.47999572753903,207.6849975585937,207.8699951171875,84600
27-08-2024,207.58999633789065,210.6100006103516,207.58999633789065,209.47000122070312,115700
28-08-2024,208.0599975585937,209.6000061035156,207.8600006103516,209.1699981689453,65600
29-08-2024,209.57000732421875,210.3300018310547,207.77999877929688,207.97999572753903,53900
30-08-2024,207.9600067138672,209.65499877929688,206.3000030517578,209.0500030517578,108000
03-09-2024,207.83999633789065,208.4550018310547,205.0500030517578,205.4199981689453,98500
04-09-2024,204.759994506836,208.4100036621093,204.759994506836,205.7700042724609,77300
05-09-2024,206.0800018310547,206.10499572753903,203.0599975585937,204.52999877929688,62000
06-09-2024,203.9900054931641,205.25,200.5500030517578,202.3300018310547,116800
09-09-2024,201.97000122070312,202.6649932861328,201.3600006103516,202.1000061035156,99100
10-09-2024,202.8699951171875,203.5800018310547,201.1199951171875,201.94000244140625,79600
11-09-2024,200.8000030517578,203.0399932861328,199.4900054931641,202.32000732421875,84900
12-09-2024,203.2899932861328,203.52999877929688,201.5399932861328,203.0599975585937,58800
13-09-2024,203.9199981689453,205.5050048828125,203.9199981689453,204.77999877929688,64900
16-09-2024,204.67999267578125,206.4600067138672,204.3099975585937,205.9499969482422,72900
17-09-2024,206.1300048828125,207.5,205.77999877929688,207.4900054931641,69100
18-09-2024,208.52999877929688,210.94000244140625,206.97999572753903,207.0399932861328,100800
19-09-2024,210.3500061035156,210.44000244140625,208.27999877929688,209.6000061035156,67400
20-09-2024,208.8699951171875,209.3999938964844,205.6499938964844,207.0200042724609,242300
23-09-2024,208.3099975585937,208.3099975585937,206.02999877929688,206.1000061035156,75900
24-09-2024,206.6699981689453,208.7050018310547,205.38999938964844,206.72000122070312,78900
25-09-2024,206.82000732421875,207.02999877929688,205.3000030517578,206.2100067138672,77500
26-09-2024,207.6000061035156,208.38999938964844,205.1499938964844,208.32000732421875,65700
27-09-2024,208.32000732421875,209.5500030517578,206.32000732421875,208.0500030517578,65900
30-09-2024,208.5599975585937,208.8999938964844,206.5249938964844,208.259994506836,83400
01-10-2024,207.0,209.7400054931641,205.6100006103516,208.82000732421875,73100
02-10-2024,208.52999877929688,212.33999633789065,208.3950042724609,212.1600036621093,93200
03-10-2024,210.97000122070312,216.1499938964844,210.97000122070312,214.22999572753903,174800
04-10-2024,215.0,217.32000732421875,214.42999267578125,217.2400054931641,89600
07-10-2024,216.0200042724609,216.0200042724609,213.94000244140625,214.3800048828125,60500
08-10-2024,213.6699981689453,215.57000732421875,212.9600067138672,215.25,69100
09-10-2024,214.67999267578125,216.0,213.6199951171875,214.6300048828125,67300
10-10-2024,213.3800048828125,216.0590057373047,213.1300048828125,213.2100067138672,55700
11-10-2024,213.8600006103516,216.9900054931641,212.8699951171875,216.2899932861328,60800
14-10-2024,215.8300018310547,217.97000122070312,215.38999938964844,217.38999938964844,54800
15-10-2024,217.58999633789065,220.0,217.58999633789065,219.3800048828125,79500
16-10-2024,219.88999938964844,220.4900054931641,218.6699981689453,219.6199951171875,78400
17-10-2024,219.44000244140625,221.5,218.16799926757807,220.52999877929688,92200
18-10-2024,220.6000061035156,221.322998046875,218.1999969482422,218.42999267578125,64800
21-10-2024,218.42999267578125,219.05499267578125,217.0500030517578,217.1100006103516,61700
22-10-2024,216.3099975585937,219.009994506836,215.4600067138672,218.8800048828125,78500
23-10-2024,217.7100067138672,219.58999633789065,216.2250061035156,216.38999938964844,60700
24-10-2024,215.7700042724609,218.5200042724609,215.6300048828125,217.7400054931641,88100
25-10-2024,217.5399932861328,220.44000244140625,217.1600036621093,220.009994506836,100300
28-10-2024,219.9900054931641,222.3500061035156,219.9900054931641,222.25,64200
29-10-2024,221.0200042724609,223.8600006103516,221.0200042724609,222.8800048828125,106500
30-10-2024,221.9199981689453,227.6600036621093,221.9199981689453,223.8999938964844,106600
31-10-2024,222.8500061035156,224.47000122070312,221.3000030517578,222.6999969482422,167100
01-11-2024,225.3300018310547,225.3300018310547,213.08999633789065,220.9900054931641,283800
04-11-2024,220.1300048828125,220.8000030517578,213.38999938964844,215.8800048828125,215900
05-11-2024,215.9499969482422,219.3070068359375,214.4900054931641,217.8600006103516,97300
06-11-2024,226.3500061035156,230.69000244140625,224.6699981689453,225.3500061035156,223500
07-11-2024,225.1100006103516,230.0,224.875,228.44000244140625,145700
08-11-2024,227.4499969482422,227.6499938964844,223.8699951171875,227.3500061035156,193400
11-11-2024,227.6600036621093,228.65499877929688,225.3300018310547,226.0399932861328,118600
12-11-2024,225.97999572753903,226.80499267578125,223.5200042724609,225.1100006103516,73300
13-11-2024,223.97000122070312,226.31500244140625,222.3099975585937,222.3099975585937,81900
14-11-2024,222.17999267578125,223.7550048828125,220.6300048828125,222.5599975585937,75700
15-11-2024,221.5,223.0,218.5500030517578,218.8600006103516,84100
18-11-2024,217.8699951171875,220.4900054931641,216.6600036621093,219.0500030517578,150400
19-11-2024,217.5,223.7850036621093,217.5,222.22999572753903,92300
20-11-2024,222.1600036621093,224.7899932861328,220.5800018310547,224.3000030517578,74900
21-11-2024,223.88999938964844,228.9499969482422,222.9199981689453,228.4900054931641,97000
22-11-2024,227.9600067138672,230.5,227.9600067138672,229.8300018310547,75700
25-11-2024,229.759994506836,232.5800018310547,228.41799926757807,228.97000122070312,102700
26-11-2024,229.3000030517578,231.0,228.5500030517578,230.3699951171875,54200
27-11-2024,231.3999938964844,232.07000732421875,228.2899932861328,229.1100006103516,43500
29-11-2024,229.259994506836,231.6100006103516,229.0,229.9499969482422,31200
02-12-2024,230.57000732421875,231.42999267578125,228.72999572753903,229.0800018310547,66800
03-12-2024,229.1300048828125,231.5449981689453,227.4199981689453,229.6699981689453,90900
04-12-2024,230.1300048828125,232.0500030517578,228.9499969482422,231.759994506836,53000
05-12-2024,231.7400054931641,231.7400054931641,229.0599975585937,229.42999267578125,42600
06-12-2024,229.5500030517578,231.3999938964844,228.4199981689453,230.22999572753903,59000
09-12-2024,230.07000732421875,231.2550048828125,227.75,227.75,58200
10-12-2024,228.08999633789065,229.77999877929688,226.8300018310547,228.2700042724609,48200
11-12-2024,230.0399932861328,234.1100006103516,227.8999938964844,233.009994506836,115200
12-12-2024,233.7400054931641,235.009994506836,230.97999572753903,234.63999938964844,60500
13-12-2024,235.19000244140625,235.19000244140625,232.6529998779297,235.1699981689453,63200
16-12-2024,234.25,237.99200439453125,234.25,235.8500061035156,97400
17-12-2024,234.8800048828125,235.5500030517578,231.0,232.3099975585937,106500
18-12-2024,233.6999969482422,234.22999572753903,225.97000122070312,226.3699951171875,68400
19-12-2024,228.8600006103516,229.4600067138672,222.75,223.7899932861328,127400
20-12-2024,223.759994506836,227.6699981689453,222.8509979248047,225.3500061035156,170000
23-12-2024,224.47999572753903,225.01499938964844,219.47999572753903,220.3099975585937,71800
24-12-2024,220.1000061035156,221.9349975585937,219.2400054931641,221.19000244140625,37100
26-12-2024,219.6000061035156,222.4100036621093,219.1499938964844,221.72000122070312,67500
27-12-2024,219.8999938964844,221.97000122070312,219.1809997558593,221.1000061035156,40400
30-12-2024,221.009994506836,228.7850036621093,219.0800018310547,228.07000732421875,137200
31-12-2024,226.88999938964844,227.6649932861328,225.3280029296875,225.67999267578125,77300
02-01-2025,226.9600067138672,227.3800048828125,222.6600036621093,223.0800018310547,78600
03-01-2025,224.6000061035156,226.0599975585937,222.8650054931641,223.3300018310547,91000
06-01-2025,223.6499938964844,225.22999572753903,219.009994506836,219.17999267578125,131000
07-01-2025,219.6300048828125,220.2550048828125,215.57000732421875,215.83999633789065,88600
08-01-2025,214.759994506836,215.9199981689453,213.2100067138672,215.77999877929688,108100
10-01-2025,214.75,215.2700042724609,212.0350036621093,212.1199951171875,82800
13-01-2025,210.75,215.63999938964844,210.52999877929688,213.9600067138672,75500
14-01-2025,214.8999938964844,217.75,213.38999938964844,213.4499969482422,80100
15-01-2025,215.7700042724609,219.57000732421875,214.8249969482422,215.42999267578125,58100
16-01-2025,216.0,217.8350067138672,214.7700042724609,215.1999969482422,68300
17-01-2025,216.5,217.6100006103516,215.509994506836,217.0,47600
21-01-2025,218.5,223.1699981689453,218.5,219.75,94200
22-01-2025,219.8999938964844,221.72000122070312,217.8800048828125,218.47999572753903,54200
23-01-2025,216.63999938964844,220.509994506836,216.63999938964844,218.4600067138672,61500
24-01-2025,219.38999938964844,220.1600036621093,218.1300048828125,219.5800018310547,66300
27-01-2025,218.9900054931641,225.6199951171875,218.9900054931641,221.5500030517578,98500
28-01-2025,221.1999969482422,223.05499267578125,219.5500030517578,219.5599975585937,60400
29-01-2025,219.88999938964844,220.97999572753903,218.2100067138672,219.7100067138672,48900
30-01-2025,221.1499938964844,221.8500061035156,219.509994506836,220.6000061035156,49200
31-01-2025,220.5,221.13999938964844,218.1699981689453,219.8699951171875,89400
03-02-2025,219.0,222.4499969482422,216.9900054931641,218.22999572753903,223000
04-02-2025,217.63999938964844,219.1199951171875,208.8999938964844,210.3999938964844,224000
05-02-2025,210.9900054931641,212.7400054931641,208.47999572753903,208.82000732421875,101400
06-02-2025,209.5599975585937,213.2100067138672,208.94500732421875,210.3699951171875,132200
07-02-2025,204.6100006103516,208.0,200.9499969482422,205.4199981689453,246900
10-02-2025,206.3600006103516,209.9149932861328,205.44500732421875,208.2400054931641,147000
11-02-2025,208.2400054931641,209.2749938964844,206.52999877929688,208.009994506836,90800
12-02-2025,206.17999267578125,210.009994506836,206.15499877929688,210.0,86600
13-02-2025,210.25,211.65499877929688,209.7250061035156,210.9900054931641,71800
14-02-2025,210.82000732421875,212.0,209.2899932861328,211.6699981689453,77900
18-02-2025,212.3000030517578,212.9900054931641,206.6499938964844,206.9100036621093,117300
19-02-2025,207.57000732421875,209.7700042724609,205.8280029296875,207.5200042724609,132300
20-02-2025,206.7400054931641,207.38999938964844,205.4600067138672,205.4600067138672,96200
21-02-2025,205.7400054931641,205.9600067138672,201.7899932861328,203.1100006103516,103000
24-02-2025,204.009994506836,206.9499969482422,201.9499969482422,202.6600036621093,114200
25-02-2025,201.8000030517578,202.8699951171875,199.25,201.9900054931641,129300
26-02-2025,202.08999633789065,204.509994506836,201.83999633789065,202.759994506836,91900
27-02-2025,202.83999633789065,204.47000122070312,200.71499633789065,201.32000732421875,82300
28-02-2025,199.9900054931641,203.75,199.3820037841797,203.69000244140625,134800
03-03-2025,205.0599975585937,205.0599975585937,200.259994506836,201.47999572753903,148000
04-03-2025,199.6699981689453,200.0399932861328,197.1439971923828,198.72999572753903,171100
05-03-2025,198.7100067138672,201.44000244140625,197.5200042724609,200.2899932861328,112800
06-03-2025,198.58999633789065,200.51499938964844,197.52999877929688,198.3699951171875,101100
07-03-2025,196.9600067138672,199.32000732421875,193.55499267578125,196.83999633789065,130900
10-03-2025,195.0,196.45399475097656,187.6100006103516,189.77999877929688,184900
11-03-2025,189.92999267578125,192.2250061035156,186.5019989013672,187.75,117700
12-03-2025,188.259994506836,188.6600036621093,185.2400054931641,188.4499969482422,107800
13-03-2025,186.88999938964844,188.07000732421875,185.3000030517578,185.75,154500
14-03-2025,187.72999572753903,189.0200042724609,186.1519927978516,188.9199981689453,154700
17-03-2025,187.69000244140625,193.4600067138672,187.69000244140625,192.0399932861328,111100
18-03-2025,191.72999572753903,191.72999572753903,189.19000244140625,191.009994506836,96300
19-03-2025,191.1999969482422,196.6649932861328,190.6999969482422,194.67999267578125,198700
20-03-2025,193.1699981689453,201.19500732421875,193.1699981689453,197.75,421600
21-03-2025,196.77999877929688,198.52999877929688,195.1390075683593,198.5200042724609,264600
24-03-2025,200.83999633789065,201.6699981689453,198.6000061035156,199.2899932861328,188300
25-03-2025,198.6100006103516,199.17999267578125,195.26499938964844,197.8699951171875,177200
26-03-2025,199.17999267578125,199.9900054931641,197.3000030517578,198.509994506836,112900
27-03-2025,198.509994506836,199.0959930419922,196.17999267578125,198.6999969482422,103600
28-03-2025,198.72000122070312,198.8099975585937,192.67999267578125,194.97000122070312,191600
31-03-2025,193.9900054931641,195.0399932861328,191.2700042724609,194.72000122070312,180400
01-04-2025,195.1699981689453,198.5,193.3999938964844,198.3600006103516,174900
02-04-2025,195.92999267578125,199.47999572753903,194.5,199.22999572753903,96700
03-04-2025,193.259994506836,195.6499938964844,191.1699981689453,193.3500061035156,172300
04-04-2025,188.5800018310547,190.8300018310547,178.5800018310547,180.9600067138672,341600
07-04-2025,177.00999450683594,185.07000732421875,173.25999450683594,178.7899932861328,383600
08-04-2025,184.0,184.13999938964844,173.6699981689453,175.61000061035156,150900
09-04-2025,173.60000610351562,189.384994506836,173.60000610351562,188.6699981689453,191800
10-04-2025,186.509994506836,189.5,182.8999938964844,187.9600067138672,171200
11-04-2025,188.5599975585937,191.88999938964844,186.1000061035156,190.4199981689453,175600
14-04-2025,191.72999572753903,193.19500732421875,190.1499938964844,190.3500061035156,129900
15-04-2025,190.4499969482422,194.0,189.9949951171875,192.5800018310547,116100
16-04-2025,192.1100006103516,192.1100006103516,186.2899932861328,188.8300018310547,108800
17-04-2025,190.0,192.3300018310547,188.3500061035156,191.6499938964844,72800
21-04-2025,189.2899932861328,189.3500061035156,183.5800018310547,185.3999938964844,133300
22-04-2025,185.5,189.0809936523437,185.5,188.08999633789065,283800
23-04-2025,192.0399932861328,195.1230010986328,188.9600067138672,189.57000732421875,88300
24-04-2025,189.4199981689453,192.875,189.4199981689453,191.7400054931641,76800
25-04-2025,192.3699951171875,192.9499969482422,189.38999938964844,192.1600036621093,93500
28-04-2025,193.4499969482422,196.58999633789065,193.259994506836,195.3999938964844,134800
29-04-2025,194.82000732421875,196.1199951171875,192.57000732421875,193.44000244140625,157000
30-04-2025,192.4900054931641,192.77999877929688,188.9900054931641,192.57000732421875,170800
01-05-2025,193.1499938964844,194.63999938964844,192.1300048828125,192.8500061035156,165000
02-05-2025,188.9199981689453,192.5850067138672,184.6300048828125,187.3600006103516,219200
05-05-2025,186.22999572753903,190.22999572753903,185.25,188.8699951171875,207600
06-05-2025,189.1100006103516,191.94000244140625,188.1999969482422,190.6300048828125,130900
07-05-2025,191.13999938964844,193.97999572753903,190.2400054931641,190.3099975585937,193200
08-05-2025,190.88999938964844,193.35499572753903,190.44000244140625,190.9100036621093,118100
09-05-2025,191.22000122070312,192.77999877929688,191.0,191.8000030517578,105500
12-05-2025,196.0,196.0,194.10499572753903,195.1300048828125,105800
13-05-2025,194.5800018310547,198.33999633789065,194.1150054931641,196.759994506836,137900
14-05-2025,197.0,197.0,194.69000244140625,196.08999633789065,128300
15-05-2025,196.82000732421875,197.33999633789065,194.85499572753903,196.759994506836,92100
16-05-2025,197.8800048828125,198.76499938964844,195.72999572753903,197.4199981689453,110600
19-05-2025,196.4900054931641,198.5399932861328,196.21499633789065,198.52999877929688,88600
20-05-2025,198.9499969482422,199.0,195.3600006103516,196.6300048828125,73500
21-05-2025,196.3099975585937,196.3099975585937,190.6699981689453,191.1300048828125,117800
22-05-2025,190.22000122070312,191.6100006103516,188.42999267578125,190.25,135300
23-05-2025,188.3999938964844,191.6000061035156,188.3999938964844,190.72000122070312,79200
27-05-2025,192.33999633789065,192.33999633789065,189.97000122070312,191.2700042724609,148700
28-05-2025,191.6100006103516,191.6100006103516,187.1199951171875,187.77999877929688,142000
29-05-2025,187.77999877929688,189.6300048828125,186.7209930419922,189.6300048828125,108100
30-05-2025,189.0,190.113998413086,187.1000061035156,189.88999938964844,114100
02-06-2025,189.17999267578125,190.3000030517578,187.0,189.759994506836,107900
03-06-2025,189.3300018310547,190.47999572753903,188.63999938964844,189.33999633789065,93700
04-06-2025,189.25,190.134994506836,188.52999877929688,188.8000030517578,151600
05-06-2025,189.3699951171875,190.8500061035156,188.9949951171875,189.75,105400
06-06-2025,191.27999877929688,191.27999877929688,189.52999877929688,191.22000122070312,102700
09-06-2025,191.7400054931641,192.2700042724609,189.3650054931641,189.97999572753903,113100
10-06-2025,190.0399932861328,192.27999877929688,189.97000122070312,192.2700042724609,181000
11-06-2025,192.27999877929688,193.7100067138672,190.718994140625,191.2400054931641,89400
12-06-2025,190.1999969482422,190.4550018310547,188.5500030517578,189.4900054931641,135500
13-06-2025,189.2400054931641,190.0399932861328,186.0,187.3600006103516,168800
16-06-2025,188.259994506836,190.97000122070312,188.2400054931641,190.7400054931641,181200
17-06-2025,190.6000061035156,190.9900054931641,186.27999877929688,186.8500061035156,196500
18-06-2025,187.0399932861328,191.2250061035156,186.2100067138672,191.1100006103516,374800
20-06-2025,201.33999633789065,208.3309936523437,197.509994506836,203.1000061035156,582000
23-06-2025,203.1699981689453,209.61599731445312,201.88999938964844,207.2899932861328,447500
24-06-2025,210.0,210.0,204.82000732421875,207.6000061035156,277800
25-06-2025,207.58999633789065,208.1450042724609,203.9349975585937,205.72999572753903,195400
26-06-2025,205.6999969482422,207.9149932861328,204.8300018310547,206.72000122070312,151200
27-06-2025,206.82000732421875,208.8800048828125,205.7019958496093,208.57000732421875,426700
30-06-2025,208.75,210.3300018310547,207.2749938964844,208.9499969482422,245800
01-07-2025,207.72000122070312,209.13999938964844,204.509994506836,205.0,202400
02-07-2025,205.0,208.3500061035156,204.009994506836,208.1999969482422,214100
03-07-2025,209.0,211.8800048828125,206.1999969482422,207.8999938964844,148500
07-07-2025,208.19000244140625,208.19000244140625,204.0,204.77999877929688,160700
08-07-2025,204.1199951171875,206.0619964599609,202.5800018310547,202.9499969482422,175300
09-07-2025,202.94000244140625,204.3300018310547,202.1699981689453,202.1699981689453,147400
10-07-2025,202.0,204.1999969482422,202.0,203.759994506836,195000
11-07-2025,203.8699951171875,208.14599609375,202.8800048828125,205.8800048828125,170500
14-07-2025,205.8800048828125,211.1100006103516,205.8800048828125,208.1100006103516,211400
15-07-2025,208.1600036621093,209.6150054931641,204.1199951171875,204.22000122070312,187200
16-07-2025,205.0200042724609,209.6600036621093,204.1100006103516,208.5,146400
17-07-2025,207.4900054931641,211.42999267578125,207.1450042724609,210.4199981689453,250900
18-07-2025,210.25,211.38999938964844,208.1849975585937,208.4100036621093,178500
21-07-2025,208.88999938964844,208.88999938964844,204.6000061035156,204.6199951171875,146400
22-07-2025,204.72000122070312,206.009994506836,204.13999938964844,204.94000244140625,148900
23-07-2025,204.42999267578125,206.343994140625,202.0500030517578,205.0,151600
24-07-2025,204.42999267578125,205.38999938964844,203.2700042724609,203.3099975585937,116500
25-07-2025,202.92999267578125,204.3300018310547,201.6999969482422,202.1999969482422,101400
28-07-2025,201.3300018310547,203.1999969482422,200.6999969482422,202.2700042724609,132100
29-07-2025,203.6100006103516,204.0,200.0399932861328,201.0800018310547,103600
30-07-2025,202.17999267578125,203.8099975585937,202.0249938964844,203.72000122070312,164800
31-07-2025,203.0399932861328,205.1100006103516,201.88299560546875,202.1000061035156,156300
01-08-2025,201.9900054931641,201.9900054931641,195.6999969482422,199.5500030517578,143400
04-08-2025,199.8800048828125,202.1499938964844,199.8800048828125,202.0200042724609,94700
05-08-2025,201.0,202.759994506836,200.0,202.3500061035156,131600
06-08-2025,204.27999877929688,204.5599975585937,201.6600036621093,203.2400054931641,110100
07-08-2025,203.58999633789065,203.7539978027344,200.2449951171875,201.9600067138672,142700
08-08-2025,201.92999267578125,204.375,199.17999267578125,199.32000732421875,191000
11-08-2025,199.4900054931641,202.94000244140625,199.4900054931641,202.47999572753903,235200
12-08-2025,202.47999572753903,204.509994506836,193.1999969482422,195.3999938964844,444700
13-08-2025,191.5,195.509994506836,188.59500122070312,194.5200042724609,699800
14-08-2025,194.44000244140625,195.0,191.6649932861328,192.6499938964844,249100
15-08-2025,192.47000122070312,200.0599975585937,191.3300018310547,197.6100006103516,367200
18-08-2025,197.6100006103516,199.47999572753903,196.07000732421875,196.9199981689453,202200
19-08-2025,197.27999877929688,197.8600006103516,195.19000244140625,196.63999938964844,173300
20-08-2025,196.8999938964844,197.22999572753903,194.6600036621093,195.52999877929688,156000
21-08-2025,195.3300018310547,197.4100036621093,194.4100036621093,196.6499938964844,134900
22-08-2025,198.82000732421875,199.72000122070312,197.3999938964844,198.6499938964844,102800
25-08-2025,199.0500030517578,200.0249938964844,197.2700042724609,198.4100036621093,177500
26-08-2025,197.8099975585937,198.5399932861328,196.7899932861328,196.9900054931641,130200
27-08-2025,196.0599975585937,197.38999938964844,195.44000244140625,196.259994506836,139600
28-08-2025,196.5,197.42999267578125,195.3300018310547,196.5399932861328,135100
29-08-2025,196.13999938964844,198.38999938964844,195.77099609375,197.83999633789065,192200
02-09-2025,196.509994506836,197.5800018310547,194.57000732421875,195.77999877929688,161900
03-09-2025,196.97000122070312,197.28700256347656,193.8650054931641,195.8999938964844,242100
04-09-2025,196.72999572753903,199.0,195.42999267578125,196.08999633789065,201400
05-09-2025,196.63999938964844,197.7050018310547,194.25,195.97999572753903,157700
08-09-2025,197.94000244140625,203.1000061035156,196.6450042724609,202.9900054931641,203600
09-09-2025,206.8600006103516,210.259994506836,205.3699951171875,206.3600006103516,385900
10-09-2025,205.7899932861328,206.9900054931641,204.2850036621093,205.27999877929688,173900
11-09-2025,204.77999877929688,212.0,204.4199981689453,211.75,257500
12-09-2025,212.0,213.8650054931641,210.3099975585937,213.02999877929688,205100
15-09-2025,213.259994506836,216.23800659179688,210.72999572753903,210.9499969482422,195300
16-09-2025,210.2100067138672,215.0399932861328,209.1100006103516,214.6600036621093,237700
17-09-2025,214.72000122070312,219.7100067138672,213.5,219.5,350300
18-09-2025,219.52999877929688,222.6000061035156,214.7700042724609,215.3699951171875,232900
19-09-2025,216.3800048828125,216.6300048828125,213.5500030517578,213.6199951171875,407200
22-09-2025,213.8699951171875,216.3800048828125,213.0,215.47000122070312,245000
23-09-2025,216.22000122070312,218.0,214.8300018310547,215.9199981689453,157300
24-09-2025,216.0,220.3999938964844,216.0,217.25,208200
25-09-2025,217.7700042724609,223.1600036621093,215.9900054931641,221.9199981689453,303700
26-09-2025,222.0,226.1649932861328,221.509994506836,223.5500030517578,287000
29-09-2025,224.25,231.72999572753903,223.7400054931641,230.02999877929688,319900
30-09-2025,229.88999938964844,231.6300048828125,225.9349975585937,227.0,245500
01-10-2025,225.5800018310547,231.1100006103516,224.9900054931641,229.7899932861328,234500
02-10-2025,230.0,232.92999267578125,229.3500061035156,232.6300048828125,218700
03-10-2025,233.08999633789065,235.91700744628903,231.5599975585937,231.57000732421875,203500
06-10-2025,230.9900054931641,233.5599975585937,229.0350036621093,231.9499969482422,269800
07-10-2025,229.77999877929688,231.47000122070312,217.6699981689453,219.5,245100
08-10-2025,220.6000061035156,222.509994506836,219.7700042724609,219.9199981689453,184700
09-10-2025,220.3000030517578,220.3000030517578,216.22000122070312,218.5800018310547,160500
10-10-2025,218.1999969482422,220.25,215.07000732421875,215.4199981689453,156600
13-10-2025,216.0,219.75,215.509994506836,218.759994506836,171100
14-10-2025,217.67999267578125,221.8099975585937,217.0500030517578,220.22999572753903,163300
15-10-2025,221.0,225.6999969482422,221.0,223.07000732421875,189200
16-10-2025,223.13999938964844,223.9100036621093,217.0800018310547,218.33999633789065,165500
17-10-2025,218.3999938964844,220.6000061035156,216.3699951171875,218.9100036621093,162400
20-10-2025,220.0,222.88999938964844,218.9949951171875,222.32000732421875,110900
21-10-2025,222.0,225.08999633789065,222.0,224.3999938964844,152800
22-10-2025,224.8800048828125,226.0399932861328,222.8800048828125,225.509994506836,110700
23-10-2025,225.509994506836,226.5200042724609,221.0500030517578,226.1600036621093,153400
24-10-2025,227.1199951171875,228.5800018310547,226.51499938964844,228.0500030517578,137800
27-10-2025,230.22999572753903,231.5200042724609,225.22000122070312,227.17999267578125,230700
28-10-2025,226.9499969482422,228.52999877929688,225.42999267578125,227.1300048828125,136900
29-10-2025,225.57000732421875,229.1849975585937,224.0399932861328,224.6100006103516,170900
30-10-2025,223.8099975585937,228.0249938964844,221.40499877929688,224.7700042724609,258600
31-10-2025,213.0,218.69000244140625,207.8999938964844,214.38999938964844,506700
03-11-2025,213.8600006103516,223.0399932861328,211.2100067138672,216.92999267578125,276700
04-11-2025,216.0399932861328,221.5200042724609,215.47000122070312,219.7400054931641,173800
05-11-2025,219.0,221.5,215.1100006103516,215.1199951171875,182400
06-11-2025,214.58999633789065,217.3300018310547,212.72999572753903,215.6600036621093,156900
07-11-2025,215.8500061035156,220.3600006103516,214.9550018310547,220.1499938964844,148900
10-11-2025,220.6000061035156,223.01499938964844,220.1699981689453,221.2100067138672,135600
11-11-2025,222.44000244140625,224.83999633789065,218.0850067138672,219.32000732421875,163200
12-11-2025,219.9499969482422,222.6999969482422,218.94500732421875,220.75,134500
13-11-2025,221.9499969482422,222.25,217.22999572753903,217.7400054931641,125400
14-11-2025,217.259994506836,217.259994506836,214.3999938964844,215.9499969482422,130600
17-11-2025,215.47999572753903,215.47999572753903,211.69500732421875,212.9100036621093,141100
18-11-2025,210.97000122070312,215.31500244140625,210.8999938964844,214.6199951171875,164300
19-11-2025,215.4600067138672,220.14599609375,214.69000244140625,215.1600036621093,167100
20-11-2025,216.69000244140625,218.8500061035156,213.2400054931641,213.72000122070312,146100
21-11-2025,215.5500030517578,217.77999877929688,214.0,216.2700042724609,165900
24-11-2025,214.9900054931641,219.56500244140625,213.259994506836,217.3500061035156,193600
25-11-2025,218.47000122070312,225.2100067138672,218.47000122070312,224.759994506836,168100
26-11-2025,224.759994506836,228.8800048828125,224.759994506836,225.82000732421875,202300
28-11-2025,225.47000122070312,228.1849975585937,225.34500122070312,228.02999877929688,84600
01-12-2025,226.0200042724609,227.197006225586,225.2400054931641,226.1699981689453,103000
02-12-2025,224.1300048828125,226.4949951171875,221.0200042724609,221.83999633789065,150000
03-12-2025,221.77999877929688,226.5500030517578,219.0,223.5399932861328,178800
04-12-2025,224.6600036621093,225.4499969482422,221.1199951171875,224.1000061035156,191100
05-12-2025,224.6600036621093,227.0399932861328,224.1000061035156,225.7100067138672,148100
08-12-2025,226.67999267578125,228.5200042724609,224.9750061035156,225.3999938964844,107200
09-12-2025,225.0,229.47999572753903,225.0,225.8999938964844,116600
10-12-2025,224.5800018310547,227.6999969482422,223.6199951171875,224.1699981689453,139700
11-12-2025,225.0,235.72999572753903,223.02999877929688,235.3300018310547,202400
12-12-2025,237.0,243.7050018310547,235.9600067138672,237.44000244140625,212500
15-12-2025,236.759994506836,238.3699951171875,230.42999267578125,237.7100067138672,252900
16-12-2025,239.1100006103516,242.44000244140625,233.0,235.2100067138672,196300
17-12-2025,235.25,242.0399932861328,235.0,241.4100036621093,144800
18-12-2025,240.7899932861328,245.4900054931641,237.9750061035156,238.22000122070312,245000
19-12-2025,239.8699951171875,247.5200042724609,239.634994506836,246.3800048828125,329700
22-12-2025,247.1999969482422,252.83999633789065,247.13999938964844,252.44000244140625,203200
23-12-2025,252.92999267578125,257.239990234375,250.2749938964844,256.9599914550781,222100
24-12-2025,256.6499938964844,261.6499938964844,256.6499938964844,259.1199951171875,97100
26-12-2025,260.20001220703125,260.57000732421875,256.5,260.0899963378906,123300
29-12-2025,258.75,259.9800109863281,256.95001220703125,257.95001220703125,182000
30-12-2025,257.2799987792969,260.9800109863281,257.2799987792969,259.739990234375,119300
31-12-2025,260.0,262.7699890136719,257.82000732421875,258.6499938964844,213500
02-01-2026,258.2300109863281,260.0299987792969,255.0,258.8599853515625,143300
05-01-2026,257.0400085449219,260.0,253.55499267578125,255.1499938964844,203200
06-01-2026,255.0,255.0,251.19500732421875,253.0399932861328,168700
07-01-2026,252.94000244140625,255.7700042724609,250.0249938964844,255.7700042724609,137500
08-01-2026,255.22000122070312,264.5,253.94500732421875,263.760009765625,190800
09-01-2026,263.760009765625,267.2799987792969,263.17498779296875,265.3500061035156,137400
12-01-2026,265.04998779296875,273.44000244140625,262.3699951171875,270.8800048828125,229500
13-01-2026,269.9800109863281,278.489990234375,268.2699890136719,277.0199890136719,144500
14-01-2026,276.489990234375,283.3500061035156,275.3550109863281,282.6600036621094,240400
15-01-2026,284.2300109863281,288.6499938964844,279.8599853515625,283.54998779296875,184600
16-01-2026,282.8699951171875,293.3500061035156,282.8699951171875,289.6099853515625,272100
20-01-2026,290.5299987792969,292.8699951171875,284.70001220703125,286.25,326700
21-01-2026,287.4100036621094,292.1000061035156,279.1199951171875,289.0,330400
22-01-2026,290.5799865722656,293.1499938964844,284.17999267578125,287.32000732421875,220200
23-01-2026,288.1300048828125,291.8900146484375,286.5,287.1199951171875,154300
26-01-2026,289.1499938964844,290.36700439453125,284.9200134277344,284.95001220703125,203800
27-01-2026,286.4800109863281,288.2799987792969,282.2049865722656,283.8299865722656,187500
28-01-2026,283.8399963378906,287.04998779296875,280.2699890136719,286.04998779296875,158800
29-01-2026,287.9700012207031,288.0299987792969,282.5899963378906,285.6400146484375,172800
30-01-2026,289.7699890136719,289.7699890136719,280.635009765625,283.54998779296875,212200
02-02-2026,284.5400085449219,288.42999267578125,284.2699890136719,284.3399963378906,184900
03-02-2026,283.8599853515625,285.79998779296875,280.17999267578125,284.0199890136719,191900
04-02-2026,284.57000732421875,287.4599914550781,279.489990234375,287.25,220400
05-02-2026,283.0,298.9700012207031,265.5599975585937,273.6499938964844,535200
06-02-2026,279.70001220703125,281.32000732421875,275.25,279.2900085449219,243100
09-02-2026,279.1600036621094,280.0,274.5,279.2699890136719,294000
10-02-2026,279.94000244140625,289.8599853515625,277.8800048828125,279.760009765625,187600
11-02-2026,281.760009765625,282.125,276.75,280.6400146484375,155400
12-02-2026,281.0599975585937,282.7200012207031,276.739990234375,278.20001220703125,136500
13-02-2026,280.1600036621094,291.92999267578125,279.0599975585937,291.4800109863281,275000
17-02-2026,292.5199890136719,299.010009765625,288.75,293.7799987792969,189300
18-02-2026,323.7900085449219,345.4599914550781,320.7049865722656,341.760009765625,1044900
19-02-2026,341.760009765625,343.760009765625,323.3099975585937,328.5400085449219,501100
20-02-2026,329.489990234375,332.79998779296875,320.8599853515625,325.260009765625,272400
23-02-2026,316.510009765625,321.614990234375,313.17999267578125,314.0899963378906,234100
24-02-2026,313.8699951171875,318.1099853515625,309.9800109863281,313.9700012207031,244500
25-02-2026,315.0899963378906,326.19000244140625,313.4800109863281,315.7200012207031,216900
26-02-2026,316.8900146484375,327.7099914550781,314.1300048828125,321.5299987792969,225500
27-02-2026,318.2900085449219,335.0799865722656,317.8599853515625,331.6600036621094,448000
02-03-2026,329.2799987792969,332.79998779296875,320.45001220703125,328.5599975585937,340000
03-03-2026,325.29998779296875,327.3399963378906,318.6099853515625,321.9200134277344,334200
04-03-2026,324.1300048828125,324.1300048828125,317.9200134277344,321.5599975585937,193500
05-03-2026,320.1400146484375,322.1499938964844,315.6099853515625,318.5799865722656,186900
06-03-2026,316.6400146484375,317.6199951171875,312.8550109863281,313.3399963378906,156400
09-03-2026,313.95001220703125,317.7099914550781,306.2099914550781,317.4700012207031,182900
10-03-2026,316.4100036621094,320.9549865722656,313.6300048828125,313.6600036621094,181800
11-03-2026,313.6000061035156,318.8099975585937,310.8800048828125,316.489990234375,184000
12-03-2026,315.2799987792969,317.510009765625,310.0,312.3099975585937,192800
13-03-2026,314.5,316.0,307.6499938964844,312.17999267578125,170000
16-03-2026,315.5,321.3800048828125,313.9599914550781,316.8699951171875,203700
17-03-2026,315.1300048828125,319.92999267578125,314.97198486328125,318.5599975585937,255700
18-03-2026,315.67999267578125,320.05499267578125,313.6400146484375,314.3099975585937,171800
19-03-2026,312.4200134277344,318.69000244140625,303.9200134277344,313.0199890136719,216500
20-03-2026,316.6000061035156,317.4100036621094,304.8399963378906,307.3099975585937,522900
23-03-2026,312.57000732421875,319.3599853515625,310.2900085449219,310.3099975585937,224700
24-03-2026,308.04998779296875,319.0,305.54998779296875,314.1000061035156,158100
25-03-2026,316.95001220703125,322.9100036621094,314.2200012207031,316.0,340400
26-03-2026,314.6099853515625,317.3800048828125,311.6700134277344,314.92999267578125,192700
27-03-2026,313.8999938964844,313.8999938964844,307.7099914550781,311.1499938964844,176600
30-03-2026,314.0,316.9200134277344,310.2699890136719,312.7300109863281,141900
31-03-2026,315.3699951171875,324.1849975585937,313.6099853515625,321.3999938964844,569500
01-04-2026,323.57000732421875,327.0,315.75,318.67999267578125,235700
02-04-2026,316.1600036621094,326.0,315.1700134277344,324.510009765625,188700
06-04-2026,325.1099853515625,327.0,319.010009765625,324.3900146484375,136700
07-04-2026,324.3900146484375,324.3900146484375,319.25,320.739990234375,231200
08-04-2026,324.3999938964844,332.1300048828125,324.3999938964844,328.0199890136719,258500
09-04-2026,328.3599853515625,330.0150146484375,318.4599914550781,322.20001220703125,188300
10-04-2026,329.6600036621094,334.989990234375,328.97198486328125,331.07000732421875,225300
13-04-2026,329.6700134277344,331.3299865722656,325.4700012207031,331.0599975585937,385900
14-04-2026,331.3999938964844,339.739990234375,330.0199890136719,339.739990234375,171200
15-04-2026,340.5199890136719,345.4800109863281,333.6000061035156,334.79998779296875,216300
16-04-2026,334.8800048828125,336.1300048828125,325.2699890136719,330.8800048828125,162500
17-04-2026,332.489990234375,338.51300048828125,331.1499938964844,336.0199890136719,167400
20-04-2026,333.92999267578125,340.3699951171875,333.70001220703125,334.739990234375,147000
21-04-2026,334.739990234375,336.45001220703125,329.8299865722656,334.3699951171875,164300
22-04-2026,336.2699890136719,338.5899963378906,333.75,335.3500061035156,165000
23-04-2026,331.1499938964844,332.7200012207031,320.739990234375,331.7300109863281,292600
24-04-2026,329.989990234375,335.4549865722656,325.1000061035156,333.29998779296875,197500
27-04-2026,335.25,338.5799865722656,333.5199890136719,335.1199951171875,181300
28-04-2026,335.0299987792969,335.0299987792969,326.3299865722656,333.1600036621094,157500
29-04-2026,331.5,332.760009765625,326.22100830078125,329.92999267578125,222000
30-04-2026,329.32000732421875,343.9700012207031,326.3800048828125,342.4599914550781,352400
01-05-2026,340.010009765625,345.5,335.4549865722656,340.75,268200
04-05-2026,338.8900146484375,341.375,332.1400146484375,340.17999267578125,222400
05-05-2026,334.3900146484375,339.1919860839844,327.4200134277344,338.1099853515625,237500
06-05-2026,341.7799987792969,344.0799865722656,331.3599853515625,334.9200134277344,284300
07-05-2026,335.67999267578125,340.9349975585937,326.6499938964844,332.5199890136719,307500
08-05-2026,333.44000244140625,334.30499267578125,320.57000732421875,330.1300048828125,324900
11-05-2026,331.7300109863281,348.20001220703125,331.7300109863281,344.1199951171875,290300
12-05-2026,345.1099853515625,346.8500061035156,333.8999938964844,336.1199951171875,322600
13-05-2026,336.3500061035156,348.8900146484375,325.5,348.20001220703125,340600
14-05-2026,350.0,357.4200134277344,345.92999267578125,349.29998779296875,221500
15-05-2026,349.0899963378906,355.75,344.2799987792969,351.5400085449219,284100
18-05-2026,355.2300109863281,360.4500122070313,350.6700134277344,351.8399963378906,238300
19-05-2026,352.8500061035156,355.45001220703125,346.0799865722656,353.1600036621094,196200
20-05-2026,354.760009765625,356.7900085449219,349.25,353.1499938964844,166000
21-05-2026,350.2200012207031,352.6099853515625,343.57000732421875,352.3099975585937,164900
22-05-2026,354.69000244140625,357.70001220703125,346.739990234375,353.8699951171875,139200
26-05-2026,365.2900085449219,368.8800048828125,356.8550109863281,366.3399963378906,254000
27-05-2026,367.0,370.0,363.3810119628906,366.3299865722656,207900
28-05-2026,367.7200012207031,374.9280090332031,365.5499877929688,369.9599914550781,219900
29-05-2026,368.3699951171875,376.239990234375,365.8030090332031,374.2900085449219,239400
01-06-2026,377.4200134277344,383.1700134277344,370.5199890136719,377.6499938964844,292900
02-06-2026,377.0,384.7000122070313,372.1199951171875,382.7200012207031,187100
03-06-2026,384.0,386.0499877929688,378.0,380.8200073242188,215600
04-06-2026,384.05999755859375,390.1199951171875,382.510009765625,385.0499877929688,264400
05-06-2026,384.0,389.9800109863281,381.9200134277344,386.2300109863281,203500
08-06-2026,389.5,392.55999755859375,382.2000122070313,383.7300109863281,208200
09-06-2026,385.989990234375,387.3500061035156,380.5,384.1099853515625,250700
10-06-2026,384.1099853515625,390.5,383.3900146484375,386.3699951171875,292800
11-06-2026,388.2999877929688,395.7080078125,384.0350036621094,393.6799926757813,477200
12-06-2026,395.8800048828125,397.0,376.5199890136719,384.6799926757813,429000
15-06-2026,383.239990234375,384.135009765625,366.3900146484375,380.0,478600
16-06-2026,380.3599853515625,382.3999938964844,374.1000061035156,375.9700012207031,288400
17-06-2026,374.8999938964844,375.30999755859375,357.9700012207031,361.7799987792969,399000
18-06-2026,364.3399963378906,371.4800109863281,359.19000244140625,370.1000061035156,427200
22-06-2026,368.4500122070313,371.1799926757813,365.3200073242188,370.5899963378906,192900
23-06-2026,368.6499938964844,372.239990234375,364.6900024414063,370.6000061035156,349500
24-06-2026,367.7699890136719,370.30999755859375,362.1600036621094,366.0499877929688,384700
25-06-2026,366.6900024414063,379.3399963378906,365.0199890136719,378.7300109863281,298700
26-06-2026,379.6099853515625,393.3200073242188,378.3900146484375,392.9800109863281,536300
29-06-2026,392.9500122070313,403.1099853515625,388.239990234375,403.0299987792969,404000
30-06-2026,400.239990234375,403.1400146484375,395.0199890136719,401.8399963378906,299600
01-07-2026,399.9599914550781,411.7300109863281,393.3599853515625,395.1700134277344,300500
02-07-2026,394.1700134277344,400.7900085449219,387.30999755859375,395.1600036621094,177100
06-07-2026,395.0,400.0,384.1400146484375,386.2099914550781,208300
07-07-2026,385.1600036621094,397.3200073242188,383.9800109863281,390.7300109863281,182300
08-07-2026,390.7900085449219,396.510009765625,390.5580139160156,393.4700012207031,186300
09-07-2026,394.6300048828125,395.5400085449219,385.3699951171875,387.0799865722656,167500
10-07-2026,386.75,388.239990234375,378.80999755859375,381.8999938964844,125300
13-07-2026,382.3800048828125,390.2149963378906,382.3800048828125,386.1099853515625,143500
14-07-2026,387.0499877929688,389.0799865722656,382.05999755859375,384.2300109863281,220000
15-07-2026,395.760009765625,407.739990234375,390.010009765625,390.0199890136719,290100
16-07-2026,390.0799865722656,391.55999755859375,384.5899963378906,387.4100036621094,180900
17-07-2026,386.9500122070313,397.2900085449219,385.8150024414063,396.8699951171875,181700
20-07-2026,399.7699890136719,406.1700134277344,394.2250061035156,397.9599914550781,190200
21-07-2026,401.7999877929688,401.7999877929688,392.875,395.9599914550781,184900
22-07-2026,394.1400146484375,401.3999938964844,394.1400146484375,397.25,152900
23-07-2026,400.3999938964844,404.9450073242188,392.3800048828125,394.2999877929688,170400
24-07-2026,395.3500061035156,400.9150085449219,393.9500122070313,396.3999938964844,132300
27-07-2026,398.9100036621094,403.0700073242188,393.5799865722656,397.2900085449219,99200
28-07-2026,398.4100036621094,402.9849853515625,397.7000122070313,398.0899963378906,131500
29-07-2026,401.6400146484375,403.0090026855469,393.3299865722656,398.510009765625,110000
30-07-2026,398.510009765625,406.5299987792969,395.3800048828125,405.0499877929688,149000
31-07-2026,404.0,404.0,391.6499938964844,393.6799926757813,149500
03-08-2026,388.2999877929688,398.5899963378906,382.6499938964844,384.8800048828125,202600
04-08-2026,386.8299865722656,398.5899963378906,386.1900024414063,394.9700012207031,177300
05-08-2026,396.0499877929688,396.0700073242188,389.2699890136719,391.3500061035156,163400
06-08-2026,393.6499938964844,399.0499877929688,388.8049926757813,391.55999755859375,139500
07-08-2026,391.9700012207031,396.93499755859375,388.5400085449219,389.989990234375,185400
10-08-2026,388.7999877929688,393.4100036621094,384.8599853515625,391.8699951171875,183300
11-08-2026,390.8599853515625,397.3299865722656,390.8599853515625,393.4700012207031,181500
12-08-2026,395.9599914550781,415.989990234375,393.5450134277344,414.1199951171875,417300
13-08-2026,418.0,438.9299926757813,409.5150146484375,412.9800109863281,516000
14-08-2026,410.4700012207031,416.4800109863281,401.2200012207031,407.1700134277344,374200
17-08-2026,405.1600036621094,413.9400024414063,403.7900085449219,411.9400024414063,246600
18-08-2026,411.5700073242188,412.8299865722656,401.1549987792969,401.239990234375,242800
19-08-2026,407.260009765625,407.8900146484375,400.0499877929688,402.8999938964844,280400
20-08-2026,400.0499877929688,410.5799865722656,397.1400146484375,398.5199890136719,177300
21-08-2026,395.5700073242188,407.9200134277344,394.0199890136719,406.1600036621094,188800
24-08-2026,408.6099853515625,411.739990234375,399.6900024414063,402.6099853515625,216000
25-08-2026,404.489990234375,407.3900146484375,402.0199890136719,406.9400024414063,125400
26-08-2026,404.7699890136719,410.9100036621094,397.8800048828125,398.4500122070313,158600
27-08-2026,397.0,401.4299926757813,393.3999938964844,393.6499938964844,225700
28-08-2026,393.4500122070313,396.3399963378906,387.0450134277344,389.3399963378906,246000
31-08-2026,389.1799926757813,392.5799865722656,383.05999755859375,384.7300109863281,227900
01-09-2026,383.0499877929688,384.6570129394531,376.3500061035156,381.6900024414063,294800
02-09-2026,382.8699951171875,389.2099914550781,382.3179931640625,387.0499877929688,220200
03-09-2026,386.9400024414063,389.9280090332031,383.9100036621094,387.0700073242188,184400
04-09-2026,386.1000061035156,393.4400024414063,386.1000061035156,391.1600036621094,245100
08-09-2026,388.80999755859375,392.05999755859375,386.010009765625,390.7699890136719,318000
09-09-2026,388.239990234375,396.7699890136719,387.3500061035156,395.3399963378906,317500
10-09-2026,394.0799865722656,397.6799926757813,390.5199890136719,392.1099853515625,232000
11-09-2026,394.8699951171875,397.0,386.3900146484375,392.0700073242188,332000
14-09-2026,391.3800048828125,401.8800048828125,391.3800048828125,396.2999877929688,340200
15-09-2026,396.4400024414063,397.6449890136719,391.6000061035156,393.2699890136719,295100
16-09-2026,393.05999755859375,398.0710144042969,389.4500122070313,393.8200073242188,299500
17-09-2026,397.26,402.676,393.6,394.64,389900
18-09-2026,393.5,403.04,389.805,398.75,572700
21-09-2026,402.52,404.14,398.02,400.09,308400
22-09-2026,401.36,405.99,394.92,396.62,234200
23-09-2026,395.79,398.27,390.78,394.8,233000
24-09-2026,395.07,405.14,393.86,402.5,299000
25-09-2026,403.54,405.76,397.55,402.84,194800
28-09-2026,403.22,420.06,400.275,416.34,290300
29-09-2026,415.12,419.91,412.19,413.84,285700
30-09-2026,415.04,418.01,404.7,405.21,297600
01-10-2026,403.9,407.133,381.38,399.19,563800
02-10-2026,400.0,407.2,397.51,406.95,392300
