Date,Open,High,Low,Close,Volume
29-09-2021,,,,,0
30-09-2021,41.20303332065798,41.50807267974488,40.76072944996,40.798858642578125,320200
01-10-2021,40.92088060980522,41.6987284866741,40.69210250697824,41.19541549682617,267000
04-10-2021,41.42419359965316,41.72160542423538,41.0581480533157,41.19541549682617,265400
05-10-2021,41.1649077162724,41.24116901722708,40.10490036010742,40.10490036010742,335400
06-10-2021,39.84561364607555,40.41756025343548,39.487192841227305,40.34892654418945,432500
07-10-2021,40.65396857953371,40.89799891537538,40.036265155582,40.1659049987793,361500
08-10-2021,39.96001264477077,40.32605820237967,39.7922406732982,40.04389572143555,350300
11-10-2021,39.990507919365605,40.478571494538365,39.88374501228973,40.31842422485352,174200
12-10-2021,40.17353372684768,41.21828881373044,40.07439549100487,41.17253494262695,305400
13-10-2021,41.09627287174941,42.14102793904223,40.84461785818552,42.087646484375,245100
14-10-2021,42.32405307666231,42.80448908828867,42.1257795134116,42.6062126159668,256200
15-10-2021,42.83499290725624,43.20104135055274,42.6519715946793,43.08665084838867,308100
18-10-2021,42.97226517224763,43.42982432321902,42.83499771786338,43.38406753540039,298500
19-10-2021,43.41457095728696,43.54421082253765,43.27730350639118,43.39931869506836,212100
20-10-2021,43.414566200261966,44.0627712736334,43.39168926397654,43.70435333251953,206800
21-10-2021,43.727224184088975,43.91024837611806,43.30779725914958,43.53657531738281,218600
22-10-2021,43.71196992864949,43.8416126648037,42.8044824118529,42.81210708618164,182600
25-10-2021,42.78161176983283,43.201041674868925,42.35456009789983,42.644344329833984,216800
26-10-2021,42.70535184426405,43.26967384505458,42.63671812672291,43.01039123535156,211900
27-10-2021,43.08664477123908,43.704348159472815,42.91887283414749,43.5442008972168,223600
28-10-2021,43.7424825613735,43.98651291216759,42.5909616163096,42.8807487487793,502900
29-10-2021,42.85024938853751,42.88075391332853,40.905631023719,41.012393951416016,542300
01-11-2021,41.02764110654137,41.82836587366343,40.71497703903385,41.56145858764648,457700
02-11-2021,41.706346551764,41.706346551764,40.85224041236506,41.18015670776367,349100
03-11-2021,41.02764605126785,41.89700464086684,41.02764605126785,41.43182373046875,273800
04-11-2021,41.500448330128044,41.805487712988274,40.39468711266981,40.66159439086914,214400
05-11-2021,41.01239152400276,42.73585925475785,40.8827516649213,42.29355239868164,536700
08-11-2021,42.29355617173475,42.65197707611152,41.05052729443159,41.48520660400391,294800
09-11-2021,41.01238901189166,43.35355718980894,40.31080248062647,42.8807487487793,650600
10-11-2021,42.941760124940366,44.94738449771999,42.85787414184475,44.36781311035156,693600
11-11-2021,44.421194881186125,44.421194881186125,43.101904807193975,43.719608306884766,255200
12-11-2021,43.72723737148342,43.72723737148342,42.979893937697625,43.05615234375,252700
15-11-2021,43.12478007474802,43.8263695309494,43.03326941839873,43.803489685058594,250700
16-11-2021,43.94837290409506,43.94837290409506,43.193402192060645,43.30779266357422,233600
17-11-2021,42.979889287578274,43.49845453803015,42.171536889151206,43.45269775390625,241300
18-11-2021,43.330686562856485,43.41457255360739,42.92651178095304,43.23154830932617,207200
19-11-2021,42.92650568664061,43.07902538370966,42.415565137819975,42.65959548950195,227500
22-11-2021,42.63671823780253,43.071397480338405,42.31642949449032,42.59096145629883,176200
23-11-2021,42.560458922966646,43.04851961215508,42.064770649157104,42.07239532470703,303600
24-11-2021,42.08764904079543,42.56808507105342,42.00376597055977,42.32405471801758,116900
26-11-2021,41.38606177720796,41.59958760510143,39.73122788381985,40.24216842651367,206900
29-11-2021,40.50145350615685,40.7759883925206,39.86087307433189,39.87612533569336,291900
30-11-2021,39.6549580145991,40.20402759493454,39.35754629494088,39.837982177734375,472400
01-12-2021,40.34893176538932,41.34793301611548,38.80086367871591,38.86186981201172,288000
02-12-2021,39.31943264592694,40.9666391287322,38.97626402261928,40.60059356689453,368800
03-12-2021,40.64634115484208,41.2182878021684,40.41756307772578,40.76835632324219,332100
06-12-2021,41.23354033076778,42.87312189409126,41.02001451194281,42.59858703613281,427200
07-12-2021,42.52995888501668,42.705355531862544,41.91988295923294,42.20966720581055,338700
08-12-2021,42.08002004392867,43.30017168381468,41.95037729583836,42.903621673583984,291300
09-12-2021,42.23254167202784,42.97988494952541,42.23254167202784,42.37743377685547,367000
10-12-2021,42.59858871585177,42.98751117391458,41.87412234746609,42.00376510620117,351000
13-12-2021,41.75974142917078,42.46133102246576,41.63010154976638,41.99614715576172,407100
14-12-2021,42.01901897984136,42.49183037544276,40.798867108450885,41.11915588378906,303100
15-12-2021,41.088659965845125,42.00377545080661,40.7988727653084,41.82075119018555,262500
16-12-2021,41.91225283272892,42.6748484209914,41.80548991582358,42.48419952392578,421700
17-12-2021,42.46894050019995,43.620461284184856,42.20203325043965,43.53657531738281,615400
20-12-2021,42.56808665928965,42.72060636289545,41.59958988682488,42.15628433227539,407300
21-12-2021,42.68247592111808,43.35355794292388,42.46894717866051,43.10952758789063,260500
22-12-2021,43.11716037132288,43.26968008887526,42.34693710676562,42.75873947143555,246400
23-12-2021,42.78161117811604,42.896001679556704,42.484199365255854,42.705352783203125,173700
27-12-2021,42.70535084463559,43.45269413532817,42.4231913053806,43.42981719970703,240200
28-12-2021,43.23916036382231,43.8263591790862,43.06376376846877,43.78822708129883,153700
29-12-2021,43.84924540769147,44.03989430076839,43.43744310046822,44.01701736450195,216500
30-12-2021,44.15645933218288,44.55154214173135,44.07124463959509,44.37336730957031,459400
31-12-2021,44.20294088443364,44.76845307922024,44.19519248229777,44.52055740356445,452100
03-01-2022,44.56703474389602,45.210016166232215,44.07899180842943,45.148040771484375,261900
04-01-2022,45.11705632550958,46.07765130921279,45.11705632550958,45.65158081054688,274100
05-01-2022,45.79876236722922,46.6973848015574,45.744535380643406,45.82975006103516,257700
06-01-2022,46.20159537458179,46.48047871972402,45.72129792191977,45.91496658325195,187600
07-01-2022,46.47273355967209,47.47206161238566,46.28681034338279,47.25515365600586,301900
10-01-2022,47.17769684297067,47.61151284280957,46.829092589421656,47.60376739501953,226500
11-01-2022,47.812934469342814,47.812934469342814,46.16287614991325,46.68965530395508,509400
12-01-2022,46.58120071019437,47.06149830163321,45.56637556773722,45.58961486816406,350900
13-01-2022,45.71355646878278,46.90655631315402,45.71355646878278,46.30231094360352,199000
14-01-2022,46.31779900499355,47.10021911765167,45.96919481414614,46.937538146972656,306100
18-01-2022,46.960784701324286,47.1699472481687,46.488232609025765,46.86782455444336,417100
19-01-2022,46.91429299749558,47.14669477733918,46.201590856806384,46.47272872924805,278400
20-01-2022,46.310061949270434,46.557957666795765,45.30298522743002,45.3339729309082,361600
21-01-2022,45.30297964143423,45.77553171818417,44.938881558335154,45.51214218139648,302700
24-01-2022,45.00860059606791,45.58960664311775,43.885324602557866,45.42692565917969,359500
25-01-2022,44.95436930703551,45.84524634280169,44.396605564651246,45.52762985229492,241500
26-01-2022,45.64383338595305,46.37977496585268,44.18744703042382,44.37336730957031,331200
27-01-2022,45.16353566137438,45.543127575082345,44.00152357940858,44.2804069519043,268400
28-01-2022,44.38885363397259,44.65224311407211,43.141627065123366,44.636749267578125,419600
31-01-2022,44.26491105232408,44.876904763045175,44.07899078270589,44.7994384765625,363200
01-02-2022,44.56703919084468,44.71422929048285,43.8698336612604,43.94729995727539,326500
02-02-2022,44.1797008319618,44.28040937869338,43.45925306524688,43.71489715576172,312400
03-02-2022,43.55995264116056,43.55995264116056,41.97961573929828,42.14229965209961,398300
04-02-2022,41.83242815516569,42.12680532888452,40.68591010849385,41.375370025634766,446200
07-02-2022,41.3211490586153,41.83243424788345,41.25917366348001,41.530311584472656,220700
08-02-2022,41.57679470844277,41.59228855891576,41.11199101485245,41.25917816162109,266500
09-02-2022,41.56904545433738,42.25850548392798,41.45284306400545,42.21977233886719,441800
10-02-2022,41.68524965281971,42.46766985552459,41.20494917675367,41.34439086914063,310600
11-02-2022,41.48383023190696,42.41344047723237,41.48383023190696,42.17329025268555,208600
14-02-2022,42.17328274875482,42.42892677667087,41.15071254738858,41.31339645385742,236700
15-02-2022,41.5225646919716,41.99511675403358,41.32115056075892,41.80919647216797,157900
16-02-2022,42.01835676350383,42.95571243536159,42.01835676350383,42.901485443115234,253300
17-02-2022,42.59936378296536,42.8472594547997,42.38245285374818,42.58386993408203,171200
18-02-2022,42.4521741643815,43.149382596073984,42.11906379758948,42.21977233886719,143900
22-02-2022,42.026102315321154,42.06483545914409,41.29790916394174,41.36763000488281,190300
23-02-2022,41.66975865573225,42.6226083155071,40.74789374238148,40.84860229492188,401900
24-02-2022,40.445764923285054,41.0500131919969,39.86475890481368,40.86408996582031,316700
25-02-2022,41.057753559699655,41.67749264504267,40.73239164807547,41.375370025634766,203200
28-02-2022,40.864089892755565,41.52256219711934,40.66267577364469,41.29790878295898,415900
01-03-2022,41.41411371120114,41.57679470844277,40.49999721934367,41.25917816162109,331200
02-03-2022,41.31340617172689,42.60711159626904,41.14297677969392,42.42118835449219,285000
03-03-2022,42.69232570239531,43.08740852238136,42.23526748429008,43.07191467285156,252600
04-03-2022,42.653590067524426,43.32755622942499,42.22751661818839,43.2578353881836,175700
07-03-2022,43.10290655945997,43.61419182301722,42.7775445531735,43.141639709472656,266300
08-03-2022,43.28881893931414,44.14870824721636,43.05641714248497,43.88531875610352,395400
09-03-2022,44.50505744707363,44.59801757390037,43.606435007350775,43.66840744018555,317600
10-03-2022,43.38177885253504,44.2261743091207,43.242337184097096,44.19518661499024,141300
11-03-2022,44.45858511987966,44.66000221742084,44.21843782954564,44.497318267822266,160100
14-03-2022,44.31139663889972,45.12480454175551,44.21843649561183,44.342384338378906,195100
15-03-2022,44.38885702865006,44.70647351819398,43.80010559259888,44.01701354980469,278700
16-03-2022,44.12547848957333,44.319147200944506,43.1338956330009,44.23393249511719,240200
17-03-2022,44.03250892228012,45.45016204977302,44.03250892228012,45.39593505859375,229100
18-03-2022,45.41143146540816,45.62834239749597,44.241673933156,44.80718612670898,477100
21-03-2022,45.0395830460239,45.45790806038833,44.567031043332506,44.86140823364258,139800
22-03-2022,44.85367036822468,45.31847404819758,44.41985143314016,44.598026275634766,207500
23-03-2022,44.30364700351368,44.497315687144415,44.02476658141107,44.41984939575195,202900
24-03-2022,44.388862557474376,45.070577164509366,44.29590241497176,44.93888092041016,278600
25-03-2022,44.93887485385774,45.54312308642795,44.9001417126396,45.36494827270508,161000
28-03-2022,45.46565568753391,46.00018310546875,45.186775286395424,46.00018310546875,237700
29-03-2022,46.48048969692893,47.27840382441156,46.38752954497705,47.09248352050781,319500
30-03-2022,47.09246871796168,47.17896396516038,46.54991171220313,46.75435256958008,220200
31-03-2022,46.78582045116085,47.092483332171845,46.29830517877309,46.4005241394043,234000
01-04-2022,46.39265594374213,47.36768935456879,46.03095121051541,47.29692077636719,161400
04-04-2022,47.17897434343998,47.17897434343998,45.05591989807351,45.74787902832031,283200
05-04-2022,45.74787640099177,45.8894135558582,43.70345549667841,43.884307861328125,345700
06-04-2022,43.876444183616975,44.49763471317024,43.38892897034298,44.29319381713867,203000
07-04-2022,44.28532937576948,44.28532937576948,43.47542462710176,43.90789794921875,224900
08-04-2022,44.09661528529618,44.78857140279048,43.78994943828221,43.955078125,383500
11-04-2022,43.91576351435617,44.54481894482389,43.44397494106399,44.1044807434082,254700
12-04-2022,43.15303526503816,44.30891807601246,42.62620183455248,44.11233901977539,400100
13-04-2022,44.40327599271677,44.52122162090692,43.55405307186833,43.58550643920898,296100
14-04-2022,43.81353928389491,44.599855477793625,43.67986397116185,43.884307861328125,169700
18-04-2022,43.77422301912279,43.88430981078788,42.72842399455056,42.92500305175781,194000
19-04-2022,43.15303601927688,43.28670834006643,42.06005692742476,43.18448638916016,528100
20-04-2022,43.451830937212,44.15951670148181,43.451830937212,43.73490524291992,192400
21-04-2022,44.080883565745,44.198829186147286,43.26311406623388,43.54618835449219,232500
22-04-2022,43.36534208921386,43.45183435649018,42.775604905767935,43.08226776123047,216100
25-04-2022,42.8542350007068,42.90141505486053,42.091507289459386,42.58688735961914,198000
26-04-2022,42.26448654681761,42.50824559557952,41.91064373395599,41.99713897705078,176900
27-04-2022,42.03646039326158,42.03646039326158,40.35374432283261,40.50314331054688,317100
28-04-2022,40.715456201767054,41.52536401351159,40.29084768832076,41.32878494262695,236500
29-04-2022,41.3287790027149,41.56467325396123,40.40878752342864,40.51887130737305,358600
02-05-2022,40.7469098888656,41.08502613337288,39.48880502527475,40.05495071411133,242500
03-05-2022,40.117849686993495,41.72979716862728,40.117849686993495,41.52535629272461,280400
04-05-2022,41.44672640108579,42.429621656278826,40.98279972065235,42.31167602539063,249500
05-05-2022,42.01288089098396,42.93286953844439,41.93425045941866,42.8385124206543,275200
06-05-2022,42.7834647996163,43.01935906233797,41.7140742757492,42.31953811645508,230000
09-05-2022,41.80056409739025,43.19234396570344,41.36022599795331,42.24876403808594,327700
10-05-2022,42.256638463160925,42.49253274867918,39.81119433760754,40.88844680786133,465800
11-05-2022,41.242277570427085,42.47679353339306,40.99065667348865,41.37594985961914,316500
12-05-2022,41.50963086845697,42.61047169437068,41.25014509548049,42.53184127807617,283600
13-05-2022,42.22517950432078,43.01935752703759,41.50176705829249,42.89354705810547,305100
16-05-2022,42.64191650785991,43.8842972331193,42.64191650785991,43.60122299194336,243900
17-05-2022,43.86857565416651,45.09522684248794,43.36533383336205,45.00086975097656,273500
18-05-2022,44.59199124741463,45.22104361124565,44.17524461879376,44.38755035400391,293700
19-05-2022,44.159514121417786,44.70207117595308,43.86071314956626,43.947208404541016,366100
20-05-2022,44.32464446302623,44.332509304975616,43.15303497546783,43.8607177734375,274100
23-05-2022,44.104479551778,44.5054995282856,43.83713190092009,44.13593292236328,195500
24-05-2022,44.23814139828208,45.72428131103516,43.81353299419615,45.72428131103516,250500
25-05-2022,45.72428606832429,46.60495933081639,45.64565265230653,46.479148864746094,330600
26-05-2022,46.70718413088247,47.02170881553173,45.89727639389341,45.92086791992188,281800
27-05-2022,45.96017969451533,46.738631005415634,45.96017969451533,46.32974624633789,157300
31-05-2022,46.15676196522627,46.77795248884426,45.88154949295536,46.51060485839844,377800
01-06-2022,46.41624623303637,47.02171009185732,45.64565668532562,46.73077392578125,261500
02-06-2022,46.71504765013807,46.71504765013807,45.6928371391062,46.34547805786133,232500
03-06-2022,46.28256771058475,46.982388583616455,45.968040059992575,46.5499153137207,251600
06-06-2022,46.78581018174124,47.02170442308211,46.3297453821986,46.61281967163086,279000
07-06-2022,46.58137645541044,48.04392217602819,46.471289659633705,48.03606033325195,221900
08-06-2022,47.67435242365416,48.5943409451563,47.40700479355333,47.74512100219727,394800
09-06-2022,47.34409710233248,49.32561426201392,47.234013315609886,48.57861328125,812600
10-06-2022,48.35844830788567,48.7909216359307,47.894521610640695,48.01247024536133,326600
13-06-2022,47.477776860047015,47.69008261127337,44.80430036263203,45.12668991088867,489300
14-06-2022,45.17386814711062,45.401900574379525,43.805676583055565,44.41114044189453,441500
15-06-2022,44.867198004885886,47.68220809936852,44.85933316408807,47.17110443115234,521900
16-06-2022,45.99949967895827,47.25760445326028,45.84223583228093,47.13179397583008,455200
17-06-2022,48.31913330372787,48.42135525428763,47.37555322058463,47.77657318115234,602800
21-06-2022,46.52632968813559,48.34272125142266,46.21966683969092,46.23539352416992,575200
22-06-2022,45.98376318476272,47.06101535542438,45.61419367384382,46.75435256958008,520600
23-06-2022,46.53419568402078,48.232638655609264,46.53419568402078,47.92597579956055,208800
24-06-2022,47.96528792641229,48.6886973864981,47.96528792641229,48.47639465332031,286200
27-06-2022,48.60220249015819,49.14475955581346,48.1618643646972,48.44493865966797,192400
28-06-2022,48.79091983268876,49.26271135457618,48.484256993218985,48.49211883544922,261000
29-06-2022,48.444235302938445,48.8511973168593,48.02929501446162,48.75543975830078,224200
30-06-2022,48.619792157166,49.21826325408436,48.14899477249764,48.364444732666016,333000
01-07-2022,48.22878559198203,49.34593276197259,48.18888813104976,49.14644241333008,206600
05-07-2022,48.61979059396025,48.6277688689775,47.24729594841472,48.30858612060547,204400
06-07-2022,48.29263014726551,48.77938714730672,47.95748473576928,48.3724250793457,211700
07-07-2022,48.49212222541419,48.65171513916408,47.7659773596348,47.99738693237305,141800
08-07-2022,48.02133141771305,48.62778092070703,47.90163595492034,48.260719299316406,158000
11-07-2022,48.20485052680912,48.4841358135536,47.54254411368021,47.957481384277344,130800
12-07-2022,48.17293341618804,49.10654992524936,48.14101727059887,48.61979293823242,199500
13-07-2022,47.9574800145108,48.28464407420184,47.55052103059512,47.83778762817383,149100
14-07-2022,46.96002698040133,48.03727669238546,46.85629419049191,47.88566207885742,115600
15-07-2022,48.603835607700354,48.87514264372683,47.90960994409614,48.56393814086914,152100
18-07-2022,48.67565358113136,48.86716568867136,48.061222834583546,48.31657028198242,185200
19-07-2022,48.52403224749039,48.87513415620792,48.34050149675297,48.8511962890625,212200
20-07-2022,48.59584836042599,48.98684772476194,48.08515052973128,48.69958114624024,177200
21-07-2022,48.36444016107811,49.15442022970888,47.78990698826946,49.106544494628906,167900
22-07-2022,49.274116800588345,49.58532126176559,49.03472898768132,49.57734298706055,141700
25-07-2022,49.59330933678178,50.550860718861614,49.59330933678178,50.319454193115234,268800
26-07-2022,50.47106202200768,50.67055238573104,50.2077332807818,50.23167419433594,177000
27-07-2022,50.407226426823534,50.78226930539865,50.19975777645145,50.58277893066406,157900
28-07-2022,50.87004186986332,51.34083619788783,50.806203493464615,51.061553955078125,148900
29-07-2022,50.87801802076748,51.97122429711277,50.71044685568895,51.73981475830078,222700
01-08-2022,51.556287487195455,52.62555286059664,51.26103957211063,52.521820068359375,245600
02-08-2022,52.545762601911136,52.66545804232721,51.75578243590586,51.77972030639648,146400
03-08-2022,51.86750088920262,52.15476753501066,51.00570095177847,51.10943984985352,277500
04-08-2022,51.26104413157594,51.26104413157594,50.43914477546179,50.87004470825195,272500
05-08-2022,50.67054945980437,50.79024488871923,49.88854764444262,50.311466217041016,177700
08-08-2022,50.46308229801964,51.300941192806576,50.46308229801964,50.99771499633789,233400
09-08-2022,51.20518840789714,51.739821156108654,51.14933134596405,51.64406967163086,412100
10-08-2022,51.86749694229017,52.122844376026,51.30094501393764,51.65205001831055,316500
11-08-2022,51.85951653083487,52.19466498995175,51.50043628859346,51.73184585571289,300100
12-08-2022,52.08294148614757,52.80110801319877,51.77971832493162,52.79313278198242,398200
15-08-2022,52.6654553035084,52.777169418630336,52.15476046639017,52.450008392333984,271900
16-08-2022,52.19465567770756,52.57767372270096,51.971221382172345,52.30636978149414,240600
17-08-2022,52.14678752753622,52.45799205366822,51.67599312214399,52.250526428222656,225800
18-08-2022,52.45001150216236,53.51129565874572,52.09092517829742,52.10688781738281,245800
19-08-2022,51.97921947714619,53.2400002987643,51.69993412753813,53.00859069824219,303300
22-08-2022,52.85696798208016,53.45543910625033,52.63353973646405,53.224029541015625,288600
23-08-2022,53.11232195958336,53.54322195261161,52.35426087745602,52.585670471191406,362800
24-08-2022,52.74525899946601,53.35171150235552,52.394160045552034,53.08838272094727,213400
25-08-2022,53.30382810476684,53.591094718166886,53.208070537645895,53.543212890625,168700
26-08-2022,53.35170174654914,53.575129973083314,52.85696346782163,52.88090133666992,210900
29-08-2022,52.68939313071692,53.18413141726416,52.1467791057164,52.99262237548828,252500
30-08-2022,53.0644375315721,53.37564201652474,52.48192298222112,52.59364318847656,247900
31-08-2022,52.665455428021126,53.255945193342114,52.26647470508157,52.27445602416992,411500
01-09-2022,52.00314462681424,52.426063208158375,51.09346908898958,51.41265487670898,338600
02-09-2022,51.78770398713189,52.1787034282198,51.10145659128429,51.181251525878906,322400
06-09-2022,51.40467414061591,51.93133160951818,51.061553524302205,51.47649383544922,228900
07-09-2022,51.508417965751896,52.67344104115491,51.4685174550201,52.5697021484375,235200
08-09-2022,52.13082466045918,52.841009886684354,52.13082466045918,52.25849533081055,200500
09-09-2022,52.55374004852792,53.05645355567311,52.1866785228082,52.77716827392578,260800
12-09-2022,53.20807130770666,53.559176304268746,52.9367612409188,53.34372329711914,271200
13-09-2022,52.78515656666031,53.50332316315186,51.771742011621306,51.97921371459961,317300
14-09-2022,51.699913118352434,51.93929785446792,49.21027168220523,49.83268356323242,506100
15-09-2022,49.87258831441302,50.54287602311798,49.537445982051146,49.61724090576172,205700
16-09-2022,49.39381507453248,49.91248819171411,48.65968895614707,49.84067153930664,704300
19-09-2022,49.32997262994728,50.20772893679373,48.94695153001532,50.080055236816406,201200
20-09-2022,49.5773447495413,50.02420120445856,49.130485250642735,49.82471084594727,190300
21-09-2022,50.23167739463012,50.77429146204645,49.34593963623047,49.34593963623047,202600
22-09-2022,49.1943253194676,49.1943253194676,48.0053614024711,48.45222091674805,212400
23-09-2022,48.06121653019884,48.30858566916008,47.0637647433925,47.27123641967773,203300
26-09-2022,47.04779919425988,47.055780512173584,43.943730113665694,45.00502014160156,690500
27-09-2022,45.36410250062752,46.35357593515232,44.693814830525184,44.83744812011719,439300
28-09-2022,45.37209317029763,46.32166629699466,44.893314424985725,45.82693099975586,408200
29-09-2022,45.54319168884548,45.77828544488068,43.58948780090395,44.8379135131836,291600
30-09-2022,45.372960187233815,46.08634377618109,45.03247898539806,45.82693099975586,267700
03-10-2022,46.51599318691857,46.51599318691857,45.47023381639231,45.664794921875,301700
04-10-2022,46.21603517088401,46.85646160785957,45.259452800930205,45.729637145996094,348200
05-10-2022,45.194607907776216,45.25946264116493,43.43546501259997,44.019142150878906,425800
06-10-2022,44.12453097732885,44.165063640789285,42.65722505748683,42.69775772094727,417700
07-10-2022,42.72208159638358,43.24090713244362,41.22234824548816,41.59525680541992,361600
10-10-2022,41.66821421613832,41.992478609537024,41.319627751212856,41.45743942260742,244800
11-10-2022,41.49797249961926,41.91141370281938,41.1250670518872,41.75738525390625,246500
12-10-2022,41.64389487845966,42.187042489036166,41.37637681365474,41.91952133178711,228900
13-10-2022,41.48986741819722,43.15983973843,41.270987325804285,42.96527862548828,358600
14-10-2022,43.557053768550574,43.557053768550574,42.154602926883975,42.357269287109375,141800
17-10-2022,43.07066379949834,44.01103576318987,43.07066379949834,43.96239471435547,540200
18-10-2022,44.416376644841165,45.02437594995142,44.0677901291824,44.26234817504883,332700
19-10-2022,43.7597300979218,44.54607674432018,43.72730273071191,44.294769287109375,205700
20-10-2022,44.44068511356398,44.81359052362197,44.2380187264746,44.39204406738281,173300
21-10-2022,44.5866108096119,44.75684985415294,43.82458621087293,44.44879913330078,161500
24-10-2022,44.67577946684376,45.11353961104273,44.55417839597392,44.740631103515625,178300
25-10-2022,44.789276403751785,45.7701810814483,44.36772990179966,45.16218185424805,338500
26-10-2022,45.518879858292514,45.90799901949184,44.951413255210255,45.4053840637207,219600
27-10-2022,45.94852923566655,46.61327482049372,45.4215953268051,45.55941009521485,185800
28-10-2022,45.721538177948815,46.36196161108468,45.29999172158421,46.216041564941406,250800
31-10-2022,45.63236797642677,46.2808998466108,45.63236797642677,45.96474075317383,214900
01-11-2022,45.72964509639723,45.72964509639723,44.63524780390959,44.99193954467773,256000
02-11-2022,44.76495769096683,45.54319596423354,44.45690388146559,44.61903762817383,234300
03-11-2022,44.04346791944423,44.48933342536713,43.10309276102948,44.21370697021485,166700
04-11-2022,44.32719269609224,45.86745848414001,44.30287371907837,45.08111190795898,187100
07-11-2022,45.53508536111264,45.62425907208673,44.35962271265444,44.90276718139648,165800
08-11-2022,44.69199472703307,45.340526578867525,43.93807548288682,44.10831451416016,313000
09-11-2022,44.60282460690824,45.78639571830745,43.88943796625988,44.25423812866211,190800
10-11-2022,45.36485048197476,46.88079752249418,45.21082511683095,46.678131103515625,276100
11-11-2022,46.32954199431426,46.61327372785405,45.73775336302735,46.4187126159668,234100
14-11-2022,46.24847297185561,46.25658135981883,45.04868822614415,45.154075622558594,249100
15-11-2022,45.69722257324617,46.16741014232212,44.14074598412048,44.60282516479492,348500
16-11-2022,44.64335075831143,44.65145914542862,43.05444705213789,43.12740707397461,258100
17-11-2022,43.00582380480508,43.17606289539666,42.3735054154964,43.14363861083984,276000
18-11-2022,43.962387778662055,44.20558679957827,43.04633493768621,43.52462768554688,269200
21-11-2022,43.63812723321423,44.95140453402374,43.63812723321423,44.82980346679688,273000
22-11-2022,44.82170606968964,45.1621841700072,44.42447852687502,44.68389129638672,316800
23-11-2022,44.64335575197836,44.65146414000253,43.532744710850814,43.89754486083984,200100
25-11-2022,43.95428702152693,44.39204406738281,43.792153293366695,44.39204406738281,86700
28-11-2022,44.26234171003714,44.73252925501954,43.09498432801107,43.20847702026367,228600
29-11-2022,43.2814368756397,44.70821009592596,43.2814368756397,44.513648986816406,184200
30-11-2022,44.3758384355334,45.6404748530952,43.69487917513705,45.60804748535156,459900
01-12-2022,45.81070876401411,46.19172256121604,44.797376828854645,45.105430603027344,237000
02-12-2022,44.93520049087717,46.629491946144064,44.74874774892699,46.17551803588867,299900
05-12-2022,45.5918255061737,46.05390455755019,45.29187706813104,45.729637145996094,278100
06-12-2022,45.70533248819526,46.17551698053117,45.33242392037359,45.7215461730957,281300
07-12-2022,45.58372683863826,46.426819814474456,45.12164768874501,45.20271301269531,439800
08-12-2022,45.42969683887547,46.32953606791563,45.30809577294545,45.83502960205078,156300
09-12-2022,46.63759160210104,46.70244633534139,45.8674617457572,45.96474075317383,254500
12-12-2022,46.02148315645764,46.24036322372929,45.31620500132253,46.037696838378906,236500
13-12-2022,46.807837752819566,47.40772862462179,45.66479926701052,45.89178466796875,292500
14-12-2022,45.77828852063811,46.37817934727188,44.75684810834657,45.154075622558594,260500
15-12-2022,44.99194526189585,45.43781076762401,44.64335877193067,45.25135803222656,243100
16-12-2022,44.57850065605797,45.00815241473117,43.90564675460611,44.91087341308594,694100
19-12-2022,44.87034199774978,44.87034199774978,44.27855645084214,44.61903762817383,163700
20-12-2022,44.537963333408605,45.03246980403649,44.05967054455713,44.432579040527344,158500
21-12-2022,44.77306336375522,45.27567519958384,44.18127781186391,44.27855682373047,146800
22-12-2022,44.189376499950825,44.238017544832736,43.18415297860647,43.81647109985352,201100
23-12-2022,43.77594269151148,44.22991654381436,43.54895731158198,43.840797424316406,173500
27-12-2022,43.775940753025495,43.99482082788387,43.45167328824781,43.85700607299805,209600
28-12-2022,44.035352198006834,44.21369960765487,42.57615483413687,42.64100646972656,225000
29-12-2022,43.19361643075456,43.49053696914501,42.81421936337915,42.97917556762695,240700
30-12-2022,42.74823765326377,43.48228943940813,42.71524578402007,43.06990051269531,238500
03-01-2023,43.79570054611578,44.19984305824193,42.78947375523347,43.57301330566406,248700
04-01-2023,43.71322640264251,45.0246233205729,43.71322640264251,44.35655212402344,194100
05-01-2023,44.323564628508144,44.323564628508144,43.07814826855268,43.27609634399414,303000
06-01-2023,43.53177219937165,44.71945427014928,43.53177219937165,44.68646240234375,196000
09-01-2023,44.50500976237299,44.65347001950786,43.597755432128906,43.597755432128906,213100
10-01-2023,43.3420751615134,43.51527775400066,42.90494391010902,43.119384765625,169800
11-01-2023,43.358564887496165,44.61222741098023,43.358564887496165,44.603981018066406,169100
12-01-2023,44.87616006202119,45.60196540843247,44.60398502354047,45.568973541259766,184200
13-01-2023,45.32978237780359,45.70917937089825,45.10709201761047,45.48649215698242,245100
17-01-2023,45.54423063525134,46.62468752806722,45.54423063525134,46.2535400390625,242400
18-01-2023,46.55045812390188,46.95460063221364,45.77516812082179,45.9648666381836,264700
19-01-2023,45.97311546421338,46.2535400390625,45.60196482893108,46.2535400390625,178400
20-01-2023,46.31952404128237,46.31952404128237,45.67619832354775,46.30302810668945,177200
23-01-2023,46.18755773141521,47.03707787573774,45.92362908179505,47.0288314819336,184800
24-01-2023,47.2020283371688,47.49070242570668,46.54220679323227,46.55045318603516,171700
25-01-2023,46.53396745261861,46.68242772582581,46.10508571477336,46.49272918701172,165900
26-01-2023,46.49272294433397,47.03707615757622,46.34426269106085,46.94635009765625,155900
27-01-2023,47.01233696651383,47.78762700488055,46.94635322897907,47.55669021606445,188600
30-01-2023,47.44946328943103,47.96907415659819,47.24326885045901,47.39997863769531,172700
31-01-2023,47.40823074679606,48.52168273925781,47.33400061396527,48.52168273925781,396100
01-02-2023,48.38146617344466,48.983553596752,47.81237061761989,48.67838668823242,209900
02-02-2023,48.802102636529135,49.62688046561047,48.50518526093315,49.15675735473633,246000
03-02-2023,48.752620291478266,49.00829941699598,48.0515572157592,48.80210494995117,255500
06-02-2023,48.52992295989727,48.52992295989727,47.30100272742628,47.77112579345703,192000
07-02-2023,47.35048644698272,47.713387493247296,46.96283993086848,47.05356597900391,280000
08-02-2023,46.79789064954649,47.4247203515704,46.79789064954649,47.22677230834961,262800
09-02-2023,47.42471910249201,47.53194108750747,46.4019933409632,46.50096893310547,400700
10-02-2023,46.484478291324486,47.845359802246094,46.3525139663937,47.845359802246094,416000
13-02-2023,47.83711222612143,48.2412547310146,47.7381397714389,47.861854553222656,245200
14-02-2023,47.72164021497096,47.77937440467578,47.243267618814016,47.58967590332031,201300
15-02-2023,47.202036766650814,48.059806500090055,47.18554083182185,47.93608856201172,171500
16-02-2023,47.25976914354791,48.60415789064302,47.04532829159373,48.31548690795898,131600
17-02-2023,48.52168327604468,48.83509659921715,47.845362532616726,48.25775146484375,291200
21-02-2023,47.696898944948025,47.95257803464653,47.53194276516604,47.67215347290039,251400
22-02-2023,46.38550165703755,47.08656148017265,44.29056543442394,44.46376800537109,1015600
23-02-2023,44.52150136352879,45.87413633354743,44.331802863711765,45.51948165893555,349000
24-02-2023,45.057614416644086,45.32154307454135,44.3730472971571,45.14009094238281,274700
27-02-2023,45.4122609637956,45.973110047411545,45.34627723806327,45.824649810791016,394400
28-02-2023,45.85764311737677,46.10507896736222,45.36277770996094,45.36277770996094,675000
01-03-2023,45.17307722236908,45.42050991525063,44.10911318207331,44.3153076171875,313300
02-03-2023,44.09261470418834,44.48026122663246,43.96065039918483,44.37303924560547,374400
03-03-2023,44.80193179019786,44.80193179019786,44.216340281870266,44.4472770690918,196400
06-03-2023,44.35655344628272,44.38954531663902,43.43280310025164,43.67198944091797,337600
07-03-2023,43.69672088095638,43.69672088095638,42.92967739085455,43.061641693115234,201700
08-03-2023,43.201862396821696,43.59775536649279,43.09464040099068,43.52352523803711,252500
09-03-2023,43.63899448309672,43.68023274498553,43.19361370363113,43.3833122253418,210000
10-03-2023,43.27608526137589,43.59774804860013,42.03066922036034,42.26985549926758,254500
13-03-2023,41.989433481256334,43.276087853497536,41.989433481256334,42.63275909423828,258600
14-03-2023,43.490535674379885,44.09262312762327,42.91319054983979,43.41630554199219,225100
15-03-2023,42.74823013147807,43.853429240175856,42.5090438409641,43.56475830078125,366700
16-03-2023,42.9626721161398,43.82868810408155,42.92968025180667,43.54826354980469,366400
17-03-2023,43.34207244947528,43.55651643785068,42.03892517089844,42.03892517089844,597300
20-03-2023,42.53378829601601,42.83070878928231,42.08840755611657,42.64101028442383,294900
21-03-2023,43.11113970863968,43.14413157859702,41.93170710102672,42.1873893737793,221100
22-03-2023,42.1296462920708,42.2121228032973,40.39761123981932,40.50483322143555,294600
23-03-2023,40.56257589734666,41.197655234785046,39.63057602331081,39.7955322265625,414500
24-03-2023,39.69655282745792,40.735771377701965,39.63881863834866,40.711029052734375,283300
27-03-2023,40.98320317765651,41.61003599764867,40.90897305808579,41.024444580078125,194700
28-03-2023,40.88423931465985,41.19765579043747,40.80176278506055,41.03269958496094,185800
29-03-2023,41.18939768038476,41.80798096251899,41.18939768038476,41.76674270629883,237000
30-03-2023,42.22018472820578,42.69041865824579,42.11102585416607,42.656829833984375,189500
31-03-2023,42.88355238123896,43.32859312041628,42.51408489996031,43.31180191040039,268900
03-04-2023,43.2446156652446,43.49652540711936,41.64918196136088,42.127811431884766,307000
04-04-2023,42.32934934131247,42.522480287575775,41.01941394550127,41.615604400634766,308000
05-04-2023,41.40567994650685,42.58965887128117,41.40567994650685,42.060646057128906,251300
06-04-2023,42.39652293560731,42.581255056016,41.98506786115712,42.36293411254883,163000
10-04-2023,42.25377695669333,42.61484883857723,41.8255306240812,42.530879974365234,190500
11-04-2023,42.53087766908449,43.28660701565055,42.36293674655648,42.82477188110352,262900
12-04-2023,42.959130888070966,43.29501278715055,42.40492799683468,42.421722412109375,181600
13-04-2023,42.43850552559393,42.64003204880745,41.85071396034291,42.30415344238281,162300
14-04-2023,42.472095459171015,42.69041639890263,41.85911066006484,42.16140365600586,221000
17-04-2023,42.26217576503864,42.74920094324053,41.98507274736673,42.530879974365234,373800
18-04-2023,42.43010927854482,42.581255781677314,41.674379966088885,42.09423065185547,256400
19-04-2023,41.96827416484288,42.24537715498796,41.615601126338085,42.09423065185547,151100
20-04-2023,41.92629495436269,42.13622032336984,41.69117956610091,41.87591171264648,174100
21-04-2023,41.96827431867893,42.22018409042096,41.48124918707188,41.9766731262207,112900
24-04-2023,42.10262054208822,42.18659258976895,41.229330465445095,41.56521224975586,122500
25-04-2023,41.39727830495389,41.48964597130095,40.9606331933539,41.04460525512695,116600
26-04-2023,40.80948812271241,41.1453699752214,40.25528530831728,40.66674041748047,164000
27-04-2023,40.616356361455054,42.07743822630395,40.616356361455054,42.03545379638672,197500
28-04-2023,42.08582530543517,42.320943831114334,41.582005842076725,41.79193115234375,239100
01-05-2023,41.733157121746935,42.24537545022524,41.30490764575087,41.44765853881836,148800
02-05-2023,41.338504096716974,41.38048853070599,40.09574627204167,40.465213775634766,176100
03-05-2023,40.67513487414692,41.81712929659248,40.5239883651052,40.969032287597656,255500
04-05-2023,40.700329048320526,41.136974173206944,39.91940646770534,40.94384002685547,188400
05-05-2023,41.414072244194,41.71636525671035,40.910252692137824,41.39727783203125,193100
08-05-2023,41.25452969512877,41.69957040149006,41.14536761883402,41.59040832519531,329400
09-05-2023,41.48125030892589,41.64079242126243,41.11177964405253,41.36368942260742,320800
10-05-2023,42.186596585930026,44.85684389099709,41.85911037376288,44.756080627441406,580800
11-05-2023,44.084321187656194,44.88203811645508,43.672866113827226,44.88203811645508,273400
12-05-2023,44.84005577411323,45.058376727401495,44.41180626886914,45.02478790283203,158800
15-05-2023,45.20951213011933,45.22630653827891,44.56294183040155,44.67210388183594,105200
16-05-2023,44.6469104156109,44.97439656806283,43.782019221119285,44.00034332275391,156900
17-05-2023,44.09271706993759,44.84844957634709,43.74004403575082,44.80646514892578,154000
18-05-2023,44.4369923798893,44.68890533881167,44.1263037879464,44.353023529052734,113300
19-05-2023,44.76448704967375,44.76448704967375,43.488140415753946,44.08432769775391,178200
22-05-2023,44.08432163828424,44.58814117572489,43.57210329340257,43.588897705078125,174600
23-05-2023,43.496534382860354,44.6049400383996,43.496534382860354,43.907989501953125,145700
24-05-2023,43.748444812308094,43.79043244790007,43.2446252172731,43.2866096496582,117600
25-05-2023,43.07668592193753,43.07668592193753,42.36294093463958,42.79118728637695,120100
26-05-2023,42.86675263958441,43.42095539421715,42.34613870722187,43.33698654174805,186900
30-05-2023,43.530120849609375,43.93317713857162,43.32859110352493,43.530120849609375,152200
31-05-2023,43.42095791639777,44.00035392299157,43.35378347116182,43.75683975219727,383800
01-06-2023,43.86599730440945,44.68890419370576,43.622483158734326,44.02553939819336,150100
02-06-2023,44.52096711836588,45.25150641495284,44.42859945495246,45.12555313110352,196400
05-06-2023,44.93241615297239,45.36906122306896,44.22706691715582,44.31103897094727,209600
06-06-2023,44.34463185076491,45.36906537512341,44.235469772448965,44.8652458190918,163500
07-06-2023,45.14234552456004,46.26754552046213,45.14234552456004,46.12479782104492,196300
08-06-2023,45.898076122179766,45.898076122179766,44.82325940845,44.92402267456055,191600
09-06-2023,44.95760992346497,44.95760992346497,44.235466268011386,44.319435119628906,158300
12-06-2023,44.41180859412692,44.73929164280857,43.84081135937699,44.26066207885742,213300
13-06-2023,44.11792065653044,44.781285656577886,44.11792065653044,44.52097702026367,170800
14-06-2023,44.5545599579809,45.88128657937754,44.5545599579809,45.20952606201172,349900
15-06-2023,45.31028561278897,45.940061646631975,44.781276050669554,45.88128280639648,262600
16-06-2023,46.1751775156254,46.34311521894943,45.20112410159673,45.4194450378418,395300
20-06-2023,45.24311092213967,45.24311092213967,44.22706982529471,44.85684585571289,118300
21-06-2023,44.68890532462391,44.78127298243861,43.96676167611589,44.51256561279297,159000
22-06-2023,44.63852886510245,44.71410212358043,43.37897669260722,43.907989501953125,154400
23-06-2023,43.53011831612775,43.79042688900198,42.73240138924804,43.11026763916016,473600
26-06-2023,43.13546095999352,44.11791328504514,43.13546095999352,43.93317794799805,146900
27-06-2023,44.117919149259706,44.60494437092897,43.90799376678688,44.38662338256836,147400
28-06-2023,44.21866805290819,44.40340335442157,43.78202301500773,44.159889221191406,187200
29-06-2023,44.03174773940963,44.80918047150878,43.98903229986159,44.7493782043457,121900
30-06-2023,44.988585110298615,45.07401598528784,43.86088061375016,44.78354644775391,361200
03-07-2023,44.78354917527535,45.42429055365552,44.61268741489064,45.1850814819336,75900
05-07-2023,45.005679283698406,45.78311210533072,44.817727417266575,45.02276611328125,172600
06-07-2023,44.50161897698315,44.655397148862754,43.65583903164532,44.54433441162109,155400
07-07-2023,44.270954664964805,45.17653693084919,44.270954664964805,44.63831329345703,160500
10-07-2023,44.47600165998569,44.80064165283976,44.13427157816295,44.698123931884766,147900
11-07-2023,44.71520254365781,45.63786838063494,44.66394206311169,45.54389572143555,163700
12-07-2023,45.98814563192569,46.46656377054956,45.78310695895893,45.80019378662109,151300
13-07-2023,45.80874318527359,46.16756010786304,45.80020139951227,45.9454345703125,75800
14-07-2023,45.78310383954032,46.09920198230513,45.415745217281646,45.93688201904297,188500
17-07-2023,45.80873858457112,46.09920815597857,45.373035856949606,45.96251678466797,142000
18-07-2023,46.04794687473813,46.28715593872793,45.72330367433836,46.12483596801758,121700
19-07-2023,46.43238944628911,47.15856494606293,46.381132223020224,46.86809539794922,178100
20-07-2023,46.885186943080896,47.713876972777534,46.41531054828764,47.67970657348633,129600
21-07-2023,47.85056458276804,47.85056458276804,47.346514569354696,47.748046875,146100
24-07-2023,47.74804970382599,48.0983215468495,47.61135833237729,47.99580383300781,96000
25-07-2023,47.75659425627939,48.22647063711283,47.51738191447125,47.77367782592773,131400
26-07-2023,47.50029490403948,48.10686591157272,47.50029490403948,47.85911178588867,89200
27-07-2023,47.79930839177798,47.89328431717173,47.07313286035853,47.27817153930664,124300
28-07-2023,47.38923223751757,47.69678861311092,47.013328552246094,47.013328552246094,137100
31-07-2023,46.95352400021244,47.26108036083489,46.671599508961165,46.91080856323242,127500
01-08-2023,46.92789014539272,47.056039700990354,46.50927108822185,46.85954284667969,117700
02-08-2023,46.62035199706867,47.14148894652908,46.38968466243964,46.87664794921875,98000
03-08-2023,46.70577052408034,47.09876102286632,46.32132832717033,46.97915649414063,68000
04-08-2023,46.91081243154677,47.80784971801357,46.67160335755008,46.68869018554688,133800
07-08-2023,46.82537813198089,47.70532852620871,46.81683308911673,47.577178955078125,125200
08-08-2023,47.25253468846891,47.31233694711541,46.78265514341977,46.98769378662109,213600
09-08-2023,46.56054407405062,46.56054407405062,43.23723236708261,43.989036560058594,312100
10-08-2023,44.11717918098424,44.73229194705167,43.63876103757995,43.83525466918945,151600
11-08-2023,43.826711656153286,44.39056396484375,43.826711656153286,44.39056396484375,148300
14-08-2023,44.33076175615152,44.382022242096646,43.69856539105824,44.16844177246094,167300
15-08-2023,43.79253614949613,44.13426618959539,43.58750073261992,43.74982070922852,150100
16-08-2023,43.81817367651357,43.92069139818378,43.16034538275214,43.19451904296875,119600
17-08-2023,43.14324360046911,43.33119540754228,42.64773547599563,42.656280517578125,220200
18-08-2023,42.35727140399265,43.04072811144957,42.34018457893389,42.7673454284668,134100
21-08-2023,42.67338132658048,42.84424636546262,42.41708539774706,42.45125579833984,150500
22-08-2023,42.48542466122812,42.80152282913528,42.31455964163696,42.55377197265625,78300
23-08-2023,42.71609149886074,43.52769788913493,42.71609149886074,43.31411743164063,111400
24-08-2023,43.30557199264074,43.980487014311215,42.89549790907592,42.93821334838867,106500
25-08-2023,43.05782182014951,43.38246177122998,42.86132493004926,42.92967224121094,78800
28-08-2023,42.98093402559976,43.570414936806365,42.98093402559976,43.27994537353516,77500
29-08-2023,43.40809171380049,43.68147442834258,43.083448518164616,43.570411682128906,78800
30-08-2023,43.63876098658272,44.06592190496831,43.578955459747895,44.057376861572266,88900
31-08-2023,44.03174841706886,44.08300564172371,43.621674324934126,43.68147659301758,139000
01-09-2023,44.03175113722696,44.4674538686056,43.89505976473763,44.22824478149414,113300
05-09-2023,43.835250459663165,43.929223115251055,43.02364413992529,43.23722457885742,133400
06-09-2023,43.33975214240103,43.57041946003169,42.844247105956335,43.27140808105469,97700
07-09-2023,43.30556792477133,43.45934609903551,43.006556618690304,43.10053253173828,121800
08-09-2023,43.1090742662383,43.41663061441731,42.93820926625232,43.17742156982422,90700
11-09-2023,43.3226599567662,43.42518092458146,42.93821447490696,43.37392044067383,81700
12-09-2023,43.33974377014313,43.62167152355619,43.0663610596099,43.35683059692383,81300
13-09-2023,43.57895082125584,43.57895082125584,42.716087291909936,42.79297637939453,132800
14-09-2023,43.143258472088384,43.80962855016994,42.93821977015119,43.41664123535156,87700
15-09-2023,43.22013992916104,43.57895352032644,42.83569446792738,43.49352264404297,422400
18-09-2023,43.44226857674354,43.68148093181704,43.04073948815428,43.066368103027344,77200
19-09-2023,43.143250135528085,43.391004235293,42.98093016963675,43.21159744262695,76000
20-09-2023,43.34829108699471,43.95485880412353,43.29703060396358,43.31411743164063,106500
21-09-2023,43.19451896231758,43.59604806268435,43.06636936623439,43.41664123535156,104900
22-09-2023,43.38245743438465,44.15134831319344,43.35682882475064,43.84379196166992,148700
25-09-2023,43.84379606212145,44.73229154762316,43.459350586762135,44.51871109008789,181600
26-09-2023,44.27949785797545,44.41618920758903,43.6558401126985,43.69855880737305,133700
27-09-2023,43.912142565378666,44.06592075269469,43.43372117606447,43.47643661499024,199800
28-09-2023,43.26770513317335,44.720106908989735,43.26770513317335,44.40701675415039,138000
29-09-2023,44.7462077990643,44.937540150831424,44.27656751102612,44.66793441772461,190700
02-10-2023,44.41571232054085,45.3288994035397,43.87649762772331,44.40701675415039,221300
03-10-2023,43.90258699501556,44.17219599626161,43.554707944456815,44.00695037841797,123400
04-10-2023,44.14610131896941,45.23322953948597,43.91998010886887,45.12017059326172,134000
05-10-2023,44.93753327057805,45.650692478957104,44.93753327057805,45.28541564941406,170200
06-10-2023,45.06799500308583,45.43327187324336,44.49399133654051,44.67662811279297,156600
09-10-2023,44.56356691808457,45.18975059357951,44.21568451796881,44.3287467956543,412000
10-10-2023,44.47659759913267,44.79838668403592,43.71995714416727,43.77214050292969,287100
11-10-2023,43.972171096048456,44.44180804747492,43.52862084714511,44.2156867980957,191300
12-10-2023,44.17219830788364,44.56356516318889,43.26770675732315,43.43294906616211,209100
13-10-2023,43.43295797563806,43.59820363602646,43.19813781428586,43.20683670043945,159100
16-10-2023,43.49382368241729,43.61558482797133,43.07636685061655,43.3372802734375,162700
17-10-2023,43.111161034474,44.08522709475612,43.111161034474,43.91128921508789,218300
18-10-2023,43.52862140344083,43.598199215002175,42.97201218156073,43.18943786621094,153300
19-10-2023,42.90243336213531,43.493828112517726,42.7023988328907,42.71109771728516,182600
20-10-2023,42.90243410106418,43.12855533442978,42.580641725973386,42.6676139831543,229800
23-10-2023,42.39800677950407,42.88504148763379,42.18927667097632,42.276248931884766,135600
24-10-2023,42.44149348066456,44.059141124362,42.44149348066456,44.05044555664063,433200
25-10-2023,43.72865192200722,44.16350328421542,43.55471403124603,43.61559295654297,210600
26-10-2023,43.93738208779898,44.32874897778153,43.54601519781644,43.81562423706055,136500
27-10-2023,43.9112862188781,43.9112862188781,42.68500567203681,42.96331024169922,76200
30-10-2023,43.380774273644064,43.502532128309966,42.58934490066296,43.14595413208008,120500
31-10-2023,43.41555745048604,43.52861973110312,43.03288945455846,43.51992416381836,132000
01-11-2023,43.632989670176165,43.85911426532096,43.25902050310383,43.68517303466797,110100
02-11-2023,44.24177594956927,44.93753745436606,44.12871698592593,44.70272064208984,140800
03-11-2023,45.46805728631283,45.815939702493694,44.3548388627782,44.73750686645508,178000
06-11-2023,44.48529417247058,44.65053649015142,44.137411767439616,44.546173095703125,127200
07-11-2023,44.285254865078,44.37222711579801,43.53731341479868,43.80691909790039,174000
08-11-2023,43.6764672898315,44.937533453528594,42.832854674193584,44.76359558105469,216800
09-11-2023,44.90275615448631,44.90275615448631,43.67647534843557,43.73735427856445,96400
10-11-2023,43.90259328537631,44.29396017627555,43.58949977265693,44.2156867980957,109200
13-11-2023,43.98956317461048,44.63314130033091,43.98086428991963,44.589656829833984,70100
14-11-2023,45.48545084206797,46.84218825723997,45.48545084206797,46.7291259765625,174800
15-11-2023,46.58127839444722,47.01612974993726,46.01597030524916,46.4073371887207,153300
16-11-2023,46.59866837051846,46.59866837051846,46.07684480346525,46.18990707397461,127700
17-11-2023,46.58127641066321,46.93785437427314,45.96378499074889,46.67694091796875,224800
20-11-2023,46.476909527376655,47.09440094498315,46.25078829276404,46.92045974731445,93800
21-11-2023,46.67694108628989,46.824792266572366,46.33775757305396,46.61606216430664,75400
22-11-2023,47.06831643628584,47.08571089108019,46.52040603970234,46.77261734008789,69700
24-11-2023,46.79000218800847,47.46837251509385,46.729123267554336,47.224853515625,48600
27-11-2023,46.9987352922444,47.32052436632764,46.842188538873614,47.06830978393555,117400
28-11-2023,46.83349066130405,47.58143553957497,46.703037242457285,47.36400985717773,90600
29-11-2023,47.57273671105455,47.95540469148781,47.31182657359312,47.38140106201172,97900
30-11-2023,47.43358630454855,47.64231309576462,46.94655159562352,47.190067291259766,227000
01-12-2023,47.285740423510205,48.67726689752892,47.285740423510205,48.54681015014648,178700
04-12-2023,48.451136961417525,48.70335154242741,48.277195756664064,48.61638259887695,108000
05-12-2023,48.633768778870575,48.8511944332489,48.285889722456574,48.58158874511719,103700
06-12-2023,48.79032540965966,49.31214907657994,48.033684907926045,48.06847381591797,137900
07-12-2023,47.99019411680267,48.47722881164284,47.87713183953304,48.04237747192383,181500
08-12-2023,47.85973301212845,48.26849429574106,47.75536962908025,47.84233856201172,102700
11-12-2023,47.85104755426671,48.47723462014002,47.71189524158962,48.05107879638672,134000
12-12-2023,48.0075841792945,48.35546322867253,47.83364299577943,47.84233856201172,96400
13-12-2023,47.95540501728031,50.05138833344858,47.65101040778276,49.40781021118164,320200
14-12-2023,50.05138788960582,50.79063714814106,49.39911088847894,49.79047775268555,267200
15-12-2023,49.62523558887669,49.97311466659595,48.65116620889698,48.885986328125,509500
18-12-2023,49.1034142746704,49.28605104777297,48.677261804097725,48.95556640625,186700
19-12-2023,49.1729950992184,50.04269786368571,48.91208493340876,49.84266662597656,273300
20-12-2023,49.74699476709638,50.73845530756683,49.50347575673957,49.52087020874024,251000
21-12-2023,49.95572483263099,50.277517239272434,49.312146654653525,49.50347900390625,137800
22-12-2023,49.76439127364296,50.04269588183855,49.346934361349575,49.451297760009766,105000
26-12-2023,49.451295718390064,49.81656925744655,49.433901266389405,49.52087020874024,74900
27-12-2023,49.6948126575885,50.016601733541,49.65132818532236,49.95572280883789,121900
28-12-2023,49.999897204599534,50.25612650176351,49.407919289443534,50.09708786010742,134800
29-12-2023,49.92037589351688,50.12359117853943,49.26655001827978,49.3460693359375,168000
02-01-2024,49.169366642017465,49.8231891987172,48.94848000547734,49.1870346069336,102400
03-01-2024,49.09867772812945,49.09867772812945,47.91472530759912,48.0649299621582,211100
04-01-2024,48.38300802555068,48.43602203238898,47.53480413891365,47.58781814575195,121200
05-01-2024,47.14604090158825,47.6938387776608,46.79262095998266,46.880977630615234,132400
08-01-2024,46.88098053428654,47.53480308515169,46.88098053428654,47.48179244995117,103000
09-01-2024,46.98700621676839,47.64082878212761,46.819133584141056,47.58781814575195,135800
10-01-2024,47.64966827694099,48.47136688232422,47.411110291139785,48.47136688232422,123100
11-01-2024,48.28581425652024,49.204699991852216,48.15328094243875,48.974979400634766,115400
12-01-2024,49.61113396813364,50.07941250291741,49.452095339251954,49.99989318847656,80800
16-01-2024,49.77018225237971,49.95572623191629,49.31073760986328,49.31073760986328,112300
17-01-2024,48.76293500617515,49.34607561976935,47.90589710724084,48.4360237121582,92200
18-01-2024,48.41835165419343,48.41835165419343,47.68500974930708,47.85288238525391,130900
19-01-2024,48.11794251301061,48.69224909731843,47.69384058925233,48.59505844116211,188400
22-01-2024,48.74525556205166,49.42558672649448,48.3123196931549,49.23120880126953,180800
23-01-2024,49.66415489873632,49.66415489873632,48.49787362533662,48.77177429199219,141300
24-01-2024,49.31072952010315,49.31072952010315,47.6673325527602,47.67616653442383,107800
25-01-2024,48.32116247336928,48.32999982685273,47.58782054599549,47.73802185058594,124300
26-01-2024,48.02074855335439,48.59505509815384,47.85287594001808,48.21512985229492,124100
29-01-2024,48.21513553858712,48.57738949358668,47.82637626531965,47.87938690185547,224900
30-01-2024,48.24163838457562,48.34766639313885,47.43761119051478,48.338829040527344,188700
31-01-2024,48.55971502411976,48.59505769317124,46.94282667533289,46.987003326416016,255300
01-02-2024,46.88097899471357,47.3669289007142,46.69543166621746,47.340423583984375,149700
02-02-2024,46.53639680162479,47.08419810855649,45.72353556495874,46.9251594543457,193400
05-02-2024,46.28016535827401,46.68659592833768,45.90907408570026,46.07695007324219,207700
06-02-2024,45.94442564408382,46.59825164586872,45.856072327568846,45.86490631103516,120200
07-02-2024,45.864906246581896,46.076958924568,45.582171589575744,45.60867691040039,116800
08-02-2024,45.67935248933095,46.66008959562454,45.67935248933095,46.615909576416016,111700
09-02-2024,46.54523453767725,47.27857645326884,46.28900521817903,47.11954116821289,149500
12-02-2024,47.17254484976229,47.808699378021885,47.15487351614816,47.44644546508789,137300
13-02-2024,46.23598536754621,46.81912586477088,45.86489412178756,46.30666732788086,202400
14-02-2024,46.72193808170798,47.25206461330346,46.40386081456578,46.65125274658203,168500
15-02-2024,46.83679739141907,47.44644661931956,46.83679739141907,47.3934326171875,118300
16-02-2024,46.86330791088768,47.32275250261746,46.54523062657764,47.05768585205078,216100
20-02-2024,46.41269561068328,47.54363739930843,46.03277035387002,47.040016174316406,223900
21-02-2024,47.269744032865006,50.36215719389355,45.90908143310135,50.15010452270508,435600
22-02-2024,49.91154214509948,50.90111325910675,49.46976890503844,50.88344192504883,258200
23-02-2024,51.06898829967531,51.30754626508094,50.50351906484531,51.03364562988281,177300
26-02-2024,52.44732151976728,52.73005613412216,51.29871172764277,51.378231048583984,242400
27-02-2024,51.73164844712698,52.28828370249386,51.40473717608533,51.99671173095703,285900
28-02-2024,51.873022758129615,52.853760074092754,51.61679342197541,51.66980743408203,287000
29-02-2024,52.30595120343728,52.56218048622508,50.68905956080625,50.77741622924805,582900
01-03-2024,50.6183864336775,51.30755171552942,50.09709379547948,50.98064041137695,303400
04-03-2024,50.80392403637407,51.88185185099816,50.80392403637407,51.793495178222656,125900
05-03-2024,51.54610858587122,51.82884322717587,50.856943318999,51.068992614746094,134600
06-03-2024,51.32522440936306,51.86418839858501,51.03365240058543,51.47542572021485,128500
07-03-2024,51.86418469644315,51.86418469644315,51.1396767736044,51.53727340698242,153800
08-03-2024,51.86418016037473,52.12040945397092,51.66096487007988,51.82000350952149,122900
11-03-2024,51.899528938996255,52.35897020651156,51.55494293266556,52.12924957275391,110700
12-03-2024,52.89792832643043,52.89792832643043,52.21759711292161,52.62403106689453,199900
13-03-2024,52.385478330027865,53.366215587946535,52.385478330027865,52.924442291259766,292100
14-03-2024,52.50033152299054,52.93327079190781,52.07622960655088,52.52684020996094,168900
15-03-2024,51.9702044507622,53.17182822056564,51.9702044507622,53.10114288330078,373400
18-03-2024,53.06580573830637,53.834490274708365,52.73889109588525,53.53408432006836,153900
19-03-2024,53.64894804797548,54.30277061304236,53.38388138436512,54.18791198730469,146000
20-03-2024,53.834496092759125,54.16140740004799,53.26902679243368,53.90517807006836,139400
21-03-2024,54.17907754496254,54.88591415481778,54.00236754988303,54.824066162109375,134000
22-03-2024,55.04495409622997,55.04495409622997,54.09955947655328,54.161407470703125,99400
25-03-2024,54.38228958425881,54.80639152462878,54.34694691327899,54.44413757324219,80800
26-03-2024,54.61201221434134,54.90358081650299,54.30276890666759,54.39995956420898,154800
27-03-2024,54.92001824106542,55.58354323175628,54.713788378942056,55.43111038208008,134500
28-03-2024,55.59250327919455,56.42639110201933,55.57456980316531,56.336727142333984,199600
01-04-2024,56.37259801312421,56.37259801312421,55.23384779046934,55.36834716796875,102800
02-04-2024,54.76758271788823,55.09934346608825,53.94265994072242,54.0950927734375,119900
03-04-2024,54.00543526823209,54.41789502198841,53.40467911651675,53.7005729675293,403300
04-04-2024,54.30132816326313,54.48065609707886,53.0280786263127,53.180511474609375,145100
05-04-2024,53.20740644457964,53.99646229868262,53.16257446410511,53.92472839355469,158300
08-04-2024,54.11303520532804,54.92898972106793,53.82610637037301,54.70482635498047,117800
09-04-2024,54.74965510967585,54.95588497095342,54.3371919666596,54.6868896484375,188200
10-04-2024,53.682634714417965,53.996465436900905,51.82656256712042,52.31972122192383,174800
11-04-2024,52.69632319393821,52.96531854243134,52.35559392826749,52.81288909912109,124900
12-04-2024,52.588721535905776,52.84874841374045,52.140394850758966,52.38248825073242,88600
15-04-2024,52.56181884863156,52.98324702112161,51.961062741045495,52.94738006591797,125800
16-04-2024,52.525951701526,52.8397789868223,52.00589114822255,52.732181549072266,116200
17-04-2024,52.97428142921039,53.88886483394969,52.6425172277964,53.39570617675781,226100
18-04-2024,53.79023432714105,54.35512345764047,53.42260660169784,54.1937255859375,167900
19-04-2024,54.20268690496791,55.31453496327157,54.20268690496791,55.162105560302734,213400
22-04-2024,55.144181019628434,56.067732875490925,54.87518569874685,55.87943649291992,165500
23-04-2024,56.16636746034344,56.65952613774848,55.96013759235447,56.25603485107422,136300
24-04-2024,55.915305605920594,56.43536279030217,55.27868252382231,56.35466384887695,128800
25-04-2024,55.95116895433465,56.336730158453015,55.55663930149112,56.13946533203125,115700
26-04-2024,56.399498081685344,56.820922837732745,56.33673261971103,56.39052963256836,87800
29-04-2024,56.62365718866632,56.86575056934214,56.17533053925633,56.29189300537109,100700
30-04-2024,56.13947400654542,56.96439355275344,56.13947400654542,56.54296875,130900
01-05-2024,56.74022323130701,57.76240750911974,56.61469230883332,56.84782409667969,197500
02-05-2024,57.34994928493473,57.95070540688628,57.28718382205803,57.78034591674805,149800
03-05-2024,58.28246058578471,58.4886938409398,57.25130799185195,58.03139877319336,211000
06-05-2024,58.07623445403813,58.19280376769729,57.511345306420445,57.60997772216797,137200
07-05-2024,57.92379912309525,59.26877901066366,57.61894029888871,58.86528778076172,311100
08-05-2024,58.66802686633112,59.05358806668141,57.89690446563054,58.8563232421875,187900
09-05-2024,59.03564928315646,59.089453132340566,58.28246380379598,58.68595504760742,106100
10-05-2024,58.78459284663449,58.88322526477359,58.42593697077119,58.55146789550781,81300
13-05-2024,58.73976536426432,59.053592681884766,58.61423443721613,59.053592681884766,77800
14-05-2024,59.17911829573385,59.95920913600039,59.17014984720063,59.85160827636719,130100
15-05-2024,60.075778773433775,60.4792700736027,59.50192113540911,59.7619514465332,173300
16-05-2024,59.788846233824366,59.97714261824722,59.47501892645293,59.75297927856445,94800
17-05-2024,59.95024853413351,60.03094405872896,59.19705609996223,59.63642120361328,134800
20-05-2024,59.52881630342492,59.923345972777724,58.87426317845933,58.99082565307617,173200
21-05-2024,58.88322898180338,59.510890486030206,58.8652989232473,59.08946228027344,93700
22-05-2024,58.865297757422574,59.4660539005332,58.53353353286228,58.79356384277344,116100
23-05-2024,58.83839558505509,59.18808984603651,57.61894647566063,57.91483688354492,180400
24-05-2024,58.39903426134658,58.39903426134658,57.98657451273363,58.25557327270508,96900
28-05-2024,58.27349764065193,58.73079275158041,57.99553729916697,58.08520126342773,156700
29-05-2024,57.75344848418306,58.23763529771095,57.30511836599987,57.42168426513672,122200
30-05-2024,57.7893092783653,58.57836865380892,57.61894978305845,58.48870468139648,88600
31-05-2024,58.64112617043546,59.41224854232596,58.64112617043546,59.25085067749024,156500
03-06-2024,59.35845473423271,60.47927152937248,59.22396219155419,60.36270904541016,151300
04-06-2024,60.20130606966594,61.09795943006122,60.0130096848936,60.075775146484375,160900
05-06-2024,60.210272922371,60.52410022200439,59.52881447107988,59.681243896484375,99900
06-06-2024,59.40328958013682,60.00404573482392,59.33155566410539,59.95024871826172,85500
07-06-2024,59.4660451942536,59.82470787406574,58.54249341135946,58.811485290527344,128700
10-06-2024,58.4797350494092,58.99979565617723,57.8520735733684,57.86104202270508,109700
11-06-2024,57.62791450576472,58.25557602841464,57.38582108307659,57.95071029663086,134800
12-06-2024,59.11635883067144,59.492951616181365,58.52456430407939,58.59629821777344,153900
13-06-2024,58.820456508804426,59.34051707697712,58.533527719626726,59.17015075683594,122400
14-06-2024,58.71286021126262,59.62744355350635,58.56939240177719,59.57364654541016,127700
17-06-2024,59.367419424278346,60.237174296772366,59.03565521119559,60.03094100952149,153500
18-06-2024,60.353735421461984,60.94552992220416,60.21027444126288,60.613765716552734,136900
20-06-2024,60.29993955766694,60.748266245828034,59.54675400519904,59.71711349487305,108400
21-06-2024,59.806772874622894,60.27303642544491,59.492945585178376,59.85160827636719,340200
24-06-2024,60.0847486693108,60.73930184675564,59.77988294375291,60.36270904541016,114300
25-06-2024,60.21027706873466,60.22820712669615,59.60952093364812,59.788848876953125,88300
26-06-2024,59.34949149699316,60.19234105198589,59.12532814411546,59.97714614868164,137300
27-06-2024,60.210271719399614,60.69446533241235,59.86057747237741,60.58686447143555,115500
28-06-2024,60.986715868994736,61.650104955808985,60.56868825448739,61.55014801025391,802700
01-07-2024,60.99580976569555,61.52288387984955,60.60504373857364,61.3683967590332,140400
02-07-2024,61.377488275745726,62.21354359204298,61.12303726063527,62.1226692199707,88900
03-07-2024,61.99544016330945,62.57704443120066,61.99544016330945,62.22262954711914,62400
05-07-2024,62.19536478982271,63.10412227917362,61.895473154352246,62.81332015991211,103700
08-07-2024,63.14047874473596,63.37675071997305,62.48617218780553,62.59521865844727,105600
09-07-2024,62.40437611967068,63.3313126561436,62.11357399579614,63.12229537963867,126900
10-07-2024,63.38583227687531,64.24914908296596,63.14047081547421,64.19462585449219,123100
11-07-2024,65.24880735124216,66.29387318714085,64.82169011167325,65.366943359375,158200
12-07-2024,65.87583381777395,66.12120224247928,64.93981463696248,64.97616577148438,165600
15-07-2024,65.49415121477826,66.11210657764579,65.18517699997916,65.57594299316406,197100
16-07-2024,66.17572227086,67.16627157208892,66.07575838908636,66.92999267578125,216200
17-07-2024,66.92999277859784,67.57520978622911,66.54831628393195,66.59375,175500
18-07-2024,66.13938336779906,67.293509513222,65.71226614547423,65.77587890625,136600
19-07-2024,65.93036075381872,66.0030560860285,65.17609034932644,65.52141571044922,132600
22-07-2024,65.58503260435738,67.02087123860659,65.35784321032821,66.69371795654297,139700
23-07-2024,66.45743925963224,68.1386463274828,66.15755452783246,67.47525024414062,213200
24-07-2024,67.420734453294,69.06558363436038,67.22989617261261,67.76605987548828,170600
25-07-2024,68.21133406675612,69.347280914035,67.15717899778137,67.18444061279297,264500
26-07-2024,67.82056534460568,69.00195279153996,67.27531226650873,68.22042083740234,221500
29-07-2024,68.24769236228403,68.72025018299047,67.63882645221041,68.34765625,103300
30-07-2024,68.62936955654723,68.97470187507331,67.81149327918997,68.3022232055664,137500
31-07-2024,68.44761440869304,69.66535306018636,67.89327178076442,68.02958679199219,252800
01-08-2024,68.4203534170459,68.83838103755886,67.16627055550701,67.89327239990234,145700
02-08-2024,67.0844731273456,68.53848362700286,66.46651779833265,67.62064361572266,205100
05-08-2024,65.46689706960004,67.04813332169691,64.76714984850462,65.86675262451172,268400
06-08-2024,65.93036340563316,68.0114121058446,65.49415672848141,67.5479507446289,220700
07-08-2024,68.28404968589678,69.42908627324802,67.184453754633,67.83876037597656,233000
08-08-2024,68.01140631231195,68.7475045839718,67.09356625166453,67.18444061279297,163700
09-08-2024,67.58429931330133,67.98414790780292,67.00269505469025,67.9568862915039,184100
12-08-2024,67.71152522160595,67.747876354648,66.49378653114145,67.12992095947266,117400
13-08-2024,67.74788259292482,67.85692906882234,67.05722486806911,67.64791870117188,127300
14-08-2024,68.01141486188246,68.32948556572,67.62973833720164,67.78422546386719,163200
15-08-2024,66.3392919714784,68.76567263028629,66.19388745562664,68.40216827392578,1116300
16-08-2024,68.31129307783355,68.67479742972247,67.36618453622987,67.51158905029297,463500
19-08-2024,67.37527522727706,68.10228394374016,67.0390324825908,67.62064361572266,251000
20-08-2024,67.72970677353929,69.30186056397916,67.49342784242685,69.20189666748047,284900
21-08-2024,69.40180614940716,69.61081647183474,68.55666147771095,69.50177001953125,206200
22-08-2024,69.41999509662332,69.8652843959036,69.0383185543831,69.71988677978516,106200
23-08-2024,70.11972927521784,71.61009096204783,69.91980152374344,71.45559692382812,199400
26-08-2024,71.97359116422052,72.24622118729168,71.60100419484407,72.16443634033203,295000
27-08-2024,71.86454707907136,73.34581935581292,71.61009608019745,73.31855773925781,207300
28-08-2024,73.40034337196339,73.78202680761581,72.92779250233772,72.93688201904297,162200
29-08-2024,72.93689014196656,73.60027933666466,72.44616018427821,73.1368179321289,147500
30-08-2024,73.44577945137833,74.0001220703125,72.9186984475935,74.0001220703125,268100
03-09-2024,73.6366217512365,74.00921566754153,72.3916283689689,72.73695373535156,222200
04-09-2024,73.04594437276914,75.24514336465259,72.93689788166952,74.6090087890625,346800
05-09-2024,75.1269878792788,75.78129444972637,74.49086034316042,74.9815902709961,176100
06-09-2024,75.2996546541613,75.62680794205754,73.60027546054869,74.79983520507812,305100
09-09-2024,74.88161809384555,75.18150972765268,74.43632886784879,75.02701568603516,101900
10-09-2024,75.17242567345522,76.27202147737434,75.17242567345522,75.97212982177734,236000
11-09-2024,75.27238104052562,75.39051701272392,74.60898505321119,75.28146362304688,154300
12-09-2024,75.58137011749504,76.25385575293055,75.0633785478204,76.24476623535156,123100
13-09-2024,76.55373473236182,77.44432018969816,75.99030948378469,77.28983306884766,172100
16-09-2024,77.6169798061701,78.27127936876293,76.62643054624833,77.30799865722656,142500
17-09-2024,77.3352556453496,77.78963435881613,76.4901109609711,77.00810241699219,141900
18-09-2024,76.82636412681916,78.05318543294986,76.29928308371208,77.38070678710938,226500
19-09-2024,78.13497367554592,78.13497367554592,75.59044987700268,75.73584747314453,288500
20-09-2024,75.53593198276286,76.61734878028162,75.02702302713105,75.60862731933594,638100
23-09-2024,76.1720641147237,77.24439839327886,76.1720641147237,76.9808578491211,185500
24-09-2024,76.59009342071391,77.1353466225508,76.15389363255265,76.17206573486328,355000
25-09-2024,76.5264721196153,77.87143633838585,75.9085167109807,76.93541717529297,206000
26-09-2024,77.18078006517298,77.44432059030649,75.81764372133968,76.37198638916016,203300
27-09-2024,76.75778304673484,77.18033583466294,75.75651802914224,76.23418426513672,193800
30-09-2024,76.0872114464246,77.30894425225016,76.02291008866128,77.21707916259766,379900
01-10-2024,76.44548285908382,77.18035471020805,76.09641224709993,76.25257873535156,180700
02-10-2024,75.69222471596107,76.11477754880423,75.15943796694539,75.68303680419922,257200
03-10-2024,75.61873500623523,75.61873500623523,74.3327006915337,74.92060089111328,225300
04-10-2024,74.8471232356575,75.09514080051055,74.05713097972018,74.71851348876953,215800
07-10-2024,74.18573889510458,74.46131320769099,73.25795592358484,74.24085235595703,308200
08-10-2024,74.49805238316773,74.83793505290144,73.71724804232805,74.50724029541016,176800
09-10-2024,74.64502450210792,75.00327595707724,74.22247168363955,74.9297866821289,160600
10-10-2024,74.7552522632749,75.2604822739333,72.00865540757941,72.2383041381836,406900
11-10-2024,72.06377783313629,72.92725941038603,71.3289060086957,71.62285614013672,467300
14-10-2024,71.6044722542132,71.6044722542132,70.11635294745255,70.1898422241211,422600
15-10-2024,69.87751167858994,71.56772988850756,69.85914286479986,70.78691864013672,326300
16-10-2024,71.0441351278283,72.4955169341741,70.82367428646052,71.75145721435547,304900
17-10-2024,71.52180254707947,71.6044727276358,70.19902359159258,70.30925750732422,263200
18-10-2024,70.59401481498475,70.9798229808857,70.16227410195728,70.32762145996094,221300
21-10-2024,70.28169528966366,70.95226561842021,68.32508373614712,68.61903381347656,222800
22-10-2024,68.53636111445591,69.18856260549303,68.4996164801031,69.17937469482422,153200
23-10-2024,69.05996864333846,70.56646380115264,68.9589226381404,70.24495697021484,132600
24-10-2024,70.35518864478448,70.66751459336908,69.5468275567649,69.67543029785156,125900
25-10-2024,69.76727648671606,70.08879029286742,69.01402898537896,69.05077362060547,151800
28-10-2024,69.35391897012144,69.94181917953343,69.20694041360679,69.51007843017578,153600
29-10-2024,69.1885708021449,71.24622151141224,68.79357469646058,71.1635513305664,207400
30-10-2024,70.98901965337906,72.69760689418162,70.98901965337906,72.06377410888672,268500
31-10-2024,71.79738926373987,72.69760844785225,70.29088700139958,70.41030883789062,251900
01-11-2024,70.8420339758623,71.31051228102386,70.15308787122471,70.22657012939453,262200
04-11-2024,70.50216636823728,71.57692083804204,69.35392261631159,69.73973083496094,253800
05-11-2024,69.50089130496825,70.74099297917358,69.50089130496825,70.4837875366211,340900
06-11-2024,70.50217225534378,71.3289092274296,65.75303738281225,70.51136016845703,870000
07-11-2024,70.54808494558321,73.98362760840963,70.29087250911552,73.15689086914062,451100
08-11-2024,73.52433832107731,75.42582952729815,73.52433832107731,74.58990478515625,511000
11-11-2024,74.54398154660905,75.27885330114626,74.0020068821267,74.48886108398438,175500
12-11-2024,74.82874393922074,75.6187361585042,73.6529435221449,73.72643280029297,226700
13-11-2024,74.40618244400152,74.40618244400152,71.58609655022225,71.83411407470703,285900
14-11-2024,71.94435172880183,72.49550726285587,70.46541339062442,71.0257568359375,277400
15-11-2024,71.46669578457099,73.10179380856835,70.77774951547161,71.41157531738281,279700
18-11-2024,71.4666822317727,71.66876721206015,70.73180354743141,70.91551971435547,122200
19-11-2024,70.79612149542476,71.64122727461415,70.27252258784827,71.52181243896484,111800
20-11-2024,71.04412878099622,71.32889797599327,70.41949095431107,70.86041259765625,129500
21-11-2024,70.71343412131536,71.73306794972773,70.70424621055201,71.5309829711914,204400
22-11-2024,71.86168359748532,72.12806995667272,71.21866294918743,71.3840103149414,164600
25-11-2024,71.61366183909455,72.09133514027752,70.63076551773815,70.7318115234375,461300
26-11-2024,70.82366384069746,71.85249262921175,70.63994766804119,71.18191528320312,349400
27-11-2024,71.49425277824575,71.92599356314221,70.41031036385687,70.6491470336914,204600
29-11-2024,71.05332254082803,71.7055241561856,70.1622842608121,70.41030883789062,207900
02-12-2024,70.41030112445826,70.41030112445826,69.22531285172559,70.13471984863281,214800
03-12-2024,70.12552777120523,70.3735523063781,69.4090249066126,69.78565216064453,217000
04-12-2024,69.66623594622205,69.95100513944199,68.92217629751842,69.42740631103516,189800
05-12-2024,69.069157602066,70.0428660214715,68.89462231620146,69.4457778930664,178200
06-12-2024,69.44578001430415,69.4733367427406,68.21486608865135,69.43659210205078,210200
09-12-2024,69.34473652592862,69.56520437808398,67.81987242763535,68.29753875732422,251500
10-12-2024,68.29753534624183,68.55474081925323,67.39731619070194,68.2516098022461,244200
11-12-2024,68.12301753832209,68.37103513733278,66.45116769008676,67.04825592041016,265600
12-12-2024,66.99313064074508,67.74637822679824,66.38685460380496,66.42359924316406,152900
13-12-2024,66.28580435864704,66.83695983886719,66.01022311437589,66.83695983886719,299600
16-12-2024,66.8461382530031,67.23195338228776,65.44987728785713,65.6244125366211,382100
17-12-2024,65.24779302256297,66.25824598607208,64.65070495056855,65.92755126953125,220300
18-12-2024,65.7438457693405,66.7726747220651,63.03399324436857,63.29119873046875,348200
19-12-2024,63.46572127613547,64.30164603863285,62.749218341608135,63.2360725402832,572500
20-12-2024,62.93294262486346,65.11919610503196,62.4644572332833,64.16385650634766,780400
23-12-2024,64.16385459455802,64.16385459455802,63.15340157108528,63.43816375732422,178300
24-12-2024,63.29119124856537,63.860715612368935,62.93293979122989,63.73211288452149,83100
26-12-2024,63.47490635987203,64.099551173893,63.11665490856971,63.722930908203125,102400
27-12-2024,63.30038365931926,63.93420943209741,62.88701171186546,63.22689437866211,173500
30-12-2024,63.1074630664209,63.447345682165285,62.49200620209031,63.30955505371094,248500
31-12-2024,64.091398812553,64.73361811638429,63.29095382840359,64.50093078613281,296700
02-01-2025,64.10069498811511,64.64052408544062,63.19786719797862,63.644622802734375,338200
03-01-2025,63.65393993167639,64.60330813271061,62.751112033046006,64.40784454345703,248700
06-01-2025,63.72839823215053,63.79355039146637,62.2019701272771,62.39742660522461,223300
07-01-2025,62.74180666960301,63.53294206547215,62.14612065158616,62.53704071044922,183600
08-01-2025,62.56495771081694,63.32817171405857,61.69005125549642,63.02102279663086,302200
10-01-2025,62.1182027928537,62.1182027928537,60.61969593622211,61.63421630859375,231700
13-01-2025,61.49459817483832,62.64872517230126,61.00130224451353,62.62080383300781,221300
14-01-2025,62.49980332706304,63.27232678236078,62.47188199030203,62.99309921264648,144200
15-01-2025,64.11931322608032,64.407843212071,63.095490503838015,63.55155563354492,139200
16-01-2025,63.477092728702914,64.70568139115997,63.2909457287454,64.46369171142578,149700
17-01-2025,64.70567824089474,64.8359896557841,64.00761637346065,64.51953125,190500
21-01-2025,64.96629343013328,65.93426629601085,64.96629343013328,65.48751068115234,224700
22-01-2025,65.10590314179369,65.10590314179369,63.12340991915744,63.66324615478516,196500
23-01-2025,63.55156566466312,64.23101582727291,63.01172932736264,64.20309448242188,135300
24-01-2025,63.75632534533639,65.13383739696921,63.672561319081744,64.79876708984375,160300
27-01-2025,64.90115135157735,66.48342230989526,64.90115135157735,65.91566467285156,191700
28-01-2025,65.53405769718856,66.12973664543375,64.25892867616666,64.80806732177734,130400
29-01-2025,64.72429632693037,65.27343491339407,62.136814842737024,62.69526290893555,157700
30-01-2025,63.31886390303566,63.94246413287488,62.974491260225726,63.51432037353516,121700
31-01-2025,63.216484997122414,63.85870422799808,63.01171903359377,63.39332962036133,144300
03-02-2025,62.499823033555074,64.09140364023449,62.28574754913482,63.93317794799805,171900
04-02-2025,63.74701108874469,63.74701108874469,63.24440566570871,63.33748626708984,135800
05-02-2025,63.90524678207983,64.3147716225214,63.43056267726114,63.923858642578125,206800
06-02-2025,64.06346830743531,65.24551665160557,63.6260150529537,64.02623748779297,240100
07-02-2025,63.87731220328725,64.00761651741715,62.85348954895845,62.89072036743164,166300
10-02-2025,62.61149526330994,62.90003234266076,61.49459906901533,62.2950439453125,135500
11-02-2025,62.11820020768188,62.41603967045895,61.42944778145733,61.70867538452149,228900
12-02-2025,60.91753130022023,61.662133488426086,60.70346296432164,61.23398971557617,140900
13-02-2025,61.55975036064439,63.40263686640306,61.475986342727175,63.12340927124024,170000
14-02-2025,63.07688270754991,63.54225740012785,62.43467046050926,62.90934753417969,154600
18-02-2025,62.825575824625,63.979702932960194,62.825575824625,63.6539421081543,177300
19-02-2025,63.09549272742877,65.50612988474461,63.09549272742877,64.84529876708984,344800
20-02-2025,64.52883947605385,65.2362037085517,63.942462974128986,64.92906188964844,196200
21-02-2025,65.44098127014256,65.79467055021928,63.598101625425386,64.1844711303711,172600
24-02-2025,64.0541642713217,66.12973826120891,64.0541642713217,65.80397033691406,268300
25-02-2025,65.80395798072848,67.181469761702,65.80395798072848,66.35310363769531,215200
26-02-2025,66.4275786771992,68.41938156853139,64.80806981706466,66.24142456054688,303800
27-02-2025,65.94358631193703,66.91156643352618,65.56198279248518,66.31588745117188,185500
28-02-2025,66.31588177152693,66.85571802213033,65.32928987294714,66.70679473876953,476600
03-03-2025,66.50203103205318,68.32630580988204,66.32519350337581,68.26114654541016,299900
04-03-2025,68.18668743259617,69.00574416083342,67.68408201945533,67.92607879638672,295700
05-03-2025,67.58170098234788,68.61483317775387,67.20939987661593,68.3169937133789,225500
06-03-2025,67.99123254940471,67.99123254940471,66.39964515328633,66.91156005859375,287100
07-03-2025,67.10701000609507,68.2797558833931,67.10701000609507,67.87022399902344,249800
10-03-2025,67.73992386837679,70.03887546842579,67.73992386837679,69.01505279541016,339100
11-03-2025,69.19190415541829,69.39667015120577,67.15356788156588,68.29838562011719,253000
12-03-2025,68.24252659394634,68.32629770901157,66.27864534238485,67.82369232177734,303400
13-03-2025,68.1773852879449,68.81960456845516,67.41417115647694,68.28907775878906,189700
14-03-2025,68.6334345399672,69.93648466019881,68.25183111322224,69.89925384521484,146700
17-03-2025,69.80619528279243,70.7555564141749,69.80619528279243,70.26226043701172,233500
18-03-2025,70.22502046604596,71.27677154930547,69.98303080001406,70.79277801513672,188300
19-03-2025,70.79278786385461,71.22093167991973,69.4990469345775,70.29949188232422,168100
20-03-2025,69.69448878193651,70.79277298397021,69.47111099030057,69.57349395751953,256000
21-03-2025,69.36874042458057,69.55489453510047,68.26114654541016,68.26114654541016,712100
24-03-2025,68.54037040230331,69.79688039993661,68.30768310270258,69.52696228027344,184600
25-03-2025,69.21051570366237,69.41528167751012,68.12154077116656,68.69860076904297,198000
26-03-2025,68.92198467748102,69.35943085930013,68.41937923126939,68.98713684082031,267800
27-03-2025,69.1918928511682,69.77826939804271,68.52175938496624,68.67998504638672,204100
28-03-2025,69.08020664162966,69.74103772036935,68.54967988258213,69.52696228027344,124200
31-03-2025,69.79075921255466,70.4596492492824,69.47986453434767,69.58349609375,290100
01-04-2025,69.43275284860363,70.3465908107303,69.13128119809649,69.9697494506836,194500
02-04-2025,70.00743778613877,70.77054355477813,69.12186881179834,69.49870300292969,303800
03-04-2025,69.16896800822092,71.21332292062901,69.09359829655071,69.60233306884766,191000
04-04-2025,69.00880226412741,70.11105717593817,67.18112656623077,67.30360412597656,236800
07-04-2025,65.63609583892108,68.50008028970437,63.836688835188575,65.2592544555664,305500
08-04-2025,66.64414078433336,67.2941919751062,63.76131756899532,64.75994110107422,266900
09-04-2025,64.04394555455134,68.07613142185136,62.56484920252492,67.32244873046875,379100
10-04-2025,66.89850446998011,68.45297047665221,66.1259829716095,67.5202865600586,241800
11-04-2025,67.68986911319453,68.9146017268206,66.36151213432879,68.59428405761719,270100
14-04-2025,68.88634203454404,70.21469905490103,67.99134288504627,69.69654846191406,165300
15-04-2025,69.66828023611265,70.81764318999936,69.21607633836626,70.29006958007812,223900
16-04-2025,70.31833399426087,71.37348844030402,69.96975445345561,70.94953918457031,240900
17-04-2025,70.65748276287404,72.20252581094348,70.54442820289914,71.38289642333984,271000
21-04-2025,71.1285367715735,71.31695386147081,68.91460362084946,70.2146987915039,218300
22-04-2025,70.83648880541995,72.69242662808124,70.45022442347869,72.10832214355469,238800
23-04-2025,72.34384639949916,72.42863193364752,69.80017256027931,71.16622161865234,219000
24-04-2025,70.94012265209835,71.88222251633525,70.50675038941601,70.9589614868164,114500
25-04-2025,70.91185190899094,71.03432948848602,69.95091323320244,70.8082275390625,131000
28-04-2025,70.61979706107627,71.03432325501969,70.12990834903923,70.78937530517578,220400
29-04-2025,70.34658773384345,70.96837702887179,70.13932463550067,70.52558898925781,290000
30-04-2025,70.53502069665444,71.48653640160656,69.94149317137061,71.2886962890625,189700
01-05-2025,70.97780396304213,71.74090977982812,70.46907633538737,71.00607299804688,166200
02-05-2025,71.23217146801326,72.07063977403236,70.80822940322663,71.47711944580078,221100
05-05-2025,71.56190598040848,71.66553754215998,70.497335704186,71.63727569580078,300500
06-05-2025,71.40174697573333,74.13383792016852,70.83648851528326,71.9387435913086,618600
07-05-2025,71.94817123801658,73.59684604668895,71.76916995874075,72.14601135253906,274000
08-05-2025,72.07063977403236,72.41921931212799,71.34522603952709,71.47711944580078,172900
09-05-2025,71.34521950217216,72.71126130811574,71.21331892033294,72.32499694824219,169300
12-05-2025,72.36269109945464,72.36269109945464,70.55386101447876,71.18506622314453,187500
13-05-2025,71.60900889903466,71.60900889903466,69.76249412548485,70.30890655517578,188900
14-05-2025,69.90380281342127,70.52559213619459,68.69791621032878,68.93344116210938,154200
15-05-2025,69.24432997058562,70.93068934531252,69.12185959356599,70.29948425292969,139100
16-05-2025,70.34659229880411,71.08142901323143,70.12049035305368,70.81764221191406,289400
19-05-2025,70.54442556914972,71.12852999240313,70.49732489499013,70.72342681884766,134400
20-05-2025,70.54442352488209,71.00605755676243,70.34658344878352,70.40311431884766,265700
21-05-2025,70.16760617559743,70.35602328714516,68.39645370137956,68.74503326416016,191700
22-05-2025,68.69791807938721,68.69791807938721,67.86887281411813,67.96308135986328,200100
23-05-2025,68.1420857793389,68.69792125629554,67.642773994913,68.27397918701172,252200
27-05-2025,68.87691814077822,69.57406999225815,68.26455182268789,69.18781280517578,267100
28-05-2025,68.82981574494625,68.9428703194349,67.59566718763178,68.34934997558594,226600
29-05-2025,68.3493486908352,69.01823873843692,68.17977042611564,68.70734405517578,337500
30-05-2025,67.91597337491879,68.92402709435578,67.45434647021541,68.31166076660156,699300
02-06-2025,67.86887873635298,68.45298327118388,67.21882749498084,67.8123550415039,651000
03-06-2025,67.61450745429838,68.4906606590914,66.69125356654342,67.64277648925781,424600
04-06-2025,67.71812647821605,67.71812647821605,66.69124121541007,66.91734313964844,347800
05-06-2025,67.11519402205408,67.84061496104471,66.25788686138084,67.2282485961914,355000
06-06-2025,67.73697929461007,68.91460408350227,67.39782278039701,68.31166076660156,210200
09-06-2025,68.1891750193966,68.45296897813303,66.7854484517459,67.62391662597656,302800
10-06-2025,67.70871947285832,68.37760951041759,67.42608664001851,67.68045043945312,310000
11-06-2025,67.68044154236833,68.33049265985504,66.96445091855892,67.26592254638672,230800
12-06-2025,67.31302097326993,67.81233985399788,66.91734082264053,67.46376037597656,215900
13-06-2025,66.95503641006434,67.50145605102288,66.4745634714524,66.8231430053711,231800
16-06-2025,67.22824300040602,67.4826067864782,65.5418834783944,65.82451629638672,227300
17-06-2025,65.88104179866815,66.87024950122361,65.88104179866815,66.57819366455078,355200
18-06-2025,66.37093154811451,67.36013926553612,66.02235920376042,66.73834991455078,219700
20-06-2025,67.03040396168812,67.15287435133874,66.46514550442575,66.67240142822266,588300
23-06-2025,67.01156448003664,68.24572025838289,67.01156448003664,68.15150451660156,439900
24-06-2025,68.14207904068462,68.33049612225538,67.32244964178487,67.83118438720703,243400
25-06-2025,67.47319023714866,68.17976508687214,67.01155616022055,67.55797576904297,237500
26-06-2025,67.85945228771874,68.14208512295322,66.51224919005062,67.33187866210938,295300
27-06-2025,67.36013926553612,67.9065589034957,66.39920058123776,66.73834991455078,756900
30-06-2025,66.73835767510181,67.14867384847149,65.65054405828796,66.91011810302734,317100
01-07-2025,67.03416407677578,67.55898962573322,66.2898713201769,66.2994155883789,217700
02-07-2025,66.65247380226124,67.42539936777986,66.05131594476329,67.29180145263672,375300
03-07-2025,67.20591776249688,67.83570107793084,66.88147819746384,67.5589828491211,123600
07-07-2025,67.47309877668425,68.16014041312664,67.01507587248454,67.25363159179688,197500
08-07-2025,66.79560864722626,67.46356182164108,66.33757841323924,67.06278991699219,245100
09-07-2025,67.07233418523914,67.47310608988803,66.70018780518751,67.06278991699219,182600
10-07-2025,67.95974697901191,68.76129061293351,67.30133093676059,67.835693359375,341400
11-07-2025,67.35858965904966,68.2937312854666,67.26316882700128,67.94066619873047,347600
14-07-2025,67.89296019703997,69.07619454424794,67.89296019703997,68.86626434326172,310000
15-07-2025,68.69451054389232,69.00940587568256,67.21546928754988,67.27272033691406,332100
16-07-2025,67.3872299871624,67.91204826211602,67.00553933619564,67.42539978027344,228600
17-07-2025,67.53989379030259,67.85478908564636,66.68109174852081,67.00553131103516,358400
18-07-2025,67.0914155363856,67.8834223586991,66.73835769232902,67.26317596435547,238000
21-07-2025,67.25363892235835,67.57807124151729,66.60476700389685,66.9387435913086,138600
22-07-2025,66.8051459211119,68.16968493181798,66.8051459211119,67.94066619873047,175200
23-07-2025,67.79753883918481,68.20785497062508,67.45401801843748,68.02655029296875,137100
24-07-2025,67.74028033388348,68.96168445764457,67.69257355788386,67.88341522216797,232500
25-07-2025,68.28418701283032,68.28418701283032,67.36813392098104,67.84524536132812,138500
28-07-2025,67.85478867828678,68.25556053533136,66.71926113651776,66.74788665771484,202000
29-07-2025,67.1295785229775,68.22693629707084,66.73835092568956,68.0647201538086,186500
30-07-2025,68.12196212416337,68.22692720997468,66.05130048614365,66.52841186523438,258100
31-07-2025,66.01314590605128,67.18684337219766,66.01314590605128,66.66201782226562,279600
01-08-2025,67.37767851158866,68.18876650804275,66.48070666978565,68.0647201538086,283100
04-08-2025,68.18875985821475,69.27657325893084,68.18875985821475,69.09527587890625,175100
05-08-2025,69.14299834345634,69.93500518798828,68.82810300332045,69.93500518798828,216100
06-08-2025,70.3643868105582,70.51706595210861,69.31474319289667,69.39108276367188,303600
07-08-2025,71.19457241258691,71.24228647048932,69.94454272108902,71.12777709960938,322800
08-08-2025,71.14686609303057,72.29193808594539,70.48845715925204,71.49038696289062,327800
11-08-2025,71.5667193371287,72.10108184520011,71.43312871011085,71.8148193359375,195900
12-08-2025,71.92932928657753,72.29193869679594,70.72701351205191,72.091552734375,220200
13-08-2025,72.45414612076023,72.49231591092135,70.8701325897176,71.0418930053711,333800
14-08-2025,70.73654196008974,71.08960705895215,70.23080498073486,70.8510513305664,234500
15-08-2025,70.78426405773526,71.33771515768734,70.59342236540746,71.24229431152344,174300
18-08-2025,71.46175384521484,71.91978404974982,71.14685853460598,71.46175384521484,163500
19-08-2025,71.78619420109825,72.76904265381849,71.78619420109825,72.64498901367188,168800
20-08-2025,73.00759905017128,73.60875688046845,73.00759905017128,73.3415756225586,183000
21-08-2025,72.88354571781298,73.8282316724682,72.88354571781298,73.75189208984375,137100
22-08-2025,73.7518925705103,74.811080625862,73.7518925705103,74.30534362792969,244600
25-08-2025,74.26717286082207,74.5725239091557,73.20798481938347,73.29386138916016,156600
26-08-2025,73.12210103930946,73.85685677765808,72.90263384068612,73.23661041259766,271700
27-08-2025,73.42744522572306,74.20037068293348,73.42744522572306,74.19082641601562,165300
28-08-2025,74.19083404657282,74.19083404657282,72.90263452558703,74.09541320800781,198000
29-08-2025,74.28625529448468,74.79199229379496,73.86640214645645,74.70611572265625,193800
02-09-2025,74.21945147667874,74.62976758989325,73.56103538613526,73.77096557617188,164100
03-09-2025,73.5133287265052,74.06677972289147,73.49424019275806,73.87593078613281,171300
04-09-2025,74.20992267443313,74.55344355150804,73.19844858090373,73.68510437011719,184800
05-09-2025,73.79005513937099,74.87786861188052,73.30339944478222,74.81107330322266,197900
08-09-2025,74.29579220033959,75.33589161960785,74.15265731581518,74.9160385131836,197100
09-09-2025,74.5725177348401,75.05917343037787,74.19082713598976,74.88741302490234,184200
10-09-2025,74.5438918660936,74.79198456606736,74.10495022751394,74.47709655761719,193300
11-09-2025,74.39121331609246,75.57444762443599,73.98089719495377,75.4790267944336,205800
12-09-2025,75.43132720400442,75.56491783476022,74.42939019319256,74.70611572265625,307300
15-09-2025,74.65840213837026,75.479034464034,74.4293906670656,75.25956726074219,173000
16-09-2025,74.94467115201454,75.57445451153663,73.68509715282704,74.20037841796875,198000
17-09-2025,74.1431204309549,75.57445485842618,74.1431204309549,74.677490234375,189000
18-09-2025,74.38166936776248,76.166068745038,74.18128343985603,75.60308074951172,196800
19-09-2025,75.10688017245438,76.0229332412109,74.19082710369786,74.9160385131836,438800
22-09-2025,74.90650156388946,74.90650156388946,73.65647182922075,74.69657135009766,205800
23-09-2025,74.86833290887776,76.54776736456482,74.58207038766038,76.39508819580078,207400
24-09-2025,75.91796884858168,76.53821516717744,75.68895739930451,75.83209228515625,154100
25-09-2025,76.1279067663496,76.87219951210967,75.83209997768685,76.06111145019531,173000
26-09-2025,76.37599919352601,76.7863153177847,75.78437839478427,76.19469451904297,225800
29-09-2025,75.9370564726828,75.95613772650108,74.43892688302705,74.99237060546875,323000
30-09-2025,75.00203613572718,76.89446561026486,74.8475484889683,76.75929260253906,251000
01-10-2025,77.42549968489709,77.57997994931159,76.47928136224643,77.06825256347656,182700
02-10-2025,76.90412628632559,76.90412628632559,75.17583433625416,75.89997863769531,200400
03-10-2025,75.82274056865197,76.72067986528036,75.55239452087177,75.78411865234375,115500
06-10-2025,75.72617547982424,76.04480070575657,74.25857976295931,74.54823303222656,193600
07-10-2025,74.40341248997198,74.68341584351536,72.80064356359242,73.10961151123047,242400
08-10-2025,72.91649691236847,73.37029516556736,72.07649427603359,72.45304870605469,194900
09-10-2025,72.63650313811279,72.89719184123997,71.19786451189184,71.27510833740234,186400
10-10-2025,71.43924324586531,71.8640769037642,70.65716979962089,71.10131072998047,299800
13-10-2025,71.08199745586394,71.08199745586394,69.03508052816844,69.97164154052734,187900
14-10-2025,70.09715803145899,70.59923547539616,69.28612005238858,70.02957153320312,249600
15-10-2025,69.81716876070017,72.20201868308094,69.81716876070017,71.11097717285156,394300
16-10-2025,70.99510043439703,72.2502867359988,70.51233760553114,70.98544311523438,221800
17-10-2025,71.04338029475342,73.17719113332535,71.04338029475342,72.75235748291016,210000
20-10-2025,73.00339446782613,73.61167297111479,72.6654619659991,73.46684265136719,110900
21-10-2025,73.89168191951758,73.89168191951758,72.03787431140687,72.25994110107422,106900
22-10-2025,72.4144185864667,73.24477117556822,72.0475215175238,72.91648864746094,154200
23-10-2025,72.90684239342934,73.09028725401771,72.21166276111819,72.73304748535156,104000
24-10-2025,72.89719276436608,73.42823486350488,72.49167372486559,72.57856750488281,92800
27-10-2025,72.57856559187046,73.34133178399371,71.74821289494521,73.18685150146484,177100
28-10-2025,73.19649955452805,73.19649955452805,71.42959315589538,72.5013198852539,170300
29-10-2025,72.14408218123052,73.01305679292057,70.2323380355124,71.06269073486328,205800
30-10-2025,71.03371659732127,72.96476775654314,71.03371659732127,72.65579986572266,243200
31-10-2025,72.19235370611506,73.82409450445455,71.5068313396777,71.94132232666016,259500
03-11-2025,71.44890143663784,72.88753265973608,70.42544655708322,72.14408111572266,278600
04-11-2025,72.14408188445833,72.88753343639365,71.13993426690011,72.35649871826172,166200
05-11-2025,72.75235195009648,73.65994836464219,72.35649028753177,73.54408264160156,220200
06-11-2025,73.10960655726757,73.71788509116904,72.2889111925628,72.71373748779297,228200
07-11-2025,73.76616252700585,75.19513639083412,72.43373239035033,74.15237426757812,423600
10-11-2025,74.11374855666371,74.94410117808566,73.80478065332363,74.07512664794922,167500
11-11-2025,74.35512846079783,74.74134017377283,73.78546452672518,74.06546783447266,158800
12-11-2025,73.76616018833045,74.08478541667911,72.96477214116595,73.51512145996094,161300
13-11-2025,73.61167420527164,74.81858127944295,72.99373837260602,74.20064544677734,218600
14-11-2025,74.54823221949749,75.14686075565841,73.3799471035249,74.49030303955078,177500
17-11-2025,75.00203062505145,75.98686351846247,74.51926781396496,75.16616821289062,177400
18-11-2025,76.35377877408601,76.35377877408601,74.93445473002502,75.60066986083984,129700
19-11-2025,75.33997691725361,76.27653812090277,75.04066627680471,75.15652465820312,133300
20-11-2025,76.0061842832995,76.28618762026719,75.42687033656964,75.46549224853516,159600
21-11-2025,75.72618107550801,76.71101404999112,74.80893460548575,76.141357421875,235300
24-11-2025,76.08343057786138,76.86550406302388,75.46549469909995,76.05445861816406,229200
25-11-2025,76.43101999675193,77.29033730347759,75.65859646949492,76.67240142822266,175200
26-11-2025,76.38274003917158,77.75378478898615,76.38274003917158,76.87516021728516,182900
28-11-2025,77.31930421399218,77.31930421399218,76.56619530385215,76.739990234375,83100
01-12-2025,76.2475645893085,76.65308360943044,75.28203890346971,75.56204223632812,126100
02-12-2025,75.89032702570215,75.89032702570215,74.89583662221123,75.52342987060547,112100
03-12-2025,75.7358369090031,76.21859975035804,75.01169264697069,76.13169860839844,219200
04-12-2025,76.32481234923881,77.06826392447921,75.9772224950967,76.31515502929688,183600
05-12-2025,75.93859513004844,76.54687364794025,75.48479688825364,75.70687103271484,135500
08-12-2025,75.97722173427657,76.45032727741923,75.05996787477353,76.10273742675781,211400
09-12-2025,76.47928908198439,76.90412274316397,75.50410607172056,75.66825103759766,142400
10-12-2025,75.58134660820467,76.41169925546914,73.73719644954248,74.14271545410156,321600
11-12-2025,74.38409590476722,74.61581999489471,73.23511804032603,73.25443267822266,246500
12-12-2025,73.30270781905676,75.4461760061479,73.30270781905676,74.62548065185547,488100
15-12-2025,75.05997009691936,75.83239364711824,74.90548980670573,75.33997344970703,261000
16-12-2025,75.80341769208185,76.24755858864877,74.03650405812212,74.12339782714844,281000
17-12-2025,74.09443867011981,75.40755418510727,74.09443867011981,74.88616943359375,260400
18-12-2025,74.99237567219797,76.13169623696183,74.89582458020973,75.64893341064453,289100
19-12-2025,75.18549661992998,76.36343190695159,75.15652465820312,75.15652465820312,502400
22-12-2025,74.69307476613064,75.36893986409602,73.48616754378025,73.79513549804688,254300
23-12-2025,73.66961948652909,74.48065760064951,73.3992660821119,73.94961547851562,172300
24-12-2025,73.90134091676566,74.62548522071916,73.63099488857665,74.3454818725586,57900
26-12-2025,74.72203943647527,74.72203943647527,73.98823778195795,74.47100067138672,97800
29-12-2025,74.6834090249806,74.73168825498182,74.08478782467255,74.56755065917969,173900
30-12-2025,74.77995638596516,75.12754619877046,74.43236657315987,74.90547943115234,220700
31-12-2025,75.06182159356489,75.14976564149394,74.13356721024456,74.62212371826172,226900
02-01-2026,74.18241018565686,75.5210575533276,73.70362694807882,75.09112548828125,266100
05-01-2026,74.62212377238133,75.08136062823473,72.99033936878725,74.54395294189453,204100
06-01-2026,74.2996669996598,74.77845024098387,73.63522991883501,74.61234283447266,195800
07-01-2026,74.99342203127709,76.60565995678182,74.69051938970983,76.2245864868164,174000
08-01-2026,76.56657491763262,76.91833619236691,75.0715932274022,75.86305236816406,172600
09-01-2026,75.90213804120565,77.0551316779236,75.50151813342286,75.60900115966797,198200
12-01-2026,75.53083731318844,76.36138186597859,74.94456355377844,75.99007415771484,120800
13-01-2026,75.99007358468302,77.01604520113328,74.88593859504397,76.5274887084961,147400
14-01-2026,76.51771452282752,77.54368612629214,75.85327740305945,77.41666412353516,153200
15-01-2026,77.74887751396822,79.01912733709946,77.30917966622754,78.58919525146484,170000
16-01-2026,78.56965652029838,78.95072997748369,77.47528732376757,78.33514404296875,260100
20-01-2026,77.14306554536962,78.5794227955772,76.18549901508477,77.87590026855469,159300
21-01-2026,77.78796208946187,79.61516597896163,77.78796208946187,79.32202911376953,282000
22-01-2026,79.3024927583727,79.3024927583727,76.86947607922068,77.03558349609375,231400
23-01-2026,77.29940754591372,77.80750300950594,76.41023116615192,77.60231018066406,117100
26-01-2026,78.36445640094303,79.38065477379807,77.63162168102855,78.28629302978516,217700
27-01-2026,78.98004338923049,78.98004338923049,77.02581744341623,77.41666412353516,221200
28-01-2026,76.93787441056199,77.68048236707,76.36138132726452,76.53726196289062,160000
29-01-2026,76.85970814303785,78.96049501946538,76.85970814303785,78.9214096069336,208500
30-01-2026,78.72599612141914,80.45548289546367,78.22766639135989,80.24052429199219,334500
02-02-2026,80.04509161845957,80.50433590084324,78.45240018286407,78.49148559570312,364800
03-02-2026,78.7162165272986,79.81058571030405,76.92810550213615,79.2634048461914,269000
04-02-2026,79.83012419588225,81.02220317514534,79.4295117670693,79.63470458984375,237900
05-02-2026,80.06464112066926,82.83963844556959,79.35134535488544,82.33154296875,326500
06-02-2026,83.05460466677188,83.18162667254124,81.38374233804932,82.14588928222656,238300
09-02-2026,82.136114837116,83.3477403015848,81.16877507279595,83.15231323242188,233900
10-02-2026,83.6213370836003,85.27265307823828,82.99598532442717,84.24668884277344,287100
11-02-2026,84.65706454974233,86.58197823486479,84.03171286434358,86.23021697998047,409400
12-02-2026,85.9370861276423,87.83268774992635,85.9370861276423,87.60795593261719,286100
13-02-2026,87.94016336865413,88.41894661521172,86.70899899415457,87.26595306396484,289300
17-02-2026,87.8229127727439,89.28858225632976,87.5004711519882,88.93682098388672,231600
18-02-2026,88.57529642989267,88.57529642989267,86.77740460318451,86.91419982910156,190100
19-02-2026,87.35389784814376,88.51665717111986,86.36701169681474,86.68946075439453,204500
20-02-2026,87.34412459346017,87.34412459346017,86.23021644483283,86.6796875,171700
23-02-2026,87.16825005802018,88.85865883244028,86.69923999149964,87.969482421875,293900
24-02-2026,87.93039833538661,87.94017155289777,86.55267285754385,86.93374633789062,285600
25-02-2026,86.77740560183096,86.93374726455292,85.13585541715436,86.11296844482422,422900
26-02-2026,86.26930304426516,87.01191097183202,85.48760970421793,85.67326354980469,452400
27-02-2026,86.05434126654524,86.13251209537894,81.85275240149045,82.14588928222656,928800
02-03-2026,82.18497809411186,85.98594720960868,81.75504597253394,85.5755615234375,752000
03-03-2026,85.03813969132676,85.19448134317587,83.49429942582807,84.7645492553711,305200
04-03-2026,83.93400683063359,84.3443924948351,82.13611506328621,82.93734741210938,315000
05-03-2026,82.16542822493629,82.80055316305734,81.73550357610618,82.13611602783203,231700
06-03-2026,81.71595660622062,83.24025793868203,81.11015132395282,82.68330383300781,219500
09-03-2026,82.10680211689235,83.7581254305825,81.14923557583137,83.69950103759766,329500
10-03-2026,83.23048258657845,85.08699870946613,82.66375527820995,84.36392974853516,303300
11-03-2026,83.64086960844764,84.14897253279396,83.00574468040496,83.25979614257812,197600
12-03-2026,83.054603033717,84.66684093650406,82.9275810304452,83.55293273925781,270100
13-03-2026,84.26622134526741,85.00882929773557,82.94712031263795,83.22071075439453,224100
16-03-2026,83.93400526265846,85.00882803420382,83.63109517397562,84.26622009277344,481400
17-03-2026,83.49430059037319,84.94043107102637,82.09702874029936,83.74835205078125,477000
18-03-2026,83.58224517776604,84.65706796447552,82.84941044299407,83.2500228881836,335000
19-03-2026,82.9373475009102,83.73857985059125,81.87229792532584,82.86894989013672,225500
20-03-2026,82.78101697853802,82.78101697853802,79.73242164548252,79.99624633789062,415600
23-03-2026,80.76815824628925,82.09702497062175,80.26005534880385,80.4359359741211,304000
24-03-2026,79.97669895568134,81.78435654629246,79.66402308841229,80.67044830322266,542200
25-03-2026,81.33488489858715,81.80390242368397,80.93427244080796,81.21763610839844,479000
26-03-2026,81.10038021643372,81.93092478793504,80.71930673710041,80.89518737792969,281000
27-03-2026,80.88541478096026,81.84298882277254,80.14280679678629,80.31868743896484,288100
30-03-2026,81.11991971865481,81.93092531518558,80.29914835935674,80.52388763427734,420400
31-03-2026,81.02783587309956,81.10688922963917,79.48633311529261,79.90135192871094,401000
01-04-2026,79.6246727962568,81.05747907493401,79.5159763156462,80.78079986572266,273000
02-04-2026,81.18594317730341,82.39147294806622,80.91913998177542,82.17408752441406,173400
06-04-2026,82.16420325173158,82.49029269277364,81.44285456751211,82.02586364746094,230900
07-04-2026,82.25313129660098,83.52783837733949,82.17408548039508,83.35985565185547,268500
08-04-2026,83.55748527485291,83.88357472536312,82.80650098384804,83.7353515625,254900
09-04-2026,83.6464173980543,85.78080518864839,83.6464173980543,85.0792236328125,160000
10-04-2026,84.6839682429208,85.53377299168746,84.6839682429208,85.45472717285156,235300
13-04-2026,85.44484390259396,85.47448702712391,83.68594815034764,84.33811950683594,229600
14-04-2026,83.72547398986538,84.66420810563588,83.26104493970455,83.9329833984375,266900
15-04-2026,83.38949717580257,84.40728460225671,83.11281797703167,84.3084716796875,178700
16-04-2026,83.87368629919115,85.02982087121765,83.87368629919115,84.95076751708984,171800
17-04-2026,85.13852300309998,85.50413159707402,84.49622765130174,84.63456726074219,235800
20-04-2026,84.65432627941888,85.20769225251765,83.8045215189982,83.86381530761719,301800
21-04-2026,83.73535173511173,83.73535173511173,82.01598264360769,82.36183166503906,262000
22-04-2026,81.28475446415656,81.3440407113252,74.56537002380287,75.61280059814453,1086500
23-04-2026,76.48237510060919,77.12467044347964,75.98830291977701,76.69976806640625,432600
24-04-2026,76.14639867332994,76.69976461746022,75.33612063475854,76.08711242675781,338300
27-04-2026,76.12663982467132,77.19383750672787,75.85983663468572,76.23533630371094,353600
28-04-2026,77.30253718016459,77.519922608284,75.11873149390304,75.71162414550781,446600
29-04-2026,75.42506243277751,76.29462677428809,75.06932985239969,75.62268829345703,338700
30-04-2026,75.28671907872501,76.6404719888426,75.28671907872501,75.99818420410156,311600
01-05-2026,75.96853509872624,77.00608968432668,75.74126611948168,75.80055236816406,273300
04-05-2026,75.27683750180469,75.90924928787483,73.98237080515226,74.81240844726562,587800
05-05-2026,72.96457320823905,74.74323600562114,71.57129363274214,72.22346496582031,837700
06-05-2026,72.69777532012179,74.24916155826827,72.47049881564182,73.02386474609375,672700
07-05-2026,72.92505272554934,74.71359150516149,71.76891815908742,74.17999267578125,648600
08-05-2026,74.55548674216877,75.89936363515213,74.04165500729535,74.36774444580078,368200
11-05-2026,74.87169479511196,75.0989713149105,72.46062768464093,72.55944061279297,583200
12-05-2026,72.61872642892536,74.46655908401824,71.75904566629076,73.5475845336914,569700
13-05-2026,73.56734565223921,74.249167682979,72.8855311604427,74.10094451904297,675900
14-05-2026,74.21951806276545,74.81240312768082,73.09303417774343,74.01200866699219,240500
15-05-2026,74.21952133645331,74.33810137024379,73.3894761778059,73.74520874023438,537400
18-05-2026,74.05153842503391,75.34600508351518,73.85390503587531,74.99027252197266,269900
19-05-2026,75.34600631203297,75.89936473281367,74.75312121277608,75.78079223632812,328300
20-05-2026,75.84007559382594,76.77880967028968,75.84007559382594,76.5614242553711,360400
21-05-2026,75.98829741905115,76.20569036911132,74.84204642380386,75.64244842529297,318400
22-05-2026,75.90925157249595,75.90925157249595,74.65431151707119,75.51399230957031,316600
26-05-2026,75.54363294206695,76.07723179856652,74.85193490898035,75.30648040771484,426200
27-05-2026,75.03968439917934,75.54363258996077,73.81437997636114,74.04165649414062,544500
28-05-2026,73.86379049026154,74.83217527469358,73.54758459841614,74.42703247070312,887400
29-05-2026,74.2096355760027,74.21951912992714,72.38157012500278,72.42109680175781,561500
01-06-2026,71.82821527043652,72.16418073100799,70.28670495674321,70.90924072265625,440400
02-06-2026,70.86971353804034,71.39342883398261,70.25706133091262,70.2669448852539,432200
03-06-2026,70.19777747927259,70.57326962868694,68.68591778799313,68.71556091308594,431500
04-06-2026,69.68393181112383,70.15824438607997,67.13452527993027,67.51001739501953,454300
05-06-2026,67.65824677372387,70.33611713366155,67.65824677372387,69.59500885009766,399900
08-06-2026,69.27880341233258,69.63453599392928,67.95468601662417,68.60686492919922,467000
09-06-2026,69.17010259954736,71.10686456766155,68.67603043812203,70.59303283691406,418900
10-06-2026,71.23532510350587,72.72742523591812,70.8499493964305,71.86774444580078,396600
11-06-2026,72.02583945568053,72.54955474322331,70.90923907920143,71.10686492919922,429100
12-06-2026,70.99817264367395,71.90726366966987,70.68196674163437,71.24520874023438,250500
15-06-2026,70.75113255265737,71.17603491630994,69.4171392143342,69.86180114746094,334100
16-06-2026,70.55350396113626,70.96852275445677,69.74322594320174,70.7708969116211,235900
17-06-2026,70.14836735032392,70.82030582956352,69.07129359596786,69.72346496582031,249800
18-06-2026,69.96062525615665,70.32623385254666,69.29856279066722,69.98038482666016,582800
22-06-2026,69.86180137065813,70.6523198531234,69.33808608007564,70.11872100830078,470600
23-06-2026,71.03769304331108,72.28275697080285,70.94876367510446,72.16417694091797,392100
24-06-2026,75.09897143668672,75.80055302832996,74.21952355850414,74.3183364868164,1520800
25-06-2026,73.35983724251614,75.6029292247267,73.35983724251614,75.51399230957031,1063000
26-06-2026,76.126644228968,77.05550236215726,75.72150141293666,76.63059997558594,2408300
29-06-2026,75.553516345575,76.71952698397935,74.47644261921447,76.68000030517578,7913500
30-06-2026,76.08000183105469,77.76000213623047,75.37000274658203,76.26000213623047,907800
01-07-2026,76.77999877929688,77.77999877929688,76.52999877929688,76.55000305175781,622400
02-07-2026,76.5199966430664,77.6500015258789,76.11000061035156,77.48999786376953,551500
06-07-2026,77.16999816894531,77.19000244140625,75.73999786376953,76.0,505300
07-07-2026,76.41999816894531,78.37000274658203,76.41999816894531,77.30999755859375,476300
08-07-2026,77.2699966430664,77.68000030517578,76.48999786376953,76.66999816894531,502100
09-07-2026,76.80000305175781,76.98999786376953,76.08000183105469,76.13999938964844,351000
10-07-2026,76.23999786376953,76.55000305175781,74.76000213623047,75.33000183105469,258400
13-07-2026,75.55000305175781,76.36000061035156,75.51000213623047,75.9000015258789,469100
14-07-2026,75.97000122070312,76.33999633789062,75.19000244140625,76.12000274658203,313500
15-07-2026,76.62000274658203,76.88999938964844,75.29000091552734,75.83999633789062,366200
16-07-2026,76.29000091552734,79.41999816894531,75.91000366210938,79.13999938964844,503100
17-07-2026,79.94000244140625,80.7699966430664,78.88999938964844,79.61000061035156,414800
20-07-2026,79.47000122070312,79.91000366210938,78.48999786376953,79.26000213623047,378300
21-07-2026,78.97000122070312,81.27999877929688,78.97000122070312,81.0999984741211,539700
22-07-2026,81.25,81.36000061035156,79.75,79.9800033569336,338000
23-07-2026,79.6500015258789,80.7699966430664,79.5,79.94999694824219,346600
24-07-2026,80.20999908447266,80.88999938964844,79.69999694824219,80.54000091552734,351700
27-07-2026,80.04000091552734,80.12999725341797,79.05000305175781,79.27999877929688,432500
28-07-2026,80.06999969482422,80.30000305175781,78.30000305175781,78.54000091552734,386800
29-07-2026,79.04000091552734,79.44999694824219,77.54000091552734,78.29000091552734,411600
30-07-2026,78.48999786376953,78.66999816894531,75.4000015258789,76.06999969482422,357100
31-07-2026,75.8499984741211,76.94000244140625,74.73999786376953,76.6500015258789,383500
03-08-2026,77.02999877929688,77.37000274658203,75.80000305175781,75.94000244140625,378500
04-08-2026,75.38999938964844,75.52999877929688,73.80000305175781,74.55999755859375,408000
05-08-2026,74.72000122070312,75.33000183105469,69.94999694824219,75.04000091552734,283900
06-08-2026,75.52999877929688,75.6500015258789,74.80000305175781,75.37999725341797,213300
07-08-2026,74.77999877929688,75.87000274658203,74.77999877929688,75.30000305175781,291600
10-08-2026,75.19999694824219,75.5199966430664,74.05999755859375,74.1500015258789,403300
11-08-2026,73.0,74.4800033569336,69.4800033569336,69.94999694824219,688000
12-08-2026,69.94000244140625,71.3499984741211,69.94000244140625,70.7300033569336,486100
13-08-2026,71.25,72.41000366210938,71.0999984741211,71.2699966430664,362600
14-08-2026,71.47000122070312,73.54000091552734,71.47000122070312,72.94999694824219,339700
17-08-2026,72.5,73.41000366210938,72.2300033569336,73.41000366210938,462900
18-08-2026,73.5,74.44999694824219,72.97000122070312,73.23999786376953,503300
19-08-2026,73.69000244140625,74.26000213623047,73.36000061035156,74.08000183105469,309200
20-08-2026,74.05999755859375,74.7300033569336,73.83000183105469,73.91000366210938,185700
21-08-2026,74.0199966430664,74.72000122070312,73.18000030517578,73.36000061035156,224300
24-08-2026,73.58999633789062,74.5,72.91999816894531,73.06999969482422,279600
25-08-2026,73.33000183105469,73.56999969482422,72.44000244140625,73.3499984741211,299600
26-08-2026,73.54000091552734,73.81999969482422,72.91999816894531,73.38999938964844,162500
27-08-2026,72.87000274658203,72.94999694824219,72.43000030517578,72.55999755859375,195200
28-08-2026,72.45999908447266,73.01000213623047,71.83000183105469,72.02999877929688,206700
31-08-2026,71.55999755859375,71.72000122070312,71.08000183105469,71.11000061035156,308000
01-09-2026,71.0,72.73999786376953,71.0,72.2699966430664,336200
02-09-2026,72.58000183105469,72.58000183105469,70.80000305175781,71.51000213623047,343400
03-09-2026,71.69999694824219,72.06999969482422,71.16999816894531,71.91000366210938,274500
04-09-2026,71.86000061035156,72.05000305175781,70.77999877929688,70.87999725341797,193900
08-09-2026,70.81999969482422,71.5,70.76000213623047,71.41999816894531,338900
09-09-2026,71.7699966430664,71.7699966430664,69.7300033569336,70.19000244140625,586700
10-09-2026,70.81999969482422,71.05999755859375,69.94999694824219,70.20999908447266,370900
11-09-2026,70.41999816894531,70.86000061035156,70.0999984741211,70.31999969482422,334300
14-09-2026,71.0,71.55000305175781,70.26000213623047,70.37000274658203,297300
15-09-2026,70.62999725341797,70.83999633789062,69.25,69.30000305175781,293100
16-09-2026,68.75,69.87000274658203,67.9800033569336,68.16000366210938,389500
17-09-2026,68.16,70.0,68.0,69.23,756300
18-09-2026,68.57,68.9,67.36,67.8,707300
21-09-2026,67.5,68.71,67.5,67.87,437500
22-09-2026,67.82,68.48,67.2,67.41,352100
23-09-2026,67.25,67.53,66.55,67.2,447800
24-09-2026,67.5,68.46,66.99,67.16,318000
25-09-2026,67.4,67.4,66.53,66.92,282000
28-09-2026,67.01,67.53,66.59,66.84,269400
29-09-2026,66.51,67.39,66.5,66.66,501500
30-09-2026,66.18,66.435,65.51,66.02,32084
