Date,Open,High,Low,Close,Volume
30-09-2021,55.959999084472656,56.2400016784668,54.869998931884766,55.31999969482422,571300
01-10-2021,56.16999816894531,59.2400016784668,56.0099983215332,58.77999877929688,892600
04-10-2021,58.4900016784668,59.709999084472656,58.369998931884766,59.34999847412109,1355200
05-10-2021,59.83000183105469,60.040000915527344,58.27999877929688,58.540000915527344,713500
06-10-2021,57.4900016784668,59.790000915527344,57.34000015258789,59.720001220703125,693300
07-10-2021,60.0,60.869998931884766,59.380001068115234,59.81999969482422,1364500
08-10-2021,60.310001373291016,61.84999847412109,58.84000015258789,59.02000045776367,1291300
11-10-2021,58.77999877929688,59.630001068115234,57.400001525878906,57.43999862670898,731600
12-10-2021,57.93999862670898,58.59999847412109,57.43999862670898,58.56999969482422,1088300
13-10-2021,58.9900016784668,58.9900016784668,56.59999847412109,57.75,679100
14-10-2021,57.79999923706055,59.310001373291016,57.540000915527344,59.06999969482422,601600
15-10-2021,59.95000076293945,60.93000030517578,59.20000076293945,59.22999954223633,666900
18-10-2021,58.7400016784668,60.18000030517578,57.95000076293945,59.68999862670898,1460100
19-10-2021,59.4900016784668,59.5099983215332,58.15999984741211,58.2599983215332,510000
20-10-2021,58.33000183105469,60.45000076293945,58.27000045776367,60.310001373291016,789800
21-10-2021,60.27999877929688,62.27999877929688,60.18000030517578,62.2400016784668,569300
22-10-2021,62.869998931884766,64.87000274658203,62.29999923706055,64.73999786376953,1098200
25-10-2021,64.69999694824219,66.86000061035156,63.79999923706055,66.70999908447266,800400
26-10-2021,67.3499984741211,68.02999877929688,64.5,65.83999633789062,923400
27-10-2021,65.79000091552734,65.8499984741211,61.540000915527344,62.5099983215332,1438200
28-10-2021,62.91999816894531,63.400001525878906,62.09999847412109,62.880001068115234,630100
29-10-2021,62.70000076293945,63.88999938964844,62.29999923706055,63.5,464900
01-11-2021,63.720001220703125,65.55000305175781,63.720001220703125,65.2300033569336,319900
02-11-2021,64.7699966430664,65.26000213623047,63.54999923706055,64.75,509100
03-11-2021,64.73999786376953,66.45999908447266,64.38999938964844,65.5,691200
04-11-2021,66.08999633789062,66.91999816894531,65.16000366210938,66.38999938964844,555300
05-11-2021,69.12999725341797,70.4800033569336,68.25,69.0,999100
08-11-2021,69.2300033569336,70.37999725341797,68.0,68.77999877929688,1863100
09-11-2021,65.5,68.72000122070312,64.80000305175781,66.36000061035156,1411400
10-11-2021,66.5,67.3499984741211,64.30000305175781,64.63999938964844,994500
11-11-2021,64.41999816894531,65.33999633789062,63.4900016784668,64.61000061035156,656800
12-11-2021,64.5,65.27999877929688,63.36000061035156,63.47999954223633,567400
15-11-2021,64.16000366210938,64.7300033569336,62.540000915527344,64.0199966430664,687900
16-11-2021,63.61000061035156,64.52999877929688,62.34999847412109,62.93999862670898,685500
17-11-2021,63.2599983215332,64.02999877929688,62.119998931884766,63.34999847412109,655300
18-11-2021,63.93999862670898,66.29000091552734,63.040000915527344,65.81999969482422,867800
19-11-2021,64.55000305175781,67.48999786376953,64.5199966430664,66.44999694824219,1179900
22-11-2021,67.0199966430664,67.55000305175781,64.05999755859375,65.41000366210938,717900
23-11-2021,65.87000274658203,66.1500015258789,63.40999984741211,66.0999984741211,857800
24-11-2021,65.4000015258789,67.1500015258789,64.91000366210938,66.33999633789062,329900
26-11-2021,62.58000183105469,62.58000183105469,58.7400016784668,61.58000183105469,1591100
29-11-2021,63.560001373291016,63.970001220703125,60.41999816894531,61.08000183105469,1878800
30-11-2021,59.95000076293945,61.209999084472656,56.59999847412109,58.9900016784668,2318100
01-12-2021,61.08000183105469,62.150001525878906,57.540000915527344,57.59999847412109,1382300
02-12-2021,58.56999969482422,62.04999923706055,57.4900016784668,61.43999862670898,1767200
03-12-2021,61.9900016784668,62.060001373291016,59.25,59.5099983215332,1259700
06-12-2021,60.95000076293945,63.130001068115234,60.0099983215332,61.790000915527344,1115300
07-12-2021,63.0,63.54999923706055,60.43000030517578,60.959999084472656,1002000
08-12-2021,62.2400016784668,65.08999633789062,61.56999969482422,64.43000030517578,1108700
09-12-2021,63.0,65.19999694824219,62.75,64.19999694824219,492700
10-12-2021,64.7699966430664,65.83999633789062,63.47999954223633,65.81999969482422,838800
13-12-2021,65.13999938964844,65.13999938964844,62.09999847412109,63.060001373291016,765300
14-12-2021,62.43000030517578,63.34000015258789,61.20000076293945,61.380001068115234,1059100
15-12-2021,62.11000061035156,62.18999862670898,59.650001525878906,60.959999084472656,874800
16-12-2021,60.61000061035156,61.86000061035156,59.619998931884766,59.869998931884766,920000
17-12-2021,59.65999984741211,62.15999984741211,59.20000076293945,61.560001373291016,781800
20-12-2021,59.4900016784668,61.52999877929688,59.27000045776367,61.27999877929688,609800
21-12-2021,62.2599983215332,65.69999694824219,62.2599983215332,65.5999984741211,739000
22-12-2021,65.56999969482422,67.68000030517578,65.02999877929688,67.30999755859375,511400
23-12-2021,67.91999816894531,68.5,66.11000061035156,66.91000366210938,513300
27-12-2021,66.75,67.44999694824219,65.8499984741211,67.2699966430664,361200
28-12-2021,66.69999694824219,67.81999969482422,65.5199966430664,65.5999984741211,307400
29-12-2021,65.05999755859375,65.81999969482422,64.44999694824219,65.19000244140625,370400
30-12-2021,65.31999969482422,66.48999786376953,64.61000061035156,64.70999908447266,394700
31-12-2021,64.25,65.79000091552734,64.02999877929688,64.86000061035156,451800
03-01-2022,64.94999694824219,67.7699966430664,64.94999694824219,66.44000244140625,1119100
04-01-2022,67.19000244140625,68.08000183105469,65.69999694824219,65.9000015258789,1091500
05-01-2022,66.37000274658203,66.66999816894531,64.72000122070312,64.81999969482422,557100
06-01-2022,65.9000015258789,68.23999786376953,65.27999877929688,67.66000366210938,706700
07-01-2022,67.47000122070312,69.97000122070312,66.94999694824219,68.33000183105469,948000
10-01-2022,68.36000061035156,68.45999908447266,65.69000244140625,66.58999633789062,739700
11-01-2022,66.3499984741211,68.37000274658203,65.9000015258789,68.04000091552734,733200
12-01-2022,68.56999969482422,69.04000091552734,65.75,65.87000274658203,717500
13-01-2022,65.58000183105469,66.91000366210938,65.30000305175781,65.72000122070312,848200
14-01-2022,65.37999725341797,65.47000122070312,62.09000015258789,63.2400016784668,1376800
18-01-2022,62.900001525878906,63.08000183105469,60.16999816894531,60.209999084472656,1188300
19-01-2022,60.540000915527344,61.58000183105469,59.81999969482422,60.43999862670898,1062200
20-01-2022,60.34999847412109,62.5099983215332,58.959999084472656,59.0,739700
21-01-2022,58.68999862670898,60.060001373291016,57.52999877929688,58.630001068115234,776100
24-01-2022,56.93999862670898,59.88999938964844,55.13999938964844,59.61000061035156,1141100
25-01-2022,58.540000915527344,59.65999984741211,57.18000030517578,58.70000076293945,817000
26-01-2022,59.90999984741211,60.5,57.34999847412109,57.68000030517578,666500
27-01-2022,58.43999862670898,59.459999084472656,57.040000915527344,57.18999862670898,638500
28-01-2022,56.93999862670898,58.4900016784668,55.4900016784668,58.2599983215332,607600
31-01-2022,57.900001525878906,59.68000030517578,57.40999984741211,59.58000183105469,724900
01-02-2022,59.91999816894531,63.369998931884766,55.65999984741211,61.119998931884766,5060800
02-02-2022,60.959999084472656,62.38999938964844,59.04999923706055,60.0099983215332,2147400
03-02-2022,59.040000915527344,60.25,58.4900016784668,59.209999084472656,616800
04-02-2022,58.83000183105469,61.060001373291016,57.93999862670898,60.52999877929688,506000
07-02-2022,60.7400016784668,62.06999969482422,59.720001220703125,61.380001068115234,612800
08-02-2022,61.619998931884766,63.93999862670898,61.11000061035156,63.47999954223633,780700
09-02-2022,64.16999816894531,65.37000274658203,64.0,65.2300033569336,828900
10-02-2022,63.7599983215332,68.12999725341797,63.650001525878906,66.88999938964844,938200
11-02-2022,67.25,69.05000305175781,65.45999908447266,66.37999725341797,1098500
14-02-2022,66.70999908447266,68.16000366210938,66.37999725341797,66.98999786376953,606100
15-02-2022,68.08999633789062,71.3499984741211,67.6500015258789,70.68000030517578,1594900
16-02-2022,69.68000030517578,72.06999969482422,68.31999969482422,71.4800033569336,865100
17-02-2022,70.43000030517578,70.72000122070312,68.27999877929688,69.0199966430664,1258700
18-02-2022,68.62999725341797,70.0199966430664,68.05999755859375,68.44999694824219,896700
22-02-2022,68.05000305175781,69.5,66.81999969482422,68.16000366210938,1274200
23-02-2022,69.69000244140625,70.1500015258789,66.83999633789062,67.12999725341797,1411700
24-02-2022,65.61000061035156,70.69999694824219,64.87999725341797,70.0199966430664,2359300
25-02-2022,71.08000183105469,72.18000030517578,69.08000183105469,71.91000366210938,1519100
28-02-2022,71.30999755859375,71.30999755859375,68.0,69.38999938964844,1661600
01-03-2022,69.0,69.55000305175781,65.97000122070312,66.19999694824219,1696100
02-03-2022,66.7300033569336,69.13999938964844,66.26000213623047,68.54000091552734,813600
03-03-2022,68.5,69.06999969482422,66.08000183105469,66.75,707100
04-03-2022,66.41999816894531,66.5999984741211,64.0,64.97000122070312,1009100
07-03-2022,64.81999969482422,65.20999908447266,57.540000915527344,57.810001373291016,1747200
08-03-2022,58.27999877929688,61.970001220703125,56.880001068115234,60.79999923706055,1471900
09-03-2022,62.02000045776367,64.6500015258789,62.02000045776367,62.25,858000
10-03-2022,60.72999954223633,63.0099983215332,60.400001525878906,62.93999862670898,572500
11-03-2022,64.81999969482422,65.43000030517578,63.09999847412109,64.83999633789062,888100
14-03-2022,64.95999908447266,66.69999694824219,62.68999862670898,63.060001373291016,1100000
15-03-2022,63.810001373291016,65.12999725341797,63.41999816894531,64.70999908447266,618400
16-03-2022,65.33000183105469,67.0,64.79000091552734,66.76000213623047,710400
17-03-2022,65.79000091552734,67.06999969482422,65.44000244140625,66.94999694824219,627000
18-03-2022,66.70999908447266,69.94000244140625,66.44000244140625,69.61000061035156,1102200
21-03-2022,69.5199966430664,70.63999938964844,68.87000274658203,70.63999938964844,743100
22-03-2022,71.19000244140625,72.5199966430664,70.43000030517578,71.2300033569336,1316800
23-03-2022,70.30999755859375,72.30000305175781,70.30999755859375,70.98999786376953,600000
24-03-2022,71.19000244140625,73.4000015258789,70.70999908447266,73.33999633789062,683000
25-03-2022,73.87999725341797,74.01000213623047,72.54000091552734,72.94000244140625,852800
28-03-2022,72.5999984741211,74.0999984741211,71.30000305175781,71.56999969482422,663900
29-03-2022,72.33000183105469,74.02999877929688,72.19000244140625,73.41999816894531,714600
30-03-2022,73.04000091552734,75.18000030517578,72.55999755859375,73.80999755859375,808900
31-03-2022,73.8499984741211,76.0,73.8499984741211,74.44000244140625,1028300
01-04-2022,74.80000305175781,75.54000091552734,72.0,72.31999969482422,839400
04-04-2022,72.12000274658203,72.37999725341797,69.69000244140625,70.0,1106400
05-04-2022,70.12999725341797,71.02999877929688,67.83999633789062,68.5199966430664,787400
06-04-2022,67.47000122070312,68.25,64.0,64.04000091552734,1547900
07-04-2022,63.959999084472656,64.55000305175781,61.77999877929688,62.93999862670898,1585500
08-04-2022,62.459999084472656,65.6500015258789,62.0,64.70999908447266,1712500
11-04-2022,64.2699966430664,65.6500015258789,64.06999969482422,64.66999816894531,1117400
12-04-2022,65.33999633789062,68.0999984741211,65.33000183105469,67.04000091552734,1063000
13-04-2022,68.83000183105469,72.25,68.54000091552734,71.83000183105469,1259400
14-04-2022,72.2699966430664,74.0,72.16000366210938,73.08000183105469,1111500
18-04-2022,72.63999938964844,73.87000274658203,72.19999694824219,73.45999908447266,1222400
19-04-2022,73.58999633789062,76.29000091552734,73.58999633789062,74.0,1136300
20-04-2022,74.0,75.73999786376953,73.62000274658203,74.4000015258789,968200
21-04-2022,76.33999633789062,76.56999969482422,69.37999725341797,70.43000030517578,1447500
22-04-2022,70.0,71.87000274658203,69.41999816894531,71.0999984741211,1206200
25-04-2022,70.94999694824219,74.62999725341797,69.95999908447266,74.41999816894531,1908900
26-04-2022,74.5999984741211,75.27999877929688,70.45999908447266,70.91000366210938,1508700
27-04-2022,70.69999694824219,71.31999969482422,68.12000274658203,69.63999938964844,1261500
28-04-2022,70.41999816894531,70.6500015258789,67.08000183105469,68.80999755859375,1148900
29-04-2022,68.31999969482422,69.76000213623047,67.02999877929688,67.44000244140625,717600
02-05-2022,67.55999755859375,68.37999725341797,66.22000122070312,68.33999633789062,811600
03-05-2022,68.68000030517578,68.83000183105469,65.04000091552734,67.5999984741211,1171400
04-05-2022,67.6500015258789,69.0,62.97999954223633,67.31999969482422,2023700
05-05-2022,64.0,65.54000091552734,60.52999877929688,62.86000061035156,2296400
06-05-2022,63.150001525878906,63.16999816894531,60.0,60.88999938964844,1498100
09-05-2022,59.959999084472656,60.720001220703125,55.720001220703125,55.77000045776367,1864400
10-05-2022,56.33000183105469,58.0,55.150001525878906,56.34000015258789,1160200
11-05-2022,55.97999954223633,57.93999862670898,53.31999969482422,53.650001525878906,1503400
12-05-2022,53.310001373291016,55.52999877929688,51.77999877929688,53.75,1724000
13-05-2022,54.880001068115234,57.369998931884766,54.7400016784668,56.900001525878906,1443000
16-05-2022,56.34999847412109,57.36000061035156,55.720001220703125,55.90999984741211,1112700
17-05-2022,57.540000915527344,58.4900016784668,55.93999862670898,57.560001373291016,1208400
18-05-2022,57.04999923706055,57.869998931884766,55.560001373291016,55.7599983215332,1870500
19-05-2022,54.93000030517578,56.93000030517578,54.4900016784668,56.02999877929688,1297900
20-05-2022,56.7400016784668,57.13999938964844,53.61000061035156,54.7599983215332,1224700
23-05-2022,55.119998931884766,55.27999877929688,52.7599983215332,52.880001068115234,1763900
24-05-2022,52.09000015258789,52.09000015258789,48.709999084472656,48.79999923706055,2390900
25-05-2022,48.34999847412109,52.0,48.220001220703125,51.54999923706055,1190200
26-05-2022,51.84000015258789,55.72999954223633,51.84000015258789,54.63999938964844,1172000
27-05-2022,54.90999984741211,55.869998931884766,54.040000915527344,55.27999877929688,913800
31-05-2022,54.880001068115234,55.38999938964844,53.2599983215332,54.18000030517578,1035900
01-06-2022,54.40999984741211,54.959999084472656,53.060001373291016,54.09999847412109,861000
02-06-2022,54.36000061035156,54.86000061035156,53.59999847412109,54.7599983215332,982000
03-06-2022,53.90999984741211,54.79999923706055,53.31999969482422,54.060001373291016,1044400
06-06-2022,54.45000076293945,54.70000076293945,53.209999084472656,53.84999847412109,884700
07-06-2022,53.56999969482422,54.7599983215332,53.11000061035156,54.619998931884766,630400
08-06-2022,53.91999816894531,54.88999938964844,53.45000076293945,53.540000915527344,917800
09-06-2022,53.060001373291016,53.88999938964844,52.13999938964844,52.18000030517578,835300
10-06-2022,51.08000183105469,51.970001220703125,49.959999084472656,50.47999954223633,909100
13-06-2022,48.310001373291016,48.83000183105469,45.380001068115234,45.7400016784668,1634600
14-06-2022,45.79999923706055,46.43999862670898,44.52000045776367,44.97999954223633,1731900
15-06-2022,46.130001068115234,47.09000015258789,45.119998931884766,46.52000045776367,1167800
16-06-2022,45.060001373291016,45.54999923706055,40.7599983215332,41.27000045776367,2632700
17-06-2022,41.869998931884766,44.15999984741211,41.130001068115234,44.02999877929688,3084600
21-06-2022,44.79999923706055,44.86000061035156,43.13999938964844,43.4900016784668,1626600
22-06-2022,42.959999084472656,44.52999877929688,42.77999877929688,43.900001525878906,1139400
23-06-2022,44.0,44.400001525878906,41.84000015258789,43.34999847412109,1073100
24-06-2022,43.709999084472656,47.06999969482422,43.630001068115234,46.90999984741211,2067200
27-06-2022,47.290000915527344,47.47999954223633,45.810001373291016,46.36000061035156,1624100
28-06-2022,47.06999969482422,48.380001068115234,45.91999816894531,45.9900016784668,1028200
29-06-2022,45.84000015258789,45.84999847412109,44.150001525878906,44.5099983215332,945500
30-06-2022,43.5099983215332,44.36000061035156,42.0,44.18000030517578,1253200
01-07-2022,44.369998931884766,46.369998931884766,43.470001220703125,46.34000015258789,867200
05-07-2022,45.220001220703125,48.93999862670898,44.4900016784668,47.959999084472656,1493200
06-07-2022,47.41999816894531,48.38999938964844,45.40999984741211,45.58000183105469,1491700
07-07-2022,46.5099983215332,48.02999877929688,46.20000076293945,47.27999877929688,1044900
08-07-2022,46.150001525878906,46.88999938964844,43.7400016784668,43.869998931884766,1569900
11-07-2022,43.04999923706055,43.81999969482422,41.29999923706055,42.33000183105469,1784800
12-07-2022,42.209999084472656,43.13999938964844,41.79999923706055,42.2599983215332,1178200
13-07-2022,40.75,41.93999862670898,40.08000183105469,41.52999877929688,1427900
14-07-2022,41.08000183105469,41.56999969482422,40.0099983215332,40.43999862670898,1404900
15-07-2022,41.06999969482422,41.810001373291016,40.619998931884766,41.65999984741211,1220100
18-07-2022,42.15999984741211,43.68000030517578,42.15999984741211,42.560001373291016,691600
19-07-2022,43.09999847412109,44.470001220703125,43.09999847412109,44.310001373291016,741900
20-07-2022,43.91999816894531,46.59999847412109,43.91999816894531,46.33000183105469,1242400
21-07-2022,45.5,46.150001525878906,44.52000045776367,46.08000183105469,993700
22-07-2022,46.90999984741211,47.290000915527344,45.59000015258789,45.86000061035156,555400
25-07-2022,46.27999877929688,46.400001525878906,45.0,46.04999923706055,621600
26-07-2022,46.0,46.0099983215332,43.83000183105469,43.83000183105469,632500
27-07-2022,44.61000061035156,45.5099983215332,44.02000045776367,45.290000915527344,817000
28-07-2022,45.47999954223633,46.75,44.58000183105469,45.81999969482422,740600
29-07-2022,46.22999954223633,47.84000015258789,45.130001068115234,47.72999954223633,1373300
01-08-2022,47.150001525878906,48.18999862670898,46.869998931884766,47.75,1188600
02-08-2022,46.93000030517578,48.560001373291016,46.77999877929688,48.2599983215332,847800
03-08-2022,48.86000061035156,49.560001373291016,47.810001373291016,49.02999877929688,1194300
04-08-2022,49.470001220703125,52.15999984741211,49.130001068115234,51.06999969482422,1672200
05-08-2022,50.5099983215332,52.970001220703125,50.31999969482422,52.709999084472656,1563400
08-08-2022,52.810001373291016,55.45000076293945,52.810001373291016,54.66999816894531,1485900
09-08-2022,54.22999954223633,54.29999923706055,52.20000076293945,52.84999847412109,896700
10-08-2022,54.2599983215332,55.22999954223633,53.83000183105469,54.83000183105469,906800
11-08-2022,55.16999816894531,55.33000183105469,51.959999084472656,52.68999862670898,1989600
12-08-2022,52.59999847412109,54.61000061035156,52.27000045776367,54.2400016784668,800900
15-08-2022,53.369998931884766,54.369998931884766,52.869998931884766,53.9900016784668,821500
16-08-2022,53.97999954223633,56.91999816894531,53.5099983215332,56.220001220703125,1055300
17-08-2022,55.369998931884766,55.369998931884766,53.310001373291016,54.2599983215332,654300
18-08-2022,54.119998931884766,55.47999954223633,53.65999984741211,55.13999938964844,543800
19-08-2022,54.220001220703125,54.5,53.54999923706055,54.08000183105469,500800
22-08-2022,53.5,53.619998931884766,52.400001525878906,52.52000045776367,781500
23-08-2022,52.56999969482422,54.290000915527344,52.369998931884766,54.11000061035156,736200
24-08-2022,53.7599983215332,55.2400016784668,53.560001373291016,54.560001373291016,666800
25-08-2022,55.59999847412109,56.0099983215332,54.84000015258789,55.380001068115234,615500
26-08-2022,55.34999847412109,55.59999847412109,53.47999954223633,53.4900016784668,590200
29-08-2022,52.5,53.83000183105469,52.470001220703125,52.47999954223633,669000
30-08-2022,53.16999816894531,53.36000061035156,50.75,51.11000061035156,1387400
31-08-2022,51.54999923706055,52.02999877929688,50.25,50.25,528700
01-09-2022,49.31999969482422,49.83000183105469,48.81999969482422,49.70000076293945,715700
02-09-2022,50.5,52.310001373291016,50.470001220703125,51.31999969482422,990000
06-09-2022,51.84999847412109,52.150001525878906,49.86000061035156,50.61000061035156,990700
07-09-2022,50.619998931884766,53.040000915527344,50.47999954223633,52.65999984741211,674400
08-09-2022,51.970001220703125,53.27999877929688,51.59999847412109,53.0099983215332,762100
09-09-2022,53.470001220703125,56.119998931884766,52.90999984741211,55.86000061035156,1404700
12-09-2022,56.16999816894531,57.220001220703125,55.09999847412109,56.0099983215332,637200
13-09-2022,53.88999938964844,55.52000045776367,53.36000061035156,53.709999084472656,836200
14-09-2022,53.619998931884766,54.880001068115234,52.810001373291016,54.33000183105469,990800
15-09-2022,54.72999954223633,56.18999862670898,54.70000076293945,55.25,764100
16-09-2022,54.16999816894531,55.2400016784668,52.79999923706055,53.59000015258789,1641400
19-09-2022,52.7400016784668,55.040000915527344,52.7400016784668,54.77999877929688,1096500
20-09-2022,54.310001373291016,55.18000030517578,54.09999847412109,54.77999877929688,631100
21-09-2022,55.06999969482422,55.06999969482422,51.79999923706055,51.91999816894531,742600
22-09-2022,51.68999862670898,52.0099983215332,49.15999984741211,49.38999938964844,1049300
23-09-2022,48.34000015258789,49.13999938964844,47.0099983215332,47.900001525878906,1198700
26-09-2022,48.02999877929688,49.040000915527344,46.47999954223633,46.5099983215332,796700
27-09-2022,47.5,48.560001373291016,45.93000030517578,46.2400016784668,1151700
28-09-2022,46.15999984741211,47.79999923706055,45.810001373291016,47.29999923706055,1250300
29-09-2022,46.34000015258789,47.130001068115234,45.5,46.20000076293945,719400
30-09-2022,45.7599983215332,47.040000915527344,45.13999938964844,45.5099983215332,1198800
03-10-2022,46.13999938964844,46.91999816894531,44.380001068115234,45.38999938964844,946300
04-10-2022,46.5,49.5099983215332,46.40999984741211,49.5099983215332,938500
05-10-2022,48.2400016784668,49.41999816894531,47.75,48.86000061035156,852000
06-10-2022,48.68000030517578,49.41999816894531,46.90999984741211,46.91999816894531,1101400
07-10-2022,46.310001373291016,47.18000030517578,45.43000030517578,46.58000183105469,1564900
10-10-2022,47.06999969482422,47.5,46.18000030517578,47.16999816894531,747800
11-10-2022,46.959999084472656,48.56999969482422,45.5099983215332,48.15999984741211,1742700
12-10-2022,48.09000015258789,50.40999984741211,47.66999816894531,50.04999923706055,907600
13-10-2022,48.75,51.470001220703125,48.5,50.72999954223633,956800
14-10-2022,51.45000076293945,52.4900016784668,48.83000183105469,49.369998931884766,852200
17-10-2022,49.81999969482422,51.5,49.81999969482422,51.060001373291016,915500
18-10-2022,52.77999877929688,53.369998931884766,51.77000045776367,52.400001525878906,616400
19-10-2022,51.93000030517578,52.720001220703125,50.22999954223633,50.400001525878906,793600
20-10-2022,50.310001373291016,52.720001220703125,50.310001373291016,51.720001220703125,814100
21-10-2022,51.5099983215332,53.15999984741211,51.220001220703125,52.880001068115234,500500
24-10-2022,52.84999847412109,53.36000061035156,51.720001220703125,53.34999847412109,499200
25-10-2022,53.560001373291016,55.27000045776367,53.38999938964844,55.13999938964844,533700
26-10-2022,55.65999984741211,57.619998931884766,55.18999862670898,56.470001220703125,1241700
27-10-2022,57.209999084472656,58.310001373291016,56.119998931884766,56.34000015258789,495600
28-10-2022,56.34000015258789,58.83000183105469,56.34000015258789,58.5099983215332,486000
31-10-2022,58.540000915527344,59.31999969482422,57.93999862670898,58.15999984741211,474800
01-11-2022,59.54999923706055,60.5,58.5,59.130001068115234,753900
02-11-2022,58.310001373291016,58.91999816894531,56.09000015258789,56.790000915527344,930600
03-11-2022,56.040000915527344,58.27000045776367,55.470001220703125,56.560001373291016,559600
04-11-2022,57.59999847412109,58.08000183105469,55.91999816894531,57.68000030517578,680200
07-11-2022,58.40999984741211,58.40999984741211,56.5099983215332,57.540000915527344,565400
08-11-2022,58.040000915527344,58.45000076293945,55.72999954223633,56.63999938964844,1633400
09-11-2022,53.25,54.65999984741211,51.29999923706055,52.77000045776367,1650500
10-11-2022,57.0,58.5,55.58000183105469,55.90999984741211,1108500
11-11-2022,56.06999969482422,57.38999938964844,54.86000061035156,55.25,1606800
14-11-2022,54.45000076293945,58.06999969482422,54.45000076293945,56.81999969482422,1100600
15-11-2022,58.040000915527344,59.0099983215332,56.09999847412109,56.52999877929688,677200
16-11-2022,55.4900016784668,55.959999084472656,53.93000030517578,54.02000045776367,614700
17-11-2022,52.900001525878906,53.41999816894531,51.7599983215332,53.02000045776367,617600
18-11-2022,54.33000183105469,54.33000183105469,52.56999969482422,54.040000915527344,641500
21-11-2022,53.869998931884766,54.38999938964844,53.130001068115234,54.16999816894531,680800
22-11-2022,54.470001220703125,54.5099983215332,53.310001373291016,54.400001525878906,486400
23-11-2022,54.16999816894531,54.709999084472656,53.77000045776367,54.0099983215332,587500
25-11-2022,53.43999862670898,53.93000030517578,53.20000076293945,53.52999877929688,385500
28-11-2022,53.040000915527344,53.93000030517578,53.040000915527344,53.72999954223633,920900
29-11-2022,53.790000915527344,55.5099983215332,53.790000915527344,55.43000030517578,550400
30-11-2022,55.9900016784668,57.130001068115234,54.68000030517578,57.060001373291016,831700
01-12-2022,57.41999816894531,57.5,56.5,56.86000061035156,552000
02-12-2022,56.02000045776367,57.02999877929688,55.5,56.63999938964844,534800
05-12-2022,55.84999847412109,56.31999969482422,54.959999084472656,55.540000915527344,788300
06-12-2022,55.59999847412109,56.4900016784668,54.650001525878906,55.08000183105469,647700
07-12-2022,54.5099983215332,54.83000183105469,52.75,52.84999847412109,533600
08-12-2022,53.36000061035156,54.02999877929688,52.75,53.38999938964844,453300
09-12-2022,53.20000076293945,53.5,52.09000015258789,52.720001220703125,729900
12-12-2022,52.65999984741211,54.02999877929688,51.790000915527344,53.9900016784668,615200
13-12-2022,55.970001220703125,56.5,54.5,54.709999084472656,705300
14-12-2022,54.43000030517578,55.09000015258789,53.43000030517578,54.11000061035156,711200
15-12-2022,53.400001525878906,54.29999923706055,52.79999923706055,54.15999984741211,900500
16-12-2022,53.47999954223633,54.5,53.220001220703125,54.220001220703125,1143000
19-12-2022,54.34000015258789,54.5,52.400001525878906,52.41999816894531,1096700
20-12-2022,52.09999847412109,53.369998931884766,52.09999847412109,52.630001068115234,789800
21-12-2022,53.290000915527344,54.5,53.27999877929688,54.15999984741211,683800
22-12-2022,53.630001068115234,54.18999862670898,50.810001373291016,52.290000915527344,625500
23-12-2022,52.33000183105469,54.29999923706055,51.93000030517578,54.29999923706055,605900
27-12-2022,54.47999954223633,54.47999954223633,52.970001220703125,53.02000045776367,736900
28-12-2022,53.16999816894531,53.38999938964844,50.790000915527344,50.880001068115234,527200
29-12-2022,51.52999877929688,52.58000183105469,51.08000183105469,52.5099983215332,547300
30-12-2022,51.77000045776367,53.66999816894531,51.65999984741211,53.5099983215332,488300
03-01-2023,54.20000076293945,54.59000015258789,53.369998931884766,54.56999969482422,767800
04-01-2023,55.34999847412109,57.310001373291016,54.86000061035156,57.08000183105469,588200
05-01-2023,56.66999816894531,57.33000183105469,56.22999954223633,57.09999847412109,516500
06-01-2023,58.040000915527344,59.869998931884766,57.380001068115234,59.84000015258789,685400
09-01-2023,60.0,60.0,57.77999877929688,57.959999084472656,920200
10-01-2023,57.27000045776367,58.7599983215332,57.06999969482422,57.970001220703125,738900
11-01-2023,58.209999084472656,58.27000045776367,55.40999984741211,55.77000045776367,1678700
12-01-2023,55.970001220703125,57.5099983215332,55.84000015258789,57.040000915527344,668200
13-01-2023,56.38999938964844,59.2400016784668,56.38999938964844,58.34000015258789,574100
17-01-2023,57.9900016784668,58.93000030517578,57.810001373291016,58.459999084472656,499100
18-01-2023,58.66999816894531,59.08000183105469,57.45000076293945,57.619998931884766,902800
19-01-2023,56.90999984741211,57.970001220703125,55.77000045776367,57.70000076293945,648900
20-01-2023,58.2599983215332,59.27999877929688,57.41999816894531,59.06999969482422,556300
23-01-2023,59.18999862670898,61.77999877929688,59.130001068115234,61.59999847412109,741800
24-01-2023,61.900001525878906,63.29999923706055,60.52999877929688,60.77999877929688,454100
25-01-2023,60.290000915527344,61.5,59.70000076293945,61.5,418800
26-01-2023,61.93000030517578,62.13999938964844,60.619998931884766,61.81999969482422,417700
27-01-2023,61.380001068115234,63.08000183105469,61.380001068115234,62.70000076293945,405400
30-01-2023,62.0099983215332,62.2599983215332,60.68000030517578,60.79999923706055,922000
31-01-2023,61.09999847412109,62.72999954223633,60.70000076293945,62.38999938964844,1273000
01-02-2023,62.22999954223633,63.70000076293945,61.5,63.22999954223633,511900
02-02-2023,63.97999954223633,65.08999633789062,63.470001220703125,64.16999816894531,662300
03-02-2023,63.290000915527344,64.55999755859375,63.290000915527344,64.01000213623047,589100
06-02-2023,63.34000015258789,64.0999984741211,62.52000045776367,62.77000045776367,437600
07-02-2023,62.5,65.94999694824219,62.45000076293945,65.79000091552734,691300
08-02-2023,65.31999969482422,66.20999908447266,64.72000122070312,65.12000274658203,625700
09-02-2023,66.43000030517578,66.87999725341797,65.26000213623047,65.29000091552734,817200
10-02-2023,64.76000213623047,65.97000122070312,64.4800033569336,65.72000122070312,863700
13-02-2023,65.5199966430664,66.12000274658203,64.80999755859375,66.05000305175781,494500
14-02-2023,65.68000030517578,67.0,65.20999908447266,66.66000366210938,438900
15-02-2023,66.3499984741211,67.0,65.83999633789062,66.3499984741211,516600
16-02-2023,65.58000183105469,67.38999938964844,65.5,65.55999755859375,659500
17-02-2023,65.80000305175781,66.19999694824219,64.94999694824219,65.6500015258789,652300
21-02-2023,64.63999938964844,65.25,63.5,64.05000305175781,693600
22-02-2023,64.19000244140625,65.0999984741211,63.560001373291016,64.80999755859375,582900
23-02-2023,65.29000091552734,65.5,64.43000030517578,65.08000183105469,601300
24-02-2023,63.7599983215332,64.26000213623047,63.18999862670898,63.290000915527344,1063100
27-02-2023,64.0999984741211,64.7699966430664,63.4900016784668,64.01000213623047,1369200
28-02-2023,68.0,68.0,63.72999954223633,64.5999984741211,1533700
01-03-2023,66.43000030517578,66.69999694824219,64.51000213623047,65.04000091552734,890400
02-03-2023,64.27999877929688,65.19999694824219,64.02999877929688,64.94000244140625,789500
03-03-2023,65.58000183105469,67.69999694824219,64.94999694824219,66.66000366210938,870000
06-03-2023,67.19999694824219,68.19000244140625,66.37999725341797,66.4000015258789,1026000
07-03-2023,66.23999786376953,66.43000030517578,63.709999084472656,63.709999084472656,740200
08-03-2023,64.02999877929688,64.16000366210938,62.5099983215332,63.5099983215332,559000
09-03-2023,63.380001068115234,63.86000061035156,61.380001068115234,61.4900016784668,950900
10-03-2023,61.2599983215332,61.650001525878906,58.79999923706055,59.18000030517578,838100
13-03-2023,57.7599983215332,58.290000915527344,56.369998931884766,57.27999877929688,899800
14-03-2023,58.84999847412109,59.0,57.2400016784668,57.93000030517578,716200
15-03-2023,56.09000015258789,57.0,55.459999084472656,56.5099983215332,680700
16-03-2023,55.72999954223633,58.25,55.72999954223633,58.11000061035156,736500
17-03-2023,57.5,58.06999969482422,56.34000015258789,57.29999923706055,852200
20-03-2023,57.900001525878906,59.43999862670898,57.5,57.79999923706055,1210100
21-03-2023,59.290000915527344,61.130001068115234,59.02999877929688,59.33000183105469,1314500
22-03-2023,59.22999954223633,59.47999954223633,57.38999938964844,57.47999954223633,1042000
23-03-2023,57.65999984741211,58.720001220703125,54.33000183105469,55.33000183105469,797600
24-03-2023,54.54999923706055,56.13999938964844,53.65999984741211,55.93999862670898,682400
27-03-2023,56.79999923706055,57.0,55.47999954223633,56.310001373291016,558300
28-03-2023,56.25,56.93999862670898,55.9900016784668,56.65999984741211,588800
29-03-2023,57.34000015258789,58.380001068115234,56.97999954223633,57.88999938964844,609800
30-03-2023,58.709999084472656,59.40999984741211,58.36000061035156,59.09000015258789,489400
31-03-2023,59.900001525878906,61.43999862670898,59.150001525878906,61.310001373291016,884400
03-04-2023,61.310001373291016,61.61000061035156,60.400001525878906,61.43000030517578,706000
04-04-2023,61.7599983215332,61.7599983215332,59.75,60.540000915527344,569200
05-04-2023,59.9900016784668,60.16999816894531,58.11000061035156,58.5099983215332,704200
06-04-2023,58.59999847412109,58.79999923706055,57.58000183105469,58.2599983215332,1053000
10-04-2023,57.84000015258789,59.97999954223633,57.650001525878906,58.119998931884766,1784800
11-04-2023,58.25,59.41999816894531,57.97999954223633,59.11000061035156,1062200
12-04-2023,59.790000915527344,59.790000915527344,56.36000061035156,56.619998931884766,719200
13-04-2023,57.13999938964844,58.33000183105469,57.060001373291016,58.27999877929688,619300
14-04-2023,58.27000045776367,59.040000915527344,56.7599983215332,57.09000015258789,600300
17-04-2023,57.2400016784668,57.52000045776367,56.08000183105469,56.09999847412109,706200
18-04-2023,56.380001068115234,56.7400016784668,55.22999954223633,55.72999954223633,997000
19-04-2023,55.220001220703125,55.290000915527344,53.52000045776367,53.75,1565400
20-04-2023,53.540000915527344,53.970001220703125,52.84999847412109,53.08000183105469,843900
21-04-2023,52.959999084472656,53.310001373291016,52.43000030517578,52.970001220703125,929800
24-04-2023,52.7400016784668,53.470001220703125,52.380001068115234,53.2599983215332,1179000
25-04-2023,52.68999862670898,52.97999954223633,51.40999984741211,51.56999969482422,633000
26-04-2023,51.68000030517578,52.16999816894531,50.5099983215332,50.7599983215332,637200
27-04-2023,51.04999923706055,53.02000045776367,50.810001373291016,52.84000015258789,795400
28-04-2023,52.310001373291016,54.11000061035156,51.97999954223633,53.65999984741211,908200
01-05-2023,53.869998931884766,55.540000915527344,53.56999969482422,55.09000015258789,1358700
02-05-2023,54.5,54.91999816894531,52.34999847412109,53.84999847412109,858600
03-05-2023,53.869998931884766,55.290000915527344,53.38999938964844,53.58000183105469,1034200
04-05-2023,53.7400016784668,53.93999862670898,52.22999954223633,52.88999938964844,891500
05-05-2023,54.22999954223633,55.380001068115234,53.4900016784668,55.15999984741211,1283600
08-05-2023,57.16999816894531,58.540000915527344,56.11000061035156,56.43000030517578,1740000
09-05-2023,56.43999862670898,60.09000015258789,55.86000061035156,59.65999984741211,1507800
10-05-2023,60.86000061035156,61.09999847412109,58.22999954223633,58.97999954223633,1200900
11-05-2023,58.33000183105469,58.68999862670898,56.310001373291016,56.91999816894531,1181700
12-05-2023,56.91999816894531,57.5099983215332,56.52000045776367,57.27999877929688,564100
15-05-2023,57.18000030517578,58.18000030517578,56.7599983215332,57.650001525878906,754300
16-05-2023,57.08000183105469,57.36000061035156,54.93999862670898,55.0,740100
17-05-2023,54.93999862670898,56.91999816894531,54.470001220703125,56.36000061035156,924600
18-05-2023,55.2400016784668,57.619998931884766,55.2400016784668,57.400001525878906,681100
19-05-2023,57.400001525878906,57.56999969482422,55.38999938964844,55.88999938964844,639200
22-05-2023,55.88999938964844,57.18000030517578,55.65999984741211,56.84000015258789,916400
23-05-2023,56.290000915527344,56.380001068115234,54.61000061035156,54.880001068115234,689000
24-05-2023,54.52999877929688,55.52999877929688,53.720001220703125,55.43000030517578,494900
25-05-2023,55.52000045776367,55.88999938964844,54.09999847412109,54.380001068115234,650500
26-05-2023,54.220001220703125,55.56999969482422,53.709999084472656,55.38999938964844,595100
30-05-2023,55.52000045776367,56.130001068115234,54.91999816894531,56.0,973500
31-05-2023,56.650001525878906,56.77000045776367,55.470001220703125,55.7599983215332,831200
01-06-2023,56.54999923706055,57.18999862670898,55.459999084472656,56.31999969482422,670200
02-06-2023,57.380001068115234,58.56999969482422,57.22999954223633,58.4900016784668,1084200
05-06-2023,58.0,58.119998931884766,56.93999862670898,57.18000030517578,444400
06-06-2023,56.650001525878906,58.400001525878906,56.650001525878906,58.119998931884766,899200
07-06-2023,58.650001525878906,59.97999954223633,58.0,58.790000915527344,1035000
08-06-2023,58.59000015258789,58.86000061035156,57.650001525878906,57.970001220703125,640600
09-06-2023,57.970001220703125,58.060001373291016,56.790000915527344,57.34999847412109,428000
12-06-2023,57.77000045776367,59.650001525878906,57.34999847412109,59.43000030517578,926100
13-06-2023,59.72999954223633,61.29999923706055,59.369998931884766,60.9900016784668,678600
14-06-2023,61.15999984741211,61.27000045776367,59.790000915527344,60.38999938964844,716700
15-06-2023,59.310001373291016,60.2599983215332,59.27000045776367,59.68999862670898,564200
16-06-2023,60.29999923706055,60.61000061035156,58.09999847412109,58.619998931884766,696800
20-06-2023,57.95000076293945,58.45000076293945,56.900001525878906,57.310001373291016,550000
21-06-2023,57.33000183105469,57.869998931884766,56.22999954223633,57.290000915527344,520700
22-06-2023,56.97999954223633,56.97999954223633,55.15999984741211,55.540000915527344,648000
23-06-2023,54.58000183105469,55.93999862670898,54.52000045776367,55.5,1413200
26-06-2023,54.63999938964844,55.95000076293945,54.41999816894531,54.5099983215332,772700
27-06-2023,55.02000045776367,55.86000061035156,54.040000915527344,55.29999923706055,612100
28-06-2023,55.150001525878906,55.31999969482422,54.08000183105469,54.36000061035156,658500
29-06-2023,54.09000015258789,56.02000045776367,54.09000015258789,55.90999984741211,586300
30-06-2023,56.40999984741211,56.59000015258789,55.36000061035156,56.0099983215332,751500
03-07-2023,55.93000030517578,58.0,55.84000015258789,57.77000045776367,372800
05-07-2023,57.369998931884766,57.369998931884766,55.97999954223633,56.220001220703125,693200
06-07-2023,55.380001068115234,56.2599983215332,55.15999984741211,56.15999984741211,607800
07-07-2023,55.47999954223633,56.560001373291016,53.68999862670898,55.7400016784668,913200
10-07-2023,55.5,56.61000061035156,55.369998931884766,56.43999862670898,710600
11-07-2023,56.459999084472656,56.86000061035156,54.619998931884766,54.790000915527344,1031100
12-07-2023,56.02999877929688,56.36000061035156,54.630001068115234,55.0,977100
13-07-2023,55.0,55.95000076293945,54.650001525878906,55.650001525878906,701000
14-07-2023,55.119998931884766,55.380001068115234,53.06999969482422,53.2599983215332,1231100
17-07-2023,52.900001525878906,53.54999923706055,51.34999847412109,51.65999984741211,1094200
18-07-2023,51.41999816894531,53.130001068115234,51.2599983215332,52.68000030517578,857200
19-07-2023,52.959999084472656,53.18999862670898,52.33000183105469,52.7599983215332,963900
20-07-2023,52.34999847412109,52.43999862670898,51.52000045776367,52.16999816894531,1057200
21-07-2023,52.2400016784668,52.709999084472656,51.220001220703125,52.61000061035156,1276800
24-07-2023,52.5099983215332,54.060001373291016,52.29999923706055,53.810001373291016,1201200
25-07-2023,53.83000183105469,54.22999954223633,53.150001525878906,53.22999954223633,697500
26-07-2023,53.9900016784668,54.95000076293945,53.09999847412109,53.7599983215332,733300
27-07-2023,54.0,54.630001068115234,53.040000915527344,53.33000183105469,1156000
28-07-2023,53.650001525878906,53.84000015258789,52.34000015258789,52.5,635800
31-07-2023,52.88999938964844,55.68000030517578,52.88999938964844,55.369998931884766,1063900
01-08-2023,53.290000915527344,55.33000183105469,52.7400016784668,54.970001220703125,1682600
02-08-2023,54.0099983215332,54.68000030517578,53.66999816894531,54.11000061035156,888000
03-08-2023,53.84000015258789,55.7599983215332,53.5,55.09999847412109,1440800
04-08-2023,55.470001220703125,55.59000015258789,54.119998931884766,54.34000015258789,775200
07-08-2023,54.790000915527344,55.43999862670898,53.970001220703125,54.33000183105469,1016300
08-08-2023,53.43999862670898,54.150001525878906,51.81999969482422,52.75,1672700
09-08-2023,52.27999877929688,52.959999084472656,51.11000061035156,51.150001525878906,1021200
10-08-2023,51.09000015258789,52.150001525878906,50.97999954223633,51.15999984741211,870400
11-08-2023,51.2400016784668,51.61000061035156,50.43000030517578,51.43000030517578,638900
14-08-2023,51.29999923706055,51.41999816894531,50.31999969482422,51.18000030517578,709400
15-08-2023,50.91999816894531,51.220001220703125,49.31999969482422,49.59000015258789,1146400
16-08-2023,49.25,49.93000030517578,48.41999816894531,48.790000915527344,686800
17-08-2023,48.90999984741211,49.310001373291016,48.29999923706055,48.34000015258789,806500
18-08-2023,47.869998931884766,48.58000183105469,47.59999847412109,48.36000061035156,844500
21-08-2023,48.43000030517578,49.4900016784668,48.22999954223633,49.47999954223633,853500
22-08-2023,49.70000076293945,49.95000076293945,48.38999938964844,48.400001525878906,773100
23-08-2023,48.52999877929688,49.880001068115234,48.25,49.869998931884766,786200
24-08-2023,49.18000030517578,49.79999923706055,48.380001068115234,48.4900016784668,664400
25-08-2023,48.959999084472656,50.02000045776367,48.459999084472656,49.869998931884766,613100
28-08-2023,49.75,50.11000061035156,48.65999984741211,49.310001373291016,922400
29-08-2023,49.31999969482422,49.869998931884766,49.18999862670898,49.209999084472656,556600
30-08-2023,48.93000030517578,49.36000061035156,48.59999847412109,49.11000061035156,651800
31-08-2023,49.2599983215332,49.650001525878906,48.63999938964844,48.70000076293945,515200
01-09-2023,48.88999938964844,49.52999877929688,48.77000045776367,49.43000030517578,404900
05-09-2023,48.75,49.810001373291016,48.34999847412109,48.36000061035156,703500
06-09-2023,48.25,48.77999877929688,47.959999084472656,48.63999938964844,477900
07-09-2023,48.29999923706055,48.56999969482422,47.97999954223633,48.290000915527344,589600
08-09-2023,48.65999984741211,49.220001220703125,48.09000015258789,48.65999984741211,401900
11-09-2023,49.119998931884766,49.119998931884766,47.310001373291016,47.93000030517578,961100
12-09-2023,47.68000030517578,47.91999816894531,47.29999923706055,47.81999969482422,505700
13-09-2023,47.869998931884766,48.16999816894531,47.310001373291016,47.5,740500
14-09-2023,48.18999862670898,49.9900016784668,48.0099983215332,49.86000061035156,779800
15-09-2023,49.540000915527344,49.56999969482422,48.290000915527344,48.77999877929688,1582200
18-09-2023,48.79999923706055,48.79999923706055,47.459999084472656,48.06999969482422,494000
19-09-2023,47.75,48.41999816894531,47.52000045776367,47.720001220703125,627100
20-09-2023,47.970001220703125,48.5099983215332,47.7400016784668,47.79999923706055,540200
21-09-2023,47.369998931884766,48.11000061035156,47.0,47.0099983215332,546700
22-09-2023,47.43999862670898,47.77999877929688,46.84000015258789,47.0099983215332,530800
25-09-2023,46.4900016784668,46.7599983215332,45.38999938964844,45.869998931884766,731000
26-09-2023,45.63999938964844,45.959999084472656,44.25,44.2599983215332,692100
27-09-2023,44.08000183105469,45.13999938964844,43.68999862670898,44.43999862670898,919700
28-09-2023,44.540000915527344,45.900001525878906,44.060001373291016,45.810001373291016,682700
29-09-2023,46.150001525878906,46.4900016784668,45.560001373291016,46.25,949600
02-10-2023,46.11000061035156,46.310001373291016,45.560001373291016,45.86000061035156,533900
03-10-2023,45.650001525878906,45.70000076293945,43.77999877929688,44.560001373291016,1071900
04-10-2023,44.7400016784668,45.08000183105469,44.040000915527344,44.720001220703125,670800
05-10-2023,44.66999816894531,44.7400016784668,43.810001373291016,44.15999984741211,874300
06-10-2023,43.9900016784668,44.54999923706055,43.130001068115234,44.41999816894531,911400
09-10-2023,43.709999084472656,45.119998931884766,43.060001373291016,45.0099983215332,651700
10-10-2023,45.43000030517578,46.150001525878906,45.02000045776367,46.130001068115234,1220200
11-10-2023,46.34999847412109,46.5,45.27000045776367,45.79999923706055,571800
12-10-2023,45.66999816894531,45.66999816894531,43.41999816894531,44.09000015258789,905700
13-10-2023,43.709999084472656,43.9900016784668,42.2400016784668,42.4900016784668,1064000
16-10-2023,43.02000045776367,44.59000015258789,43.02000045776367,43.93000030517578,1537400
17-10-2023,43.83000183105469,45.560001373291016,43.38999938964844,45.119998931884766,948600
18-10-2023,44.52999877929688,44.84000015258789,44.02000045776367,44.72999954223633,908300
19-10-2023,44.83000183105469,45.09999847412109,43.41999816894531,43.54999923706055,655200
20-10-2023,43.66999816894531,43.91999816894531,42.38999938964844,42.4900016784668,1133900
23-10-2023,42.09000015258789,42.630001068115234,41.18000030517578,41.209999084472656,894000
24-10-2023,41.560001373291016,42.83000183105469,41.15999984741211,42.68999862670898,842300
25-10-2023,42.13999938964844,42.63999938964844,41.25,42.400001525878906,903200
26-10-2023,42.31999969482422,42.68000030517578,41.43000030517578,42.150001525878906,774200
27-10-2023,42.45000076293945,42.58000183105469,40.869998931884766,41.13999938964844,761100
30-10-2023,41.88999938964844,42.63999938964844,41.34999847412109,42.459999084472656,674900
31-10-2023,42.63999938964844,43.150001525878906,42.25,43.08000183105469,578400
01-11-2023,42.970001220703125,43.16999816894531,41.52000045776367,42.2599983215332,1079200
02-11-2023,43.4900016784668,44.70000076293945,42.77000045776367,44.68999862670898,987500
03-11-2023,45.90999984741211,47.7599983215332,45.790000915527344,47.27000045776367,1162900
06-11-2023,47.04999923706055,47.31999969482422,46.27000045776367,47.20000076293945,849200
07-11-2023,46.810001373291016,47.36000061035156,46.59999847412109,47.18999862670898,965200
08-11-2023,48.0,50.08000183105469,45.84999847412109,46.43000030517578,1468100
09-11-2023,46.709999084472656,47.68000030517578,45.560001373291016,45.720001220703125,857100
10-11-2023,45.95000076293945,46.93000030517578,45.310001373291016,46.84000015258789,697100
13-11-2023,46.54999923706055,47.52999877929688,46.20000076293945,46.959999084472656,701700
14-11-2023,48.68000030517578,50.08000183105469,48.65999984741211,49.630001068115234,1251300
15-11-2023,49.77999877929688,50.52999877929688,49.119998931884766,49.34000015258789,755400
16-11-2023,48.84000015258789,49.18999862670898,47.7599983215332,48.09000015258789,556000
17-11-2023,48.709999084472656,49.119998931884766,48.18000030517578,48.79999923706055,605700
20-11-2023,48.93999862670898,50.15999984741211,48.2400016784668,50.09999847412109,884800
21-11-2023,49.43999862670898,49.56999969482422,48.58000183105469,48.7400016784668,749900
22-11-2023,49.22999954223633,49.83000183105469,48.68000030517578,49.41999816894531,700500
24-11-2023,49.33000183105469,49.93000030517578,49.0099983215332,49.91999816894531,322100
27-11-2023,49.209999084472656,49.72999954223633,49.18000030517578,49.33000183105469,1362400
28-11-2023,49.40999984741211,49.40999984741211,48.380001068115234,49.2599983215332,842100
29-11-2023,49.619998931884766,49.880001068115234,48.93000030517578,48.959999084472656,547500
30-11-2023,49.150001525878906,49.31999969482422,48.70000076293945,48.900001525878906,690100
01-12-2023,48.58000183105469,51.16999816894531,48.33000183105469,50.7599983215332,889400
04-12-2023,50.61000061035156,51.29999923706055,50.34000015258789,50.540000915527344,770200
05-12-2023,49.970001220703125,50.22999954223633,48.630001068115234,48.84999847412109,776100
06-12-2023,49.52000045776367,50.31999969482422,49.310001373291016,49.66999816894531,652000
07-12-2023,49.66999816894531,50.540000915527344,49.63999938964844,50.290000915527344,607600
08-12-2023,50.41999816894531,52.060001373291016,50.41999816894531,51.84000015258789,1038200
11-12-2023,51.7400016784668,52.4900016784668,51.47999954223633,51.79999923706055,517200
12-12-2023,51.810001373291016,52.36000061035156,51.31999969482422,51.70000076293945,424700
13-12-2023,51.59000015258789,53.66999816894531,51.040000915527344,53.5,815800
14-12-2023,53.619998931884766,55.47999954223633,53.619998931884766,54.02000045776367,1404000
15-12-2023,54.040000915527344,54.56999969482422,52.369998931884766,52.380001068115234,971600
18-12-2023,52.470001220703125,53.0099983215332,50.97999954223633,51.02000045776367,845400
19-12-2023,51.66999816894531,52.220001220703125,51.2400016784668,51.459999084472656,561900
20-12-2023,51.060001373291016,52.41999816894531,50.22999954223633,50.290000915527344,553200
21-12-2023,51.20000076293945,51.459999084472656,50.34000015258789,50.7400016784668,373600
22-12-2023,50.7400016784668,51.380001068115234,50.63999938964844,50.7599983215332,354100
26-12-2023,50.77000045776367,53.290000915527344,50.68999862670898,52.75,851200
27-12-2023,52.68999862670898,53.18000030517578,52.290000915527344,53.150001525878906,608800
28-12-2023,53.0,53.61000061035156,52.790000915527344,53.29999923706055,545200
29-12-2023,53.20000076293945,53.810001373291016,52.650001525878906,52.83000183105469,955000
02-01-2024,52.43000030517578,53.5099983215332,52.22999954223633,52.91999816894531,797800
03-01-2024,52.02000045776367,52.31999969482422,50.709999084472656,50.79999923706055,709600
04-01-2024,50.88999938964844,51.220001220703125,50.16999816894531,50.959999084472656,677500
05-01-2024,50.459999084472656,52.290000915527344,50.290000915527344,51.869998931884766,705900
08-01-2024,51.70000076293945,53.34999847412109,51.70000076293945,52.9900016784668,570600
09-01-2024,52.40999984741211,52.540000915527344,50.84999847412109,51.119998931884766,536200
10-01-2024,50.93000030517578,51.75,50.68999862670898,51.5099983215332,497800
11-01-2024,51.43000030517578,51.43000030517578,50.31999969482422,51.33000183105469,434800
12-01-2024,51.91999816894531,52.20000076293945,50.27000045776367,50.54999923706055,538400
16-01-2024,50.06999969482422,50.970001220703125,49.91999816894531,50.869998931884766,878900
17-01-2024,49.86000061035156,50.58000183105469,49.43999862670898,49.650001525878906,1275100
18-01-2024,49.9900016784668,50.95000076293945,49.7599983215332,50.04999923706055,1300100
19-01-2024,50.25,51.40999984741211,49.45000076293945,51.220001220703125,855500
22-01-2024,51.560001373291016,51.810001373291016,49.4900016784668,49.790000915527344,827000
23-01-2024,50.56999969482422,51.220001220703125,50.02000045776367,50.68999862670898,853500
24-01-2024,51.27999877929688,51.59000015258789,49.83000183105469,50.119998931884766,1112700
25-01-2024,51.0,51.11000061035156,50.09999847412109,50.709999084472656,827900
26-01-2024,50.93999862670898,51.13999938964844,50.70000076293945,50.900001525878906,601100
29-01-2024,50.630001068115234,50.93000030517578,49.59000015258789,49.84999847412109,699600
30-01-2024,49.54999923706055,50.709999084472656,49.33000183105469,50.36000061035156,880300
31-01-2024,50.52000045776367,50.52000045776367,49.290000915527344,49.400001525878906,887000
01-02-2024,49.619998931884766,49.9900016784668,48.43999862670898,49.040000915527344,583600
02-02-2024,48.15999984741211,48.790000915527344,47.72999954223633,48.2599983215332,648000
05-02-2024,47.65999984741211,47.9900016784668,46.90999984741211,47.2599983215332,731400
06-02-2024,47.2599983215332,48.869998931884766,47.119998931884766,48.70000076293945,576200
07-02-2024,48.619998931884766,48.7400016784668,47.4900016784668,47.93000030517578,621000
08-02-2024,48.209999084472656,48.560001373291016,47.65999984741211,48.36000061035156,513500
09-02-2024,48.52000045776367,49.38999938964844,48.060001373291016,49.08000183105469,451800
12-02-2024,48.93999862670898,50.40999984741211,48.869998931884766,50.29999923706055,504300
13-02-2024,48.790000915527344,50.58000183105469,47.61000061035156,48.4900016784668,468200
14-02-2024,48.77000045776367,49.220001220703125,47.66999816894531,47.77999877929688,528100
15-02-2024,48.25,48.63999938964844,47.380001068115234,47.61000061035156,671700
16-02-2024,46.88999938964844,47.68999862670898,46.59999847412109,47.09000015258789,416200
20-02-2024,46.34999847412109,46.84999847412109,45.84999847412109,46.22999954223633,639800
21-02-2024,46.22999954223633,46.34000015258789,45.59999847412109,46.130001068115234,446900
22-02-2024,46.56999969482422,47.72999954223633,46.060001373291016,47.0099983215332,501700
23-02-2024,46.459999084472656,47.81999969482422,46.290000915527344,47.0099983215332,598500
26-02-2024,46.7400016784668,47.720001220703125,46.63999938964844,47.54999923706055,471400
27-02-2024,47.93000030517578,48.90999984741211,47.709999084472656,48.810001373291016,807600
28-02-2024,50.0,54.79999923706055,48.09000015258789,52.970001220703125,1754000
29-02-2024,53.9900016784668,53.9900016784668,50.95000076293945,51.34999847412109,1095300
01-03-2024,51.369998931884766,53.81999969482422,50.47999954223633,53.45000076293945,1112800
04-03-2024,53.45000076293945,54.59000015258789,53.11000061035156,53.56999969482422,1127700
05-03-2024,53.220001220703125,53.869998931884766,52.4900016784668,52.959999084472656,744600
06-03-2024,53.65999984741211,54.41999816894531,52.9900016784668,53.560001373291016,658900
07-03-2024,53.68000030517578,53.97999954223633,52.38999938964844,52.79999923706055,654600
08-03-2024,53.130001068115234,53.540000915527344,52.06999969482422,52.540000915527344,465100
11-03-2024,52.27999877929688,52.709999084472656,51.880001068115234,52.02999877929688,669000
12-03-2024,51.7599983215332,52.45000076293945,51.400001525878906,51.5099983215332,544200
13-03-2024,51.4900016784668,52.93999862670898,51.0,51.09999847412109,783600
14-03-2024,50.619998931884766,51.43000030517578,50.18000030517578,50.630001068115234,967500
15-03-2024,50.5,51.63999938964844,50.5,51.34000015258789,746400
18-03-2024,51.31999969482422,53.150001525878906,51.02999877929688,52.91999816894531,955600
19-03-2024,52.5099983215332,53.790000915527344,52.38999938964844,53.060001373291016,811900
20-03-2024,53.119998931884766,54.630001068115234,53.0,54.31999969482422,1245600
21-03-2024,55.709999084472656,55.709999084472656,54.04999923706055,54.720001220703125,864900
22-03-2024,54.59999847412109,54.63999938964844,53.5099983215332,53.91999816894531,927400
25-03-2024,54.13999938964844,54.150001525878906,53.29999923706055,54.06999969482422,1155800
26-03-2024,53.06999969482422,53.75,52.04999923706055,52.369998931884766,1428800
27-03-2024,52.470001220703125,53.58000183105469,52.470001220703125,53.31999969482422,700300
28-03-2024,55.27000045776367,57.02999877929688,54.59999847412109,56.209999084472656,2155100
01-04-2024,55.959999084472656,57.09999847412109,55.959999084472656,56.93000030517578,866400
02-04-2024,55.93000030517578,56.4900016784668,54.880001068115234,55.61000061035156,802000
03-04-2024,55.16999816894531,56.560001373291016,55.15999984741211,56.36000061035156,727300
04-04-2024,57.52000045776367,58.15999984741211,54.59000015258789,54.7599983215332,1466400
05-04-2024,54.54999923706055,57.040000915527344,54.54999923706055,56.70000076293945,1497200
08-04-2024,56.97999954223633,58.02999877929688,56.93000030517578,58.0099983215332,739800
09-04-2024,58.38999938964844,58.43999862670898,57.130001068115234,58.20000076293945,681400
10-04-2024,56.630001068115234,57.040000915527344,56.08000183105469,56.77999877929688,934300
11-04-2024,57.15999984741211,57.15999984741211,54.869998931884766,55.2400016784668,819900
12-04-2024,54.93000030517578,54.93000030517578,52.970001220703125,52.970001220703125,1078100
15-04-2024,53.869998931884766,53.869998931884766,51.61000061035156,52.56999969482422,1786900
16-04-2024,52.41999816894531,52.630001068115234,51.45000076293945,51.810001373291016,1342200
17-04-2024,52.400001525878906,52.400001525878906,50.91999816894531,51.15999984741211,632500
18-04-2024,51.16999816894531,52.09000015258789,50.84999847412109,51.38999938964844,768500
19-04-2024,51.27000045776367,51.91999816894531,51.02999877929688,51.7400016784668,564100
22-04-2024,51.88999938964844,52.36000061035156,51.09000015258789,51.84999847412109,800500
23-04-2024,51.369998931884766,53.220001220703125,51.369998931884766,52.88999938964844,472200
24-04-2024,52.75,52.93999862670898,51.81999969482422,52.88999938964844,516000
25-04-2024,52.400001525878906,52.400001525878906,50.84000015258789,51.119998931884766,919000
26-04-2024,51.04999923706055,52.02999877929688,50.75,50.77999877929688,695100
29-04-2024,51.09000015258789,51.900001525878906,51.09000015258789,51.540000915527344,527500
30-04-2024,50.880001068115234,51.4900016784668,50.459999084472656,50.81999969482422,671600
01-05-2024,49.93999862670898,50.84000015258789,48.88999938964844,48.93000030517578,1401200
02-05-2024,49.88999938964844,50.36000061035156,49.02999877929688,49.84000015258789,611400
03-05-2024,50.880001068115234,51.16999816894531,49.880001068115234,50.47999954223633,866700
06-05-2024,51.04999923706055,51.25,49.709999084472656,49.77000045776367,979600
07-05-2024,49.09000015258789,49.84000015258789,48.2599983215332,49.15999984741211,1936500
08-05-2024,52.880001068115234,55.18000030517578,50.0,51.619998931884766,1977700
09-05-2024,50.61000061035156,54.02000045776367,50.45000076293945,53.68999862670898,1424400
10-05-2024,54.36000061035156,54.77000045776367,53.52000045776367,53.619998931884766,755700
13-05-2024,54.0,54.630001068115234,53.790000915527344,53.81999969482422,695500
14-05-2024,54.459999084472656,55.09000015258789,53.97999954223633,54.08000183105469,605100
15-05-2024,54.43999862670898,54.43999862670898,52.9900016784668,53.18000030517578,698700
16-05-2024,53.38999938964844,53.810001373291016,52.20000076293945,52.400001525878906,505900
17-05-2024,52.630001068115234,52.91999816894531,51.709999084472656,52.150001525878906,1005200
20-05-2024,52.400001525878906,52.400001525878906,51.45000076293945,52.08000183105469,706200
21-05-2024,51.83000183105469,53.02000045776367,51.619998931884766,52.790000915527344,1051800
22-05-2024,52.560001373291016,53.02999877929688,50.43999862670898,50.45000076293945,1065200
23-05-2024,50.40999984741211,50.52999877929688,49.40999984741211,50.060001373291016,591900
24-05-2024,50.4900016784668,50.72999954223633,49.790000915527344,50.470001220703125,399800
28-05-2024,50.59000015258789,51.08000183105469,49.61000061035156,50.06999969482422,712200
29-05-2024,49.52000045776367,49.88999938964844,49.02999877929688,49.29999923706055,570800
30-05-2024,49.720001220703125,51.040000915527344,49.720001220703125,51.040000915527344,597600
31-05-2024,51.58000183105469,52.380001068115234,51.09000015258789,52.290000915527344,694200
03-06-2024,52.400001525878906,53.880001068115234,52.400001525878906,53.40999984741211,1006500
04-06-2024,53.150001525878906,53.880001068115234,52.88999938964844,53.560001373291016,1050900
05-06-2024,53.369998931884766,53.560001373291016,52.20000076293945,52.45000076293945,525300
06-06-2024,51.43999862670898,52.209999084472656,51.09000015258789,51.90999984741211,649900
07-06-2024,50.119998931884766,51.18000030517578,49.630001068115234,50.56999969482422,931300
10-06-2024,49.5,50.43000030517578,49.34000015258789,50.06999969482422,1033300
11-06-2024,49.93999862670898,50.59999847412109,49.45000076293945,50.52000045776367,658400
12-06-2024,51.83000183105469,52.63999938964844,51.27000045776367,52.20000076293945,610300
13-06-2024,52.650001525878906,52.650001525878906,50.970001220703125,51.4900016784668,661300
14-06-2024,50.91999816894531,50.9900016784668,49.209999084472656,49.2400016784668,1187600
17-06-2024,48.84999847412109,51.43999862670898,48.84000015258789,51.2400016784668,938700
18-06-2024,51.63999938964844,52.47999954223633,50.7400016784668,50.84999847412109,811900
20-06-2024,50.709999084472656,50.84000015258789,49.959999084472656,50.709999084472656,831100
21-06-2024,50.7400016784668,51.209999084472656,49.90999984741211,51.02999877929688,760900
24-06-2024,51.5099983215332,52.09999847412109,51.310001373291016,51.4900016784668,881400
25-06-2024,50.900001525878906,52.02000045776367,50.900001525878906,51.15999984741211,894800
26-06-2024,50.90999984741211,51.70000076293945,50.630001068115234,51.29999923706055,864800
27-06-2024,51.400001525878906,52.77999877929688,51.02999877929688,52.70000076293945,569900
28-06-2024,52.790000915527344,54.59999847412109,52.7400016784668,54.310001373291016,1541300
01-07-2024,54.84000015258789,55.34999847412109,53.560001373291016,54.90999984741211,1250200
02-07-2024,54.869998931884766,54.88999938964844,51.84999847412109,53.27000045776367,925600
03-07-2024,53.380001068115234,53.380001068115234,52.2400016784668,52.9900016784668,556700
05-07-2024,52.95000076293945,53.91999816894531,52.68999862670898,53.720001220703125,671400
08-07-2024,53.720001220703125,55.47999954223633,53.720001220703125,55.34000015258789,1190900
09-07-2024,55.2400016784668,56.27000045776367,55.2400016784668,55.900001525878906,863900
10-07-2024,56.02000045776367,56.02000045776367,54.93000030517578,55.4900016784668,721800
11-07-2024,55.900001525878906,56.880001068115234,54.709999084472656,56.619998931884766,978900
12-07-2024,56.810001373291016,57.720001220703125,56.58000183105469,56.720001220703125,888200
15-07-2024,56.630001068115234,59.0099983215332,56.43000030517578,58.84999847412109,1651100
16-07-2024,59.20000076293945,59.58000183105469,58.72999954223633,59.04999923706055,1178800
17-07-2024,59.04999923706055,60.36000061035156,58.060001373291016,58.709999084472656,1010700
18-07-2024,58.41999816894531,60.209999084472656,58.41999816894531,59.0099983215332,1262200
19-07-2024,59.060001373291016,59.060001373291016,58.29999923706055,58.40999984741211,502900
22-07-2024,58.20000076293945,58.470001220703125,57.2599983215332,58.0,1108600
23-07-2024,57.11000061035156,57.38999938964844,55.02000045776367,55.68000030517578,1823400
24-07-2024,54.630001068115234,55.369998931884766,53.27999877929688,53.27999877929688,1184800
25-07-2024,53.84999847412109,55.54999923706055,53.220001220703125,54.93000030517578,923300
26-07-2024,55.61000061035156,56.0099983215332,54.619998931884766,55.5,659200
29-07-2024,53.11000061035156,53.63999938964844,51.59999847412109,52.7400016784668,2090500
30-07-2024,52.72999954223633,53.369998931884766,52.310001373291016,53.02000045776367,861300
31-07-2024,53.560001373291016,54.22999954223633,52.5,52.650001525878906,1039100
01-08-2024,52.38999938964844,52.68000030517578,49.810001373291016,49.84999847412109,1374800
02-08-2024,48.209999084472656,48.31999969482422,47.060001373291016,47.09999847412109,1221800
05-08-2024,45.119998931884766,48.09999847412109,44.720001220703125,46.93999862670898,2006700
06-08-2024,46.81999969482422,47.66999816894531,46.380001068115234,46.68000030517578,1502000
07-08-2024,50.0,51.86000061035156,46.2599983215332,46.34999847412109,2620800
08-08-2024,46.060001373291016,48.41999816894531,45.84999847412109,47.0099983215332,1502000
09-08-2024,47.08000183105469,47.65999984741211,46.33000183105469,47.34000015258789,1003500
12-08-2024,47.09999847412109,47.59000015258789,46.5,47.25,2142900
13-08-2024,47.810001373291016,48.150001525878906,47.02000045776367,47.08000183105469,1006500
14-08-2024,47.33000183105469,47.52000045776367,46.18999862670898,46.68000030517578,839400
15-08-2024,47.7400016784668,49.119998931884766,47.59999847412109,48.869998931884766,977200
16-08-2024,48.84999847412109,49.380001068115234,48.38999938964844,48.45000076293945,575300
19-08-2024,48.63999938964844,49.81999969482422,48.63999938964844,49.54999923706055,1257000
20-08-2024,49.630001068115234,49.630001068115234,48.4900016784668,48.59000015258789,684300
21-08-2024,49.310001373291016,49.310001373291016,48.119998931884766,48.63999938964844,981600
22-08-2024,48.52999877929688,49.11000061035156,48.31999969482422,48.54999923706055,824800
23-08-2024,49.04999923706055,49.25,48.290000915527344,48.68999862670898,779800
26-08-2024,49.290000915527344,50.04999923706055,49.20000076293945,49.56999969482422,679800
27-08-2024,49.43999862670898,49.72999954223633,48.900001525878906,49.2599983215332,916600
28-08-2024,48.81999969482422,49.40999984741211,48.54999923706055,48.630001068115234,809500
29-08-2024,48.97999954223633,49.79999923706055,48.77999877929688,49.25,667400
30-08-2024,49.36000061035156,49.47999954223633,48.369998931884766,49.220001220703125,851700
03-09-2024,48.790000915527344,50.56999969482422,48.790000915527344,50.56999969482422,910800
04-09-2024,50.790000915527344,52.77999877929688,50.650001525878906,52.61000061035156,1370800
05-09-2024,52.97999954223633,54.130001068115234,52.619998931884766,53.40999984741211,1032400
06-09-2024,53.52000045776367,53.880001068115234,51.81999969482422,52.060001373291016,978900
09-09-2024,52.08000183105469,52.27000045776367,50.0,50.41999816894531,1641100
10-09-2024,50.22999954223633,50.5,49.33000183105469,50.22999954223633,1114200
11-09-2024,50.29999923706055,50.40999984741211,49.38999938964844,49.86000061035156,786500
12-09-2024,50.0,50.380001068115234,49.43000030517578,50.06999969482422,847500
13-09-2024,50.52999877929688,51.709999084472656,50.34999847412109,51.16999816894531,469700
16-09-2024,50.560001373291016,51.720001220703125,50.34999847412109,50.88999938964844,730400
17-09-2024,51.34000015258789,51.77999877929688,50.45000076293945,51.27999877929688,900400
18-09-2024,51.15999984741211,52.5099983215332,51.119998931884766,51.619998931884766,793400
19-09-2024,52.97999954223633,53.83000183105469,52.33000183105469,53.310001373291016,781900
20-09-2024,53.38999938964844,53.43999862670898,51.900001525878906,52.18000030517578,1190300
23-09-2024,52.310001373291016,52.59000015258789,50.66999816894531,51.04999923706055,689300
24-09-2024,51.70000076293945,52.20000076293945,50.77000045776367,50.869998931884766,695000
25-09-2024,50.709999084472656,51.400001525878906,50.40999984741211,51.02000045776367,942300
26-09-2024,51.52999877929688,52.08000183105469,51.310001373291016,51.34000015258789,613000
27-09-2024,51.880001068115234,51.970001220703125,50.90999984741211,51.2599983215332,535900
30-09-2024,50.93999862670898,51.09000015258789,50.380001068115234,50.59999847412109,815500
01-10-2024,50.43999862670898,50.70000076293945,49.310001373291016,49.33000183105469,1238600
02-10-2024,49.060001373291016,49.65999984741211,48.9900016784668,49.31999969482422,617800
03-10-2024,49.02000045776367,49.70000076293945,48.4900016784668,49.540000915527344,533200
04-10-2024,50.41999816894531,51.869998931884766,50.02999877929688,51.70000076293945,723900
07-10-2024,51.54999923706055,51.65999984741211,48.40999984741211,49.2400016784668,1169700
08-10-2024,49.16999816894531,50.150001525878906,48.459999084472656,48.790000915527344,1071500
09-10-2024,48.150001525878906,50.869998931884766,47.79999923706055,49.25,1037900
10-10-2024,48.77999877929688,50.68999862670898,48.77999877929688,49.970001220703125,706600
11-10-2024,50.040000915527344,51.06999969482422,50.040000915527344,51.02000045776367,606000
14-10-2024,50.84999847412109,51.02000045776367,49.58000183105469,49.72999954223633,835200
15-10-2024,49.83000183105469,51.900001525878906,49.36000061035156,50.880001068115234,764300
16-10-2024,51.25,52.5099983215332,51.16999816894531,52.5,617100
17-10-2024,52.459999084472656,54.130001068115234,52.41999816894531,54.060001373291016,879900
18-10-2024,54.34999847412109,54.34999847412109,52.4900016784668,52.66999816894531,539100
21-10-2024,52.650001525878906,53.27000045776367,52.18999862670898,52.7400016784668,555600
22-10-2024,52.70000076293945,53.02999877929688,52.16999816894531,52.83000183105469,428300
23-10-2024,52.54999923706055,53.220001220703125,52.2400016784668,52.2400016784668,480800
24-10-2024,52.380001068115234,52.65999984741211,51.58000183105469,52.18000030517578,462600
25-10-2024,52.18000030517578,54.18999862670898,52.060001373291016,53.220001220703125,1123400
28-10-2024,53.93000030517578,54.81999969482422,53.59000015258789,54.650001525878906,742400
29-10-2024,54.209999084472656,55.650001525878906,54.130001068115234,54.900001525878906,596200
30-10-2024,54.81999969482422,55.9900016784668,53.45000076293945,53.47999954223633,931400
31-10-2024,53.75,54.52000045776367,52.59000015258789,52.630001068115234,598500
01-11-2024,52.90999984741211,53.72999954223633,52.540000915527344,52.56999969482422,727100
04-11-2024,52.25,53.59000015258789,52.25,53.0,688300
05-11-2024,53.459999084472656,53.90999984741211,52.52000045776367,53.04999923706055,988800
06-11-2024,56.91999816894531,58.02000045776367,55.630001068115234,56.84999847412109,2061300
07-11-2024,56.33000183105469,58.810001373291016,54.2599983215332,55.02000045776367,1482700
08-11-2024,55.15999984741211,56.959999084472656,54.91999816894531,56.77000045776367,855900
11-11-2024,57.119998931884766,57.900001525878906,56.41999816894531,56.77999877929688,639500
12-11-2024,56.560001373291016,57.34999847412109,56.33000183105469,56.869998931884766,1194000
13-11-2024,56.91999816894531,58.68999862670898,56.86000061035156,58.650001525878906,871800
14-11-2024,58.650001525878906,59.93999862670898,58.2599983215332,58.75,1067000
15-11-2024,58.7599983215332,58.7599983215332,56.900001525878906,57.04999923706055,534900
18-11-2024,57.15999984741211,57.619998931884766,56.33000183105469,56.43999862670898,521800
19-11-2024,56.0,56.20000076293945,54.630001068115234,55.95000076293945,789300
20-11-2024,55.59999847412109,57.36000061035156,55.459999084472656,57.290000915527344,1031400
21-11-2024,57.209999084472656,57.9900016784668,56.77000045776367,56.84000015258789,605700
22-11-2024,56.66999816894531,57.0099983215332,56.20000076293945,56.810001373291016,583400
25-11-2024,57.18999862670898,58.33000183105469,56.59999847412109,56.619998931884766,1032900
26-11-2024,58.27000045776367,58.5,56.900001525878906,57.22999954223633,735600
27-11-2024,57.27999877929688,58.4900016784668,57.27999877929688,58.06999969482422,598900
29-11-2024,58.0,59.400001525878906,58.0,58.63999938964844,448000
02-12-2024,58.68000030517578,60.83000183105469,58.68000030517578,60.290000915527344,1340400
03-12-2024,60.09000015258789,60.380001068115234,58.5099983215332,59.18000030517578,522300
04-12-2024,58.34000015258789,59.59000015258789,57.7400016784668,59.380001068115234,421800
05-12-2024,59.34000015258789,60.0,59.150001525878906,59.709999084472656,444200
06-12-2024,59.869998931884766,60.4900016784668,59.31999969482422,59.81999969482422,439200
09-12-2024,60.06999969482422,60.06999969482422,57.06999969482422,57.13999938964844,825400
10-12-2024,58.060001373291016,58.060001373291016,56.68999862670898,56.93999862670898,364400
11-12-2024,57.130001068115234,57.56999969482422,56.59999847412109,56.650001525878906,420900
12-12-2024,56.630001068115234,56.63999938964844,55.58000183105469,55.70000076293945,323600
13-12-2024,55.25,56.34000015258789,55.209999084472656,55.84999847412109,458500
16-12-2024,55.97999954223633,57.400001525878906,55.83000183105469,57.310001373291016,761400
17-12-2024,56.9900016784668,58.40999984741211,56.75,57.65999984741211,681100
18-12-2024,57.47999954223633,58.16999816894531,54.81999969482422,55.29999923706055,717400
19-12-2024,55.970001220703125,55.970001220703125,52.560001373291016,53.619998931884766,1209600
20-12-2024,53.220001220703125,54.77000045776367,52.93000030517578,54.08000183105469,1216000
23-12-2024,54.310001373291016,54.310001373291016,53.060001373291016,54.11000061035156,486000
24-12-2024,54.040000915527344,54.56999969482422,53.70000076293945,54.5,196300
26-12-2024,54.33000183105469,56.560001373291016,54.33000183105469,55.66999816894531,607900
27-12-2024,55.2400016784668,55.84999847412109,54.63999938964844,55.43000030517578,341700
30-12-2024,54.88999938964844,56.040000915527344,54.27000045776367,55.90999984741211,679100
31-12-2024,55.93000030517578,57.15999984741211,55.869998931884766,56.18999862670898,570200
02-01-2025,56.900001525878906,57.880001068115234,56.59000015258789,57.540000915527344,1046600
03-01-2025,57.58000183105469,57.630001068115234,55.47999954223633,57.38999938964844,576700
06-01-2025,57.77999877929688,60.630001068115234,57.72999954223633,58.41999816894531,852600
07-01-2025,58.970001220703125,59.2400016784668,57.900001525878906,58.25,511700
08-01-2025,57.41999816894531,57.93000030517578,56.84000015258789,57.2599983215332,540800
10-01-2025,56.0,56.65999984741211,54.59999847412109,55.2400016784668,703800
13-01-2025,54.63999938964844,55.470001220703125,53.16999816894531,54.29999923706055,815200
14-01-2025,54.38999938964844,55.77000045776367,54.38999938964844,54.70000076293945,528700
15-01-2025,56.0,56.70000076293945,53.5,53.5099983215332,632000
16-01-2025,53.400001525878906,53.77999877929688,52.13999938964844,52.209999084472656,1296300
17-01-2025,52.459999084472656,53.29999923706055,51.88999938964844,52.22999954223633,1038000
21-01-2025,52.43000030517578,53.0,51.68000030517578,52.88999938964844,2541800
22-01-2025,52.77000045776367,53.290000915527344,50.83000183105469,51.97999954223633,1205600
23-01-2025,51.86000061035156,53.59999847412109,51.09000015258789,53.38999938964844,1710200
24-01-2025,53.29999923706055,53.65999984741211,51.18999862670898,51.810001373291016,1123200
27-01-2025,51.40999984741211,53.34999847412109,51.40999984741211,52.16999816894531,1036400
28-01-2025,52.18999862670898,53.27000045776367,51.869998931884766,51.93000030517578,389500
29-01-2025,51.65999984741211,52.459999084472656,51.59999847412109,51.75,377000
30-01-2025,52.18999862670898,52.77999877929688,51.9900016784668,52.75,534600
31-01-2025,52.68000030517578,53.0,51.79999923706055,52.560001373291016,714600
03-02-2025,51.5099983215332,54.36000061035156,51.02999877929688,53.02000045776367,819100
04-02-2025,52.93999862670898,53.63999938964844,52.630001068115234,52.810001373291016,568100
05-02-2025,52.70000076293945,52.970001220703125,52.13999938964844,52.4900016784668,393700
06-02-2025,52.54999923706055,53.59000015258789,52.54999923706055,53.43999862670898,472200
07-02-2025,53.5,53.7599983215332,52.52999877929688,52.90999984741211,753800
10-02-2025,53.11000061035156,53.45000076293945,52.040000915527344,52.040000915527344,689100
11-02-2025,51.54999923706055,51.97999954223633,51.5,51.709999084472656,561300
12-02-2025,51.41999816894531,52.040000915527344,51.040000915527344,51.25,598800
13-02-2025,51.54999923706055,52.7400016784668,51.0,52.630001068115234,563700
14-02-2025,53.02000045776367,53.20000076293945,52.310001373291016,52.58000183105469,476900
18-02-2025,52.619998931884766,54.65999984741211,52.310001373291016,53.720001220703125,1343800
19-02-2025,53.619998931884766,55.34000015258789,53.18000030517578,54.59000015258789,1294900
20-02-2025,54.630001068115234,54.7400016784668,53.31999969482422,54.209999084472656,850200
21-02-2025,54.81999969482422,55.060001373291016,52.09999847412109,52.36000061035156,920900
24-02-2025,52.68999862670898,56.02999877929688,52.380001068115234,55.68999862670898,1731200
25-02-2025,55.70000076293945,55.70000076293945,53.93999862670898,54.619998931884766,1337800
26-02-2025,55.84000015258789,58.5099983215332,52.65999984741211,52.88999938964844,1186600
27-02-2025,52.630001068115234,52.63999938964844,49.43000030517578,49.56999969482422,2192800
28-02-2025,49.34999847412109,50.84999847412109,49.22999954223633,50.5,1228800
03-03-2025,50.790000915527344,51.45000076293945,50.119998931884766,50.77000045776367,731000
04-03-2025,49.7400016784668,50.08000183105469,47.81999969482422,48.400001525878906,1191700
05-03-2025,47.869998931884766,50.09000015258789,47.869998931884766,49.650001525878906,1150500
06-03-2025,49.08000183105469,49.880001068115234,48.83000183105469,49.40999984741211,1276200
07-03-2025,48.9900016784668,49.630001068115234,48.02999877929688,49.36000061035156,1289900
10-03-2025,48.68000030517578,50.29999923706055,48.16999816894531,48.9900016784668,879700
11-03-2025,49.0099983215332,49.0099983215332,46.0099983215332,47.220001220703125,1037800
12-03-2025,47.459999084472656,47.459999084472656,45.150001525878906,46.869998931884766,1161800
13-03-2025,46.83000183105469,47.040000915527344,45.11000061035156,45.65999984741211,1188700
14-03-2025,45.79999923706055,47.72999954223633,45.27999877929688,47.68999862670898,708600
17-03-2025,48.119998931884766,49.54999923706055,47.88999938964844,48.91999816894531,782000
18-03-2025,48.54999923706055,48.650001525878906,46.83000183105469,47.20000076293945,730600
19-03-2025,47.43999862670898,48.9900016784668,47.220001220703125,48.970001220703125,810200
20-03-2025,48.59999847412109,49.540000915527344,48.459999084472656,48.77999877929688,838900
21-03-2025,48.36000061035156,49.310001373291016,47.40999984741211,49.290000915527344,911600
24-03-2025,50.33000183105469,51.02000045776367,49.88999938964844,50.970001220703125,750300
25-03-2025,51.02000045776367,51.09999847412109,47.77000045776367,48.43999862670898,906200
26-03-2025,48.65999984741211,49.08000183105469,47.790000915527344,47.93000030517578,682100
27-03-2025,47.77000045776367,48.650001525878906,47.20000076293945,47.43000030517578,507700
28-03-2025,46.970001220703125,47.5,45.900001525878906,46.29999923706055,695400
31-03-2025,45.34999847412109,45.79999923706055,44.09999847412109,45.459999084472656,1165600
01-04-2025,45.2599983215332,45.86000061035156,44.5,45.52999877929688,915300
02-04-2025,44.900001525878906,48.08000183105469,44.900001525878906,48.0099983215332,904000
03-04-2025,45.31999969482422,46.09000015258789,42.61000061035156,42.86000061035156,1315200
04-04-2025,41.709999084472656,42.59999847412109,40.77999877929688,41.720001220703125,1150400
07-04-2025,40.0,42.880001068115234,38.63999938964844,40.29999923706055,1428400
08-04-2025,41.810001373291016,42.38999938964844,38.33000183105469,38.5099983215332,918300
09-04-2025,38.0,45.61000061035156,37.68000030517578,44.380001068115234,1838400
10-04-2025,42.34999847412109,42.970001220703125,40.560001373291016,41.52000045776367,892600
11-04-2025,40.9900016784668,42.72999954223633,40.20000076293945,41.84000015258789,704800
14-04-2025,42.52999877929688,42.900001525878906,41.18999862670898,42.68000030517578,714200
15-04-2025,42.5099983215332,43.43999862670898,42.25,42.72999954223633,481600
16-04-2025,42.54999923706055,43.81999969482422,41.93999862670898,42.970001220703125,594900
17-04-2025,42.93000030517578,44.47999954223633,42.86000061035156,44.380001068115234,481600
21-04-2025,44.150001525878906,44.15999984741211,42.68000030517578,43.09999847412109,854300
22-04-2025,43.34999847412109,45.220001220703125,43.34999847412109,45.0099983215332,811000
23-04-2025,47.040000915527344,47.040000915527344,43.83000183105469,44.2599983215332,923900
24-04-2025,44.09999847412109,44.27000045776367,43.43999862670898,43.66999816894531,1191900
25-04-2025,43.0099983215332,44.06999969482422,43.0099983215332,44.02000045776367,443900
28-04-2025,44.36000061035156,44.369998931884766,43.13999938964844,43.7599983215332,516000
29-04-2025,43.5099983215332,43.959999084472656,42.7599983215332,43.86000061035156,588100
30-04-2025,42.880001068115234,43.77999877929688,41.220001220703125,43.650001525878906,787000
01-05-2025,43.83000183105469,45.70000076293945,43.79999923706055,44.810001373291016,1318400
02-05-2025,44.81999969482422,46.54999923706055,44.81999969482422,45.90999984741211,792300
05-05-2025,45.11000061035156,46.40999984741211,44.93999862670898,45.97999954223633,498000
06-05-2025,45.22999954223633,45.93000030517578,44.119998931884766,44.29999923706055,756000
07-05-2025,44.75,46.119998931884766,44.75,45.560001373291016,774400
08-05-2025,45.5,46.18000030517578,44.83000183105469,45.84999847412109,747500
09-05-2025,45.86000061035156,47.47999954223633,45.86000061035156,47.18000030517578,1393000
12-05-2025,49.5,52.720001220703125,47.790000915527344,49.34999847412109,1374500
13-05-2025,50.290000915527344,50.47999954223633,49.09000015258789,49.2400016784668,978000
14-05-2025,49.36000061035156,49.88999938964844,48.52999877929688,48.630001068115234,671400
15-05-2025,48.27000045776367,49.13999938964844,48.0,48.4900016784668,728900
16-05-2025,48.58000183105469,49.34999847412109,48.18000030517578,49.22999954223633,879400
19-05-2025,48.61000061035156,49.5099983215332,48.400001525878906,49.38999938964844,871500
20-05-2025,49.040000915527344,49.25,48.16999816894531,48.43999862670898,707900
21-05-2025,47.58000183105469,47.84000015258789,45.29999923706055,45.31999969482422,644600
22-05-2025,44.97999954223633,45.93000030517578,44.650001525878906,45.900001525878906,717900
23-05-2025,44.7599983215332,45.90999984741211,44.709999084472656,45.7599983215332,550200
27-05-2025,46.720001220703125,47.720001220703125,46.61000061035156,47.5,1044300
28-05-2025,47.7400016784668,48.11000061035156,47.31999969482422,47.68999862670898,762000
29-05-2025,47.09000015258789,47.18000030517578,45.619998931884766,46.29999923706055,719700
30-05-2025,46.04999923706055,46.18000030517578,44.65999984741211,44.790000915527344,761100
02-06-2025,44.43000030517578,44.52000045776367,43.04999923706055,43.04999923706055,879500
03-06-2025,42.97999954223633,43.68000030517578,42.43000030517578,43.290000915527344,629500
04-06-2025,43.27999877929688,43.75,42.7599983215332,43.369998931884766,592400
05-06-2025,43.22999954223633,43.70000076293945,42.72999954223633,43.08000183105469,547300
06-06-2025,43.90999984741211,43.90999984741211,42.68000030517578,42.84999847412109,491700
09-06-2025,42.869998931884766,43.470001220703125,42.75,42.83000183105469,557700
10-06-2025,43.18000030517578,43.709999084472656,42.459999084472656,42.7400016784668,640000
11-06-2025,43.33000183105469,43.79999923706055,42.27000045776367,42.45000076293945,754900
12-06-2025,41.90999984741211,42.630001068115234,41.58000183105469,42.43999862670898,622500
13-06-2025,41.16999816894531,42.08000183105469,40.63999938964844,41.060001373291016,613100
16-06-2025,41.77999877929688,41.97999954223633,41.150001525878906,41.66999816894531,466500
17-06-2025,41.470001220703125,42.43999862670898,41.38999938964844,41.880001068115234,515500
18-06-2025,42.02999877929688,42.86000061035156,41.95000076293945,42.56999969482422,386800
20-06-2025,43.0099983215332,44.290000915527344,42.959999084472656,44.04999923706055,1358600
23-06-2025,43.84999847412109,45.310001373291016,42.900001525878906,45.27000045776367,1320300
24-06-2025,46.040000915527344,46.43000030517578,44.9900016784668,45.4900016784668,691400
25-06-2025,45.27999877929688,45.400001525878906,44.61000061035156,45.209999084472656,615000
26-06-2025,45.25,46.63999938964844,45.18999862670898,46.47999954223633,605300
27-06-2025,46.619998931884766,47.41999816894531,46.0,47.33000183105469,1163200
30-06-2025,47.59999847412109,47.83000183105469,46.4900016784668,47.150001525878906,792500
01-07-2025,47.060001373291016,49.970001220703125,46.68999862670898,48.459999084472656,1221500
02-07-2025,48.63999938964844,49.540000915527344,47.790000915527344,49.400001525878906,755900
03-07-2025,49.470001220703125,49.95000076293945,48.720001220703125,49.0099983215332,324000
07-07-2025,48.59999847412109,49.20000076293945,48.220001220703125,48.970001220703125,934200
08-07-2025,49.220001220703125,49.630001068115234,48.34999847412109,49.09000015258789,599600
09-07-2025,49.06999969482422,49.27000045776367,48.27999877929688,48.900001525878906,524400
10-07-2025,49.11000061035156,50.34999847412109,49.02999877929688,49.369998931884766,662100
11-07-2025,48.72999954223633,48.810001373291016,47.13999938964844,47.459999084472656,585200
14-07-2025,47.380001068115234,47.52999877929688,46.04999923706055,47.29999923706055,804600
15-07-2025,47.08000183105469,47.08000183105469,45.77000045776367,46.09000015258789,660100
16-07-2025,46.33000183105469,47.619998931884766,45.7400016784668,47.5,641300
17-07-2025,47.45000076293945,47.7599983215332,46.63999938964844,47.2400016784668,695200
18-07-2025,47.56999969482422,48.08000183105469,47.20000076293945,47.970001220703125,840200
21-07-2025,48.400001525878906,49.08000183105469,48.2400016784668,48.63999938964844,394000
22-07-2025,49.400001525878906,51.290000915527344,48.93000030517578,50.9900016784668,946300
23-07-2025,51.27999877929688,54.130001068115234,51.220001220703125,52.79999923706055,1211200
24-07-2025,52.0,52.77000045776367,51.369998931884766,51.43000030517578,577900
25-07-2025,51.5,51.56999969482422,50.54999923706055,51.310001373291016,512700
28-07-2025,50.619998931884766,51.40999984741211,50.11000061035156,50.68000030517578,557700
29-07-2025,50.63999938964844,50.77000045776367,48.93000030517578,49.400001525878906,472000
30-07-2025,49.90999984741211,50.0,48.29999923706055,48.77999877929688,600300
31-07-2025,48.5,48.68999862670898,46.72999954223633,47.33000183105469,821100
01-08-2025,46.70000076293945,47.16999816894531,45.63999938964844,46.630001068115234,698600
04-08-2025,46.810001373291016,47.43999862670898,46.72999954223633,47.33000183105469,899100
05-08-2025,47.310001373291016,47.61000061035156,46.43999862670898,47.470001220703125,861100
06-08-2025,46.5099983215332,46.5099983215332,43.9900016784668,46.15999984741211,1552800
07-08-2025,45.130001068115234,49.79999923706055,45.130001068115234,49.68999862670898,2447900
08-08-2025,49.68999862670898,50.5,48.459999084472656,48.63999938964844,1117700
11-08-2025,48.84000015258789,49.400001525878906,47.93000030517578,48.59999847412109,745900
12-08-2025,49.33000183105469,50.810001373291016,49.09999847412109,50.2400016784668,1145900
13-08-2025,50.2400016784668,52.84000015258789,50.15999984741211,52.7599983215332,938300
14-08-2025,51.90999984741211,53.41999816894531,51.66999816894531,53.2599983215332,1469300
15-08-2025,53.59999847412109,53.77999877929688,51.59000015258789,51.75,1198400
18-08-2025,51.63999938964844,51.93000030517578,50.04999923706055,50.81999969482422,862600
19-08-2025,51.0099983215332,51.470001220703125,50.7599983215332,51.25,597400
20-08-2025,51.290000915527344,51.540000915527344,50.27000045776367,50.45000076293945,567800
21-08-2025,50.02999877929688,51.310001373291016,49.56999969482422,51.27999877929688,615300
22-08-2025,51.7599983215332,53.810001373291016,51.650001525878906,53.45000076293945,925000
25-08-2025,53.2400016784668,53.40999984741211,52.369998931884766,52.720001220703125,376600
26-08-2025,52.959999084472656,53.02000045776367,52.16999816894531,52.22999954223633,551100
27-08-2025,52.15999984741211,52.970001220703125,51.81999969482422,52.09999847412109,496500
28-08-2025,52.2400016784668,52.2400016784668,51.400001525878906,51.560001373291016,717000
29-08-2025,51.93999862670898,52.59000015258789,51.54999923706055,52.58000183105469,535500
02-09-2025,51.83000183105469,52.709999084472656,51.72999954223633,52.68999862670898,579800
03-09-2025,55.09000015258789,56.0,53.869998931884766,53.95000076293945,2163800
04-09-2025,54.02000045776367,54.56999969482422,53.650001525878906,54.34999847412109,1438300
05-09-2025,55.0,56.95000076293945,54.130001068115234,54.43000030517578,5960800
08-09-2025,53.70000076293945,54.43999862670898,52.5,52.68000030517578,1477900
09-09-2025,52.36000061035156,52.97999954223633,51.70000076293945,51.95000076293945,948600
10-09-2025,51.16999816894531,52.13999938964844,49.70000076293945,50.310001373291016,1348000
11-09-2025,49.83000183105469,51.08000183105469,49.65999984741211,50.18000030517578,974600
12-09-2025,50.060001373291016,50.90999984741211,49.91999816894531,50.65999984741211,705000
15-09-2025,51.0,52.380001068115234,50.290000915527344,51.540000915527344,988000
16-09-2025,51.630001068115234,51.97999954223633,50.45000076293945,50.959999084472656,771400
17-09-2025,51.04999923706055,52.02999877929688,50.2400016784668,50.59000015258789,624700
18-09-2025,50.90999984741211,51.75,50.810001373291016,51.52000045776367,1076700
19-09-2025,52.209999084472656,52.70000076293945,51.09999847412109,51.209999084472656,1594800
22-09-2025,51.33000183105469,51.459999084472656,50.54999923706055,51.08000183105469,812400
23-09-2025,51.220001220703125,52.59999847412109,51.04999923706055,51.93999862670898,767700
24-09-2025,52.2599983215332,52.70000076293945,50.54999923706055,51.20000076293945,687100
25-09-2025,50.88999938964844,51.16999816894531,50.11000061035156,50.27000045776367,643800
26-09-2025,50.4900016784668,52.16999816894531,50.38999938964844,51.720001220703125,714900
29-09-2025,52.0099983215332,53.08000183105469,51.380001068115234,52.619998931884766,707400
30-09-2025,52.38999938964844,52.63999938964844,51.459999084472656,51.70000076293945,571500
01-10-2025,51.45000076293945,53.150001525878906,51.20000076293945,53.09000015258789,943600
02-10-2025,53.09999847412109,54.66999816894531,52.61000061035156,54.59000015258789,763200
03-10-2025,54.18999862670898,55.709999084472656,53.79999923706055,55.209999084472656,872100
06-10-2025,55.209999084472656,55.68999862670898,54.52000045776367,54.56999969482422,700000
07-10-2025,54.54999923706055,55.18999862670898,53.2400016784668,53.310001373291016,618300
08-10-2025,54.18999862670898,54.25,53.04999923706055,54.08000183105469,731600
09-10-2025,54.0,54.68000030517578,52.27000045776367,52.790000915527344,552000
10-10-2025,52.970001220703125,53.119998931884766,50.43000030517578,50.630001068115234,725100
13-10-2025,51.06999969482422,52.61000061035156,50.720001220703125,52.310001373291016,758200
14-10-2025,51.61000061035156,54.16999816894531,51.61000061035156,53.72999954223633,849300
15-10-2025,54.0099983215332,54.41999816894531,51.91999816894531,52.08000183105469,705300
16-10-2025,51.880001068115234,52.56999969482422,51.5099983215332,52.06999969482422,519500
17-10-2025,52.040000915527344,52.900001525878906,51.68999862670898,52.2400016784668,714100
20-10-2025,52.86000061035156,53.02999877929688,52.09000015258789,52.2400016784668,498500
21-10-2025,52.04999923706055,53.20000076293945,51.810001373291016,52.95000076293945,622700
22-10-2025,52.88999938964844,53.27999877929688,51.31999969482422,51.459999084472656,511400
23-10-2025,51.459999084472656,51.66999816894531,50.79999923706055,50.900001525878906,815700
24-10-2025,51.5099983215332,51.810001373291016,49.65999984741211,49.70000076293945,762500
27-10-2025,49.93999862670898,52.02999877929688,49.93999862670898,51.880001068115234,764500
28-10-2025,51.5099983215332,51.88999938964844,50.630001068115234,51.25,522600
29-10-2025,49.68000030517578,50.16999816894531,47.65999984741211,48.02000045776367,1282300
30-10-2025,47.150001525878906,48.470001220703125,47.150001525878906,47.459999084472656,654600
31-10-2025,46.959999084472656,48.52999877929688,46.43999862670898,48.400001525878906,581600
03-11-2025,48.09999847412109,48.13999938964844,47.540000915527344,47.869998931884766,734700
04-11-2025,47.43000030517578,47.540000915527344,45.959999084472656,46.0,837000
05-11-2025,45.70000076293945,47.52000045776367,44.04999923706055,46.220001220703125,2943500
06-11-2025,37.02999877929688,38.0,34.77000045776367,35.13999938964844,5819500
07-11-2025,35.0099983215332,37.7599983215332,35.0,36.810001373291016,2059400
10-11-2025,36.52000045776367,37.0099983215332,34.369998931884766,34.84000015258789,2441900
11-11-2025,34.90999984741211,35.40999984741211,34.04999923706055,34.33000183105469,1480100
12-11-2025,33.84000015258789,35.09000015258789,33.560001373291016,33.619998931884766,1176200
13-11-2025,33.75,34.38999938964844,32.97999954223633,33.130001068115234,855700
14-11-2025,32.58000183105469,32.720001220703125,31.86000061035156,31.96999931335449,993800
17-11-2025,31.63999938964844,32.04999923706055,31.030000686645508,31.280000686645508,1779900
18-11-2025,30.950000762939453,33.060001373291016,30.700000762939453,32.77000045776367,1428800
19-11-2025,32.849998474121094,33.06999969482422,30.90999984741211,30.940000534057617,1318200
20-11-2025,31.1299991607666,31.540000915527344,29.6200008392334,30.3700008392334,3067100
21-11-2025,30.649999618530277,33.560001373291016,30.56999969482422,33.45000076293945,1916100
24-11-2025,33.41999816894531,34.150001525878906,32.790000915527344,33.72999954223633,1428300
25-11-2025,33.63999938964844,35.33000183105469,33.63999938964844,35.209999084472656,1380100
26-11-2025,34.959999084472656,35.459999084472656,34.86000061035156,35.290000915527344,723300
28-11-2025,35.790000915527344,36.56999969482422,35.459999084472656,36.09000015258789,704500
01-12-2025,35.79999923706055,36.2400016784668,35.130001068115234,35.34000015258789,1071100
02-12-2025,35.77000045776367,35.91999816894531,34.90999984741211,35.43000030517578,582800
03-12-2025,35.540000915527344,36.790000915527344,35.47999954223633,36.36000061035156,868300
04-12-2025,36.20000076293945,36.65999984741211,35.790000915527344,36.06999969482422,818800
05-12-2025,36.380001068115234,36.58000183105469,35.459999084472656,35.529998779296875,547400
08-12-2025,36.0,36.060001373291016,34.849998474121094,35.45000076293945,738900
09-12-2025,35.34000015258789,36.040000915527344,35.34000015258789,35.439998626708984,1550500
10-12-2025,35.560001373291016,36.560001373291016,35.13999938964844,36.209999084472656,692800
11-12-2025,36.41999816894531,37.59000015258789,36.0,37.18000030517578,980500
12-12-2025,37.41999816894531,37.41999816894531,36.400001525878906,36.63999938964844,655600
15-12-2025,36.869998931884766,37.040000915527344,34.88999938964844,35.15999984741211,1091900
16-12-2025,35.31999969482422,35.599998474121094,34.81999969482422,35.08000183105469,686800
17-12-2025,35.06999969482422,36.060001373291016,34.869998931884766,35.31999969482422,813900
18-12-2025,35.599998474121094,35.599998474121094,34.459999084472656,34.84000015258789,1081200
19-12-2025,34.58000183105469,35.04999923706055,34.209999084472656,34.65999984741211,1272800
22-12-2025,34.72999954223633,35.47999954223633,34.47999954223633,34.79999923706055,880100
23-12-2025,34.86000061035156,35.13999938964844,34.630001068115234,35.06999969482422,711000
24-12-2025,35.25,35.75,34.90999984741211,35.61000061035156,313300
26-12-2025,35.400001525878906,36.119998931884766,34.959999084472656,35.9900016784668,371100
29-12-2025,35.970001220703125,36.59999847412109,35.61000061035156,36.310001373291016,896400
30-12-2025,36.18999862670898,36.45000076293945,35.91999816894531,36.36000061035156,683400
31-12-2025,36.38999938964844,36.400001525878906,35.630001068115234,36.29999923706055,659600
02-01-2026,36.040000915527344,36.59000015258789,35.41999816894531,36.220001220703125,533100
05-01-2026,35.95000076293945,36.83000183105469,35.130001068115234,35.18000030517578,819200
06-01-2026,35.02000045776367,37.29999923706055,35.02000045776367,36.79999923706055,1921200
07-01-2026,36.68000030517578,36.70000076293945,35.5,36.16999816894531,2060600
08-01-2026,35.720001220703125,37.77999877929688,35.720001220703125,36.869998931884766,2602600
09-01-2026,37.209999084472656,37.61000061035156,36.619998931884766,37.43000030517578,1168400
12-01-2026,37.04999923706055,37.880001068115234,36.5,37.41999816894531,736100
13-01-2026,37.58000183105469,38.77000045776367,37.36000061035156,37.4900016784668,622400
14-01-2026,37.220001220703125,38.66999816894531,37.02000045776367,38.650001525878906,873400
15-01-2026,38.630001068115234,39.290000915527344,38.0,38.09000015258789,842300
16-01-2026,37.88999938964844,38.040000915527344,37.209999084472656,37.86000061035156,840900
20-01-2026,37.09999847412109,37.869998931884766,36.68000030517578,37.09000015258789,1303600
21-01-2026,37.59000015258789,38.540000915527344,37.0,38.34000015258789,921000
22-01-2026,39.09000015258789,39.470001220703125,38.34000015258789,39.0099983215332,767700
23-01-2026,38.810001373291016,39.27999877929688,37.43999862670898,37.4900016784668,1063100
26-01-2026,37.54999923706055,38.34999847412109,37.43999862670898,38.20000076293945,526300
27-01-2026,38.040000915527344,38.29999923706055,36.79999923706055,37.09999847412109,958300
28-01-2026,37.25,38.16999816894531,37.25,37.40999984741211,923200
29-01-2026,37.790000915527344,38.54999923706055,37.33000183105469,38.27000045776367,1168300
30-01-2026,38.02000045776367,38.209999084472656,36.90999984741211,37.650001525878906,989500
02-02-2026,37.43000030517578,37.95000076293945,35.52000045776367,35.77000045776367,1677100
03-02-2026,35.5099983215332,36.619998931884766,34.38999938964844,34.91999816894531,4610700
04-02-2026,35.459999084472656,37.75,35.040000915527344,37.20000076293945,1643700
05-02-2026,37.5,37.68999862670898,35.650001525878906,36.209999084472656,1313900
06-02-2026,35.349998474121094,37.43999862670898,35.290000915527344,37.02999877929688,738800
09-02-2026,36.7400016784668,37.810001373291016,35.9900016784668,37.790000915527344,1186800
10-02-2026,37.88999938964844,37.93999862670898,36.880001068115234,36.97999954223633,1120200
11-02-2026,36.84999847412109,36.93000030517578,35.459999084472656,35.79999923706055,728900
12-02-2026,35.88999938964844,36.52999877929688,33.41999816894531,33.47999954223633,1210800
13-02-2026,33.70000076293945,34.41999816894531,33.09000015258789,33.959999084472656,994900
17-02-2026,34.15999984741211,35.22999954223633,34.02000045776367,34.790000915527344,820000
18-02-2026,34.349998474121094,36.27999877929688,34.349998474121094,35.5099983215332,1254300
19-02-2026,35.68000030517578,36.02000045776367,35.0,35.540000915527344,815200
20-02-2026,35.349998474121094,36.13999938964844,34.90999984741211,35.439998626708984,1032400
23-02-2026,35.09000015258789,35.119998931884766,33.619998931884766,34.060001373291016,1407900
24-02-2026,33.939998626708984,34.88999938964844,33.93000030517578,34.56999969482422,1146700
25-02-2026,34.59000015258789,34.619998931884766,33.02000045776367,33.77000045776367,2595700
26-02-2026,34.790000915527344,36.16999816894531,32.79999923706055,36.0,3350300
27-02-2026,34.709999084472656,35.310001373291016,33.2599983215332,34.790000915527344,1634200
02-03-2026,33.83000183105469,34.4900016784668,32.5099983215332,33.91999816894531,1062600
03-03-2026,33.5,34.810001373291016,32.5099983215332,34.279998779296875,895400
04-03-2026,34.09000015258789,34.47999954223633,33.119998931884766,34.15999984741211,753800
05-03-2026,34.02000045776367,35.279998779296875,34.02000045776367,35.16999816894531,593700
06-03-2026,34.81999969482422,35.2400016784668,33.81999969482422,34.18000030517578,1052600
09-03-2026,33.400001525878906,34.470001220703125,31.600000381469727,34.220001220703125,1185000
10-03-2026,33.56999969482422,33.790000915527344,32.5,32.93000030517578,1421400
11-03-2026,33.040000915527344,33.189998626708984,32.25,32.63999938964844,531600
12-03-2026,32.20000076293945,32.40999984741211,31.0,31.059999465942383,667300
13-03-2026,30.959999084472656,31.88999938964844,30.07999992370605,30.86000061035156,910600
16-03-2026,31.11000061035156,32.119998931884766,31.040000915527344,32.06999969482422,603500
17-03-2026,32.93000030517578,33.75,32.54999923706055,32.95000076293945,548000
18-03-2026,32.369998931884766,32.689998626708984,31.6200008392334,31.940000534057617,1097800
19-03-2026,31.81999969482422,32.560001373291016,31.5,32.33000183105469,754200
20-03-2026,32.209999084472656,32.25,30.989999771118164,31.270000457763672,970600
23-03-2026,32.68000030517578,32.849998474121094,31.459999084472656,31.8700008392334,793600
24-03-2026,31.36000061035156,31.82999992370605,30.989999771118164,30.989999771118164,755200
25-03-2026,31.190000534057617,31.770000457763672,30.049999237060547,31.21999931335449,774200
26-03-2026,31.459999084472656,32.279998779296875,30.57999992370605,31.0,1819100
27-03-2026,30.549999237060547,30.65999984741211,28.770000457763672,29.729999542236328,1148300
30-03-2026,29.63999938964844,30.940000534057617,29.200000762939453,30.88999938964844,940000
31-03-2026,31.84000015258789,33.18000030517578,31.40999984741211,32.65999984741211,879400
01-04-2026,32.939998626708984,33.75,32.709999084472656,32.84000015258789,1165700
02-04-2026,32.54999923706055,33.7400016784668,31.709999084472656,33.650001525878906,791800
06-04-2026,33.63999938964844,34.650001525878906,33.52000045776367,34.47999954223633,647100
07-04-2026,34.369998931884766,34.650001525878906,33.97999954223633,34.15999984741211,767300
08-04-2026,35.869998931884766,36.45000076293945,34.7400016784668,35.2400016784668,1066800
09-04-2026,34.77000045776367,37.2400016784668,34.7400016784668,37.16999816894531,1262500
10-04-2026,36.90999984741211,38.09000015258789,36.810001373291016,37.33000183105469,1035900
13-04-2026,36.709999084472656,37.15999984741211,35.810001373291016,36.59999847412109,969400
14-04-2026,36.52999877929688,38.09999847412109,36.369998931884766,37.70000076293945,981300
15-04-2026,37.220001220703125,37.5099983215332,36.61000061035156,36.66999816894531,747600
16-04-2026,36.47999954223633,37.43999862670898,35.20000076293945,35.939998626708984,1215400
17-04-2026,36.47999954223633,38.0,36.02000045776367,36.06999969482422,1240400
20-04-2026,35.20000076293945,36.0,34.61000061035156,35.459999084472656,1347600
21-04-2026,35.52000045776367,36.880001068115234,35.16999816894531,35.380001068115234,818700
22-04-2026,35.939998626708984,36.459999084472656,35.529998779296875,35.97999954223633,804500
23-04-2026,36.150001525878906,36.29999923706055,34.38999938964844,34.9900016784668,834000
24-04-2026,34.88999938964844,35.310001373291016,33.47999954223633,33.79999923706055,779000
27-04-2026,33.75,35.04999923706055,33.75,34.2599983215332,1360700
28-04-2026,34.36000061035156,34.810001373291016,33.63999938964844,34.36000061035156,1036500
29-04-2026,34.040000915527344,34.22999954223633,32.349998474121094,32.61000061035156,620700
30-04-2026,32.7599983215332,35.470001220703125,32.7599983215332,35.25,1217800
01-05-2026,35.630001068115234,35.970001220703125,35.220001220703125,35.27000045776367,666000
04-05-2026,34.529998779296875,35.560001373291016,33.810001373291016,33.849998474121094,616600
05-05-2026,34.15999984741211,34.86000061035156,33.72999954223633,34.22999954223633,644500
06-05-2026,35.029998779296875,35.849998474121094,34.970001220703125,35.7599983215332,989600
07-05-2026,36.220001220703125,37.34000015258789,36.220001220703125,37.060001373291016,1071900
08-05-2026,39.63999938964844,40.27000045776367,38.709999084472656,39.220001220703125,2195000
11-05-2026,39.810001373291016,41.41999816894531,35.79999923706055,36.52999877929688,2206700
12-05-2026,35.880001068115234,36.400001525878906,34.33000183105469,35.150001525878906,2011000
13-05-2026,34.66999816894531,37.150001525878906,34.650001525878906,35.86000061035156,1236400
14-05-2026,36.5,36.91999816894531,35.4900016784668,35.5,1213900
15-05-2026,35.38999938964844,37.06999969482422,34.75,36.130001068115234,1042400
18-05-2026,37.06999969482422,37.4900016784668,35.70000076293945,36.15999984741211,832600
19-05-2026,36.119998931884766,36.150001525878906,34.88999938964844,34.91999816894531,1653900
20-05-2026,34.790000915527344,35.52000045776367,33.56999969482422,34.68000030517578,938200
21-05-2026,34.15999984741211,36.13999938964844,33.34000015258789,36.119998931884766,607100
22-05-2026,36.40999984741211,37.75,36.27999877929688,36.77999877929688,474300
26-05-2026,36.15999984741211,37.52999877929688,36.09000015258789,37.400001525878906,1011300
27-05-2026,38.20000076293945,39.95000076293945,38.060001373291016,39.619998931884766,1809400
28-05-2026,39.040000915527344,40.11000061035156,38.70000076293945,39.11000061035156,1218900
29-05-2026,38.95000076293945,40.43999862670898,38.81999969482422,40.130001068115234,1102000
01-06-2026,40.36000061035156,42.0,39.84000015258789,41.29999923706055,971500
02-06-2026,40.720001220703125,41.040000915527344,39.90999984741211,40.220001220703125,712900
03-06-2026,39.619998931884766,39.63999938964844,38.150001525878906,39.06999969482422,548100
04-06-2026,39.84000015258789,40.810001373291016,39.540000915527344,40.77999877929688,742000
05-06-2026,40.9900016784668,41.68000030517578,39.52000045776367,40.77000045776367,641700
08-06-2026,40.75,43.31999969482422,40.66999816894531,42.040000915527344,1027900
09-06-2026,41.93999862670898,44.58000183105469,41.77999877929688,44.5099983215332,1124300
10-06-2026,44.63999938964844,46.84999847412109,43.90999984741211,44.08000183105469,1086800
11-06-2026,44.65999984741211,46.59999847412109,44.58000183105469,46.43999862670898,1044600
12-06-2026,46.29999923706055,46.459999084472656,44.90999984741211,45.150001525878906,717200
15-06-2026,45.459999084472656,46.63999938964844,45.11000061035156,46.2599983215332,853600
16-06-2026,46.2400016784668,47.060001373291016,45.470001220703125,45.9900016784668,1309500
17-06-2026,45.81999969482422,47.209999084472656,45.65999984741211,45.880001068115234,828100
18-06-2026,46.380001068115234,48.5099983215332,46.380001068115234,46.63999938964844,1884000
22-06-2026,45.93999862670898,46.75,45.65999984741211,46.040000915527344,1121600
23-06-2026,45.68000030517578,46.70000076293945,44.810001373291016,46.27000045776367,866600
24-06-2026,46.5,48.119998931884766,46.22999954223633,46.869998931884766,703500
25-06-2026,46.970001220703125,48.27999877929688,45.720001220703125,46.400001525878906,458200
26-06-2026,46.040000915527344,47.150001525878906,45.9900016784668,47.119998931884766,1581500
29-06-2026,46.77000045776367,47.59000015258789,46.380001068115234,46.66999816894531,1091500
30-06-2026,47.06999969482422,48.04999923706055,46.2400016784668,47.7400016784668,540500
01-07-2026,47.84999847412109,48.900001525878906,46.79999923706055,47.119998931884766,888800
02-07-2026,47.56999969482422,48.52999877929688,47.56999969482422,48.43999862670898,517500
06-07-2026,49.11000061035156,49.18999862670898,46.18999862670898,47.18999862670898,638100
07-07-2026,46.720001220703125,47.83000183105469,46.720001220703125,47.36000061035156,463000
08-07-2026,46.52000045776367,47.16999816894531,45.060001373291016,45.56999969482422,507200
09-07-2026,45.27999877929688,46.97999954223633,45.02000045776367,45.650001525878906,672400
10-07-2026,47.47999954223633,47.900001525878906,46.59999847412109,46.869998931884766,582500
13-07-2026,46.7599983215332,47.90999984741211,46.459999084472656,46.79999923706055,429100
14-07-2026,47.369998931884766,47.5099983215332,46.310001373291016,46.880001068115234,397700
15-07-2026,47.5,48.619998931884766,47.0,47.400001525878906,488100
16-07-2026,47.93999862670898,48.59000015258789,46.45000076293945,47.08000183105469,440300
17-07-2026,46.59999847412109,47.790000915527344,44.77999877929688,45.11000061035156,449200
20-07-2026,45.31999969482422,46.0,44.43999862670898,44.58000183105469,614200
21-07-2026,45.0099983215332,45.88999938964844,44.2400016784668,45.88999938964844,477000
22-07-2026,46.0099983215332,46.38999938964844,44.650001525878906,45.27000045776367,501700
23-07-2026,44.04999923706055,44.45000076293945,43.15999984741211,44.11000061035156,752000
24-07-2026,44.33000183105469,45.59000015258789,43.970001220703125,44.83000183105469,488200
27-07-2026,45.41999816894531,46.09000015258789,43.58000183105469,45.060001373291016,1286600
28-07-2026,46.0099983215332,46.97999954223633,45.27000045776367,46.97999954223633,629100
29-07-2026,46.5,47.52000045776367,45.560001373291016,46.560001373291016,613700
30-07-2026,46.2400016784668,47.0099983215332,44.900001525878906,45.540000915527344,807300
31-07-2026,45.41999816894531,46.61000061035156,43.709999084472656,44.630001068115234,1273800
03-08-2026,45.11000061035156,46.25,44.619998931884766,45.5099983215332,1218800
04-08-2026,50.0,50.0,44.08000183105469,46.16999816894531,1345300
05-08-2026,46.06999969482422,46.2400016784668,43.45000076293945,46.060001373291016,936600
06-08-2026,45.54999923706055,45.54999923706055,43.720001220703125,44.2599983215332,586000
07-08-2026,43.70000076293945,45.400001525878906,43.70000076293945,45.02999877929688,473600
10-08-2026,44.619998931884766,45.4900016784668,43.56999969482422,44.02000045776367,482200
11-08-2026,43.36000061035156,44.68000030517578,43.0,44.13999938964844,501700
12-08-2026,44.02999877929688,44.68999862670898,43.59000015258789,44.2599983215332,533600
13-08-2026,44.650001525878906,45.86000061035156,44.43999862670898,45.04999923706055,409600
14-08-2026,44.9900016784668,45.40999984741211,44.560001373291016,44.93000030517578,393200
17-08-2026,44.2400016784668,44.81999969482422,43.84999847412109,44.45000076293945,466400
18-08-2026,44.880001068115234,45.790000915527344,44.43999862670898,45.02999877929688,489400
19-08-2026,45.58000183105469,46.459999084472656,45.09999847412109,45.29999923706055,576400
20-08-2026,44.619998931884766,45.290000915527344,44.560001373291016,44.810001373291016,388900
21-08-2026,45.36000061035156,45.970001220703125,45.040000915527344,45.33000183105469,416000
24-08-2026,45.54999923706055,46.43000030517578,44.09999847412109,44.77000045776367,638700
25-08-2026,44.91999816894531,45.34999847412109,43.66999816894531,43.720001220703125,472900
26-08-2026,43.83000183105469,44.13999938964844,43.09999847412109,43.130001068115234,472100
27-08-2026,42.63999938964844,43.79999923706055,42.20000076293945,42.4900016784668,643400
28-08-2026,42.77000045776367,43.18999862670898,42.290000915527344,42.4900016784668,369300
31-08-2026,41.84999847412109,42.0,39.97999954223633,40.0099983215332,599200
01-09-2026,39.36000061035156,40.040000915527344,38.400001525878906,38.720001220703125,674100
02-09-2026,39.11000061035156,41.06999969482422,39.11000061035156,40.86000061035156,642200
03-09-2026,41.04999923706055,41.77999877929688,39.869998931884766,40.61000061035156,640100
04-09-2026,39.970001220703125,40.650001525878906,39.7400016784668,40.45000076293945,588400
08-09-2026,39.97999954223633,41.650001525878906,39.79999923706055,40.90999984741211,636700
09-09-2026,40.540000915527344,40.540000915527344,38.59000015258789,38.81999969482422,883500
10-09-2026,37.84000015258789,39.09000015258789,37.84000015258789,37.90999984741211,629000
11-09-2026,38.459999084472656,38.459999084472656,36.470001220703125,36.5,670200
14-09-2026,36.36000061035156,37.06999969482422,36.209999084472656,36.720001220703125,522200
15-09-2026,36.33000183105469,36.56999969482422,35.31999969482422,36.02000045776367,602100
16-09-2026,35.779998779296875,37.18000030517578,35.61000061035156,36.130001068115234,1069700
17-09-2026,36.71,37.02,35.62,35.7,786000
18-09-2026,35.41,35.55,33.69,34.19,2213100
21-09-2026,34.76,34.89,33.92,34.01,767000
22-09-2026,35.02,35.66,33.23,33.6,724300
23-09-2026,32.71,33.54,32.3,32.81,583100
24-09-2026,32.32,32.95,32.16,32.67,499600
25-09-2026,32.77,33.4,32.19,33.25,486700
28-09-2026,32.94,34.59,31.62,32.04,855700
29-09-2026,32.44,32.67,31.75,32.18,544900
30-09-2026,32.39,32.62,32.0075,32.49,41013
