Date,Open,High,Low,Close,Volume
30-09-2021,104.36067971370366,104.5684645766152,101.99377805839026,102.02991485595705,83100
01-10-2021,102.23770814636472,104.3968321546915,100.95488265627084,103.7012176513672,103500
04-10-2021,103.66505841509928,104.8665810077657,102.99654493558104,103.9360809326172,53000
05-10-2021,103.82766703695177,105.9867905050456,103.66505491041636,105.21890258789062,80900
06-10-2021,104.36971930461128,105.62544377153807,103.61989623662198,105.5983428955078,49100
07-10-2021,106.12232172078008,107.87491864839237,106.12232172078008,107.08895874023438,62400
08-10-2021,107.16123436651084,107.5767972442564,106.44754804634236,107.22447204589844,21400
11-10-2021,107.28769591241618,108.04654796736791,106.84502532130507,107.24252319335938,43100
12-10-2021,107.18831140827945,108.2452867683065,107.18831140827945,108.02847290039062,45000
13-10-2021,107.983313843558,107.983313843558,106.24878889606684,106.80889892578124,43000
14-10-2021,107.69422764447268,109.39261581438711,107.69422764447268,108.99512481689452,74600
15-10-2021,110.55797261277532,110.55797261277532,107.97425079345705,107.97425079345705,87400
18-10-2021,107.81167407780964,108.22724384009317,106.89924570565624,107.08895874023438,73100
19-10-2021,107.98331284509464,107.99234876759714,106.19458616340548,107.18832397460938,87700
20-10-2021,109.28418805957097,113.35851984952984,107.24250420424688,110.8380355834961,170000
21-10-2021,111.12714694081598,112.26542506677448,109.01318904959828,109.72687530517578,83400
22-10-2021,109.80818991455732,110.43153075746277,108.78734427357932,108.88671875,55500
25-10-2021,109.48295123236726,109.60942656895166,108.49824252051567,108.5072784423828,53900
26-10-2021,108.3175793280217,110.20568058943728,107.82974287046991,109.85335540771484,79000
27-10-2021,109.31131001589254,110.0701620828626,107.44127383098564,107.45030975341795,53100
28-10-2021,107.36897573327586,109.35645777906493,107.09796015365993,108.51629638671876,45800
29-10-2021,108.75118095279556,109.51003977927472,107.93812727838036,108.42595672607422,87200
01-11-2021,108.66086699331603,110.61221279490864,107.98331751649468,109.95272827148438,74700
02-11-2021,110.250838912712,111.50656324610472,109.06738816930752,110.91031646728516,52000
03-11-2021,110.44958650101071,112.78035116459094,110.44958650101071,112.21121215820312,66600
04-11-2021,112.61774876530696,112.92490118819212,110.5489637484526,112.50933837890624,110900
05-11-2021,113.57535460973698,116.3036241995975,112.04860767440184,116.00550079345705,66600
08-11-2021,116.85470980948917,116.85470980948917,115.15631464400562,115.92420959472656,40400
09-11-2021,116.1410083663998,116.3939590601339,114.334209819854,115.0749969482422,80300
10-11-2021,115.45442721074048,115.64413333426364,113.83734172189888,114.65943145751952,57700
11-11-2021,114.76784361097016,115.59896928174297,114.18063270943242,114.44261932373048,42600
12-11-2021,115.17434619534843,115.17434619534843,112.83454589835848,114.04509735107422,36600
15-11-2021,114.64135478847103,114.64135478847103,111.79564605584454,112.10279846191406,91600
16-11-2021,112.10278946563707,112.56352493015584,110.9825765269447,111.11808776855467,53600
17-11-2021,110.59414155798171,110.9284017829808,109.4919933001689,110.23278045654295,88100
18-11-2021,110.0792015857641,110.1785760585838,108.93188752555882,109.81721496582033,70300
19-11-2021,109.16676151225668,110.64834261579858,109.04028616928431,109.2209701538086,58300
22-11-2021,109.4287449333952,112.04860404738444,109.4016440596032,111.16327667236328,44000
23-11-2021,111.63304157262188,111.66014244649618,110.52185749705224,111.09100341796876,43600
24-11-2021,111.1994326512773,111.63306741080076,110.01598160225537,110.18762969970705,28600
26-11-2021,108.44403909028328,109.08545168511324,106.05906579116755,106.86309051513672,46600
29-11-2021,107.95477942844082,108.453055969924,105.82575641095336,105.9525909423828,51400
30-11-2021,105.04662964034203,105.04662964034203,102.02071012726856,102.1113052368164,102200
01-12-2021,103.96854339212408,105.80765120183592,101.58585106300062,101.89388275146484,64000
02-12-2021,102.07506426786024,104.69330229241494,102.07506426786024,104.14066314697266,60700
03-12-2021,104.80202288784956,105.56303010774135,103.5336706093994,105.4724349975586,234600
06-12-2021,107.13943487686996,110.75423369779116,106.7951637145197,110.50056457519533,74800
07-12-2021,111.66923625539071,111.66923625539071,108.89697894273452,109.03287506103516,53900
08-12-2021,109.22313229614888,109.74859362667442,108.317167345021,108.87886810302734,52500
09-12-2021,107.9094890552846,109.0238221072432,107.3296720224682,107.3930892944336,55800
10-12-2021,108.0363389964644,109.85733079666076,107.51087757559738,108.07257843017578,58500
13-12-2021,108.06350940779136,108.71580534578042,105.89825350427844,108.10881042480467,101400
14-12-2021,107.9819708932081,109.639881595203,107.9819708932081,108.4802474975586,79400
15-12-2021,108.71578227720283,110.9444549844499,107.80075584102,110.6454849243164,132300
16-12-2021,111.297791212869,113.27279505351255,110.36464843296216,110.9082260131836,76800
17-12-2021,110.5639577626512,110.85386625558128,107.06693267870251,108.35340118408205,530800
20-12-2021,106.96728959306492,107.33873856886258,103.370607359158,105.3093719482422,93300
21-12-2021,106.2424998472139,107.55615308783705,105.23688517606598,107.31153869628906,74100
22-12-2021,107.1847001945852,108.53459281032951,106.58676698221132,108.36245727539062,52100
23-12-2021,108.98757746953969,109.13252825564086,107.93665489446126,108.51647186279295,43200
27-12-2021,108.89697600514668,109.9388370013948,108.19032450340237,109.76670837402344,35400
28-12-2021,109.92071202511949,111.26153607284144,109.8210553430906,110.83573150634766,34500
29-12-2021,110.65454785027433,112.31246520898108,110.65454785027433,112.29434204101562,40400
30-12-2021,112.28531469865418,112.77453667334484,111.56053986682392,111.814208984375,34700
31-12-2021,111.94102142345749,112.91040359509933,111.06223435990142,112.60237884521484,37400
03-01-2022,112.5661446452756,113.22750209773533,111.4336884617215,112.4121322631836,40800
04-01-2022,112.47554881977656,113.79825680434476,112.47554881977656,113.44493103027344,63200
05-01-2022,113.29996155601704,114.36900035197468,110.89916024099472,111.03504943847656,95200
06-01-2022,111.61487553392628,111.61487553392628,110.13815520058633,110.79045104980467,64700
07-01-2022,110.56396365627586,111.63300257693396,110.419005946102,111.37933349609376,55300
10-01-2022,111.31591852032987,111.31591852032987,109.63082312062772,110.24687957763672,50300
11-01-2022,110.62739349508608,110.72705020416178,109.25032273983877,110.61833190917967,36900
12-01-2022,110.66361592899622,111.29778860573852,109.45868093122208,110.03849792480467,55000
13-01-2022,110.69080533393054,111.94103456095549,110.32841794709351,110.7723388671875,30900
14-01-2022,109.94790947821376,110.82669660635528,109.8935537917602,110.24687957763672,61800
18-01-2022,109.11443060768848,109.26844300417478,107.51993021686916,108.20846557617188,81000
19-01-2022,108.26281509440751,109.39527131924444,106.6683147944872,106.78609466552734,58000
20-01-2022,107.48366877228236,107.90947335579985,103.59707875365866,103.6423797607422,46700
21-01-2022,103.76923300103653,106.22439734695467,102.87232957712445,102.98104095458984,77800
24-01-2022,102.754540692593,105.47243548235136,101.8213979206902,105.046630859375,80200
25-01-2022,103.76017180668336,103.98666305987597,101.12381721374292,103.05352020263672,62000
26-01-2022,103.74204089123752,105.16440548385984,100.05476408667104,100.87918853759766,73300
27-01-2022,101.50431453618054,103.09881479466394,99.2212789755396,99.77391815185548,64600
28-01-2022,99.38435205345635,99.8282798546916,96.16818063450204,98.6958236694336,68700
31-01-2022,97.9076163855202,99.89168152406044,96.82951605369782,99.80108642578124,226700
01-02-2022,99.36621409537106,100.25406259198208,98.29717541347414,99.81013488769533,65200
02-02-2022,99.0944506221504,99.1035122076294,97.95293968251713,98.5871124267578,60900
03-02-2022,98.42404278064124,99.62897795970504,97.12851247869278,97.42748260498048,43400
04-02-2022,96.55775259213388,97.1738090764809,95.12632621497984,95.40717315673828,54800
07-02-2022,95.4071580929693,97.418401207018,94.26564733523632,97.2281494140625,87800
08-02-2022,96.92918568816695,99.45682866611756,96.92918568816695,99.18504333496094,69300
09-02-2022,100.05474921711084,100.10910489029116,97.59958557367136,98.0616226196289,59600
10-02-2022,96.95637506684275,98.42404091279472,96.35844173757953,96.8114242553711,57100
11-02-2022,97.2553346652784,98.6233436563524,96.88389263509772,97.83515167236328,69100
14-02-2022,98.42404481748528,98.79549381455358,96.95637891330789,98.07978057861328,71300
15-02-2022,98.61428019821334,100.81577523115374,98.61428019821334,100.32655334472656,42500
16-02-2022,100.788591614208,101.4861815216447,99.94604401007813,100.7976531982422,41000
17-02-2022,100.25410105468674,102.00260705820526,98.04354400390848,99.7014617919922,82600
18-02-2022,98.63239989239354,99.13973801808966,96.66645083139392,97.23721313476562,84100
22-02-2022,96.48526947833209,97.46371330656122,95.05384316428916,95.13538360595705,86600
23-02-2022,95.60647503261242,95.88732194049356,93.95761918692554,94.175048828125,73700
24-02-2022,93.0969698910099,94.3018981468796,91.58400301388056,93.81268310546876,129800
25-02-2022,94.22036101162573,95.57024694076914,93.2147392978714,95.37093353271484,70300
28-02-2022,93.9032764777217,94.99949333150204,92.80705962394136,93.8760986328125,90600
01-03-2022,94.1660022036024,94.70957980903968,91.593058066985,92.42654418945312,124200
02-03-2022,93.10601285926712,95.01759941543644,93.10601285926712,94.32907104492188,91100
03-03-2022,95.20613652103884,96.19682234588512,93.18840153970103,94.20635986328124,56500
04-03-2022,93.233874769366,93.77011617801672,92.52494215861216,93.3520278930664,55500
07-03-2022,93.41561392787048,93.41561392787048,90.70712848618192,90.78892517089844,116500
08-03-2022,91.43426674643342,91.43426674643342,88.48946720938388,88.4985580444336,81800
09-03-2022,89.78916022178889,91.06160642234492,89.1438497555247,90.4980926513672,119000
10-03-2022,89.27109743068925,89.88914235780996,88.4803613383472,89.06204986572266,91400
11-03-2022,89.08931431827367,89.61647170657848,87.05340449791007,87.13520812988281,96100
14-03-2022,87.85324333586512,90.5799112442268,87.21701666334901,89.76190948486328,92900
15-03-2022,90.42537699550046,90.58897731517392,88.41673286378796,89.10749053955078,113300
16-03-2022,89.9436828754598,91.27975123484408,89.64374774697048,91.27066040039062,95200
17-03-2022,90.37086658397445,91.94324817986524,89.89824718228043,91.1979522705078,70700
18-03-2022,91.47062774905147,91.506984156802,89.90733688715753,91.3433837890625,259000
21-03-2022,91.29791353046583,92.64307254103052,90.87982534814446,91.8614273071289,85500
22-03-2022,92.65216554581966,93.152050435969,91.025253075929,91.65238189697266,106100
23-03-2022,91.23429224850196,91.87960272610056,89.98911852544482,90.07091522216797,56800
24-03-2022,90.53443034987126,91.0343220542832,89.78005084476685,91.00704956054688,57100
25-03-2022,91.05252728046706,92.09775132707009,90.53446067431076,91.69783782958984,51800
28-03-2022,91.12523024915244,91.1524958148055,89.50740863384625,89.83460235595703,52400
29-03-2022,90.67077829083256,93.11568524733336,90.67077829083256,92.7066879272461,94300
30-03-2022,93.29747413179156,93.29747413179156,90.4072063110314,90.8252944946289,60700
31-03-2022,90.45264536577952,91.20702502624718,89.69827263958582,89.80733489990234,96800
01-04-2022,90.57082577690916,92.37951365504318,90.15273750496378,92.30680084228516,179500
04-04-2022,92.39768085004818,92.80667822275508,90.043654179294,92.58854675292967,71400
05-04-2022,92.67034058674638,92.79758451806408,90.57989961918832,90.61624908447266,69600
06-04-2022,90.17999213427008,90.86165906904723,88.98025860643325,89.96186065673828,67500
07-04-2022,90.42538218726942,91.03434320529584,88.87118252827405,90.46173858642578,93300
08-04-2022,90.61625711059824,91.27974932632854,89.45287995877915,89.58012390136719,55900
11-04-2022,89.56194718679731,90.63443677509306,89.23474650329862,89.27110290527344,54700
12-04-2022,89.81642617565824,90.9525376213806,89.27109406856627,89.74371337890625,60700
13-04-2022,89.88005851421595,91.31610521159946,89.46197028604253,91.02526092529295,52000
14-04-2022,91.41608461220692,91.4706157495412,90.18908548226158,90.489013671875,60400
18-04-2022,90.11636674513072,90.67987361856306,88.5712509243637,89.26200866699219,48500
19-04-2022,89.08930380868831,91.89777464769432,88.8893540375878,91.3615264892578,64300
20-04-2022,91.8886953473981,93.48834225687108,91.81598254826883,92.7975845336914,49800
21-04-2022,92.9339194245966,93.43381125144592,91.17976301529929,91.58876037597656,64000
22-04-2022,91.27066707324644,91.27066707324644,88.75304661902193,88.8893814086914,63500
25-04-2022,88.7803033099079,89.50741749256568,86.59896769620929,89.36199188232422,88600
26-04-2022,90.88892704899892,91.70692877929488,89.28019609131258,90.89801788330078,109200
27-04-2022,90.95254403253004,94.30634747567628,90.95254403253004,93.77919006347656,124200
28-04-2022,94.20637179290615,95.31521778319456,92.06139261628014,95.16979217529295,103800
29-04-2022,94.78807313271136,95.60607495173196,92.48858413844135,92.80669403076172,241300
02-05-2022,92.73395012161272,94.98799805217074,92.17952723764446,93.90641784667967,118900
03-05-2022,93.47016964371946,94.95166359881443,92.8703063284841,94.2699966430664,74900
04-05-2022,94.688089502875,96.11504545591328,93.31566468999254,95.86055755615234,54000
05-05-2022,94.52448473481329,95.6515054958237,92.54310583511638,93.7519302368164,91800
06-05-2022,93.9246177358192,94.1427561623605,92.06139881546926,93.5883331298828,79900
09-05-2022,92.65217165100444,95.96961184055684,91.97050471874992,95.12435150146484,79700
10-05-2022,96.24227315315568,96.24227315315568,91.99776241568269,93.00662994384766,75200
11-05-2022,93.97913200269332,96.15137634323052,93.97004117032157,94.51537322998048,69500
12-05-2022,94.9970992119478,95.66059140053348,93.31565552430402,95.42427825927734,62800
13-05-2022,95.65151236048752,97.61471666663358,94.50631678284438,96.10595703125,60500
16-05-2022,96.11503556334628,96.56948017593892,94.2518098780066,96.17865753173828,116800
17-05-2022,97.98735560906523,98.66902260072672,97.59653292314164,98.4327163696289,76400
18-05-2022,98.58720612261077,99.50518609558254,97.71467338034728,98.37815856933594,134000
19-05-2022,97.06937382384432,99.06892738262788,96.56948196701111,97.69650268554688,96400
20-05-2022,98.43269567341912,99.01438416259056,95.26975844605992,97.01482391357422,78500
23-05-2022,98.32363738456073,98.32363738456073,96.6876339934268,97.26023864746094,67000
24-05-2022,96.23319571350788,98.00553399297353,94.3154387531862,97.04210662841795,54100
25-05-2022,96.08777504310548,97.96917556068904,96.08777504310548,97.42384338378906,46400
26-05-2022,98.55085962130973,101.04121417332524,98.49632848640285,99.83238983154295,59100
27-05-2022,101.04947071603624,102.96398273581116,101.04947071603624,101.97937774658205,57500
31-05-2022,100.88537989699148,102.35316182488016,99.70020641602636,102.2072982788086,110600
01-06-2022,101.8335038162715,101.8335038162715,99.59079716451798,100.36571502685548,72700
02-06-2022,100.32925832313184,102.79076385498048,100.32925832313184,102.79076385498048,36800
03-06-2022,101.54176043492056,101.9337786523008,100.72126333595064,101.3958969116211,45100
06-06-2022,102.1070114650918,102.9913322308372,101.43237780116269,102.34404754638672,71500
07-06-2022,101.31383004426938,101.88818628652476,100.80329734491912,101.58733367919922,45000
08-06-2022,100.71217320426058,100.94920932165144,99.22614684174036,99.73668670654295,49800
09-06-2022,99.390246119439,99.82785071724489,98.34183133383183,98.60621643066406,59700
10-06-2022,97.78569798974124,97.78569798974124,95.79825768381328,95.8711929321289,58600
13-06-2022,93.98404294770762,94.5948670428021,92.36127170255222,92.82622528076172,62500
14-06-2022,92.6073990486054,92.6073990486054,90.3920416564691,91.5863265991211,64000
15-06-2022,92.68035080766712,93.11794839582345,90.82965535889788,91.45870971679688,79000
16-06-2022,89.83596699759015,89.83596699759015,87.27417639893227,87.60237121582031,105600
17-06-2022,88.07642796774364,88.45932764935002,86.63598788304624,87.31974029541016,138800
21-06-2022,88.26785977788059,89.16129914127993,86.99152081109061,88.31344604492188,70600
22-06-2022,87.52941978567088,89.57155819806971,87.07358488389954,89.07013702392578,83400
23-06-2022,88.89691739183458,89.63536764797647,88.05817595338435,89.43479919433594,55400
24-06-2022,90.06385722688451,93.1088309137591,90.06385722688451,93.08148193359376,200200
27-06-2022,93.76523597017172,94.0022720617428,92.58918111318896,92.70770263671876,73100
28-06-2022,93.51907780518744,94.43985917759532,91.47693270614302,91.74131774902344,65800
29-06-2022,91.81423947509928,91.81423947509928,90.00913766256265,91.20342254638672,60900
30-06-2022,90.40118340386576,92.46155220538762,90.2917805206257,92.39773559570312,93500
01-07-2022,91.70485868797628,93.5829031410886,91.10316025753364,93.32763671875,90300
05-07-2022,91.70484290317133,92.43418137473334,89.54419037493284,92.27008056640624,116700
06-07-2022,91.84160373889642,92.57094228195264,89.37097968363803,91.8142547607422,78200
07-07-2022,91.91454240353924,92.42507522937784,90.06385395438629,90.41028594970705,155500
08-07-2022,90.82965393612464,90.82965393612464,89.19776426248404,89.7538833618164,72200
11-07-2022,89.62624244591427,90.24617809568026,88.55047196412879,90.16413116455078,72400
12-07-2022,89.94533239271794,91.26725062337944,89.76299428661763,90.16413116455078,51800
13-07-2022,89.65359768059656,90.40117353455582,88.80575151113042,90.0091552734375,38900
14-07-2022,88.66900808863821,90.70202787950588,87.86673420052078,90.49234771728516,87900
15-07-2022,91.8325064012263,92.08777284454212,90.26443315744172,91.33108520507812,68200
18-07-2022,91.6136766317808,92.41595033545492,90.36469372481244,90.8478775024414,56400
19-07-2022,91.89631831476784,94.22107212369752,91.89631831476784,93.92021942138672,64600
20-07-2022,94.20285295374484,94.93218470445724,93.30029473983504,94.5128173828125,78800
21-07-2022,93.20913535938908,95.20569481032354,93.20913535938908,95.05071258544922,66100
22-07-2022,95.34242044434934,95.80736699095212,93.500843725356,94.98686981201172,68500
25-07-2022,95.81649530126006,96.6461181640625,94.8683578675524,96.6461181640625,61200
26-07-2022,96.37261092876516,97.32986697320244,95.7982614753958,96.500244140625,82800
27-07-2022,99.17142166494432,101.79703466214596,97.10193465636026,101.43236541748048,112300
28-07-2022,101.59648395358607,104.83290754531264,101.59648395358607,104.75997924804688,98900
29-07-2022,104.4864629147494,105.91778403869854,101.85173808757864,102.29845428466795,338800
01-08-2022,101.45061278394527,103.01868593045516,100.74863010837392,101.70587921142578,87000
02-08-2022,101.07682368932028,101.55088888015824,99.31730086318234,99.42669677734376,64700
03-08-2022,99.67285283625728,99.67285283625728,98.3691648495522,98.5241470336914,83400
04-08-2022,98.46034220563692,99.21702983820128,98.24154339271684,98.62444305419922,50100
05-08-2022,97.63984079472615,99.49052950105634,97.49397723371185,99.01646423339844,48700
08-08-2022,99.426696680613,100.13779794392204,98.4785593443716,98.97998046875,71200
09-08-2022,98.94351500895314,98.94351500895314,97.17487350118871,97.86774444580078,67700
10-08-2022,99.42668090431698,100.54803753386734,99.42668090431698,100.08308410644533,77700
11-08-2022,100.7303762656875,101.7423301194084,100.41129328376816,100.49334716796876,44100
12-08-2022,101.78794988961458,103.08251953125,100.63012517418107,103.08251953125,45200
15-08-2022,102.0249734118588,104.44089288271076,101.66030409091304,104.24944305419922,62700
16-08-2022,104.64144608470016,106.41008751208808,104.231197505692,106.16393280029295,58100
17-08-2022,105.0608190503232,105.0608190503232,103.47451564784014,104.58675384521484,46300
18-08-2022,104.70528783291238,105.02437091049887,103.67510333799322,104.6870574951172,45000
19-08-2022,104.53206198325228,105.0972928043688,103.01868678564284,103.04603576660156,91300
22-08-2022,102.03406263406085,103.4015670698638,100.42041046022771,100.7030258178711,41400
23-08-2022,100.356610775232,101.29562953316685,100.046639434032,100.52982330322266,39400
24-08-2022,100.72127695525396,101.5691301002566,99.8096072060248,100.1013412475586,39800
25-08-2022,100.28366015955416,102.790751663543,100.28366015955416,102.16169738769533,53200
26-08-2022,101.86086424389002,102.02496507713528,98.2141852433181,98.38739776611328,82100
29-08-2022,98.059196394953,98.14125028956684,96.83756226471648,97.61248016357422,69700
30-08-2022,97.17808821636262,97.17808821636262,95.22099198740148,96.61107635498048,59100
31-08-2022,96.58363710754438,96.58363710754438,95.1752582730498,95.32158660888672,55000
01-09-2022,94.99234871617016,95.92516737647078,92.9620885396892,93.97721862792967,63500
02-09-2022,94.40704127580064,94.99234057668428,92.44993845290588,93.25473022460938,51700
06-09-2022,92.87976819528404,92.87976819528404,89.66062207362758,90.3831024169922,76200
07-09-2022,90.41055175350476,93.48337703368374,90.41055175350476,93.20901489257812,85500
08-09-2022,92.16643782983904,92.26703680322672,91.3799405709814,91.91951751708984,55600
09-09-2022,92.76089157624666,93.5931112654067,92.08414050258747,92.96208953857422,53500
12-09-2022,94.1601277756621,95.11124102317213,93.40106523524751,94.95577239990234,66000
13-09-2022,93.26387652659795,93.26387652659795,90.13617513419622,90.3831024169922,79600
14-09-2022,90.0813037202715,90.09045098394286,87.93215726047987,88.54489135742188,90700
15-09-2022,87.86815137337321,89.33139976473406,87.59378924741611,88.69123077392578,98100
16-09-2022,87.99617767333984,88.45344319275873,86.67010348063422,87.99617767333984,194800
19-09-2022,87.1731061789477,90.584310330467,87.1731061789477,90.5019989013672,53300
20-09-2022,89.39541578278936,89.39541578278936,87.81327389635764,89.01131439208984,57300
21-09-2022,89.2490797848417,91.44395565024575,88.30711394119646,88.6546401977539,57500
22-09-2022,88.91985503348322,88.98387192643042,87.8772832411289,88.6546401977539,51500
23-09-2022,87.15481088160377,87.93216086994995,86.57865186106115,87.65779876708984,63400
26-09-2022,87.79498748697438,88.96558620376304,86.8896036321642,86.94447326660156,71900
27-09-2022,87.81326829068799,88.01446623792076,85.97506590511918,86.28600311279297,91500
28-09-2022,86.85302685909022,88.89242747328527,86.46892543991257,87.91387939453125,70200
29-09-2022,86.9993425096195,87.44746777990424,85.42635485183598,87.2919921875,64100
30-09-2022,87.83158032478697,88.31628076118947,85.66413879394531,85.66413879394531,138300
03-10-2022,86.82558429075996,88.89241953937966,86.13968597031007,88.23396301269531,77300
04-10-2022,89.30396270406827,90.6940468966091,89.30396270406827,89.66062927246094,65900
05-10-2022,88.38029513116727,89.58747604319562,88.38029513116727,88.74610900878906,62700
06-10-2022,88.19736440960472,89.1118953322184,87.20052207575084,87.49317169189453,64200
07-10-2022,87.08166224768858,87.08166224768858,84.30148655387586,84.80448150634766,67000
10-10-2022,85.1428494127346,86.99020625915851,84.61241966654802,86.03909301757812,47900
11-10-2022,85.42636483917498,86.75243232081532,85.01482160267592,85.62755584716797,73500
12-10-2022,84.95079494200354,85.9750723053854,84.38378313734808,85.17028045654297,53100
13-10-2022,83.93566326006965,87.80413288393972,83.807629464227,87.56635284423828,65800
14-10-2022,87.92300591640742,88.37112413305756,86.03907437197343,86.6060791015625,55900
17-10-2022,87.64865851767614,89.34968694598086,87.447467533771,88.3254165649414,77000
18-10-2022,90.41054138507272,90.91353626030904,89.42284616314593,89.88011169433594,55700
19-10-2022,93.28216833442072,94.6996942716064,90.40139409333526,93.0718231201172,88800
20-10-2022,92.40423260581684,93.15414790520984,86.90789818058275,87.25542449951172,113000
21-10-2022,87.82241641256448,89.84352921413817,87.15481264730076,89.15763092041016,76400
24-10-2022,89.88926030858048,89.98071202072826,88.5174636944086,89.58746337890625,61100
25-10-2022,89.88011609235939,92.4956756169365,89.88011609235939,91.50798034667967,58100
26-10-2022,92.35850023911983,93.2821786678132,91.16961391307836,92.11157989501952,58000
27-10-2022,92.62370153825724,94.8094301402669,92.44079812331036,92.54139709472656,57100
28-10-2022,93.41935358938456,95.41303167349687,92.35849416053648,95.01978302001952,53100
31-10-2022,94.2150017425465,95.82457861825104,94.2150017425465,95.51364135742188,149200
01-11-2022,96.0440742393318,96.85801351702015,95.04723846954244,95.65082550048828,74700
02-11-2022,96.02576785954824,98.52244089391677,93.63884107171113,93.7028579711914,81300
03-11-2022,92.45908316224308,94.55335999988868,92.36763145725394,93.50164794921876,55100
04-11-2022,94.92833444787996,96.40073013099509,94.47106888113164,95.88858795166016,46000
07-11-2022,96.97688793802509,97.99201811410788,95.80628913465873,97.22380828857422,51400
08-11-2022,98.21149754158618,99.27235700202928,97.15978534609692,97.99201202392578,56300
09-11-2022,97.62620176821412,97.77253010358407,95.21184005316232,95.68739318847656,49300
10-11-2022,98.97054430637456,101.05567383566265,98.01028398126245,99.39122772216795,83700
11-11-2022,100.29662894352504,101.30261180701896,98.64132980470944,99.8302230834961,72500
14-11-2022,99.05286259580522,100.2509030981642,97.48901523017685,99.68389129638672,50000
15-11-2022,100.62586725982622,101.512963644078,99.45526843507642,99.80278778076172,51000
16-11-2022,99.99481632632327,100.69900910457504,99.29977778905074,99.82106018066406,53800
17-11-2022,99.0071285397892,99.0071285397892,97.23293615761916,98.77849578857422,42600
18-11-2022,100.461256790804,101.03741594593222,98.14749383606674,99.32723999023438,64700
21-11-2022,98.613884474652,99.8210651776248,98.29380000365886,98.99798583984376,72300
22-11-2022,99.61071687393525,100.84533235361364,99.00713002984897,100.62584686279295,80000
23-11-2022,99.91252968739104,101.45808958760855,99.87594760354528,100.64415740966795,47800
25-11-2022,101.46723119702672,101.9702261348077,101.0648422241211,101.0648422241211,24900
28-11-2022,101.13798189500407,101.13798189500407,98.72362056654092,99.19918060302734,47400
29-11-2022,99.20376365993398,100.46090386822264,99.20376365993398,99.76351165771484,45000
30-11-2022,99.91952696520848,102.76414431173494,97.7631238315938,102.37874603271484,113300
01-12-2022,102.22274085566968,103.34223696805137,101.3968824940048,103.03024291992188,67800
02-12-2022,102.08510541022804,104.66361234929796,100.84632126160513,104.24150848388672,55100
05-12-2022,103.36977262319338,103.36977262319338,100.24068874905312,102.15851593017578,72000
06-12-2022,101.29593256118092,102.07590709318325,100.56183476584027,101.54369354248048,68600
07-12-2022,101.8556841936278,102.94765277796584,100.84630493963184,102.17684936523438,73200
08-12-2022,102.91095376804228,103.15870777316124,100.73619460829892,102.67237091064452,60600
09-12-2022,102.44296854409112,103.8010475316261,102.10344704698832,102.55308532714844,75600
12-12-2022,102.3603861818711,102.6723732324744,101.46111662265191,102.53472900390624,60500
13-12-2022,105.324308649278,105.4986585011304,102.20440262097895,102.43380737304688,109900
14-12-2022,102.2319234852175,103.1862409662179,100.04798605521738,101.06654357910156,70300
15-12-2022,99.96538826293842,99.96538826293842,96.91889431133008,97.20335388183594,77300
16-12-2022,95.99211650641855,97.63465522573192,95.88199971487109,96.54268646240234,601100
19-12-2022,96.78127118777662,98.97437990486254,96.50598270410082,98.58898162841795,80600
20-12-2022,98.61649493843971,99.33223649233209,98.30450090161108,98.49720001220705,84700
21-12-2022,99.2771784045907,100.52514050993724,98.4788475428118,100.0020980834961,65000
22-12-2022,99.69928123631334,99.69928123631334,97.03818539044283,98.3136749267578,61600
23-12-2022,98.07510101498671,99.8369345428737,97.78146326048495,99.52494049072266,45700
27-12-2022,99.37812856027251,99.7359993672049,98.4972082653412,98.89178466796876,61800
28-12-2022,99.2037737676187,99.84610415795626,96.86384291547608,97.02901458740234,54000
29-12-2022,97.76310677655412,98.54308134827669,97.6805174449566,98.20355987548828,46300
30-12-2022,97.79982168067616,98.139336184917,96.66196923152027,97.68970489501952,56400
03-01-2023,98.08428108391458,99.22212652977396,94.8634368692919,95.57000732421876,75000
04-01-2023,96.73538022898404,97.2676008572814,95.0653141546771,95.57918548583984,70000
05-01-2023,95.4323536457722,95.65258019394032,93.74393844169045,95.23965454101562,77400
06-01-2023,96.30409340962818,99.04777875200108,95.45070761768004,98.8459014892578,69300
09-01-2023,99.34142828572416,100.45174636168976,98.16687716407051,98.61650848388672,53800
10-01-2023,98.02923985697863,100.07552631497828,97.59795780504868,99.9103546142578,82700
11-01-2023,100.49762312637496,101.07572753854922,99.33225015414406,99.87364196777344,99100
12-01-2023,100.60774176312408,102.78250120888646,99.65341720889876,102.77332305908205,64700
13-01-2023,102.41545166097796,104.47091615056694,101.14914002916346,104.07633972167967,57600
17-01-2023,103.6909473558799,104.08552380726924,101.66301019902504,102.4796905517578,75400
18-01-2023,102.38792116534675,103.05777905901734,100.5893889153743,100.83714294433594,69600
19-01-2023,100.7912462143089,101.21335702552012,98.84589882762234,100.29573822021484,77800
20-01-2023,100.91973340007308,101.01149389325984,99.41483190812718,99.48824310302734,115000
23-01-2023,98.90096577692294,99.73600235200632,98.13016924688608,98.754150390625,53200
24-01-2023,98.26780879459766,99.08449609092747,97.0106753290166,98.60733032226562,38400
25-01-2023,97.85487612716176,99.0294271653079,96.3775091804971,99.00189971923828,59700
26-01-2023,99.49741777781844,99.87363788700834,98.2494555116062,99.7084732055664,60800
27-01-2023,99.60753209271432,100.3232736980282,97.97416460773664,98.5522689819336,78600
30-01-2023,98.36873745953312,99.57082290800624,97.87322944362192,98.32286071777344,60800
31-01-2023,99.31389973125933,100.791259765625,98.13017047315884,100.791259765625,130400
01-02-2023,100.95641776196044,104.14973428109664,100.48843721242932,102.8834228515625,78400
02-02-2023,102.65404033260172,105.05819763865132,102.1585252311338,105.0490264892578,84300
03-02-2023,104.50762177700156,105.03984244883118,103.7735238157968,104.5167999267578,106600
06-02-2023,103.75517389116546,104.43420995061292,102.85590424415912,103.6817626953125,55900
07-02-2023,102.72742702049872,103.32388067063869,101.42440993924758,103.03024291992188,57000
08-02-2023,102.06675773940276,102.94767108137664,100.99313825932744,101.16748809814452,39900
09-02-2023,101.36017994451257,102.01168850470684,98.42380234914724,99.00189971923828,54100
10-02-2023,98.98354179849008,100.43337417189616,97.99251182106627,99.91950988769533,63800
13-02-2023,99.80939579242596,101.919921875,99.54329249587298,101.919921875,49400
14-02-2023,100.96558787743952,101.80062428328182,100.31407941836906,100.7545394897461,44000
15-02-2023,99.7084668251385,100.5985512219727,99.2037736612173,100.47008514404295,80200
16-02-2023,98.46050213009288,98.91931153983074,93.26677625143996,95.47824096679688,174100
17-02-2023,96.16645488612296,98.10263115135508,94.52391636249176,98.03839111328124,96000
21-02-2023,98.28616680353416,98.28616680353416,94.64321843302923,95.95541381835938,121600
22-02-2023,96.18482092594104,97.31349534846925,95.37731874618756,95.83612823486328,123600
23-02-2023,96.21232536938489,96.8454845526407,94.5422595099769,95.8177490234375,80700
24-02-2023,94.43216136075831,96.07469297882884,93.96417377637368,96.03799438476562,83600
27-02-2023,96.84550176408705,97.24925632961444,95.81776605223398,96.13893127441406,88400
28-02-2023,95.891165426154,96.9189010113238,95.46906161462243,95.5149383544922,154900
01-03-2023,95.32225037843573,96.15728695158148,94.84509162297869,95.33142852783205,66500
02-03-2023,94.67301449870357,96.33055480668436,94.31388193623434,96.3121337890625,70300
03-03-2023,96.98435206928038,97.61053312886528,95.7043654516164,97.5829086303711,73300
06-03-2023,97.61974452909486,97.68420403469013,93.07072305389984,93.9915771484375,119800
07-03-2023,94.1389291659633,94.1389291659633,91.38557001420776,92.21434020996094,70400
08-03-2023,92.17748790354676,92.8405039357504,91.56972789106597,92.39849090576172,68500
09-03-2023,92.70237891480676,93.10755695979122,90.7041272394227,90.79621124267578,74400
10-03-2023,90.16082156167958,90.2160705553695,88.25464697267297,88.9913330078125,67300
13-03-2023,87.32460109700102,89.38731243449834,87.2048855606406,87.21409606933594,72800
14-03-2023,89.39650851823122,90.63044951303164,88.30990051098438,89.46096801757812,88000
15-03-2023,87.2417297337403,88.76114065232589,87.20489472064946,88.40200805664062,114500
16-03-2023,87.31538672318051,89.82011103490375,87.31538672318051,88.95450592041016,83400
17-03-2023,88.51250357846408,89.08342865608161,87.04834182417092,87.46273040771484,284300
20-03-2023,87.99680801202526,89.91218606213195,87.99680801202526,88.8900375366211,120700
21-03-2023,90.05032999739504,90.98959815819308,89.56227841208903,90.3357925415039,116900
22-03-2023,90.2437073330954,91.30269101813651,88.72429656982422,88.72429656982422,98700
23-03-2023,89.14788193704152,91.04484613412583,88.3006978629195,88.8255844116211,79900
24-03-2023,88.09811489307727,91.41318842979832,87.72977182776167,91.2934799194336,98800
27-03-2023,92.42614274802668,92.9602328686678,91.46845349380494,91.91967010498048,83900
28-03-2023,91.70784216123742,93.0062496122506,91.5512986747567,92.8589096069336,58100
29-03-2023,93.70611351313865,93.87186752920697,92.46296190540576,93.54035949707033,55400
30-03-2023,93.23648490528068,94.2033845960038,92.33404472556845,93.00627136230467,57500
31-03-2023,93.46668946919912,94.94926510558284,92.84050841143728,94.87559509277344,121100
03-04-2023,95.06897109957538,96.16478967814372,93.53114650692764,94.74667358398438,80200
04-04-2023,94.5164757239384,94.5164757239384,92.08542116716994,93.1628189086914,68800
05-04-2023,92.77606065372308,93.39303128161345,92.37088255752762,93.3101577758789,53100
06-04-2023,93.61403568717732,93.61403568717732,92.4629680067363,92.9141845703125,47800
10-04-2023,92.4445333571915,95.06896587647287,92.26956884738657,94.13890838623048,61100
11-04-2023,94.3507216848151,95.59387346545988,92.960229858034,93.1628189086914,113700
12-04-2023,93.74295815197728,94.3875532665002,92.13146334011022,92.1959228515625,61800
13-04-2023,92.32482831020464,93.2733068503217,90.86066672867304,92.57345581054688,64300
14-04-2023,93.34698827483574,93.74295584273416,91.26585591619109,91.81836700439452,63500
17-04-2023,91.71708657038349,92.66556537214475,90.9711968380393,92.10384368896484,54000
18-04-2023,92.61951503400806,92.61951503400806,90.7685961665806,91.5973663330078,55900
19-04-2023,91.25664206086938,91.8551986451224,91.06326353836783,91.7999496459961,64200
20-04-2023,90.97119026877245,91.80916396518649,90.18846557800585,91.25665283203124,77600
21-04-2023,91.91044815541734,91.91044815541734,89.7188178626514,90.77780151367188,66700
24-04-2023,90.41868673412512,91.65262813434973,90.33580619312868,91.4684600830078,45900
25-04-2023,90.36340775949768,90.36340775949768,81.219326522939,83.34650421142578,143800
26-04-2023,82.52694626327022,84.30419494204702,81.72580067394127,82.17701721191406,104300
27-04-2023,81.74420672783897,84.42389524794457,81.56003873752371,84.39627075195312,117800
28-04-2023,84.23973903474827,85.61180972342697,84.07398501006793,84.90274810791016,297000
01-05-2023,84.54363561441782,85.473700474955,82.55459387196612,82.9505615234375,97600
02-05-2023,82.29673393490543,82.94132899850955,80.21560168939043,82.84003448486328,115200
03-05-2023,82.87688327399172,83.9542810704191,82.33358263368679,83.02422332763672,121100
04-05-2023,82.2414799470917,83.7148521727619,81.54163586801376,83.39254760742188,110500
05-05-2023,84.58965551604278,85.21583656528547,84.12001797272102,84.71857452392578,83800
08-05-2023,84.80145041466959,85.74072552785859,82.572985186216,83.89901733398438,78200
09-05-2023,83.09786877411496,83.13470377974465,81.72579818581386,82.048095703125,107700
10-05-2023,83.18074788665747,83.27283188639517,82.02968032603914,82.96894836425781,85700
11-05-2023,82.0481099441447,83.41097728675929,81.96523643626281,82.75717163085938,69200
12-05-2023,82.64664595984388,83.39253544679023,81.57845195455724,82.92290496826172,115600
15-05-2023,83.36493144377626,83.8898180683507,82.96896384800533,83.74248504638672,60700
16-05-2023,83.34650845627122,83.6043464860537,82.49931732555247,82.51773834228516,70500
17-05-2023,82.84004898985835,84.10162186444816,82.38883236632905,83.51227569580078,77000
18-05-2023,83.09788081808621,84.37786759061021,82.88608828696756,83.92665100097656,61500
19-05-2023,85.0316667608473,85.26188029272167,83.48463857118863,83.99110412597656,63100
22-05-2023,84.15685522679287,86.79970901011349,83.56750916770996,86.43136596679688,153700
23-05-2023,87.02072484436357,92.64714475877942,87.02072484436357,89.35969543457031,354600
24-05-2023,89.09262510948571,89.92139512026705,87.78501410667434,89.07421112060547,1094200
25-05-2023,88.24545610400727,88.95451071809087,85.86044016915208,86.15511322021484,116100
26-05-2023,86.11827000620838,86.54186906321732,85.31713145728402,86.22877502441406,91600
30-05-2023,86.35357453772953,86.62166099386644,85.74342922998179,86.20565795898438,73500
31-05-2023,86.15020053245938,86.15020053245938,83.40456050625485,85.00386810302734,139200
01-06-2023,85.0408474557791,86.08548899393693,83.86678947882052,85.614013671875,76000
02-06-2023,86.90826283205631,90.92965206849227,86.90826283205631,90.53213500976562,108300
05-06-2023,89.54296236956758,90.14386121124812,86.62167301151531,88.41512298583984,67800
06-06-2023,87.52764501327772,90.82795833160164,87.52764501327772,90.28253173828124,93000
07-06-2023,91.08681283155587,92.88026296311382,91.08681283155587,92.79705810546876,133800
08-06-2023,92.39030630917446,92.39030630917446,90.2732972951122,91.9003448486328,76900
09-06-2023,91.55829437330814,91.55829437330814,90.00520510567247,90.7725067138672,59100
12-06-2023,90.35649002257804,91.35490599152531,87.88818975466862,88.4058837890625,199000
13-06-2023,88.60926545512204,90.34725037291038,88.54455370093112,89.00678253173828,128300
14-06-2023,89.71862081035074,89.90350952542887,87.44444870718594,87.8974380493164,103500
15-06-2023,87.23180973172417,90.25478263492754,87.23180973172417,89.56143951416016,128200
16-06-2023,90.46742428568146,90.46742428568146,88.05458930581344,89.39505004882812,300500
20-06-2023,89.26562794268143,89.26562794268143,86.85279292502895,87.0007095336914,144200
21-06-2023,86.76958127622193,87.11163308938198,86.05774505346605,86.48300170898438,131200
22-06-2023,86.4645375387658,86.4645375387658,84.46771234372903,85.13331604003906,102300
23-06-2023,83.84831376198879,85.59553831728444,83.84831376198879,85.20726776123047,181700
26-06-2023,84.92991781166542,86.91749590532989,84.92991781166542,85.69721221923828,88800
27-06-2023,85.78966503296338,86.353584713039,84.58786737472484,85.17951965332031,108200
28-06-2023,85.31818328732537,86.529220352027,84.3937257898613,86.48300170898438,135600
29-06-2023,86.77884110727996,88.60926328269065,86.77884110727996,88.21174621582031,91800
30-06-2023,89.00677421793225,89.00677421793225,87.86044879945929,88.3411636352539,81400
03-07-2023,87.73103972428342,89.14545891844956,87.73103972428342,88.25798034667969,48800
05-07-2023,87.3150248153077,87.3150248153077,85.38291165487188,85.40139770507812,98200
06-07-2023,84.50467706699155,85.3644159094935,83.86679903230724,84.53240966796875,101300
07-07-2023,82.4246423104196,84.25506439336442,80.75136927237307,84.1071548461914,247200
10-07-2023,84.07940576195844,85.84512295054407,83.0902365313372,83.3675765991211,109300
11-07-2023,84.18110893841306,84.72654260386169,83.35834221774729,84.33827209472656,118100
12-07-2023,85.90985744720034,86.08550667352367,84.717306124745,85.78968048095703,126200
13-07-2023,86.23340761024745,86.51998722193511,85.60477613234556,86.36283111572266,123800
14-07-2023,86.07623713317662,86.16868147121743,83.9130029471571,85.80814361572266,112400
17-07-2023,85.71570922127248,86.51074331614424,85.05009862528199,86.00228881835938,117100
18-07-2023,86.03001987476924,89.26562139487572,86.03001987476924,88.95130920410156,142500
19-07-2023,89.07148060162831,89.4782441672231,87.86969005799547,89.11770629882812,126600
20-07-2023,89.08073814022248,89.64465786097709,88.51681841946788,89.38581085205078,102000
21-07-2023,89.21016049808148,89.48750060582478,87.86045321670471,88.66473388671875,141000
24-07-2023,88.48906445893279,89.23787270443957,87.66629792785614,88.26719665527344,169800
25-07-2023,88.58152628076594,89.59842822247428,87.61084298687742,89.0992202758789,124300
26-07-2023,85.05009393579316,87.73102222046647,84.31977163063051,86.21491241455078,282900
27-07-2023,86.05775040198759,86.05775040198759,84.1256374976706,85.68797302246094,186800
28-07-2023,86.21491361496246,87.0007011266564,85.2719629584886,86.93598937988281,181500
31-07-2023,87.15786965415516,89.30261120715964,86.80657827198331,88.58153533935547,1198700
01-08-2023,88.03610347138499,88.87735624961249,87.13013188793414,87.50916290283203,105700
02-08-2023,86.39054869933061,87.8234606147923,86.22414607078055,86.97296142578125,79000
03-08-2023,87.20407874863652,87.6385749075103,85.88210422512846,86.5846939086914,100500
04-08-2023,86.51997455984926,87.51839035858578,86.51997455984926,86.56620025634766,65900
07-08-2023,86.7511016380236,87.6663197807272,86.03002580659803,87.5738754272461,85100
08-08-2023,86.03925923459003,86.85277929541331,85.78041226310313,86.52922058105469,62200
09-08-2023,86.43677813204066,86.63091336490156,85.52156716196748,86.0669937133789,60500
10-08-2023,86.31660222753753,87.13936886606425,85.76192206637465,86.15943908691406,50400
11-08-2023,85.7989058414459,86.25189513436375,85.20725355380995,85.28121185302734,72200
14-08-2023,84.91142916750832,84.91142916750832,83.7281245677441,84.2088394165039,92100
15-08-2023,83.51549831592365,83.51549831592365,81.86072537665534,81.87921142578125,63400
16-08-2023,81.97165698422927,82.5818024101453,80.51101222496244,81.33378601074219,114300
17-08-2023,81.41698168683158,82.11957144749744,81.06569033302458,81.20435333251953,69900
18-08-2023,80.58496666377766,82.12880915087057,80.51100836362848,81.0287094116211,79800
21-08-2023,80.92699956628994,80.92699956628994,79.92858390717093,80.11347961425781,66300
22-08-2023,80.33537024585712,81.10267177901832,79.39241950429582,79.48487091064453,62800
23-08-2023,79.51258931034513,80.09499497984304,78.75453446381813,78.97640228271484,119400
24-08-2023,78.75455081795204,80.01181380786738,78.75455081795204,79.67900848388672,104600
25-08-2023,80.19670002938174,80.72364060047866,79.35544019404084,80.10425567626953,80800
28-08-2023,80.39082313523133,81.66657194266708,80.29837879609268,80.3446044921875,67300
29-08-2023,80.47404935834884,80.92703167761458,80.16897661039212,80.88080596923828,60300
30-08-2023,80.63477239943225,81.82303407931825,80.63477239943225,81.56310272216797,72800
31-08-2023,81.59097123662792,82.18510222029948,80.89472332614406,81.0154037475586,85200
01-09-2023,81.80448536916535,82.2500800383309,80.94113772973257,80.96898651123047,65700
05-09-2023,80.12420649696318,80.35628913154606,75.27831995365656,76.34590148925781,228400
06-09-2023,76.94003174921941,77.16283617581185,74.1086278832893,74.39640808105469,127400
07-09-2023,74.63776340930606,74.68417567839909,72.73468331152515,73.4309310913086,111900
08-09-2023,73.33812198600849,73.44952421471088,71.66712396847682,72.08487701416016,119200
11-09-2023,73.07818273255748,73.97866450794018,72.49332994756455,73.1431655883789,164400
12-09-2023,72.9296280667269,73.23597877380537,71.45358624960065,72.4468994140625,185600
13-09-2023,72.6789972175296,74.03435892601235,72.04773218100068,73.81156158447266,163200
14-09-2023,74.86057666955317,75.46399295714842,74.2478821757212,75.0833740234375,111100
15-09-2023,74.96269087599649,76.06740648165368,74.96269087599649,75.90030670166016,364200
18-09-2023,76.29948504922366,76.29948504922366,73.46807422874602,73.70944213867188,77700
19-09-2023,73.88581880821046,74.30357176983867,73.19885624260334,73.28240966796875,94300
20-09-2023,73.77443401099887,74.12719708972072,72.16841895456957,72.32624053955078,69600
21-09-2023,71.98275372709945,71.98275372709945,70.43244336469881,70.54383850097656,69800
22-09-2023,70.35816473693781,71.6578287664915,69.00280314754296,69.08634948730469,110900
25-09-2023,69.06779379576402,69.78260519732349,69.06779379576402,69.68977355957031,72900
26-09-2023,69.30915014713962,69.47624281763515,68.0930325230537,68.1023178100586,84600
27-09-2023,68.74287580881237,69.19775576705017,68.01877207521396,68.8542709350586,263500
28-09-2023,68.88211606807383,69.9404122069547,68.88211606807383,69.2348861694336,147400
29-09-2023,68.2137360954777,70.23749710135263,67.87953651046345,69.5969467163086,170700
02-10-2023,69.16989986702342,69.6804773358394,65.79077778838398,66.26422119140625,116500
03-10-2023,66.2178088016997,67.15541740155413,65.10380807769415,65.20592498779297,107400
04-10-2023,65.52155632605957,66.07855310698594,63.73916379405584,65.45657348632812,83000
05-10-2023,65.28020587680406,65.4008863020511,64.31474122702694,65.10382080078125,113400
06-10-2023,64.80676179953566,65.06669325389252,63.83201884569748,64.37044525146484,114600
09-10-2023,64.18475528265104,64.18475528265104,62.95935959081724,63.080039978027344,85700
10-10-2023,63.43283242949557,64.59324569470981,63.30286671039961,63.32143020629883,112300
11-10-2023,63.27501188393274,63.609204356414246,61.47404840183894,61.92892837524414,67600
12-10-2023,62.43022716111526,63.126475047670446,59.88660353202823,60.05370330810547,118100
13-10-2023,60.34148581560007,60.34148581560007,59.04182162766714,59.0975227355957,86500
16-10-2023,60.14652974186495,62.29097078057926,59.552398829990864,61.66899108886719,219600
17-10-2023,60.9077665748463,63.9341260825415,60.9077665748463,63.13576126098633,169000
18-10-2023,60.508575122741696,67.647438090543,59.5523959539535,67.03473663330078,262800
19-10-2023,68.23229728878407,68.95639400434698,66.91406957160032,68.13018035888672,229500
20-10-2023,68.30654651149187,70.51597011902439,67.9816323166486,70.1724853515625,355200
23-10-2023,69.17917508597485,70.57167062144825,68.65931235249631,68.90996551513672,234000
24-10-2023,69.23488911265196,70.1539343075705,68.01877136391786,68.71501922607422,94100
25-10-2023,67.88880522853273,68.90997441924098,67.13685980864707,68.2787094116211,119500
26-10-2023,68.82641709050448,69.85686442807807,68.33440309884483,68.65003204345703,67000
27-10-2023,68.35297615385626,69.21632385253906,67.88881087677089,69.21632385253906,81100
30-10-2023,69.96827931444159,71.08227319252852,69.6247944454413,70.97087097167969,110500
31-10-2023,71.0172762940238,71.36076109511613,69.31842994559791,69.43911743164062,176500
01-11-2023,68.87284630840225,69.19776058691781,67.75884539014879,68.76144409179688,74100
02-11-2023,69.07706825965506,69.99611336981334,68.79856630743797,69.75474548339844,89500
03-11-2023,70.46028829551227,72.95749259271051,70.46028829551227,72.13127899169922,100400
06-11-2023,71.5278635182894,73.33810505041825,71.15652992429908,72.86465454101562,109300
07-11-2023,72.35408122977033,72.35408122977033,70.75735164111505,71.42575073242188,59500
08-11-2023,72.05701817971463,72.05701817971463,70.0518208382894,70.61810302734375,59000
09-11-2023,71.28651065076126,71.28651065076126,67.69386852648033,68.34370422363281,137500
10-11-2023,68.23228674209803,70.03325004634839,67.66600461205228,69.2441635131836,65900
13-11-2023,68.81714260266197,70.39530882118305,68.69646217830102,69.94970703125,60600
14-11-2023,72.14985318093926,74.28500924673895,71.19367382510286,74.02507781982422,72500
15-11-2023,74.39641971240216,75.5661183457869,73.88583500821808,74.47068786621094,96100
16-11-2023,74.91625373384927,74.91625373384927,73.33809502830479,74.43352508544922,85100
17-11-2023,75.40828818516195,75.44541517176224,74.02507066721758,74.92555236816406,108600
20-11-2023,74.7306031274729,76.26234982548758,73.77442387284661,75.84459686279297,112000
21-11-2023,75.20405805804258,76.23450551075295,74.2757275300224,75.00910949707031,166800
22-11-2023,75.85388481980543,76.29020129098205,74.49852313052038,75.79818725585938,121900
24-11-2023,75.7981828804172,76.44801136427557,75.6589318959906,76.03955078125,38400
27-11-2023,75.64965553108618,76.72652238289386,75.28760717843362,76.16024017333984,79200
28-11-2023,76.25307566317287,76.46659481960532,75.60324706985747,76.38304138183594,81500
29-11-2023,77.0031981783182,77.66532970805223,76.52757996695006,77.23634338378906,119200
30-11-2023,77.41353454695516,78.02903417789811,76.63016297163234,77.0031967163086,120800
01-12-2023,76.78871083369437,78.5606160346077,76.63950158379032,77.57208251953125,83400
04-12-2023,77.76792804579499,80.31387727448805,76.72343477747994,80.27657318115234,140500
05-12-2023,79.94082710708042,80.51902264796371,78.73779702439722,80.42576599121094,121800
06-12-2023,81.40499350922069,83.23285135176991,79.53050377228388,79.94084167480469,179600
07-12-2023,80.16465898654467,83.36341198464503,79.52117584317168,83.31678009033203,93500
08-12-2023,83.48462825559302,84.47316872014471,80.75216628688138,82.34688568115234,93600
11-12-2023,81.86194285506319,82.51475369500017,80.81745689520719,81.47026062011719,78100
12-12-2023,81.35835637730126,81.36768417858391,80.38847137970737,80.9386978149414,66000
13-12-2023,80.78946808313762,84.9767607875568,80.29520142237749,84.34260559082031,130900
14-12-2023,86.02125629790227,88.83765447178125,86.02125629790227,87.03777313232422,135900
15-12-2023,87.615968698513,87.90507360249848,85.72283069657267,85.76946258544922,539400
18-12-2023,85.99328546400562,85.99328546400562,84.51980590820312,84.51980590820312,82700
19-12-2023,85.66686443116572,87.41079291704575,85.66686443116572,86.91651916503906,93900
20-12-2023,86.9538312855697,88.40866216318447,85.53631160856438,86.10518646240234,108700
21-12-2023,87.07507572801295,87.4667579738173,85.43373145484549,87.26158905029297,103700
22-12-2023,88.21281126064318,90.16190876183704,87.29888609417173,89.26663208007812,124400
26-12-2023,89.53709008365905,89.53709008365905,88.2034991733859,88.76304626464844,71300
27-12-2023,88.48327277855097,89.50911745533227,86.10519576471654,87.98900604248047,184400
28-12-2023,88.0916115156921,88.96824004305542,87.10307780783425,88.46464538574219,197400
29-12-2023,88.70709264829694,89.17338307137771,87.95169732468757,88.17552185058594,148700
02-01-2024,87.57867978224999,88.3060917794678,86.27306503889672,87.14036560058594,78800
03-01-2024,86.65540629057034,86.65540629057034,83.75507943128716,84.23069763183594,94500
04-01-2024,84.86486746474644,85.74149584503742,84.28666470742267,84.8368911743164,93500
05-01-2024,84.2307049867494,85.27519813611228,83.30745190567724,83.84835052490234,64200
08-01-2024,83.56857294603468,84.2120560278877,83.12093099452227,84.0255355834961,79400
09-01-2024,82.60801514117648,83.09295406278227,82.16037319313257,82.90644073486328,64900
10-01-2024,82.28160498834822,82.99968905518017,82.27227718838174,82.87845611572266,66100
11-01-2024,82.3002548118104,82.9064337490104,81.58217073329932,82.75721740722656,94500
12-01-2024,83.93227272239979,83.93227272239979,82.5427293106476,83.62451934814453,62800
16-01-2024,82.82250475932284,83.89497418245838,82.26295766052132,82.27228546142578,85200
17-01-2024,80.83610401400982,83.12092412758665,80.83610401400982,82.50542449951172,104600
18-01-2024,82.72924415199542,83.59654460405667,81.88059930085382,83.57789611816406,74700
19-01-2024,83.95090582559212,84.77158133990012,82.85978818773329,84.51045989990234,81900
22-01-2024,85.08866615859543,87.14966877490704,84.5570954124429,86.70203399658203,107700
23-01-2024,87.82114418703748,88.90294147755918,85.62958043161665,86.5528335571289,131900
24-01-2024,87.28956787157402,87.30822347336,85.01407539057497,85.08867645263672,99300
25-01-2024,86.34765853767311,86.70204381860562,84.10014236162108,85.2378921508789,83400
26-01-2024,86.14248349587179,86.47821312360378,84.81821346869503,85.04203796386719,43400
29-01-2024,84.80889582235389,86.68337801014123,84.58507131916392,86.59944915771484,63700
30-01-2024,86.07721336751986,86.32900706075202,85.52698697856503,86.3196792602539,63400
31-01-2024,86.73002531366025,86.73002531366025,83.15823869259856,83.25149536132812,90900
01-02-2024,83.80171163851203,84.29597832635672,83.08362043482958,84.15608978271484,78300
02-02-2024,83.1955463618825,85.4523905713474,83.13959378124342,84.9114990234375,66400
05-02-2024,83.46598456823949,83.97890687249091,82.32823481337424,82.51475524902344,60200
06-02-2024,82.58003524068893,84.10946723080096,82.15104179819404,83.50328826904297,50600
07-02-2024,83.62451749444654,84.00687903247461,82.99969007452563,83.28878784179688,49500
08-02-2024,83.08362482163227,83.98822938791564,82.99969596003184,83.94160461425781,70500
09-02-2024,83.7550797522891,84.52912352741757,82.79452266232273,84.15608978271484,100400
12-02-2024,84.34260901484913,86.50619616536808,83.97890307556128,86.17979431152344,90100
13-02-2024,83.93227526260695,84.90216018611143,81.36767796291618,82.26295471191406,98600
14-02-2024,83.37271727432032,84.07215280998571,81.98317400233907,83.41934204101562,98900
15-02-2024,83.90429136400957,87.47607735042072,83.90429136400957,87.05641174316406,130900
16-02-2024,86.6274345293228,87.80248839174402,86.17979970603763,86.83260345458984,132400
20-02-2024,82.99969450538441,84.9674406409502,80.57498575182805,84.79957580566406,128300
21-02-2024,83.89496192515918,85.32180930889605,83.58720857552242,84.64102935791016,103400
22-02-2024,84.3799083798986,86.1518060916534,84.3053002131859,85.83473205566406,126100
23-02-2024,85.99327780905003,86.19844673083824,84.32395726316884,84.87418365478516,65000
26-02-2024,84.11878718287917,84.57575690785113,83.4846319401889,83.9322738647461,46500
27-02-2024,84.42654423382645,84.42654423382645,82.98104816784938,83.9695816040039,63400
28-02-2024,82.99968571192782,83.83900979943574,82.60800350943292,82.76654052734375,48300
29-02-2024,83.63284408405214,84.06365069542717,82.72440110443225,83.5391845703125,72000
01-03-2024,83.47363683794156,83.47363683794156,81.68485281337306,82.35916137695312,81800
04-03-2024,82.1343965598093,82.19995394742416,81.13230098042823,81.75041961669922,77500
05-03-2024,81.16974233410554,82.12501504351476,80.86068309604859,81.14164733886719,57600
06-03-2024,81.95645383313281,81.95645383313281,80.6827614035315,81.1978530883789,48400
07-03-2024,81.75977354232877,82.64948181998066,81.30086475933778,82.33106231689453,49300
08-03-2024,82.88362520552069,83.18331712384489,81.53500800045232,82.0313720703125,55500
11-03-2024,81.9002422324513,83.11774444580078,81.67547512137148,83.11774444580078,57800
12-03-2024,83.26759669235672,83.26759669235672,80.71084481820509,81.06672668457031,93500
13-03-2024,80.59846188056554,82.29360060106544,80.59846188056554,81.97517395019531,63500
14-03-2024,81.31023028032129,81.76913190759625,79.83049849987941,80.56099700927734,75200
15-03-2024,80.1582794479598,81.96579797134171,80.1582794479598,81.759765625,192300
18-03-2024,81.46944734461587,81.94708377643116,80.18639472014198,80.29877471923828,72500
19-03-2024,80.21446970478786,81.38514203805909,80.16763995337026,81.30084991455078,68100
20-03-2024,81.24469853248917,84.08240847344345,80.72959960301351,83.58604431152344,84000
21-03-2024,83.91381200552745,84.47573343430452,83.3425231951255,84.43827819824219,83100
22-03-2024,84.85034927809866,84.85034927809866,82.64011882051146,82.82743072509766,53400
25-03-2024,82.86488562347685,83.0709179820895,82.2748621088315,82.41534423828125,37000
26-03-2024,83.16459306813059,83.16459306813059,81.95645796103135,82.1063003540039,57400
27-03-2024,82.79933725005354,83.98873749889391,82.71504510513329,83.9793701171875,134400
28-03-2024,84.54128934449729,85.54338480436908,83.6234860273459,84.32588958740234,139000
01-04-2024,84.76604450159013,84.76604450159013,82.13436823164376,82.79931640625,61200
02-04-2024,81.71294513826983,82.0407320278324,79.55890475791293,81.4600830078125,99400
03-04-2024,80.83260562315633,82.64949192474258,80.83260562315633,82.55583953857422,63800
04-04-2024,83.07092179103647,83.49236819870976,80.99181333167758,81.87215423583984,80900
05-04-2024,81.41324763471472,81.76912949810391,80.99180839793232,81.525634765625,43200
08-04-2024,81.78786564116399,82.78996102008851,81.43197662654356,82.00326538085938,64300
09-04-2024,82.33105797918846,83.22076620996505,82.16248085548978,83.18330383300781,32600
10-04-2024,81.2540403252547,81.2540403252547,78.19155700948562,79.00634765625,63400
11-04-2024,79.4839902178526,80.48608568767911,79.15619617039518,80.0833740234375,61000
12-04-2024,79.3435040586888,79.35287143976956,77.79821486039941,78.76284790039062,52700
15-04-2024,78.79095143939647,78.79095143939647,77.33932160412091,77.93870544433594,49300
16-04-2024,77.03026780639243,77.95743863403892,76.45897892642351,77.0958251953125,47800
17-04-2024,77.91060187498174,78.21029376213038,76.4027750581725,76.43087005615234,42300
18-04-2024,76.80549518999005,77.77949571717492,76.4121437391442,76.8523178100586,78100
19-04-2024,76.9085234268946,79.1187542617476,76.9085234268946,78.82842254638672,69400
22-04-2024,79.22174777695497,79.95225343541283,78.67856115507027,79.37159729003906,65800
23-04-2024,79.29668044627172,80.28004832466371,77.61091612716672,79.83987426757812,68600
24-04-2024,79.12809940800423,79.5214508271457,78.48189299947877,79.50271606445312,49100
25-04-2024,78.94079378884751,78.94079378884751,77.49852432168838,77.8918685913086,66000
26-04-2024,77.8450360901022,79.22174085894729,77.8450360901022,78.65045928955078,54600
29-04-2024,78.88460834415952,80.54227765906019,78.4912569066211,79.16556549072266,65700
30-04-2024,81.62865852434129,82.88361606098367,77.2550204724524,77.7232894897461,129200
01-05-2024,78.00425087801607,79.94288425222202,78.00425087801607,78.68791961669922,51100
02-05-2024,79.45587493574737,80.47670499989718,78.97824573369405,80.14891815185547,74300
03-05-2024,81.8908880885845,81.8908880885845,79.55890323625906,80.26130676269531,58000
06-05-2024,80.57973100752017,81.85342326909725,80.57973100752017,81.22594451904297,39800
07-05-2024,81.01990800602695,82.72440695648878,81.01990800602695,81.40388488769531,67400
08-05-2024,80.823236281346,81.82533170542008,80.823236281346,81.6661148071289,45000
09-05-2024,81.9939080604464,83.77332461593927,81.8534259257448,83.67967224121094,68500
10-05-2024,84.28842811517035,84.28842811517035,82.1624897943839,83.39871978759766,71500
13-05-2024,84.01683268732421,84.01683268732421,82.19058623750551,82.42472076416016,55400
14-05-2024,83.76396128687234,83.76396128687234,82.26549476568185,82.31232452392578,41400
15-05-2024,82.85552872007796,83.07092848661655,81.5256463029183,81.86280059814453,48800
16-05-2024,82.01264693643375,82.2936112444092,80.91689899672403,82.09693908691406,55600
17-05-2024,82.3872649811516,82.6026647616035,81.72232372962121,82.47154998779297,36600
20-05-2024,82.12503632244957,83.21141690938433,81.34770790843098,81.75041961669922,37800
21-05-2024,81.43198229673445,82.93044892432626,81.05737278505491,82.92108154296875,52800
22-05-2024,82.49963798789615,83.06156656535569,81.50690988609665,82.16249084472656,75000
23-05-2024,82.24676356951248,82.45280306446867,80.13955315418029,80.68274688720703,65500
24-05-2024,81.21657713830871,81.29150189374688,80.34559650568936,81.22594451904297,45500
28-05-2024,82.06884056330594,82.06884056330594,79.90543959012535,80.20513153076172,49600
29-05-2024,78.97825212682307,79.37159637631355,77.4516905970294,77.65773010253906,60200
30-05-2024,78.35077731125868,79.63382987694827,77.82631114036975,79.28731536865234,144100
31-05-2024,79.6871030075807,82.31167026941206,79.6871030075807,82.00123596191406,104100
03-06-2024,82.96076667163727,82.96076667163727,80.04457576660491,80.39263916015625,57200
04-06-2024,79.7999851280563,80.4396646408326,79.11326750729344,80.27973937988281,72700
05-06-2024,80.90062472692098,81.28631719674625,80.42086319862901,81.07936096191406,39800
06-06-2024,80.47730456608271,80.77832983765215,79.95991401634994,80.4678955078125,40500
07-06-2024,79.62126549189662,80.07280702066565,78.95336584620364,79.16973114013672,39600
10-06-2024,78.39833420803755,79.49896427324293,77.43881847455965,79.18852996826172,63800
11-06-2024,78.35130795641572,80.03517050213702,78.3042698430291,79.77177429199219,59800
12-06-2024,82.21760065172981,82.69736210752006,80.54314726223572,80.79713439941406,59200
13-06-2024,80.3644271905374,80.3644271905374,78.83108064804479,80.22332000732422,43500
14-06-2024,78.84047797417203,79.53660479059127,78.14435833476186,79.10387420654297,49200
17-06-2024,78.32307659936197,79.57420841608824,77.8809442348841,79.15089416503906,36600
18-06-2024,79.0192091822851,79.77177595006269,78.84988201838557,78.85929107666016,68600
20-06-2024,78.21020367570677,79.95050628002423,78.04087650908617,78.65233612060547,57500
21-06-2024,78.35131754019785,78.81226096433302,77.50468163473882,77.85274505615234,246500
24-06-2024,78.49241988302992,79.87525724721891,77.93740025482077,78.87810516357422,50600
25-06-2024,78.34189357107593,78.34189357107593,76.57337115392863,76.91202545166016,59300
26-06-2024,76.3758293858794,77.2506851870993,75.85843884542359,76.9872817993164,143100
27-06-2024,77.57053069532957,78.07851223860497,77.09076915273455,77.85274505615234,76700
28-06-2024,78.07850679771245,79.05684075617786,77.94680868570835,78.98158264160156,249400
01-07-2024,79.04743470028488,79.57422716831196,77.53289917769791,77.86214447021484,95100
02-07-2024,78.20079626734739,78.55826872498295,77.49526758770942,78.27605438232422,58900
03-07-2024,78.86868832078018,78.95335548625617,77.43882015848331,78.0408706665039,32600
05-07-2024,77.33534675743289,78.00324635610255,76.96847243107925,77.55171203613281,48400
08-07-2024,78.3418996570972,79.36727168738739,78.3418996570972,78.3607177734375,45100
09-07-2024,78.07850663654271,78.29487192125075,77.09076362154197,77.30712890625,63000
10-07-2024,77.87155745222483,78.3889480643949,77.14721777219621,78.24784088134766,57000
11-07-2024,80.17628062871577,82.33989756131042,79.7717772404685,81.63436889648438,103300
12-07-2024,82.78203459976058,83.17712895150451,81.70022248493007,82.45278930664062,74700
15-07-2024,83.49698596776196,84.65404921168921,82.78204808834519,83.66631317138672,91500
16-07-2024,84.3247886887145,87.90887214722062,84.24012869064381,87.55140686035156,144700
17-07-2024,87.02461245653843,89.1506003667071,86.38493283637038,86.48841094970703,129000
18-07-2024,85.76405070546048,86.96815164234015,84.54113883138294,84.5693588256836,132200
19-07-2024,85.21845539429933,85.30312256927957,83.66629801542096,83.96732330322266,118200
22-07-2024,84.08961633015181,85.27490659678382,82.21761545751751,84.48471069335938,141700
23-07-2024,84.4658817580848,85.49124650754761,83.28059174395615,84.83275604248047,124800
24-07-2024,84.87981189829338,85.29371720130044,83.49697445551992,84.11783599853516,150800
25-07-2024,84.82335945245302,85.83932247103063,84.36241605915735,85.18083190917969,167600
26-07-2024,86.46959827347392,86.46959827347392,84.28716305151798,85.19023895263672,138000
29-07-2024,85.46305032752522,85.46305032752522,83.05484775335829,84.19309997558594,74200
30-07-2024,84.08961505451393,85.18083624340119,83.7603697568356,84.69166564941406,70300
31-07-2024,79.56481598868395,82.26463424883919,76.92143054449677,79.61184692382812,342700
01-08-2024,80.24212262973532,80.90061312154934,74.76722095905497,75.39749145507812,236700
02-08-2024,72.65062469357491,75.16230443555388,71.96390712780556,73.43140411376953,267500
05-08-2024,70.6469420201244,70.6469420201244,68.36102864919677,68.67146301269531,181100
06-08-2024,68.43628216161676,69.32994895477934,67.73075347953824,68.92544555664062,237600
07-08-2024,70.08251527981878,70.28006244822552,67.7683820794712,68.2575454711914,123400
08-08-2024,68.76552883374639,70.12955528619347,68.13525825417207,69.72505187988281,117400
09-08-2024,69.43341595050123,69.43341595050123,67.42971739797667,67.53319549560547,103900
12-08-2024,67.52379613227032,67.52379613227032,66.26325501947481,66.4513931274414,97200
13-08-2024,67.18514290563253,67.89067158766957,66.3949542267153,67.01581573486328,141000
14-08-2024,67.35447733550279,67.96593702790317,66.35733232073305,67.18515014648438,176400
15-08-2024,68.88782492427801,70.94796383291096,68.0129690555679,69.9602279663086,151600
16-08-2024,69.86615251593092,70.99500274658203,69.25470004846348,70.99500274658203,124100
19-08-2024,71.21136385961579,71.53120728371276,70.77864043160999,71.24899291992188,88000
20-08-2024,70.91033483196794,71.20195823977988,70.18599519587364,70.79745483398438,160000
21-08-2024,71.40891209529913,71.62527020223898,70.62812530919196,71.10787963867188,70800
22-08-2024,70.79744695088527,71.33364841262974,70.47760357919111,70.73159790039062,205900
23-08-2024,71.37128086458331,73.30913059454625,71.09847559182984,72.42486572265625,152900
26-08-2024,73.22446215017385,74.13694700388169,73.13980215855565,73.16802215576172,101000
27-08-2024,72.99870162659415,73.15861974329418,72.24614198370686,72.90463256835938,90900
28-08-2024,72.49071848330954,73.37498340041898,72.18029131575764,72.74471282958984,246700
29-08-2024,73.51608603468739,74.72018710373118,71.52178915345333,73.83592224121094,123900
30-08-2024,73.66105630362647,73.89736150064677,72.17705995479747,73.37748718261719,113900
03-09-2024,72.39446745581617,72.49844233487327,70.8254044643912,71.1373291015625,198300
04-09-2024,70.74978629190247,71.41144528028941,69.87073052458219,70.13539123535156,194200
05-09-2024,70.87265550520185,70.87265550520185,68.7837112869617,69.086181640625,160400
06-09-2024,68.91604874825414,69.53989069695326,68.00863047684476,68.28274536132812,61700
09-09-2024,67.93301808809282,68.62302519909854,67.13902890591812,67.66835021972656,90300
10-09-2024,68.1126145831303,68.1126145831303,66.80821235953313,67.98973846435547,69500
11-09-2024,67.43205570016569,68.12207013180239,65.9575134004299,67.8385009765625,132400
12-09-2024,67.81959089044187,68.78371291193857,67.11067530622122,68.46234130859375,81200
13-09-2024,69.19016880935737,70.00305938158579,68.85934292797681,69.76675415039062,119600
16-09-2024,70.4473129790438,71.11841895701109,69.73839729945628,70.48512268066406,65300
17-09-2024,71.23183446700806,72.50788100443468,70.43784530744497,71.4681396484375,97400
18-09-2024,71.11840248525397,74.3888651975692,71.10895547063433,72.33773803710938,116200
19-09-2024,74.04860412334197,74.04860412334197,72.23378167024201,73.26407623291016,79100
20-09-2024,72.53623652840179,72.8103514044471,71.15621513316329,71.7044448852539,350700
23-09-2024,72.00693832688481,72.32831001546162,70.90103145295048,71.37364196777344,74700
24-09-2024,71.8651474667713,72.70639353292063,71.8651474667713,72.30940246582031,78500
25-09-2024,72.47008695756386,72.47008695756386,71.46815507963656,71.75172424316406,96200
26-09-2024,72.79146256960898,73.69887375628358,72.23377849599235,73.51927947998047,90900
27-09-2024,74.40779253627635,75.05054305517265,73.35859673026235,73.92572784423828,78300
30-09-2024,73.12227777686893,73.71776425307932,71.93129761298609,73.01830291748047,80200
01-10-2024,73.14118201350485,73.19790016460573,71.50595408791932,73.04666137695312,110100
02-10-2024,72.99941552659934,74.02970287780408,72.88598641898182,73.26407623291016,109400
03-10-2024,72.54569104478269,73.30187051354757,72.15814708388866,72.22431945800781,96200
04-10-2024,73.42476488893617,73.42476488893617,72.2715941571851,73.00886535644531,59500
07-10-2024,72.35665249152191,72.73473502859355,71.80842271672105,72.06362915039062,67700
08-10-2024,72.00692881367195,72.00692881367195,70.1070327758789,70.1070327758789,65900
09-10-2024,69.99360319674607,71.11841104611128,69.16180427655257,70.20154571533203,103000
10-10-2024,69.53044900036768,70.13538981601644,69.09564823983659,69.67223358154297,119000
11-10-2024,69.88963006832365,71.07115609890006,69.2941363335771,70.85375213623047,124900
14-10-2024,70.55128621405129,70.90102053730364,69.71004020409853,70.77813720703125,109000
15-10-2024,70.40949891131133,71.81788316634444,70.40949891131133,70.70252227783203,114100
16-10-2024,71.08060031629559,72.21486958786788,70.57963445288931,72.00691986083984,72800
17-10-2024,71.76116355810451,72.28103789828585,71.15622280487311,71.84623718261719,61100
18-10-2024,72.0352765614252,72.0352765614252,71.16567515305196,71.38307189941406,87000
21-10-2024,71.48705593925342,71.48705593925342,69.53044891357422,69.53044891357422,85000
22-10-2024,69.19016407619044,69.3224944196902,68.31110838782044,68.37727355957031,64200
23-10-2024,67.87630957730829,69.05783568587563,67.4982269917372,68.74591827392578,95700
24-10-2024,68.84044017193567,68.97277052158412,68.05590509083186,68.92550659179688,49700
25-10-2024,69.52099574206348,69.52099574206348,68.15987542331764,68.62303161621094,70100
28-10-2024,69.44538126384735,70.19210664653491,69.22797728196588,69.82347106933594,54500
29-10-2024,69.17126762857404,69.54935744113244,68.47180616279218,68.96331787109375,97700
30-10-2024,71.03334005830274,75.0505282035861,69.35084829481798,70.3716812133789,149600
31-10-2024,70.01250882062138,70.32443343521201,68.20714072775307,68.37727355957031,134500
01-11-2024,68.58522351675971,69.44537796365647,68.13152154090488,68.89714813232422,155300
04-11-2024,68.56632392051903,69.65332938146913,68.34891994374378,68.84043884277344,90700
05-11-2024,68.38672053184277,70.47565754570489,68.33946382072823,70.26770782470703,91900
06-11-2024,74.02969260677622,77.58372482626764,73.53818096488706,76.63850402832031,190200
07-11-2024,76.28878322342727,76.41165935275625,73.90682956455723,74.89930725097656,153000
08-11-2024,75.21123065373932,75.456990119788,74.5779343484057,74.71971893310547,94200
11-11-2024,75.5798460670765,75.95793578817049,75.07888025149816,75.17340087890625,79800
12-11-2024,74.18092445188688,75.48532643482291,72.82925854889291,72.84815979003906,77400
13-11-2024,73.65159122188584,73.81227700142709,72.10142993480987,72.21485900878906,83800
14-11-2024,72.58351749046929,72.84817820217786,71.20349577122926,71.74227142333984,76800
15-11-2024,72.29994187095079,72.45118067069883,70.59854864256262,70.64580535888672,118700
18-11-2024,71.0238999940102,71.28856070016886,70.05977781993742,71.1373291015625,114700
19-11-2024,70.91046303758165,71.26019733855931,70.05031583777323,71.18457794189453,133500
20-11-2024,70.74032457108102,71.29800861953476,69.10509654781698,71.2223892211914,311800
21-11-2024,71.40197605538751,72.1014373885823,71.09005147829424,71.83677673339844,67100
22-11-2024,72.26212327135288,73.04665822263259,71.27910003990935,72.64021301269531,90800
25-11-2024,73.23571473565536,74.77642212722954,73.23571473565536,73.5381851196289,153500
26-11-2024,73.49092534062056,74.14313007253352,71.67610293434291,71.8556900024414,246800
27-11-2024,72.12035483943085,72.60241228802909,71.20348944711448,71.9218521118164,160900
29-11-2024,72.12610613730581,73.05713653564453,71.10007441214965,73.05713653564453,106900
02-12-2024,72.82913162312303,73.65565113622397,71.81259496084068,73.17113494873047,92700
03-12-2024,73.27564715417247,73.27564715417247,71.20458610339603,71.423095703125,106400
04-12-2024,71.29959074445188,71.92660533621782,71.11908313936398,71.83160400390625,63100
05-12-2024,71.60360361170952,71.60360361170952,70.0265538587021,70.56806945800781,70500
06-12-2024,71.37558021079485,71.37558021079485,70.18804555719235,71.16658020019531,56200
09-12-2024,72.02158739666535,73.87414549764156,71.67957689335081,71.7840805053711,92400
10-12-2024,72.13561634179162,72.59163290783097,70.58707352553776,71.5750961303711,88000
11-12-2024,71.83160019205538,72.2971117693749,71.17607871205885,71.72709655761719,125300
12-12-2024,71.86961034693816,71.86961034693816,70.36856456167794,70.43506622314453,60200
13-12-2024,70.1310577399399,70.32106041649055,68.9435228911546,69.88404846191406,54200
16-12-2024,69.5135309923656,69.96954751640051,69.00051512087762,69.04801940917969,60800
17-12-2024,68.92451102738724,69.31401860684082,67.45196522532643,67.9269790649414,107000
18-12-2024,68.32598574390853,68.5254906774071,64.49737553600251,64.91539001464844,142200
19-12-2024,65.08640292972206,66.7109495061494,64.0033718787705,64.49738311767578,159300
20-12-2024,63.81336236464757,65.35240993227364,63.65185938635437,63.76586532592773,273500
23-12-2024,63.46185285502747,64.40237824255858,62.88233538186788,63.48085021972656,110200
24-12-2024,63.65185528276175,64.21236814122106,63.44284803108673,64.05086517333984,36100
26-12-2024,63.52836215647904,63.97486913798806,63.01534627017111,63.72786712646485,167300
27-12-2024,63.566360882324425,64.07936949421588,61.43829348188144,61.99881362915039,156600
30-12-2024,61.74229451626377,61.86580274871498,60.58326325565984,61.38128662109375,121100
31-12-2024,61.89430990040263,62.43582543268656,61.02028610235429,61.466793060302734,151300
02-01-2025,61.56180226260234,62.6068313577232,60.02275466918945,60.02275466918945,125700
03-01-2025,60.02275832209951,60.69727720862004,58.96822685564339,60.28876495361328,124100
06-01-2025,60.63077551011016,61.067787439895234,59.99425860682346,60.35526657104492,106500
07-01-2025,60.29826384877487,61.27679129423678,58.79721822945627,59.015724182128906,106200
08-01-2025,58.42671179000239,58.96822736544765,57.71419091451455,58.825721740722656,129700
10-01-2025,57.86619199259528,58.16070190935385,56.7166592474243,57.24867248535156,134200
13-01-2025,57.19167261255997,59.1867294845982,57.00166633330196,59.13922882080078,140700
14-01-2025,59.29122916257732,59.86124433824288,58.654712337219706,59.80424499511719,94900
15-01-2025,61.20078697552542,61.73280745347354,59.92775324758033,60.34576416015625,74700
16-01-2025,59.975257646593725,60.5357742086766,59.22473479457167,60.39326858520508,77400
17-01-2025,61.04878228135088,61.04878228135088,59.93724798328598,60.67826843261719,107700
21-01-2025,60.91578964324312,62.39783080127061,60.91578964324312,62.31232452392578,121600
22-01-2025,61.818306622729246,62.49282546876636,60.01325241247422,60.07975769042969,114100
23-01-2025,59.63324333277991,60.67827242620947,59.20573011307933,60.45026779174805,112600
24-01-2025,60.19376771675606,62.13182548298595,59.50974647595285,59.66175079345703,84000
27-01-2025,59.76623893433599,62.59732087834325,59.67123761957067,61.69479751586914,182900
28-01-2025,61.45729061674687,61.69479752777386,60.55476363003074,61.14377975463867,100400
29-01-2025,60.74477406043761,61.04878627973581,59.99425487950228,60.535770416259766,129000
30-01-2025,61.12478266605591,61.58079918053408,60.5737684491696,61.13428497314453,110400
31-01-2025,60.801773187329744,61.18178571937779,59.718742182281325,60.22225570678711,501600
03-02-2025,59.281734769230425,59.37673609735886,57.60968385125052,58.10369873046875,118300
04-02-2025,57.78069247890355,59.34823985205232,57.78069247890355,59.291236877441406,106600
05-02-2025,59.29122941074061,59.29122941074061,58.22719938714628,58.95872116088867,121600
06-02-2025,59.54774091948932,59.72824489114279,58.89222306278827,59.52873992919922,84800
07-02-2025,59.11073324471303,59.11073324471303,57.95169812255988,58.19870376586914,83100
10-02-2025,58.75921643949952,58.75921643949952,57.90419361636229,58.47420883178711,140000
11-02-2025,58.141700218978606,59.72824485451168,58.141700218978606,59.59524154663086,93400
12-02-2025,58.749717976348514,59.04422789239297,57.82818987136131,58.17970275878906,87100
13-02-2025,58.59770571219877,59.405227764661966,58.45520011514392,59.22472381591797,70200
14-02-2025,59.68074070573277,60.33625852375216,58.29370111301849,58.63571166992188,91800
18-02-2025,58.47420866561677,59.37673577419825,57.99919477942319,59.36723709106445,173300
19-02-2025,57.31518077654346,60.26026560264404,56.57415660409043,59.40523910522461,161500
20-02-2025,59.88024881428884,61.40979409441147,59.44323691255904,60.71627426147461,113300
21-02-2025,61.362290171001,61.43829413213622,58.996723053726434,59.61424255371094,140600
24-02-2025,60.12725470242649,60.74477054017116,59.1867256738924,59.34823226928711,144600
25-02-2025,59.76625039884382,61.001285848039785,59.709247424609465,60.20326232910156,90900
26-02-2025,60.29825989975824,60.554767816288376,59.03472130619145,59.0632209777832,113100
27-02-2025,58.60721226476002,59.12022813417153,58.06569672173733,58.39820861816406,156100
28-02-2025,58.63571532744219,58.97772590567917,57.78068888184975,58.67371368408203,130500
03-03-2025,59.00353157195536,59.00353157195536,55.38033918287216,55.44725799560547,228200
04-03-2025,55.07442205929906,55.351659216912736,54.15667524113139,54.19491195678711,103900
05-03-2025,54.44346639652967,56.15468419088814,54.01327146962372,55.83920669555664,104700
06-03-2025,55.64801506465659,56.9959568956827,55.13178109188868,56.94815826416016,116800
07-03-2025,56.59444299688075,57.129793495187954,56.0304104027344,56.23116683959961,96000
10-03-2025,56.04952464555801,57.34010577071964,55.02661874118809,55.380332946777344,132200
11-03-2025,56.20249274403146,56.79520383312685,55.26562565262197,56.41280746459961,121000
12-03-2025,56.30764594678956,56.6517982657462,54.60598629907373,54.74938583374024,103300
13-03-2025,54.55819068069829,55.96349306949879,54.19491451381616,54.33831405639648,103100
14-03-2025,54.75895096495248,55.96349699609725,54.47215550647109,55.15090560913086,98900
17-03-2025,54.86410179338519,56.460602225518805,54.58686464546954,55.9061279296875,208300
18-03-2025,55.63845521750672,56.47016305215288,55.54285431037388,56.126007080078125,172300
19-03-2025,56.03996430113145,56.451039057027074,55.179578075871966,56.04952621459961,140500
20-03-2025,55.71493014741797,56.632680586485776,55.189137942273874,56.28852462768555,119200
21-03-2025,55.648016758141466,55.67669885536932,54.185357437589104,55.36122131347656,390400
24-03-2025,55.71493393898093,56.45104453499776,55.21782014763964,55.70537567138672,128100
25-03-2025,55.60977150395584,56.08776508530723,54.60598571247825,54.64422607421875,136900
26-03-2025,54.98838550408352,55.85833373113365,54.357434082781246,54.84498596191406,113600
27-03-2025,54.92146658331847,54.9405867653573,53.72648255690511,54.6920280456543,96100
28-03-2025,54.78762572451101,54.78762572451101,52.47413488948592,52.89477157592773,79500
31-03-2025,52.7227014541327,52.99993500166857,51.91967197016186,52.6175422668457,115400
01-04-2025,52.11085484811336,52.607968574216166,51.30782554391672,51.80493927001953,99200
02-04-2025,51.49902966675431,52.21602006987096,51.06883469552396,52.14910125732422,72800
03-04-2025,50.437883315598754,50.437883315598754,47.36916526373082,47.68464279174805,147100
04-04-2025,45.95430258373158,46.74777367862417,44.47252321205202,46.3271369934082,184800
07-04-2025,44.931397384399546,47.83759928194204,43.91804966245597,45.57190704345703,176300
08-04-2025,46.50877420920589,47.05368656839244,42.71350422785273,43.267974853515625,136500
09-04-2025,42.99074165662269,48.10527125459786,42.28330958811327,47.50299835205078,181800
10-04-2025,45.9447437558518,45.9447437558518,43.68861349767591,45.485870361328125,164200
11-04-2025,45.49543032976952,46.317579893256784,44.29088807994515,45.95430374145508,133700
14-04-2025,46.36537948006242,46.43229829272249,44.97919730232906,45.85870742797852,112600
15-04-2025,45.57190843681274,45.88738596579242,45.208635923614175,45.50498962402344,112900
16-04-2025,45.39983520274318,45.801348089280246,44.19528924952825,44.9027214050293,105100
17-04-2025,44.912277586338455,45.7822257802237,44.912277586338455,45.29467391967773,102300
21-04-2025,44.97920284095677,45.42851804997492,44.0423357015505,45.0843620300293,162200
22-04-2025,45.4858727167511,47.1397301347817,44.90271994138735,46.87205123901367,181800
23-04-2025,48.10527381842593,49.25245914500812,46.26978021333573,46.48009490966797,343100
24-04-2025,46.41317854728327,46.795574891908366,45.83958767714743,46.47053909301758,183700
25-04-2025,45.97342175918371,46.21241854444734,45.47630800821918,46.1168212890625,145700
28-04-2025,46.15506212858156,46.78601355220137,45.39983499121371,46.06902313232422,201500
29-04-2025,48.90830447989207,51.48947062148,48.09571682735592,49.32893753051758,235900
30-04-2025,48.21043362806273,48.77446620836724,46.365378084700616,48.33471298217773,183800
01-05-2025,48.37295034586743,51.34607108967723,47.79935949069972,51.07839584350586,321600
02-05-2025,51.67110833855502,52.86609235955214,51.01147847181327,52.40721893310547,243500
05-05-2025,51.99613984365816,52.34029579676899,51.1166334273096,51.21223068237305,132600
06-05-2025,50.95411995196047,51.40343512869735,49.81649643158645,51.20267868041992,148700
07-05-2025,51.996144198812026,52.48369972215679,50.801160176420495,51.16443634033203,99100
08-05-2025,51.74758871568421,52.71313419351384,51.05927675727779,52.02482223510742,95800
09-05-2025,51.795385201764695,52.37853795939679,51.37475215949316,51.5277099609375,102900
12-05-2025,53.86032072931178,55.67669792655818,53.238927570569096,53.40144729614258,172400
13-05-2025,53.58308288168566,53.58308288168566,52.47413785380549,52.560176849365234,93300
14-05-2025,52.22557922609975,52.789611792637146,51.33651088144247,52.20645904541016,132800
15-05-2025,51.938784710195165,53.09552831096634,51.77626499491566,52.84696960449219,127100
16-05-2025,52.85653450124134,53.71692081494008,52.53149869914132,53.60220336914063,164800
19-05-2025,53.03817180365432,53.83164296580372,52.617538729585945,53.15288925170898,77900
20-05-2025,52.9903757106424,53.47792762334406,52.84697615859964,53.29629135131836,91300
21-05-2025,52.72269423624114,52.9043304869053,51.432109360043135,51.47990798950195,99600
22-05-2025,51.489473117494754,52.92345397157959,51.33651530559778,52.46458053588867,130700
23-05-2025,51.34607370248413,52.091746228308665,51.19311589020252,52.03438568115234,178000
27-05-2025,53.12420859367644,54.09931597862266,52.78005261701285,53.97503662109375,113000
28-05-2025,53.6308841163474,54.347874565211946,52.53150094950296,52.70357894897461,119700
29-05-2025,53.2006862041162,53.39188071612831,52.52193255798761,53.06684494018555,239500
30-05-2025,52.91763897675956,52.94651772038922,51.96460004199306,52.26302719116211,134300
02-06-2025,51.99347722009544,52.29190436027883,50.89604092795289,50.9152946472168,148100
03-06-2025,50.95380395556887,52.60958715031176,50.95380395556887,52.40742492675781,108300
04-06-2025,52.61921354592779,52.91764070484231,51.98385545942568,52.68659973144531,80500
05-06-2025,52.66734339412233,53.22569024326432,52.05123905870461,52.12825393676758,78100
06-06-2025,53.02353338224571,53.15830575086848,52.0512407132872,52.70585250854492,85900
09-06-2025,53.22568913747997,54.30387170206132,53.22568913747997,53.8321647644043,76100
10-06-2025,54.3327516775732,55.32429803704204,54.3327516775732,54.57341766357422,71600
11-06-2025,54.91997732411915,55.34355181014457,53.966942075105,54.41939163208008,73000
12-06-2025,53.72627496296674,54.294246825466985,53.12942068557906,53.60112762451172,64700
13-06-2025,52.532573215899696,53.370089852194006,52.34003968500159,52.3881721496582,83600
16-06-2025,53.1294284994201,53.43748070686792,52.67697888538412,52.908016204833984,66100
17-06-2025,52.66734775805474,52.95614623017724,52.01273592936545,52.04161834716797,74800
18-06-2025,51.72393267876859,53.19680732111324,51.49289539132352,52.21489334106445,81000
20-06-2025,52.52294938770868,52.87913404100312,51.58916412856925,51.75281524658203,162600
23-06-2025,51.70467924665154,52.88875545013156,51.62766804116588,52.74435806274414,75200
24-06-2025,53.05241289616357,54.05358432370627,52.98502671087432,53.14867782592773,84200
25-06-2025,52.93689503297886,53.02353493996331,51.60841768330784,52.52294921875,144100
26-06-2025,52.91763431417473,53.44709871027308,52.91763431417473,53.19680404663086,59000
27-06-2025,53.47597795294704,54.14021838230609,52.840619937215294,53.34120559692383,226700
30-06-2025,53.44710481855826,53.707024534843775,52.50369455515435,52.54220199584961,89600
01-07-2025,52.25339990153801,56.11368453570776,52.25339990153801,55.06438064575195,112200
02-07-2025,55.32429939311652,56.86456027236837,54.534915233466,56.6142692565918,103800
03-07-2025,56.5853847589222,57.345890146696384,56.42173365314043,57.03783798217773,51700
07-07-2025,56.22920447116563,56.75866894027113,55.1317680913505,55.42056655883789,70600
08-07-2025,56.00778689733025,57.76945995310653,56.00778689733025,56.98007583618164,104400
09-07-2025,57.39402488102401,57.57693338563476,56.13293743018541,57.451786041259766,101900
10-07-2025,57.62506247184894,58.57809769010871,57.20148799949224,57.519168853759766,79600
11-07-2025,56.66240304665356,56.94157648513666,56.13293858653604,56.8164291381836,71900
14-07-2025,56.34472142011263,56.77792094438171,55.60346971686811,56.14256286621094,83900
15-07-2025,56.53725108847686,56.53725108847686,54.4578971862793,54.4578971862793,104200
16-07-2025,54.47715090518698,55.11250893996207,53.63000563472974,54.68893814086914,97300
17-07-2025,54.20761354396414,55.48795481064254,54.20761354396414,55.151023864746094,96200
18-07-2025,55.43019617804947,55.43019617804947,53.77441288422819,54.17873001098633,100700
21-07-2025,54.59267298377391,55.15101985035724,54.1979809020508,54.23648834228516,57900
22-07-2025,54.39051228488624,55.29541506105953,54.323126103270745,55.04512405395508,92000
23-07-2025,55.73824454439817,56.05592174042856,55.074004064229214,55.63235092163086,66500
24-07-2025,54.91034935634125,55.30504140571176,53.99581792323259,54.554161071777344,86500
25-07-2025,54.554169545637,55.21841008545773,53.88030765345929,54.91998291015625,56300
28-07-2025,54.77558195216434,54.77558195216434,53.976569085763884,54.07283401489258,74800
29-07-2025,53.99581792466402,54.30387007675301,53.11016523320468,53.17755508422852,91800
30-07-2025,50.8286572275678,50.8286572275678,46.15010971395457,48.03693389892578,327600
31-07-2025,46.978001468708015,49.32690392911999,46.85285412312746,48.87445068359375,209900
01-08-2025,48.287226814587264,49.01884984971917,47.67112243294529,47.99842834472656,168500
04-08-2025,48.316103215381865,48.604905343500405,47.863653647721264,47.96954727172852,110600
05-08-2025,48.36424235568239,49.06698665505981,47.92141411212152,48.82632064819336,148100
06-08-2025,48.9033254323177,48.9033254323177,47.3919434016539,47.42082214355469,99900
07-08-2025,47.80589550825493,48.27760249801791,47.13202995385287,47.44971084594727,74400
08-08-2025,47.42081988795575,47.66148585173851,46.97799539594055,47.08388900756836,68300
11-08-2025,46.78546865465894,47.41120171987048,46.178992982277954,46.79509735107422,111700
12-08-2025,47.35343898535039,48.508636474609375,46.958746907682986,48.508636474609375,101300
13-08-2025,48.508637841010085,49.22101080900539,47.75776110436311,48.78781127929688,125000
14-08-2025,48.04655536770969,48.4893798828125,47.430451055867294,48.4893798828125,112400
15-08-2025,48.73004904285569,48.73004904285569,47.3630679706794,47.50746536254883,111200
18-08-2025,47.24755104853178,48.02730654101486,46.65069672240114,46.86248397827149,143100
19-08-2025,47.19941180118858,48.16207574115014,46.84322717163882,47.690372467041016,109800
20-08-2025,47.71925155723704,48.17170478743713,47.04538605990774,47.83477020263672,137100
21-08-2025,47.42082298694543,48.094688464029055,47.218664445501766,47.9406623840332,119400
22-08-2025,48.13320226085325,50.34732883039812,47.95992243893243,49.95263671875,163200
25-08-2025,49.75047771050947,49.81786389929682,48.296852958618125,48.66266632080078,173700
26-08-2025,48.47976007369055,49.557942735376265,48.13320044293791,48.84557342529297,302300
27-08-2025,48.6434141614556,50.08741026287801,48.393123119675394,49.47130584716797,1037700
28-08-2025,49.856366576368586,49.856366576368586,48.10431849083108,48.37386322021485,152300
29-08-2025,48.6988500785651,48.8443623482453,48.13619227405212,48.53393173217773,148300
02-09-2025,47.903371390556295,48.16529791797844,46.9817788756913,47.51533126831055,166500
03-09-2025,47.088485618790926,47.69964375739657,46.60343736239784,46.91386795043945,157000
04-09-2025,47.457125200252655,48.136193579044594,46.63254454783564,48.01978302001953,145900
05-09-2025,48.02947616440683,49.36821037274691,47.80635441312089,48.65034103393555,147900
08-09-2025,48.66974466412919,48.66974466412919,47.53473341799933,48.53393173217773,107000
09-09-2025,48.504832601329504,48.504832601329504,47.1660981853578,47.331016540527344,110000
10-09-2025,47.07878373712616,47.25340140976461,46.34151199758298,46.622840881347656,174000
11-09-2025,46.43851849525302,48.077983951350895,46.43851849525302,48.02947616577149,166400
12-09-2025,47.777254211708005,47.777254211708005,46.63254000764148,46.67134475708008,82600
15-09-2025,46.89446822862784,47.54443115265904,46.496728783912914,47.20489883422852,178900
16-09-2025,46.96237877658223,47.4862318568266,46.26390800292307,47.331016540527344,187000
17-09-2025,47.43772052384811,49.25179995007671,47.06908281616881,47.40861511230469,178200
18-09-2025,47.59294036602561,48.78615873588407,47.37951793055301,48.40782165527344,156500
19-09-2025,48.61154003607643,48.61154003607643,47.10789108276367,47.10789108276367,386400
22-09-2025,46.729548489072336,47.18549504642407,46.0795855844961,46.57433319091797,142200
23-09-2025,46.60343634626146,47.52502875343893,45.74975039744844,45.78855514526367,141000
24-09-2025,45.83706701362551,46.79746433170983,45.788562920931874,46.13779830932617,180700
25-09-2025,46.01168205270334,46.17659669847028,45.04158545231007,45.05128479003906,158200
26-09-2025,45.39081634088046,46.04077922269846,45.22589801076466,45.817657470703125,146300
29-09-2025,45.88556671142578,46.16689560297846,45.01248202468864,45.88556671142578,178400
30-09-2025,45.87586591632548,46.35121114496548,45.69154520672563,46.27360534667969,95600
01-10-2025,46.07958375404457,46.87506258806443,45.68184433703463,46.26390075683594,120000
02-10-2025,46.13779810260964,47.592943080649526,46.13779810260964,47.331016540527344,117100
03-10-2025,47.50563520542895,48.59214244174271,47.37952160191146,47.66085052490234,147700
06-10-2025,47.757852961575765,48.1846941135777,47.17579650878906,47.17579650878906,103600
07-10-2025,47.03998249560901,47.03998249560901,46.25420297195209,46.27360534667969,116800
08-10-2025,46.18630068131292,47.3698197421951,45.81766292945004,47.3213119506836,94400
09-10-2025,47.24370488479781,47.44742428146061,46.4676283494456,46.69075012207031,77900
10-10-2025,46.76835097353956,47.43771992116687,45.69154327572559,45.78855514526367,87300
13-10-2025,46.19599657863544,46.87506490234641,45.88556597933179,46.079586029052734,95100
14-10-2025,44.95427625296484,45.88556809379076,44.87666674925027,45.54603576660156,157300
15-10-2025,45.70124661643201,46.60343665569209,45.17739361932143,45.69154357910156,172600
16-10-2025,45.58483629708223,45.62363734472152,44.837861545814654,44.84756088256836,135500
17-10-2025,44.63413920479925,45.09978879040504,44.23639978008873,44.255802154541016,134500
20-10-2025,44.45952544726243,44.88636658536758,44.10058706912617,44.207298278808594,132600
21-10-2025,44.05208639414972,45.28410951843967,43.90657042411061,44.87666702270508,169700
22-10-2025,44.93487340524529,45.11919042369494,43.96477682274755,44.10058975219727,160200
23-10-2025,44.33341718005124,45.041587283047264,44.19760424257597,44.61474609375,288600
24-10-2025,45.109493098324606,45.27440774840561,44.5856400322586,44.76025772094727,148800
27-10-2025,44.70205220983418,45.01248281957263,43.92597198486328,43.92597198486328,179600
28-10-2025,43.664040530883575,43.97447480617406,43.02377700805664,43.02377700805664,179400
29-10-2025,42.58724178424451,44.54683363963247,41.85966934169335,42.85886764526367,432600
30-10-2025,42.49993622906289,43.353618629876856,41.52013652498935,41.63654708862305,290700
31-10-2025,41.423119935910975,42.393216404196366,40.74405166798634,42.05368041992188,336300
03-11-2025,41.72385131742853,41.8499649061015,40.802262548134784,41.25820541381836,295100
04-11-2025,40.98658123253757,41.45222715512811,40.56943939968306,41.0447883605957,210100
05-11-2025,41.21940237932695,42.67454714577973,40.88956941757268,42.58723831176758,214200
06-11-2025,42.49993298965424,42.92677415752675,41.40372280550177,41.49103164672852,197500
07-11-2025,41.6947527215866,42.402922817551925,41.64624863020198,42.02458572387695,176100
10-11-2025,42.47083063320256,42.82976906221267,41.84027002394509,42.6551513671875,136000
11-11-2025,42.82976334518468,43.48942928264248,42.674548048172525,43.14019393920898,178800
12-11-2025,43.18870089576584,43.993879146079365,42.296210103166985,42.41262435913086,179900
13-11-2025,42.364116269373966,43.57673700573972,42.32531521828512,43.25660705566406,194700
14-11-2025,42.62604129185858,42.98497968163631,41.90817191355246,42.84916305541992,128900
17-11-2025,42.85886567388286,42.85886567388286,41.28731030643419,41.40372085571289,181100
18-11-2025,41.646244049072266,41.82086171934874,40.87986690737269,41.646244049072266,160800
19-11-2025,41.44252676935943,41.74325433849236,41.01568190897762,41.11269378662109,170700
20-11-2025,41.30671587758505,41.869369993155466,41.09329343687303,41.3746223449707,132200
21-11-2025,41.77236070902807,43.295412066986,41.32611346289483,42.81036376953125,161400
24-11-2025,42.47082908866889,42.70365390711035,41.714154904827815,42.64544677734375,202700
25-11-2025,43.04318513524481,44.54683412614758,43.04318513524481,44.0811882019043,164800
26-11-2025,43.78045622507461,44.80875615005482,43.78045622507461,44.05208206176758,275800
28-11-2025,44.340775119837296,44.71264385188934,43.9982597300878,44.360347747802734,59200
01-12-2025,44.145052051802935,44.849651717847,43.880827177036416,44.21355438232422,169100
02-12-2025,44.42884935305002,44.89858121725259,43.46980926390229,44.46799087524414,112600
03-12-2025,44.88879486095607,45.41724462956912,44.52671056754217,44.918155670166016,160300
04-12-2025,44.52670783986,44.99643969437481,43.9591128491357,44.04718780517578,155100
05-12-2025,43.85146952257351,44.90836527457779,43.78296719295735,44.1939811706543,126600
08-12-2025,44.32120472664843,44.77136399326027,43.6557502746582,43.6557502746582,141400
09-12-2025,43.57745952537163,44.83008163992879,43.57745952537163,44.42885208129883,120800
10-12-2025,44.40928043514996,46.21970571298381,44.40928043514996,45.896766662597656,326800
11-12-2025,45.9163374638758,47.78548444020067,45.9163374638758,47.13959884643555,139700
12-12-2025,47.49189359385223,47.49189359385223,46.70900714016761,46.96344757080078,235800
15-12-2025,47.5897589449551,47.7756933197516,46.669864052673816,47.1689567565918,215800
16-12-2025,47.25703009149765,47.73654641690489,46.6698624443639,47.37446212768555,187800
17-12-2025,47.27660079735036,48.25520976968395,47.27660079735036,47.69740295410156,178100
18-12-2025,47.765906059801125,48.43136047045058,47.51146563232496,47.853981018066406,141000
19-12-2025,47.48211152418649,47.65826145172378,46.435000139991125,46.523075103759766,415300
22-12-2025,46.39585353255163,47.60933036105671,46.21970361013803,46.346923828125,138000
23-12-2025,46.29799408812503,46.96344852048793,45.554249142261945,45.56403732299805,99500
24-12-2025,45.92612152841414,46.19034641133225,45.6814692738341,46.08269882202149,47100
26-12-2025,46.00440772608097,46.268632605653,45.75975547459913,46.06312561035156,76700
29-12-2025,45.96526639079871,46.30777805103384,45.701041510147135,46.20013046264648,119700
30-12-2025,46.20991941253715,46.74815363033682,45.74997197562427,46.35670852661133,108800
31-12-2025,46.35670827577146,46.513285569794974,45.87719194605447,46.346923828125,108800
02-01-2026,46.38607097265974,46.55243272110007,45.93590796756204,46.15120315551758,114200
05-01-2026,45.99462295216527,47.325531788076646,45.97505032421397,46.57200241088867,127800
06-01-2026,46.27841993990276,48.63686745173224,46.27841993990276,48.24542236328125,149700
07-01-2026,48.40199773250416,49.00873796885064,47.73654334838645,48.95980453491211,130300
08-01-2026,48.52922056928037,50.20264106712867,48.52922056928037,49.43932723999024,254100
09-01-2026,49.40996887450671,50.40814674558225,48.92066438617295,50.04606246948242,350600
12-01-2026,50.21243152716887,51.71948662184522,50.03628160012534,50.81916809082031,424700
13-01-2026,51.04424466923828,51.12253518017173,50.06563568115234,50.06563568115234,215500
14-01-2026,50.2026376901952,50.83873499208753,50.06563303639608,50.10477828979492,216500
15-01-2026,50.09499517905935,51.48462195056143,49.9286334349252,50.79959487915039,260600
16-01-2026,50.42772061621712,50.828950157217925,49.43932716797998,50.476654052734375,206200
20-01-2026,49.4882582703495,50.12435563208448,49.29253571803896,50.00691986083984,147100
21-01-2026,50.26136203115785,52.25772541396022,50.26136203115785,52.15007781982422,236000
22-01-2026,52.14028808777648,53.57884456099147,52.14028808777648,53.52991485595703,158100
23-01-2026,55.20333750147149,55.90793722661702,54.469380698810674,54.77275085449219,171600
26-01-2026,54.91953602170732,54.97825390560835,53.83327943466943,54.508522033691406,259700
27-01-2026,54.45959347283438,55.08590264852969,54.205153037022434,54.939109802246094,227100
28-01-2026,55.18376530427231,55.35013078872229,54.26387411498159,54.91954040527344,244800
29-01-2026,55.05654360162065,56.28959309719728,54.50852492189529,55.78071594238281,176700
30-01-2026,55.09568730795517,56.769107843154345,55.09568730795517,56.37766647338867,194000
02-02-2026,56.27980233833152,57.73793140102175,55.75135631181495,57.3856315612793,140100
03-02-2026,57.28777291734831,58.71654119037069,57.20948240387453,58.06087493896485,168100
04-02-2026,58.69696806004305,62.22974718874794,58.38381347502018,62.21017456054688,312000
05-02-2026,62.0731705376562,62.0731705376562,59.900657315150895,60.4095344543457,198800
06-02-2026,60.38996376474472,62.44504501590505,60.38996376474472,61.388145446777344,241300
09-02-2026,61.40771754170781,62.04381491386479,60.83033805613518,61.76001739501953,90900
10-02-2026,62.02423808815216,63.68787409783411,61.40771338657359,63.30621719360352,128600
11-02-2026,63.68787174275328,64.79369715947917,63.5117218345303,64.65669250488281,139100
12-02-2026,65.17536643861453,66.54542071120183,63.79553145040667,65.07750701904297,165700
13-02-2026,65.17535917217049,65.59616134898832,64.6566975866915,65.35150909423828,130300
17-02-2026,65.49830038893543,65.76252153268165,64.18696045211459,65.0383529663086,195000
18-02-2026,65.22429635415916,66.0756814712034,64.49033954777221,64.69584655761719,144100
19-02-2026,64.40225839523553,64.93070817164667,63.47258279570516,64.87199401855469,125100
20-02-2026,64.83285280330587,66.2420522949299,64.28483409709426,65.7918930053711,210300
23-02-2026,59.67557924920136,59.67557924920136,51.445477311722605,52.38494110107422,399100
24-02-2026,52.50237818919376,53.95071916731738,50.80938121005128,51.38676071166992,279800
25-02-2026,51.06381863694031,52.88403199983999,48.17692129971216,49.45890045166016,299100
26-02-2026,49.70355249713512,50.956170834922965,49.449112064086265,50.23200225830078,214900
27-02-2026,49.40996932070508,50.32986042316476,48.96959453060848,49.80141067504883,177900
02-03-2026,48.91870378180069,50.999721886893205,48.56365182311569,49.81620407104492,150900
03-03-2026,48.18887103698314,49.14554854714012,47.4787595851306,48.73131561279297,168800
04-03-2026,49.02719529157178,49.24417463195493,48.62282709686652,49.125823974609375,117400
05-03-2026,48.839803633717615,49.23430705632381,47.69573731225078,48.16914367675781,158000
06-03-2026,47.30123532281202,47.82395796457149,46.74892971803941,47.3406867980957,137900
09-03-2026,46.36428341680618,47.695742488640285,45.71334912467609,47.32096099853516,117500
10-03-2026,47.23219481127504,47.80422988800115,46.32483349794342,46.53194808959961,129000
11-03-2026,46.38400539212078,46.45304358702718,45.66403295788288,45.99936294555664,89900
12-03-2026,45.35829434319382,46.37414531295693,45.33856860679168,46.30510711669922,125900
13-03-2026,46.85741236099452,47.03494022507999,45.77252320251615,46.19661712646485,94900
16-03-2026,46.72919720020955,47.43930484078385,45.83169696037739,46.3149642944336,125000
17-03-2026,46.77851318375037,47.123704162679786,46.00922828082225,46.20647811889648,182900
18-03-2026,45.68375866976523,45.89087325437505,44.37202920493693,44.67776870727539,192600
19-03-2026,44.174775738230124,44.93419964635184,43.543567233375576,44.727081298828125,200000
20-03-2026,44.73694845452905,44.81584764073033,43.55343056311247,44.22409057617188,560200
23-03-2026,45.486506306320415,46.86727776578642,45.02296466565789,46.423458099365234,190000
24-03-2026,45.890874235502494,48.04093059618935,45.74293685574669,47.646427154541016,198000
25-03-2026,48.88911640879378,49.63867931252289,47.93243892467875,49.57950210571289,136600
26-03-2026,49.19486281488565,50.04305068860259,49.03706068226155,49.352664947509766,121400
27-03-2026,48.93843045316419,49.41183683609316,48.3565344020495,48.81021881103516,110700
30-03-2026,49.313212765712926,49.73730669648202,48.8200806380558,49.10609817504883,126300
31-03-2026,49.7964844312292,49.993734274532,48.82008115276214,49.293487548828125,138700
01-04-2026,48.977879564265386,49.88524457619016,48.83980317952232,49.32307052612305,135400
02-04-2026,48.93842801807554,49.57950124602001,48.48474739396372,49.28362274169922,132000
06-04-2026,48.81021849380546,49.31321159667983,48.06065557064822,48.71158981323242,134600
07-04-2026,48.71158988216057,48.95815594049286,47.833815316465504,48.74117660522461,136200
08-04-2026,50.28961339914428,51.03917253850088,50.0134568637608,50.8419189453125,197700
09-04-2026,50.3586563089644,51.532309466794594,50.28961810922731,51.16739273071289,110800
10-04-2026,51.35477931967085,52.00571357573988,51.20683817689625,51.70983505249024,107600
13-04-2026,51.798598859307646,51.81832459578276,50.57562953394704,51.67038345336914,107800
14-04-2026,51.63093022054344,51.67038169214894,50.822193864127584,51.06875991821289,93100
15-04-2026,50.77288460692971,50.78274935660275,49.332939663236864,49.52032852172852,159500
16-04-2026,49.57950359599115,50.49672963646982,49.26389934145005,50.09236145019531,249900
17-04-2026,50.338925469870176,51.74928357122037,50.338925469870176,50.71370315551758,160400
20-04-2026,50.57563101072295,51.04903741305035,50.45728035071601,50.85178756713867,77300
21-04-2026,50.95041159267208,51.48299519677204,49.90497012117582,50.546043395996094,114300
22-04-2026,50.99972346424859,51.34491820912629,50.32906347326857,50.33892822265625,91800
23-04-2026,50.398103709838296,51.17725340182464,50.20085386169465,51.05890274047852,83500
24-04-2026,50.664392569080064,51.82818466439103,50.23043766121645,51.34491729736328,139700
27-04-2026,51.34491897152714,52.01557897246554,51.04903668229581,51.93667602539063,190900
28-04-2026,49.974006684484586,51.27587892826136,47.85354084921901,48.65241622924805,175800
29-04-2026,48.46502244759759,49.707717453192046,47.66615084915767,48.25790786743164,196000
30-04-2026,48.31708442527085,49.540049916558885,48.15928230503048,49.3427963256836,508300
01-05-2026,49.658401273428,51.39422838309404,47.88312645486452,50.8813705444336,214300
04-05-2026,50.40796570473642,50.40796570473642,48.672138542460864,50.09236145019531,179700
05-05-2026,50.29947649135401,51.660522202799214,49.97400748462383,51.57175827026367,142600
06-05-2026,52.301589570281145,52.52842988588178,50.30933542535023,52.16351318359375,114800
07-05-2026,52.784865638314535,52.804591375734766,51.15752804299324,51.18711853027344,116000
08-05-2026,51.57175629213962,52.28186396288706,50.57562733608234,52.20296478271485,103400
11-05-2026,52.12406272967648,52.55802139607644,51.15752424170294,51.20683670043945,121100
12-05-2026,51.1476647455594,51.1476647455594,49.98387262642199,50.39810180664063,153000
13-05-2026,50.37837845890151,50.5065900993977,49.58936406843552,49.914833068847656,133100
14-05-2026,50.46714209699014,50.50659357168559,49.57950649014083,49.77676010131836,77000
15-05-2026,49.51046460151357,49.74716590745005,48.26776957729905,48.51433563232422,120300
18-05-2026,48.50447638256364,49.57950457146396,48.06065671516451,49.11595916748047,116300
19-05-2026,48.88911799917461,49.401975854646565,48.07052063765363,48.8200798034668,122700
20-05-2026,48.51433992976328,50.03318786621094,48.32695106577289,50.03318786621094,114900
21-05-2026,49.68799123943034,50.93068247076621,48.67213655936044,50.6939811706543,126900
22-05-2026,50.99972256409587,51.37450402592259,50.72356978290748,51.35477828979492,104600
26-05-2026,51.82818787370482,52.962393316209656,51.82818787370482,52.4692611694336,88400
27-05-2026,53.01170316989683,53.7119498809101,52.617195966968495,52.90321350097656,92200
28-05-2026,52.71582522934341,53.583738827963295,52.48898490196654,53.110328674316406,82400
29-05-2026,53.13005152225284,53.41606904385982,52.10433961125091,52.124061584472656,123100
01-06-2026,52.02966747100159,52.32777404785156,51.14528298374,52.32777404785156,110700
02-06-2026,52.26815123540549,53.37114898172277,51.04591161643064,51.94023513793945,89200
03-06-2026,51.72161983479357,51.87067501269689,51.00616483649729,51.28439712524414,82400
04-06-2026,51.73155797055427,51.73155797055427,50.63849552970416,51.22477340698242,84800
05-06-2026,51.23471420301779,51.592439812949685,50.57887823219659,50.95647811889648,85300
08-06-2026,51.05584980295672,51.73156005451925,49.97272635183125,51.10553359985352,221100
09-06-2026,51.80111898968157,52.9538005337562,51.46326385828224,52.06941604614258,169200
10-06-2026,52.54638434603461,52.97367180534412,51.35395431518555,51.35395431518555,184700
11-06-2026,52.07934894548656,52.84449152600192,51.56262913303603,52.81468200683594,241900
12-06-2026,53.33140033592724,54.37477903944362,53.10285183429559,54.13629150390625,109800
15-06-2026,54.42446078272533,54.93124156449553,53.62950867865902,54.1263542175293,120100
16-06-2026,54.4741460572059,55.13992106849269,53.56988730354081,53.83818435668945,117100
17-06-2026,53.89780720214576,54.62320125390753,52.576196213015855,53.450645446777344,105600
18-06-2026,53.867994167634144,54.434397797128746,53.01341920646524,53.59969711303711,300400
22-06-2026,53.639443025714016,54.54370173973045,52.87430045375695,53.16247177124024,112800
23-06-2026,52.89417708626953,53.629510172152834,51.820992663551245,52.41720581054688,252000
24-06-2026,52.61594415910516,54.74244249270047,52.606005125416935,54.70269393920898,133700
25-06-2026,54.56357778266248,55.34859465613789,53.52020289280097,55.09023284912109,122100
26-06-2026,54.59338556482718,55.87524794416344,54.08660479124082,55.35852813720703,538300
29-06-2026,55.080295553830325,55.080295553830325,53.39101999999818,54.30521774291992,160100
30-06-2026,54.38471338258919,55.44796255505749,53.669254578449504,55.36846923828125,94900
01-07-2026,55.59701714683345,56.49133685189806,55.40821341405852,55.45790100097656,114100
02-07-2026,55.149853945828745,56.45159060178973,55.149853945828745,56.3919677734375,100300
06-07-2026,56.19323025430998,56.79938242434026,55.5075847683874,56.491336822509766,154700
07-07-2026,56.73975841095596,57.882504654288574,55.75600637735295,56.15348052978516,127400
08-07-2026,55.636765702810166,55.69638474210562,54.25553190591818,54.94118118286133,179700
09-07-2026,55.189603931240285,56.16342074249818,54.61326128076054,56.103797912597656,117300
10-07-2026,56.09386237949318,56.97824683664182,56.09386237949318,56.21310424804688,84700
13-07-2026,56.47146751620652,57.19686157054416,55.91499913081305,56.441654205322266,108900
14-07-2026,56.9981202356721,57.316101074006994,56.26278717787856,56.54102325439453,174100
15-07-2026,56.96831330267842,58.60790136402715,54.76231781978908,58.27004623413086,93200
16-07-2026,58.32966644216268,59.78045449150322,56.98818122615827,58.86626052856445,143000
17-07-2026,58.41909936856293,59.780455083654665,57.554585401697615,58.26010894775391,116900
20-07-2026,57.971939392770814,58.74701724401466,57.10742919018108,57.34591293334961,167700
21-07-2026,57.35585164770157,58.44891034416878,56.12367301275843,58.23029708862305,120200
22-07-2026,58.39922390637164,58.83644660706126,57.99181072440636,58.56814956665039,79300
23-07-2026,57.77320070872196,58.08124631840784,55.92493463186818,57.23660659790039,139800
24-07-2026,57.23660425794179,59.85995187338874,56.71988823601304,57.20679473876953,89600
27-07-2026,57.75332556010506,58.60790051097064,56.46152789070323,57.17698669433594,96900
28-07-2026,57.63408483726512,58.80664065961856,57.2664201850247,57.644020080566406,140200
29-07-2026,62.31436433707586,65.97114767506277,60.60521832238212,65.72272491455078,465300
30-07-2026,65.09670372806826,66.32887852472577,62.8608950433458,64.65947723388672,296700
31-07-2026,64.53029981300133,64.58991885055212,62.76152714992666,63.73534393310547,163000
03-08-2026,63.69559804003724,64.5501729931592,61.718154872353374,63.009952545166016,203500
04-08-2026,63.65584711656637,63.88439939697928,62.612472257775565,63.62603759765625,209400
05-08-2026,64.11294559372558,64.14276269459337,62.79133841922104,63.854591369628906,195300
06-08-2026,63.87446124926723,64.57004955228018,63.19875101331076,63.55648040771485,132300
07-08-2026,63.61609974995152,65.30537913853495,63.61609974995152,64.73897552490234,118300
10-08-2026,64.23219240800387,65.48424532280963,63.04970135791466,64.4508056640625,131300
11-08-2026,64.92777404338035,65.49418525893294,63.98377051331586,64.63961029052734,84100
12-08-2026,64.48061636642235,64.94765240724475,63.20869294195555,64.53030395507812,86800
13-08-2026,64.58992412679194,65.06689920994495,64.36137182874197,64.86815643310547,82300
14-08-2026,64.84828624295893,64.96752432834681,64.24213403803131,64.75885009765625,83700
17-08-2026,64.4309293680273,64.68929118513326,64.05332946707372,64.31169128417969,70300
18-08-2026,64.78865703869907,64.78865703869907,62.98014332077674,63.02982711791992,119600
19-08-2026,63.87446008075027,64.76878355039977,63.16894033837709,63.47698593139648,100700
20-08-2026,62.68203643660826,63.49686283573616,62.49323270151693,63.268310546875,123800
21-08-2026,63.86452311751843,64.12288492407201,62.98014244317947,63.22856521606445,114800
24-08-2026,63.457113122457606,63.89433962467515,61.62872137939235,61.76783752441406,90800
25-08-2026,62.04607188911903,62.04607188911903,60.61515804738168,61.64859771728516,69800
26-08-2026,61.81752305521597,62.52304283370003,61.38030033135911,62.27462005615234,107300
27-08-2026,61.80758608396207,63.03976090339599,61.002694942583794,62.41373825073242,138200
28-08-2026,62.55285587172619,63.00995287066831,61.44985813772573,62.2547492980957,73200
31-08-2026,62.592603830599415,62.592603830599415,60.98282152516481,62.21500015258789,109100
01-09-2026,62.040000915527344,62.18000030517578,60.59999847412109,61.45000076293945,86800
02-09-2026,61.540000915527344,63.369998931884766,61.220001220703125,62.15999984741211,131900
03-09-2026,62.81999969482422,62.81999969482422,61.380001068115234,62.380001068115234,165200
04-09-2026,61.83000183105469,63.63999938964844,61.40999984741211,63.41999816894531,80700
08-09-2026,62.93999862670898,62.93999862670898,61.70000076293945,62.220001220703125,120000
09-09-2026,61.84000015258789,62.34999847412109,61.34999847412109,61.79999923706055,128700
10-09-2026,61.400001525878906,61.79999923706055,60.63999938964844,61.65999984741211,123500
11-09-2026,62.18999862670898,62.619998931884766,60.86000061035156,61.56999969482422,184700
14-09-2026,61.27000045776367,61.5,59.970001220703125,61.11000061035156,147600
15-09-2026,61.2400016784668,61.83000183105469,60.5,61.58000183105469,217900
16-09-2026,61.75,62.619998931884766,61.119998931884766,61.7599983215332,127700
17-09-2026,62.07,63.05,61.35,62.87,242200
18-09-2026,62.06,62.44,60.84,61.88,489200
21-09-2026,62.29,63.0,61.72,61.81,110400
22-09-2026,62.59,64.58,62.5,64.38,147100
23-09-2026,64.15,65.04,63.85,64.87,115400
24-09-2026,64.69,65.13,63.42,63.82,126000
25-09-2026,63.9,64.76,63.6,64.53,137300
28-09-2026,64.04,64.84,63.79,63.92,116900
29-09-2026,63.57,64.47,62.17,62.19,145700
30-09-2026,62.61,62.83,62.09,62.45,11768
