Date,Open,High,Low,Close,Volume
30-09-2021,55.09000015258789,55.79999923706055,54.540000915527344,54.68000030517578,516700
01-10-2021,54.900001525878906,54.900001525878906,53.34000015258789,53.9900016784668,568800
04-10-2021,53.5,54.0,51.09000015258789,51.900001525878906,646200
05-10-2021,51.97999954223633,53.38899993896485,51.220001220703125,52.290000915527344,433700
06-10-2021,51.369998931884766,52.65499877929688,50.88999938964844,51.09000015258789,422000
07-10-2021,51.310001373291016,52.68000030517578,51.2599983215332,51.68999862670898,415200
08-10-2021,51.70000076293945,51.7599983215332,50.11000061035156,50.20000076293945,430700
11-10-2021,50.0,52.27000045776367,49.68999862670898,50.95000076293945,372500
12-10-2021,51.369998931884766,52.27999877929688,51.04999923706055,51.369998931884766,326200
13-10-2021,52.59000015258789,54.5,52.060001373291016,54.0,505700
14-10-2021,54.59999847412109,56.0,54.5,55.0099983215332,523800
15-10-2021,55.75,55.75,54.3650016784668,55.36000061035156,396900
18-10-2021,55.0,55.150001525878906,53.16999816894531,53.2400016784668,386000
19-10-2021,53.619998931884766,56.34999847412109,53.619998931884766,55.709999084472656,326800
20-10-2021,55.8390007019043,56.334999084472656,55.209999084472656,55.97999954223633,440100
21-10-2021,56.18999862670898,56.8650016784668,55.630001068115234,56.0,487200
22-10-2021,55.97999954223633,55.97999954223633,52.255001068115234,52.66999816894531,568700
25-10-2021,52.790000915527344,55.34000015258789,52.790000915527344,54.880001068115234,348900
26-10-2021,54.61000061035156,56.08000183105469,54.5620002746582,54.77000045776367,522100
27-10-2021,54.90999984741211,55.07500076293945,52.35499954223633,53.72999954223633,395200
28-10-2021,53.869998931884766,55.5099983215332,53.77099990844727,55.119998931884766,363900
29-10-2021,54.84999847412109,55.5,54.52000045776367,54.58000183105469,234900
01-11-2021,54.7400016784668,57.86000061035156,54.59999847412109,57.33000183105469,746300
02-11-2021,56.68999862670898,58.43000030517578,55.59999847412109,57.810001373291016,432600
03-11-2021,57.77000045776367,59.869998931884766,56.91999816894531,59.25,529200
04-11-2021,59.540000915527344,59.869998931884766,57.91999816894531,58.91999816894531,605700
05-11-2021,59.34999847412109,59.64500045776367,56.36000061035156,57.27999877929688,321100
08-11-2021,57.2400016784668,57.507999420166016,55.720001220703125,56.0,460800
09-11-2021,55.79999923706055,55.79999923706055,53.5,53.84000015258789,519600
10-11-2021,52.52999877929688,54.060001373291016,51.09999847412109,51.15999984741211,895000
11-11-2021,47.06999969482422,48.43999862670898,44.0,45.15999984741211,4415800
12-11-2021,45.650001525878906,47.95000076293945,45.02000045776367,47.11000061035156,1252300
15-11-2021,48.15999984741211,48.56999969482422,45.34999847412109,45.45000076293945,1225700
16-11-2021,45.34999847412109,45.59000015258789,44.22999954223633,45.54999923706055,668000
17-11-2021,45.52000045776367,46.73899841308594,43.970001220703125,44.45000076293945,730300
18-11-2021,44.5,44.52999877929688,41.2599983215332,41.65999984741211,1058000
19-11-2021,41.25,42.09000015258789,39.84999847412109,40.79999923706055,1418100
22-11-2021,40.900001525878906,40.93999862670898,38.220001220703125,38.33000183105469,1131300
23-11-2021,38.27000045776367,38.75,36.93000030517578,38.2599983215332,1301500
24-11-2021,38.04999923706055,40.33000183105469,37.52999877929688,39.310001373291016,824400
26-11-2021,38.93999862670898,40.542999267578125,38.80099868774414,39.540000915527344,450000
29-11-2021,40.34000015258789,40.63999938964844,38.400001525878906,39.0099983215332,793100
30-11-2021,38.97999954223633,40.09000015258789,37.90999984741211,39.18000030517578,844400
01-12-2021,39.720001220703125,40.34999847412109,37.08000183105469,37.150001525878906,949300
02-12-2021,37.09000015258789,38.68000030517578,36.90999984741211,38.22999954223633,711400
03-12-2021,38.297000885009766,38.39500045776367,35.22999954223633,36.33000183105469,956800
06-12-2021,36.0099983215332,36.56999969482422,34.47800064086914,36.18000030517578,868800
07-12-2021,37.0,39.7400016784668,37.0,38.77000045776367,1124300
08-12-2021,39.02000045776367,41.88999938964844,38.0,41.119998931884766,1305900
09-12-2021,40.61000061035156,41.22999954223633,38.02000045776367,38.52999877929688,782400
10-12-2021,38.79999923706055,39.75,36.58000183105469,36.83000183105469,746200
13-12-2021,36.88999938964844,37.11000061035156,35.54999923706055,36.630001068115234,884100
14-12-2021,36.15999984741211,36.81999969482422,34.81999969482422,35.31999969482422,730500
15-12-2021,35.34000015258789,37.900001525878906,33.880001068115234,36.90999984741211,1025400
16-12-2021,37.619998931884766,37.970001220703125,34.73500061035156,35.040000915527344,916300
17-12-2021,35.0099983215332,38.400001525878906,34.119998931884766,38.18999862670898,1066400
20-12-2021,37.34999847412109,38.220001220703125,36.209999084472656,36.86000061035156,637600
21-12-2021,36.959999084472656,37.27000045776367,35.88999938964844,36.68999862670898,771500
22-12-2021,36.58000183105469,36.900001525878906,35.310001373291016,35.43000030517578,575700
23-12-2021,35.459999084472656,36.45000076293945,34.56999969482422,35.900001525878906,703900
27-12-2021,35.900001525878906,35.900001525878906,34.189998626708984,35.02000045776367,594300
28-12-2021,35.150001525878906,36.11000061035156,33.83000183105469,33.959999084472656,607600
29-12-2021,33.970001220703125,33.9900016784668,32.70000076293945,33.380001068115234,599600
30-12-2021,32.983001708984375,35.630001068115234,32.983001708984375,34.38999938964844,949400
31-12-2021,34.459999084472656,35.869998931884766,34.400001525878906,34.83000183105469,718500
03-01-2022,35.029998779296875,35.93000030517578,34.0,35.470001220703125,548100
04-01-2022,35.13999938964844,35.400001525878906,33.11000061035156,34.029998779296875,640500
05-01-2022,33.7400016784668,34.220001220703125,31.87700080871582,32.130001068115234,892800
06-01-2022,31.93000030517578,32.69499969482422,30.559999465942383,31.420000076293945,577300
07-01-2022,31.31999969482422,33.154998779296875,31.19499969482422,31.93000030517578,580300
10-01-2022,31.21699905395508,32.130001068115234,30.280000686645508,32.08000183105469,808800
11-01-2022,32.08000183105469,33.08000183105469,31.8700008392334,32.97999954223633,785500
12-01-2022,33.400001525878906,34.130001068115234,31.209999084472656,31.32999992370605,697500
13-01-2022,31.309999465942383,32.08000183105469,29.559999465942383,29.68000030517578,787200
14-01-2022,28.959999084472656,30.8700008392334,28.479999542236328,30.690000534057617,1361500
18-01-2022,30.440000534057617,30.440000534057617,28.64999961853028,28.790000915527344,954100
19-01-2022,29.13999938964844,30.21500015258789,27.790000915527344,27.850000381469727,740400
20-01-2022,28.18000030517578,29.63500022888184,27.209999084472656,27.3799991607666,761000
21-01-2022,26.82999992370605,27.96999931335449,26.26000022888184,27.07999992370605,1657000
24-01-2022,26.1200008392334,28.290000915527344,25.14999961853028,27.96999931335449,1664900
25-01-2022,27.309999465942383,27.950000762939453,26.36000061035156,27.59000015258789,1320900
26-01-2022,28.39999961853028,28.86000061035156,26.420000076293945,26.63999938964844,765600
27-01-2022,27.100000381469727,27.27499961853028,25.280000686645508,25.489999771118164,1005300
28-01-2022,25.440000534057617,26.46999931335449,24.3700008392334,26.21999931335449,1473200
31-01-2022,26.36000061035156,28.450000762939453,26.350000381469727,28.350000381469727,924600
01-02-2022,28.479999542236328,29.739999771118164,28.030000686645508,29.56999969482422,1171900
02-02-2022,29.530000686645508,29.739999771118164,28.01000022888184,28.06999969482422,840800
03-02-2022,27.36000061035156,27.989999771118164,26.40999984741211,26.559999465942383,892600
04-02-2022,26.5,26.84000015258789,25.600000381469727,26.3799991607666,1100100
07-02-2022,26.5,28.020000457763672,26.5,26.8700008392334,524600
08-02-2022,26.489999771118164,27.07999992370605,26.15999984741211,26.93000030517578,475200
09-02-2022,27.38999938964844,28.209999084472656,27.200000762939453,27.76000022888184,734800
10-02-2022,27.229999542236328,28.959999084472656,27.049999237060547,27.57999992370605,1364700
11-02-2022,27.57999992370605,28.600000381469727,27.26099967956543,27.6299991607666,719600
14-02-2022,27.68000030517578,28.3700008392334,26.90999984741211,26.989999771118164,630800
15-02-2022,27.76000022888184,28.3799991607666,27.59000015258789,28.200000762939453,821600
16-02-2022,28.0,28.100000381469727,26.71999931335449,28.030000686645508,781800
17-02-2022,27.84000015258789,28.46999931335449,26.81100082397461,26.93000030517578,766600
18-02-2022,26.709999084472656,27.15999984741211,25.61000061035156,25.739999771118164,623100
22-02-2022,25.43000030517578,26.739999771118164,25.31999969482422,26.21999931335449,746300
23-02-2022,26.5,26.690000534057617,24.6299991607666,24.84000015258789,774900
24-02-2022,23.440000534057617,27.5009994506836,23.13999938964844,27.39999961853028,1488800
25-02-2022,29.420000076293945,34.25,29.39999961853028,32.63999938964844,2975900
28-02-2022,31.940000534057617,35.20000076293945,31.780000686645508,34.7599983215332,1993100
01-03-2022,35.459999084472656,37.13999938964844,34.56999969482422,36.119998931884766,1609100
02-03-2022,36.0,36.119998931884766,34.02000045776367,35.52000045776367,1130400
03-03-2022,35.31999969482422,35.57500076293945,33.150001525878906,33.58000183105469,976000
04-03-2022,33.470001220703125,34.5,31.89999961853028,32.279998779296875,744100
07-03-2022,32.45000076293945,32.93000030517578,30.46999931335449,30.690000534057617,933900
08-03-2022,30.309999465942383,31.86000061035156,29.15999984741211,30.39999961853028,771800
09-03-2022,31.21999931335449,32.88999938964844,30.709999084472656,31.940000534057617,939500
10-03-2022,30.950000762939453,31.5,29.8700008392334,31.07999992370605,752100
11-03-2022,31.479999542236328,31.559999465942383,28.65999984741211,28.799999237060547,680700
14-03-2022,28.200000762939453,28.96999931335449,26.940000534057617,27.34000015258789,852000
15-03-2022,27.70499992370605,28.8799991607666,27.19499969482422,28.809999465942383,788500
16-03-2022,29.46999931335449,32.31999969482422,29.46999931335449,32.2599983215332,1180600
17-03-2022,31.989999771118164,33.33000183105469,31.375,33.16999816894531,711400
18-03-2022,32.75,34.86000061035156,32.369998931884766,34.59000015258789,1022700
21-03-2022,34.29999923706055,34.70000076293945,32.845001220703125,33.5,565900
22-03-2022,33.439998626708984,35.40999984741211,33.290000915527344,34.939998626708984,480200
23-03-2022,34.380001068115234,37.25,34.060001373291016,36.11000061035156,846000
24-03-2022,36.040000915527344,36.13999938964844,34.262001037597656,35.75,439600
25-03-2022,35.709999084472656,35.880001068115234,33.33000183105469,33.88999938964844,752400
28-03-2022,34.06999969482422,35.029998779296875,32.91999816894531,33.83000183105469,421800
29-03-2022,34.31999969482422,36.08000183105469,34.31999969482422,36.02999877929688,632900
30-03-2022,35.79999923706055,36.20000076293945,34.15999984741211,34.36000061035156,401900
31-03-2022,34.279998779296875,34.650001525878906,33.56999969482422,34.119998931884766,358700
01-04-2022,34.290000915527344,36.0,34.290000915527344,35.59000015258789,857000
04-04-2022,35.77000045776367,36.33000183105469,35.220001220703125,35.900001525878906,428100
05-04-2022,35.83000183105469,36.15999984741211,33.040000915527344,33.470001220703125,428300
06-04-2022,32.709999084472656,33.63999938964844,31.459999084472656,33.209999084472656,579600
07-04-2022,33.11000061035156,33.80699920654297,32.040000915527344,32.81999969482422,405800
08-04-2022,32.5,32.7599983215332,31.270000457763672,31.440000534057617,461500
11-04-2022,31.190000534057617,31.68000030517578,30.09000015258789,31.18000030517578,389500
12-04-2022,32.04999923706055,33.58000183105469,30.950000762939453,31.299999237060547,470900
13-04-2022,31.31999969482422,32.45000076293945,31.06999969482422,31.549999237060547,419900
14-04-2022,31.549999237060547,31.6200008392334,29.541000366210938,29.81999969482422,737000
18-04-2022,29.64999961853028,30.34000015258789,28.420000076293945,28.700000762939453,784100
19-04-2022,28.63999938964844,30.13999938964844,28.40999984741211,29.350000381469727,608600
20-04-2022,29.440000534057617,29.700000762939453,28.100000381469727,29.229999542236328,470800
21-04-2022,29.82999992370605,30.540000915527344,27.5,27.65999984741211,476800
22-04-2022,27.59000015258789,28.32999992370605,26.3700008392334,26.920000076293945,497600
25-04-2022,26.61000061035156,27.600000381469727,26.25,27.540000915527344,539100
26-04-2022,27.299999237060547,27.39999961853028,25.540000915527344,25.68000030517578,414600
27-04-2022,25.56999969482422,26.43000030517578,24.93000030517578,25.229999542236328,354100
28-04-2022,25.479999542236328,25.57999992370605,23.88999938964844,25.350000381469727,485900
29-04-2022,25.01000022888184,26.25,24.56999969482422,24.71999931335449,516600
02-05-2022,24.770000457763672,26.280000686645508,24.3799991607666,26.270000457763672,767600
03-05-2022,26.25,26.940000534057617,25.38999938964844,26.100000381469727,784500
04-05-2022,25.950000762939453,27.170000076293945,24.46500015258789,26.8799991607666,1004500
05-05-2022,26.06999969482422,26.8700008392334,24.459999084472656,24.670000076293945,1138500
06-05-2022,24.5,25.53499984741211,22.38999938964844,25.030000686645508,1411500
09-05-2022,23.920000076293945,24.75,22.799999237060547,23.36000061035156,1532500
10-05-2022,24.15999984741211,24.88999938964844,22.09000015258789,23.290000915527344,795800
11-05-2022,22.989999771118164,24.1200008392334,21.01000022888184,21.38999938964844,949100
12-05-2022,20.8799991607666,23.559999465942383,20.709999084472656,22.489999771118164,1480500
13-05-2022,23.049999237060547,24.84000015258789,23.01000022888184,24.56999969482422,1007500
16-05-2022,24.479999542236328,24.89999961853028,23.76000022888184,23.84000015258789,559300
17-05-2022,24.690000534057617,24.96999931335449,23.559999465942383,24.770000457763672,744800
18-05-2022,24.239999771118164,24.770000457763672,23.15999984741211,23.459999084472656,602700
19-05-2022,23.5,25.100000381469727,23.31999969482422,24.71999931335449,753800
20-05-2022,25.06999969482422,25.34000015258789,23.530000686645508,24.75,553400
23-05-2022,24.790000915527344,25.0,23.600000381469727,24.670000076293945,772600
24-05-2022,24.18000030517578,24.530000686645508,23.690000534057617,24.09000015258789,668600
25-05-2022,24.0,25.0,23.989999771118164,24.86000061035156,636400
26-05-2022,24.86000061035156,25.924999237060547,24.6200008392334,25.170000076293945,702200
27-05-2022,25.540000915527344,26.89999961853028,25.31999969482422,26.5,758900
31-05-2022,26.31999969482422,26.631000518798828,25.23500061035156,25.84000015258789,819900
01-06-2022,26.059999465942383,26.51000022888184,25.1299991607666,25.520000457763672,480600
02-06-2022,25.520000457763672,26.89999961853028,25.450000762939453,26.6200008392334,526400
03-06-2022,26.21999931335449,26.600000381469727,25.670000076293945,26.479999542236328,477800
06-06-2022,26.8799991607666,27.170000076293945,25.13999938964844,25.25,589500
07-06-2022,24.89999961853028,26.40999984741211,24.520000457763672,26.3799991607666,463800
08-06-2022,26.530000686645508,27.6200008392334,26.36000061035156,27.43000030517578,559300
09-06-2022,27.190000534057617,27.38999938964844,26.513999938964844,26.600000381469727,593000
10-06-2022,25.959999084472656,26.56999969482422,25.06999969482422,25.1200008392334,512300
13-06-2022,23.96999931335449,24.36000061035156,22.950000762939453,23.1299991607666,560100
14-06-2022,23.290000915527344,23.5,22.31999969482422,22.670000076293945,785700
15-06-2022,22.5,25.165000915527344,22.39999961853028,24.51000022888184,626300
16-06-2022,23.600000381469727,24.030000686645508,23.059999465942383,23.809999465942383,686800
17-06-2022,24.040000915527344,25.51000022888184,24.040000915527344,25.09000015258789,1069100
21-06-2022,25.559999465942383,26.1299991607666,25.459999084472656,25.59000015258789,558800
22-06-2022,25.21999931335449,27.940000534057617,25.200000762939453,27.3700008392334,662000
23-06-2022,27.559999465942383,29.59000015258789,27.559999465942383,29.450000762939453,741300
24-06-2022,29.75,30.739999771118164,29.040000915527344,30.40999984741211,1957400
27-06-2022,30.020000457763672,30.26000022888184,28.86000061035156,29.040000915527344,542500
28-06-2022,29.059999465942383,29.61000061035156,27.790000915527344,27.8700008392334,882800
29-06-2022,27.8700008392334,27.8700008392334,26.700000762939453,27.549999237060547,551800
30-06-2022,27.11000061035156,27.26000022888184,26.049999237060547,26.40999984741211,506200
01-07-2022,26.450000762939453,27.86000061035156,26.450000762939453,27.739999771118164,354200
05-07-2022,28.459999084472656,30.75,27.09000015258789,30.709999084472656,708700
06-07-2022,30.799999237060547,31.38999938964844,29.770000457763672,30.0,369200
07-07-2022,29.8700008392334,32.369998931884766,29.770000457763672,32.349998474121094,759800
08-07-2022,31.64999961853028,32.779998779296875,31.43000030517578,32.02000045776367,625300
11-07-2022,31.850000381469727,32.0,30.27300071716309,30.76000022888184,402200
12-07-2022,30.8799991607666,31.350000381469727,30.049999237060547,31.18000030517578,467000
13-07-2022,30.18000030517578,32.1150016784668,30.01000022888184,31.450000762939453,569100
14-07-2022,31.450000762939453,32.02000045776367,30.479999542236328,31.565000534057617,506300
15-07-2022,32.16999816894531,32.34000015258789,30.96500015258789,32.04999923706055,620100
18-07-2022,32.369998931884766,32.65999984741211,30.350000381469727,30.520000457763672,665600
19-07-2022,31.040000915527344,31.940000534057617,30.51499938964844,31.8799991607666,362000
20-07-2022,32.0,33.40999984741211,32.0,32.66999816894531,650400
21-07-2022,32.72999954223633,33.93000030517578,32.47999954223633,33.310001373291016,766200
22-07-2022,33.380001068115234,33.45500183105469,30.96999931335449,31.489999771118164,420800
25-07-2022,31.56999969482422,31.739999771118164,30.39999961853028,31.540000915527344,373400
26-07-2022,31.780000686645508,32.130001068115234,30.815000534057617,31.5,506100
27-07-2022,31.950000762939453,32.43000030517578,31.51000022888184,32.16999816894531,412600
28-07-2022,32.02000045776367,32.69900131225586,31.25,32.13999938964844,389800
29-07-2022,31.96999931335449,32.479000091552734,31.26000022888184,31.299999237060547,373000
01-08-2022,31.06999969482422,31.86000061035156,30.51000022888184,30.8700008392334,340800
02-08-2022,30.479999542236328,31.89999961853028,30.31999969482422,31.450000762939453,349300
03-08-2022,32.0,33.189998626708984,31.61000061035156,33.06999969482422,510400
04-08-2022,33.27000045776367,34.720001220703125,33.20000076293945,34.709999084472656,668900
05-08-2022,33.40999984741211,33.790000915527344,29.89999961853028,33.58000183105469,1612300
08-08-2022,34.34000015258789,34.43000030517578,32.720001220703125,32.810001373291016,1175200
09-08-2022,32.68000030517578,32.68000030517578,31.025999069213867,31.440000534057617,637200
10-08-2022,32.4900016784668,33.2400016784668,31.84000015258789,33.06999969482422,687500
11-08-2022,33.45000076293945,35.2400016784668,31.049999237060547,31.190000534057617,927300
12-08-2022,31.280000686645508,31.770000457763672,30.90999984741211,31.549999237060547,553600
15-08-2022,31.34000015258789,31.850000381469727,30.57999992370605,31.57999992370605,532100
16-08-2022,31.32999992370605,31.32999992370605,29.51000022888184,30.040000915527344,773300
17-08-2022,29.63999938964844,29.64999961853028,28.32999992370605,28.600000381469727,538500
18-08-2022,28.61000061035156,28.700000762939453,27.5009994506836,28.549999237060547,713200
19-08-2022,28.07999992370605,28.350000381469727,27.530000686645508,27.8799991607666,1169400
22-08-2022,27.61000061035156,28.239999771118164,27.40999984741211,27.850000381469727,706100
23-08-2022,27.950000762939453,28.82999992370605,27.780000686645508,28.190000534057617,341000
24-08-2022,28.059999465942383,28.81999969482422,27.82999992370605,28.479999542236328,375400
25-08-2022,28.96999931335449,29.030000686645508,28.32999992370605,28.8799991607666,299200
26-08-2022,28.959999084472656,29.049999237060547,27.6299991607666,27.690000534057617,474500
29-08-2022,27.209999084472656,27.739999771118164,26.96999931335449,27.100000381469727,479100
30-08-2022,27.5,27.871000289916992,26.725000381469727,26.950000762939453,397800
31-08-2022,27.46999931335449,27.65999984741211,27.040000915527344,27.440000534057617,325900
01-09-2022,27.040000915527344,27.600000381469727,26.479999542236328,27.57999992370605,514400
02-09-2022,28.059999465942383,28.059999465942383,26.100000381469727,26.770000457763672,729100
06-09-2022,26.8799991607666,26.8799991607666,25.8799991607666,25.90999984741211,343400
07-09-2022,25.82999992370605,27.34000015258789,25.82999992370605,27.1200008392334,330000
08-09-2022,26.71999931335449,28.40999984741211,26.71999931335449,28.38999938964844,480400
09-09-2022,28.93000030517578,28.93000030517578,27.920000076293945,28.049999237060547,563100
12-09-2022,28.299999237060547,28.809999465942383,28.030000686645508,28.790000915527344,295900
13-09-2022,27.64999961853028,28.25,27.280000686645508,28.18000030517578,562500
14-09-2022,28.280000686645508,29.040000915527344,28.020000457763672,28.959999084472656,646400
15-09-2022,28.59000015258789,30.09000015258789,28.450000762939453,28.940000534057617,461400
16-09-2022,28.26000022888184,28.36000061035156,27.32999992370605,27.700000762939453,910500
19-09-2022,27.239999771118164,27.61000061035156,26.63999938964844,27.38999938964844,461900
20-09-2022,27.09000015258789,27.38999938964844,26.690000534057617,26.809999465942383,360000
21-09-2022,26.959999084472656,27.020000457763672,25.979999542236328,26.13999938964844,451700
22-09-2022,25.90999984741211,25.90999984741211,24.559999465942383,24.979999542236328,488600
23-09-2022,24.600000381469727,24.93000030517578,23.71199989318848,24.1200008392334,664300
26-09-2022,24.020000457763672,24.739999771118164,23.700000762939453,23.950000762939453,570600
27-09-2022,24.309999465942383,24.82900047302246,23.940000534057617,24.1200008392334,423300
28-09-2022,24.299999237060547,25.780000686645508,24.26499938964844,25.690000534057617,392200
29-09-2022,25.229999542236328,25.290000915527344,24.559999465942383,25.21999931335449,358200
30-09-2022,25.190000534057617,25.86000061035156,24.90999984741211,24.979999542236328,740600
03-10-2022,25.030000686645508,25.600000381469727,24.76000022888184,25.18000030517578,323700
04-10-2022,25.780000686645508,27.0,25.780000686645508,26.3799991607666,480200
05-10-2022,25.8700008392334,26.36000061035156,24.8799991607666,26.270000457763672,451800
06-10-2022,26.3799991607666,27.0,25.07999992370605,25.459999084472656,470400
07-10-2022,25.18000030517578,25.82999992370605,24.40999984741211,24.530000686645508,594500
10-10-2022,24.489999771118164,24.489999771118164,23.31999969482422,23.82999992370605,435600
11-10-2022,23.75,23.86000061035156,22.93000030517578,23.450000762939453,337900
12-10-2022,23.479999542236328,23.56999969482422,22.46999931335449,23.170000076293945,289600
13-10-2022,22.26000022888184,23.450000762939453,22.14999961853028,23.0,393500
14-10-2022,23.309999465942383,23.59000015258789,21.86000061035156,21.90999984741211,362500
17-10-2022,22.540000915527344,23.200000762939453,22.14999961853028,22.39999961853028,418500
18-10-2022,23.209999084472656,23.809999465942383,22.71999931335449,22.90999984741211,326900
19-10-2022,22.51000022888184,22.51000022888184,21.26000022888184,21.43000030517578,302800
20-10-2022,21.40999984741211,22.21999931335449,21.190000534057617,21.32999992370605,320000
21-10-2022,21.459999084472656,21.809999465942383,21.01000022888184,21.709999084472656,290600
24-10-2022,21.89999961853028,22.049999237060547,21.11000061035156,21.86000061035156,357200
25-10-2022,22.0,23.420000076293945,22.0,22.68000030517578,392400
26-10-2022,22.6299991607666,24.062000274658203,22.5,23.21999931335449,424800
27-10-2022,23.5,23.790000915527344,22.809999465942383,23.39999961853028,459800
28-10-2022,23.36000061035156,24.440000534057617,23.26000022888184,24.3799991607666,427600
31-10-2022,24.26000022888184,24.3700008392334,23.71999931335449,23.96999931335449,762200
01-11-2022,24.489999771118164,24.979999542236328,24.270000457763672,24.690000534057617,327500
02-11-2022,24.46999931335449,26.530000686645508,24.0049991607666,24.5,942900
03-11-2022,24.11000061035156,25.61000061035156,23.89999961853028,24.65999984741211,483600
04-11-2022,24.07999992370605,24.6200008392334,20.040000915527344,20.920000076293945,1772800
07-11-2022,21.059999465942383,21.18000030517578,20.049999237060547,20.61000061035156,679300
08-11-2022,20.81999969482422,21.64999961853028,20.520000457763672,20.670000076293945,561500
09-11-2022,20.309999465942383,20.729999542236328,19.89999961853028,20.030000686645508,540800
10-11-2022,21.25,22.01000022888184,21.11000061035156,21.700000762939453,597200
11-11-2022,21.68000030517578,24.299999237060547,21.68000030517578,21.96999931335449,1022500
14-11-2022,21.989999771118164,22.155000686645508,21.040000915527344,21.59000015258789,705000
15-11-2022,22.350000381469727,22.739999771118164,21.989999771118164,22.270000457763672,595900
16-11-2022,22.299999237060547,22.299999237060547,20.8700008392334,21.049999237060547,407200
17-11-2022,20.57999992370605,20.64999961853028,19.049999237060547,19.09000015258789,889300
18-11-2022,19.729999542236328,19.729999542236328,18.6200008392334,18.65999984741211,565200
21-11-2022,18.64999961853028,18.690000534057617,18.229999542236328,18.40999984741211,351200
22-11-2022,18.479999542236328,18.51000022888184,17.729999542236328,18.040000915527344,464500
23-11-2022,18.11000061035156,18.67300033569336,18.11000061035156,18.459999084472656,281600
25-11-2022,18.31999969482422,18.59000015258789,18.14999961853028,18.229999542236328,156900
28-11-2022,18.100000381469727,18.3799991607666,17.309999465942383,17.489999771118164,586700
29-11-2022,17.459999084472656,17.764999389648438,17.149999618530273,17.420000076293945,434900
30-11-2022,17.559999465942383,18.065000534057617,16.899999618530273,18.0,752700
01-12-2022,18.100000381469727,18.6200008392334,17.25,17.6299991607666,587800
02-12-2022,17.450000762939453,17.549999237060547,16.719999313354492,17.350000381469727,787100
05-12-2022,17.290000915527344,17.66900062561035,16.229999542236328,16.479999542236328,697900
06-12-2022,16.479999542236328,16.510000228881836,15.850000381469728,16.239999771118164,705800
07-12-2022,16.290000915527344,16.790000915527344,15.954999923706056,16.6299991607666,897400
08-12-2022,16.739999771118164,16.8700008392334,16.065000534057617,16.43000030517578,658000
09-12-2022,16.329999923706055,16.600000381469727,16.065000534057617,16.489999771118164,632900
12-12-2022,16.600000381469727,17.06999969482422,16.40999984741211,17.030000686645508,891300
13-12-2022,20.229999542236328,21.299999237060547,19.375,20.540000915527344,2945900
14-12-2022,20.549999237060547,21.59000015258789,19.959999084472656,20.520000457763672,991700
15-12-2022,20.030000686645508,20.489999771118164,19.75,19.88999938964844,757700
16-12-2022,19.51000022888184,20.709999084472656,19.51000022888184,20.540000915527344,925600
19-12-2022,20.64999961853028,20.64999961853028,18.88599967956543,19.020000457763672,1095900
20-12-2022,18.88999938964844,19.61000061035156,18.520000457763672,19.61000061035156,692000
21-12-2022,19.770000457763672,20.030000686645508,19.229999542236328,19.280000686645508,662900
22-12-2022,18.989999771118164,19.540000915527344,18.81999969482422,19.520000457763672,696000
23-12-2022,19.450000762939453,19.459999084472656,18.395000457763672,18.86000061035156,596900
27-12-2022,18.690000534057617,18.690000534057617,17.40999984741211,17.639999389648438,471800
28-12-2022,17.600000381469727,18.299999237060547,17.329999923706055,17.709999084472656,598700
29-12-2022,17.950000762939453,19.020000457763672,17.760000228881836,18.8700008392334,604600
30-12-2022,18.61000061035156,18.850000381469727,18.26000022888184,18.690000534057617,453500
03-01-2023,19.1200008392334,19.489999771118164,18.299999237060547,18.309999465942383,446600
04-01-2023,18.63999938964844,18.63999938964844,18.010000228881836,18.21999931335449,667100
05-01-2023,18.06999969482422,18.57999992370605,17.739999771118164,18.440000534057617,460900
06-01-2023,18.420000076293945,18.420000076293945,17.3700008392334,18.09000015258789,573600
09-01-2023,18.46999931335449,18.770000457763672,18.020000457763672,18.65999984741211,589600
10-01-2023,18.559999465942383,20.3799991607666,18.559999465942383,20.239999771118164,867500
11-01-2023,20.38999938964844,22.100000381469727,20.21999931335449,21.780000686645508,1031000
12-01-2023,21.8799991607666,23.46999931335449,20.98500061035156,23.32999992370605,1189300
13-01-2023,23.11000061035156,24.0,22.86000061035156,23.82999992370605,856600
17-01-2023,23.76000022888184,24.020000457763672,23.3799991607666,23.61000061035156,469800
18-01-2023,23.989999771118164,24.739999771118164,23.56999969482422,23.809999465942383,704000
19-01-2023,23.1200008392334,23.834999084472656,22.420000076293945,23.770000457763672,579900
20-01-2023,24.270000457763672,24.270000457763672,22.809999465942383,23.100000381469727,638000
23-01-2023,23.209999084472656,23.8799991607666,23.030000686645508,23.799999237060547,653700
24-01-2023,23.700000762939453,23.90999984741211,22.190000534057617,22.68000030517578,427000
25-01-2023,22.32999992370605,23.011999130249023,21.670000076293945,22.979999542236328,347100
26-01-2023,23.420000076293945,23.549999237060547,22.309999465942383,22.88999938964844,259300
27-01-2023,22.6299991607666,23.280000686645508,22.6299991607666,22.96999931335449,292800
30-01-2023,22.709999084472656,22.709999084472656,21.96999931335449,22.049999237060547,416600
31-01-2023,22.479999542236328,24.3799991607666,22.479999542236328,24.18000030517578,685000
01-02-2023,24.3700008392334,25.27499961853028,23.701000213623047,25.13999938964844,764800
02-02-2023,25.57999992370605,28.049999237060547,25.57999992370605,27.61000061035156,1129100
03-02-2023,26.82999992370605,27.51000022888184,25.8700008392334,26.1299991607666,801900
06-02-2023,25.86000061035156,26.209999084472656,25.190000534057617,25.440000534057617,503100
07-02-2023,25.459999084472656,26.61000061035156,25.049999237060547,26.61000061035156,568200
08-02-2023,26.3799991607666,26.39999961853028,24.06999969482422,24.270000457763672,538100
09-02-2023,24.540000915527344,25.190000534057617,23.190000534057617,23.290000915527344,447500
10-02-2023,22.979999542236328,23.43000030517578,22.709999084472656,23.280000686645508,343700
13-02-2023,23.40999984741211,23.40999984741211,22.75,22.920000076293945,453500
14-02-2023,22.540000915527344,24.3700008392334,22.309999465942383,24.18000030517578,550100
15-02-2023,23.959999084472656,24.700000762939453,23.940000534057617,24.38999938964844,364100
16-02-2023,23.850000381469727,24.46999931335449,23.530000686645508,23.940000534057617,391800
17-02-2023,23.96999931335449,23.96999931335449,23.270000457763672,23.799999237060547,431800
21-02-2023,23.309999465942383,23.700000762939453,22.93000030517578,22.96999931335449,601200
22-02-2023,23.030000686645508,23.270000457763672,22.2450008392334,22.559999465942383,328400
23-02-2023,22.82999992370605,22.8700008392334,21.979999542236328,22.43000030517578,313600
24-02-2023,21.75,22.14999961853028,21.299999237060547,21.63999938964844,343200
27-02-2023,21.959999084472656,22.0,21.25,21.489999771118164,412100
28-02-2023,21.440000534057617,22.239999771118164,21.26000022888184,21.729999542236328,593300
01-03-2023,26.670000076293945,28.26000022888184,24.520000457763672,24.600000381469727,2096900
02-03-2023,24.5,25.739999771118164,23.81999969482422,24.3700008392334,734700
03-03-2023,24.5,26.25,24.1299991607666,26.15999984741211,703300
06-03-2023,26.43000030517578,26.51000022888184,25.030000686645508,25.1200008392334,496100
07-03-2023,25.040000915527344,25.940000534057617,24.86000061035156,25.299999237060547,475300
08-03-2023,25.290000915527344,25.700000762939453,24.89999961853028,25.40999984741211,337600
09-03-2023,25.57999992370605,25.7450008392334,24.600000381469727,24.809999465942383,336500
10-03-2023,24.68000030517578,24.940000534057617,22.690000534057617,23.46999931335449,1052200
13-03-2023,22.90999984741211,24.479999542236328,22.8700008392334,24.31999969482422,856100
14-03-2023,24.86000061035156,25.700000762939453,24.71999931335449,25.61000061035156,446700
15-03-2023,25.1200008392334,25.799999237060547,24.76499938964844,25.739999771118164,476000
16-03-2023,25.6299991607666,26.770000457763672,25.440000534057617,26.6299991607666,473700
17-03-2023,26.600000381469727,26.64999961853028,25.57999992370605,25.6200008392334,680200
20-03-2023,25.709999084472656,25.76000022888184,24.799999237060547,25.38999938964844,509700
21-03-2023,25.709999084472656,27.09000015258789,25.584999084472656,26.76000022888184,437300
22-03-2023,26.729999542236328,27.299999237060547,25.989999771118164,26.030000686645508,609300
23-03-2023,26.3700008392334,26.8799991607666,25.26000022888184,25.6299991607666,525100
24-03-2023,25.549999237060547,25.799999237060547,25.1299991607666,25.56999969482422,336700
27-03-2023,25.799999237060547,26.020000457763672,25.309999465942383,25.6200008392334,490100
28-03-2023,25.57999992370605,25.6299991607666,24.209999084472656,24.280000686645508,292600
29-03-2023,24.59000015258789,25.166000366210938,24.3799991607666,24.6299991607666,338900
30-03-2023,24.90999984741211,25.290000915527344,24.420000076293945,25.11000061035156,413500
31-03-2023,25.43000030517578,26.850000381469727,25.270000457763672,26.32999992370605,555300
03-04-2023,26.32999992370605,26.6200008392334,25.6200008392334,26.40999984741211,601900
04-04-2023,26.51000022888184,26.959999084472656,25.690000534057617,26.8799991607666,411000
05-04-2023,26.75,26.8700008392334,26.25,26.780000686645508,297000
06-04-2023,26.700000762939453,27.540000915527344,26.479999542236328,27.299999237060547,372100
10-04-2023,27.0,27.38999938964844,26.655000686645508,27.350000381469727,513500
11-04-2023,27.479999542236328,27.8129997253418,26.8799991607666,27.71999931335449,375300
12-04-2023,28.239999771118164,28.530000686645508,26.51000022888184,26.59000015258789,403000
13-04-2023,26.90999984741211,28.600000381469727,26.700000762939453,28.18000030517578,521600
14-04-2023,28.07999992370605,28.520000457763672,27.46500015258789,27.489999771118164,374900
17-04-2023,27.540000915527344,29.5,27.5,29.09000015258789,612900
18-04-2023,29.280000686645508,29.6200008392334,28.742000579833984,29.600000381469727,733500
19-04-2023,29.25,30.020000457763672,29.25,29.709999084472656,574600
20-04-2023,29.309999465942383,29.46999931335449,28.02499961853028,28.299999237060547,364400
21-04-2023,28.38999938964844,29.63999938964844,28.38999938964844,29.600000381469727,341100
24-04-2023,29.940000534057617,30.01000022888184,28.850000381469727,29.3799991607666,363500
25-04-2023,29.190000534057617,29.44499969482422,28.8799991607666,28.96999931335449,339700
26-04-2023,28.96999931335449,29.0,28.21999931335449,28.43000030517578,294800
27-04-2023,28.540000915527344,28.549999237060547,27.76000022888184,28.290000915527344,607800
28-04-2023,28.1200008392334,29.90999984741211,28.1200008392334,29.520000457763672,411300
01-05-2023,29.36000061035156,31.0049991607666,29.13500022888184,30.8799991607666,628900
02-05-2023,30.709999084472656,30.76000022888184,28.36000061035156,28.3799991607666,574200
03-05-2023,28.479999542236328,30.084999084472656,28.309999465942383,29.14999961853028,740700
04-05-2023,29.14999961853028,30.75,28.3799991607666,30.1200008392334,2640400
05-05-2023,29.290000915527344,29.290000915527344,25.15999984741211,27.670000076293945,2174000
08-05-2023,27.540000915527344,27.895000457763672,26.14999961853028,27.739999771118164,927900
09-05-2023,27.40999984741211,27.65999984741211,26.76000022888184,27.280000686645508,595700
10-05-2023,27.739999771118164,28.26000022888184,27.200000762939453,27.93000030517578,667300
11-05-2023,27.729999542236328,27.81999969482422,26.38999938964844,26.530000686645508,495900
12-05-2023,26.5,26.700000762939453,26.030000686645508,26.100000381469727,320800
15-05-2023,26.11000061035156,27.690000534057617,25.770000457763672,27.68000030517578,436000
16-05-2023,27.520000457763672,27.520000457763672,26.90999984741211,27.01000022888184,306500
17-05-2023,27.06999969482422,28.520000457763672,26.481000900268555,28.36000061035156,509700
18-05-2023,28.40999984741211,30.979999542236328,28.200000762939453,30.809999465942383,830400
19-05-2023,31.0,33.5,30.850000381469727,33.11000061035156,1310000
22-05-2023,33.2599983215332,39.310001373291016,33.11000061035156,38.95000076293945,3609300
23-05-2023,38.66999816894531,40.68999862670898,37.119998931884766,38.52000045776367,2356200
24-05-2023,38.130001068115234,38.130001068115234,36.52000045776367,37.130001068115234,1281200
25-05-2023,37.77000045776367,38.220001220703125,33.060001373291016,35.619998931884766,1475600
26-05-2023,36.0,36.22999954223633,34.95000076293945,36.0,795400
30-05-2023,36.93999862670898,37.119998931884766,34.040000915527344,34.470001220703125,1455500
31-05-2023,34.459999084472656,35.04999923706055,33.154998779296875,33.45000076293945,1102700
01-06-2023,33.5,35.349998474121094,33.349998474121094,35.09000015258789,861500
02-06-2023,35.56999969482422,36.16999816894531,34.119998931884766,35.650001525878906,787200
05-06-2023,36.709999084472656,38.77999877929688,36.244998931884766,38.13999938964844,2086900
06-06-2023,38.09999847412109,38.58000183105469,36.77000045776367,38.13999938964844,1074900
07-06-2023,38.619998931884766,39.97999954223633,36.73500061035156,36.9900016784668,1115200
08-06-2023,36.79999923706055,38.86899948120117,36.02000045776367,38.27999877929688,1047200
09-06-2023,38.43000030517578,39.27999877929688,36.59999847412109,36.63999938964844,1026900
12-06-2023,36.75,39.02000045776367,36.75,38.220001220703125,1395000
13-06-2023,38.52999877929688,40.83000183105469,38.52999877929688,40.7400016784668,2428200
14-06-2023,40.73799896240234,42.2400016784668,39.15999984741211,39.869998931884766,2227200
15-06-2023,39.869998931884766,45.619998931884766,39.540000915527344,45.2599983215332,3071400
16-06-2023,47.0,47.91999816894531,45.01100158691406,45.97999954223633,13271100
20-06-2023,45.2599983215332,48.7599983215332,45.25,47.9900016784668,2707300
21-06-2023,47.9900016784668,48.02999877929688,45.29100036621094,47.08000183105469,1767100
22-06-2023,46.5099983215332,46.86000061035156,43.43999862670898,43.68000030517578,1836900
23-06-2023,43.0,43.5,41.63999938964844,42.369998931884766,1487600
26-06-2023,42.18000030517578,42.630001068115234,41.650001525878906,41.790000915527344,1011500
27-06-2023,42.04999923706055,43.38999938964844,40.42499923706055,42.08000183105469,1108200
28-06-2023,42.0,44.810001373291016,41.810001373291016,44.790000915527344,936800
29-06-2023,45.5,48.72999954223633,45.334999084472656,47.59999847412109,1690600
30-06-2023,48.150001525878906,51.45000076293945,47.20000076293945,49.91999816894531,1820200
03-07-2023,50.93999862670898,50.93999862670898,48.63999938964844,48.650001525878906,585800
05-07-2023,48.5,50.33000183105469,47.61000061035156,49.310001373291016,1222400
06-07-2023,48.209999084472656,48.290000915527344,46.61000061035156,47.119998931884766,1498300
07-07-2023,47.459999084472656,49.400001525878906,46.97999954223633,48.970001220703125,880500
10-07-2023,49.0,52.0,49.0,51.58000183105469,1244600
11-07-2023,51.70000076293945,52.97999954223633,50.665000915527344,52.63999938964844,993700
12-07-2023,56.54999923706055,59.2400016784668,54.380001068115234,54.54999923706055,3993000
13-07-2023,54.58000183105469,55.13999938964844,52.64500045776367,54.0099983215332,1811500
14-07-2023,54.04999923706055,55.61000061035156,53.290000915527344,53.34999847412109,974300
17-07-2023,53.08000183105469,55.34000015258789,52.2599983215332,54.52999877929688,864900
18-07-2023,54.95000076293945,55.84999847412109,53.9900016784668,55.0099983215332,663000
19-07-2023,55.88999938964844,56.470001220703125,53.84000015258789,55.369998931884766,928200
20-07-2023,55.040000915527344,55.880001068115234,51.650001525878906,52.0,1047000
21-07-2023,53.15499877929688,54.93999862670898,52.63999938964844,53.790000915527344,1371200
24-07-2023,53.54999923706055,53.75,49.13999938964844,49.59000015258789,1321500
25-07-2023,49.68999862670898,50.52899932861328,48.77999877929688,48.9900016784668,830700
26-07-2023,48.369998931884766,49.84999847412109,48.0099983215332,48.54999923706055,874100
27-07-2023,49.77000045776367,49.88999938964844,47.34000015258789,47.7599983215332,710600
28-07-2023,48.61000061035156,49.400001525878906,48.35499954223633,49.119998931884766,698800
31-07-2023,49.41999816894531,52.45000076293945,49.18000030517578,52.310001373291016,1048000
01-08-2023,51.84999847412109,52.810001373291016,51.369998931884766,52.33000183105469,1111600
02-08-2023,50.970001220703125,51.18000030517578,49.0,50.2400016784668,1620900
03-08-2023,39.540000915527344,42.650001525878906,38.0099983215332,38.22999954223633,4528300
04-08-2023,38.5099983215332,40.68999862670898,38.0099983215332,39.7599983215332,1683200
07-08-2023,39.560001373291016,40.59000015258789,35.76499938964844,38.04999923706055,2596200
08-08-2023,37.08000183105469,38.58000183105469,36.73799896240234,38.4900016784668,958200
09-08-2023,38.0099983215332,40.40999984741211,37.810001373291016,39.88999938964844,987600
10-08-2023,39.84000015258789,40.470001220703125,37.540000915527344,38.310001373291016,679100
11-08-2023,38.060001373291016,38.310001373291016,37.22999954223633,37.66999816894531,607200
14-08-2023,37.369998931884766,37.88999938964844,36.4900016784668,36.68999862670898,814400
15-08-2023,36.52000045776367,37.29999923706055,36.15999984741211,36.38999938964844,737600
16-08-2023,36.290000915527344,36.47999954223633,34.56999969482422,34.689998626708984,1045800
17-08-2023,34.68000030517578,34.689998626708984,33.71099853515625,33.869998931884766,1253500
18-08-2023,33.279998779296875,34.3650016784668,33.189998626708984,33.810001373291016,1144400
21-08-2023,34.040000915527344,37.09000015258789,34.040000915527344,36.70000076293945,1072700
22-08-2023,37.25,37.31999969482422,35.77399826049805,36.41999816894531,822600
23-08-2023,36.709999084472656,38.91999816894531,36.130001068115234,37.95000076293945,903800
24-08-2023,38.790000915527344,39.119998931884766,34.165000915527344,35.70000076293945,1435800
25-08-2023,35.720001220703125,36.45000076293945,34.25400161743164,35.150001525878906,578400
28-08-2023,35.630001068115234,36.119998931884766,34.89500045776367,35.81999969482422,594400
29-08-2023,35.72999954223633,37.220001220703125,35.474998474121094,36.61000061035156,571600
30-08-2023,36.540000915527344,37.275001525878906,35.64500045776367,36.7400016784668,447300
31-08-2023,36.86000061035156,37.459999084472656,36.470001220703125,36.88999938964844,656000
01-09-2023,36.90999984741211,37.75,36.68999862670898,36.709999084472656,494900
05-09-2023,36.619998931884766,36.619998931884766,35.15999984741211,35.81999969482422,449500
06-09-2023,35.970001220703125,36.49100112915039,35.13999938964844,35.6349983215332,467700
07-09-2023,35.209999084472656,35.209999084472656,34.0099983215332,34.81999969482422,611600
08-09-2023,34.90999984741211,34.974998474121094,33.84000015258789,34.02000045776367,362200
11-09-2023,34.119998931884766,34.599998474121094,33.81999969482422,33.9900016784668,445200
12-09-2023,33.77000045776367,34.13999938964844,33.584999084472656,33.709999084472656,345700
13-09-2023,33.59000015258789,34.439998626708984,33.11000061035156,33.27000045776367,561400
14-09-2023,33.4900016784668,34.099998474121094,32.880001068115234,33.20000076293945,536700
15-09-2023,33.33000183105469,33.33000183105469,32.45000076293945,33.029998779296875,1017900
18-09-2023,32.189998626708984,32.290000915527344,31.020000457763672,31.729999542236328,833000
19-09-2023,31.690000534057617,32.10499954223633,30.90999984741211,31.200000762939453,769800
20-09-2023,31.43000030517578,31.809999465942383,30.709999084472656,30.75,733500
21-09-2023,30.030000686645508,30.38999938964844,29.5,29.729999542236328,865800
22-09-2023,30.0,30.3799991607666,28.65999984741211,29.030000686645508,834800
25-09-2023,28.6299991607666,28.940000534057617,27.88999938964844,28.25,816000
26-09-2023,27.989999771118164,28.457000732421875,27.0,27.440000534057617,992400
27-09-2023,27.65999984741211,28.1200008392334,26.8799991607666,27.34000015258789,1157700
28-09-2023,27.64999961853028,27.989999771118164,27.1299991607666,27.3799991607666,884700
29-09-2023,28.0,28.479999542236328,27.729999542236328,28.270000457763672,1186000
02-10-2023,28.15999984741211,28.31999969482422,27.18000030517578,27.520000457763672,807400
03-10-2023,27.059999465942383,27.549999237060547,26.790000915527344,27.34000015258789,652900
04-10-2023,27.420000076293945,27.540000915527344,26.59000015258789,27.39999961853028,906400
05-10-2023,27.39999961853028,27.93000030517578,26.72100067138672,27.8700008392334,619600
06-10-2023,27.270000457763672,28.290000915527344,26.8799991607666,27.850000381469727,573800
09-10-2023,27.540000915527344,27.75,26.3799991607666,26.96999931335449,550600
10-10-2023,27.0,27.65999984741211,26.440000534057617,27.31999969482422,582900
11-10-2023,27.3799991607666,27.51499938964844,25.88999938964844,26.26000022888184,693700
12-10-2023,26.059999465942383,26.059999465942383,23.64999961853028,23.75,1083500
13-10-2023,23.76000022888184,24.01499938964844,23.28499984741211,23.450000762939453,660500
16-10-2023,23.350000381469727,24.93000030517578,22.89999961853028,24.38999938964844,787800
17-10-2023,23.959999084472656,25.1299991607666,23.959999084472656,24.61000061035156,642300
18-10-2023,24.15999984741211,24.209999084472656,23.170000076293945,23.420000076293945,519800
19-10-2023,23.5,23.5,22.325000762939453,22.549999237060547,873700
20-10-2023,22.34000015258789,22.600000381469727,21.895000457763672,21.979999542236328,738900
23-10-2023,21.76000022888184,22.100000381469727,21.299999237060547,21.989999771118164,474400
24-10-2023,22.3799991607666,23.8799991607666,22.3799991607666,23.65999984741211,1128500
25-10-2023,23.26000022888184,23.979999542236328,22.739999771118164,22.959999084472656,616900
26-10-2023,23.030000686645508,23.46999931335449,22.17399978637696,22.25,497200
27-10-2023,22.5,22.5,21.559999465942383,21.64999961853028,449200
30-10-2023,22.309999465942383,22.65999984741211,21.350000381469727,21.6200008392334,747400
31-10-2023,21.540000915527344,21.94599914550781,21.38999938964844,21.700000762939453,751700
01-11-2023,21.65999984741211,22.01000022888184,20.76000022888184,21.815000534057617,1032000
02-11-2023,23.5,27.34000015258789,22.75,25.020000457763672,2431100
03-11-2023,25.59000015258789,29.170000076293945,25.59000015258789,28.34000015258789,1921900
06-11-2023,28.940000534057617,29.10199928283692,27.299999237060547,27.65999984741211,831400
07-11-2023,27.479999542236328,29.14999961853028,27.38400077819824,28.290000915527344,754800
08-11-2023,28.270000457763672,28.270000457763672,26.850000381469727,27.21999931335449,609900
09-11-2023,27.459999084472656,27.809999465942383,26.290000915527344,26.559999465942383,642800
10-11-2023,26.700000762939453,27.3700008392334,25.959999084472656,27.32999992370605,628000
13-11-2023,27.0,27.809999465942383,26.56999969482422,27.770000457763672,480700
14-11-2023,29.71999931335449,30.41699981689453,29.479999542236328,30.239999771118164,1051400
15-11-2023,30.3700008392334,32.86000061035156,30.100000381469727,30.8700008392334,1078400
16-11-2023,30.75,31.15999984741211,29.729999542236328,30.8799991607666,582000
17-11-2023,31.309999465942383,31.450000762939453,30.38999938964844,30.86000061035156,956700
20-11-2023,31.1200008392334,32.20000076293945,30.39999961853028,30.5,748000
21-11-2023,29.93000030517578,30.0,28.549999237060547,29.32999992370605,725300
22-11-2023,29.90999984741211,30.770000457763672,29.040000915527344,30.670000076293945,603600
24-11-2023,30.670000076293945,31.683000564575195,30.36000061035156,31.049999237060547,369000
27-11-2023,30.540000915527344,31.28499984741211,29.64999961853028,31.170000076293945,825600
28-11-2023,31.07999992370605,31.489999771118164,30.39999961853028,31.26000022888184,827900
29-11-2023,31.790000915527344,32.869998931884766,30.950000762939453,31.459999084472656,626100
30-11-2023,31.920000076293945,32.47999954223633,30.670000076293945,31.09000015258789,780000
01-12-2023,30.96999931335449,32.56999969482422,30.540000915527344,32.4900016784668,649200
04-12-2023,32.189998626708984,33.5,31.520000457763672,32.2599983215332,1395100
05-12-2023,32.59000015258789,33.65999984741211,31.350000381469727,31.600000381469727,768500
06-12-2023,32.209999084472656,33.099998474121094,31.57999992370605,32.08000183105469,618800
07-12-2023,31.56999969482422,32.83000183105469,30.690000534057617,32.2599983215332,752200
08-12-2023,31.75,32.4900016784668,31.350000381469727,31.950000762939453,532100
11-12-2023,31.82999992370605,33.130001068115234,31.23500061035156,32.41999816894531,644800
12-12-2023,32.29999923706055,32.38999938964844,31.25,31.46999931335449,678700
13-12-2023,31.459999084472656,32.125,29.3799991607666,31.3700008392334,1068400
14-12-2023,32.4900016784668,35.959999084472656,32.422000885009766,35.790000915527344,1674700
15-12-2023,36.41999816894531,36.93999862670898,34.34000015258789,34.790000915527344,1630300
18-12-2023,34.70000076293945,36.04999923706055,34.04999923706055,34.060001373291016,811100
19-12-2023,34.689998626708984,35.9900016784668,34.13999938964844,35.4900016784668,1010300
20-12-2023,35.5099983215332,36.93999862670898,33.63999938964844,33.70000076293945,1017300
21-12-2023,34.75,35.380001068115234,34.40999984741211,34.790000915527344,535700
22-12-2023,35.0,36.380001068115234,34.775001525878906,36.060001373291016,526700
26-12-2023,36.59999847412109,37.6879997253418,36.2599983215332,37.11000061035156,427200
27-12-2023,37.900001525878906,38.0,36.11000061035156,36.52999877929688,536900
28-12-2023,36.4900016784668,37.3380012512207,36.150001525878906,37.209999084472656,543600
29-12-2023,37.0099983215332,37.47999954223633,35.400001525878906,35.79999923706055,523700
02-01-2024,35.40999984741211,36.130001068115234,34.79999923706055,35.130001068115234,650100
03-01-2024,33.86000061035156,33.959999084472656,31.93000030517578,32.40999984741211,846500
04-01-2024,32.20000076293945,32.720001220703125,31.729999542236328,32.189998626708984,606000
05-01-2024,31.799999237060547,32.479000091552734,31.239999771118164,31.459999084472656,553200
08-01-2024,28.76000022888184,31.14999961853028,26.280000686645508,31.100000381469727,2345100
09-01-2024,30.809999465942383,31.375,29.90999984741211,30.34000015258789,739800
10-01-2024,30.309999465942383,30.450000762939453,29.229999542236328,30.38999938964844,621500
11-01-2024,30.239999771118164,30.38999938964844,28.790000915527344,29.3700008392334,715900
12-01-2024,29.530000686645508,30.0,28.270000457763672,28.39999961853028,583600
16-01-2024,27.75,28.040000915527344,26.76000022888184,27.40999984741211,836300
17-01-2024,26.64999961853028,26.979999542236328,26.18000030517578,26.63999938964844,723800
18-01-2024,26.82999992370605,26.82999992370605,25.76000022888184,25.979999542236328,952500
19-01-2024,26.049999237060547,26.40999984741211,24.8799991607666,26.3799991607666,820700
22-01-2024,26.700000762939453,27.76000022888184,25.520000457763672,27.38999938964844,1228100
23-01-2024,27.89999961853028,28.600000381469727,26.761999130249023,27.290000915527344,513900
24-01-2024,27.709999084472656,27.850000381469727,26.8799991607666,27.14999961853028,605800
25-01-2024,27.709999084472656,28.059999465942383,26.51000022888184,26.86000061035156,539600
26-01-2024,27.68000030517578,29.145000457763672,27.06999969482422,27.190000534057617,579300
29-01-2024,27.200000762939453,28.38999938964844,26.65999984741211,28.25,453800
30-01-2024,27.96999931335449,28.01000022888184,27.15999984741211,27.46999931335449,509800
31-01-2024,27.39999961853028,28.209999084472656,26.43000030517578,26.450000762939453,754600
01-02-2024,27.13999938964844,27.27300071716309,25.799999237060547,26.6299991607666,710800
02-02-2024,26.030000686645508,27.01499938964844,25.89999961853028,26.5,506600
05-02-2024,25.989999771118164,26.225000381469727,25.350000381469727,25.940000534057617,495700
06-02-2024,25.86000061035156,26.780000686645508,25.63999938964844,26.64999961853028,682100
07-02-2024,26.71999931335449,26.780000686645508,26.209999084472656,26.440000534057617,484700
08-02-2024,26.440000534057617,27.56999969482422,26.170000076293945,27.200000762939453,383200
09-02-2024,27.450000762939453,28.21500015258789,27.34000015258789,27.59000015258789,566500
12-02-2024,27.549999237060547,28.82999992370605,27.5,28.51000022888184,863400
13-02-2024,27.200000762939453,27.549999237060547,26.31999969482422,26.57999992370605,658000
14-02-2024,27.1299991607666,27.850000381469727,26.88999938964844,27.75,627400
15-02-2024,28.350000381469727,29.84000015258789,28.1200008392334,29.700000762939453,938400
16-02-2024,29.450000762939453,33.2400016784668,29.200000762939453,32.5,1686500
20-02-2024,31.959999084472656,32.279998779296875,30.200000762939453,30.93000030517578,965200
21-02-2024,30.51000022888184,30.59000015258789,29.43000030517578,30.030000686645508,888000
22-02-2024,31.07999992370605,32.36000061035156,30.78499984741211,31.14999961853028,1008700
23-02-2024,31.13999938964844,31.71999931335449,30.190000534057617,30.479999542236328,954600
26-02-2024,30.36000061035156,31.93000030517578,30.280000686645508,31.479999542236328,672900
27-02-2024,32.0,33.630001068115234,31.690000534057617,33.09000015258789,961200
28-02-2024,32.290000915527344,32.459999084472656,31.290000915527344,31.3700008392334,1265300
29-02-2024,26.88999938964844,28.239999771118164,25.01000022888184,25.459999084472656,4086900
01-03-2024,25.530000686645508,27.290000915527344,25.530000686645508,26.809999465942383,2192200
04-03-2024,26.88999938964844,26.88999938964844,24.96500015258789,25.239999771118164,1273300
05-03-2024,24.959999084472656,25.64999961853028,24.559999465942383,24.739999771118164,875300
06-03-2024,25.25,25.40800094604492,24.552000045776367,24.809999465942383,615700
07-03-2024,25.209999084472656,27.0,25.170000076293945,26.799999237060547,1591700
08-03-2024,27.200000762939453,28.530000686645508,26.72699928283692,27.15999984741211,1626800
11-03-2024,26.959999084472656,28.0,26.15999984741211,26.540000915527344,970900
12-03-2024,26.5,26.56999969482422,25.700000762939453,26.32999992370605,710900
13-03-2024,26.01000022888184,27.049999237060547,25.972999572753903,26.5,652300
14-03-2024,26.350000381469727,26.65999984741211,25.51000022888184,25.75,1045100
15-03-2024,25.520000457763672,26.1200008392334,25.15999984741211,26.040000915527344,1256700
18-03-2024,26.209999084472656,26.75,25.63999938964844,25.68000030517578,930900
19-03-2024,25.299999237060547,26.21999931335449,25.170000076293945,26.040000915527344,668400
20-03-2024,26.049999237060547,26.700000762939453,25.299999237060547,26.690000534057617,1050800
21-03-2024,27.0,27.77499961853028,26.75,27.51000022888184,1351000
22-03-2024,27.43000030517578,27.86100006103516,26.739999771118164,26.770000457763672,582600
25-03-2024,26.84000015258789,27.125,25.3700008392334,25.51000022888184,566700
26-03-2024,25.82999992370605,26.170000076293945,25.36000061035156,25.64999961853028,675700
27-03-2024,26.020000457763672,26.690000534057617,25.56999969482422,26.6299991607666,659600
28-03-2024,26.670000076293945,27.450000762939453,26.59499931335449,27.0,566500
01-04-2024,27.100000381469727,27.100000381469727,25.59000015258789,26.32999992370605,669200
02-04-2024,25.57999992370605,25.57999992370605,24.809999465942383,25.07999992370605,694300
03-04-2024,24.799999237060547,25.229999542236328,24.32999992370605,24.88999938964844,568000
04-04-2024,25.32999992370605,26.3799991607666,25.020000457763672,26.049999237060547,672500
05-04-2024,25.88999938964844,27.01000022888184,25.600000381469727,26.920000076293945,887100
08-04-2024,27.200000762939453,27.63999938964844,26.549999237060547,27.309999465942383,634900
09-04-2024,27.530000686645508,29.14999961853028,27.420000076293945,28.5,1132000
10-04-2024,27.299999237060547,27.540000915527344,26.21999931335449,27.51000022888184,700100
11-04-2024,27.81999969482422,27.96999931335449,26.850000381469727,27.3799991607666,452000
12-04-2024,27.030000686645508,27.152000427246094,26.18000030517578,26.450000762939453,431400
15-04-2024,26.46999931335449,26.62299919128418,25.395000457763672,25.540000915527344,708200
16-04-2024,25.32999992370605,25.496000289916992,24.700000762939453,24.76000022888184,554000
17-04-2024,24.979999542236328,25.53499984741211,24.461000442504883,25.040000915527344,487800
18-04-2024,25.170000076293945,25.325000762939453,24.280000686645508,24.34000015258789,672400
19-04-2024,24.18000030517578,24.59000015258789,23.940000534057617,24.290000915527344,620500
22-04-2024,24.520000457763672,24.809999465942383,24.13999938964844,24.489999771118164,494600
23-04-2024,24.489999771118164,25.6299991607666,24.36000061035156,24.809999465942383,654500
24-04-2024,24.729999542236328,24.86000061035156,24.020000457763672,24.040000915527344,567800
25-04-2024,23.5,23.739999771118164,22.700000762939453,23.34000015258789,919500
26-04-2024,23.600000381469727,24.270000457763672,23.36000061035156,23.96999931335449,711000
29-04-2024,24.290000915527344,25.155000686645508,24.290000915527344,24.440000534057617,583500
30-04-2024,24.059999465942383,24.59000015258789,23.959999084472656,24.3799991607666,563900
01-05-2024,24.5,26.75,24.420000076293945,25.26000022888184,1368600
02-05-2024,22.89999961853028,24.21999931335449,22.31999969482422,23.190000534057617,2819400
03-05-2024,23.71999931335449,25.190000534057617,23.59499931335449,23.68000030517578,1017000
06-05-2024,23.88999938964844,24.64999961853028,23.559999465942383,24.049999237060547,700200
07-05-2024,24.100000381469727,24.14999961853028,23.520000457763672,23.71999931335449,569000
08-05-2024,23.21999931335449,23.38999938964844,22.8799991607666,23.21999931335449,761700
09-05-2024,23.26000022888184,23.530000686645508,23.01099967956543,23.13999938964844,623700
10-05-2024,23.030000686645508,23.200000762939453,22.420000076293945,22.729999542236328,661800
13-05-2024,22.81999969482422,23.520000457763672,22.81999969482422,23.18000030517578,1010000
14-05-2024,23.56999969482422,24.600000381469727,22.90999984741211,23.25,713400
15-05-2024,23.850000381469727,24.09000015258789,23.1299991607666,23.36000061035156,713300
16-05-2024,23.239999771118164,23.239999771118164,22.530000686645508,22.89999961853028,684500
17-05-2024,22.96999931335449,23.07299995422364,22.6299991607666,22.76000022888184,498100
20-05-2024,22.799999237060547,22.799999237060547,22.170000076293945,22.600000381469727,642100
21-05-2024,22.3799991607666,22.56999969482422,21.920000076293945,22.040000915527344,604400
22-05-2024,22.0,23.3700008392334,21.75,22.64999961853028,860900
23-05-2024,22.729999542236328,22.799999237060547,21.65999984741211,21.81999969482422,558800
24-05-2024,21.940000534057617,22.280000686645508,21.674999237060547,21.979999542236328,445400
28-05-2024,22.190000534057617,22.280000686645508,21.690000534057617,22.11000061035156,524700
29-05-2024,21.559999465942383,21.770000457763672,21.21999931335449,21.40999984741211,498700
30-05-2024,21.559999465942383,21.920000076293945,21.459999084472656,21.780000686645508,671400
31-05-2024,21.90999984741211,22.280000686645508,21.479999542236328,21.520000457763672,589300
03-06-2024,21.86000061035156,22.27199935913086,21.5,21.559999465942383,801400
04-06-2024,21.46999931335449,21.549999237060547,21.11000061035156,21.299999237060547,496400
05-06-2024,21.479999542236328,23.46999931335449,21.309999465942383,23.46999931335449,822300
06-06-2024,23.32999992370605,23.43000030517578,22.61000061035156,23.39999961853028,607700
07-06-2024,22.93000030517578,22.93000030517578,21.71999931335449,21.739999771118164,486300
10-06-2024,21.39999961853028,21.39999961853028,20.670000076293945,21.350000381469727,784400
11-06-2024,21.13999938964844,21.13999938964844,20.559999465942383,21.0,685800
12-06-2024,21.81999969482422,22.65999984741211,21.459999084472656,21.63999938964844,676800
13-06-2024,21.739999771118164,21.90999984741211,20.850000381469727,21.21999931335449,726600
14-06-2024,20.8700008392334,21.06999969482422,20.566999435424805,20.6299991607666,519500
17-06-2024,20.5,20.56999969482422,19.777999877929688,19.88999938964844,768300
18-06-2024,19.81999969482422,19.84000015258789,19.200000762939453,19.31999969482422,823800
20-06-2024,19.270000457763672,19.33300018310547,18.81999969482422,18.950000762939453,853300
21-06-2024,18.82999992370605,19.0,18.600000381469727,18.780000686645508,1197200
24-06-2024,18.799999237060547,19.799999237060547,18.74399948120117,19.40999984741211,615100
25-06-2024,19.39999961853028,19.645000457763672,18.690000534057617,18.700000762939453,494000
26-06-2024,18.600000381469727,18.850000381469727,18.440000534057617,18.64999961853028,636000
27-06-2024,18.64999961853028,19.549999237060547,18.209999084472656,19.450000762939453,966400
28-06-2024,19.51000022888184,19.71999931335449,18.90999984741211,19.34000015258789,1052600
01-07-2024,19.290000915527344,19.46999931335449,18.739999771118164,18.76000022888184,599500
02-07-2024,19.280000686645508,20.36000061035156,19.01000022888184,20.32999992370605,1074300
03-07-2024,20.5,20.5,19.809999465942383,20.100000381469727,404100
05-07-2024,20.09000015258789,20.84000015258789,19.84000015258789,20.709999084472656,421000
08-07-2024,21.15999984741211,21.780000686645508,20.81999969482422,21.190000534057617,666000
09-07-2024,21.040000915527344,21.09000015258789,20.239999771118164,20.51000022888184,599800
10-07-2024,20.549999237060547,20.709999084472656,20.049999237060547,20.57999992370605,429700
11-07-2024,21.270000457763672,21.799999237060547,20.940000534057617,21.559999465942383,824700
12-07-2024,21.88999938964844,22.670000076293945,21.799999237060547,22.39999961853028,652500
15-07-2024,22.59000015258789,23.0,22.21999931335449,22.690000534057617,660000
16-07-2024,23.020000457763672,24.239999771118164,22.850000381469727,24.020000457763672,791500
17-07-2024,23.489999771118164,24.56999969482422,23.114999771118164,23.170000076293945,679800
18-07-2024,22.959999084472656,23.059999465942383,21.46999931335449,21.790000915527344,583000
19-07-2024,21.8799991607666,21.979999542236328,21.15999984741211,21.3700008392334,508100
22-07-2024,21.89999961853028,23.239999771118164,21.3799991607666,23.209999084472656,675700
23-07-2024,22.8700008392334,23.21500015258789,22.459999084472656,22.670000076293945,865800
24-07-2024,22.43000030517578,22.790000915527344,21.58099937438965,21.84000015258789,512600
25-07-2024,21.770000457763672,23.18000030517578,21.530000686645508,22.290000915527344,925100
26-07-2024,22.809999465942383,22.959999084472656,22.059999465942383,22.420000076293945,450000
29-07-2024,22.479999542236328,22.780000686645508,22.059999465942383,22.25,656400
30-07-2024,22.39999961853028,22.770000457763672,21.71999931335449,22.56999969482422,712600
31-07-2024,22.559999465942383,23.114999771118164,21.8799991607666,22.280000686645508,787300
01-08-2024,24.31999969482422,24.770000457763672,21.61000061035156,22.600000381469727,1943100
02-08-2024,21.65999984741211,21.88999938964844,19.950000762939453,20.239999771118164,1463600
05-08-2024,18.739999771118164,19.57999992370605,18.549999237060547,19.020000457763672,1223500
06-08-2024,19.200000762939453,19.61000061035156,18.8799991607666,19.190000534057617,845400
07-08-2024,19.670000076293945,19.670000076293945,18.020000457763672,18.049999237060547,833200
08-08-2024,18.25,19.32999992370605,18.125,19.290000915527344,613000
09-08-2024,19.51000022888184,19.64999961853028,18.770000457763672,18.90999984741211,553300
12-08-2024,18.82999992370605,18.920000076293945,18.450000762939453,18.6200008392334,447000
13-08-2024,18.790000915527344,20.0,18.450000762939453,19.90999984741211,717200
14-08-2024,20.030000686645508,20.21699905395508,18.8700008392334,19.0,538700
15-08-2024,19.71999931335449,21.18000030517578,19.617000579833984,20.5,628400
16-08-2024,20.600000381469727,20.670000076293945,19.559999465942383,19.739999771118164,599700
19-08-2024,19.799999237060547,20.32999992370605,19.59000015258789,20.18000030517578,744500
20-08-2024,20.229999542236328,20.690000534057617,20.05299949645996,20.479999542236328,461700
21-08-2024,20.440000534057617,20.6200008392334,19.690000534057617,20.09000015258789,621400
22-08-2024,20.209999084472656,20.224000930786133,19.34000015258789,19.489999771118164,393500
23-08-2024,19.809999465942383,20.30900001525879,19.5,19.8700008392334,442700
26-08-2024,20.01000022888184,20.8700008392334,19.8799991607666,20.850000381469727,554900
27-08-2024,20.690000534057617,20.80500030517578,20.36000061035156,20.614999771118164,366300
28-08-2024,20.489999771118164,20.725000381469727,20.170000076293945,20.459999084472656,387300
29-08-2024,20.700000762939453,21.96999931335449,20.700000762939453,21.200000762939453,575300
30-08-2024,21.38999938964844,21.520000457763672,20.790000915527344,21.030000686645508,449900
03-09-2024,20.71999931335449,21.56999969482422,20.35700035095215,20.540000915527344,691200
04-09-2024,20.39999961853028,21.100000381469727,20.200000762939453,20.350000381469727,424600
05-09-2024,20.3700008392334,20.68000030517578,20.020000457763672,20.520000457763672,430700
06-09-2024,20.61000061035156,20.809999465942383,20.040000915527344,20.5,596400
09-09-2024,20.450000762939453,20.520000457763672,19.850000381469727,20.07999992370605,604800
10-09-2024,20.170000076293945,20.309999465942383,19.82999992370605,20.299999237060547,327800
11-09-2024,20.13999938964844,20.600000381469727,19.6200008392334,20.57999992370605,382600
12-09-2024,20.56999969482422,21.15999984741211,20.07999992370605,20.59000015258789,447200
13-09-2024,20.82999992370605,20.89999961853028,20.170000076293945,20.729999542236328,926500
16-09-2024,20.75,20.84000015258789,19.790000915527344,19.86000061035156,611800
17-09-2024,20.059999465942383,20.280000686645508,19.56999969482422,19.6200008392334,715500
18-09-2024,19.600000381469727,20.600000381469727,19.5,19.71999931335449,688000
19-09-2024,20.3700008392334,21.354999542236328,19.8799991607666,20.84000015258789,666400
20-09-2024,20.729999542236328,20.790000915527344,19.700000762939453,19.850000381469727,1046600
23-09-2024,19.979999542236328,19.979999542236328,18.959999084472656,18.959999084472656,678700
24-09-2024,19.020000457763672,19.21999931335449,18.815000534057617,18.90999984741211,403000
25-09-2024,18.88999938964844,18.88999938964844,18.38999938964844,18.440000534057617,514800
26-09-2024,18.75,18.940000534057617,18.46999931335449,18.920000076293945,420200
27-09-2024,19.209999084472656,19.420000076293945,18.6200008392334,18.739999771118164,426600
30-09-2024,18.700000762939453,19.020000457763672,18.540000915527344,18.549999237060547,490100
01-10-2024,18.5,18.5,17.65999984741211,17.799999237060547,559800
02-10-2024,17.670000076293945,17.915000915527344,17.149999618530273,17.829999923706055,542700
03-10-2024,17.600000381469727,17.780000686645508,17.364999771118164,17.440000534057617,405600
04-10-2024,17.729999542236328,18.1200008392334,17.454999923706055,17.510000228881836,812000
07-10-2024,17.459999084472656,17.4689998626709,16.93000030517578,16.979999542236328,672000
08-10-2024,17.0,17.209999084472656,16.670000076293945,17.125,945000
09-10-2024,17.139999389648438,17.709999084472656,17.0,17.219999313354492,572300
10-10-2024,16.920000076293945,17.420000076293945,16.75,17.329999923706055,460900
11-10-2024,17.290000915527344,18.1299991607666,17.239999771118164,17.670000076293945,528300
14-10-2024,17.709999084472656,18.0,17.440000534057617,17.829999923706055,438500
15-10-2024,17.829999923706055,18.020000457763672,17.43000030517578,17.649999618530273,411800
16-10-2024,17.81999969482422,18.11000061035156,17.579999923706055,17.920000076293945,481800
17-10-2024,17.780000686645508,17.860000610351562,17.329999923706055,17.59000015258789,463900
18-10-2024,17.780000686645508,17.899999618530273,17.530000686645508,17.799999237060547,546800
21-10-2024,17.530000686645508,17.969999313354492,17.5,17.920000076293945,632600
22-10-2024,17.81999969482422,19.36000061035156,17.812000274658203,18.68000030517578,1014700
23-10-2024,18.64999961853028,18.670000076293945,17.959999084472656,18.1200008392334,884300
24-10-2024,18.36000061035156,18.420000076293945,17.559999465942383,17.709999084472656,533900
25-10-2024,17.780000686645508,17.985000610351562,17.530000686645508,17.68000030517578,369100
28-10-2024,17.979999542236328,18.799999237060547,17.959999084472656,18.3700008392334,508300
29-10-2024,18.280000686645508,18.780000686645508,18.170000076293945,18.739999771118164,450700
30-10-2024,18.530000686645508,18.920000076293945,17.530000686645508,17.579999923706055,695300
31-10-2024,17.469999313354492,17.84000015258789,17.280000686645508,17.594999313354492,824900
01-11-2024,17.81999969482422,18.59000015258789,17.770000457763672,17.989999771118164,626800
04-11-2024,17.899999618530273,18.549999237060547,17.770000457763672,18.239999771118164,620900
05-11-2024,18.1200008392334,18.26000022888184,17.729999542236328,17.889999389648438,1041600
06-11-2024,18.780000686645508,19.0,17.940000534057617,18.96999931335449,786400
07-11-2024,19.0,19.25,18.76000022888184,18.780000686645508,417900
08-11-2024,18.739999771118164,18.8799991607666,18.420000076293945,18.75,587200
11-11-2024,19.14999961853028,19.71299934387207,19.049999237060547,19.540000915527344,1279500
12-11-2024,23.0,23.64999961853028,21.350000381469727,22.25,2961400
13-11-2024,22.040000915527344,23.13999938964844,21.809999465942383,22.09000015258789,1346200
14-11-2024,22.18000030517578,22.38999938964844,20.299999237060547,20.3700008392334,1402600
15-11-2024,20.459999084472656,20.459999084472656,18.459999084472656,18.540000915527344,1220700
18-11-2024,18.459999084472656,18.68000030517578,17.420000076293945,18.229999542236328,1001600
19-11-2024,18.0,19.059999465942383,17.899999618530273,18.93000030517578,672000
20-11-2024,18.940000534057617,19.280000686645508,18.707000732421875,19.170000076293945,630800
21-11-2024,19.239999771118164,20.59000015258789,18.84000015258789,20.3700008392334,805200
22-11-2024,20.479999542236328,21.209999084472656,20.075000762939453,20.84000015258789,623500
25-11-2024,21.440000534057617,22.71999931335449,21.229999542236328,22.299999237060547,1609200
26-11-2024,22.14999961853028,22.32999992370605,21.200000762939453,21.459999084472656,899900
27-11-2024,21.63999938964844,22.190000534057617,21.600000381469727,22.01000022888184,448200
29-11-2024,22.049999237060547,22.799999237060547,22.049999237060547,22.56999969482422,384700
02-12-2024,22.56999969482422,22.82999992370605,22.030000686645508,22.479999542236328,612600
03-12-2024,22.1299991607666,22.46999931335449,21.799999237060547,21.950000762939453,427700
04-12-2024,22.040000915527344,22.47900009155273,21.51000022888184,22.229999542236328,516000
05-12-2024,22.25,22.25,20.559999465942383,20.6299991607666,547600
06-12-2024,20.850000381469727,21.89699935913086,20.77499961853028,21.84000015258789,506100
09-12-2024,22.14999961853028,22.440000534057617,21.57999992370605,21.670000076293945,556800
10-12-2024,21.739999771118164,22.26000022888184,21.549999237060547,22.11000061035156,561400
11-12-2024,22.5,22.700000762939453,21.43000030517578,21.76000022888184,408900
12-12-2024,21.350000381469727,22.0,21.049999237060547,21.06999969482422,421500
13-12-2024,21.18000030517578,21.34000015258789,20.420000076293945,20.82999992370605,457200
16-12-2024,20.82999992370605,21.959999084472656,20.32999992370605,21.63999938964844,418800
17-12-2024,21.63999938964844,21.90999984741211,21.125,21.36000061035156,700100
18-12-2024,21.309999465942383,22.270000457763672,19.39999961853028,19.739999771118164,1230400
19-12-2024,19.989999771118164,20.100000381469727,18.61000061035156,19.299999237060547,966300
20-12-2024,19.030000686645508,19.84000015258789,19.01099967956543,19.440000534057617,1066300
23-12-2024,19.36000061035156,19.799999237060547,18.950000762939453,19.76000022888184,483200
24-12-2024,19.799999237060547,20.0,19.440000534057617,19.729999542236328,209500
26-12-2024,19.5,20.479999542236328,19.39999961853028,20.299999237060547,522200
27-12-2024,20.06999969482422,20.200000762939453,18.82999992370605,19.770000457763672,686800
30-12-2024,19.3799991607666,19.40999984741211,18.780000686645508,18.81999969482422,661100
31-12-2024,18.8799991607666,19.63999938964844,18.75,19.290000915527344,458700
02-01-2025,19.71999931335449,20.61899948120117,19.34000015258789,20.39999961853028,735000
03-01-2025,20.6200008392334,20.940000534057617,20.13999938964844,20.8700008392334,566800
06-01-2025,21.190000534057617,21.700000762939453,21.040000915527344,21.09000015258789,514000
07-01-2025,21.100000381469727,22.3799991607666,20.82999992370605,21.14999961853028,608500
08-01-2025,20.770000457763672,20.8700008392334,19.74799919128418,20.32999992370605,527600
10-01-2025,19.6200008392334,19.854999542236328,18.94700050354004,19.290000915527344,515600
13-01-2025,18.770000457763672,19.51000022888184,18.200000762939453,19.46999931335449,619700
14-01-2025,19.6200008392334,19.76000022888184,18.6200008392334,19.06999969482422,708900
15-01-2025,19.690000534057617,20.200000762939453,19.233999252319336,19.299999237060547,475400
16-01-2025,19.420000076293945,19.540000915527344,18.625,18.690000534057617,484600
17-01-2025,18.8700008392334,19.26000022888184,18.770000457763672,19.0,437600
21-01-2025,19.26000022888184,21.36000061035156,19.26000022888184,21.32999992370605,989100
22-01-2025,21.520000457763672,25.700000762939453,21.325000762939453,24.34000015258789,3618800
23-01-2025,24.39999961853028,24.96999931335449,23.280000686645508,24.40999984741211,1929900
24-01-2025,24.81999969482422,25.690000534057617,23.979999542236328,24.670000076293945,1285000
27-01-2025,23.25,24.739999771118164,22.84000015258789,24.06999969482422,1416700
28-01-2025,24.1299991607666,25.66900062561035,23.57999992370605,25.520000457763672,891700
29-01-2025,25.39999961853028,26.11000061035156,24.540000915527344,24.959999084472656,878400
30-01-2025,25.25,26.75,24.90999984741211,25.43000030517578,990700
31-01-2025,25.75,26.2189998626709,24.8799991607666,25.075000762939453,778200
03-02-2025,23.75,25.14999961853028,23.56999969482422,24.71999931335449,905800
04-02-2025,25.0,25.86000061035156,24.729999542236328,24.93000030517578,688100
05-02-2025,25.0,26.81399917602539,25.0,26.14999961853028,1409400
06-02-2025,26.209999084472656,26.770000457763672,25.209999084472656,25.88999938964844,1065200
07-02-2025,25.93000030517578,27.0,25.39699935913086,25.670000076293945,610100
10-02-2025,25.989999771118164,26.100000381469727,25.040000915527344,25.18000030517578,602400
11-02-2025,24.739999771118164,25.059999465942383,24.02499961853028,24.489999771118164,864800
12-02-2025,23.940000534057617,24.5,23.64999961853028,23.86000061035156,704300
13-02-2025,23.90999984741211,24.479999542236328,23.13999938964844,24.43000030517578,692500
14-02-2025,24.84000015258789,25.799999237060547,24.6200008392334,24.850000381469727,1585100
18-02-2025,26.11000061035156,28.46999931335449,25.25,26.01000022888184,2132000
19-02-2025,26.43000030517578,26.51499938964844,25.40699958801269,26.01000022888184,960800
20-02-2025,25.809999465942383,25.93000030517578,23.5,24.0,1500900
21-02-2025,24.209999084472656,24.5,22.049999237060547,22.63999938964844,1246900
24-02-2025,22.43000030517578,22.78499984741211,21.0049991607666,21.690000534057617,912700
25-02-2025,21.450000762939453,21.6200008392334,20.209999084472656,21.049999237060547,1177200
26-02-2025,21.6200008392334,22.13999938964844,21.31999969482422,21.700000762939453,1092300
27-02-2025,22.0,24.26499938964844,20.86000061035156,22.25,1872300
28-02-2025,21.850000381469727,22.59499931335449,20.86000061035156,22.309999465942383,1071700
03-03-2025,22.6299991607666,22.73900032043457,21.200000762939453,21.239999771118164,868400
04-03-2025,20.38999938964844,21.655000686645508,19.809999465942383,21.07999992370605,1156400
05-03-2025,21.200000762939453,21.89999961853028,20.71999931335449,21.84000015258789,850400
06-03-2025,21.14999961853028,21.700000762939453,20.59000015258789,21.049999237060547,774900
07-03-2025,20.88999938964844,21.6200008392334,20.166000366210938,21.020000457763672,854500
10-03-2025,20.34000015258789,20.790000915527344,19.479999542236328,19.959999084472656,1270600
11-03-2025,19.959999084472656,22.299999237060547,19.850000381469727,21.65999984741211,1080700
12-03-2025,22.26000022888184,23.100000381469727,21.6299991607666,22.770000457763672,1040900
13-03-2025,22.75,23.1200008392334,21.520000457763672,21.93000030517578,958000
14-03-2025,22.38999938964844,22.96500015258789,22.11000061035156,22.89999961853028,605700
17-03-2025,22.8799991607666,23.89999961853028,22.82999992370605,23.729999542236328,711800
18-03-2025,23.15999984741211,23.225000381469727,21.8799991607666,22.89999961853028,1075700
19-03-2025,23.030000686645508,23.614999771118164,22.65999984741211,22.670000076293945,622900
20-03-2025,22.39999961853028,23.25,22.1200008392334,22.280000686645508,657000
21-03-2025,21.989999771118164,22.200000762939453,21.34000015258789,21.799999237060547,1486800
24-03-2025,22.31999969482422,22.850000381469727,22.13999938964844,22.75,833300
25-03-2025,22.56999969482422,22.650999069213867,21.239999771118164,21.450000762939453,851300
26-03-2025,21.38999938964844,21.5049991607666,20.51499938964844,20.600000381469727,650900
27-03-2025,20.5,20.68000030517578,20.14999961853028,20.26000022888184,619200
28-03-2025,20.06999969482422,20.270000457763672,19.75,19.959999084472656,857000
31-03-2025,19.299999237060547,19.959999084472656,18.950000762939453,19.739999771118164,901900
01-04-2025,19.739999771118164,19.920000076293945,18.375,18.84000015258789,1183900
02-04-2025,18.36000061035156,20.209999084472656,18.36000061035156,19.8799991607666,821700
03-04-2025,18.75,19.18000030517578,18.200000762939453,18.8700008392334,1035800
04-04-2025,18.059999465942383,18.59000015258789,17.07699966430664,18.030000686645508,1608800
07-04-2025,16.93000030517578,19.14999961853028,16.601999282836914,18.209999084472656,1221200
08-04-2025,19.14999961853028,19.290000915527344,17.55500030517578,17.969999313354492,1107700
09-04-2025,17.40999984741211,20.190000534057617,16.889999389648438,19.520000457763672,1583100
10-04-2025,18.739999771118164,19.299999237060547,17.559999465942383,19.21999931335449,1266300
11-04-2025,20.48500061035156,24.59000015258789,19.520000457763672,24.489999771118164,4031300
14-04-2025,24.850000381469727,26.86000061035156,24.309999465942383,26.540000915527344,3372600
15-04-2025,26.290000915527344,26.527000427246094,24.01000022888184,25.59499931335449,3223100
16-04-2025,25.57999992370605,25.57999992370605,23.56999969482422,25.209999084472656,2047800
17-04-2025,25.020000457763672,25.850000381469727,24.56999969482422,25.75,1141800
21-04-2025,25.38999938964844,26.280000686645508,25.375,26.190000534057617,1268200
22-04-2025,26.739999771118164,26.88999938964844,25.690000534057617,25.989999771118164,1707900
23-04-2025,27.0,27.270000457763672,25.280000686645508,25.459999084472656,1537200
24-04-2025,25.530000686645508,26.670000076293945,25.424999237060547,26.1299991607666,828600
25-04-2025,25.82999992370605,27.0,25.61000061035156,26.450000762939453,832100
28-04-2025,26.26000022888184,26.729999542236328,25.450000762939453,25.75,1292700
29-04-2025,26.030000686645508,26.46999931335449,25.68000030517578,25.780000686645508,926800
30-04-2025,25.100000381469727,25.920000076293945,24.780000686645508,25.6299991607666,703700
01-05-2025,25.88999938964844,25.88999938964844,24.84000015258789,24.8799991607666,573500
02-05-2025,25.43000030517578,26.1200008392334,25.15999984741211,25.290000915527344,713400
05-05-2025,25.059999465942383,26.18000030517578,24.549999237060547,25.979999542236328,1054800
06-05-2025,25.450000762939453,25.540000915527344,23.270000457763672,23.559999465942383,1444200
07-05-2025,23.64999961853028,24.06599998474121,23.270000457763672,23.71999931335449,1023800
08-05-2025,24.46999931335449,24.920000076293945,22.690000534057617,23.8799991607666,2363900
09-05-2025,24.06999969482422,24.8799991607666,23.5,23.90999984741211,1128000
12-05-2025,24.020000457763672,24.65999984741211,23.5,24.170000076293945,1043900
13-05-2025,24.3799991607666,24.53499984741211,23.6299991607666,23.76000022888184,714000
14-05-2025,23.729999542236328,24.32999992370605,23.09499931335449,23.920000076293945,908500
15-05-2025,23.920000076293945,23.920000076293945,22.26499938964844,23.36000061035156,1538200
16-05-2025,23.43000030517578,23.709999084472656,22.96999931335449,23.57999992370605,944900
19-05-2025,23.07999992370605,23.6200008392334,23.0,23.559999465942383,550400
20-05-2025,22.7450008392334,22.77499961853028,20.549999237060547,21.530000686645508,3055200
21-05-2025,21.11000061035156,21.280000686645508,20.40999984741211,20.51000022888184,1677800
22-05-2025,20.479999542236328,21.690000534057617,20.309999465942383,21.21999931335449,1021900
23-05-2025,20.8700008392334,21.43000030517578,20.76000022888184,21.39999961853028,929800
27-05-2025,21.920000076293945,22.11000061035156,21.375,21.5,901200
28-05-2025,21.450000762939453,21.729999542236328,21.1299991607666,21.520000457763672,1016100
29-05-2025,21.709999084472656,22.0,21.2450008392334,21.440000534057617,759400
30-05-2025,21.309999465942383,21.81999969482422,20.89999961853028,21.6200008392334,720800
02-06-2025,21.6200008392334,22.05500030517578,21.229999542236328,21.690000534057617,885000
03-06-2025,22.030000686645508,22.950000762939453,21.290000915527344,22.89999961853028,1000300
04-06-2025,23.01000022888184,23.88999938964844,22.850000381469727,23.729999542236328,967900
05-06-2025,23.88999938964844,24.709999084472656,23.40999984741211,23.84000015258789,785500
06-06-2025,24.209999084472656,24.920000076293945,23.979999542236328,24.6200008392334,1167300
09-06-2025,24.989999771118164,25.709999084472656,24.450000762939453,25.46999931335449,1425900
10-06-2025,25.600000381469727,26.729999542236328,25.40999984741211,26.1299991607666,1687600
11-06-2025,26.299999237060547,27.6299991607666,25.910999298095703,26.690000534057617,1458200
12-06-2025,26.450000762939453,26.450000762939453,22.670000076293945,22.834999084472656,2582500
13-06-2025,22.01000022888184,22.290000915527344,20.89999961853028,21.43000030517578,1728100
16-06-2025,21.6299991607666,21.809999465942383,20.88999938964844,21.200000762939453,1357300
17-06-2025,20.90999984741211,21.617000579833984,20.81999969482422,20.8799991607666,1276100
18-06-2025,20.854999542236328,21.6200008392334,20.489999771118164,21.049999237060547,1170100
20-06-2025,21.26000022888184,21.28499984741211,20.125,20.459999084472656,1401100
23-06-2025,20.239999771118164,20.56999969482422,19.739999771118164,20.350000381469727,713400
24-06-2025,20.700000762939453,20.8799991607666,20.14999961853028,20.600000381469727,875200
25-06-2025,20.76499938964844,20.76499938964844,20.03499984741211,20.559999465942383,768900
26-06-2025,20.3799991607666,20.71500015258789,20.049999237060547,20.489999771118164,670700
27-06-2025,20.549999237060547,20.89999961853028,20.18000030517578,20.61000061035156,1681800
30-06-2025,20.809999465942383,21.198999404907227,20.100000381469727,20.1200008392334,2035300
01-07-2025,20.0,21.32999992370605,19.850000381469727,20.61000061035156,903500
02-07-2025,20.51000022888184,21.434999465942383,20.440000534057617,20.959999084472656,831000
03-07-2025,21.280000686645508,21.420000076293945,20.809999465942383,21.1200008392334,348400
07-07-2025,20.850000381469727,20.950000762939453,20.27499961853028,20.6299991607666,928600
08-07-2025,20.770000457763672,21.46999931335449,20.770000457763672,21.420000076293945,1192600
09-07-2025,21.690000534057617,22.14999961853028,21.440000534057617,21.684999465942383,1036600
10-07-2025,21.690000534057617,21.940000534057617,21.31999969482422,21.709999084472656,751200
11-07-2025,21.420000076293945,21.51000022888184,20.815000534057617,21.01000022888184,892000
14-07-2025,20.809999465942383,21.25,20.809999465942383,21.13999938964844,601300
15-07-2025,21.31999969482422,21.350000381469727,20.14999961853028,20.3700008392334,1082900
16-07-2025,20.549999237060547,21.26000022888184,20.540000915527344,21.25,1060500
17-07-2025,21.450000762939453,22.5,21.410999298095703,21.64999961853028,1253300
18-07-2025,22.270000457763672,22.46999931335449,21.299999237060547,21.450000762939453,963700
21-07-2025,22.030000686645508,23.75,22.030000686645508,22.81999969482422,1637600
22-07-2025,22.920000076293945,23.200000762939453,22.3700008392334,22.770000457763672,1128200
23-07-2025,23.01000022888184,23.75,22.670000076293945,23.030000686645508,1300800
24-07-2025,22.8799991607666,22.981000900268555,22.34499931335449,22.489999771118164,833700
25-07-2025,22.530000686645508,22.600000381469727,22.049999237060547,22.229999542236328,760900
28-07-2025,22.420000076293945,22.540000915527344,22.100000381469727,22.38999938964844,884200
29-07-2025,22.46999931335449,22.46999931335449,21.09499931335449,21.170000076293945,917700
30-07-2025,21.350000381469727,21.47100067138672,20.549999237060547,20.709999084472656,717500
31-07-2025,20.625,20.94499969482422,20.15999984741211,20.32999992370605,903600
01-08-2025,19.88999938964844,20.229999542236328,19.46999931335449,19.530000686645508,1118800
04-08-2025,19.799999237060547,20.09000015258789,19.530000686645508,19.989999771118164,1017400
05-08-2025,20.0,20.01000022888184,19.52499961853028,19.63999938964844,1230500
06-08-2025,19.5,19.6299991607666,19.01000022888184,19.34000015258789,1236900
07-08-2025,20.309999465942383,20.309999465942383,18.479999542236328,19.36000061035156,2550600
08-08-2025,19.440000534057617,20.174999237060547,19.18000030517578,19.209999084472656,1591000
11-08-2025,18.850000381469727,19.14999961853028,18.51000022888184,18.6299991607666,1599200
12-08-2025,18.64999961853028,18.950000762939453,18.350000381469727,18.850000381469727,1133500
13-08-2025,18.920000076293945,19.905000686645508,18.89999961853028,19.84000015258789,1753200
14-08-2025,17.520000457763672,19.69499969482422,17.0,19.450000762939453,4405700
15-08-2025,18.665000915527344,19.604999542236328,18.11000061035156,19.375,2116100
18-08-2025,19.3799991607666,20.184999465942383,19.030000686645508,20.049999237060547,1356100
19-08-2025,20.0049991607666,20.3700008392334,19.280000686645508,19.39999961853028,883000
20-08-2025,19.200000762939453,19.395000457763672,18.75,19.36000061035156,1049200
21-08-2025,19.26000022888184,19.809999465942383,19.0,19.57999992370605,525100
22-08-2025,19.86000061035156,20.44499969482422,19.4950008392334,20.315000534057617,1897000
25-08-2025,20.309999465942383,20.39999961853028,19.434999465942383,19.540000915527344,737900
26-08-2025,19.540000915527344,19.975000381469727,19.479999542236328,19.63999938964844,519900
27-08-2025,19.530000686645508,20.07999992370605,19.43000030517578,19.790000915527344,563200
28-08-2025,19.809999465942383,20.049999237060547,19.670000076293945,19.76000022888184,956200
29-08-2025,19.81999969482422,20.0,19.31999969482422,19.51000022888184,704300
02-09-2025,19.270000457763672,19.78300094604492,18.940000534057617,19.11000061035156,612900
03-09-2025,19.049999237060547,19.3700008392334,18.90999984741211,19.290000915527344,793300
04-09-2025,19.200000762939453,19.200000762939453,18.690000534057617,18.96999931335449,970400
05-09-2025,19.020000457763672,19.458999633789062,18.959999084472656,19.1299991607666,1105700
08-09-2025,19.15999984741211,19.709999084472656,18.816999435424805,19.440000534057617,995800
09-09-2025,19.43000030517578,19.530000686645508,18.940000534057617,19.459999084472656,1087400
10-09-2025,19.459999084472656,19.459999084472656,18.1299991607666,18.14999961853028,1367800
11-09-2025,18.229999542236328,18.920000076293945,18.20499992370605,18.780000686645508,1241700
12-09-2025,18.690000534057617,18.82999992370605,18.465999603271484,18.56999969482422,689800
15-09-2025,18.65999984741211,18.729999542236328,18.239999771118164,18.459999084472656,805000
16-09-2025,18.450000762939453,19.290000915527344,18.440000534057617,19.11000061035156,1801500
17-09-2025,19.26000022888184,19.82999992370605,18.924999237060547,19.030000686645508,1067100
18-09-2025,19.270000457763672,19.739999771118164,19.256999969482425,19.64999961853028,934800
19-09-2025,19.674999237060547,19.780000686645508,19.21999931335449,19.450000762939453,1284400
22-09-2025,19.655000686645508,20.299999237060547,19.46999931335449,19.71999931335449,1671800
23-09-2025,19.739999771118164,19.8799991607666,19.030000686645508,19.059999465942383,956200
24-09-2025,19.059999465942383,19.42300033569336,18.891000747680664,19.059999465942383,729100
25-09-2025,18.920000076293945,19.09000015258789,18.43000030517578,19.030000686645508,754300
26-09-2025,19.239999771118164,19.540000915527344,19.01000022888184,19.299999237060547,698300
29-09-2025,19.299999237060547,20.38500022888184,19.145000457763672,20.040000915527344,1180600
30-09-2025,19.799999237060547,20.09000015258789,19.14999961853028,20.059999465942383,1070900
01-10-2025,20.040000915527344,21.239999771118164,19.920000076293945,21.209999084472656,1260700
02-10-2025,21.309999465942383,22.03400039672852,20.959999084472656,21.450000762939453,1108200
03-10-2025,21.57999992370605,21.989999771118164,20.440000534057617,20.59000015258789,1491200
06-10-2025,20.780000686645508,21.81999969482422,20.520000457763672,21.290000915527344,1093100
07-10-2025,21.32999992370605,21.334999084472656,20.03499984741211,20.15999984741211,951100
08-10-2025,20.209999084472656,21.291000366210938,20.200000762939453,20.71999931335449,1143200
09-10-2025,20.770000457763672,20.915000915527344,20.5,20.64999961853028,1153700
10-10-2025,20.709999084472656,20.8700008392334,19.059999465942383,19.07999992370605,1027700
13-10-2025,19.25,19.8799991607666,19.14999961853028,19.700000762939453,1022900
14-10-2025,19.32999992370605,19.799999237060547,18.88999938964844,19.43000030517578,776200
15-10-2025,19.82999992370605,21.07999992370605,19.75,20.61000061035156,1895400
16-10-2025,20.850000381469727,21.82999992370605,20.299999237060547,20.309999465942383,1679400
17-10-2025,19.920000076293945,20.190000534057617,19.059999465942383,19.309999465942383,1223900
20-10-2025,20.18000030517578,22.31999969482422,20.15900039672852,21.979999542236328,2583500
21-10-2025,21.89999961853028,21.905000686645508,20.780000686645508,20.8700008392334,1125100
22-10-2025,20.799999237060547,20.875,19.989999771118164,20.790000915527344,1262300
23-10-2025,20.90999984741211,22.299999237060547,20.82999992370605,21.959999084472656,1348800
24-10-2025,22.479999542236328,22.81999969482422,22.190000534057617,22.520000457763672,1342300
27-10-2025,22.86000061035156,23.020000457763672,21.854999542236328,22.170000076293945,1153100
28-10-2025,22.06999969482422,22.46999931335449,21.600000381469727,21.770000457763672,923500
29-10-2025,21.76000022888184,22.229999542236328,20.96500015258789,21.14999961853028,966900
30-10-2025,20.86000061035156,21.280000686645508,20.440000534057617,20.459999084472656,732800
31-10-2025,20.68000030517578,21.049999237060547,20.100000381469727,21.040000915527344,1008400
03-11-2025,21.0,21.229999542236328,20.309999465942383,20.549999237060547,956000
04-11-2025,20.0,20.76000022888184,19.850000381469727,19.989999771118164,935700
05-11-2025,19.850000381469727,20.364999771118164,19.64999961853028,19.770000457763672,1092600
06-11-2025,19.31999969482422,19.4060001373291,17.829999923706055,18.64999961853028,2188200
07-11-2025,18.209999084472656,18.40999984741211,16.809999465942383,17.780000686645508,2236300
10-11-2025,18.270000457763672,18.700000762939453,18.07999992370605,18.290000915527344,1183300
11-11-2025,18.290000915527344,18.47100067138672,17.93000030517578,18.299999237060547,759500
12-11-2025,18.39999961853028,18.59000015258789,17.825000762939453,17.979999542236328,792600
13-11-2025,17.6200008392334,17.889999389648438,17.1200008392334,17.200000762939453,950300
14-11-2025,16.829999923706055,17.770000457763672,16.799999237060547,17.639999389648438,870700
17-11-2025,17.479999542236328,17.59000015258789,17.170000076293945,17.459999084472656,845100
18-11-2025,17.299999237060547,17.5,16.81999969482422,17.010000228881836,793800
19-11-2025,17.010000228881836,17.56999969482422,16.690000534057617,16.850000381469727,731900
20-11-2025,17.270000457763672,17.549999237060547,16.28499984741211,16.329999923706055,988900
21-11-2025,16.34000015258789,16.81999969482422,15.989999771118164,16.469999313354492,1384700
24-11-2025,16.530000686645508,17.34000015258789,16.479999542236328,17.110000610351562,1276800
25-11-2025,16.84000015258789,17.479999542236328,16.799999237060547,17.450000762939453,937100
26-11-2025,17.479999542236328,17.6200008392334,17.260000228881836,17.420000076293945,857200
28-11-2025,17.510000228881836,17.594999313354492,17.174999237060547,17.559999465942383,381000
01-12-2025,17.190000534057617,17.299999237060547,16.860000610351562,17.040000915527344,728300
02-12-2025,17.110000610351562,17.64699935913086,17.010000228881836,17.079999923706055,765200
03-12-2025,17.149999618530273,17.80500030517578,17.09000015258789,17.739999771118164,828300
04-12-2025,17.75,18.420000076293945,17.5,18.420000076293945,720500
05-12-2025,18.31999969482422,18.31999969482422,17.559999465942383,17.639999389648438,746300
08-12-2025,18.020000457763672,18.350000381469727,17.59000015258789,17.760000228881836,723300
09-12-2025,17.760000228881836,17.989999771118164,17.524999618530273,17.770000457763672,580700
10-12-2025,17.75,18.280000686645508,17.639999389648438,17.940000534057617,577600
11-12-2025,17.920000076293945,18.209999084472656,17.641000747680664,18.1299991607666,697400
12-12-2025,18.11000061035156,18.8799991607666,17.860000610351562,18.049999237060547,946400
15-12-2025,18.940000534057617,19.040000915527344,17.860000610351562,18.209999084472656,1208200
16-12-2025,18.190000534057617,18.57999992370605,17.735000610351562,17.940000534057617,1062800
17-12-2025,17.950000762939453,18.349000930786133,17.329999923706055,17.399999618530273,614500
18-12-2025,17.559999465942383,17.690000534057617,17.020000457763672,17.200000762939453,961100
19-12-2025,17.200000762939453,17.75,17.110000610351562,17.65999984741211,1389000
22-12-2025,18.040000915527344,19.440000534057617,17.799999237060547,19.38999938964844,1401600
23-12-2025,19.290000915527344,19.39800071716309,18.725000381469727,18.809999465942383,732000
24-12-2025,18.88999938964844,18.920000076293945,18.350000381469727,18.3799991607666,570700
26-12-2025,18.3799991607666,18.38999938964844,18.0,18.309999465942383,474000
29-12-2025,18.06999969482422,18.25,17.6200008392334,17.84000015258789,848000
30-12-2025,17.770000457763672,18.0,17.709999084472656,17.799999237060547,642700
31-12-2025,17.770000457763672,17.945999145507812,17.700000762939453,17.8799991607666,638800
02-01-2026,18.100000381469727,18.209999084472656,17.5,17.979999542236328,950200
05-01-2026,18.200000762939453,18.78499984741211,18.100000381469727,18.5,807500
06-01-2026,18.71999931335449,19.57999992370605,18.565000534057617,18.790000915527344,1178300
07-01-2026,18.559999465942383,19.065000534057617,18.43600082397461,18.770000457763672,920800
08-01-2026,18.709999084472656,18.739999771118164,18.049999237060547,18.61000061035156,791300
09-01-2026,18.82999992370605,18.850000381469727,18.26499938964844,18.38999938964844,1050100
12-01-2026,18.540000915527344,18.709999084472656,18.15999984741211,18.63999938964844,732200
13-01-2026,18.690000534057617,18.724000930786133,18.170000076293945,18.309999465942383,595500
14-01-2026,18.200000762939453,18.46999931335449,17.979999542236328,18.32999992370605,646800
15-01-2026,18.34000015258789,18.34000015258789,17.149999618530273,17.469999313354492,1178700
16-01-2026,17.530000686645508,17.530000686645508,16.610000610351562,16.790000915527344,1142100
20-01-2026,16.31999969482422,16.68000030517578,16.200000762939453,16.31999969482422,1198400
21-01-2026,16.350000381469727,16.75,16.06999969482422,16.420000076293945,1122100
22-01-2026,16.68000030517578,17.87299919128418,16.64699935913086,17.329999923706055,1465500
23-01-2026,17.434999465942383,17.434999465942383,16.3799991607666,16.420000076293945,1170400
26-01-2026,16.25,16.30900001525879,15.515000343322754,15.529999732971191,1719800
27-01-2026,15.5649995803833,15.880000114440918,14.789999961853027,14.880000114440918,1928000
28-01-2026,14.90999984741211,14.989999771118164,14.5600004196167,14.56999969482422,1693400
29-01-2026,14.43000030517578,14.609999656677246,14.083999633789062,14.31999969482422,1390700
30-01-2026,14.0600004196167,14.079999923706056,13.4399995803833,13.970000267028809,2582300
02-02-2026,13.875,14.31999969482422,13.670000076293944,14.09000015258789,1262500
03-02-2026,14.119999885559082,14.43000030517578,12.960000038146973,13.380000114440918,1592800
04-02-2026,13.300000190734863,13.460000038146973,12.890000343322754,13.359999656677246,1444300
05-02-2026,12.979999542236328,13.406000137329102,12.9399995803833,12.9399995803833,1784500
06-02-2026,13.15999984741211,13.56999969482422,12.8100004196167,13.489999771118164,1157100
09-02-2026,13.510000228881836,13.720000267028809,13.199999809265137,13.600000381469728,850200
10-02-2026,13.670000076293944,13.9399995803833,13.539999961853027,13.630000114440918,679200
11-02-2026,13.56999969482422,13.739999771118164,11.789999961853027,11.979999542236328,5292700
12-02-2026,12.09000015258789,12.100000381469728,11.154000282287598,11.3100004196167,3356700
13-02-2026,11.539999961853027,11.824999809265137,11.18000030517578,11.399999618530272,2365200
17-02-2026,11.390000343322754,11.68000030517578,11.149999618530272,11.630000114440918,1669400
18-02-2026,11.489999771118164,12.020000457763672,11.395000457763672,11.8100004196167,1199800
19-02-2026,11.6899995803833,11.890000343322754,11.520000457763672,11.890000343322754,690600
20-02-2026,11.6899995803833,11.989999771118164,11.420000076293944,11.529999732971191,1284100
23-02-2026,11.390000343322754,11.399999618530272,11.109999656677246,11.220000267028809,1090800
24-02-2026,11.220000267028809,11.520999908447266,11.161999702453612,11.300000190734863,1407000
25-02-2026,11.609999656677246,12.0,11.460000038146973,11.800000190734863,1492100
26-02-2026,13.0,13.359999656677246,11.81999969482422,12.760000228881836,3807600
27-02-2026,12.350000381469728,12.640000343322754,11.885000228881836,12.0600004196167,1724900
02-03-2026,11.640000343322754,12.420000076293944,11.600000381469728,12.149999618530272,1412900
03-03-2026,11.770000457763672,12.760000228881836,11.43299961090088,12.5,1478200
04-03-2026,12.8100004196167,13.204999923706056,12.59000015258789,13.119999885559082,1319200
05-03-2026,12.979999542236328,13.16100025177002,12.579999923706056,13.029999732971191,1323700
06-03-2026,12.739999771118164,13.170000076293944,12.529999732971191,12.739999771118164,979300
09-03-2026,12.449999809265137,13.09000015258789,12.244999885559082,12.949999809265137,1106000
10-03-2026,12.979999542236328,13.149999618530272,12.31999969482422,12.630000114440918,1146000
11-03-2026,12.5600004196167,12.75,12.289999961853027,12.729999542236328,1061400
12-03-2026,12.670000076293944,12.81999969482422,12.029999732971191,12.15999984741211,1194600
13-03-2026,12.1899995803833,12.529999732971191,12.125,12.510000228881836,992900
16-03-2026,12.619999885559082,12.850000381469728,12.40999984741211,12.699999809265137,975800
17-03-2026,12.550000190734863,12.6899995803833,12.255000114440918,12.289999961853027,1145600
18-03-2026,12.0,12.350000381469728,11.800000190734863,11.979999542236328,1319000
19-03-2026,11.770000457763672,12.43000030517578,11.75,12.199999809265137,1000100
20-03-2026,12.229999542236328,12.380000114440918,11.864999771118164,12.020000457763672,1697400
23-03-2026,12.15999984741211,12.210000038146973,11.829999923706056,11.869999885559082,978200
24-03-2026,11.699999809265137,11.779999732971191,11.380000114440918,11.56999969482422,793900
25-03-2026,11.720000267028809,11.937999725341797,11.369999885559082,11.399999618530272,818000
26-03-2026,11.279999732971191,11.760000228881836,11.279999732971191,11.56999969482422,897000
27-03-2026,11.5,11.539999961853027,10.94499969482422,11.079999923706056,994100
30-03-2026,11.149999618530272,11.420000076293944,11.039999961853027,11.06999969482422,926900
31-03-2026,11.220000267028809,11.5600004196167,11.109999656677246,11.359999656677246,753000
01-04-2026,11.529999732971191,11.739999771118164,11.329999923706056,11.550000190734863,961700
02-04-2026,11.229999542236328,11.739999771118164,11.15999984741211,11.579999923706056,781700
06-04-2026,11.600000381469728,11.760000228881836,11.520000457763672,11.520000457763672,901100
07-04-2026,11.390000343322754,11.4399995803833,11.020000457763672,11.390000343322754,845500
08-04-2026,11.970000267028809,12.130000114440918,11.43000030517578,11.5,1383300
09-04-2026,11.479999542236328,11.779999732971191,11.279999732971191,11.470000267028809,1624700
10-04-2026,11.56999969482422,11.845000267028809,11.199999809265137,11.369999885559082,1123300
13-04-2026,11.289999961853027,11.75,11.25,11.449999809265137,1350300
14-04-2026,11.574999809265137,11.970000267028809,11.574999809265137,11.90999984741211,1603400
15-04-2026,12.050000190734863,12.640000343322754,12.015000343322754,12.399999618530272,1758600
16-04-2026,12.710000038146973,12.850000381469728,11.753999710083008,12.0600004196167,2795100
17-04-2026,12.34000015258789,12.5,11.649999618530272,12.34000015258789,2544100
20-04-2026,12.130000114440918,12.829999923706056,12.109999656677246,12.800000190734863,1291900
21-04-2026,12.90999984741211,13.3100004196167,12.699999809265137,12.880000114440918,1221700
22-04-2026,13.005000114440918,13.020000457763672,12.220000267028809,12.350000381469728,1870100
23-04-2026,12.15999984741211,12.25,11.239999771118164,11.40999984741211,1808900
24-04-2026,11.390000343322754,11.9399995803833,11.3100004196167,11.789999961853027,1154600
27-04-2026,11.770000457763672,12.25,11.720000267028809,11.739999771118164,1796300
28-04-2026,11.609999656677246,12.510000228881836,11.550000190734863,12.239999771118164,1640300
29-04-2026,12.149999618530272,12.279999732971191,11.59000015258789,11.760000228881836,1230100
30-04-2026,11.800000190734863,12.06999969482422,11.609999656677246,11.960000038146973,1118500
01-05-2026,12.170000076293944,12.489999771118164,11.899999618530272,12.390000343322754,1007500
04-05-2026,12.529999732971191,13.25,12.524999618530272,12.899999618530272,1675500
05-05-2026,12.779999732971191,13.020000457763672,12.539999961853027,12.869999885559082,1531100
06-05-2026,12.18000030517578,12.979999542236328,11.5600004196167,12.979999542236328,2564200
07-05-2026,13.18000030517578,13.420000076293944,12.795000076293944,13.279999732971191,1236300
08-05-2026,13.10200023651123,13.210000038146973,12.60200023651123,13.130000114440918,1778400
11-05-2026,12.979999542236328,13.369999885559082,12.625,12.720000267028809,1978300
12-05-2026,12.720000267028809,12.885000228881836,12.524999618530272,12.6899995803833,1020400
13-05-2026,12.579999923706056,12.864999771118164,12.550000190734863,12.75,1152900
14-05-2026,12.75,13.170000076293944,12.329999923706056,12.619999885559082,1062000
15-05-2026,12.510000228881836,12.640000343322754,11.895000457763672,11.949999809265137,1181600
18-05-2026,11.920000076293944,12.350000381469728,11.920000076293944,12.050000190734863,1171500
19-05-2026,12.085000038146973,12.1899995803833,11.75,11.989999771118164,937600
20-05-2026,11.979999542236328,12.350000381469728,11.81999969482422,12.31999969482422,1321100
21-05-2026,12.25,13.31999969482422,12.18000030517578,13.229999542236328,1555800
22-05-2026,13.270000457763672,13.649999618530272,13.119999885559082,13.300000190734863,1322800
26-05-2026,13.229999542236328,13.484999656677246,13.09000015258789,13.149999618530272,1019800
27-05-2026,13.06999969482422,13.829999923706056,13.06999969482422,13.239999771118164,1067300
28-05-2026,13.18000030517578,14.229999542236328,13.050999641418455,14.15999984741211,1234700
29-05-2026,14.15999984741211,15.4399995803833,13.9399995803833,15.199999809265137,2342000
01-06-2026,15.229999542236328,16.09000015258789,14.812000274658203,15.800000190734863,2280800
02-06-2026,15.350000381469728,15.53600025177002,14.880000114440918,14.9399995803833,1231900
03-06-2026,14.600000381469728,14.989999771118164,14.411999702453612,14.93000030517578,1608800
04-06-2026,15.010000228881836,16.469999313354492,14.850000381469728,15.850000381469728,2498200
05-06-2026,15.850000381469728,15.850000381469728,14.234999656677246,14.380000114440918,1375100
08-06-2026,14.515000343322754,14.729999542236328,14.274999618530272,14.399999618530272,866000
09-06-2026,14.229999542236328,15.039999961853027,14.09000015258789,14.520000457763672,942700
10-06-2026,14.369999885559082,14.664999961853027,14.029999732971191,14.149999618530272,969500
11-06-2026,14.1899995803833,14.65999984741211,13.899999618530272,14.600000381469728,920600
12-06-2026,14.710000038146973,14.880000114440918,14.19499969482422,14.449999809265137,863700
15-06-2026,14.770000457763672,15.074999809265137,14.454999923706056,14.600000381469728,1047400
16-06-2026,14.6899995803833,15.220000267028809,14.520000457763672,14.93000030517578,1191900
17-06-2026,14.885000228881836,16.299999237060547,14.75,15.529999732971191,1484900
18-06-2026,15.779999732971191,16.04199981689453,15.390000343322754,15.760000228881836,1556400
22-06-2026,15.710000038146973,15.989999771118164,15.085000038146973,15.229999542236328,954800
23-06-2026,14.979999542236328,15.710000038146973,14.923999786376951,15.039999961853027,1213000
24-06-2026,15.140000343322754,15.845000267028809,15.081000328063965,15.329999923706056,884600
25-06-2026,15.359999656677246,16.469999313354492,15.09000015258789,16.139999389648438,1754700
26-06-2026,16.049999237060547,17.799999237060547,16.010000228881836,16.860000610351562,3928700
29-06-2026,17.030000686645508,17.649999618530273,16.860000610351562,17.389999389648438,1957100
30-06-2026,17.139999389648438,17.81999969482422,15.9399995803833,16.25,2721800
01-07-2026,16.420000076293945,17.065000534057617,15.869999885559082,16.389999389648438,2053100
02-07-2026,16.6299991607666,17.625,16.545000076293945,16.8799991607666,1508000
06-07-2026,16.709999084472656,17.469999313354492,16.209999084472656,17.0,984400
07-07-2026,17.0,17.222999572753906,16.299999237060547,16.489999771118164,1126200
08-07-2026,15.979999542236328,16.334999084472656,15.739999771118164,16.09000015258789,1033200
09-07-2026,16.219999313354492,16.829999923706055,16.020000457763672,16.790000915527344,688200
10-07-2026,16.90999984741211,16.90999984741211,15.93000030517578,16.489999771118164,1095100
13-07-2026,16.399999618530273,16.899999618530273,16.0,16.40999984741211,784600
14-07-2026,16.3799991607666,16.56999969482422,16.0,16.1299991607666,902800
15-07-2026,16.15999984741211,16.645000457763672,16.079999923706055,16.270000457763672,814000
16-07-2026,16.219999313354492,16.389999389648438,15.270999908447266,15.600000381469728,1281800
17-07-2026,15.260000228881836,15.640000343322754,15.09000015258789,15.31999969482422,940300
20-07-2026,15.149999618530272,15.300000190734863,14.960000038146973,15.0,941800
21-07-2026,15.050000190734863,15.31999969482422,14.800000190734863,15.100000381469728,940700
22-07-2026,15.1899995803833,15.1899995803833,14.649999618530272,15.029999732971191,650800
23-07-2026,14.850000381469728,15.399999618530272,14.850000381469728,15.130000114440918,716700
24-07-2026,15.31999969482422,15.350000381469728,14.609999656677246,14.970000267028809,981700
27-07-2026,15.199999809265137,15.5,15.0,15.279999732971191,643000
28-07-2026,15.260000228881836,15.56999969482422,15.06999969482422,15.289999961853027,538800
29-07-2026,15.145000457763672,15.449999809265137,14.9399995803833,15.119999885559082,660900
30-07-2026,15.020000457763672,15.470000267028809,14.71500015258789,15.350000381469728,879800
31-07-2026,15.34000015258789,15.520000457763672,14.800000190734863,15.140000343322754,1218200
03-08-2026,15.140000343322754,15.510000228881836,14.90999984741211,15.279999732971191,982200
04-08-2026,15.300000190734863,15.744999885559082,15.199999809265137,15.649999618530272,971100
05-08-2026,15.75,16.485000610351562,15.520000457763672,16.399999618530273,1717900
06-08-2026,17.261999130249023,18.3799991607666,17.020000457763672,17.809999465942383,2740400
07-08-2026,18.07999992370605,18.850000381469727,17.485000610351562,18.15999984741211,1371300
10-08-2026,18.020000457763672,18.940000534057617,17.950000762939453,18.770000457763672,1199400
11-08-2026,18.76499938964844,19.239999771118164,18.597000122070312,18.64999961853028,1434500
12-08-2026,18.600000381469727,18.729999542236328,18.209999084472656,18.6299991607666,1476700
13-08-2026,18.559999465942383,18.84000015258789,18.31999969482422,18.459999084472656,920500
14-08-2026,18.459999084472656,18.4950008392334,17.579999923706055,17.59000015258789,948800
17-08-2026,17.360000610351562,17.600000381469727,17.15999984741211,17.399999618530273,653500
18-08-2026,17.309999465942383,17.71500015258789,17.170000076293945,17.670000076293945,841100
19-08-2026,18.1200008392334,19.920000076293945,18.1200008392334,19.850000381469727,1898100
20-08-2026,19.56999969482422,20.1299991607666,19.31100082397461,19.57999992370605,1034000
21-08-2026,19.825000762939453,20.479999542236328,19.51000022888184,19.709999084472656,1094400
24-08-2026,19.61000061035156,19.61000061035156,18.700000762939453,18.770000457763672,914400
25-08-2026,18.950000762939453,20.18000030517578,18.86000061035156,19.989999771118164,899700
26-08-2026,19.725000381469727,19.979999542236328,19.299999237060547,19.46999931335449,751500
27-08-2026,19.489999771118164,20.40999984741211,19.48900032043457,20.40999984741211,861600
28-08-2026,20.200000762939453,20.32999992370605,19.530000686645508,19.700000762939453,911500
31-08-2026,19.57999992370605,19.64999961853028,19.1299991607666,19.5,652100
01-09-2026,19.25,20.989999771118164,19.24300003051757,20.84000015258789,1507100
02-09-2026,20.670000076293945,21.39999961853028,19.7549991607666,20.8799991607666,1234200
03-09-2026,21.030000686645508,21.290000915527344,20.25,20.709999084472656,771600
04-09-2026,20.57999992370605,20.670000076293945,19.684999465942383,20.09000015258789,876800
08-09-2026,19.8700008392334,20.3700008392334,19.73500061035156,20.030000686645508,1115100
09-09-2026,19.8799991607666,20.0049991607666,19.09000015258789,19.200000762939453,755900
10-09-2026,18.809999465942383,19.200000762939453,18.690000534057617,18.799999237060547,512000
11-09-2026,18.93000030517578,19.030000686645508,18.6299991607666,19.020000457763672,464300
14-09-2026,19.030000686645508,21.39999961853028,18.84000015258789,20.75,1950000
15-09-2026,20.780000686645508,23.709999084472656,20.34000015258789,23.25,3790500
16-09-2026,23.290000915527344,24.38999938964844,23.020000457763672,23.93000030517578,2803000
17-09-2026,24.09,30.41,24.09,30.24,9034600
18-09-2026,29.32,30.22,28.55,29.02,5229200
21-09-2026,29.43,31.028,29.0,30.24,2888000
22-09-2026,30.13,31.595,29.69,30.7,2578400
23-09-2026,30.05,31.14,28.32,29.23,3065200
24-09-2026,28.97,30.24,28.4,29.45,2025400
25-09-2026,29.6,29.74,27.69,28.85,1369900
28-09-2026,28.47,30.21,28.2,29.5,2130100
29-09-2026,29.3,30.6,29.04,30.33,1864400
30-09-2026,30.55,32.45,30.18,31.05,3892200
01-10-2026,30.77,31.93,30.01,30.46,5139800
02-10-2026,30.74,31.14,29.28,30.31,3050400
