Date,Open,High,Low,Close,Volume
30-09-2021,9.40999984741211,9.5,9.25,9.260000228881836,383200
01-10-2021,9.3100004196167,9.4399995803833,9.239999771118164,9.369999885559082,423400
04-10-2021,9.390000343322754,9.5600004196167,9.270000457763672,9.3100004196167,480700
05-10-2021,9.350000381469728,9.479999542236328,9.220000267028809,9.390000343322754,423800
06-10-2021,9.369999885559082,9.43000030517578,9.229999542236328,9.399999618530272,352300
07-10-2021,9.470000267028809,9.600000381469728,9.449999809265137,9.449999809265137,865000
08-10-2021,9.449999809265137,9.529999732971191,9.399999618530272,9.40999984741211,447400
11-10-2021,9.479999542236328,9.609999656677246,9.300000190734863,9.3100004196167,297200
12-10-2021,9.31999969482422,9.43000030517578,9.279999732971191,9.279999732971191,325700
13-10-2021,9.289999961853027,9.289999961853027,9.09000015258789,9.289999961853027,928900
14-10-2021,9.350000381469728,9.489999771118164,9.300000190734863,9.470000267028809,220800
15-10-2021,9.579999923706056,9.619999885559082,9.40999984741211,9.420000076293944,254600
18-10-2021,9.40999984741211,9.40999984741211,9.3100004196167,9.31999969482422,157800
19-10-2021,9.329999923706056,9.40999984741211,9.18000030517578,9.1899995803833,193800
20-10-2021,9.15999984741211,9.31999969482422,9.130000114440918,9.289999961853027,270400
21-10-2021,9.289999961853027,9.359999656677246,9.260000228881836,9.350000381469728,180700
22-10-2021,9.380000114440918,9.449999809265137,9.329999923706056,9.420000076293944,232900
25-10-2021,9.420000076293944,9.510000228881836,9.350000381469728,9.489999771118164,159100
26-10-2021,9.489999771118164,9.489999771118164,9.369999885559082,9.369999885559082,227400
27-10-2021,9.3100004196167,9.40999984741211,9.260000228881836,9.3100004196167,315400
28-10-2021,9.369999885559082,9.479999542236328,9.350000381469728,9.399999618530272,199500
29-10-2021,9.399999618530272,9.43000030517578,9.34000015258789,9.399999618530272,362700
01-11-2021,9.420000076293944,9.640000343322754,9.399999618530272,9.619999885559082,304500
02-11-2021,9.640000343322754,9.65999984741211,9.529999732971191,9.640000343322754,244300
03-11-2021,9.649999618530272,9.9399995803833,9.609999656677246,9.899999618530272,267100
04-11-2021,10.0,10.0,9.289999961853027,9.550000190734863,738900
05-11-2021,9.609999656677246,9.880000114440918,9.59000015258789,9.8100004196167,298800
08-11-2021,9.800000190734863,9.859999656677246,9.720000267028809,9.850000381469728,273600
09-11-2021,9.979999542236328,9.979999542236328,9.609999656677246,9.630000114440918,1765400
10-11-2021,9.600000381469728,9.609999656677246,9.289999961853027,9.3100004196167,462600
11-11-2021,9.31999969482422,9.31999969482422,9.100000381469728,9.300000190734863,239900
12-11-2021,9.329999923706056,9.329999923706056,8.989999771118164,9.029999732971191,427000
15-11-2021,9.06999969482422,9.109999656677246,8.779999732971191,8.949999809265137,1066000
16-11-2021,8.970000267028809,9.06999969482422,8.899999618530273,8.970000267028809,269600
17-11-2021,8.90999984741211,8.979999542236328,8.829999923706055,8.970000267028809,378000
18-11-2021,8.890000343322754,8.989999771118164,8.609999656677246,8.619999885559082,302500
19-11-2021,8.5,8.5600004196167,8.359999656677246,8.520000457763672,690700
22-11-2021,8.520000457763672,8.779999732971191,8.520000457763672,8.680000305175781,297300
23-11-2021,8.640000343322754,8.739999771118164,8.510000228881836,8.539999961853027,274000
24-11-2021,8.510000228881836,8.510000228881836,8.289999961853027,8.329999923706055,263800
26-11-2021,8.079999923706055,8.079999923706055,7.639999866485596,7.809999942779541,234100
29-11-2021,7.900000095367432,7.920000076293945,7.480000019073486,7.789999961853027,751300
30-11-2021,7.690000057220459,7.739999771118164,7.539999961853027,7.699999809265137,671600
01-12-2021,7.909999847412109,8.020000457763672,7.630000114440918,7.639999866485596,370200
02-12-2021,7.71999979019165,7.809999942779541,7.679999828338623,7.699999809265137,502500
03-12-2021,7.769999980926514,7.769999980926514,7.550000190734863,7.610000133514404,309100
06-12-2021,7.699999809265137,7.929999828338623,7.699999809265137,7.860000133514404,251100
07-12-2021,7.920000076293945,8.020000457763672,7.900000095367432,7.949999809265137,177000
08-12-2021,7.960000038146973,8.130000114440918,7.880000114440918,8.010000228881836,159200
09-12-2021,7.929999828338623,8.130000114440918,7.900000095367432,8.109999656677246,221000
10-12-2021,8.119999885559082,8.210000038146973,8.069999694824219,8.210000038146973,201300
13-12-2021,8.15999984741211,8.449999809265137,8.149999618530273,8.40999984741211,462500
14-12-2021,8.4399995803833,8.600000381469727,8.279999732971191,8.289999961853027,313500
15-12-2021,8.220000267028809,8.4399995803833,8.140000343322754,8.420000076293945,526500
16-12-2021,8.449999809265137,8.510000228881836,8.210000038146973,8.289999961853027,434800
17-12-2021,8.239999771118164,8.449999809265137,8.210000038146973,8.359999656677246,1593400
20-12-2021,8.229999542236328,8.229999542236328,7.949999809265137,8.109999656677246,493100
21-12-2021,8.1899995803833,8.329999923706055,8.069999694824219,8.140000343322754,255100
22-12-2021,8.069999694824219,8.180000305175781,8.039999961853027,8.149999618530273,304600
23-12-2021,8.199999809265137,8.279999732971191,8.15999984741211,8.25,138700
27-12-2021,8.329999923706055,8.329999923706055,8.119999885559082,8.180000305175781,270200
28-12-2021,8.210000038146973,8.359999656677246,8.210000038146973,8.3100004196167,295400
29-12-2021,8.359999656677246,8.369999885559082,8.1899995803833,8.239999771118164,310700
30-12-2021,8.279999732971191,8.40999984741211,8.130000114440918,8.140000343322754,255000
31-12-2021,8.130000114440918,8.25,8.109999656677246,8.130000114440918,177600
03-01-2022,8.239999771118164,8.369999885559082,8.210000038146973,8.359999656677246,239700
04-01-2022,8.380000114440918,8.569999694824219,8.319999694824219,8.40999984741211,365100
05-01-2022,8.420000076293945,8.5600004196167,8.350000381469727,8.369999885559082,164900
06-01-2022,8.40999984741211,8.529999732971191,8.350000381469727,8.40999984741211,299000
07-01-2022,8.34000015258789,8.510000228881836,8.34000015258789,8.470000267028809,308100
10-01-2022,8.520000457763672,8.579999923706055,8.390000343322754,8.5,252900
11-01-2022,8.5,8.539999961853027,8.3100004196167,8.539999961853027,266600
12-01-2022,8.520000457763672,8.600000381469727,8.279999732971191,8.279999732971191,250400
13-01-2022,8.300000190734863,8.359999656677246,8.149999618530273,8.210000038146973,196700
14-01-2022,8.119999885559082,8.180000305175781,8.0600004196167,8.180000305175781,283000
18-01-2022,8.149999618530273,8.170000076293945,8.010000228881836,8.020000457763672,254000
19-01-2022,8.0,8.069999694824219,7.909999847412109,7.920000076293945,271900
20-01-2022,7.949999809265137,8.140000343322754,7.949999809265137,8.069999694824219,377900
21-01-2022,8.0600004196167,8.279999732971191,8.020000457763672,8.1899995803833,377500
24-01-2022,8.140000343322754,8.380000114440918,8.020000457763672,8.350000381469727,355500
25-01-2022,8.329999923706055,8.4399995803833,8.069999694824219,8.369999885559082,181600
26-01-2022,8.380000114440918,8.529999732971191,8.149999618530273,8.279999732971191,298900
27-01-2022,8.180000305175781,8.319999694824219,8.079999923706055,8.1899995803833,266000
28-01-2022,8.149999618530273,8.399999618530273,8.140000343322754,8.399999618530273,256700
31-01-2022,8.3100004196167,8.5,8.25,8.470000267028809,322800
01-02-2022,8.4399995803833,8.5,8.350000381469727,8.470000267028809,203500
02-02-2022,8.470000267028809,8.630000114440918,8.40999984741211,8.619999885559082,315800
03-02-2022,8.600000381469727,8.65999984741211,8.460000038146973,8.489999771118164,212600
04-02-2022,8.359999656677246,8.510000228881836,8.300000190734863,8.460000038146973,247800
07-02-2022,8.4399995803833,8.539999961853027,8.34000015258789,8.350000381469727,152400
08-02-2022,8.430000305175781,8.579999923706055,8.40999984741211,8.5600004196167,229100
09-02-2022,8.619999885559082,8.619999885559082,8.359999656677246,8.430000305175781,202000
10-02-2022,8.34000015258789,8.489999771118164,8.220000267028809,8.279999732971191,228500
11-02-2022,8.350000381469727,8.390000343322754,8.220000267028809,8.3100004196167,162700
14-02-2022,8.34000015258789,8.380000114440918,8.140000343322754,8.270000457763672,270300
15-02-2022,8.329999923706055,8.510000228881836,8.3100004196167,8.329999923706055,154200
16-02-2022,8.359999656677246,8.40999984741211,8.279999732971191,8.399999618530273,238900
17-02-2022,8.279999732971191,8.3100004196167,8.180000305175781,8.270000457763672,245400
18-02-2022,8.170000076293945,8.3100004196167,8.010000228881836,8.220000267028809,527200
22-02-2022,8.279999732971191,8.300000190734863,8.100000381469727,8.130000114440918,159900
23-02-2022,8.130000114440918,8.229999542236328,7.960000038146973,7.96999979019165,175000
24-02-2022,7.809999942779541,7.900000095367432,7.679999828338623,7.840000152587891,163300
25-02-2022,8.0,8.0,7.400000095367432,7.449999809265137,287600
28-02-2022,7.340000152587891,7.389999866485596,7.199999809265137,7.389999866485596,527000
01-03-2022,7.349999904632568,7.360000133514404,6.980000019073486,7.130000114440918,631900
02-03-2022,7.170000076293945,7.329999923706055,7.059999942779541,7.300000190734863,451700
03-03-2022,7.289999961853027,7.289999961853027,7.119999885559082,7.269999980926514,282500
04-03-2022,7.159999847412109,7.230000019073486,7.070000171661377,7.199999809265137,434900
07-03-2022,7.150000095367432,7.190000057220459,7.019999980926514,7.110000133514404,385500
08-03-2022,7.199999809265137,7.28000020980835,7.039999961853027,7.119999885559082,325500
09-03-2022,7.210000038146973,7.369999885559082,7.210000038146973,7.360000133514404,281200
10-03-2022,7.230000019073486,7.25,7.03000020980835,7.139999866485596,494800
11-03-2022,7.130000114440918,7.190000057220459,6.630000114440918,6.630000114440918,408200
14-03-2022,6.730000019073486,6.909999847412109,6.559999942779541,6.840000152587891,642100
15-03-2022,6.900000095367432,7.139999866485596,6.849999904632568,6.960000038146973,645700
16-03-2022,6.980000019073486,7.230000019073486,6.980000019073486,7.199999809265137,701400
17-03-2022,7.110000133514404,7.519999980926514,7.110000133514404,7.480000019073486,439100
18-03-2022,7.519999980926514,7.519999980926514,7.119999885559082,7.510000228881836,1078300
21-03-2022,7.489999771118164,7.579999923706055,7.309999942779541,7.409999847412109,571100
22-03-2022,7.409999847412109,7.599999904632568,7.380000114440918,7.429999828338623,346400
23-03-2022,7.360000133514404,7.460000038146973,7.349999904632568,7.400000095367432,267500
24-03-2022,7.409999847412109,7.559999942779541,7.400000095367432,7.550000190734863,188200
25-03-2022,7.619999885559082,7.710000038146973,7.579999923706055,7.639999866485596,213400
28-03-2022,7.610000133514404,7.659999847412109,7.460000038146973,7.610000133514404,217400
29-03-2022,7.670000076293945,7.809999942779541,7.619999885559082,7.690000057220459,255700
30-03-2022,7.75,7.809999942779541,7.449999809265137,7.519999980926514,326400
31-03-2022,7.480000019073486,7.619999885559082,7.46999979019165,7.480000019073486,244600
01-04-2022,7.519999980926514,7.599999904632568,7.429999828338623,7.519999980926514,340000
04-04-2022,7.389999866485596,7.46999979019165,7.239999771118164,7.320000171661377,384500
05-04-2022,7.269999980926514,7.309999942779541,6.96999979019165,6.989999771118164,458800
06-04-2022,6.940000057220459,6.980000019073486,6.760000228881836,6.760000228881836,363100
07-04-2022,6.800000190734863,6.800000190734863,6.539999961853027,6.610000133514404,993900
08-04-2022,6.590000152587891,6.599999904632568,6.389999866485596,6.480000019073486,416400
11-04-2022,6.519999980926514,6.710000038146973,6.460000038146973,6.510000228881836,417800
12-04-2022,6.539999961853027,6.670000076293945,6.420000076293945,6.429999828338623,599000
13-04-2022,6.449999809265137,6.599999904632568,6.400000095367432,6.539999961853027,415700
14-04-2022,6.550000190734863,6.599999904632568,6.429999828338623,6.480000019073486,310500
18-04-2022,6.420000076293945,6.670000076293945,6.420000076293945,6.659999847412109,431700
19-04-2022,6.610000133514404,6.699999809265137,6.599999904632568,6.670000076293945,634900
20-04-2022,6.829999923706055,6.960000038146973,6.699999809265137,6.940000057220459,760100
21-04-2022,7.0,7.079999923706055,6.840000152587891,6.900000095367432,609400
22-04-2022,6.889999866485596,6.909999847412109,6.679999828338623,6.760000228881836,519400
25-04-2022,6.739999771118164,6.739999771118164,6.570000171661377,6.699999809265137,452300
26-04-2022,6.639999866485596,6.650000095367432,6.480000019073486,6.590000152587891,582900
27-04-2022,6.610000133514404,6.730000019073486,6.5,6.539999961853027,482900
28-04-2022,6.650000095367432,6.650000095367432,6.400000095367432,6.610000133514404,406600
29-04-2022,6.519999980926514,6.590000152587891,6.230000019073486,6.28000020980835,491600
02-05-2022,6.300000190734863,6.309999942779541,5.78000020980835,5.789999961853027,1314800
03-05-2022,5.849999904632568,6.079999923706055,5.829999923706055,5.849999904632568,491100
04-05-2022,5.880000114440918,6.070000171661377,5.769999980926514,6.070000171661377,548700
05-05-2022,5.96999979019165,6.0,5.5,5.980000019073486,1002600
06-05-2022,5.940000057220459,6.21999979019165,5.869999885559082,5.909999847412109,948100
09-05-2022,5.820000171661377,6.090000152587891,5.820000171661377,5.960000038146973,742400
10-05-2022,6.050000190734863,6.099999904632568,5.840000152587891,6.0,444100
11-05-2022,6.0,6.199999809265137,5.989999771118164,6.059999942779541,515400
12-05-2022,6.079999923706055,6.079999923706055,5.869999885559082,6.0,430900
13-05-2022,6.0,6.130000114440918,5.949999809265137,6.050000190734863,492900
16-05-2022,5.980000019073486,6.099999904632568,5.880000114440918,5.960000038146973,629100
17-05-2022,6.03000020980835,6.199999809265137,6.03000020980835,6.099999904632568,784600
18-05-2022,6.03000020980835,6.21999979019165,5.800000190734863,5.889999866485596,999100
19-05-2022,5.860000133514404,5.929999828338623,5.71999979019165,5.869999885559082,696100
20-05-2022,5.920000076293945,5.96999979019165,5.650000095367432,5.75,694100
23-05-2022,5.860000133514404,5.860000133514404,5.710000038146973,5.829999923706055,572500
24-05-2022,5.860000133514404,6.010000228881836,5.730000019073486,6.0,512400
25-05-2022,5.940000057220459,5.989999771118164,5.690000057220459,5.699999809265137,1338500
26-05-2022,5.690000057220459,5.690000057220459,5.5,5.599999904632568,948500
27-05-2022,5.610000133514404,5.75,5.559999942779541,5.690000057220459,1367600
31-05-2022,5.690000057220459,5.690000057220459,5.579999923706055,5.599999904632568,693100
01-06-2022,5.599999904632568,5.610000133514404,5.46999979019165,5.53000020980835,605500
02-06-2022,5.46999979019165,5.619999885559082,5.46999979019165,5.559999942779541,578500
03-06-2022,5.46999979019165,5.550000190734863,5.349999904632568,5.380000114440918,604100
06-06-2022,5.460000038146973,5.599999904632568,5.449999809265137,5.53000020980835,1026600
07-06-2022,5.400000095367432,5.519999980926514,5.400000095367432,5.510000228881836,547800
08-06-2022,5.5,5.53000020980835,5.409999847412109,5.5,625300
09-06-2022,5.5,5.590000152587891,5.440000057220459,5.46999979019165,821200
10-06-2022,5.380000114440918,5.449999809265137,5.260000228881836,5.360000133514404,682100
13-06-2022,5.21999979019165,5.349999904632568,5.210000038146973,5.269999980926514,847000
14-06-2022,5.300000190734863,5.369999885559082,5.230000019073486,5.300000190734863,612400
15-06-2022,5.420000076293945,5.510000228881836,5.349999904632568,5.46999979019165,1153600
16-06-2022,5.409999847412109,5.440000057220459,5.239999771118164,5.289999961853027,660400
17-06-2022,5.190000057220459,5.369999885559082,5.190000057220459,5.320000171661377,819500
21-06-2022,5.429999828338623,5.460000038146973,5.349999904632568,5.389999866485596,932100
22-06-2022,5.349999904632568,5.510000228881836,5.349999904632568,5.409999847412109,705400
23-06-2022,5.420000076293945,5.449999809265137,5.309999942779541,5.349999904632568,341200
24-06-2022,5.429999828338623,5.559999942779541,5.349999904632568,5.519999980926514,1569300
27-06-2022,5.550000190734863,5.559999942779541,5.460000038146973,5.489999771118164,527700
28-06-2022,5.559999942779541,5.679999828338623,5.46999979019165,5.489999771118164,852700
29-06-2022,5.46999979019165,5.510000228881836,5.309999942779541,5.369999885559082,530500
30-06-2022,5.320000171661377,5.429999828338623,5.230000019073486,5.420000076293945,615100
01-07-2022,5.420000076293945,5.539999961853027,5.360000133514404,5.539999961853027,427800
05-07-2022,5.489999771118164,5.489999771118164,5.300000190734863,5.489999771118164,757700
06-07-2022,5.539999961853027,5.539999961853027,5.409999847412109,5.480000019073486,485200
07-07-2022,5.550000190734863,5.610000133514404,5.400000095367432,5.409999847412109,291900
08-07-2022,5.409999847412109,5.409999847412109,5.159999847412109,5.170000076293945,441000
11-07-2022,5.050000190734863,5.110000133514404,4.579999923706055,4.590000152587891,591500
12-07-2022,4.53000020980835,4.630000114440918,4.46999979019165,4.570000171661377,822400
13-07-2022,4.480000019073486,4.639999866485596,4.449999809265137,4.619999885559082,577500
14-07-2022,4.550000190734863,4.570000171661377,4.329999923706055,4.360000133514404,443400
15-07-2022,4.449999809265137,4.489999771118164,4.260000228881836,4.380000114440918,378800
18-07-2022,4.409999847412109,4.46999979019165,4.329999923706055,4.429999828338623,443400
19-07-2022,4.5,4.679999828338623,4.449999809265137,4.619999885559082,555200
20-07-2022,4.590000152587891,4.670000076293945,4.510000228881836,4.539999961853027,415800
21-07-2022,4.460000038146973,4.550000190734863,4.360000133514404,4.550000190734863,453500
22-07-2022,4.539999961853027,4.550000190734863,4.440000057220459,4.510000228881836,335700
25-07-2022,4.519999980926514,4.699999809265137,4.46999979019165,4.599999904632568,525800
26-07-2022,4.590000152587891,4.630000114440918,4.5,4.53000020980835,276900
27-07-2022,4.599999904632568,4.639999866485596,4.389999866485596,4.559999942779541,1195100
28-07-2022,4.539999961853027,4.599999904632568,4.329999923706055,4.429999828338623,1182900
29-07-2022,4.46999979019165,4.489999771118164,4.329999923706055,4.380000114440918,752300
01-08-2022,4.320000171661377,4.320000171661377,4.199999809265137,4.210000038146973,844600
02-08-2022,4.170000076293945,4.230000019073486,4.070000171661377,4.159999847412109,1735100
03-08-2022,4.230000019073486,4.230000019073486,4.079999923706055,4.179999828338623,1362900
04-08-2022,4.260000228881836,4.570000171661377,4.230000019073486,4.360000133514404,1250900
05-08-2022,4.300000190734863,4.440000057220459,4.269999980926514,4.420000076293945,843300
08-08-2022,4.449999809265137,4.559999942779541,4.349999904632568,4.489999771118164,695500
09-08-2022,4.5,4.579999923706055,4.480000019073486,4.519999980926514,713200
10-08-2022,4.590000152587891,4.630000114440918,4.489999771118164,4.590000152587891,629300
11-08-2022,4.630000114440918,4.650000095367432,4.53000020980835,4.570000171661377,496400
12-08-2022,4.599999904632568,4.710000038146973,4.570000171661377,4.679999828338623,535500
15-08-2022,4.650000095367432,4.650000095367432,4.519999980926514,4.519999980926514,462500
16-08-2022,4.510000228881836,4.510000228881836,4.349999904632568,4.420000076293945,1049400
17-08-2022,4.380000114440918,4.429999828338623,4.340000152587891,4.420000076293945,1056300
18-08-2022,4.46999979019165,4.559999942779541,4.420000076293945,4.519999980926514,707800
19-08-2022,4.5,4.5,4.380000114440918,4.409999847412109,2388800
22-08-2022,4.389999866485596,4.400000095367432,4.230000019073486,4.260000228881836,901100
23-08-2022,4.28000020980835,4.329999923706055,4.239999771118164,4.28000020980835,814900
24-08-2022,4.309999942779541,4.349999904632568,4.21999979019165,4.239999771118164,590800
25-08-2022,4.21999979019165,4.449999809265137,4.21999979019165,4.440000057220459,970700
26-08-2022,4.429999828338623,4.489999771118164,4.349999904632568,4.429999828338623,765100
29-08-2022,4.400000095367432,4.480000019073486,4.360000133514404,4.460000038146973,389500
30-08-2022,4.460000038146973,4.5,4.400000095367432,4.460000038146973,417700
31-08-2022,4.460000038146973,4.550000190734863,4.449999809265137,4.46999979019165,517500
01-09-2022,4.460000038146973,4.599999904632568,4.420000076293945,4.570000171661377,425200
02-09-2022,4.619999885559082,4.699999809265137,4.550000190734863,4.610000133514404,408700
06-09-2022,4.630000114440918,4.630000114440918,4.420000076293945,4.559999942779541,631400
07-09-2022,4.559999942779541,4.929999828338623,4.550000190734863,4.889999866485596,609500
08-09-2022,4.840000152587891,4.960000038146973,4.800000190734863,4.949999809265137,422400
09-09-2022,5.019999980926514,5.019999980926514,4.889999866485596,4.940000057220459,426100
12-09-2022,4.980000019073486,5.019999980926514,4.849999904632568,4.920000076293945,423100
13-09-2022,4.800000190734863,4.880000114440918,4.789999961853027,4.840000152587891,361200
14-09-2022,4.880000114440918,4.880000114440918,4.71999979019165,4.869999885559082,414800
15-09-2022,4.820000171661377,5.0,4.769999980926514,4.96999979019165,357800
16-09-2022,4.920000076293945,4.960000038146973,4.829999923706055,4.949999809265137,977100
19-09-2022,4.940000057220459,5.059999942779541,4.889999866485596,5.03000020980835,500300
20-09-2022,4.940000057220459,5.03000020980835,4.860000133514404,5.0,355500
21-09-2022,4.989999771118164,5.03000020980835,4.909999847412109,4.929999828338623,395300
22-09-2022,4.909999847412109,4.909999847412109,4.5,4.570000171661377,476900
23-09-2022,4.570000171661377,4.650000095367432,4.539999961853027,4.610000133514404,426000
26-09-2022,4.570000171661377,4.590000152587891,4.519999980926514,4.559999942779541,569700
27-09-2022,4.590000152587891,4.699999809265137,4.53000020980835,4.679999828338623,584700
28-09-2022,4.71999979019165,4.929999828338623,4.650000095367432,4.869999885559082,695700
29-09-2022,4.809999942779541,4.940000057220459,4.710000038146973,4.900000095367432,511400
30-09-2022,4.920000076293945,5.050000190734863,4.889999866485596,4.949999809265137,1203400
03-10-2022,5.0,5.130000114440918,4.889999866485596,5.130000114440918,842500
04-10-2022,5.139999866485596,5.360000133514404,5.139999866485596,5.329999923706055,871600
05-10-2022,5.210000038146973,5.269999980926514,4.989999771118164,5.019999980926514,629200
06-10-2022,5.010000228881836,5.059999942779541,4.929999828338623,5.03000020980835,445500
07-10-2022,5.0,5.019999980926514,4.800000190734863,4.809999942779541,855700
10-10-2022,4.860000133514404,5.099999904632568,4.829999923706055,5.070000171661377,456000
11-10-2022,5.059999942779541,5.110000133514404,4.889999866485596,4.900000095367432,578800
12-10-2022,4.889999866485596,4.889999866485596,4.599999904632568,4.599999904632568,557500
13-10-2022,4.489999771118164,5.039999961853027,4.420000076293945,5.0,986100
14-10-2022,5.03000020980835,5.099999904632568,4.920000076293945,5.0,611300
17-10-2022,5.099999904632568,5.28000020980835,5.099999904632568,5.25,592200
18-10-2022,5.340000152587891,5.440000057220459,5.25,5.289999961853027,786200
19-10-2022,5.25,5.550000190734863,5.21999979019165,5.519999980926514,630100
20-10-2022,5.46999979019165,5.570000171661377,5.400000095367432,5.480000019073486,1439400
21-10-2022,5.559999942779541,5.679999828338623,5.429999828338623,5.659999847412109,1216900
24-10-2022,5.730000019073486,5.820000171661377,5.579999923706055,5.769999980926514,501400
25-10-2022,5.710000038146973,5.860000133514404,5.639999866485596,5.71999979019165,823400
26-10-2022,5.789999961853027,5.949999809265137,5.630000114440918,5.650000095367432,584800
27-10-2022,5.71999979019165,6.159999847412109,5.71999979019165,5.929999828338623,878100
28-10-2022,5.949999809265137,6.190000057220459,5.929999828338623,6.150000095367432,588100
31-10-2022,6.199999809265137,6.489999771118164,6.130000114440918,6.420000076293945,604700
01-11-2022,6.429999828338623,6.550000190734863,6.389999866485596,6.440000057220459,427500
02-11-2022,6.440000057220459,6.559999942779541,6.269999980926514,6.349999904632568,467500
03-11-2022,6.159999847412109,6.159999847412109,5.150000095367432,5.409999847412109,750900
04-11-2022,5.400000095367432,5.849999904632568,5.400000095367432,5.840000152587891,543600
07-11-2022,5.860000133514404,6.03000020980835,5.769999980926514,5.880000114440918,462300
08-11-2022,5.860000133514404,6.039999961853027,5.789999961853027,5.960000038146973,479400
09-11-2022,5.960000038146973,5.960000038146973,5.659999847412109,5.659999847412109,284000
10-11-2022,5.869999885559082,5.949999809265137,5.78000020980835,5.820000171661377,396000
11-11-2022,5.900000095367432,5.96999979019165,5.710000038146973,5.739999771118164,325400
14-11-2022,5.670000076293945,5.960000038146973,5.670000076293945,5.880000114440918,510500
15-11-2022,5.96999979019165,6.099999904632568,5.929999828338623,6.039999961853027,502700
16-11-2022,6.090000152587891,6.099999904632568,5.940000057220459,6.050000190734863,278700
17-11-2022,5.980000019073486,6.099999904632568,5.929999828338623,6.090000152587891,379800
18-11-2022,6.289999961853027,6.519999980926514,6.039999961853027,6.210000038146973,1148600
21-11-2022,6.21999979019165,6.289999961853027,5.940000057220459,6.150000095367432,422300
22-11-2022,6.170000076293945,6.239999771118164,6.079999923706055,6.199999809265137,288900
23-11-2022,6.199999809265137,6.329999923706055,6.190000057220459,6.289999961853027,219900
25-11-2022,6.260000228881836,6.480000019073486,6.260000228881836,6.329999923706055,162000
28-11-2022,6.309999942779541,6.360000133514404,6.239999771118164,6.269999980926514,423400
29-11-2022,6.230000019073486,6.539999961853027,6.190000057220459,6.440000057220459,817200
30-11-2022,6.420000076293945,6.550000190734863,6.260000228881836,6.519999980926514,543900
01-12-2022,6.590000152587891,6.690000057220459,6.449999809265137,6.570000171661377,364800
02-12-2022,6.5,6.699999809265137,6.489999771118164,6.670000076293945,400300
05-12-2022,6.670000076293945,6.670000076293945,6.480000019073486,6.559999942779541,457800
06-12-2022,6.539999961853027,6.650000095367432,6.360000133514404,6.639999866485596,456400
07-12-2022,6.639999866485596,6.75,6.269999980926514,6.300000190734863,912900
08-12-2022,6.320000171661377,6.400000095367432,6.170000076293945,6.25,1195100
09-12-2022,6.25,6.309999942779541,6.099999904632568,6.150000095367432,710100
12-12-2022,6.110000133514404,6.110000133514404,5.760000228881836,5.980000019073486,859000
13-12-2022,6.070000171661377,6.260000228881836,5.980000019073486,6.079999923706055,1216300
14-12-2022,6.110000133514404,6.110000133514404,5.869999885559082,5.940000057220459,473200
15-12-2022,5.860000133514404,5.980000019073486,5.829999923706055,5.869999885559082,779200
16-12-2022,5.820000171661377,5.909999847412109,5.75,5.809999942779541,2280300
19-12-2022,5.78000020980835,5.949999809265137,5.78000020980835,5.889999866485596,597900
20-12-2022,5.940000057220459,6.130000114440918,5.940000057220459,6.110000133514404,1069100
21-12-2022,6.210000038146973,6.420000076293945,6.139999866485596,6.400000095367432,467600
22-12-2022,6.349999904632568,6.489999771118164,6.320000171661377,6.380000114440918,460700
23-12-2022,6.360000133514404,6.510000228881836,6.230000019073486,6.25,223200
27-12-2022,6.239999771118164,6.289999961853027,6.159999847412109,6.210000038146973,202700
28-12-2022,6.25,6.260000228881836,5.929999828338623,5.929999828338623,262300
29-12-2022,5.980000019073486,6.03000020980835,5.929999828338623,6.0,334200
30-12-2022,5.96999979019165,6.019999980926514,5.900000095367432,5.900000095367432,284300
03-01-2023,5.980000019073486,6.070000171661377,5.71999979019165,5.849999904632568,313100
04-01-2023,5.940000057220459,6.059999942779541,5.909999847412109,5.980000019073486,285200
05-01-2023,5.909999847412109,6.070000171661377,5.849999904632568,5.960000038146973,367100
06-01-2023,6.019999980926514,6.199999809265137,5.960000038146973,6.139999866485596,470300
09-01-2023,6.150000095367432,6.25,6.059999942779541,6.059999942779541,368800
10-01-2023,6.019999980926514,6.269999980926514,6.010000228881836,6.25,543400
11-01-2023,6.289999961853027,6.309999942779541,6.159999847412109,6.300000190734863,282600
12-01-2023,6.309999942779541,6.409999847412109,6.28000020980835,6.400000095367432,348800
13-01-2023,6.329999923706055,6.599999904632568,6.320000171661377,6.579999923706055,265500
17-01-2023,6.559999942779541,6.579999923706055,6.429999828338623,6.460000038146973,195500
18-01-2023,6.429999828338623,6.510000228881836,6.389999866485596,6.46999979019165,193600
19-01-2023,6.380000114440918,6.519999980926514,6.380000114440918,6.5,310300
20-01-2023,6.570000171661377,6.570000171661377,6.360000133514404,6.420000076293945,330800
23-01-2023,6.409999847412109,6.550000190734863,6.360000133514404,6.449999809265137,244500
24-01-2023,6.46999979019165,6.550000190734863,6.360000133514404,6.539999961853027,160600
25-01-2023,6.559999942779541,6.75,6.5,6.739999771118164,226000
26-01-2023,6.75,6.880000114440918,6.699999809265137,6.849999904632568,251500
27-01-2023,6.849999904632568,6.909999847412109,6.78000020980835,6.840000152587891,188800
30-01-2023,6.800000190734863,7.099999904632568,6.78000020980835,7.090000152587891,239700
31-01-2023,7.090000152587891,7.610000133514404,7.090000152587891,7.590000152587891,600300
01-02-2023,7.550000190734863,7.690000057220459,7.420000076293945,7.590000152587891,387600
02-02-2023,7.619999885559082,7.619999885559082,7.28000020980835,7.380000114440918,320000
03-02-2023,7.340000152587891,7.5,7.320000171661377,7.449999809265137,410200
06-02-2023,7.46999979019165,7.550000190734863,7.409999847412109,7.519999980926514,302300
07-02-2023,7.5,7.559999942779541,7.369999885559082,7.539999961853027,297000
08-02-2023,7.46999979019165,7.489999771118164,7.119999885559082,7.199999809265137,323200
09-02-2023,7.25,7.369999885559082,7.170000076293945,7.179999828338623,316500
10-02-2023,7.159999847412109,7.25,7.090000152587891,7.199999809265137,238500
13-02-2023,7.190000057220459,7.420000076293945,7.110000133514404,7.369999885559082,291000
14-02-2023,7.309999942779541,7.369999885559082,7.230000019073486,7.239999771118164,269000
15-02-2023,7.170000076293945,7.289999961853027,7.130000114440918,7.269999980926514,275800
16-02-2023,7.139999866485596,7.230000019073486,7.139999866485596,7.179999828338623,242100
17-02-2023,7.239999771118164,7.25,7.159999847412109,7.230000019073486,358300
21-02-2023,7.130000114440918,7.300000190734863,6.940000057220459,6.960000038146973,331100
22-02-2023,6.929999828338623,7.099999904632568,6.900000095367432,7.039999961853027,297300
23-02-2023,7.039999961853027,7.139999866485596,6.949999809265137,7.03000020980835,313000
24-02-2023,7.019999980926514,7.019999980926514,6.46999979019165,6.75,701200
27-02-2023,6.849999904632568,7.070000171661377,6.829999923706055,7.010000228881836,376800
28-02-2023,7.039999961853027,7.349999904632568,7.039999961853027,7.099999904632568,975900
01-03-2023,7.070000171661377,7.150000095367432,6.949999809265137,7.139999866485596,426600
02-03-2023,7.070000171661377,7.269999980926514,6.96999979019165,7.230000019073486,436200
03-03-2023,7.230000019073486,7.449999809265137,7.210000038146973,7.320000171661377,785000
06-03-2023,7.25,7.320000171661377,7.110000133514404,7.199999809265137,712900
07-03-2023,7.199999809265137,7.440000057220459,7.130000114440918,7.440000057220459,680600
08-03-2023,7.46999979019165,7.46999979019165,7.170000076293945,7.320000171661377,368700
09-03-2023,7.309999942779541,7.409999847412109,7.190000057220459,7.25,440000
10-03-2023,7.159999847412109,7.230000019073486,7.059999942779541,7.170000076293945,678600
13-03-2023,7.0,7.099999904632568,6.900000095367432,7.039999961853027,781500
14-03-2023,7.300000190734863,7.320000171661377,7.130000114440918,7.230000019073486,779400
15-03-2023,6.989999771118164,7.170000076293945,6.909999847412109,7.170000076293945,1379800
16-03-2023,7.090000152587891,7.369999885559082,7.039999961853027,7.300000190734863,690600
17-03-2023,7.059999942779541,7.260000228881836,7.0,7.179999828338623,2323800
20-03-2023,7.230000019073486,7.429999828338623,7.21999979019165,7.320000171661377,769100
21-03-2023,7.489999771118164,7.539999961853027,7.360000133514404,7.46999979019165,632700
22-03-2023,7.480000019073486,7.5,7.179999828338623,7.25,474300
23-03-2023,7.28000020980835,7.369999885559082,7.190000057220459,7.309999942779541,528900
24-03-2023,7.239999771118164,7.25,7.079999923706055,7.210000038146973,610400
27-03-2023,7.320000171661377,7.429999828338623,7.309999942779541,7.349999904632568,307000
28-03-2023,7.309999942779541,7.559999942779541,7.269999980926514,7.53000020980835,403200
29-03-2023,7.550000190734863,7.820000171661377,7.519999980926514,7.820000171661377,869700
30-03-2023,7.880000114440918,7.889999866485596,7.800000190734863,7.860000133514404,421200
31-03-2023,7.829999923706055,8.140000343322754,7.829999923706055,8.130000114440918,1041700
03-04-2023,8.149999618530273,8.220000267028809,8.0,8.1899995803833,549500
04-04-2023,8.220000267028809,8.229999542236328,8.039999961853027,8.149999618530273,291800
05-04-2023,8.100000381469727,8.229999542236328,8.100000381469727,8.1899995803833,361100
06-04-2023,8.220000267028809,8.229999542236328,8.15999984741211,8.220000267028809,383100
10-04-2023,8.239999771118164,8.300000190734863,8.15999984741211,8.279999732971191,740900
11-04-2023,8.3100004196167,8.399999618530273,8.289999961853027,8.359999656677246,399600
12-04-2023,9.369999885559082,9.68000030517578,9.06999969482422,9.199999809265137,2760400
13-04-2023,9.289999961853027,9.460000038146973,9.149999618530272,9.399999618530272,881800
14-04-2023,9.399999618530272,9.449999809265137,9.100000381469728,9.380000114440918,604600
17-04-2023,9.380000114440918,9.4399995803833,9.3100004196167,9.390000343322754,372700
18-04-2023,9.40999984741211,9.460000038146973,9.390000343322754,9.449999809265137,300000
19-04-2023,9.4399995803833,9.550000190734863,9.380000114440918,9.5,484500
20-04-2023,9.4399995803833,9.5,9.329999923706056,9.460000038146973,485700
21-04-2023,9.390000343322754,9.43000030517578,9.199999809265137,9.289999961853027,357700
24-04-2023,9.260000228881836,9.380000114440918,9.25,9.260000228881836,258900
25-04-2023,9.170000076293944,9.239999771118164,9.15999984741211,9.1899995803833,285900
26-04-2023,9.050000190734863,9.210000038146973,8.850000381469727,8.890000343322754,362100
27-04-2023,8.9399995803833,8.9399995803833,8.5600004196167,8.6899995803833,831900
28-04-2023,8.670000076293945,8.739999771118164,8.609999656677246,8.6899995803833,753100
01-05-2023,8.6899995803833,8.970000267028809,8.6899995803833,8.949999809265137,830100
02-05-2023,8.9399995803833,9.0,8.789999961853027,8.979999542236328,468300
03-05-2023,9.0,9.050000190734863,8.800000190734863,8.84000015258789,542600
04-05-2023,8.989999771118164,8.989999771118164,8.390000343322754,8.869999885559082,564900
05-05-2023,8.989999771118164,9.270000457763672,8.960000038146973,9.109999656677246,660900
08-05-2023,9.079999923706056,9.300000190734863,9.029999732971191,9.289999961853027,357700
09-05-2023,9.260000228881836,9.5600004196167,9.229999542236328,9.539999961853027,630300
10-05-2023,9.600000381469728,9.68000030517578,9.520000457763672,9.68000030517578,839300
11-05-2023,9.619999885559082,9.979999542236328,9.600000381469728,9.960000038146973,470100
12-05-2023,8.550000190734863,9.229999542236328,8.550000190734863,9.0600004196167,1218300
15-05-2023,9.130000114440918,9.229999542236328,8.989999771118164,9.039999961853027,531000
16-05-2023,8.930000305175781,9.0600004196167,8.920000076293945,8.989999771118164,755500
17-05-2023,9.0,9.3100004196167,8.949999809265137,9.229999542236328,948300
18-05-2023,9.210000038146973,9.460000038146973,9.149999618530272,9.420000076293944,473600
19-05-2023,9.56999969482422,9.630000114440918,9.369999885559082,9.43000030517578,435600
22-05-2023,9.5,9.529999732971191,9.300000190734863,9.359999656677246,373700
23-05-2023,9.289999961853027,9.5600004196167,9.289999961853027,9.460000038146973,338800
24-05-2023,9.380000114440918,9.479999542236328,9.300000190734863,9.40999984741211,341700
25-05-2023,9.520000457763672,9.539999961853027,9.329999923706056,9.43000030517578,347900
26-05-2023,9.449999809265137,9.5600004196167,9.399999618530272,9.520000457763672,339800
30-05-2023,9.619999885559082,9.739999771118164,9.420000076293944,9.470000267028809,575300
31-05-2023,9.449999809265137,9.550000190734863,9.18000030517578,9.3100004196167,1059200
01-06-2023,9.279999732971191,9.279999732971191,9.029999732971191,9.210000038146973,578900
02-06-2023,9.210000038146973,9.4399995803833,9.15999984741211,9.43000030517578,781700
05-06-2023,9.260000228881836,9.390000343322754,8.979999542236328,9.06999969482422,480800
06-06-2023,9.050000190734863,9.350000381469728,9.029999732971191,9.329999923706056,746000
07-06-2023,9.40999984741211,9.470000267028809,9.220000267028809,9.220000267028809,831300
08-06-2023,9.229999542236328,9.31999969482422,9.18000030517578,9.239999771118164,530100
09-06-2023,9.239999771118164,9.3100004196167,9.029999732971191,9.15999984741211,698800
12-06-2023,9.199999809265137,9.460000038146973,9.170000076293944,9.40999984741211,505400
13-06-2023,9.399999618530272,9.710000038146973,9.399999618530272,9.619999885559082,478100
14-06-2023,9.619999885559082,9.779999732971191,9.5600004196167,9.59000015258789,406500
15-06-2023,9.539999961853027,9.579999923706056,9.34000015258789,9.390000343322754,453500
16-06-2023,9.609999656677246,9.800000190734863,9.489999771118164,9.699999809265137,2077700
20-06-2023,9.6899995803833,9.699999809265137,9.460000038146973,9.460000038146973,330700
21-06-2023,9.40999984741211,9.479999542236328,9.260000228881836,9.279999732971191,436200
22-06-2023,9.25,9.25,8.75,8.829999923706055,771900
23-06-2023,8.710000038146973,9.029999732971191,8.699999809265137,8.979999542236328,1071700
26-06-2023,8.949999809265137,9.0,8.739999771118164,8.75,372600
27-06-2023,8.9399995803833,9.029999732971191,8.869999885559082,8.880000114440918,561800
28-06-2023,8.850000381469727,8.899999618530273,8.6899995803833,8.859999656677246,365600
29-06-2023,8.890000343322754,9.039999961853027,8.869999885559082,8.949999809265137,331600
30-06-2023,9.0600004196167,9.100000381469728,8.930000305175781,9.029999732971191,381100
03-07-2023,9.0,9.100000381469728,8.960000038146973,9.06999969482422,168900
05-07-2023,8.970000267028809,8.970000267028809,8.75,8.800000190734863,601800
06-07-2023,8.720000267028809,8.829999923706055,8.619999885559082,8.6899995803833,444300
07-07-2023,8.6899995803833,8.819999694824219,8.630000114440918,8.720000267028809,445900
10-07-2023,8.680000305175781,8.729999542236328,8.510000228881836,8.579999923706055,429200
11-07-2023,8.579999923706055,8.630000114440918,8.470000267028809,8.600000381469727,322900
12-07-2023,8.720000267028809,8.729999542236328,8.619999885559082,8.649999618530273,262800
13-07-2023,8.65999984741211,8.800000190734863,8.640000343322754,8.75,263400
14-07-2023,8.739999771118164,8.899999618530273,8.65999984741211,8.890000343322754,317000
17-07-2023,8.90999984741211,9.130000114440918,8.899999618530273,9.100000381469728,590800
18-07-2023,9.109999656677246,9.270000457763672,9.039999961853027,9.239999771118164,461700
19-07-2023,9.239999771118164,9.289999961853027,9.170000076293944,9.260000228881836,387600
20-07-2023,9.329999923706056,9.350000381469728,9.210000038146973,9.350000381469728,249000
21-07-2023,9.43000030517578,9.479999542236328,9.329999923706056,9.43000030517578,426900
24-07-2023,9.380000114440918,9.449999809265137,9.270000457763672,9.40999984741211,482600
25-07-2023,9.399999618530272,9.449999809265137,9.34000015258789,9.4399995803833,481300
26-07-2023,9.4399995803833,9.550000190734863,9.329999923706056,9.520000457763672,297700
27-07-2023,9.600000381469728,9.600000381469728,9.40999984741211,9.520000457763672,328600
28-07-2023,9.579999923706056,9.579999923706056,9.4399995803833,9.489999771118164,396300
31-07-2023,9.489999771118164,9.489999771118164,9.239999771118164,9.34000015258789,484800
01-08-2023,9.359999656677246,9.529999732971191,9.279999732971191,9.520000457763672,456100
02-08-2023,9.460000038146973,9.56999969482422,9.369999885559082,9.470000267028809,656800
03-08-2023,9.869999885559082,10.210000038146973,9.479999542236328,10.199999809265137,984900
04-08-2023,10.220000267028809,10.550000190734863,10.0600004196167,10.359999656677246,865300
07-08-2023,10.359999656677246,10.619999885559082,10.31999969482422,10.449999809265137,686200
08-08-2023,10.390000343322754,10.579999923706056,10.34000015258789,10.5,351000
09-08-2023,10.470000267028809,10.56999969482422,10.420000076293944,10.510000228881836,287200
10-08-2023,10.5600004196167,10.68000030517578,10.43000030517578,10.4399995803833,389400
11-08-2023,10.399999618530272,10.40999984741211,10.289999961853027,10.380000114440918,659600
14-08-2023,10.390000343322754,10.520000457763672,10.34000015258789,10.350000381469728,470700
15-08-2023,10.270000457763672,10.609999656677246,10.229999542236328,10.59000015258789,410800
16-08-2023,10.640000343322754,10.729999542236328,10.510000228881836,10.56999969482422,329100
17-08-2023,10.56999969482422,10.619999885559082,10.460000038146973,10.489999771118164,446300
18-08-2023,10.399999618530272,10.579999923706056,10.399999618530272,10.539999961853027,381600
21-08-2023,10.550000190734863,10.609999656677246,10.43000030517578,10.489999771118164,377800
22-08-2023,10.470000267028809,10.510000228881836,10.390000343322754,10.479999542236328,273200
23-08-2023,10.489999771118164,10.489999771118164,10.329999923706056,10.390000343322754,742500
24-08-2023,10.34000015258789,10.40999984741211,10.31999969482422,10.369999885559082,612500
25-08-2023,10.399999618530272,10.770000457763672,10.350000381469728,10.729999542236328,1136200
28-08-2023,10.760000228881836,11.279999732971191,10.760000228881836,11.279999732971191,521300
29-08-2023,11.25,11.34000015258789,11.130000114440918,11.140000343322754,706400
30-08-2023,11.109999656677246,11.260000228881836,11.0600004196167,11.170000076293944,484900
31-08-2023,11.15999984741211,11.25,10.9399995803833,11.0600004196167,619300
01-09-2023,11.149999618530272,11.15999984741211,10.869999885559082,10.93000030517578,654200
05-09-2023,10.899999618530272,10.899999618530272,10.149999618530272,10.550000190734863,820800
06-09-2023,10.630000114440918,10.649999618530272,10.449999809265137,10.489999771118164,319300
07-09-2023,10.520000457763672,10.520000457763672,10.34000015258789,10.40999984741211,442400
08-09-2023,10.380000114440918,10.380000114440918,10.220000267028809,10.369999885559082,423100
11-09-2023,10.369999885559082,10.510000228881836,10.369999885559082,10.460000038146973,298100
12-09-2023,10.43000030517578,10.5600004196167,10.420000076293944,10.420000076293944,321100
13-09-2023,10.420000076293944,10.5,10.350000381469728,10.460000038146973,567000
14-09-2023,10.510000228881836,10.65999984741211,10.489999771118164,10.600000381469728,697300
15-09-2023,10.56999969482422,10.630000114440918,10.420000076293944,10.5,1031200
18-09-2023,10.59000015258789,10.609999656677246,10.420000076293944,10.460000038146973,457100
19-09-2023,10.470000267028809,10.510000228881836,10.380000114440918,10.43000030517578,470400
20-09-2023,10.520000457763672,10.529999732971191,10.289999961853027,10.289999961853027,362300
21-09-2023,10.260000228881836,10.4399995803833,10.170000076293944,10.289999961853027,270200
22-09-2023,10.260000228881836,10.3100004196167,10.0600004196167,10.130000114440918,404200
25-09-2023,10.079999923706056,10.109999656677246,10.0,10.029999732971191,271100
26-09-2023,10.010000228881836,10.199999809265137,9.899999618530272,10.050000190734863,515400
27-09-2023,10.100000381469728,10.239999771118164,9.93000030517578,10.170000076293944,524800
28-09-2023,10.1899995803833,10.649999618530272,10.1899995803833,10.479999542236328,703900
29-09-2023,10.489999771118164,10.489999771118164,10.119999885559082,10.170000076293944,588700
02-10-2023,10.140000343322754,10.300000190734863,10.010000228881836,10.289999961853027,390900
03-10-2023,10.270000457763672,10.40999984741211,10.170000076293944,10.34000015258789,396300
04-10-2023,10.3100004196167,10.539999961853027,10.239999771118164,10.489999771118164,414200
05-10-2023,10.510000228881836,10.579999923706056,10.369999885559082,10.40999984741211,395900
06-10-2023,10.34000015258789,10.5,10.289999961853027,10.329999923706056,662700
09-10-2023,10.31999969482422,10.329999923706056,10.06999969482422,10.109999656677246,333900
10-10-2023,10.149999618530272,10.25,9.9399995803833,10.020000457763672,357800
11-10-2023,9.960000038146973,10.06999969482422,9.90999984741211,10.029999732971191,237200
12-10-2023,10.100000381469728,10.119999885559082,9.890000343322754,10.0,272400
13-10-2023,10.050000190734863,10.149999618530272,9.9399995803833,10.109999656677246,308800
16-10-2023,10.210000038146973,10.550000190734863,10.210000038146973,10.390000343322754,414200
17-10-2023,10.359999656677246,10.65999984741211,10.359999656677246,10.460000038146973,483100
18-10-2023,10.380000114440918,10.4399995803833,10.149999618530272,10.199999809265137,253700
19-10-2023,10.15999984741211,10.199999809265137,9.949999809265137,9.960000038146973,269400
20-10-2023,9.989999771118164,10.130000114440918,9.949999809265137,10.020000457763672,343100
23-10-2023,9.960000038146973,10.31999969482422,9.93000030517578,10.149999618530272,1118600
24-10-2023,10.140000343322754,10.270000457763672,9.779999732971191,9.90999984741211,752800
25-10-2023,9.880000114440918,10.170000076293944,9.640000343322754,9.699999809265137,2491400
26-10-2023,9.739999771118164,9.979999542236328,9.68000030517578,9.84000015258789,347200
27-10-2023,9.760000228881836,9.770000457763672,9.489999771118164,9.609999656677246,448100
30-10-2023,9.720000267028809,9.890000343322754,9.65999984741211,9.880000114440918,382100
31-10-2023,9.84000015258789,9.899999618530272,9.729999542236328,9.850000381469728,384100
01-11-2023,9.850000381469728,10.039999961853027,9.779999732971191,10.029999732971191,335400
02-11-2023,10.119999885559082,10.130000114440918,9.970000267028809,10.119999885559082,321400
03-11-2023,10.329999923706056,10.399999618530272,10.149999618530272,10.329999923706056,307800
06-11-2023,10.359999656677246,10.449999809265137,10.220000267028809,10.289999961853027,374700
07-11-2023,10.260000228881836,10.260000228881836,10.079999923706056,10.1899995803833,249800
08-11-2023,10.289999961853027,10.289999961853027,10.029999732971191,10.119999885559082,271400
09-11-2023,10.229999542236328,10.229999542236328,9.43000030517578,9.600000381469728,739200
10-11-2023,9.619999885559082,10.15999984741211,9.600000381469728,10.119999885559082,500700
13-11-2023,10.0600004196167,10.5600004196167,10.050000190734863,10.420000076293944,512200
14-11-2023,10.640000343322754,10.710000038146973,10.329999923706056,10.710000038146973,482700
15-11-2023,10.710000038146973,10.84000015258789,10.56999969482422,10.59000015258789,480200
16-11-2023,10.640000343322754,10.729999542236328,10.529999732971191,10.649999618530272,414700
17-11-2023,10.6899995803833,10.920000076293944,10.65999984741211,10.65999984741211,486700
20-11-2023,10.609999656677246,10.609999656677246,10.34000015258789,10.420000076293944,428900
21-11-2023,10.369999885559082,10.489999771118164,10.31999969482422,10.369999885559082,355100
22-11-2023,10.43000030517578,10.489999771118164,10.34000015258789,10.40999984741211,208200
24-11-2023,10.4399995803833,10.489999771118164,10.380000114440918,10.420000076293944,123100
27-11-2023,10.390000343322754,10.670000076293944,10.390000343322754,10.600000381469728,340000
28-11-2023,10.479999542236328,10.579999923706056,10.40999984741211,10.449999809265137,480100
29-11-2023,10.4399995803833,10.510000228881836,10.350000381469728,10.479999542236328,397900
30-11-2023,10.479999542236328,10.6899995803833,10.4399995803833,10.68000030517578,502500
01-12-2023,10.640000343322754,10.859999656677246,10.619999885559082,10.850000381469728,580300
04-12-2023,10.800000190734863,10.989999771118164,10.649999618530272,10.739999771118164,492000
05-12-2023,10.739999771118164,10.779999732971191,10.56999969482422,10.579999923706056,398200
06-12-2023,10.609999656677246,10.710000038146973,10.489999771118164,10.600000381469728,366000
07-12-2023,10.619999885559082,10.65999984741211,10.350000381469728,10.649999618530272,492900
08-12-2023,10.699999809265137,10.84000015258789,10.59000015258789,10.779999732971191,469100
11-12-2023,10.81999969482422,11.140000343322754,10.81999969482422,10.920000076293944,599300
12-12-2023,10.899999618530272,11.119999885559082,10.81999969482422,11.029999732971191,553800
13-12-2023,11.06999969482422,11.199999809265137,10.899999618530272,11.1899995803833,604500
14-12-2023,11.15999984741211,11.15999984741211,10.65999984741211,10.949999809265137,1171400
15-12-2023,11.470000267028809,11.470000267028809,10.949999809265137,11.210000038146973,5910400
18-12-2023,11.31999969482422,11.93000030517578,11.279999732971191,11.670000076293944,756500
19-12-2023,11.640000343322754,11.729999542236328,11.579999923706056,11.68000030517578,540400
20-12-2023,11.68000030517578,11.729999542236328,11.40999984741211,11.4399995803833,557600
21-12-2023,11.449999809265137,11.510000228881836,11.31999969482422,11.460000038146973,339000
22-12-2023,11.470000267028809,11.619999885559082,11.460000038146973,11.609999656677246,321300
26-12-2023,11.699999809265137,11.720000267028809,11.600000381469728,11.710000038146973,272600
27-12-2023,11.720000267028809,11.880000114440918,11.68000030517578,11.829999923706056,356500
28-12-2023,11.81999969482422,11.899999618530272,11.720000267028809,11.739999771118164,327800
29-12-2023,11.65999984741211,11.739999771118164,11.5600004196167,11.600000381469728,640400
02-01-2024,11.579999923706056,11.59000015258789,11.390000343322754,11.510000228881836,425000
03-01-2024,11.520000457763672,11.520000457763672,11.31999969482422,11.40999984741211,527100
04-01-2024,11.539999961853027,11.649999618530272,11.420000076293944,11.4399995803833,621300
05-01-2024,11.420000076293944,11.539999961853027,11.420000076293944,11.449999809265137,637300
08-01-2024,11.56999969482422,11.75,11.479999542236328,11.670000076293944,547000
09-01-2024,11.600000381469728,11.600000381469728,11.300000190734863,11.380000114440918,443300
10-01-2024,11.359999656677246,11.399999618530272,11.220000267028809,11.350000381469728,778200
11-01-2024,11.329999923706056,11.329999923706056,11.15999984741211,11.229999542236328,786500
12-01-2024,11.34000015258789,11.390000343322754,11.15999984741211,11.289999961853027,783900
16-01-2024,11.229999542236328,11.260000228881836,10.970000267028809,10.989999771118164,443200
17-01-2024,10.84000015258789,11.0,10.84000015258789,10.989999771118164,554100
18-01-2024,11.09000015258789,11.170000076293944,10.970000267028809,11.119999885559082,674200
19-01-2024,11.1899995803833,11.229999542236328,10.979999542236328,11.170000076293944,675400
22-01-2024,11.199999809265137,11.510000228881836,11.199999809265137,11.420000076293944,793300
23-01-2024,11.5,11.59000015258789,11.399999618530272,11.479999542236328,721700
24-01-2024,11.59000015258789,12.329999923706056,11.489999771118164,12.3100004196167,2243000
25-01-2024,12.34000015258789,12.4399995803833,11.90999984741211,12.229999542236328,1429800
26-01-2024,12.239999771118164,12.25,11.920000076293944,11.93000030517578,883500
29-01-2024,11.93000030517578,12.0,11.81999969482422,11.850000381469728,533900
30-01-2024,11.8100004196167,11.899999618530272,11.770000457763672,11.859999656677246,449600
31-01-2024,11.859999656677246,12.109999656677246,11.789999961853027,11.800000190734863,435200
01-02-2024,11.760000228881836,11.869999885559082,11.579999923706056,11.729999542236328,431100
02-02-2024,11.65999984741211,11.93000030517578,11.609999656677246,11.729999542236328,509500
05-02-2024,11.630000114440918,11.699999809265137,11.56999969482422,11.699999809265137,519700
06-02-2024,11.710000038146973,11.770000457763672,11.539999961853027,11.630000114440918,446100
07-02-2024,11.59000015258789,11.800000190734863,11.489999771118164,11.75,393100
08-02-2024,11.770000457763672,11.859999656677246,11.710000038146973,11.8100004196167,387200
09-02-2024,11.81999969482422,12.18000030517578,11.760000228881836,12.15999984741211,486900
12-02-2024,12.170000076293944,12.25,12.06999969482422,12.18000030517578,489800
13-02-2024,12.06999969482422,12.109999656677246,11.869999885559082,12.0,651000
14-02-2024,12.039999961853027,12.220000267028809,12.010000228881836,12.15999984741211,494200
15-02-2024,12.170000076293944,12.300000190734863,12.079999923706056,12.300000190734863,538600
16-02-2024,12.279999732971191,12.359999656677246,12.109999656677246,12.130000114440918,518300
20-02-2024,12.140000343322754,12.350000381469728,12.039999961853027,12.279999732971191,562300
21-02-2024,12.470000267028809,12.470000267028809,11.270000457763672,11.390000343322754,1223600
22-02-2024,11.449999809265137,11.630000114440918,11.3100004196167,11.5600004196167,596500
23-02-2024,11.550000190734863,11.880000114440918,11.539999961853027,11.770000457763672,385100
26-02-2024,11.75,11.800000190734863,11.6899995803833,11.779999732971191,298300
27-02-2024,11.789999961853027,11.989999771118164,11.729999542236328,11.789999961853027,334000
28-02-2024,11.710000038146973,12.239999771118164,11.710000038146973,12.170000076293944,459800
29-02-2024,12.350000381469728,12.350000381469728,12.079999923706056,12.270000457763672,540600
01-03-2024,12.260000228881836,12.260000228881836,12.010000228881836,12.15999984741211,401200
04-03-2024,12.100000381469728,12.220000267028809,12.0,12.149999618530272,380700
05-03-2024,12.149999618530272,12.149999618530272,11.949999809265137,12.100000381469728,757400
06-03-2024,12.149999618530272,12.460000038146973,12.130000114440918,12.31999969482422,531300
07-03-2024,12.420000076293944,12.609999656677246,12.229999542236328,12.390000343322754,551000
08-03-2024,12.460000038146973,12.520000457763672,12.109999656677246,12.199999809265137,579000
11-03-2024,12.18000030517578,12.300000190734863,12.140000343322754,12.220000267028809,342800
12-03-2024,12.199999809265137,12.260000228881836,12.119999885559082,12.25,311700
13-03-2024,12.210000038146973,12.289999961853027,12.09000015258789,12.210000038146973,1071100
14-03-2024,12.239999771118164,12.239999771118164,12.029999732971191,12.15999984741211,637900
15-03-2024,12.109999656677246,12.289999961853027,12.09000015258789,12.270000457763672,1603400
18-03-2024,12.229999542236328,12.369999885559082,12.220000267028809,12.350000381469728,397500
19-03-2024,12.380000114440918,12.68000030517578,12.380000114440918,12.640000343322754,325500
20-03-2024,12.640000343322754,12.68000030517578,12.399999618530272,12.609999656677246,1282500
21-03-2024,12.6899995803833,12.699999809265137,12.4399995803833,12.539999961853027,1474300
22-03-2024,12.479999542236328,12.56999969482422,12.270000457763672,12.289999961853027,351300
25-03-2024,12.350000381469728,12.380000114440918,12.170000076293944,12.170000076293944,316600
26-03-2024,12.18000030517578,12.289999961853027,12.119999885559082,12.130000114440918,283400
27-03-2024,12.210000038146973,12.56999969482422,12.170000076293944,12.539999961853027,504200
28-03-2024,12.539999961853027,12.890000343322754,12.520000457763672,12.710000038146973,616200
01-04-2024,12.720000267028809,12.899999618530272,12.600000381469728,12.890000343322754,450700
02-04-2024,12.859999656677246,13.029999732971191,12.5600004196167,12.619999885559082,656100
03-04-2024,12.59000015258789,12.779999732971191,12.550000190734863,12.710000038146973,385500
04-04-2024,12.75,12.970000267028809,12.56999969482422,12.579999923706056,526200
05-04-2024,12.619999885559082,12.779999732971191,12.56999969482422,12.75,454700
08-04-2024,12.8100004196167,12.890000343322754,12.640000343322754,12.770000457763672,1026500
09-04-2024,12.81999969482422,12.880000114440918,12.43000030517578,12.510000228881836,460700
10-04-2024,12.350000381469728,12.470000267028809,12.229999542236328,12.350000381469728,490700
11-04-2024,12.350000381469728,12.43000030517578,12.220000267028809,12.380000114440918,617600
12-04-2024,12.329999923706056,12.5,12.119999885559082,12.210000038146973,763800
15-04-2024,12.239999771118164,12.31999969482422,11.739999771118164,11.8100004196167,1171900
16-04-2024,11.710000038146973,11.729999542236328,11.489999771118164,11.649999618530272,597400
17-04-2024,11.699999809265137,11.960000038146973,11.649999618530272,11.800000190734863,552900
18-04-2024,11.850000381469728,12.0,11.829999923706056,11.979999542236328,480400
19-04-2024,11.960000038146973,12.170000076293944,11.949999809265137,12.020000457763672,575400
22-04-2024,12.0600004196167,12.300000190734863,12.039999961853027,12.18000030517578,546800
23-04-2024,12.229999542236328,12.380000114440918,12.1899995803833,12.300000190734863,383800
24-04-2024,12.25,12.279999732971191,12.0600004196167,12.1899995803833,1870000
25-04-2024,12.15999984741211,12.18000030517578,11.859999656677246,11.890000343322754,744000
26-04-2024,11.869999885559082,12.149999618530272,11.729999542236328,12.079999923706056,638300
29-04-2024,12.109999656677246,12.199999809265137,11.93000030517578,12.010000228881836,478000
30-04-2024,11.949999809265137,11.949999809265137,11.75,11.779999732971191,479400
01-05-2024,11.609999656677246,12.3100004196167,11.539999961853027,12.100000381469728,591600
02-05-2024,12.239999771118164,12.239999771118164,11.84000015258789,11.90999984741211,725800
03-05-2024,12.029999732971191,12.279999732971191,11.890000343322754,12.09000015258789,596200
06-05-2024,12.229999542236328,12.329999923706056,12.170000076293944,12.25,347400
07-05-2024,12.289999961853027,12.3100004196167,12.130000114440918,12.170000076293944,697800
08-05-2024,12.18000030517578,12.369999885559082,12.149999618530272,12.369999885559082,390100
09-05-2024,12.380000114440918,12.619999885559082,12.380000114440918,12.520000457763672,384700
10-05-2024,12.539999961853027,12.649999618530272,12.539999961853027,12.5600004196167,286600
13-05-2024,12.600000381469728,12.600000381469728,12.449999809265137,12.489999771118164,386000
14-05-2024,12.5600004196167,12.65999984741211,12.510000228881836,12.619999885559082,279500
15-05-2024,12.670000076293944,12.710000038146973,12.59000015258789,12.670000076293944,262300
16-05-2024,12.720000267028809,12.779999732971191,12.609999656677246,12.68000030517578,289000
17-05-2024,12.760000228881836,12.81999969482422,12.699999809265137,12.789999961853027,289500
20-05-2024,12.800000190734863,12.899999618530272,12.699999809265137,12.75,535000
21-05-2024,12.710000038146973,13.079999923706056,12.710000038146973,13.0600004196167,482700
22-05-2024,13.0,13.5,12.960000038146973,13.449999809265137,685900
23-05-2024,13.449999809265137,13.470000267028809,13.25,13.300000190734863,659500
24-05-2024,13.210000038146973,13.359999656677246,12.81999969482422,12.970000267028809,665000
28-05-2024,12.979999542236328,13.15999984741211,12.90999984741211,13.050000190734863,856900
29-05-2024,12.949999809265137,12.949999809265137,12.800000190734863,12.850000381469728,573600
30-05-2024,12.899999618530272,13.119999885559082,12.899999618530272,13.039999961853027,629200
31-05-2024,13.140000343322754,13.210000038146973,13.029999732971191,13.149999618530272,730200
03-06-2024,13.220000267028809,13.220000267028809,12.899999618530272,12.9399995803833,597200
04-06-2024,12.829999923706056,12.949999809265137,12.739999771118164,12.789999961853027,373800
05-06-2024,12.81999969482422,12.920000076293944,12.65999984741211,12.84000015258789,507200
06-06-2024,12.81999969482422,12.859999656677246,12.600000381469728,12.720000267028809,338600
07-06-2024,12.720000267028809,12.890000343322754,12.609999656677246,12.640000343322754,487200
10-06-2024,12.520000457763672,12.729999542236328,12.479999542236328,12.65999984741211,497200
11-06-2024,12.59000015258789,12.59000015258789,12.390000343322754,12.4399995803833,465200
12-06-2024,12.640000343322754,12.6899995803833,12.520000457763672,12.59000015258789,543900
13-06-2024,12.529999732971191,12.529999732971191,12.140000343322754,12.229999542236328,492700
14-06-2024,12.140000343322754,12.270000457763672,12.020000457763672,12.039999961853027,417800
17-06-2024,12.0,12.350000381469728,11.920000076293944,12.279999732971191,431300
18-06-2024,12.31999969482422,12.609999656677246,12.3100004196167,12.579999923706056,669200
20-06-2024,12.5,12.699999809265137,12.34000015258789,12.579999923706056,948600
21-06-2024,12.609999656677246,12.779999732971191,12.4399995803833,12.729999542236328,1018500
24-06-2024,12.8100004196167,12.81999969482422,12.350000381469728,12.359999656677246,706400
25-06-2024,12.300000190734863,12.359999656677246,12.220000267028809,12.300000190734863,375200
26-06-2024,12.279999732971191,12.279999732971191,12.039999961853027,12.170000076293944,579500
27-06-2024,12.1899995803833,12.350000381469728,12.1899995803833,12.300000190734863,840900
28-06-2024,12.43000030517578,12.460000038146973,12.170000076293944,12.199999809265137,5850100
01-07-2024,12.239999771118164,12.399999618530272,12.100000381469728,12.170000076293944,559300
02-07-2024,12.039999961853027,12.270000457763672,12.039999961853027,12.210000038146973,347000
03-07-2024,12.1899995803833,12.199999809265137,12.010000228881836,12.010000228881836,214200
05-07-2024,12.0,12.149999618530272,11.960000038146973,12.09000015258789,339400
08-07-2024,12.170000076293944,12.390000343322754,12.119999885559082,12.130000114440918,396200
09-07-2024,12.09000015258789,12.18000030517578,11.960000038146973,11.989999771118164,287600
10-07-2024,12.050000190734863,12.15999984741211,12.020000457763672,12.130000114440918,246900
11-07-2024,12.329999923706056,12.649999618530272,12.229999542236328,12.579999923706056,386800
12-07-2024,12.670000076293944,12.8100004196167,12.59000015258789,12.630000114440918,378800
15-07-2024,12.739999771118164,12.93000030517578,12.670000076293944,12.8100004196167,758500
16-07-2024,12.920000076293944,13.40999984741211,12.920000076293944,13.380000114440918,719600
17-07-2024,13.329999923706056,13.739999771118164,13.25,13.539999961853027,941700
18-07-2024,13.470000267028809,13.81999969482422,13.43000030517578,13.539999961853027,512700
19-07-2024,13.529999732971191,13.529999732971191,13.220000267028809,13.239999771118164,370000
22-07-2024,13.289999961853027,13.5,13.1899995803833,13.380000114440918,383000
23-07-2024,13.369999885559082,13.90999984741211,13.369999885559082,13.81999969482422,430600
24-07-2024,13.800000190734863,13.9399995803833,13.710000038146973,13.729999542236328,463900
25-07-2024,13.84000015258789,14.239999771118164,13.8100004196167,14.15999984741211,474900
26-07-2024,14.350000381469728,14.550000190734863,14.1899995803833,14.380000114440918,474300
29-07-2024,14.34000015258789,14.40999984741211,14.149999618530272,14.239999771118164,305200
30-07-2024,14.34000015258789,14.699999809265137,14.34000015258789,14.649999618530272,411600
31-07-2024,14.630000114440918,14.670000076293944,14.369999885559082,14.369999885559082,823300
01-08-2024,14.5,14.539999961853027,14.119999885559082,14.289999961853027,659200
02-08-2024,14.0,14.670000076293944,13.84000015258789,14.600000381469728,562200
05-08-2024,14.289999961853027,14.359999656677246,13.899999618530272,14.149999618530272,722800
06-08-2024,14.100000381469728,14.270000457763672,13.979999542236328,14.06999969482422,630600
07-08-2024,14.199999809265137,14.260000228881836,14.0,14.050000190734863,501200
08-08-2024,14.0600004196167,14.470000267028809,14.0600004196167,14.460000038146973,306300
09-08-2024,14.489999771118164,14.56999969482422,14.25,14.5600004196167,413100
12-08-2024,14.640000343322754,14.859999656677246,14.350000381469728,14.369999885559082,249800
13-08-2024,14.43000030517578,14.579999923706056,14.43000030517578,14.520000457763672,248300
14-08-2024,14.600000381469728,14.640000343322754,14.449999809265137,14.539999961853027,304900
15-08-2024,14.710000038146973,14.779999732971191,14.470000267028809,14.65999984741211,361400
16-08-2024,14.68000030517578,14.960000038146973,14.640000343322754,14.710000038146973,700600
19-08-2024,14.729999542236328,14.859999656677246,14.529999732971191,14.59000015258789,316600
20-08-2024,14.59000015258789,14.619999885559082,14.40999984741211,14.5,273400
21-08-2024,14.56999969482422,14.699999809265137,14.420000076293944,14.59000015258789,354000
22-08-2024,14.609999656677246,14.739999771118164,14.609999656677246,14.729999542236328,276000
23-08-2024,14.829999923706056,15.15999984741211,14.770000457763672,14.9399995803833,462700
26-08-2024,15.06999969482422,15.109999656677246,14.779999732971191,14.779999732971191,372500
27-08-2024,14.800000190734863,14.890000343322754,14.770000457763672,14.850000381469728,229200
28-08-2024,14.829999923706056,14.960000038146973,14.770000457763672,14.890000343322754,226300
29-08-2024,14.989999771118164,15.100000381469728,14.8100004196167,15.010000228881836,387000
30-08-2024,15.140000343322754,15.149999618530272,14.880000114440918,14.989999771118164,299100
03-09-2024,14.880000114440918,14.989999771118164,14.56999969482422,14.619999885559082,394700
04-09-2024,14.640000343322754,14.789999961853027,14.539999961853027,14.5600004196167,227400
05-09-2024,14.649999618530272,14.670000076293944,14.4399995803833,14.470000267028809,445600
06-09-2024,14.460000038146973,14.510000228881836,14.15999984741211,14.18000030517578,305300
09-09-2024,14.199999809265137,14.399999618530272,14.140000343322754,14.170000076293944,367700
10-09-2024,14.130000114440918,14.25,13.829999923706056,14.020000457763672,395600
11-09-2024,13.880000114440918,13.93000030517578,13.699999809265137,13.850000381469728,355300
12-09-2024,14.0,14.0600004196167,13.859999656677246,13.9399995803833,307700
13-09-2024,14.09000015258789,14.1899995803833,13.979999542236328,14.06999969482422,307800
16-09-2024,14.109999656677246,14.260000228881836,14.09000015258789,14.170000076293944,407100
17-09-2024,14.229999542236328,14.399999618530272,14.09000015258789,14.100000381469728,356900
18-09-2024,14.100000381469728,14.34000015258789,14.050000190734863,14.18000030517578,391700
19-09-2024,14.399999618530272,14.399999618530272,14.149999618530272,14.25,291800
20-09-2024,14.199999809265137,14.510000228881836,14.199999809265137,14.25,1345100
23-09-2024,14.239999771118164,14.350000381469728,14.0600004196167,14.119999885559082,273200
24-09-2024,14.09000015258789,14.130000114440918,13.979999542236328,14.079999923706056,281900
25-09-2024,14.09000015258789,14.729999542236328,14.09000015258789,14.5600004196167,485700
26-09-2024,14.619999885559082,14.75,14.449999809265137,14.460000038146973,305300
27-09-2024,14.300000190734863,14.630000114440918,14.279999732971191,14.4399995803833,1828400
30-09-2024,14.470000267028809,14.510000228881836,14.199999809265137,14.34000015258789,506800
01-10-2024,14.289999961853027,14.460000038146973,14.0600004196167,14.100000381469728,286500
02-10-2024,14.119999885559082,14.239999771118164,13.920000076293944,13.970000267028809,299600
03-10-2024,13.869999885559082,13.93000030517578,13.68000030517578,13.6899995803833,302500
04-10-2024,13.829999923706056,13.989999771118164,13.720000267028809,13.949999809265137,415300
07-10-2024,13.84000015258789,13.84000015258789,13.020000457763672,13.170000076293944,708100
08-10-2024,13.199999809265137,13.529999732971191,13.100000381469728,13.399999618530272,609500
09-10-2024,13.420000076293944,13.640000343322754,13.359999656677246,13.479999542236328,528700
10-10-2024,13.5600004196167,13.5600004196167,13.34000015258789,13.479999542236328,490000
11-10-2024,13.5600004196167,13.75,13.520000457763672,13.619999885559082,368000
14-10-2024,13.649999618530272,13.779999732971191,13.56999969482422,13.710000038146973,401700
15-10-2024,13.699999809265137,13.84000015258789,12.9399995803833,13.520000457763672,585900
16-10-2024,13.65999984741211,13.779999732971191,13.59000015258789,13.710000038146973,279200
17-10-2024,13.770000457763672,14.06999969482422,13.710000038146973,14.010000228881836,507500
18-10-2024,14.039999961853027,14.0600004196167,13.93000030517578,13.970000267028809,262300
21-10-2024,14.020000457763672,14.020000457763672,13.529999732971191,13.550000190734863,229800
22-10-2024,13.479999542236328,13.6899995803833,13.3100004196167,13.68000030517578,371200
23-10-2024,13.630000114440918,13.630000114440918,13.5,13.56999969482422,289700
24-10-2024,13.5600004196167,13.630000114440918,13.399999618530272,13.600000381469728,268900
25-10-2024,13.630000114440918,13.649999618530272,13.40999984741211,13.479999542236328,290100
28-10-2024,13.619999885559082,13.760000228881836,13.550000190734863,13.59000015258789,208100
29-10-2024,13.449999809265137,13.609999656677246,13.449999809265137,13.510000228881836,177800
30-10-2024,13.489999771118164,13.760000228881836,13.489999771118164,13.699999809265137,1158100
31-10-2024,13.640000343322754,13.640000343322754,13.119999885559082,13.140000343322754,671000
01-11-2024,13.350000381469728,13.550000190734863,12.899999618530272,13.350000381469728,711000
04-11-2024,13.199999809265137,13.289999961853027,13.119999885559082,13.140000343322754,639200
05-11-2024,13.0600004196167,13.109999656677246,12.779999732971191,12.920000076293944,366900
06-11-2024,13.420000076293944,14.289999961853027,13.420000076293944,14.25,757400
07-11-2024,14.229999542236328,14.229999542236328,13.81999969482422,13.859999656677246,390900
08-11-2024,13.869999885559082,14.149999618530272,13.8100004196167,14.130000114440918,419700
11-11-2024,14.130000114440918,14.520000457763672,14.130000114440918,14.31999969482422,355900
12-11-2024,14.34000015258789,14.529999732971191,14.329999923706056,14.40999984741211,396000
13-11-2024,14.5,14.670000076293944,14.390000343322754,14.5600004196167,613500
14-11-2024,14.600000381469728,15.020000457763672,14.529999732971191,14.670000076293944,592500
15-11-2024,14.850000381469728,15.100000381469728,14.68000030517578,14.989999771118164,709900
18-11-2024,14.989999771118164,15.0600004196167,14.81999969482422,14.949999809265137,435000
19-11-2024,14.8100004196167,14.9399995803833,14.710000038146973,14.899999618530272,317000
20-11-2024,14.920000076293944,15.31999969482422,14.84000015258789,15.300000190734863,488400
21-11-2024,15.390000343322754,15.739999771118164,15.369999885559082,15.369999885559082,425900
22-11-2024,15.420000076293944,15.619999885559082,15.40999984741211,15.579999923706056,430800
25-11-2024,15.720000267028809,15.880000114440918,15.5,15.600000381469728,641100
26-11-2024,15.470000267028809,15.630000114440918,15.350000381469728,15.59000015258789,625000
27-11-2024,15.670000076293944,15.699999809265137,15.31999969482422,15.449999809265137,678900
29-11-2024,15.510000228881836,15.539999961853027,15.31999969482422,15.420000076293944,488700
02-12-2024,15.40999984741211,15.649999618530272,15.199999809265137,15.520000457763672,858400
03-12-2024,15.59000015258789,15.710000038146973,15.329999923706056,15.5600004196167,659600
04-12-2024,15.619999885559082,15.68000030517578,15.4399995803833,15.630000114440918,481900
05-12-2024,15.68000030517578,16.06999969482422,15.68000030517578,16.049999237060547,372200
06-12-2024,16.079999923706055,16.200000762939453,15.649999618530272,15.850000381469728,377000
09-12-2024,15.90999984741211,15.970000267028809,15.6899995803833,15.770000457763672,417900
10-12-2024,15.760000228881836,15.760000228881836,15.43000030517578,15.479999542236328,513400
11-12-2024,15.59000015258789,15.789999961853027,15.329999923706056,15.760000228881836,658300
12-12-2024,15.800000190734863,15.90999984741211,15.369999885559082,15.479999542236328,667400
13-12-2024,15.479999542236328,15.619999885559082,15.380000114440918,15.550000190734863,794800
16-12-2024,15.529999732971191,15.699999809265137,15.449999809265137,15.56999969482422,609400
17-12-2024,15.460000038146973,15.489999771118164,15.130000114440918,15.140000343322754,444600
18-12-2024,15.220000267028809,15.220000267028809,14.390000343322754,14.5,531200
19-12-2024,14.739999771118164,14.90999984741211,14.369999885559082,14.390000343322754,721000
20-12-2024,14.229999542236328,14.479999542236328,14.1899995803833,14.40999984741211,5528400
23-12-2024,14.40999984741211,14.520000457763672,14.109999656677246,14.149999618530272,404800
24-12-2024,14.119999885559082,14.260000228881836,13.960000038146973,13.979999542236328,205400
26-12-2024,13.899999618530272,14.149999618530272,13.760000228881836,14.100000381469728,384500
27-12-2024,13.960000038146973,14.300000190734863,13.960000038146973,14.220000267028809,470100
30-12-2024,14.119999885559082,14.260000228881836,13.949999809265137,14.199999809265137,356900
31-12-2024,14.59000015258789,16.420000076293945,14.449999809265137,16.389999389648438,1472900
02-01-2025,16.450000762939453,16.5,15.34000015258789,15.739999771118164,1104600
03-01-2025,15.770000457763672,15.779999732971191,15.489999771118164,15.699999809265137,832400
06-01-2025,15.699999809265137,15.8100004196167,15.130000114440918,15.140000343322754,727100
07-01-2025,15.140000343322754,15.289999961853027,14.960000038146973,15.279999732971191,386300
08-01-2025,15.18000030517578,15.279999732971191,14.890000343322754,14.949999809265137,387400
10-01-2025,14.68000030517578,14.760000228881836,14.270000457763672,14.420000076293944,437400
13-01-2025,14.300000190734863,14.449999809265137,14.229999542236328,14.300000190734863,434000
14-01-2025,14.329999923706056,14.579999923706056,14.289999961853027,14.489999771118164,494700
15-01-2025,14.760000228881836,14.90999984741211,14.630000114440918,14.789999961853027,347800
16-01-2025,14.81999969482422,15.0600004196167,14.81999969482422,14.970000267028809,472900
17-01-2025,15.06999969482422,15.119999885559082,14.960000038146973,14.989999771118164,459800
21-01-2025,15.039999961853027,15.279999732971191,15.010000228881836,15.210000038146973,363400
22-01-2025,15.18000030517578,15.3100004196167,14.56999969482422,14.640000343322754,364100
23-01-2025,14.56999969482422,14.649999618530272,14.3100004196167,14.369999885559082,344600
24-01-2025,14.3100004196167,14.56999969482422,14.279999732971191,14.539999961853027,266700
27-01-2025,14.640000343322754,14.869999885559082,14.59000015258789,14.699999809265137,316200
28-01-2025,14.710000038146973,14.880000114440918,14.68000030517578,14.81999969482422,281800
29-01-2025,14.699999809265137,15.029999732971191,14.529999732971191,14.600000381469728,239300
30-01-2025,14.829999923706056,14.869999885559082,14.56999969482422,14.8100004196167,297600
31-01-2025,14.6899995803833,14.890000343322754,14.550000190734863,14.5600004196167,430100
03-02-2025,14.329999923706056,14.460000038146973,14.020000457763672,14.100000381469728,377900
04-02-2025,14.0,14.260000228881836,13.869999885559082,14.100000381469728,250000
05-02-2025,14.18000030517578,14.460000038146973,14.149999618530272,14.40999984741211,285900
06-02-2025,14.510000228881836,14.520000457763672,14.279999732971191,14.489999771118164,253400
07-02-2025,14.460000038146973,14.460000038146973,14.18000030517578,14.25,337500
10-02-2025,14.229999542236328,14.270000457763672,13.960000038146973,14.0600004196167,475000
11-02-2025,13.970000267028809,14.399999618530272,13.949999809265137,14.260000228881836,611500
12-02-2025,14.100000381469728,14.18000030517578,13.850000381469728,13.90999984741211,538200
13-02-2025,13.979999542236328,14.279999732971191,13.920000076293944,14.270000457763672,473600
14-02-2025,14.369999885559082,14.369999885559082,14.050000190734863,14.18000030517578,289500
18-02-2025,14.119999885559082,14.369999885559082,13.949999809265137,14.020000457763672,315100
19-02-2025,13.59000015258789,14.1899995803833,13.260000228881836,14.010000228881836,638200
20-02-2025,13.84000015258789,14.039999961853027,13.579999923706056,13.979999542236328,498600
21-02-2025,14.25,14.34000015258789,13.970000267028809,14.0,1529500
24-02-2025,14.130000114440918,14.56999969482422,14.050000190734863,14.25,1074500
25-02-2025,14.5,14.649999618530272,14.15999984741211,14.59000015258789,1616000
26-02-2025,14.489999771118164,15.1899995803833,14.149999618530272,14.960000038146973,2228100
27-02-2025,14.979999542236328,15.380000114440918,14.979999542236328,15.220000267028809,1044300
28-02-2025,15.229999542236328,15.479999542236328,15.029999732971191,15.34000015258789,1282400
03-03-2025,15.31999969482422,15.420000076293944,15.020000457763672,15.119999885559082,683700
04-03-2025,14.989999771118164,15.100000381469728,14.75,14.760000228881836,627800
05-03-2025,14.75,15.0600004196167,14.65999984741211,14.880000114440918,646200
06-03-2025,14.8100004196167,14.8100004196167,14.56999969482422,14.68000030517578,705600
07-03-2025,14.670000076293944,14.739999771118164,14.229999542236328,14.289999961853027,783900
10-03-2025,14.130000114440918,14.65999984741211,14.050000190734863,14.520000457763672,849800
11-03-2025,14.630000114440918,15.050000190734863,14.529999732971191,14.829999923706056,902900
12-03-2025,14.850000381469728,14.850000381469728,14.34000015258789,14.40999984741211,861700
13-03-2025,14.489999771118164,14.65999984741211,14.369999885559082,14.5,669700
14-03-2025,14.59000015258789,14.779999732971191,14.43000030517578,14.760000228881836,596000
17-03-2025,14.600000381469728,15.1899995803833,14.5,15.109999656677246,627800
18-03-2025,15.170000076293944,15.329999923706056,15.050000190734863,15.289999961853027,659500
19-03-2025,15.390000343322754,15.779999732971191,15.369999885559082,15.619999885559082,756300
20-03-2025,15.4399995803833,15.880000114440918,15.43000030517578,15.770000457763672,523700
21-03-2025,15.789999961853027,15.979999542236328,15.619999885559082,15.760000228881836,1833400
24-03-2025,15.84000015258789,16.290000915527344,15.789999961853027,16.25,428800
25-03-2025,16.350000381469727,16.649999618530273,16.34000015258789,16.5,682600
26-03-2025,16.510000228881836,16.700000762939453,16.40999984741211,16.6200008392334,384400
27-03-2025,16.65999984741211,16.90999984741211,16.600000381469727,16.860000610351562,664700
28-03-2025,16.850000381469727,17.260000228881836,16.81999969482422,17.059999465942383,686000
31-03-2025,16.899999618530273,17.6200008392334,16.809999465942383,17.290000915527344,1506400
01-04-2025,17.209999084472656,17.889999389648438,16.84000015258789,17.850000381469727,1365700
02-04-2025,17.68000030517578,17.989999771118164,17.559999465942383,17.729999542236328,1032900
03-04-2025,17.229999542236328,17.850000381469727,17.190000534057617,17.559999465942383,1624100
04-04-2025,17.1299991607666,17.31999969482422,15.869999885559082,16.049999237060547,907300
07-04-2025,15.65999984741211,15.9399995803833,14.760000228881836,15.470000267028809,1119900
08-04-2025,15.93000030517578,16.010000228881836,15.0,15.15999984741211,713700
09-04-2025,15.039999961853027,16.31999969482422,14.90999984741211,16.020000457763672,1073500
10-04-2025,15.8100004196167,16.170000076293945,15.539999961853027,15.779999732971191,1024400
11-04-2025,15.739999771118164,16.079999923706055,15.630000114440918,16.040000915527344,810500
14-04-2025,16.25,16.59000015258789,16.110000610351562,16.43000030517578,464900
15-04-2025,16.229999542236328,16.610000610351562,16.229999542236328,16.329999923706055,672200
16-04-2025,16.510000228881836,16.579999923706055,16.219999313354492,16.360000610351562,687700
17-04-2025,16.360000610351562,16.729999542236328,16.299999237060547,16.700000762939453,634800
21-04-2025,16.59000015258789,16.690000534057617,15.899999618530272,15.989999771118164,649000
22-04-2025,16.25,16.530000686645508,16.049999237060547,16.389999389648438,816600
23-04-2025,16.459999084472656,16.75,16.43000030517578,16.559999465942383,630300
24-04-2025,16.469999313354492,16.709999084472656,16.309999465942383,16.600000381469727,585100
25-04-2025,16.459999084472656,16.549999237060547,16.06999969482422,16.540000915527344,440600
28-04-2025,16.549999237060547,16.670000076293945,16.360000610351562,16.6200008392334,776000
29-04-2025,16.530000686645508,17.040000915527344,16.489999771118164,17.020000457763672,590200
30-04-2025,16.860000610351562,16.920000076293945,16.549999237060547,16.799999237060547,795800
01-05-2025,16.690000534057617,17.100000381469727,16.540000915527344,16.940000534057617,641100
02-05-2025,17.15999984741211,18.0,17.1200008392334,17.950000762939453,686100
05-05-2025,17.6200008392334,18.280000686645508,17.6200008392334,18.18000030517578,734800
06-05-2025,18.90999984741211,19.65999984741211,18.21999931335449,19.540000915527344,807200
07-05-2025,19.40999984741211,19.739999771118164,19.13999938964844,19.280000686645508,1214500
08-05-2025,19.36000061035156,19.65999984741211,19.190000534057617,19.299999237060547,859100
09-05-2025,19.25,19.46999931335449,18.959999084472656,19.270000457763672,528400
12-05-2025,19.3700008392334,19.6200008392334,18.65999984741211,19.600000381469727,604800
13-05-2025,19.64999961853028,19.850000381469727,19.440000534057617,19.540000915527344,505800
14-05-2025,19.65999984741211,19.739999771118164,19.1299991607666,19.299999237060547,480100
15-05-2025,19.3799991607666,19.71999931335449,19.280000686645508,19.57999992370605,505200
16-05-2025,19.59000015258789,19.82999992370605,19.21999931335449,19.239999771118164,1755300
19-05-2025,19.15999984741211,19.790000915527344,19.049999237060547,19.64999961853028,1163400
20-05-2025,19.63999938964844,19.8700008392334,19.450000762939453,19.520000457763672,546000
21-05-2025,19.38999938964844,19.6299991607666,19.0,19.32999992370605,810300
22-05-2025,19.26000022888184,19.479999542236328,18.920000076293945,19.13999938964844,563800
23-05-2025,19.040000915527344,19.309999465942383,18.950000762939453,19.18000030517578,489300
27-05-2025,19.36000061035156,19.86000061035156,19.21999931335449,19.780000686645508,543900
28-05-2025,19.670000076293945,19.790000915527344,19.450000762939453,19.520000457763672,660600
29-05-2025,19.549999237060547,19.75,19.450000762939453,19.64999961853028,468600
30-05-2025,19.690000534057617,19.709999084472656,19.540000915527344,19.59000015258789,662900
02-06-2025,19.540000915527344,19.709999084472656,19.11000061035156,19.6200008392334,511100
03-06-2025,19.520000457763672,19.690000534057617,19.200000762939453,19.489999771118164,608700
04-06-2025,19.57999992370605,19.61000061035156,19.049999237060547,19.15999984741211,530400
05-06-2025,19.190000534057617,19.270000457763672,18.84000015258789,19.26000022888184,522600
06-06-2025,19.540000915527344,19.549999237060547,19.309999465942383,19.3799991607666,359800
09-06-2025,19.670000076293945,19.670000076293945,18.700000762939453,19.26000022888184,548300
10-06-2025,19.190000534057617,19.450000762939453,18.979999542236328,19.309999465942383,536300
11-06-2025,19.350000381469727,19.40999984741211,19.1299991607666,19.13999938964844,586300
12-06-2025,18.950000762939453,19.61000061035156,18.84000015258789,19.61000061035156,463900
13-06-2025,19.5,19.6200008392334,19.170000076293945,19.39999961853028,473700
16-06-2025,19.459999084472656,20.0,19.350000381469727,19.559999465942383,706800
17-06-2025,19.40999984741211,19.450000762939453,18.959999084472656,19.34000015258789,568200
18-06-2025,19.280000686645508,19.5,19.229999542236328,19.31999969482422,435800
20-06-2025,19.40999984741211,19.59000015258789,19.18000030517578,19.299999237060547,1052200
23-06-2025,19.39999961853028,19.57999992370605,19.21999931335449,19.56999969482422,490300
24-06-2025,19.71999931335449,19.729999542236328,19.280000686645508,19.450000762939453,508600
25-06-2025,19.32999992370605,19.6200008392334,19.25,19.36000061035156,415400
26-06-2025,19.950000762939453,21.030000686645508,19.84000015258789,20.8799991607666,1103500
27-06-2025,20.809999465942383,21.0,20.309999465942383,20.39999961853028,1735600
30-06-2025,20.40999984741211,20.63999938964844,20.270000457763672,20.38999938964844,601600
01-07-2025,20.43000030517578,20.56999969482422,20.020000457763672,20.06999969482422,616400
02-07-2025,20.030000686645508,20.1299991607666,19.229999542236328,19.3799991607666,649300
03-07-2025,19.38999938964844,19.84000015258789,19.299999237060547,19.799999237060547,417000
07-07-2025,19.690000534057617,19.82999992370605,19.3799991607666,19.489999771118164,602900
08-07-2025,19.5,19.670000076293945,19.270000457763672,19.309999465942383,507100
09-07-2025,19.86000061035156,19.86000061035156,18.989999771118164,19.06999969482422,461900
10-07-2025,19.18000030517578,19.18000030517578,18.420000076293945,18.450000762939453,559500
11-07-2025,18.479999542236328,18.530000686645508,18.100000381469727,18.39999961853028,587100
14-07-2025,18.32999992370605,18.64999961853028,18.32999992370605,18.6299991607666,553400
15-07-2025,18.549999237060547,18.6299991607666,18.299999237060547,18.3799991607666,463900
16-07-2025,18.440000534057617,18.739999771118164,18.290000915527344,18.709999084472656,932600
17-07-2025,18.96999931335449,19.21999931335449,18.700000762939453,19.07999992370605,605100
18-07-2025,18.950000762939453,19.229999542236328,18.90999984741211,19.0,546200
21-07-2025,19.51000022888184,19.729999542236328,19.18000030517578,19.309999465942383,585500
22-07-2025,19.299999237060547,19.59000015258789,19.229999542236328,19.450000762939453,483900
23-07-2025,19.450000762939453,19.700000762939453,19.100000381469727,19.700000762939453,549800
24-07-2025,19.459999084472656,19.780000686645508,19.36000061035156,19.57999992370605,1103600
25-07-2025,19.729999542236328,19.84000015258789,19.520000457763672,19.790000915527344,847800
28-07-2025,19.440000534057617,19.63999938964844,19.200000762939453,19.51000022888184,751400
29-07-2025,19.75,19.90999984741211,19.600000381469727,19.86000061035156,763800
30-07-2025,19.75,20.0,19.43000030517578,19.57999992370605,825000
31-07-2025,19.549999237060547,19.8799991607666,19.36000061035156,19.61000061035156,963200
01-08-2025,19.8700008392334,19.940000534057617,19.21999931335449,19.57999992370605,945700
04-08-2025,19.36000061035156,19.3799991607666,17.760000228881836,18.38999938964844,1389000
05-08-2025,18.43000030517578,18.940000534057617,17.899999618530273,18.40999984741211,1128000
06-08-2025,18.290000915527344,18.71999931335449,18.14999961853028,18.540000915527344,711900
07-08-2025,18.43000030517578,18.549999237060547,17.860000610351562,18.030000686645508,655100
08-08-2025,18.170000076293945,18.270000457763672,17.899999618530273,18.200000762939453,632000
11-08-2025,18.26000022888184,18.540000915527344,18.200000762939453,18.32999992370605,477500
12-08-2025,18.350000381469727,18.6200008392334,18.32999992370605,18.46999931335449,479200
13-08-2025,18.64999961853028,19.030000686645508,18.51000022888184,18.76000022888184,732400
14-08-2025,18.90999984741211,19.07999992370605,18.520000457763672,18.57999992370605,457200
15-08-2025,18.63999938964844,18.700000762939453,18.0,18.280000686645508,914900
18-08-2025,18.290000915527344,18.3700008392334,18.1200008392334,18.209999084472656,445500
19-08-2025,18.15999984741211,18.40999984741211,18.15999984741211,18.239999771118164,450500
20-08-2025,18.32999992370605,18.729999542236328,18.31999969482422,18.6299991607666,1807100
21-08-2025,18.75,18.940000534057617,18.489999771118164,18.5,1442400
22-08-2025,18.700000762939453,19.06999969482422,18.600000381469727,18.700000762939453,1248500
25-08-2025,18.65999984741211,18.790000915527344,18.3700008392334,18.420000076293945,594500
26-08-2025,18.309999465942383,18.489999771118164,18.239999771118164,18.290000915527344,431200
27-08-2025,18.3799991607666,18.8799991607666,18.299999237060547,18.61000061035156,1136700
28-08-2025,18.56999969482422,18.56999969482422,18.280000686645508,18.40999984741211,362600
29-08-2025,18.489999771118164,18.84000015258789,18.489999771118164,18.71999931335449,1732000
02-09-2025,18.59000015258789,18.950000762939453,18.520000457763672,18.89999961853028,1158300
03-09-2025,18.799999237060547,19.420000076293945,18.75,18.88999938964844,1503200
04-09-2025,19.190000534057617,19.229999542236328,18.700000762939453,18.850000381469727,668500
05-09-2025,18.850000381469727,18.950000762939453,18.59000015258789,18.770000457763672,878400
08-09-2025,18.770000457763672,19.01000022888184,18.51000022888184,18.96999931335449,1501300
09-09-2025,18.959999084472656,19.14999961853028,18.61000061035156,18.739999771118164,898300
10-09-2025,18.65999984741211,18.850000381469727,18.5,18.63999938964844,738600
11-09-2025,18.700000762939453,19.209999084472656,18.700000762939453,19.15999984741211,1873100
12-09-2025,19.11000061035156,19.299999237060547,18.88999938964844,19.040000915527344,868700
15-09-2025,18.959999084472656,19.020000457763672,18.540000915527344,18.540000915527344,591000
16-09-2025,18.440000534057617,18.489999771118164,17.93000030517578,18.010000228881836,637900
17-09-2025,18.100000381469727,18.21999931335449,17.899999618530273,17.959999084472656,705600
18-09-2025,17.90999984741211,18.209999084472656,17.90999984741211,18.020000457763672,680800
19-09-2025,18.07999992370605,18.11000061035156,17.690000534057617,17.690000534057617,3805800
22-09-2025,17.780000686645508,17.790000915527344,17.170000076293945,17.540000915527344,1008900
23-09-2025,17.6200008392334,17.719999313354492,17.43000030517578,17.479999542236328,803800
24-09-2025,17.420000076293945,17.649999618530273,17.350000381469727,17.59000015258789,711200
25-09-2025,17.639999389648438,17.809999465942383,17.440000534057617,17.770000457763672,2356400
26-09-2025,17.93000030517578,18.440000534057617,17.8799991607666,18.31999969482422,660000
29-09-2025,18.209999084472656,18.209999084472656,17.780000686645508,17.8799991607666,999300
30-09-2025,17.90999984741211,18.270000457763672,17.90999984741211,18.09000015258789,967500
01-10-2025,18.020000457763672,18.07999992370605,17.6200008392334,17.719999313354492,705900
02-10-2025,17.639999389648438,18.0,17.520000457763672,17.940000534057617,486300
03-10-2025,17.940000534057617,18.809999465942383,17.940000534057617,18.59000015258789,671000
06-10-2025,18.520000457763672,18.76000022888184,18.100000381469727,18.21999931335449,540300
07-10-2025,18.18000030517578,18.31999969482422,17.93000030517578,18.1200008392334,735500
08-10-2025,18.299999237060547,18.489999771118164,18.100000381469727,18.309999465942383,328900
09-10-2025,18.280000686645508,18.51000022888184,18.15999984741211,18.5,438000
10-10-2025,18.51000022888184,18.979999542236328,18.36000061035156,18.450000762939453,629600
13-10-2025,18.479999542236328,18.850000381469727,18.34000015258789,18.809999465942383,403000
14-10-2025,18.809999465942383,19.36000061035156,18.739999771118164,19.200000762939453,501400
15-10-2025,19.170000076293945,19.299999237060547,18.600000381469727,18.61000061035156,542900
16-10-2025,18.5,18.520000457763672,17.510000228881836,17.75,716600
17-10-2025,17.670000076293945,17.860000610351562,17.389999389648438,17.639999389648438,849700
20-10-2025,17.809999465942383,17.829999923706055,17.450000762939453,17.760000228881836,362200
21-10-2025,17.670000076293945,18.1200008392334,17.56999969482422,17.989999771118164,377600
22-10-2025,18.020000457763672,18.280000686645508,17.8700008392334,18.239999771118164,403500
23-10-2025,18.209999084472656,18.38999938964844,17.850000381469727,18.3700008392334,438300
24-10-2025,18.46999931335449,18.56999969482422,18.299999237060547,18.36000061035156,612500
27-10-2025,18.3700008392334,18.57999992370605,18.170000076293945,18.51000022888184,565300
28-10-2025,18.36000061035156,18.450000762939453,17.8799991607666,18.09000015258789,524700
29-10-2025,18.030000686645508,18.280000686645508,17.950000762939453,18.25,611600
30-10-2025,18.3700008392334,18.57999992370605,18.09000015258789,18.190000534057617,691600
31-10-2025,19.049999237060547,19.049999237060547,17.709999084472656,18.200000762939453,879800
03-11-2025,18.38999938964844,18.89999961853028,18.170000076293945,18.8799991607666,746800
04-11-2025,18.780000686645508,19.100000381469727,18.65999984741211,19.040000915527344,489700
05-11-2025,19.11000061035156,19.5,19.049999237060547,19.420000076293945,530700
06-11-2025,19.5,19.729999542236328,19.31999969482422,19.3700008392334,533800
07-11-2025,19.40999984741211,19.84000015258789,19.38999938964844,19.81999969482422,396700
10-11-2025,19.64999961853028,20.290000915527344,19.549999237060547,20.15999984741211,499600
11-11-2025,20.229999542236328,20.440000534057617,20.06999969482422,20.170000076293945,318100
12-11-2025,20.190000534057617,20.39999961853028,20.1200008392334,20.270000457763672,702700
13-11-2025,20.34000015258789,20.46999931335449,20.020000457763672,20.06999969482422,538000
14-11-2025,19.979999542236328,20.32999992370605,19.71999931335449,20.32999992370605,374200
17-11-2025,20.15999984741211,20.540000915527344,19.729999542236328,19.729999542236328,558100
18-11-2025,19.790000915527344,20.040000915527344,19.71999931335449,19.89999961853028,362000
19-11-2025,19.90999984741211,20.020000457763672,19.64999961853028,19.850000381469727,465400
20-11-2025,19.96999931335449,20.3700008392334,19.739999771118164,19.75,503200
21-11-2025,19.90999984741211,20.65999984741211,19.770000457763672,20.39999961853028,773800
24-11-2025,20.3700008392334,20.809999465942383,20.25,20.420000076293945,548100
25-11-2025,20.600000381469727,21.190000534057617,20.600000381469727,20.920000076293945,647900
26-11-2025,20.920000076293945,21.32999992370605,20.86000061035156,20.93000030517578,838600
28-11-2025,21.030000686645508,21.049999237060547,20.76000022888184,20.799999237060547,211200
01-12-2025,20.8700008392334,21.13999938964844,20.76000022888184,21.020000457763672,408400
02-12-2025,21.11000061035156,21.290000915527344,20.780000686645508,21.100000381469727,385800
03-12-2025,21.1299991607666,21.32999992370605,20.93000030517578,21.32999992370605,555500
04-12-2025,21.209999084472656,21.84000015258789,21.170000076293945,21.84000015258789,576400
05-12-2025,21.799999237060547,21.799999237060547,21.280000686645508,21.489999771118164,706500
08-12-2025,21.489999771118164,21.809999465942383,21.01000022888184,21.6200008392334,796000
09-12-2025,21.780000686645508,21.86000061035156,21.270000457763672,21.309999465942383,822200
10-12-2025,21.32999992370605,22.040000915527344,21.290000915527344,21.82999992370605,704200
11-12-2025,21.8700008392334,22.790000915527344,21.8700008392334,22.280000686645508,744200
12-12-2025,22.3700008392334,22.459999084472656,21.979999542236328,22.450000762939453,608600
15-12-2025,22.6299991607666,22.770000457763672,22.020000457763672,22.31999969482422,995100
16-12-2025,22.3700008392334,22.559999465942383,21.790000915527344,21.950000762939453,662400
17-12-2025,21.86000061035156,21.959999084472656,21.68000030517578,21.950000762939453,845200
18-12-2025,21.940000534057617,22.229999542236328,21.809999465942383,22.040000915527344,855100
19-12-2025,22.09000015258789,22.21999931335449,21.950000762939453,22.100000381469727,3784600
22-12-2025,22.1299991607666,22.780000686645508,22.049999237060547,22.6299991607666,505000
23-12-2025,22.5,22.88999938964844,22.3799991607666,22.46999931335449,736100
24-12-2025,22.6299991607666,22.709999084472656,22.46999931335449,22.65999984741211,234200
26-12-2025,22.739999771118164,22.739999771118164,22.200000762939453,22.309999465942383,342300
29-12-2025,22.309999465942383,22.530000686645508,22.0,22.190000534057617,464000
30-12-2025,22.290000915527344,22.38999938964844,22.030000686645508,22.059999465942383,255400
31-12-2025,22.049999237060547,22.07999992370605,21.84000015258789,21.88999938964844,677300
02-01-2026,21.850000381469727,21.90999984741211,21.030000686645508,21.06999969482422,690200
05-01-2026,20.82999992370605,21.59000015258789,20.770000457763672,21.459999084472656,609600
06-01-2026,21.209999084472656,21.209999084472656,20.25,20.479999542236328,586400
07-01-2026,20.450000762939453,20.530000686645508,20.1299991607666,20.440000534057617,702000
08-01-2026,20.450000762939453,20.86000061035156,20.190000534057617,20.32999992370605,558400
09-01-2026,20.280000686645508,20.489999771118164,19.729999542236328,20.11000061035156,707300
12-01-2026,19.96999931335449,20.459999084472656,19.89999961853028,20.440000534057617,390900
13-01-2026,20.46999931335449,20.670000076293945,19.90999984741211,19.940000534057617,481900
14-01-2026,19.959999084472656,20.18000030517578,19.71999931335449,20.170000076293945,432500
15-01-2026,20.15999984741211,20.59000015258789,20.14999961853028,20.39999961853028,1308300
16-01-2026,20.049999237060547,20.299999237060547,19.89999961853028,20.0,602900
20-01-2026,19.84000015258789,20.100000381469727,19.6200008392334,19.82999992370605,566900
21-01-2026,19.8700008392334,20.21999931335449,19.75,20.01000022888184,520900
22-01-2026,20.030000686645508,20.11000061035156,19.82999992370605,19.959999084472656,555500
23-01-2026,19.790000915527344,19.920000076293945,19.14999961853028,19.31999969482422,828600
26-01-2026,19.5,19.799999237060547,19.3799991607666,19.5,390700
27-01-2026,19.64999961853028,20.030000686645508,19.520000457763672,19.770000457763672,437000
28-01-2026,19.790000915527344,20.32999992370605,19.690000534057617,20.13999938964844,506500
29-01-2026,20.3799991607666,20.920000076293945,20.229999542236328,20.57999992370605,529100
30-01-2026,20.5,20.61000061035156,20.209999084472656,20.40999984741211,557200
02-02-2026,20.5,20.68000030517578,20.31999969482422,20.440000534057617,598300
03-02-2026,20.459999084472656,20.780000686645508,20.020000457763672,20.190000534057617,496100
04-02-2026,20.3799991607666,20.489999771118164,20.059999465942383,20.290000915527344,838700
05-02-2026,20.40999984741211,20.780000686645508,19.82999992370605,20.489999771118164,869400
06-02-2026,20.6299991607666,20.93000030517578,20.540000915527344,20.790000915527344,642900
09-02-2026,20.799999237060547,20.88999938964844,19.61000061035156,19.63999938964844,749700
10-02-2026,19.690000534057617,20.1200008392334,19.31999969482422,20.01000022888184,526900
11-02-2026,20.030000686645508,20.3799991607666,19.81999969482422,20.34000015258789,512600
12-02-2026,20.520000457763672,20.600000381469727,20.01000022888184,20.59000015258789,771900
13-02-2026,20.540000915527344,20.690000534057617,19.89999961853028,20.51000022888184,539800
17-02-2026,20.479999542236328,21.030000686645508,20.479999542236328,20.989999771118164,504000
18-02-2026,20.770000457763672,20.959999084472656,20.350000381469727,20.56999969482422,573200
19-02-2026,21.479999542236328,22.61000061035156,21.299999237060547,22.01000022888184,768400
20-02-2026,22.11000061035156,22.18000030517578,21.100000381469727,21.450000762939453,1291000
23-02-2026,21.540000915527344,21.670000076293945,20.690000534057617,20.75,671900
24-02-2026,21.040000915527344,21.39999961853028,20.770000457763672,21.14999961853028,601600
25-02-2026,21.190000534057617,21.36000061035156,20.81999969482422,21.25,395900
26-02-2026,21.56999969482422,21.6200008392334,21.13999938964844,21.26000022888184,502700
27-02-2026,20.979999542236328,21.36000061035156,20.89999961853028,21.13999938964844,776000
02-03-2026,21.01000022888184,21.809999465942383,20.84000015258789,21.489999771118164,654300
03-03-2026,21.06999969482422,21.13999938964844,20.56999969482422,21.030000686645508,540400
04-03-2026,20.940000534057617,21.31999969482422,20.68000030517578,21.239999771118164,842100
05-03-2026,21.31999969482422,21.489999771118164,21.030000686645508,21.100000381469727,805300
06-03-2026,21.100000381469727,21.100000381469727,20.350000381469727,20.89999961853028,476800
09-03-2026,20.81999969482422,20.920000076293945,20.420000076293945,20.709999084472656,763400
10-03-2026,20.5,20.89999961853028,20.46999931335449,20.61000061035156,603700
11-03-2026,20.549999237060547,20.6200008392334,20.049999237060547,20.3700008392334,442000
12-03-2026,20.059999465942383,20.5,19.690000534057617,20.200000762939453,706700
13-03-2026,20.32999992370605,20.46999931335449,20.190000534057617,20.36000061035156,569800
16-03-2026,20.549999237060547,20.799999237060547,20.280000686645508,20.31999969482422,644300
17-03-2026,20.61000061035156,20.850000381469727,20.51000022888184,20.64999961853028,659100
18-03-2026,20.57999992370605,20.75,20.25,20.46999931335449,759900
19-03-2026,20.420000076293945,20.690000534057617,20.1299991607666,20.25,510600
20-03-2026,20.209999084472656,20.39999961853028,20.059999465942383,20.3799991607666,1685600
23-03-2026,20.809999465942383,21.170000076293945,20.76000022888184,20.950000762939453,644000
24-03-2026,20.100000381469727,21.36000061035156,20.0,21.15999984741211,563900
25-03-2026,21.350000381469727,21.549999237060547,21.290000915527344,21.51000022888184,500300
26-03-2026,21.450000762939453,21.729999542236328,20.8700008392334,21.290000915527344,581000
27-03-2026,21.270000457763672,21.440000534057617,20.790000915527344,20.809999465942383,436900
30-03-2026,20.90999984741211,21.25,20.71999931335449,21.170000076293945,628300
31-03-2026,21.420000076293945,21.56999969482422,20.96999931335449,21.540000915527344,717300
01-04-2026,21.489999771118164,21.81999969482422,21.299999237060547,21.6200008392334,693800
02-04-2026,21.239999771118164,22.200000762939453,21.200000762939453,22.190000534057617,700800
06-04-2026,22.0,22.86000061035156,22.0,22.809999465942383,608800
07-04-2026,22.959999084472656,23.31999969482422,22.770000457763672,22.88999938964844,1010300
08-04-2026,23.309999465942383,23.420000076293945,23.1200008392334,23.239999771118164,1035600
09-04-2026,23.13999938964844,23.420000076293945,22.940000534057617,23.09000015258789,1018600
10-04-2026,23.020000457763672,23.25,22.729999542236328,22.82999992370605,765100
13-04-2026,22.6299991607666,22.75,22.36000061035156,22.670000076293945,651800
14-04-2026,22.56999969482422,22.8700008392334,22.479999542236328,22.540000915527344,458100
15-04-2026,22.530000686645508,22.950000762939453,22.190000534057617,22.76000022888184,442500
16-04-2026,22.709999084472656,23.100000381469727,22.3700008392334,22.68000030517578,910900
17-04-2026,22.770000457763672,23.600000381469727,22.739999771118164,23.280000686645508,1430000
20-04-2026,23.290000915527344,23.65999984741211,23.290000915527344,23.350000381469727,702900
21-04-2026,23.3799991607666,23.59000015258789,23.239999771118164,23.540000915527344,669900
22-04-2026,23.5,23.540000915527344,23.270000457763672,23.520000457763672,601200
23-04-2026,23.51000022888184,23.63999938964844,23.190000534057617,23.3700008392334,636600
24-04-2026,23.239999771118164,23.850000381469727,23.14999961853028,23.76000022888184,461200
27-04-2026,23.57999992370605,23.96999931335449,23.38999938964844,23.43000030517578,674200
28-04-2026,23.690000534057617,23.950000762939453,23.40999984741211,23.770000457763672,618100
29-04-2026,23.65999984741211,23.88999938964844,23.26000022888184,23.290000915527344,518000
30-04-2026,23.059999465942383,23.559999465942383,22.81999969482422,23.40999984741211,532500
01-05-2026,23.57999992370605,23.8799991607666,23.229999542236328,23.25,510000
04-05-2026,23.100000381469727,23.32999992370605,22.709999084472656,22.770000457763672,474600
05-05-2026,22.86000061035156,23.540000915527344,22.81999969482422,23.270000457763672,515800
06-05-2026,23.43000030517578,23.57999992370605,23.190000534057617,23.280000686645508,470100
07-05-2026,23.229999542236328,23.739999771118164,23.13999938964844,23.489999771118164,717000
08-05-2026,22.780000686645508,23.549999237060547,21.76000022888184,23.450000762939453,772600
11-05-2026,23.51000022888184,24.0,22.84000015258789,23.01000022888184,952400
12-05-2026,23.1200008392334,23.190000534057617,22.739999771118164,22.84000015258789,832800
13-05-2026,22.75,22.979999542236328,22.31999969482422,22.440000534057617,694400
14-05-2026,22.90999984741211,23.100000381469727,22.559999465942383,22.670000076293945,946100
15-05-2026,22.670000076293945,23.059999465942383,22.600000381469727,22.959999084472656,1098200
18-05-2026,22.950000762939453,23.93000030517578,22.920000076293945,23.86000061035156,1078700
19-05-2026,23.84000015258789,24.31999969482422,23.57999992370605,23.690000534057617,699500
20-05-2026,23.790000915527344,23.979999542236328,23.530000686645508,23.68000030517578,797500
21-05-2026,23.459999084472656,23.57999992370605,23.170000076293945,23.530000686645508,1046400
22-05-2026,23.51000022888184,23.68000030517578,23.229999542236328,23.31999969482422,728400
26-05-2026,23.3700008392334,23.690000534057617,23.049999237060547,23.1200008392334,629800
27-05-2026,23.18000030517578,23.420000076293945,22.51000022888184,22.549999237060547,562200
28-05-2026,22.39999961853028,22.56999969482422,21.63999938964844,21.63999938964844,812600
29-05-2026,21.479999542236328,21.709999084472656,21.25,21.350000381469727,785800
01-06-2026,21.350000381469727,21.489999771118164,20.84000015258789,20.920000076293945,850600
02-06-2026,20.780000686645508,21.209999084472656,20.739999771118164,20.75,500600
03-06-2026,20.6200008392334,20.850000381469727,20.3799991607666,20.43000030517578,673900
04-06-2026,20.780000686645508,21.190000534057617,20.780000686645508,21.030000686645508,686200
05-06-2026,21.21999931335449,21.84000015258789,21.049999237060547,21.71999931335449,439300
08-06-2026,21.71999931335449,22.020000457763672,21.520000457763672,21.850000381469727,539000
09-06-2026,22.040000915527344,22.3700008392334,22.030000686645508,22.18000030517578,572200
10-06-2026,22.43000030517578,23.530000686645508,22.43000030517578,23.26000022888184,1159500
11-06-2026,23.450000762939453,24.049999237060547,23.350000381469727,23.690000534057617,851600
12-06-2026,23.770000457763672,23.940000534057617,23.3799991607666,23.3799991607666,570600
15-06-2026,23.299999237060547,23.520000457763672,22.84000015258789,23.170000076293945,740000
16-06-2026,23.3700008392334,23.600000381469727,23.15999984741211,23.280000686645508,1017100
17-06-2026,23.06999969482422,23.450000762939453,22.690000534057617,23.040000915527344,678300
18-06-2026,23.059999465942383,23.100000381469727,22.59000015258789,22.76000022888184,1734500
22-06-2026,22.90999984741211,23.280000686645508,22.71999931335449,22.790000915527344,814200
23-06-2026,23.049999237060547,23.739999771118164,22.8799991607666,23.63999938964844,1251400
24-06-2026,23.65999984741211,24.040000915527344,23.420000076293945,23.440000534057617,872200
25-06-2026,23.459999084472656,23.71999931335449,22.84000015258789,23.059999465942383,685600
26-06-2026,23.15999984741211,24.100000381469727,23.15999984741211,23.850000381469727,2553600
29-06-2026,23.799999237060547,24.36000061035156,23.71999931335449,23.96999931335449,984300
30-06-2026,23.979999542236328,24.13999938964844,23.799999237060547,24.0,855600
01-07-2026,24.229999542236328,24.57999992370605,23.709999084472656,23.75,962400
02-07-2026,23.850000381469727,24.6299991607666,23.68000030517578,24.6299991607666,605900
06-07-2026,24.600000381469727,24.739999771118164,24.3700008392334,24.549999237060547,682000
07-07-2026,24.75,25.0,24.40999984741211,24.489999771118164,796600
08-07-2026,24.31999969482422,24.71999931335449,24.290000915527344,24.479999542236328,1105100
09-07-2026,24.26000022888184,24.39999961853028,23.84000015258789,24.39999961853028,698400
10-07-2026,24.479999542236328,24.76000022888184,24.209999084472656,24.64999961853028,599100
13-07-2026,24.89999961853028,25.239999771118164,24.65999984741211,25.18000030517578,484800
14-07-2026,25.07999992370605,25.34000015258789,24.6200008392334,24.729999542236328,466100
15-07-2026,24.51000022888184,24.6299991607666,23.959999084472656,24.229999542236328,575900
16-07-2026,24.31999969482422,25.11000061035156,24.31999969482422,24.809999465942383,1169600
17-07-2026,24.700000762939453,25.39999961853028,24.700000762939453,24.89999961853028,672900
20-07-2026,24.86000061035156,25.100000381469727,24.6299991607666,24.65999984741211,492700
21-07-2026,24.56999969482422,24.82999992370605,24.170000076293945,24.489999771118164,688900
22-07-2026,24.549999237060547,24.65999984741211,24.25,24.549999237060547,593200
23-07-2026,24.31999969482422,24.989999771118164,24.1299991607666,24.75,941500
24-07-2026,25.020000457763672,25.420000076293945,24.8700008392334,25.350000381469727,458400
27-07-2026,25.299999237060547,25.82999992370605,25.25,25.63999938964844,578800
28-07-2026,25.82999992370605,26.479999542236328,25.82999992370605,26.309999465942383,603000
29-07-2026,26.100000381469727,26.229999542236328,25.51000022888184,25.809999465942383,929600
30-07-2026,24.93000030517578,25.729999542236328,23.200000762939453,23.65999984741211,1579100
31-07-2026,23.5,23.799999237060547,23.229999542236328,23.64999961853028,1038000
03-08-2026,23.309999465942383,23.89999961853028,23.309999465942383,23.63999938964844,607800
04-08-2026,23.59000015258789,24.15999984741211,23.57999992370605,23.93000030517578,612200
05-08-2026,23.959999084472656,24.1299991607666,23.489999771118164,23.61000061035156,540400
06-08-2026,23.8799991607666,23.959999084472656,23.57999992370605,23.63999938964844,416000
07-08-2026,23.450000762939453,23.65999984741211,22.950000762939453,23.030000686645508,450200
10-08-2026,22.89999961853028,23.11000061035156,22.46999931335449,22.68000030517578,477200
11-08-2026,22.700000762939453,22.8799991607666,22.549999237060547,22.549999237060547,661300
12-08-2026,22.36000061035156,22.920000076293945,22.36000061035156,22.89999961853028,622000
13-08-2026,23.13999938964844,23.31999969482422,22.959999084472656,23.229999542236328,737200
14-08-2026,23.13999938964844,23.799999237060547,23.13999938964844,23.71999931335449,502500
17-08-2026,23.540000915527344,24.13999938964844,23.270000457763672,23.450000762939453,917100
18-08-2026,23.700000762939453,24.13999938964844,23.459999084472656,23.549999237060547,631700
19-08-2026,23.64999961853028,23.790000915527344,23.309999465942383,23.3799991607666,410200
20-08-2026,23.25,23.76000022888184,23.209999084472656,23.600000381469727,541000
21-08-2026,23.64999961853028,23.76000022888184,23.440000534057617,23.6299991607666,787500
24-08-2026,23.75,24.25,23.63999938964844,24.020000457763672,371300
25-08-2026,24.07999992370605,24.07999992370605,23.76000022888184,23.959999084472656,337900
26-08-2026,24.0,24.13999938964844,23.76000022888184,23.979999542236328,591500
27-08-2026,23.739999771118164,24.209999084472656,23.530000686645508,24.06999969482422,432400
28-08-2026,24.239999771118164,24.46999931335449,23.93000030517578,24.18000030517578,415800
31-08-2026,24.15999984741211,24.280000686645508,24.09000015258789,24.190000534057617,555300
01-09-2026,24.450000762939453,24.520000457763672,24.190000534057617,24.40999984741211,427600
02-09-2026,24.5,24.770000457763672,24.270000457763672,24.31999969482422,753800
03-09-2026,24.65999984741211,25.07999992370605,24.6299991607666,24.84000015258789,575700
04-09-2026,24.549999237060547,24.700000762939453,23.89999961853028,24.479999542236328,868500
08-09-2026,24.209999084472656,24.520000457763672,24.059999465942383,24.14999961853028,494800
09-09-2026,24.059999465942383,24.270000457763672,23.71999931335449,24.26000022888184,552300
10-09-2026,24.280000686645508,24.479999542236328,24.07999992370605,24.36000061035156,564700
11-09-2026,24.71999931335449,24.71999931335449,23.93000030517578,24.200000762939453,826100
14-09-2026,24.520000457763672,24.690000534057617,24.3700008392334,24.6200008392334,1317300
15-09-2026,24.520000457763672,24.809999465942383,24.3700008392334,24.670000076293945,640500
16-09-2026,24.61000061035156,24.780000686645508,24.100000381469727,24.46999931335449,1131100
17-09-2026,24.68,24.74,24.24,24.43,710400
18-09-2026,24.35,24.75,24.11,24.75,3508100
21-09-2026,24.72,25.22,24.69,25.17,1979400
22-09-2026,25.91,26.16,25.41,25.48,2729500
23-09-2026,25.49,25.84,25.33,25.42,1049100
24-09-2026,25.65,26.5,25.59,25.8,1664100
25-09-2026,25.91,26.08,25.32,25.38,703000
28-09-2026,25.33,25.77,24.79,24.83,600800
29-09-2026,24.7,24.91,24.57,24.84,702800
30-09-2026,24.87,24.93,24.24,24.25,908900
01-10-2026,24.23,24.78,24.2,24.41,568700
02-10-2026,24.58,24.76,24.38,24.42,912500
05-10-2026,24.4,24.77,24.25,24.5,845900
