Date,Open,High,Low,Close,Volume
30-09-2021,25.809999465942383,26.030000686645508,25.36000061035156,25.450000762939453,511400
01-10-2021,25.450000762939453,27.739999771118164,25.450000762939453,27.559999465942383,561300
04-10-2021,27.540000915527344,28.229999542236328,27.18000030517578,27.81999969482422,412600
05-10-2021,27.850000381469727,27.88999938964844,27.030000686645508,27.170000076293945,369800
06-10-2021,26.799999237060547,27.209999084472656,26.690000534057617,26.96999931335449,290500
07-10-2021,27.459999084472656,29.64999961853028,27.43000030517578,29.63999938964844,491700
08-10-2021,29.670000076293945,30.76000022888184,29.290000915527344,30.57999992370605,611400
11-10-2021,30.850000381469727,31.299999237060547,29.729999542236328,29.739999771118164,312100
12-10-2021,29.68000030517578,29.84000015258789,29.020000457763672,29.13999938964844,299000
13-10-2021,29.18000030517578,29.3700008392334,28.520000457763672,28.89999961853028,332000
14-10-2021,29.049999237060547,29.56999969482422,28.670000076293945,29.540000915527344,396000
15-10-2021,29.850000381469727,30.299999237060547,29.5,29.81999969482422,430300
18-10-2021,29.690000534057617,30.43000030517578,29.56999969482422,29.65999984741211,417100
19-10-2021,29.850000381469727,29.920000076293945,29.479999542236328,29.88999938964844,332000
20-10-2021,29.790000915527344,30.90999984741211,29.75,30.89999961853028,324600
21-10-2021,31.11000061035156,31.780000686645508,30.90999984741211,31.76000022888184,310700
22-10-2021,31.670000076293945,31.8799991607666,31.40999984741211,31.82999992370605,277700
25-10-2021,32.060001373291016,32.31999969482422,31.90999984741211,32.310001373291016,201300
26-10-2021,32.27000045776367,32.27000045776367,31.34000015258789,31.34000015258789,283900
27-10-2021,31.030000686645508,31.26000022888184,30.39999961853028,30.459999084472656,223600
28-10-2021,30.6299991607666,32.09000015258789,30.56999969482422,31.86000061035156,303300
29-10-2021,31.1299991607666,31.920000076293945,29.84000015258789,30.549999237060547,365600
01-11-2021,31.38999938964844,31.6200008392334,30.690000534057617,31.040000915527344,459400
02-11-2021,31.020000457763672,31.520000457763672,30.43000030517578,30.540000915527344,366300
03-11-2021,30.5,32.08000183105469,30.420000076293945,32.0,395500
04-11-2021,31.920000076293945,32.16999816894531,31.07999992370605,31.770000457763672,323900
05-11-2021,32.15999984741211,33.36000061035156,32.15999984741211,32.689998626708984,271200
08-11-2021,32.939998626708984,33.15999984741211,32.09000015258789,32.400001525878906,216100
09-11-2021,32.27000045776367,32.75,31.799999237060547,32.38999938964844,220000
10-11-2021,32.310001373291016,32.52000045776367,31.68000030517578,31.90999984741211,210900
11-11-2021,32.13999938964844,32.349998474121094,31.489999771118164,32.060001373291016,155300
12-11-2021,32.04999923706055,32.04999923706055,31.200000762939453,31.57999992370605,224000
15-11-2021,31.780000686645508,32.16999816894531,31.34000015258789,31.559999465942383,298200
16-11-2021,31.57999992370605,31.68000030517578,31.040000915527344,31.559999465942383,315800
17-11-2021,31.3700008392334,31.75,30.030000686645508,30.06999969482422,514900
18-11-2021,30.06999969482422,30.89999961853028,29.850000381469727,30.520000457763672,300900
19-11-2021,30.06999969482422,30.59000015258789,29.770000457763672,30.540000915527344,344900
22-11-2021,30.75,31.790000915527344,30.540000915527344,30.81999969482422,526400
23-11-2021,31.040000915527344,31.420000076293945,30.559999465942383,31.0,242700
24-11-2021,30.75,31.3700008392334,30.350000381469727,30.979999542236328,252500
26-11-2021,30.059999465942383,30.15999984741211,28.36000061035156,29.290000915527344,317900
29-11-2021,30.030000686645508,30.5,28.82999992370605,29.1200008392334,282800
30-11-2021,28.6299991607666,29.040000915527344,28.020000457763672,28.270000457763672,371400
01-12-2021,29.14999961853028,29.489999771118164,27.809999465942383,27.82999992370605,259900
02-12-2021,28.06999969482422,29.530000686645508,27.8799991607666,29.0,411300
03-12-2021,29.170000076293945,29.43000030517578,26.729999542236328,26.979999542236328,413400
06-12-2021,27.46999931335449,27.71999931335449,26.75,27.040000915527344,474100
07-12-2021,27.84000015258789,27.84000015258789,26.56999969482422,26.790000915527344,356900
08-12-2021,27.020000457763672,27.21999931335449,26.39999961853028,26.65999984741211,533800
09-12-2021,26.5,26.6299991607666,25.82999992370605,26.15999984741211,310900
10-12-2021,26.65999984741211,26.65999984741211,25.32999992370605,26.0,251000
13-12-2021,25.8799991607666,26.229999542236328,25.299999237060547,25.32999992370605,291100
14-12-2021,25.299999237060547,25.75,25.190000534057617,25.239999771118164,356900
15-12-2021,25.459999084472656,25.8700008392334,24.90999984741211,25.14999961853028,709300
16-12-2021,25.81999969482422,25.81999969482422,24.799999237060547,24.82999992370605,434400
17-12-2021,24.57999992370605,24.780000686645508,23.32999992370605,24.209999084472656,2171100
20-12-2021,23.82999992370605,23.82999992370605,22.799999237060547,23.209999084472656,385700
21-12-2021,23.51000022888184,24.489999771118164,23.5,24.13999938964844,379100
22-12-2021,24.09000015258789,24.88999938964844,23.950000762939453,24.790000915527344,209800
23-12-2021,24.96999931335449,25.3799991607666,24.799999237060547,24.81999969482422,131400
27-12-2021,24.920000076293945,25.38999938964844,24.71999931335449,25.38999938964844,188000
28-12-2021,25.25,25.56999969482422,25.030000686645508,25.049999237060547,168500
29-12-2021,24.8700008392334,25.520000457763672,24.81999969482422,25.51000022888184,262900
30-12-2021,25.65999984741211,25.88999938964844,25.280000686645508,25.299999237060547,196700
31-12-2021,25.15999984741211,25.440000534057617,25.06999969482422,25.309999465942383,218600
03-01-2022,25.549999237060547,26.34000015258789,25.270000457763672,25.68000030517578,278800
04-01-2022,25.65999984741211,26.51000022888184,25.65999984741211,25.96999931335449,244800
05-01-2022,25.989999771118164,26.600000381469727,25.959999084472656,26.01000022888184,340500
06-01-2022,26.209999084472656,27.200000762939453,26.09000015258789,27.1299991607666,393100
07-01-2022,27.11000061035156,27.59000015258789,26.88999938964844,27.280000686645508,498400
10-01-2022,27.21999931335449,27.299999237060547,26.450000762939453,26.770000457763672,324600
11-01-2022,26.75,27.06999969482422,26.489999771118164,26.75,281500
12-01-2022,27.51000022888184,29.82999992370605,27.489999771118164,29.59000015258789,686400
13-01-2022,29.540000915527344,31.729999542236328,29.540000915527344,30.950000762939453,936500
14-01-2022,30.600000381469727,32.189998626708984,30.43000030517578,32.119998931884766,519900
18-01-2022,32.0099983215332,32.689998626708984,31.06999969482422,31.13999938964844,503300
19-01-2022,31.46999931335449,32.11000061035156,29.90999984741211,30.0,344200
20-01-2022,30.100000381469727,30.82999992370605,29.13999938964844,29.309999465942383,414600
21-01-2022,28.88999938964844,29.56999969482422,28.459999084472656,28.600000381469727,421900
24-01-2022,28.049999237060547,29.3700008392334,27.93000030517578,29.25,479200
25-01-2022,28.8799991607666,28.920000076293945,27.86000061035156,28.15999984741211,512100
26-01-2022,28.5,29.100000381469727,27.709999084472656,28.06999969482422,444900
27-01-2022,28.059999465942383,28.459999084472656,26.600000381469727,26.75,476500
28-01-2022,26.799999237060547,27.940000534057617,26.40999984741211,27.549999237060547,483700
31-01-2022,27.6299991607666,30.1299991607666,27.5,29.81999969482422,596200
01-02-2022,29.709999084472656,30.479999542236328,29.309999465942383,30.3700008392334,462700
02-02-2022,30.5,31.07999992370605,29.81999969482422,31.0,626100
03-02-2022,30.350000381469727,31.56999969482422,30.229999542236328,30.43000030517578,478500
04-02-2022,30.729999542236328,31.049999237060547,29.84000015258789,30.799999237060547,449200
07-02-2022,30.950000762939453,31.520000457763672,30.549999237060547,30.780000686645508,451100
08-02-2022,31.040000915527344,31.350000381469727,30.739999771118164,31.0,447400
09-02-2022,31.049999237060547,31.049999237060547,30.200000762939453,30.31999969482422,344000
10-02-2022,30.100000381469727,30.420000076293945,29.059999465942383,29.459999084472656,623700
11-02-2022,29.39999961853028,29.440000534057617,28.32999992370605,28.57999992370605,421000
14-02-2022,28.959999084472656,29.56999969482422,28.51000022888184,29.15999984741211,368500
15-02-2022,29.600000381469727,30.770000457763672,29.51000022888184,30.34000015258789,272000
16-02-2022,29.920000076293945,30.3799991607666,29.61000061035156,30.049999237060547,209700
17-02-2022,29.61000061035156,29.739999771118164,28.57999992370605,28.670000076293945,243400
18-02-2022,28.59000015258789,29.8799991607666,28.5,29.299999237060547,431300
22-02-2022,29.200000762939453,29.82999992370605,28.65999984741211,29.190000534057617,334800
23-02-2022,29.64999961853028,30.1200008392334,28.56999969482422,28.68000030517578,246500
24-02-2022,27.38999938964844,28.36000061035156,25.13999938964844,28.290000915527344,264700
25-02-2022,28.63999938964844,29.530000686645508,28.63999938964844,29.350000381469727,206600
28-02-2022,28.709999084472656,29.36000061035156,28.6299991607666,29.299999237060547,355100
01-03-2022,28.950000762939453,29.34000015258789,26.82999992370605,27.520000457763672,685700
02-03-2022,27.88999938964844,29.790000915527344,27.86000061035156,29.520000457763672,358000
03-03-2022,29.59000015258789,29.59000015258789,28.31999969482422,28.530000686645508,207400
04-03-2022,27.82999992370605,27.82999992370605,26.239999771118164,26.71999931335449,270700
07-03-2022,26.5,26.88999938964844,24.26000022888184,24.350000381469727,584500
08-03-2022,24.959999084472656,26.34000015258789,24.1200008392334,24.82999992370605,535500
09-03-2022,25.8799991607666,26.420000076293945,25.670000076293945,26.18000030517578,425100
10-03-2022,25.84000015258789,27.38999938964844,25.68000030517578,27.229999542236328,376200
11-03-2022,27.700000762939453,28.39999961853028,27.15999984741211,27.270000457763672,323700
14-03-2022,27.940000534057617,28.479999542236328,27.84000015258789,28.229999542236328,342400
15-03-2022,28.540000915527344,28.89999961853028,27.690000534057617,28.559999465942383,356200
16-03-2022,29.06999969482422,30.09000015258789,28.979999542236328,29.739999771118164,397000
17-03-2022,29.229999542236328,29.950000762939453,28.959999084472656,29.93000030517578,181000
18-03-2022,29.61000061035156,29.61000061035156,28.93000030517578,29.559999465942383,499100
21-03-2022,29.790000915527344,29.850000381469727,28.90999984741211,29.309999465942383,242800
22-03-2022,29.75,30.559999465942383,29.71999931335449,30.270000457763672,329400
23-03-2022,30.09000015258789,30.1299991607666,28.56999969482422,28.729999542236328,306600
24-03-2022,29.049999237060547,29.39999961853028,28.5,29.32999992370605,161000
25-03-2022,29.040000915527344,30.309999465942383,29.040000915527344,30.06999969482422,206000
28-03-2022,29.81999969482422,30.309999465942383,28.309999465942383,29.8700008392334,266400
29-03-2022,30.549999237060547,31.14999961853028,29.6299991607666,30.790000915527344,527600
30-03-2022,30.59000015258789,30.850000381469727,28.75,29.520000457763672,587700
31-03-2022,29.34000015258789,29.71999931335449,28.309999465942383,28.32999992370605,463800
01-04-2022,28.690000534057617,28.989999771118164,28.309999465942383,28.46999931335449,334700
04-04-2022,28.56999969482422,28.56999969482422,27.459999084472656,27.61000061035156,330200
05-04-2022,27.799999237060547,28.14999961853028,27.36000061035156,27.38999938964844,298600
06-04-2022,27.0,27.46999931335449,26.38999938964844,26.420000076293945,386100
07-04-2022,26.540000915527344,26.540000915527344,25.690000534057617,25.790000915527344,550800
08-04-2022,25.770000457763672,26.350000381469727,25.549999237060547,25.82999992370605,206400
11-04-2022,25.81999969482422,26.520000457763672,25.6299991607666,25.82999992370605,347700
12-04-2022,26.01000022888184,26.39999961853028,25.3799991607666,25.549999237060547,296000
13-04-2022,25.299999237060547,26.14999961853028,25.200000762939453,25.88999938964844,510600
14-04-2022,25.93000030517578,26.239999771118164,25.209999084472656,25.229999542236328,228200
18-04-2022,25.14999961853028,25.479999542236328,24.940000534057617,25.270000457763672,241200
19-04-2022,25.489999771118164,26.59000015258789,25.489999771118164,26.3799991607666,381400
20-04-2022,26.489999771118164,26.90999984741211,26.26000022888184,26.270000457763672,199800
21-04-2022,26.540000915527344,26.93000030517578,25.459999084472656,25.530000686645508,235100
22-04-2022,25.32999992370605,25.61000061035156,24.64999961853028,24.71999931335449,191500
25-04-2022,24.350000381469727,24.89999961853028,23.82999992370605,24.850000381469727,530600
26-04-2022,24.43000030517578,24.790000915527344,23.51000022888184,23.65999984741211,350700
27-04-2022,23.6299991607666,23.989999771118164,23.440000534057617,23.65999984741211,288400
28-04-2022,24.0,24.739999771118164,23.690000534057617,24.540000915527344,314700
29-04-2022,24.1200008392334,24.61000061035156,22.559999465942383,22.690000534057617,415000
02-05-2022,22.6200008392334,22.84000015258789,21.68000030517578,22.0,615900
03-05-2022,21.940000534057617,22.229999542236328,21.530000686645508,21.940000534057617,706100
04-05-2022,22.1200008392334,22.75,21.38999938964844,22.489999771118164,324300
05-05-2022,22.14999961853028,22.14999961853028,20.25,20.670000076293945,445700
06-05-2022,20.59000015258789,20.8700008392334,20.01000022888184,20.450000762939453,480100
09-05-2022,20.020000457763672,20.450000762939453,19.440000534057617,19.65999984741211,534200
10-05-2022,19.600000381469727,20.18000030517578,18.739999771118164,19.059999465942383,546100
11-05-2022,19.13999938964844,19.850000381469727,18.700000762939453,18.770000457763672,318500
12-05-2022,18.68000030517578,19.0,18.020000457763672,18.489999771118164,458800
13-05-2022,19.14999961853028,19.270000457763672,18.780000686645508,18.89999961853028,378400
16-05-2022,18.71999931335449,18.989999771118164,18.270000457763672,18.530000686645508,382900
17-05-2022,19.059999465942383,19.540000915527344,18.979999542236328,19.350000381469727,372400
18-05-2022,18.88999938964844,19.1299991607666,18.270000457763672,18.81999969482422,594300
19-05-2022,18.520000457763672,18.950000762939453,18.299999237060547,18.440000534057617,466900
20-05-2022,18.700000762939453,18.809999465942383,18.100000381469727,18.46999931335449,375800
23-05-2022,19.040000915527344,19.36000061035156,18.63999938964844,19.06999969482422,546200
24-05-2022,18.89999961853028,19.0,18.18000030517578,18.940000534057617,280500
25-05-2022,18.90999984741211,19.799999237060547,18.88999938964844,19.56999969482422,346200
26-05-2022,19.739999771118164,20.459999084472656,19.68000030517578,20.40999984741211,360400
27-05-2022,20.59000015258789,21.100000381469727,20.43000030517578,20.770000457763672,371300
31-05-2022,20.75,21.11000061035156,20.39999961853028,20.82999992370605,481100
01-06-2022,20.88999938964844,20.90999984741211,19.86000061035156,20.21999931335449,262200
02-06-2022,20.209999084472656,20.82999992370605,20.01000022888184,20.739999771118164,230300
03-06-2022,20.5,20.690000534057617,20.209999084472656,20.38999938964844,274400
06-06-2022,20.700000762939453,20.96999931335449,20.5,20.670000076293945,241400
07-06-2022,20.34000015258789,21.020000457763672,20.270000457763672,20.96999931335449,182400
08-06-2022,20.770000457763672,21.0,20.56999969482422,20.59000015258789,285300
09-06-2022,20.559999465942383,20.61000061035156,19.39999961853028,19.43000030517578,313300
10-06-2022,18.959999084472656,19.280000686645508,18.46999931335449,18.71999931335449,272600
13-06-2022,18.049999237060547,18.38999938964844,17.649999618530273,17.90999984741211,261600
14-06-2022,18.059999465942383,18.690000534057617,17.579999923706055,17.899999618530273,377200
15-06-2022,18.190000534057617,18.450000762939453,17.3799991607666,18.06999969482422,517900
16-06-2022,17.6299991607666,17.6299991607666,16.600000381469727,16.690000534057617,521800
17-06-2022,16.969999313354492,17.200000762939453,16.59000015258789,16.90999984741211,999100
21-06-2022,17.6200008392334,18.11000061035156,17.209999084472656,17.899999618530273,464800
22-06-2022,17.549999237060547,18.559999465942383,17.540000915527344,18.549999237060547,889200
23-06-2022,18.479999542236328,18.8799991607666,18.26000022888184,18.71999931335449,554500
24-06-2022,18.940000534057617,20.06999969482422,18.89999961853028,19.68000030517578,1223700
27-06-2022,19.76000022888184,19.799999237060547,18.1200008392334,19.549999237060547,408100
28-06-2022,19.729999542236328,20.059999465942383,19.34000015258789,19.57999992370605,566900
29-06-2022,19.63999938964844,19.770000457763672,19.1299991607666,19.600000381469727,431300
30-06-2022,19.0,20.07999992370605,18.75,19.520000457763672,545900
01-07-2022,19.51000022888184,20.21999931335449,18.76000022888184,20.15999984741211,418100
05-07-2022,19.559999465942383,20.420000076293945,19.40999984741211,20.39999961853028,451000
06-07-2022,20.31999969482422,20.56999969482422,20.030000686645508,20.14999961853028,362600
07-07-2022,20.3700008392334,20.799999237060547,20.170000076293945,20.350000381469727,314100
08-07-2022,20.420000076293945,20.71999931335449,20.059999465942383,20.440000534057617,386400
11-07-2022,20.34000015258789,20.559999465942383,20.25,20.280000686645508,442100
12-07-2022,20.01000022888184,20.489999771118164,20.01000022888184,20.290000915527344,364200
13-07-2022,19.799999237060547,20.239999771118164,19.790000915527344,19.989999771118164,372700
14-07-2022,19.549999237060547,19.950000762939453,19.5,19.86000061035156,323800
15-07-2022,20.36000061035156,21.14999961853028,20.100000381469727,21.049999237060547,394300
18-07-2022,21.34000015258789,21.739999771118164,20.6200008392334,21.350000381469727,375400
19-07-2022,21.61000061035156,22.59000015258789,21.479999542236328,22.520000457763672,351600
20-07-2022,22.459999084472656,23.100000381469727,22.14999961853028,22.989999771118164,488200
21-07-2022,22.940000534057617,23.1299991607666,22.57999992370605,23.049999237060547,442900
22-07-2022,23.0,23.170000076293945,22.549999237060547,22.89999961853028,549200
25-07-2022,22.989999771118164,23.61000061035156,22.64999961853028,23.21999931335449,493400
26-07-2022,22.940000534057617,23.270000457763672,22.89999961853028,22.989999771118164,296900
27-07-2022,23.07999992370605,24.209999084472656,23.07999992370605,24.040000915527344,311900
28-07-2022,23.86000061035156,24.100000381469727,23.270000457763672,23.71999931335449,635400
29-07-2022,23.530000686645508,25.059999465942383,23.38999938964844,24.600000381469727,497100
01-08-2022,24.38999938964844,24.739999771118164,24.01000022888184,24.350000381469727,371400
02-08-2022,24.059999465942383,24.440000534057617,23.5,23.8700008392334,304900
03-08-2022,24.200000762939453,24.81999969482422,23.8700008392334,24.6299991607666,407400
04-08-2022,24.520000457763672,24.729999542236328,23.799999237060547,24.559999465942383,249100
05-08-2022,24.540000915527344,24.8799991607666,24.21999931335449,24.709999084472656,342700
08-08-2022,24.770000457763672,25.030000686645508,24.25,24.46999931335449,351700
09-08-2022,24.31999969482422,24.530000686645508,23.700000762939453,23.780000686645508,462100
10-08-2022,24.34000015258789,24.75,24.06999969482422,24.07999992370605,433300
11-08-2022,23.979999542236328,24.559999465942383,23.979999542236328,24.540000915527344,294400
12-08-2022,24.68000030517578,25.239999771118164,24.34000015258789,25.200000762939453,268800
15-08-2022,24.989999771118164,25.790000915527344,24.780000686645508,25.770000457763672,264600
16-08-2022,25.540000915527344,26.59000015258789,25.540000915527344,26.270000457763672,329900
17-08-2022,25.93000030517578,26.020000457763672,25.36000061035156,25.89999961853028,323300
18-08-2022,25.850000381469727,25.96999931335449,25.3700008392334,25.530000686645508,453100
19-08-2022,25.190000534057617,25.190000534057617,24.38999938964844,24.520000457763672,307600
22-08-2022,24.020000457763672,24.1299991607666,23.71999931335449,23.780000686645508,216900
23-08-2022,23.8799991607666,24.14999961853028,23.71999931335449,23.76000022888184,211700
24-08-2022,23.75,24.38999938964844,23.540000915527344,23.940000534057617,204000
25-08-2022,24.06999969482422,24.51000022888184,23.739999771118164,24.26000022888184,173200
26-08-2022,24.3799991607666,24.6200008392334,23.65999984741211,23.770000457763672,225900
29-08-2022,23.51000022888184,23.8799991607666,23.40999984741211,23.64999961853028,199300
30-08-2022,23.82999992370605,23.93000030517578,23.450000762939453,23.850000381469727,247400
31-08-2022,24.01000022888184,24.059999465942383,23.71999931335449,23.71999931335449,245200
01-09-2022,23.61000061035156,23.709999084472656,23.1299991607666,23.670000076293945,255000
02-09-2022,24.06999969482422,24.459999084472656,23.440000534057617,23.59000015258789,188500
06-09-2022,23.600000381469727,24.25,22.64999961853028,22.940000534057617,308400
07-09-2022,22.850000381469727,23.299999237060547,22.729999542236328,23.280000686645508,249300
08-09-2022,22.979999542236328,23.940000534057617,22.88999938964844,23.729999542236328,205100
09-09-2022,23.88999938964844,24.5,23.71999931335449,24.3700008392334,185500
12-09-2022,24.39999961853028,24.700000762939453,24.01000022888184,24.229999542236328,230800
13-09-2022,23.46999931335449,23.59000015258789,23.040000915527344,23.170000076293945,308200
14-09-2022,23.18000030517578,23.270000457763672,22.6200008392334,22.8799991607666,214900
15-09-2022,22.8799991607666,23.690000534057617,22.8799991607666,23.40999984741211,229100
16-09-2022,23.01000022888184,23.229999542236328,22.440000534057617,23.14999961853028,747700
19-09-2022,22.920000076293945,23.729999542236328,22.559999465942383,23.479999542236328,262200
20-09-2022,23.21999931335449,23.90999984741211,23.21999931335449,23.790000915527344,168400
21-09-2022,23.920000076293945,24.450000762939453,23.56999969482422,23.61000061035156,205600
22-09-2022,23.6200008392334,23.68000030517578,22.6299991607666,22.89999961853028,190100
23-09-2022,22.530000686645508,22.729999542236328,22.1299991607666,22.489999771118164,198600
26-09-2022,22.280000686645508,22.75,22.09000015258789,22.239999771118164,183500
27-09-2022,22.440000534057617,22.76000022888184,21.81999969482422,22.059999465942383,173800
28-09-2022,22.1200008392334,22.670000076293945,21.940000534057617,22.39999961853028,262200
29-09-2022,22.06999969482422,22.18000030517578,21.59000015258789,22.030000686645508,201400
30-09-2022,22.040000915527344,22.709999084472656,21.940000534057617,21.979999542236328,229900
03-10-2022,22.13999938964844,22.96999931335449,21.76000022888184,22.600000381469727,318100
04-10-2022,22.809999465942383,23.809999465942383,22.809999465942383,23.709999084472656,282500
05-10-2022,23.270000457763672,23.57999992370605,23.09000015258789,23.56999969482422,207200
06-10-2022,23.32999992370605,23.690000534057617,23.299999237060547,23.350000381469727,173400
07-10-2022,23.13999938964844,23.21999931335449,22.57999992370605,22.68000030517578,261300
10-10-2022,22.76000022888184,23.299999237060547,22.739999771118164,22.850000381469727,141700
11-10-2022,22.71999931335449,23.559999465942383,22.11000061035156,23.36000061035156,255200
12-10-2022,23.38999938964844,23.51000022888184,22.799999237060547,23.200000762939453,209200
13-10-2022,22.780000686645508,24.36000061035156,22.56999969482422,24.299999237060547,219100
14-10-2022,24.549999237060547,24.88999938964844,24.059999465942383,24.200000762939453,287600
17-10-2022,24.57999992370605,25.40999984741211,24.479999542236328,25.34000015258789,260900
18-10-2022,25.850000381469727,26.049999237060547,24.989999771118164,25.21999931335449,304000
19-10-2022,24.8700008392334,25.200000762939453,24.299999237060547,24.71999931335449,209500
20-10-2022,24.600000381469727,24.86000061035156,23.3700008392334,23.89999961853028,300000
21-10-2022,24.07999992370605,24.3799991607666,23.670000076293945,24.15999984741211,351800
24-10-2022,24.46999931335449,25.270000457763672,24.239999771118164,25.030000686645508,239700
25-10-2022,24.90999984741211,25.459999084472656,24.739999771118164,25.15999984741211,349100
26-10-2022,25.11000061035156,25.61000061035156,25.11000061035156,25.200000762939453,218100
27-10-2022,25.3700008392334,25.700000762939453,25.030000686645508,25.170000076293945,348100
28-10-2022,24.5,28.459999084472656,23.299999237060547,28.3700008392334,633700
31-10-2022,28.450000762939453,29.59000015258789,27.46999931335449,27.57999992370605,637100
01-11-2022,27.940000534057617,28.309999465942383,27.3799991607666,28.299999237060547,487200
02-11-2022,28.770000457763672,29.190000534057617,27.959999084472656,28.530000686645508,630400
03-11-2022,28.290000915527344,29.3700008392334,27.8799991607666,29.0,348200
04-11-2022,29.38999938964844,30.57999992370605,29.299999237060547,30.549999237060547,448500
07-11-2022,30.61000061035156,30.850000381469727,30.14999961853028,30.25,349000
08-11-2022,30.26000022888184,30.549999237060547,29.170000076293945,29.280000686645508,297000
09-11-2022,29.020000457763672,29.709999084472656,28.86000061035156,29.15999984741211,254500
10-11-2022,30.0,30.690000534057617,29.84000015258789,29.90999984741211,422600
11-11-2022,29.89999961853028,30.25,29.40999984741211,29.459999084472656,333900
14-11-2022,29.309999465942383,30.61000061035156,29.11000061035156,30.479999542236328,416700
15-11-2022,30.75,31.59000015258789,30.51000022888184,30.8799991607666,328800
16-11-2022,30.729999542236328,30.88999938964844,30.1299991607666,30.26000022888184,287100
17-11-2022,29.950000762939453,30.229999542236328,29.450000762939453,29.71999931335449,199200
18-11-2022,30.440000534057617,30.530000686645508,29.479999542236328,29.6200008392334,353600
21-11-2022,29.540000915527344,30.39999961853028,29.540000915527344,30.25,202000
22-11-2022,30.36000061035156,30.780000686645508,30.15999984741211,30.3799991607666,227500
23-11-2022,30.31999969482422,30.89999961853028,30.309999465942383,30.61000061035156,230200
25-11-2022,30.549999237060547,31.39999961853028,30.51000022888184,31.100000381469727,114800
28-11-2022,30.76000022888184,30.780000686645508,29.61000061035156,29.799999237060547,257100
29-11-2022,29.809999465942383,30.100000381469727,29.36000061035156,29.39999961853028,182200
30-11-2022,29.57999992370605,30.1299991607666,29.13999938964844,29.96999931335449,394000
01-12-2022,30.1200008392334,30.549999237060547,29.6200008392334,30.049999237060547,168500
02-12-2022,29.51000022888184,30.06999969482422,29.51000022888184,29.75,163900
05-12-2022,29.540000915527344,29.670000076293945,28.3799991607666,28.979999542236328,319300
06-12-2022,28.940000534057617,29.14999961853028,28.190000534057617,28.56999969482422,227900
07-12-2022,28.450000762939453,29.0,28.15999984741211,28.559999465942383,248100
08-12-2022,28.670000076293945,29.1299991607666,28.51000022888184,28.729999542236328,188100
09-12-2022,28.56999969482422,28.940000534057617,28.530000686645508,28.64999961853028,195600
12-12-2022,28.690000534057617,29.049999237060547,28.34000015258789,28.71999931335449,290500
13-12-2022,29.38999938964844,29.68000030517578,28.190000534057617,28.65999984741211,369800
14-12-2022,28.739999771118164,28.75,28.1200008392334,28.26000022888184,474300
15-12-2022,28.11000061035156,28.26000022888184,27.350000381469727,27.46999931335449,412500
16-12-2022,27.1200008392334,28.06999969482422,27.100000381469727,27.989999771118164,1097600
19-12-2022,27.940000534057617,28.11000061035156,27.65999984741211,28.020000457763672,237500
20-12-2022,28.049999237060547,28.5,27.950000762939453,28.170000076293945,275600
21-12-2022,28.420000076293945,29.11000061035156,28.420000076293945,28.920000076293945,296200
22-12-2022,28.809999465942383,28.809999465942383,28.11000061035156,28.489999771118164,208800
23-12-2022,28.520000457763672,29.26000022888184,28.459999084472656,28.96999931335449,207100
27-12-2022,29.07999992370605,29.549999237060547,28.780000686645508,28.809999465942383,211900
28-12-2022,28.940000534057617,29.14999961853028,28.239999771118164,28.290000915527344,175300
29-12-2022,28.46999931335449,28.950000762939453,28.43000030517578,28.729999542236328,176200
30-12-2022,28.46999931335449,28.71999931335449,28.14999961853028,28.3799991607666,333500
03-01-2023,28.6299991607666,29.59000015258789,28.6299991607666,29.32999992370605,464800
04-01-2023,29.6200008392334,29.850000381469727,29.229999542236328,29.46999931335449,374100
05-01-2023,29.18000030517578,29.18000030517578,28.489999771118164,28.670000076293945,270600
06-01-2023,28.799999237060547,29.739999771118164,28.790000915527344,29.600000381469727,223100
09-01-2023,29.75,29.88999938964844,28.920000076293945,28.979999542236328,155600
10-01-2023,29.06999969482422,29.729999542236328,29.059999465942383,29.690000534057617,186100
11-01-2023,29.8700008392334,30.13999938964844,29.809999465942383,30.11000061035156,140500
12-01-2023,30.190000534057617,30.59000015258789,29.950000762939453,30.25,161700
13-01-2023,29.75,30.31999969482422,29.600000381469727,30.270000457763672,155600
17-01-2023,30.229999542236328,30.489999771118164,29.93000030517578,30.290000915527344,172700
18-01-2023,30.239999771118164,30.239999771118164,29.030000686645508,29.049999237060547,252700
19-01-2023,28.770000457763672,28.86000061035156,27.959999084472656,28.299999237060547,355400
20-01-2023,28.81999969482422,28.8700008392334,28.21999931335449,28.6299991607666,350700
23-01-2023,28.6200008392334,29.229999542236328,28.530000686645508,28.950000762939453,280400
24-01-2023,28.93000030517578,29.09000015258789,28.559999465942383,28.709999084472656,200700
25-01-2023,28.59000015258789,29.229999542236328,28.229999542236328,29.209999084472656,572600
26-01-2023,29.38999938964844,29.700000762939453,28.700000762939453,29.170000076293945,234700
27-01-2023,30.09000015258789,34.79999923706055,29.57999992370605,33.83000183105469,1318000
30-01-2023,34.209999084472656,34.4900016784668,32.220001220703125,32.709999084472656,532700
31-01-2023,32.7599983215332,34.02000045776367,32.41999816894531,33.93000030517578,546200
01-02-2023,33.88999938964844,34.38999938964844,33.58000183105469,34.11000061035156,487800
02-02-2023,34.25,35.529998779296875,34.25,34.970001220703125,409200
03-02-2023,34.66999816894531,35.900001525878906,34.66999816894531,35.720001220703125,347400
06-02-2023,35.439998626708984,35.9900016784668,35.349998474121094,35.70000076293945,334100
07-02-2023,35.560001373291016,36.06999969482422,35.18000030517578,35.68000030517578,202600
08-02-2023,35.209999084472656,35.61000061035156,34.959999084472656,35.349998474121094,183400
09-02-2023,35.529998779296875,35.650001525878906,34.84000015258789,35.16999816894531,176500
10-02-2023,34.970001220703125,35.119998931884766,34.66999816894531,34.869998931884766,263400
13-02-2023,35.099998474121094,35.7400016784668,34.65999984741211,35.66999816894531,266300
14-02-2023,35.560001373291016,36.13999938964844,35.150001525878906,35.810001373291016,185200
15-02-2023,35.630001068115234,36.40999984741211,35.45000076293945,36.34000015258789,203100
16-02-2023,36.06999969482422,36.34999847412109,35.59000015258789,36.09999847412109,212600
17-02-2023,36.130001068115234,37.58000183105469,36.119998931884766,37.15999984741211,450600
21-02-2023,36.810001373291016,36.810001373291016,34.27000045776367,34.38999938964844,443700
22-02-2023,34.47999954223633,34.900001525878906,33.43000030517578,34.08000183105469,447300
23-02-2023,34.2400016784668,34.66999816894531,33.869998931884766,34.119998931884766,274600
24-02-2023,33.84000015258789,34.29999923706055,33.529998779296875,34.29999923706055,266300
27-02-2023,34.66999816894531,35.08000183105469,34.31999969482422,34.540000915527344,310000
28-02-2023,34.619998931884766,35.41999816894531,34.56999969482422,34.59000015258789,466400
01-03-2023,34.54999923706055,34.97999954223633,34.369998931884766,34.599998474121094,232600
02-03-2023,34.27000045776367,34.689998626708984,33.7599983215332,34.56999969482422,269500
03-03-2023,34.7599983215332,35.349998474121094,34.400001525878906,35.27000045776367,262400
06-03-2023,35.349998474121094,35.40999984741211,34.220001220703125,34.72999954223633,297800
07-03-2023,34.630001068115234,34.70000076293945,33.459999084472656,33.630001068115234,305900
08-03-2023,33.77000045776367,34.099998474121094,33.369998931884766,34.029998779296875,165600
09-03-2023,33.56999969482422,33.900001525878906,32.0,32.22999954223633,388000
10-03-2023,31.39999961853028,31.530000686645508,29.700000762939453,30.489999771118164,743800
13-03-2023,29.040000915527344,29.07999992370605,25.1299991607666,26.0,1861800
14-03-2023,29.540000915527344,31.549999237060547,27.670000076293945,30.14999961853028,1159700
15-03-2023,28.549999237060547,30.979999542236328,28.07999992370605,29.950000762939453,623100
16-03-2023,29.270000457763672,32.529998779296875,29.0,31.989999771118164,664100
17-03-2023,31.209999084472656,31.489999771118164,29.229999542236328,29.920000076293945,1040400
20-03-2023,30.670000076293945,30.959999084472656,28.950000762939453,29.01000022888184,448700
21-03-2023,30.459999084472656,31.09000015258789,30.14999961853028,30.25,475600
22-03-2023,30.15999984741211,30.239999771118164,28.540000915527344,28.56999969482422,418200
23-03-2023,28.96999931335449,29.07999992370605,27.479999542236328,27.6200008392334,446900
24-03-2023,27.040000915527344,28.440000534057617,27.01000022888184,28.209999084472656,501400
27-03-2023,29.38999938964844,29.38999938964844,28.71999931335449,28.959999084472656,375500
28-03-2023,28.739999771118164,29.11000061035156,28.14999961853028,28.34000015258789,363600
29-03-2023,28.799999237060547,28.8700008392334,28.07999992370605,28.25,308900
30-03-2023,28.51000022888184,28.6299991607666,27.489999771118164,27.57999992370605,791600
31-03-2023,27.90999984741211,28.3700008392334,27.40999984741211,27.850000381469727,537200
03-04-2023,28.020000457763672,28.540000915527344,27.549999237060547,27.850000381469727,590200
04-04-2023,28.059999465942383,28.059999465942383,26.440000534057617,27.040000915527344,315800
05-04-2023,26.559999465942383,27.049999237060547,26.420000076293945,26.799999237060547,335700
06-04-2023,26.809999465942383,27.559999465942383,26.809999465942383,27.350000381469727,338000
10-04-2023,27.13999938964844,27.89999961853028,26.93000030517578,27.75,284700
11-04-2023,27.86000061035156,28.34000015258789,27.540000915527344,27.86000061035156,252100
12-04-2023,28.09000015258789,28.440000534057617,27.6200008392334,27.670000076293945,213900
13-04-2023,27.84000015258789,28.309999465942383,27.65999984741211,27.75,264900
14-04-2023,28.170000076293945,28.420000076293945,26.920000076293945,27.0,300100
17-04-2023,26.940000534057617,27.450000762939453,26.61000061035156,27.350000381469727,281800
18-04-2023,27.350000381469727,27.68000030517578,26.82999992370605,26.88999938964844,193700
19-04-2023,27.01000022888184,28.18000030517578,26.93000030517578,27.90999984741211,225700
20-04-2023,27.440000534057617,27.729999542236328,27.01000022888184,27.440000534057617,256900
21-04-2023,27.34000015258789,27.57999992370605,27.040000915527344,27.36000061035156,175500
24-04-2023,27.25,27.75,27.100000381469727,27.299999237060547,168200
25-04-2023,26.89999961853028,27.14999961853028,25.96999931335449,26.07999992370605,206500
26-04-2023,26.1200008392334,26.920000076293945,26.1200008392334,26.690000534057617,367400
27-04-2023,27.06999969482422,27.88999938964844,26.96999931335449,27.799999237060547,460400
28-04-2023,28.979999542236328,32.81999969482422,28.489999771118164,31.90999984741211,973800
01-05-2023,32.16999816894531,32.16999816894531,30.3700008392334,30.739999771118164,401500
02-05-2023,30.59000015258789,30.75,29.290000915527344,29.71999931335449,616400
03-05-2023,29.8700008392334,31.21999931335449,29.8700008392334,30.040000915527344,497400
04-05-2023,28.959999084472656,29.530000686645508,28.040000915527344,29.01000022888184,568100
05-05-2023,30.479999542236328,30.989999771118164,29.850000381469727,30.780000686645508,417000
08-05-2023,31.170000076293945,31.170000076293945,29.709999084472656,29.739999771118164,351100
09-05-2023,29.51000022888184,29.76000022888184,29.1299991607666,29.25,188500
10-05-2023,30.059999465942383,30.059999465942383,28.90999984741211,29.07999992370605,345400
11-05-2023,28.5,29.40999984741211,28.459999084472656,28.489999771118164,264700
12-05-2023,28.850000381469727,28.989999771118164,28.40999984741211,28.799999237060547,190400
15-05-2023,28.770000457763672,29.82999992370605,28.770000457763672,29.75,182100
16-05-2023,29.850000381469727,30.13999938964844,29.040000915527344,29.11000061035156,212500
17-05-2023,29.93000030517578,32.150001525878906,29.5,32.0099983215332,605100
18-05-2023,31.989999771118164,32.06999969482422,30.75,31.780000686645508,419400
19-05-2023,32.29999923706055,32.380001068115234,30.770000457763672,31.25,333100
22-05-2023,31.520000457763672,31.690000534057617,31.14999961853028,31.290000915527344,372200
23-05-2023,31.25,31.799999237060547,31.0,31.559999465942383,511300
24-05-2023,31.190000534057617,31.989999771118164,30.799999237060547,31.920000076293945,420200
25-05-2023,31.770000457763672,32.459999084472656,31.770000457763672,32.34000015258789,304500
26-05-2023,32.0,33.560001373291016,32.0,33.040000915527344,243600
30-05-2023,33.150001525878906,33.4900016784668,32.20000076293945,32.68000030517578,387100
31-05-2023,32.36000061035156,32.54999923706055,30.729999542236328,30.86000061035156,553800
01-06-2023,31.09000015258789,32.400001525878906,30.90999984741211,31.38999938964844,347300
02-06-2023,32.25,33.56999969482422,31.81999969482422,33.31999969482422,488300
05-06-2023,33.130001068115234,33.29999923706055,32.349998474121094,32.7599983215332,330900
06-06-2023,32.7599983215332,34.95000076293945,32.7599983215332,34.59000015258789,328600
07-06-2023,35.099998474121094,36.09999847412109,34.66999816894531,35.75,565500
08-06-2023,35.540000915527344,36.27999877929688,33.209999084472656,36.16999816894531,404400
09-06-2023,36.20000076293945,36.68999862670898,35.77000045776367,35.849998474121094,255300
12-06-2023,35.90999984741211,36.66999816894531,35.08000183105469,35.189998626708984,276200
13-06-2023,35.4900016784668,36.4900016784668,35.02000045776367,36.34999847412109,300200
14-06-2023,36.560001373291016,36.77999877929688,35.4900016784668,35.810001373291016,360100
15-06-2023,35.349998474121094,36.18999862670898,35.349998474121094,35.790000915527344,297800
16-06-2023,36.13999938964844,36.13999938964844,34.45000076293945,34.849998474121094,835700
20-06-2023,34.68000030517578,34.88999938964844,33.91999816894531,34.15999984741211,384900
21-06-2023,34.150001525878906,34.45000076293945,33.439998626708984,33.689998626708984,202500
22-06-2023,33.619998931884766,33.66999816894531,32.41999816894531,32.72999954223633,246400
23-06-2023,32.04999923706055,32.529998779296875,31.3700008392334,31.739999771118164,1346600
26-06-2023,31.89999961853028,32.5099983215332,31.690000534057617,31.790000915527344,332100
27-06-2023,31.940000534057617,32.470001220703125,31.549999237060547,31.82999992370605,273200
28-06-2023,31.81999969482422,32.290000915527344,31.239999771118164,31.96999931335449,231300
29-06-2023,31.989999771118164,33.08000183105469,31.989999771118164,32.63999938964844,278100
30-06-2023,33.0,33.0,32.220001220703125,32.650001525878906,312900
03-07-2023,32.54999923706055,33.33000183105469,32.439998626708984,33.20000076293945,173400
05-07-2023,33.119998931884766,33.310001373291016,32.599998474121094,32.619998931884766,224100
06-07-2023,32.45000076293945,32.45000076293945,31.549999237060547,32.15999984741211,267800
07-07-2023,32.150001525878906,32.97999954223633,31.71999931335449,32.349998474121094,314600
10-07-2023,32.279998779296875,33.380001068115234,32.220001220703125,33.36000061035156,238200
11-07-2023,33.5,33.91999816894531,33.16999816894531,33.459999084472656,230500
12-07-2023,34.029998779296875,35.34000015258789,34.029998779296875,35.099998474121094,407400
13-07-2023,35.369998931884766,36.2400016784668,35.099998474121094,36.09999847412109,364600
14-07-2023,36.36000061035156,36.36000061035156,35.189998626708984,35.4900016784668,232400
17-07-2023,35.4900016784668,37.08000183105469,35.4900016784668,36.77999877929688,218500
18-07-2023,36.900001525878906,38.86000061035156,36.65999984741211,38.54999923706055,435800
19-07-2023,38.75,39.15999984741211,38.31999969482422,38.65999984741211,320600
20-07-2023,38.65999984741211,38.86000061035156,37.560001373291016,38.20000076293945,257200
21-07-2023,38.70000076293945,38.79999923706055,38.16999816894531,38.540000915527344,346200
24-07-2023,38.52999877929688,39.900001525878906,38.52999877929688,39.47999954223633,432000
25-07-2023,39.47999954223633,40.33000183105469,39.09000015258789,39.380001068115234,438100
26-07-2023,39.95000076293945,40.720001220703125,39.7400016784668,40.59000015258789,619300
27-07-2023,41.41999816894531,41.52000045776367,38.560001373291016,39.060001373291016,677100
28-07-2023,39.45000076293945,40.09999847412109,37.77000045776367,38.5,747400
31-07-2023,38.709999084472656,38.93000030517578,37.150001525878906,37.900001525878906,570400
01-08-2023,37.84000015258789,38.630001068115234,37.11000061035156,38.45000076293945,361100
02-08-2023,38.34999847412109,39.02000045776367,38.02999877929688,38.540000915527344,260100
03-08-2023,38.31999969482422,39.65999984741211,38.040000915527344,39.619998931884766,350900
04-08-2023,39.66999816894531,40.88999938964844,39.59999847412109,40.04999923706055,499300
07-08-2023,40.34000015258789,40.61000061035156,39.95000076293945,40.36000061035156,273700
08-08-2023,39.220001220703125,40.310001373291016,38.7599983215332,40.20000076293945,242800
09-08-2023,40.04999923706055,40.060001373291016,38.52999877929688,38.709999084472656,273500
10-08-2023,39.09000015258789,39.27999877929688,37.95000076293945,38.41999816894531,272800
11-08-2023,38.150001525878906,38.66999816894531,37.93000030517578,38.11000061035156,190400
14-08-2023,37.75,37.810001373291016,37.34999847412109,37.68000030517578,210600
15-08-2023,37.20000076293945,37.65999984741211,36.470001220703125,36.630001068115234,265600
16-08-2023,36.630001068115234,37.84000015258789,35.86000061035156,35.869998931884766,233900
17-08-2023,35.97999954223633,36.15999984741211,35.16999816894531,35.279998779296875,214000
18-08-2023,34.880001068115234,35.68000030517578,34.349998474121094,35.27000045776367,245600
21-08-2023,35.31999969482422,35.59000015258789,34.619998931884766,35.33000183105469,202000
22-08-2023,35.2599983215332,35.63999938964844,34.86000061035156,34.9900016784668,191800
23-08-2023,35.02000045776367,35.97999954223633,34.84000015258789,35.849998474121094,181000
24-08-2023,35.689998626708984,36.40999984741211,35.16999816894531,35.560001373291016,211100
25-08-2023,35.720001220703125,36.119998931884766,34.779998779296875,35.59000015258789,153900
28-08-2023,35.779998779296875,36.56999969482422,35.63999938964844,36.33000183105469,155000
29-08-2023,36.33000183105469,36.86000061035156,35.88999938964844,36.77000045776367,198400
30-08-2023,36.77000045776367,36.90999984741211,36.40999984741211,36.65999984741211,186300
31-08-2023,36.709999084472656,36.93999862670898,36.4900016784668,36.709999084472656,337900
01-09-2023,37.060001373291016,37.66999816894531,37.04999923706055,37.59000015258789,372700
05-09-2023,37.02999877929688,37.02999877929688,35.66999816894531,35.689998626708984,280900
06-09-2023,35.689998626708984,36.38999938964844,35.63999938964844,35.9900016784668,201100
07-09-2023,35.79999923706055,37.09000015258789,35.79999923706055,36.2400016784668,358500
08-09-2023,36.400001525878906,36.86000061035156,35.77000045776367,36.52000045776367,263200
11-09-2023,36.77000045776367,37.0,35.63999938964844,35.779998779296875,222800
12-09-2023,35.84000015258789,36.34999847412109,35.59000015258789,36.2599983215332,236900
13-09-2023,36.27999877929688,36.77999877929688,35.869998931884766,36.400001525878906,252000
14-09-2023,36.72999954223633,37.16999816894531,36.33000183105469,36.709999084472656,305200
15-09-2023,36.45000076293945,36.52000045776367,35.75,36.119998931884766,880700
18-09-2023,36.060001373291016,36.09000015258789,35.11000061035156,35.119998931884766,224300
19-09-2023,35.189998626708984,35.619998931884766,34.56999969482422,35.0099983215332,201500
20-09-2023,35.220001220703125,35.79999923706055,34.52000045776367,34.619998931884766,177000
21-09-2023,34.290000915527344,34.66999816894531,34.0099983215332,34.02000045776367,205700
22-09-2023,34.099998474121094,34.31999969482422,33.7599983215332,34.060001373291016,126600
25-09-2023,33.79999923706055,34.630001068115234,33.79999923706055,34.52000045776367,130500
26-09-2023,34.20000076293945,34.81999969482422,33.959999084472656,34.029998779296875,213100
27-09-2023,34.29999923706055,34.869998931884766,34.22999954223633,34.560001373291016,166400
28-09-2023,34.5,35.189998626708984,34.5,34.56999969482422,265500
29-09-2023,34.970001220703125,35.25,34.400001525878906,34.5,161500
02-10-2023,34.31999969482422,34.459999084472656,33.810001373291016,34.150001525878906,265100
03-10-2023,33.93000030517578,34.720001220703125,33.5,33.86000061035156,288900
04-10-2023,33.9900016784668,34.45000076293945,33.54999923706055,34.06999969482422,168200
05-10-2023,34.0,34.83000183105469,34.0,34.599998474121094,421300
06-10-2023,34.33000183105469,35.04999923706055,34.25,34.279998779296875,500700
09-10-2023,34.040000915527344,34.68000030517578,33.66999816894531,34.599998474121094,210000
10-10-2023,34.83000183105469,35.290000915527344,34.7599983215332,34.88999938964844,199000
11-10-2023,35.08000183105469,35.72999954223633,34.40999984741211,34.65999984741211,296700
12-10-2023,34.72999954223633,34.72999954223633,33.70000076293945,34.36000061035156,243600
13-10-2023,34.619998931884766,34.79999923706055,33.349998474121094,33.68000030517578,267300
16-10-2023,34.209999084472656,34.959999084472656,33.41999816894531,34.959999084472656,202300
17-10-2023,34.90999984741211,36.61000061035156,34.90999984741211,35.38999938964844,528700
18-10-2023,35.040000915527344,35.83000183105469,33.83000183105469,34.029998779296875,210800
19-10-2023,34.099998474121094,34.349998474121094,33.08000183105469,33.150001525878906,287600
20-10-2023,33.29999923706055,33.29999923706055,31.88999938964844,32.18000030517578,725400
23-10-2023,32.08000183105469,32.939998626708984,32.0099983215332,32.11000061035156,430100
24-10-2023,32.540000915527344,32.540000915527344,31.36000061035156,31.770000457763672,689200
25-10-2023,31.64999961853028,32.86000061035156,30.739999771118164,32.349998474121094,529900
26-10-2023,32.38999938964844,34.20000076293945,32.38999938964844,33.0,369500
27-10-2023,34.9900016784668,36.380001068115234,34.04999923706055,34.779998779296875,782900
30-10-2023,35.5099983215332,35.86000061035156,34.0099983215332,34.540000915527344,597300
31-10-2023,34.65999984741211,35.959999084472656,34.290000915527344,35.650001525878906,814300
01-11-2023,35.88999938964844,37.18000030517578,35.5099983215332,37.0099983215332,461000
02-11-2023,37.41999816894531,38.68000030517578,37.41999816894531,38.540000915527344,356600
03-11-2023,39.36000061035156,40.09000015258789,39.09999847412109,39.27000045776367,426100
06-11-2023,39.7400016784668,40.18000030517578,38.900001525878906,39.220001220703125,348100
07-11-2023,39.130001068115234,39.2400016784668,38.060001373291016,38.20000076293945,302200
08-11-2023,38.36000061035156,38.36000061035156,37.27999877929688,37.84999847412109,237900
09-11-2023,37.93999862670898,38.09999847412109,37.02000045776367,37.34999847412109,212600
10-11-2023,37.66999816894531,37.970001220703125,36.970001220703125,37.54999923706055,242200
13-11-2023,37.4900016784668,37.7599983215332,37.18999862670898,37.52000045776367,228000
14-11-2023,38.27000045776367,40.18999862670898,38.27000045776367,39.91999816894531,418900
15-11-2023,39.84999847412109,40.459999084472656,39.2400016784668,39.59999847412109,352000
16-11-2023,39.66999816894531,39.869998931884766,38.65999984741211,38.70000076293945,200700
17-11-2023,39.220001220703125,39.84000015258789,39.0,39.54999923706055,287000
20-11-2023,39.77999877929688,39.77999877929688,39.09000015258789,39.310001373291016,131100
21-11-2023,39.09999847412109,39.29999923706055,38.43999862670898,38.459999084472656,171600
22-11-2023,38.869998931884766,39.16999816894531,38.58000183105469,38.81999969482422,150000
24-11-2023,39.02000045776367,39.18000030517578,38.560001373291016,38.880001068115234,63600
27-11-2023,38.68999862670898,38.68999862670898,37.84000015258789,38.2400016784668,231700
28-11-2023,38.09999847412109,38.810001373291016,37.75,38.709999084472656,379600
29-11-2023,39.04999923706055,39.95000076293945,38.9900016784668,39.09999847412109,449800
30-11-2023,39.29999923706055,39.650001525878906,38.77000045776367,39.0099983215332,342600
01-12-2023,38.79999923706055,40.04999923706055,38.630001068115234,39.09000015258789,645000
04-12-2023,38.619998931884766,40.43999862670898,38.619998931884766,39.9900016784668,880700
05-12-2023,39.869998931884766,39.869998931884766,38.709999084472656,39.41999816894531,341800
06-12-2023,39.959999084472656,40.9900016784668,38.84999847412109,38.93000030517578,626400
07-12-2023,39.13999938964844,39.880001068115234,37.79999923706055,39.869998931884766,678800
08-12-2023,39.79999923706055,40.40999984741211,38.72999954223633,39.290000915527344,705700
11-12-2023,39.459999084472656,39.459999084472656,38.61000061035156,38.95000076293945,605100
12-12-2023,39.11000061035156,39.43999862670898,38.91999816894531,39.18999862670898,417000
13-12-2023,39.22999954223633,40.4900016784668,38.47999954223633,40.25,471400
14-12-2023,41.18000030517578,42.27000045776367,40.650001525878906,41.5099983215332,533500
15-12-2023,41.81999969482422,42.06999969482422,39.869998931884766,40.5099983215332,1117200
18-12-2023,40.97999954223633,41.86000061035156,40.2599983215332,40.59000015258789,474800
19-12-2023,40.9900016784668,42.130001068115234,40.86000061035156,41.95000076293945,396400
20-12-2023,41.869998931884766,42.459999084472656,40.52000045776367,40.52999877929688,446500
21-12-2023,41.2400016784668,41.29999923706055,39.95000076293945,40.06999969482422,688500
22-12-2023,40.40999984741211,41.04999923706055,39.9900016784668,40.18999862670898,342400
26-12-2023,40.36000061035156,40.61000061035156,40.0,40.34999847412109,277700
27-12-2023,40.25,40.29999923706055,39.63999938964844,39.84999847412109,325000
28-12-2023,39.84999847412109,40.02000045776367,39.36000061035156,39.790000915527344,255900
29-12-2023,39.7400016784668,39.86000061035156,38.52000045776367,38.560001373291016,346900
02-01-2024,38.52000045776367,39.0099983215332,38.09999847412109,38.369998931884766,351000
03-01-2024,38.18000030517578,38.2599983215332,37.02000045776367,37.02999877929688,525400
04-01-2024,37.25,38.16999816894531,37.22999954223633,37.72999954223633,418000
05-01-2024,37.31999969482422,38.310001373291016,37.2599983215332,37.619998931884766,506300
08-01-2024,37.54999923706055,38.25,37.54999923706055,38.25,289200
09-01-2024,37.619998931884766,38.43999862670898,37.31999969482422,38.34000015258789,372700
10-01-2024,38.34000015258789,39.22999954223633,38.22999954223633,39.040000915527344,351200
11-01-2024,38.72999954223633,39.61000061035156,38.13999938964844,39.41999816894531,471700
12-01-2024,39.81999969482422,40.13999938964844,38.45000076293945,38.540000915527344,338100
16-01-2024,38.0,38.52000045776367,37.56999969482422,37.79999923706055,278200
17-01-2024,37.25,38.02000045776367,37.09999847412109,37.95000076293945,267300
18-01-2024,38.150001525878906,38.43999862670898,37.650001525878906,38.09999847412109,241700
19-01-2024,38.29999923706055,39.119998931884766,38.06999969482422,39.119998931884766,237800
22-01-2024,39.09999847412109,40.90999984741211,39.09999847412109,40.869998931884766,477600
23-01-2024,41.0,41.40999984741211,40.36000061035156,40.970001220703125,495400
24-01-2024,41.36000061035156,42.16999816894531,41.11000061035156,41.220001220703125,377700
25-01-2024,41.88999938964844,42.08000183105469,40.04999923706055,40.4900016784668,843300
26-01-2024,41.09999847412109,44.18000030517578,40.47999954223633,43.650001525878906,773000
29-01-2024,43.93000030517578,45.459999084472656,43.93000030517578,45.22999954223633,532200
30-01-2024,45.06999969482422,47.11000061035156,44.52999877929688,46.9900016784668,668700
31-01-2024,46.2599983215332,46.68999862670898,43.52999877929688,43.63999938964844,628400
01-02-2024,44.31999969482422,44.86000061035156,41.52999877929688,42.36000061035156,614500
02-02-2024,42.02000045776367,43.290000915527344,41.79999923706055,42.65999984741211,421500
05-02-2024,42.13999938964844,42.58000183105469,41.369998931884766,42.369998931884766,493400
06-02-2024,42.59000015258789,43.380001068115234,41.560001373291016,42.45000076293945,675700
07-02-2024,42.56999969482422,42.65999984741211,41.13999938964844,42.119998931884766,586700
08-02-2024,41.83000183105469,42.70000076293945,41.77999877929688,42.630001068115234,463100
09-02-2024,42.77000045776367,44.150001525878906,42.40999984741211,43.88999938964844,516900
12-02-2024,43.81999969482422,45.459999084472656,43.81999969482422,44.400001525878906,502000
13-02-2024,42.52000045776367,43.40999984741211,42.25,42.7400016784668,466100
14-02-2024,43.29999923706055,43.790000915527344,42.150001525878906,42.709999084472656,304400
15-02-2024,42.84000015258789,44.16999816894531,42.040000915527344,43.70000076293945,420800
16-02-2024,43.16999816894531,44.65999984741211,43.0,44.04999923706055,357200
20-02-2024,43.2400016784668,44.400001525878906,43.2400016784668,43.58000183105469,273500
21-02-2024,43.47999954223633,43.83000183105469,43.060001373291016,43.59999847412109,283400
22-02-2024,43.31999969482422,43.83000183105469,43.0,43.20000076293945,261900
23-02-2024,43.02999877929688,44.369998931884766,42.86000061035156,43.86000061035156,335200
26-02-2024,43.59999847412109,44.720001220703125,43.310001373291016,44.54999923706055,349500
27-02-2024,44.79999923706055,45.38999938964844,44.59999847412109,45.02999877929688,307200
28-02-2024,44.5099983215332,45.20000076293945,44.459999084472656,44.650001525878906,288000
29-02-2024,45.52000045776367,46.2400016784668,44.36000061035156,44.63999938964844,306600
01-03-2024,44.400001525878906,44.52000045776367,43.59999847412109,44.11000061035156,309900
04-03-2024,44.0099983215332,45.0,41.65999984741211,42.09000015258789,629800
05-03-2024,41.790000915527344,42.880001068115234,40.0099983215332,40.43000030517578,1440400
06-03-2024,40.5099983215332,40.79999923706055,39.560001373291016,40.08000183105469,690300
07-03-2024,40.36000061035156,40.77999877929688,37.310001373291016,37.84000015258789,1027100
08-03-2024,38.29999923706055,38.380001068115234,36.25,36.4900016784668,1361200
11-03-2024,36.619998931884766,37.310001373291016,36.58000183105469,36.869998931884766,723200
12-03-2024,36.72999954223633,37.11000061035156,36.18999862670898,36.34999847412109,839900
13-03-2024,36.72999954223633,37.220001220703125,35.099998474121094,35.54999923706055,1296200
14-03-2024,35.56999969482422,36.150001525878906,33.970001220703125,34.33000183105469,732800
15-03-2024,34.2599983215332,35.099998474121094,33.849998474121094,34.36000061035156,2493300
18-03-2024,34.220001220703125,35.0099983215332,33.97999954223633,34.869998931884766,585400
19-03-2024,34.97999954223633,36.09000015258789,34.709999084472656,35.040000915527344,531500
20-03-2024,34.90999984741211,36.2599983215332,34.709999084472656,35.75,622400
21-03-2024,36.040000915527344,36.33000183105469,31.93000030517578,32.119998931884766,3677500
22-03-2024,31.82999992370605,31.96999931335449,30.57999992370605,31.299999237060547,1666500
25-03-2024,31.170000076293945,32.43000030517578,31.170000076293945,31.850000381469727,1009900
26-03-2024,32.06999969482422,32.209999084472656,31.5,31.850000381469727,740100
27-03-2024,32.09000015258789,33.849998474121094,31.65999984741211,33.779998779296875,1014300
28-03-2024,33.709999084472656,34.2400016784668,33.31999969482422,33.459999084472656,1014500
01-04-2024,33.61000061035156,33.61000061035156,32.470001220703125,32.939998626708984,456300
02-04-2024,32.52000045776367,32.65999984741211,31.84000015258789,32.43000030517578,634200
03-04-2024,32.150001525878906,32.56999969482422,31.739999771118164,31.75,427400
04-04-2024,32.31999969482422,32.79999923706055,31.86000061035156,32.029998779296875,451800
05-04-2024,31.540000915527344,32.29999923706055,31.540000915527344,31.96999931335449,623200
08-04-2024,32.369998931884766,32.709999084472656,32.130001068115234,32.279998779296875,250700
09-04-2024,32.45000076293945,32.72999954223633,32.060001373291016,32.68000030517578,309400
10-04-2024,31.81999969482422,31.959999084472656,31.09000015258789,31.520000457763672,618800
11-04-2024,31.670000076293945,31.670000076293945,31.06999969482422,31.39999961853028,487900
12-04-2024,31.13999938964844,31.670000076293945,30.989999771118164,31.479999542236328,665900
15-04-2024,31.459999084472656,32.06999969482422,31.3799991607666,31.90999984741211,664900
16-04-2024,31.690000534057617,32.79999923706055,31.46999931335449,32.279998779296875,590100
17-04-2024,32.599998474121094,33.060001373291016,32.220001220703125,32.84000015258789,636100
18-04-2024,32.86000061035156,33.58000183105469,32.77000045776367,33.189998626708984,640600
19-04-2024,33.040000915527344,33.97999954223633,33.040000915527344,33.939998626708984,560000
22-04-2024,33.95000076293945,34.619998931884766,33.900001525878906,34.5,452100
23-04-2024,34.529998779296875,35.56999969482422,34.529998779296875,34.900001525878906,661200
24-04-2024,34.689998626708984,34.959999084472656,33.5,33.599998474121094,700100
25-04-2024,33.630001068115234,34.02000045776367,33.119998931884766,33.40999984741211,789500
26-04-2024,33.619998931884766,34.41999816894531,30.63999938964844,30.799999237060547,1604000
29-04-2024,31.01000022888184,31.38999938964844,30.229999542236328,31.11000061035156,1462300
30-04-2024,31.299999237060547,31.299999237060547,29.920000076293945,29.940000534057617,807900
01-05-2024,30.09000015258789,32.27000045776367,30.040000915527344,31.270000457763672,876900
02-05-2024,31.65999984741211,31.700000762939453,30.790000915527344,31.31999969482422,495200
03-05-2024,32.20000076293945,32.75,31.63999938964844,31.920000076293945,877300
06-05-2024,32.06999969482422,32.7400016784668,32.0,32.290000915527344,486800
07-05-2024,32.529998779296875,32.7599983215332,32.02000045776367,32.41999816894531,623400
08-05-2024,32.27000045776367,33.16999816894531,32.18000030517578,33.13999938964844,431900
09-05-2024,33.13999938964844,33.599998474121094,33.02000045776367,33.04999923706055,467100
10-05-2024,33.02000045776367,33.290000915527344,32.849998474121094,33.11000061035156,323700
13-05-2024,33.18000030517578,34.290000915527344,33.18000030517578,33.900001525878906,493100
14-05-2024,34.36000061035156,34.70000076293945,34.0099983215332,34.61000061035156,476700
15-05-2024,34.91999816894531,35.209999084472656,32.880001068115234,32.970001220703125,774100
16-05-2024,32.95000076293945,33.689998626708984,32.95000076293945,33.400001525878906,509100
17-05-2024,33.58000183105469,34.099998474121094,33.58000183105469,33.689998626708984,373100
20-05-2024,33.599998474121094,34.470001220703125,33.560001373291016,33.61000061035156,476900
21-05-2024,33.58000183105469,34.20000076293945,33.52000045776367,33.77000045776367,605200
22-05-2024,33.68000030517578,34.2599983215332,33.5,33.540000915527344,375000
23-05-2024,33.63999938964844,33.83000183105469,32.5099983215332,32.75,460200
24-05-2024,33.040000915527344,33.2599983215332,32.7400016784668,32.849998474121094,316100
28-05-2024,32.83000183105469,33.65999984741211,32.68000030517578,32.810001373291016,490500
29-05-2024,32.2599983215332,32.790000915527344,31.34000015258789,31.56999969482422,510800
30-05-2024,32.099998474121094,33.060001373291016,32.099998474121094,32.31999969482422,482200
31-05-2024,32.45000076293945,33.779998779296875,32.220001220703125,33.59000015258789,512500
03-06-2024,33.34000015258789,33.54999923706055,32.54999923706055,32.779998779296875,517400
04-06-2024,32.630001068115234,32.900001525878906,31.89999961853028,32.2400016784668,467100
05-06-2024,32.58000183105469,32.63999938964844,32.0099983215332,32.310001373291016,362400
06-06-2024,32.29999923706055,33.06999969482422,32.209999084472656,33.029998779296875,405100
07-06-2024,32.88999938964844,33.59000015258789,32.369998931884766,32.5,426700
10-06-2024,32.06999969482422,32.439998626708984,31.51000022888184,32.31999969482422,421900
11-06-2024,32.08000183105469,32.63999938964844,31.89999961853028,32.2599983215332,419200
12-06-2024,32.5,33.849998474121094,32.5,33.2599983215332,472500
13-06-2024,33.2599983215332,33.349998474121094,32.560001373291016,33.11000061035156,385700
14-06-2024,32.849998474121094,33.130001068115234,32.560001373291016,32.7599983215332,418000
17-06-2024,32.7599983215332,33.81999969482422,32.72999954223633,33.810001373291016,398400
18-06-2024,33.720001220703125,34.369998931884766,33.68000030517578,33.91999816894531,312000
20-06-2024,33.810001373291016,34.560001373291016,33.77000045776367,34.209999084472656,384700
21-06-2024,34.15999984741211,34.529998779296875,33.900001525878906,34.45000076293945,1348100
24-06-2024,34.470001220703125,35.72999954223633,34.369998931884766,34.97999954223633,559400
25-06-2024,34.93000030517578,35.630001068115234,34.849998474121094,35.56999969482422,911600
26-06-2024,35.2599983215332,36.02999877929688,35.20000076293945,35.75,735400
27-06-2024,35.83000183105469,36.54999923706055,35.599998474121094,36.4900016784668,508200
28-06-2024,36.75,37.970001220703125,35.779998779296875,37.7599983215332,951200
01-07-2024,37.7599983215332,38.2400016784668,37.4900016784668,37.900001525878906,480700
02-07-2024,37.90999984741211,39.59999847412109,37.90999984741211,38.56999969482422,608700
03-07-2024,38.56999969482422,38.84999847412109,37.650001525878906,37.81999969482422,531400
05-07-2024,37.93999862670898,38.27999877929688,37.77000045776367,38.02000045776367,327300
08-07-2024,38.77000045776367,39.18000030517578,38.209999084472656,38.81999969482422,417000
09-07-2024,38.81999969482422,39.790000915527344,38.5099983215332,39.66999816894531,329700
10-07-2024,39.88999938964844,41.16999816894531,39.470001220703125,41.060001373291016,500000
11-07-2024,41.47999954223633,42.630001068115234,41.25,42.54999923706055,783400
12-07-2024,42.88999938964844,43.5099983215332,42.400001525878906,43.16999816894531,757800
15-07-2024,43.70000076293945,46.04999923706055,43.70000076293945,45.20000076293945,604400
16-07-2024,45.97999954223633,48.209999084472656,45.72999954223633,48.15999984741211,776600
17-07-2024,47.880001068115234,50.36000061035156,47.86000061035156,49.09999847412109,1350900
18-07-2024,48.91999816894531,51.08000183105469,47.11000061035156,48.02999877929688,1560200
19-07-2024,48.11000061035156,49.06999969482422,47.0099983215332,48.25,830800
22-07-2024,47.77000045776367,50.130001068115234,47.77000045776367,49.720001220703125,656800
23-07-2024,49.09000015258789,51.43999862670898,48.72999954223633,50.959999084472656,697300
24-07-2024,50.97999954223633,51.75,49.45000076293945,49.54999923706055,948200
25-07-2024,50.38999938964844,52.900001525878906,49.43000030517578,51.29999923706055,1090600
26-07-2024,49.90999984741211,53.18000030517578,48.0,52.040000915527344,1172600
29-07-2024,52.34000015258789,52.43000030517578,49.810001373291016,50.47999954223633,797800
30-07-2024,50.720001220703125,51.369998931884766,50.369998931884766,51.13999938964844,544200
31-07-2024,51.5,53.47999954223633,50.84999847412109,51.84000015258789,601400
01-08-2024,51.7599983215332,51.900001525878906,49.25,49.619998931884766,995600
02-08-2024,47.90999984741211,48.59999847412109,46.20000076293945,48.540000915527344,903600
05-08-2024,45.72999954223633,47.75,44.900001525878906,47.400001525878906,1028500
06-08-2024,47.40999984741211,48.25,46.77999877929688,46.90999984741211,565800
07-08-2024,47.650001525878906,47.9900016784668,46.27999877929688,46.52999877929688,393700
08-08-2024,47.27999877929688,47.7599983215332,46.52999877929688,47.29999923706055,370500
09-08-2024,47.2599983215332,47.650001525878906,46.31999969482422,46.91999816894531,416500
12-08-2024,47.2400016784668,48.400001525878906,45.93999862670898,46.0099983215332,396700
13-08-2024,46.58000183105469,46.880001068115234,45.400001525878906,45.66999816894531,840800
14-08-2024,45.9900016784668,46.29999923706055,45.25,46.04999923706055,594700
15-08-2024,47.25,48.310001373291016,46.97999954223633,47.209999084472656,571700
16-08-2024,47.2400016784668,49.040000915527344,47.2400016784668,48.84999847412109,722300
19-08-2024,48.84999847412109,49.119998931884766,47.869998931884766,48.33000183105469,422000
20-08-2024,48.31999969482422,48.540000915527344,47.470001220703125,48.16999816894531,460500
21-08-2024,48.63999938964844,49.209999084472656,47.900001525878906,49.0099983215332,423500
22-08-2024,49.04999923706055,51.2599983215332,49.04999923706055,49.52999877929688,494300
23-08-2024,49.650001525878906,52.86000061035156,49.209999084472656,52.2599983215332,568700
26-08-2024,52.790000915527344,52.93999862670898,50.93000030517578,51.0099983215332,513900
27-08-2024,50.68000030517578,50.869998931884766,50.06999969482422,50.4900016784668,470900
28-08-2024,50.2400016784668,50.91999816894531,50.060001373291016,50.130001068115234,383800
29-08-2024,50.61000061035156,52.04999923706055,49.95000076293945,51.70000076293945,502200
30-08-2024,51.77000045776367,52.45000076293945,51.59000015258789,52.400001525878906,551200
03-09-2024,51.97999954223633,52.84999847412109,51.27999877929688,51.5,609000
04-09-2024,51.33000183105469,52.09999847412109,49.40999984741211,49.68999862670898,568900
05-09-2024,49.869998931884766,49.880001068115234,48.13999938964844,49.79999923706055,559700
06-09-2024,49.880001068115234,50.86000061035156,48.90999984741211,49.040000915527344,745600
09-09-2024,49.119998931884766,49.40999984741211,48.2599983215332,49.02999877929688,713200
10-09-2024,49.290000915527344,49.290000915527344,46.97999954223633,48.11000061035156,707700
11-09-2024,47.91999816894531,47.91999816894531,45.75,46.83000183105469,727100
12-09-2024,47.27000045776367,47.97999954223633,46.95000076293945,47.56999969482422,384900
13-09-2024,48.27999877929688,49.7599983215332,48.15999984741211,49.4900016784668,504000
16-09-2024,49.52999877929688,52.18999862670898,49.119998931884766,51.709999084472656,758700
17-09-2024,52.310001373291016,53.52000045776367,52.02999877929688,52.5,504000
18-09-2024,52.38999938964844,54.43999862670898,51.41999816894531,52.5,570700
19-09-2024,53.97999954223633,54.970001220703125,52.95000076293945,54.209999084472656,769200
20-09-2024,54.130001068115234,54.470001220703125,52.93000030517578,53.11000061035156,2494000
23-09-2024,53.20000076293945,53.72999954223633,52.43999862670898,53.0099983215332,402000
24-09-2024,52.959999084472656,53.38999938964844,51.56999969482422,51.61000061035156,462900
25-09-2024,51.65999984741211,52.0,50.90999984741211,51.33000183105469,562700
26-09-2024,52.06999969482422,52.68999862670898,51.7599983215332,51.81999969482422,478600
27-09-2024,52.36000061035156,53.04999923706055,52.06999969482422,52.59000015258789,415500
30-09-2024,52.47999954223633,54.540000915527344,52.09000015258789,53.5,452400
01-10-2024,53.04999923706055,53.310001373291016,49.88999938964844,50.220001220703125,650200
02-10-2024,50.2599983215332,51.84000015258789,50.2599983215332,51.150001525878906,365800
03-10-2024,50.75,52.27999877929688,50.7400016784668,52.22999954223633,351500
04-10-2024,53.59999847412109,54.15999984741211,52.900001525878906,53.970001220703125,464700
07-10-2024,53.72999954223633,54.52000045776367,53.400001525878906,53.93000030517578,480300
08-10-2024,54.27999877929688,54.68999862670898,53.54999923706055,53.59999847412109,364000
09-10-2024,53.5099983215332,54.58000183105469,52.83000183105469,53.040000915527344,373100
10-10-2024,52.54999923706055,53.04999923706055,52.2599983215332,52.790000915527344,467400
11-10-2024,53.060001373291016,55.66999816894531,53.02999877929688,55.130001068115234,598800
14-10-2024,55.18999862670898,56.61000061035156,54.79999923706055,56.2599983215332,327400
15-10-2024,56.400001525878906,58.40999984741211,56.38999938964844,57.25,466700
16-10-2024,58.119998931884766,58.7400016784668,57.63999938964844,58.38999938964844,370400
17-10-2024,58.38999938964844,59.2599983215332,58.040000915527344,59.0099983215332,369100
18-10-2024,58.95000076293945,59.11000061035156,58.0,58.209999084472656,501700
21-10-2024,58.33000183105469,58.33000183105469,56.0,56.119998931884766,511400
22-10-2024,56.08000183105469,56.31999969482422,55.040000915527344,55.880001068115234,345400
23-10-2024,55.52999877929688,55.88999938964844,54.15999984741211,54.79999923706055,548500
24-10-2024,55.08000183105469,55.810001373291016,54.16999816894531,54.959999084472656,544300
25-10-2024,50.0,51.5,45.81999969482422,47.0099983215332,2453700
28-10-2024,47.34000015258789,50.619998931884766,46.36000061035156,50.20000076293945,1052100
29-10-2024,49.97999954223633,50.630001068115234,48.59999847412109,49.02999877929688,597800
30-10-2024,49.150001525878906,50.97999954223633,49.150001525878906,50.41999816894531,572300
31-10-2024,50.54999923706055,51.09000015258789,49.81999969482422,50.2599983215332,613800
01-11-2024,50.52999877929688,51.209999084472656,49.31999969482422,49.650001525878906,491100
04-11-2024,49.4900016784668,49.93000030517578,48.040000915527344,48.619998931884766,508400
05-11-2024,48.88999938964844,49.58000183105469,47.95000076293945,49.33000183105469,608900
06-11-2024,54.720001220703125,57.5,54.720001220703125,56.810001373291016,1665100
07-11-2024,55.34000015258789,55.59000015258789,53.20000076293945,53.58000183105469,859400
08-11-2024,53.84999847412109,55.220001220703125,53.15999984741211,54.59000015258789,569300
11-11-2024,56.150001525878906,59.40999984741211,55.43000030517578,58.34999847412109,791900
12-11-2024,58.04999923706055,59.459999084472656,57.13999938964844,57.400001525878906,445300
13-11-2024,58.36000061035156,59.08000183105469,56.7599983215332,56.81999969482422,578600
14-11-2024,56.75,56.79999923706055,54.02000045776367,54.2400016784668,815100
15-11-2024,54.84999847412109,55.380001068115234,53.77999877929688,55.16999816894531,413500
18-11-2024,55.25,56.45000076293945,54.95000076293945,55.68000030517578,555800
19-11-2024,54.83000183105469,55.5099983215332,54.59000015258789,54.95000076293945,394100
20-11-2024,54.90999984741211,55.209999084472656,53.650001525878906,54.97999954223633,443600
21-11-2024,55.369998931884766,56.709999084472656,54.790000915527344,55.900001525878906,381900
22-11-2024,56.29999923706055,57.7400016784668,56.09999847412109,57.41999816894531,477000
25-11-2024,58.630001068115234,61.16999816894531,58.06999969482422,60.36000061035156,1036300
26-11-2024,59.5,59.810001373291016,58.43999862670898,58.83000183105469,610500
27-11-2024,59.52999877929688,60.33000183105469,58.95000076293945,59.04999923706055,381000
29-11-2024,59.15999984741211,59.41999816894531,57.56999969482422,58.43000030517578,200200
02-12-2024,58.720001220703125,58.720001220703125,56.95000076293945,57.33000183105469,445700
03-12-2024,57.02999877929688,57.7400016784668,56.2599983215332,56.75,374700
04-12-2024,56.4900016784668,58.02000045776367,55.630001068115234,57.790000915527344,508700
05-12-2024,58.52000045776367,59.119998931884766,56.83000183105469,56.880001068115234,249100
06-12-2024,57.93999862670898,58.47999954223633,56.70000076293945,57.560001373291016,264800
09-12-2024,58.150001525878906,58.150001525878906,55.75,55.810001373291016,305400
10-12-2024,55.970001220703125,56.900001525878906,55.130001068115234,55.18000030517578,321700
11-12-2024,56.2599983215332,56.83000183105469,55.68999862670898,55.90999984741211,344000
12-12-2024,55.65999984741211,56.27000045776367,55.16999816894531,55.81999969482422,420100
13-12-2024,55.81999969482422,56.400001525878906,55.2599983215332,56.08000183105469,365200
16-12-2024,55.900001525878906,56.900001525878906,55.25,56.84999847412109,325800
17-12-2024,56.56999969482422,57.380001068115234,55.29999923706055,55.4900016784668,522200
18-12-2024,56.220001220703125,56.400001525878906,52.11000061035156,52.310001373291016,686600
19-12-2024,53.29999923706055,54.0,51.790000915527344,51.959999084472656,651200
20-12-2024,51.400001525878906,53.43000030517578,51.400001525878906,53.310001373291016,1331000
23-12-2024,53.459999084472656,53.88999938964844,52.869998931884766,53.36000061035156,322900
24-12-2024,53.31999969482422,54.11000061035156,53.04999923706055,54.0,135600
26-12-2024,53.33000183105469,54.630001068115234,53.04999923706055,54.52000045776367,178800
27-12-2024,54.29999923706055,54.630001068115234,52.63999938964844,53.58000183105469,437100
30-12-2024,52.84999847412109,53.72999954223633,52.61000061035156,53.2599983215332,271600
31-12-2024,53.43000030517578,53.75,52.52000045776367,52.630001068115234,391000
02-01-2025,53.18000030517578,53.810001373291016,51.470001220703125,51.68999862670898,472500
03-01-2025,52.02999877929688,53.91999816894531,51.56999969482422,53.68999862670898,244600
06-01-2025,54.209999084472656,54.54999923706055,53.11000061035156,53.15999984741211,317800
07-01-2025,53.31999969482422,53.560001373291016,51.77999877929688,52.560001373291016,344500
08-01-2025,52.18000030517578,52.560001373291016,51.7400016784668,51.90999984741211,307100
10-01-2025,50.68999862670898,51.11000061035156,49.130001068115234,50.29999923706055,381300
13-01-2025,49.5099983215332,51.41999816894531,49.5099983215332,51.33000183105469,335500
14-01-2025,52.130001068115234,53.54999923706055,51.83000183105469,53.52000045776367,365700
15-01-2025,55.369998931884766,56.02000045776367,54.220001220703125,54.81999969482422,498100
16-01-2025,54.43999862670898,55.81999969482422,54.18999862670898,55.56999969482422,378200
17-01-2025,56.290000915527344,56.66999816894531,55.400001525878906,55.869998931884766,413900
21-01-2025,56.09000015258789,57.2400016784668,55.5099983215332,55.84000015258789,351800
22-01-2025,55.380001068115234,55.720001220703125,55.0,55.22999954223633,332400
23-01-2025,55.040000915527344,55.81999969482422,54.79999923706055,55.209999084472656,322900
24-01-2025,54.790000915527344,56.0,54.52999877929688,55.560001373291016,296100
27-01-2025,55.560001373291016,56.400001525878906,54.43000030517578,56.0,528400
28-01-2025,55.93999862670898,56.93999862670898,55.209999084472656,55.630001068115234,306200
29-01-2025,55.22999954223633,56.58000183105469,54.9900016784668,55.36000061035156,330500
30-01-2025,56.130001068115234,58.290000915527344,56.11000061035156,57.63999938964844,766600
31-01-2025,58.66999816894531,64.52999877929688,58.470001220703125,61.060001373291016,1701700
03-02-2025,59.40999984741211,62.84000015258789,58.5,61.119998931884766,826900
04-02-2025,61.400001525878906,62.58000183105469,61.150001525878906,62.34000015258789,384200
05-02-2025,62.7599983215332,62.970001220703125,61.59999847412109,62.75,274600
06-02-2025,63.0,63.0,61.65999984741211,62.560001373291016,655900
07-02-2025,62.40999984741211,63.27999877929688,61.25,61.65999984741211,411700
10-02-2025,62.02999877929688,65.83999633789062,59.70000076293945,60.25,467800
11-02-2025,60.43000030517578,62.70000076293945,60.20000076293945,62.5099983215332,699300
12-02-2025,61.33000183105469,62.060001373291016,60.84999847412109,60.9900016784668,655300
13-02-2025,61.04999923706055,61.93999862670898,61.040000915527344,61.52000045776367,418500
14-02-2025,61.79999923706055,62.560001373291016,60.06999969482422,60.4900016784668,445200
18-02-2025,60.31999969482422,60.790000915527344,59.56999969482422,60.7400016784668,602100
19-02-2025,60.04999923706055,60.68999862670898,59.63999938964844,60.02000045776367,350500
20-02-2025,59.83000183105469,60.29999923706055,57.709999084472656,58.31999969482422,362300
21-02-2025,58.959999084472656,58.970001220703125,55.86000061035156,56.130001068115234,548800
24-02-2025,57.02000045776367,57.02000045776367,55.380001068115234,55.5,415000
25-02-2025,55.77000045776367,56.27999877929688,55.0,55.2599983215332,298100
26-02-2025,55.34000015258789,56.27000045776367,54.540000915527344,55.060001373291016,288500
27-02-2025,55.27000045776367,55.77000045776367,54.650001525878906,55.34000015258789,397400
28-02-2025,55.29999923706055,56.2599983215332,54.5099983215332,55.81999969482422,466800
03-03-2025,56.15999984741211,56.81999969482422,54.22999954223633,55.08000183105469,415800
04-03-2025,54.36000061035156,55.16999816894531,52.34000015258789,53.59000015258789,568300
05-03-2025,51.9900016784668,52.84999847412109,50.27999877929688,51.25,1092600
06-03-2025,50.790000915527344,51.45000076293945,49.150001525878906,50.720001220703125,959400
07-03-2025,50.66999816894531,51.9900016784668,49.43000030517578,51.58000183105469,722900
10-03-2025,50.81999969482422,51.45000076293945,49.16999816894531,50.18000030517578,726600
11-03-2025,50.52000045776367,50.86000061035156,49.25,49.7400016784668,484900
12-03-2025,51.22999954223633,51.470001220703125,49.5,50.75,473200
13-03-2025,50.91999816894531,51.540000915527344,50.40999984741211,50.52999877929688,355400
14-03-2025,51.20000076293945,51.880001068115234,50.2599983215332,51.84000015258789,424600
17-03-2025,51.869998931884766,52.83000183105469,51.68000030517578,52.709999084472656,414100
18-03-2025,52.11000061035156,53.09999847412109,51.709999084472656,52.58000183105469,361900
19-03-2025,52.75,56.02999877929688,52.459999084472656,54.959999084472656,788700
20-03-2025,54.18999862670898,55.63999938964844,54.18999862670898,54.41999816894531,424200
21-03-2025,54.18000030517578,55.119998931884766,53.65999984741211,54.93000030517578,1452600
24-03-2025,55.810001373291016,57.310001373291016,55.119998931884766,57.06999969482422,467000
25-03-2025,57.150001525878906,57.540000915527344,56.310001373291016,56.33000183105469,382600
26-03-2025,56.43999862670898,56.630001068115234,52.560001373291016,53.560001373291016,1113700
27-03-2025,53.68999862670898,54.18999862670898,52.5,53.59000015258789,403400
28-03-2025,52.65999984741211,53.7599983215332,52.11000061035156,52.59000015258789,370100
31-03-2025,52.36000061035156,53.29999923706055,51.04999923706055,52.84000015258789,430000
01-04-2025,52.31999969482422,53.650001525878906,51.560001373291016,53.540000915527344,364700
02-04-2025,52.52999877929688,54.84000015258789,52.5099983215332,54.7599983215332,425600
03-04-2025,51.060001373291016,51.650001525878906,48.90999984741211,48.959999084472656,751900
04-04-2025,45.88999938964844,46.470001220703125,41.619998931884766,43.91999816894531,2521400
07-04-2025,42.0,44.77999877929688,40.5099983215332,40.93000030517578,2333700
08-04-2025,43.09999847412109,45.790000915527344,41.060001373291016,42.02999877929688,1292300
09-04-2025,41.5099983215332,48.18999862670898,40.68000030517578,46.9900016784668,1232800
10-04-2025,45.560001373291016,45.560001373291016,41.93000030517578,42.959999084472656,787400
11-04-2025,42.59999847412109,44.02999877929688,41.459999084472656,43.630001068115234,662800
14-04-2025,43.7599983215332,45.38999938964844,43.560001373291016,45.2400016784668,559200
15-04-2025,45.09000015258789,47.06999969482422,45.09000015258789,46.060001373291016,390800
16-04-2025,45.66999816894531,46.33000183105469,44.88999938964844,45.63999938964844,632100
17-04-2025,45.93000030517578,46.36000061035156,44.959999084472656,45.59999847412109,775800
21-04-2025,44.97999954223633,45.34999847412109,42.86000061035156,43.5099983215332,445300
22-04-2025,43.709999084472656,46.0,43.709999084472656,45.81999969482422,326100
23-04-2025,47.2400016784668,48.95000076293945,45.709999084472656,48.380001068115234,537800
24-04-2025,48.40999984741211,49.84000015258789,47.90999984741211,49.68999862670898,429200
25-04-2025,48.43999862670898,49.02999877929688,47.77999877929688,47.9900016784668,498600
28-04-2025,47.790000915527344,48.33000183105469,47.09000015258789,47.709999084472656,476700
29-04-2025,47.79999923706055,48.810001373291016,46.95000076293945,48.75,290600
30-04-2025,47.630001068115234,48.61000061035156,46.5099983215332,48.310001373291016,390400
01-05-2025,49.209999084472656,50.15999984741211,48.27999877929688,49.470001220703125,383400
02-05-2025,50.900001525878906,52.0099983215332,50.38999938964844,51.900001525878906,400200
05-05-2025,51.400001525878906,52.470001220703125,51.400001525878906,51.9900016784668,295700
06-05-2025,51.88999938964844,52.20000076293945,50.869998931884766,51.68000030517578,302800
07-05-2025,51.79999923706055,52.290000915527344,50.970001220703125,51.27000045776367,295700
08-05-2025,52.04999923706055,52.66999816894531,51.41999816894531,52.16999816894531,328600
09-05-2025,52.09999847412109,52.79999923706055,51.43000030517578,51.43999862670898,248200
12-05-2025,54.40999984741211,55.33000183105469,53.52000045776367,54.09000015258789,416700
13-05-2025,54.619998931884766,55.20000076293945,54.20000076293945,54.65999984741211,304200
14-05-2025,54.22999954223633,54.81999969482422,53.86000061035156,54.619998931884766,419800
15-05-2025,54.4900016784668,55.0099983215332,53.79999923706055,54.34000015258789,295600
16-05-2025,54.380001068115234,54.380001068115234,53.709999084472656,53.93000030517578,395400
19-05-2025,53.33000183105469,53.90999984741211,52.56999969482422,53.77999877929688,326000
20-05-2025,53.79999923706055,54.5099983215332,53.38999938964844,54.34999847412109,326100
21-05-2025,53.459999084472656,53.810001373291016,51.91999816894531,52.09999847412109,425500
22-05-2025,51.54999923706055,52.72999954223633,50.08000183105469,51.77999877929688,429900
23-05-2025,50.150001525878906,51.77999877929688,50.0,51.09999847412109,358700
27-05-2025,52.06999969482422,52.84000015258789,51.540000915527344,52.310001373291016,319200
28-05-2025,52.2599983215332,52.63999938964844,51.52999877929688,51.790000915527344,311800
29-05-2025,52.130001068115234,52.150001525878906,51.34000015258789,52.0099983215332,210200
30-05-2025,51.900001525878906,51.900001525878906,50.900001525878906,51.09999847412109,389900
02-06-2025,50.09000015258789,50.810001373291016,48.86000061035156,49.79999923706055,705200
03-06-2025,49.68999862670898,50.29999923706055,49.0,50.13999938964844,657900
04-06-2025,49.81999969482422,50.52000045776367,49.40999984741211,50.09000015258789,655600
05-06-2025,50.0099983215332,50.77000045776367,49.18999862670898,50.380001068115234,494200
06-06-2025,51.27999877929688,52.22999954223633,50.91999816894531,52.20000076293945,318000
09-06-2025,52.38999938964844,53.83000183105469,52.2599983215332,53.45000076293945,352900
10-06-2025,53.65999984741211,54.59999847412109,53.45000076293945,54.31999969482422,983300
11-06-2025,54.790000915527344,54.869998931884766,53.63999938964844,53.72999954223633,269900
12-06-2025,52.66999816894531,52.91999816894531,50.150001525878906,51.209999084472656,659700
13-06-2025,50.27999877929688,51.119998931884766,49.36000061035156,50.59999847412109,674600
16-06-2025,51.25,51.43000030517578,50.08000183105469,50.15999984741211,469700
17-06-2025,49.79999923706055,50.790000915527344,49.790000915527344,49.900001525878906,417500
18-06-2025,49.65999984741211,51.0,49.65999984741211,50.70000076293945,237600
20-06-2025,50.970001220703125,51.290000915527344,50.650001525878906,51.06999969482422,594000
23-06-2025,51.18000030517578,53.619998931884766,50.970001220703125,53.56999969482422,294200
24-06-2025,54.459999084472656,55.25,54.209999084472656,54.459999084472656,315300
25-06-2025,54.4900016784668,55.47999954223633,54.119998931884766,55.33000183105469,254300
26-06-2025,55.369998931884766,57.65999984741211,55.15999984741211,57.59000015258789,423200
27-06-2025,57.650001525878906,58.13999938964844,56.900001525878906,57.11000061035156,535500
30-06-2025,57.43000030517578,58.38999938964844,56.2599983215332,56.970001220703125,1096900
01-07-2025,56.5,58.4900016784668,55.58000183105469,58.15999984741211,978800
02-07-2025,58.27000045776367,58.9900016784668,57.02000045776367,58.209999084472656,575300
03-07-2025,58.38999938964844,59.77999877929688,58.27000045776367,58.900001525878906,421900
07-07-2025,58.43000030517578,60.209999084472656,58.43000030517578,59.52000045776367,810500
08-07-2025,60.540000915527344,63.70000076293945,60.36000061035156,62.45000076293945,985600
09-07-2025,62.709999084472656,62.79999923706055,61.04999923706055,61.56999969482422,399600
10-07-2025,61.52000045776367,63.59000015258789,61.209999084472656,62.59000015258789,457800
11-07-2025,62.47999954223633,63.630001068115234,62.36000061035156,63.08000183105469,397700
14-07-2025,63.34999847412109,65.37999725341797,63.34999847412109,65.13999938964844,531000
15-07-2025,65.41999816894531,68.94999694824219,65.33000183105469,67.0999984741211,1748100
16-07-2025,67.29000091552734,68.02999877929688,64.55000305175781,67.80999755859375,921200
17-07-2025,68.06999969482422,69.87999725341797,68.04000091552734,68.94999694824219,790100
18-07-2025,69.22000122070312,69.62999725341797,67.06999969482422,67.62000274658203,740500
21-07-2025,68.26000213623047,69.9000015258789,67.83000183105469,69.2300033569336,1186700
22-07-2025,69.20999908447266,69.77999877929688,68.44000244140625,69.51000213623047,709900
23-07-2025,70.06999969482422,70.62999725341797,69.0999984741211,69.5,887700
24-07-2025,69.75,70.31999969482422,69.02999877929688,69.62000274658203,1379000
25-07-2025,67.81999969482422,67.81999969482422,60.2599983215332,63.66999816894531,2487500
28-07-2025,63.81999969482422,64.16999816894531,61.45000076293945,64.08000183105469,959900
29-07-2025,64.79000091552734,65.58999633789062,64.38999938964844,64.91999816894531,835000
30-07-2025,65.16000366210938,65.55000305175781,62.650001525878906,62.9900016784668,740200
31-07-2025,62.56999969482422,63.59999847412109,62.130001068115234,63.15999984741211,777400
01-08-2025,61.84999847412109,63.09999847412109,59.52999877929688,62.4900016784668,1104500
04-08-2025,62.59000015258789,64.72000122070312,62.59000015258789,64.4800033569336,565900
05-08-2025,64.43000030517578,65.0199966430664,63.5099983215332,64.8499984741211,534600
06-08-2025,64.75,65.08000183105469,62.459999084472656,62.7599983215332,580100
07-08-2025,63.650001525878906,63.81999969482422,61.83000183105469,62.54999923706055,564300
08-08-2025,63.06999969482422,63.20000076293945,61.83000183105469,62.77999877929688,448100
11-08-2025,64.56999969482422,65.95999908447266,63.810001373291016,64.16000366210938,854700
12-08-2025,64.79000091552734,67.41999816894531,64.79000091552734,67.16999816894531,568000
13-08-2025,67.44000244140625,68.23999786376953,66.98999786376953,68.05000305175781,436300
14-08-2025,67.68000030517578,67.94000244140625,66.9000015258789,67.80999755859375,269900
15-08-2025,67.94999694824219,68.48999786376953,66.06999969482422,66.11000061035156,693500
18-08-2025,65.8499984741211,66.62999725341797,64.7699966430664,65.44999694824219,479600
19-08-2025,65.58999633789062,66.70999908447266,65.25,65.83000183105469,546200
20-08-2025,66.1500015258789,67.11000061035156,65.05000305175781,66.47000122070312,591000
21-08-2025,66.37999725341797,67.58999633789062,66.0,67.52999877929688,581600
22-08-2025,67.58000183105469,72.87000274658203,67.58000183105469,72.7300033569336,1281900
25-08-2025,72.5,74.95999908447266,72.33000183105469,74.18000030517578,1204500
26-08-2025,74.0,76.19000244140625,73.23999786376953,75.81999969482422,837600
27-08-2025,75.5999984741211,77.25,75.5999984741211,76.88999938964844,793700
28-08-2025,77.0999984741211,78.20999908447266,76.94999694824219,77.87999725341797,534600
29-08-2025,78.1500015258789,78.5,76.05000305175781,76.23999786376953,485800
02-09-2025,75.20999908447266,76.13999938964844,74.2300033569336,75.9800033569336,550800
03-09-2025,75.5,76.87000274658203,75.0199966430664,76.27999877929688,589700
04-09-2025,76.62000274658203,80.16000366210938,75.5,76.52999877929688,466200
05-09-2025,77.31999969482422,78.08999633789062,75.11000061035156,75.80000305175781,433700
08-09-2025,76.0199966430664,76.66999816894531,75.0,76.55999755859375,902000
09-09-2025,76.54000091552734,77.4000015258789,75.1500015258789,75.27999877929688,503200
10-09-2025,75.62999725341797,76.8499984741211,75.5,76.0,506200
11-09-2025,76.4800033569336,77.25,76.02999877929688,76.66000366210938,454900
12-09-2025,76.1500015258789,77.01000213623047,75.81999969482422,75.94999694824219,486100
15-09-2025,76.58999633789062,77.29000091552734,76.33999633789062,76.5199966430664,646600
16-09-2025,77.22000122070312,77.69999694824219,74.68000030517578,75.83000183105469,423800
17-09-2025,76.37999725341797,78.77999877929688,75.98999786376953,76.9800033569336,514700
18-09-2025,77.5,80.19000244140625,77.30999755859375,79.5999984741211,982900
19-09-2025,79.08000183105469,79.69999694824219,77.8499984741211,78.06999969482422,1381900
22-09-2025,77.6500015258789,78.95999908447266,77.55000305175781,78.70999908447266,558700
23-09-2025,78.79000091552734,80.76000213623047,77.43000030517578,77.5,575300
24-09-2025,77.83999633789062,78.66999816894531,76.44000244140625,77.0199966430664,446500
25-09-2025,76.87999725341797,76.9000015258789,75.5,76.87000274658203,466000
26-09-2025,77.01000213623047,78.3499984741211,76.5199966430664,77.31999969482422,406800
29-09-2025,77.80000305175781,77.80000305175781,76.66000366210938,76.93000030517578,458100
30-09-2025,77.25,78.08999633789062,71.30999755859375,74.88999938964844,1138800
01-10-2025,74.43000030517578,75.80000305175781,72.77999877929688,73.72000122070312,369400
02-10-2025,73.66000366210938,74.97000122070312,73.44999694824219,74.62000274658203,348300
03-10-2025,75.18000030517578,77.16000366210938,75.18000030517578,76.13999938964844,622600
06-10-2025,76.58000183105469,78.83000183105469,75.94999694824219,78.44999694824219,655000
07-10-2025,78.58000183105469,79.37000274658203,76.37000274658203,76.44000244140625,422600
08-10-2025,76.76000213623047,77.73999786376953,76.23999786376953,76.62000274658203,371900
09-10-2025,76.5,77.22000122070312,75.88999938964844,76.8499984741211,368000
10-10-2025,77.0,77.63999938964844,72.41000366210938,72.55999755859375,627100
13-10-2025,74.19000244140625,76.4000015258789,74.19000244140625,76.36000061035156,393100
14-10-2025,75.25,81.25,75.0,80.33999633789062,660600
15-10-2025,80.5999984741211,81.6500015258789,77.72000122070312,78.12000274658203,734300
16-10-2025,77.54000091552734,78.11000061035156,70.88999938964844,71.68000030517578,763400
17-10-2025,72.75,73.2699966430664,71.37999725341797,71.44000244140625,1023800
20-10-2025,71.98999786376953,74.16999816894531,71.79000091552734,73.69999694824219,470700
21-10-2025,73.66999816894531,75.23999786376953,73.33000183105469,74.91999816894531,516800
22-10-2025,75.27999877929688,76.12999725341797,74.19000244140625,74.73999786376953,482500
23-10-2025,74.75,76.5999984741211,73.47000122070312,75.58000183105469,439200
24-10-2025,77.13999938964844,79.22000122070312,76.55999755859375,78.73999786376953,374900
27-10-2025,79.16999816894531,79.83999633789062,78.05999755859375,78.80000305175781,334400
28-10-2025,78.81999969482422,79.30999755859375,77.7699966430664,79.16999816894531,379400
29-10-2025,79.19000244140625,80.55999755859375,77.2300033569336,77.63999938964844,463200
30-10-2025,77.76000213623047,79.30000305175781,76.61000061035156,77.19999694824219,592700
31-10-2025,69.12999725341797,70.44000244140625,64.5199966430664,65.37000274658203,2055000
03-11-2025,65.11000061035156,65.31999969482422,62.18000030517578,62.93000030517578,1366000
04-11-2025,62.08000183105469,62.93000030517578,60.900001525878906,62.16999816894531,757400
05-11-2025,61.970001220703125,63.040000915527344,61.369998931884766,62.709999084472656,1005900
06-11-2025,61.959999084472656,62.93999862670898,60.7599983215332,61.4900016784668,896400
07-11-2025,61.27000045776367,62.36000061035156,60.72999954223633,62.2400016784668,559200
10-11-2025,62.470001220703125,63.43999862670898,61.70000076293945,62.43999862670898,453500
11-11-2025,63.31999969482422,64.70999908447266,62.470001220703125,64.33000183105469,404000
12-11-2025,64.30999755859375,65.87000274658203,63.40999984741211,63.56999969482422,582000
13-11-2025,63.369998931884766,64.27999877929688,61.7599983215332,62.119998931884766,486600
14-11-2025,61.4900016784668,61.90999984741211,60.84999847412109,61.540000915527344,476000
17-11-2025,61.68999862670898,62.45000076293945,59.540000915527344,59.720001220703125,541600
18-11-2025,59.290000915527344,60.43000030517578,59.0099983215332,59.66999816894531,413800
19-11-2025,59.619998931884766,60.060001373291016,58.47999954223633,59.40999984741211,609900
20-11-2025,60.56999969482422,61.77000045776367,58.9900016784668,59.47999954223633,439200
21-11-2025,59.40999984741211,62.58000183105469,59.40999984741211,62.02999877929688,502800
24-11-2025,62.02000045776367,63.84000015258789,61.54999923706055,63.29999923706055,418400
25-11-2025,63.70000076293945,65.80999755859375,63.150001525878906,64.33000183105469,448900
26-11-2025,64.44999694824219,65.63999938964844,64.13999938964844,64.16999816894531,685700
28-11-2025,64.12999725341797,64.7300033569336,63.91999816894531,64.06999969482422,204300
01-12-2025,63.31999969482422,64.61000061035156,63.0,64.41000366210938,452300
02-12-2025,64.81999969482422,65.58999633789062,64.41000366210938,64.73999786376953,309600
03-12-2025,65.0999984741211,67.43000030517578,64.98999786376953,66.9800033569336,498600
04-12-2025,66.4800033569336,67.11000061035156,65.47000122070312,65.6500015258789,487900
05-12-2025,65.2300033569336,66.27999877929688,65.2300033569336,65.98999786376953,374000
08-12-2025,65.98999786376953,67.58000183105469,65.33999633789062,66.38999938964844,429500
09-12-2025,66.30000305175781,67.7300033569336,66.05999755859375,66.29000091552734,481500
10-12-2025,66.37999725341797,69.80000305175781,65.94999694824219,69.20999908447266,532000
11-12-2025,69.04000091552734,70.94999694824219,69.04000091552734,69.33999633789062,504300
12-12-2025,69.76000213623047,70.30000305175781,68.62999725341797,68.77999877929688,570000
15-12-2025,69.81999969482422,70.44000244140625,67.83999633789062,68.62999725341797,566200
16-12-2025,68.94000244140625,69.0,66.94000244140625,67.58000183105469,672800
17-12-2025,67.58000183105469,68.80000305175781,66.8499984741211,67.66999816894531,706500
18-12-2025,68.45999908447266,68.97000122070312,67.54000091552734,68.45999908447266,626300
19-12-2025,68.44999694824219,69.26000213623047,67.91999816894531,68.87000274658203,1822000
22-12-2025,69.33000183105469,72.0,69.33000183105469,70.38999938964844,616600
23-12-2025,70.33999633789062,71.36000061035156,70.16000366210938,70.51000213623047,531900
24-12-2025,70.31999969482422,71.2300033569336,70.31999969482422,70.8499984741211,240400
26-12-2025,71.08999633789062,71.18000030517578,69.56999969482422,69.8499984741211,267400
29-12-2025,69.58999633789062,70.44000244140625,68.56999969482422,68.86000061035156,396300
30-12-2025,68.80999755859375,68.9000015258789,68.2300033569336,68.25,335800
31-12-2025,68.63999938964844,68.83999633789062,67.16999816894531,67.5199966430664,464300
02-01-2026,67.69000244140625,68.58000183105469,66.05999755859375,67.66000366210938,441600
05-01-2026,67.61000061035156,70.30000305175781,67.61000061035156,69.48999786376953,885200
06-01-2026,68.97000122070312,70.55999755859375,68.55000305175781,69.45999908447266,2055500
07-01-2026,69.3499984741211,70.19999694824219,67.94999694824219,69.38999938964844,474300
08-01-2026,69.08000183105469,71.31999969482422,69.08000183105469,70.31999969482422,749000
09-01-2026,71.0199966430664,71.70999908447266,69.5,69.80999755859375,459700
12-01-2026,68.95999908447266,69.87000274658203,68.7300033569336,69.44000244140625,352700
13-01-2026,70.0199966430664,70.0999984741211,69.0,69.47000122070312,399300
14-01-2026,69.41999816894531,69.88999938964844,68.4800033569336,69.76000213623047,379500
15-01-2026,70.01000213623047,71.1500015258789,69.4800033569336,70.38999938964844,586500
16-01-2026,70.20999908447266,70.25,69.0,69.66999816894531,399600
20-01-2026,68.22000122070312,68.95999908447266,66.41999816894531,66.5,458500
21-01-2026,67.3499984741211,70.36000061035156,66.36000061035156,69.54000091552734,923100
22-01-2026,69.97000122070312,72.88999938964844,69.97000122070312,71.29000091552734,544800
23-01-2026,70.5999984741211,70.95999908447266,66.66999816894531,67.19000244140625,539100
26-01-2026,67.08999633789062,68.70999908447266,66.76000213623047,67.5,493900
27-01-2026,67.72000122070312,68.47000122070312,66.9000015258789,68.33999633789062,371900
28-01-2026,68.66999816894531,69.29000091552734,67.01000213623047,67.13999938964844,377500
29-01-2026,67.69999694824219,70.52999877929688,67.29000091552734,70.52999877929688,676600
30-01-2026,67.01000213623047,70.22000122070312,58.83000183105469,59.43999862670898,2328900
02-02-2026,59.09999847412109,63.5099983215332,58.5,62.77000045776367,1329200
03-02-2026,62.709999084472656,63.880001068115234,59.310001373291016,60.630001068115234,998900
04-02-2026,60.72999954223633,61.45000076293945,59.59999847412109,60.2400016784668,796100
05-02-2026,59.790000915527344,61.27999877929688,57.7599983215332,58.540000915527344,675200
06-02-2026,60.290000915527344,62.27000045776367,59.68999862670898,62.02000045776367,596200
09-02-2026,61.27999877929688,62.790000915527344,61.27999877929688,62.04999923706055,591100
10-02-2026,62.0099983215332,62.90999984741211,59.16999816894531,59.380001068115234,514300
11-02-2026,60.38999938964844,61.560001373291016,55.90999984741211,57.040000915527344,1236800
12-02-2026,57.95000076293945,58.84000015258789,55.13999938964844,55.84999847412109,678700
13-02-2026,56.720001220703125,58.709999084472656,56.0099983215332,58.56999969482422,565100
17-02-2026,58.540000915527344,59.959999084472656,57.900001525878906,59.56999969482422,446600
18-02-2026,59.650001525878906,60.83000183105469,57.43000030517578,57.63999938964844,488700
19-02-2026,57.119998931884766,57.900001525878906,56.5,57.86000061035156,312400
20-02-2026,57.63999938964844,58.77999877929688,56.54999923706055,58.22999954223633,483300
23-02-2026,57.790000915527344,58.20000076293945,54.56999969482422,55.02999877929688,663800
24-02-2026,55.119998931884766,56.58000183105469,54.790000915527344,56.27999877929688,602900
25-02-2026,57.25,58.09000015258789,56.5,57.720001220703125,456000
26-02-2026,57.52000045776367,58.4900016784668,56.29999923706055,57.18000030517578,554900
27-02-2026,55.5099983215332,56.27999877929688,52.27999877929688,52.4900016784668,1085700
02-03-2026,51.5,54.470001220703125,51.4900016784668,54.130001068115234,652300
03-03-2026,52.869998931884766,55.34999847412109,51.77000045776367,54.63999938964844,657300
04-03-2026,55.209999084472656,56.060001373291016,54.43999862670898,55.29999923706055,592800
05-03-2026,54.72999954223633,56.02000045776367,53.900001525878906,54.77999877929688,540900
06-03-2026,52.560001373291016,52.790000915527344,51.0,52.65999984741211,420700
09-03-2026,51.119998931884766,53.63999938964844,50.20000076293945,52.97999954223633,602400
10-03-2026,52.97999954223633,54.7599983215332,52.150001525878906,53.209999084472656,672000
11-03-2026,52.59999847412109,54.31999969482422,51.869998931884766,52.72999954223633,323900
12-03-2026,52.34000015258789,54.02000045776367,51.86000061035156,53.29999923706055,383600
13-03-2026,53.720001220703125,54.66999816894531,53.06999969482422,53.54999923706055,387200
16-03-2026,54.33000183105469,54.52999877929688,53.0099983215332,53.09000015258789,355500
17-03-2026,53.63999938964844,54.34000015258789,52.68000030517578,53.13999938964844,281400
18-03-2026,53.09999847412109,53.52999877929688,51.900001525878906,52.34999847412109,524600
19-03-2026,51.81999969482422,53.15999984741211,51.119998931884766,52.880001068115234,787300
20-03-2026,52.7400016784668,52.869998931884766,52.0099983215332,52.61000061035156,1177600
23-03-2026,54.400001525878906,55.7400016784668,53.68999862670898,53.7400016784668,613300
24-03-2026,53.040000915527344,54.040000915527344,52.29999923706055,52.95000076293945,1283000
25-03-2026,53.70000076293945,54.27999877929688,52.220001220703125,52.5,394100
26-03-2026,51.650001525878906,52.70000076293945,51.58000183105469,52.45000076293945,443600
27-03-2026,51.77999877929688,52.47999954223633,51.130001068115234,51.47999954223633,402500
30-03-2026,52.38999938964844,52.63999938964844,51.43000030517578,51.90999984741211,493700
31-03-2026,52.86000061035156,54.290000915527344,52.40999984741211,53.72999954223633,537800
01-04-2026,54.13999938964844,55.59000015258789,53.95000076293945,54.810001373291016,298100
02-04-2026,53.59999847412109,55.68000030517578,53.27000045776367,55.650001525878906,286200
06-04-2026,55.650001525878906,56.650001525878906,55.43000030517578,56.16999816894531,273400
07-04-2026,56.16999816894531,56.58000183105469,55.2400016784668,56.45000076293945,279200
08-04-2026,58.90999984741211,60.08000183105469,57.310001373291016,57.52999877929688,502300
09-04-2026,57.380001068115234,59.02999877929688,57.09999847412109,58.34999847412109,641500
10-04-2026,58.310001373291016,58.93000030517578,57.61000061035156,58.52000045776367,243600
13-04-2026,58.0,59.91999816894531,57.72999954223633,59.54999923706055,297400
14-04-2026,59.790000915527344,60.18999862670898,59.220001220703125,59.52999877929688,281700
15-04-2026,59.52999877929688,60.560001373291016,59.0,59.84999847412109,301200
16-04-2026,59.7400016784668,60.459999084472656,59.630001068115234,60.36000061035156,271800
17-04-2026,61.59000015258789,63.400001525878906,61.11000061035156,61.70000076293945,387200
20-04-2026,61.09999847412109,62.43000030517578,60.90999984741211,60.959999084472656,292000
21-04-2026,60.959999084472656,61.790000915527344,59.04999923706055,59.97999954223633,515400
22-04-2026,60.68999862670898,60.83000183105469,59.61000061035156,60.16999816894531,393400
23-04-2026,60.220001220703125,60.75,59.34999847412109,60.470001220703125,438300
24-04-2026,59.52000045776367,61.27999877929688,57.470001220703125,57.90999984741211,543500
27-04-2026,57.90999984741211,59.040000915527344,57.47999954223633,58.86000061035156,373900
28-04-2026,59.13999938964844,60.86000061035156,59.13999938964844,60.7599983215332,535800
29-04-2026,61.369998931884766,61.369998931884766,59.77000045776367,60.02999877929688,746800
30-04-2026,59.63999938964844,60.95000076293945,59.52000045776367,59.83000183105469,534900
01-05-2026,59.65999984741211,60.40999984741211,58.540000915527344,59.209999084472656,348500
04-05-2026,59.02000045776367,59.93999862670898,58.06999969482422,58.59000015258789,333800
05-05-2026,58.70000076293945,60.09000015258789,58.68999862670898,59.58000183105469,237100
06-05-2026,60.619998931884766,61.27000045776367,59.5,60.4900016784668,465200
07-05-2026,60.40999984741211,60.75,59.34999847412109,59.5,303200
08-05-2026,59.70000076293945,59.70000076293945,56.66999816894531,57.0,770400
11-05-2026,56.52000045776367,56.95000076293945,54.869998931884766,55.11000061035156,614700
12-05-2026,55.16999816894531,55.16999816894531,52.68999862670898,53.54999923706055,708000
13-05-2026,53.400001525878906,54.130001068115234,52.290000915527344,52.619998931884766,466300
14-05-2026,53.22999954223633,54.900001525878906,53.06999969482422,54.77999877929688,590900
15-05-2026,54.08000183105469,54.38999938964844,53.560001373291016,54.22999954223633,620800
18-05-2026,54.790000915527344,55.84000015258789,54.16999816894531,54.27000045776367,713400
19-05-2026,54.18999862670898,54.38999938964844,53.22999954223633,53.619998931884766,465200
20-05-2026,53.97999954223633,54.93999862670898,52.77000045776367,54.900001525878906,504700
21-05-2026,54.43999862670898,55.209999084472656,53.5,55.06999969482422,380300
22-05-2026,55.06999969482422,55.68000030517578,54.88999938964844,55.31999969482422,228900
26-05-2026,55.52999877929688,57.0099983215332,55.41999816894531,56.0099983215332,325300
27-05-2026,56.04999923706055,56.54999923706055,55.130001068115234,55.54999923706055,250100
28-05-2026,55.54999923706055,55.54999923706055,54.33000183105469,55.06999969482422,245800
29-05-2026,55.22999954223633,55.380001068115234,54.52999877929688,55.15999984741211,343000
01-06-2026,54.9900016784668,55.130001068115234,53.79999923706055,54.4900016784668,260200
02-06-2026,54.150001525878906,55.02999877929688,54.06999969482422,54.560001373291016,390400
03-06-2026,54.02999877929688,54.5,51.95000076293945,52.040000915527344,407000
04-06-2026,52.93999862670898,54.13999938964844,52.93999862670898,53.540000915527344,401900
05-06-2026,53.540000915527344,54.61000061035156,53.130001068115234,54.11000061035156,368800
08-06-2026,54.36000061035156,54.75,54.0099983215332,54.22999954223633,314800
09-06-2026,54.619998931884766,56.290000915527344,53.9900016784668,54.66999816894531,432100
10-06-2026,54.68999862670898,55.59000015258789,54.45000076293945,54.95000076293945,301000
11-06-2026,55.15999984741211,56.959999084472656,54.84999847412109,56.5,438800
12-06-2026,57.040000915527344,57.83000183105469,56.77000045776367,57.459999084472656,366600
15-06-2026,57.77000045776367,59.040000915527344,55.70000076293945,56.060001373291016,404600
16-06-2026,56.61000061035156,57.119998931884766,55.34999847412109,55.9900016784668,407800
17-06-2026,55.45000076293945,56.709999084472656,54.5,55.290000915527344,469500
18-06-2026,55.83000183105469,56.630001068115234,55.459999084472656,56.16999816894531,1097100
22-06-2026,56.16999816894531,57.4900016784668,56.150001525878906,56.84999847412109,352300
23-06-2026,56.84999847412109,59.2400016784668,56.84000015258789,59.16999816894531,416400
24-06-2026,59.18000030517578,61.060001373291016,59.18000030517578,60.650001525878906,559500
25-06-2026,60.650001525878906,62.0,60.41999816894531,61.90999984741211,365300
26-06-2026,61.90999984741211,62.75,61.79999923706055,62.27000045776367,710900
29-06-2026,61.90999984741211,62.43999862670898,61.25,61.68000030517578,311000
30-06-2026,61.66999816894531,62.91999816894531,61.11000061035156,62.63999938964844,365900
01-07-2026,62.900001525878906,66.36000061035156,62.75,64.54000091552734,662900
02-07-2026,65.25,65.31999969482422,63.47999954223633,63.88999938964844,320300
06-07-2026,63.95000076293945,64.9800033569336,63.4900016784668,64.94000244140625,342500
07-07-2026,65.22000122070312,66.4000015258789,64.76000213623047,65.62000274658203,334700
08-07-2026,64.8499984741211,65.25,62.18000030517578,63.02999877929688,467500
09-07-2026,65.30000305175781,67.73999786376953,65.19000244140625,66.54000091552734,807800
10-07-2026,67.0199966430664,67.30000305175781,66.18000030517578,66.5,294600
13-07-2026,66.3499984741211,66.98999786376953,66.0,66.48999786376953,307300
14-07-2026,66.26000213623047,66.9000015258789,65.7699966430664,66.16999816894531,297100
15-07-2026,66.2699966430664,68.6500015258789,66.2699966430664,68.3499984741211,443500
16-07-2026,68.3499984741211,70.91000366210938,68.3499984741211,69.37999725341797,665900
17-07-2026,68.58999633789062,69.63999938964844,67.69999694824219,68.4000015258789,361700
20-07-2026,68.30999755859375,69.86000061035156,67.13999938964844,67.22000122070312,281900
21-07-2026,67.22000122070312,67.95999908447266,66.2699966430664,67.08000183105469,260400
22-07-2026,67.16999816894531,68.55999755859375,65.94000244140625,66.4800033569336,415900
23-07-2026,65.45999908447266,65.77999877929688,64.33000183105469,65.7300033569336,560500
24-07-2026,66.36000061035156,67.44999694824219,65.68000030517578,66.9800033569336,336400
27-07-2026,67.61000061035156,69.0,67.08999633789062,67.4000015258789,383500
28-07-2026,68.0199966430664,69.13999938964844,67.62000274658203,68.80999755859375,412200
29-07-2026,68.12000274658203,68.79000091552734,66.70999908447266,67.58999633789062,417700
30-07-2026,67.8499984741211,67.98999786376953,64.51000213623047,64.77999877929688,926400
31-07-2026,65.12999725341797,68.6500015258789,64.54000091552734,67.06999969482422,633200
03-08-2026,69.04000091552734,72.25,68.2300033569336,71.0,683600
04-08-2026,71.0,72.86000061035156,70.0,72.05000305175781,562800
05-08-2026,72.41999816894531,73.0199966430664,71.6500015258789,71.73999786376953,368900
06-08-2026,72.0199966430664,72.44999694824219,70.69000244140625,70.75,402600
07-08-2026,70.54000091552734,70.80999755859375,69.47000122070312,69.63999938964844,287300
10-08-2026,68.93000030517578,69.97000122070312,68.44000244140625,68.93000030517578,337100
11-08-2026,69.0999984741211,70.18000030517578,68.83999633789062,69.45999908447266,272500
12-08-2026,69.5999984741211,69.94000244140625,68.87999725341797,69.5,310400
13-08-2026,70.56999969482422,71.5199966430664,69.04000091552734,69.13999938964844,262700
14-08-2026,69.13999938964844,69.8499984741211,68.55000305175781,69.68000030517578,193500
17-08-2026,69.68000030517578,70.47000122070312,68.16000366210938,68.2699966430664,356600
18-08-2026,68.30000305175781,69.12000274658203,67.76000213623047,68.31999969482422,263100
19-08-2026,68.66000366210938,69.61000061035156,67.30999755859375,67.91000366210938,481200
20-08-2026,67.51000213623047,67.58000183105469,66.19000244140625,66.91000366210938,308800
21-08-2026,67.4000015258789,67.58000183105469,66.0999984741211,67.19000244140625,305100
24-08-2026,67.02999877929688,68.01000213623047,66.56999969482422,66.80000305175781,167300
25-08-2026,66.87999725341797,67.27999877929688,66.1500015258789,66.9800033569336,210300
26-08-2026,67.33999633789062,67.37000274658203,66.05000305175781,66.30000305175781,193800
27-08-2026,65.91000366210938,66.95999908447266,65.0999984741211,66.44000244140625,186200
28-08-2026,66.76000213623047,67.37000274658203,65.66999816894531,65.69999694824219,185400
31-08-2026,65.41999816894531,67.37999725341797,63.77999877929688,65.0,267600
01-09-2026,64.63999938964844,65.55999755859375,63.63999938964844,64.3499984741211,284200
02-09-2026,64.83000183105469,66.55999755859375,64.69999694824219,66.44999694824219,242900
03-09-2026,66.79000091552734,68.0999984741211,66.79000091552734,67.73999786376953,227200
04-09-2026,67.44999694824219,67.80999755859375,66.72000122070312,66.87000274658203,233300
08-09-2026,65.70999908447266,65.91000366210938,63.88999938964844,64.41000366210938,473200
09-09-2026,53.31999969482422,54.2599983215332,48.40999984741211,50.02999877929688,2970300
10-09-2026,49.970001220703125,51.400001525878906,49.75,50.29999923706055,797900
11-09-2026,51.09000015258789,51.38999938964844,50.0,50.630001068115234,599700
14-09-2026,50.45000076293945,51.0,49.59999847412109,50.22999954223633,769800
15-09-2026,50.4900016784668,51.310001373291016,49.91999816894531,50.02999877929688,659400
16-09-2026,50.369998931884766,51.0,49.79999923706055,50.72999954223633,967300
17-09-2026,51.0,51.25,49.89,50.65,514800
18-09-2026,50.64,50.97,49.82,50.23,1676500
21-09-2026,50.54,50.98,50.16,50.28,423400
22-09-2026,51.14,51.47,50.57,50.59,531700
23-09-2026,50.55,50.94,49.43,49.54,499300
24-09-2026,49.5,50.11,49.05,49.99,554400
25-09-2026,50.34,51.15,50.23,50.58,425600
28-09-2026,50.56,50.58,49.16,49.16,394500
29-09-2026,49.16,49.41,48.15,48.56,384800
30-09-2026,48.65,49.15,47.41,48.16,714000
01-10-2026,48.0,49.13,47.01,48.94,517500
02-10-2026,49.5,49.96,48.43,48.81,457000
