Date,Open,High,Low,Close,Volume
30-09-2021,57.0,58.619998931884766,56.56999969482422,57.34999847412109,2205700
01-10-2021,57.68999862670898,58.13999938964844,56.34999847412109,57.86000061035156,1188600
04-10-2021,57.630001068115234,58.08000183105469,55.75,56.40999984741211,1179300
05-10-2021,56.88999938964844,56.95000076293945,55.02000045776367,55.150001525878906,1201100
06-10-2021,54.95000076293945,55.56999969482422,54.11000061035156,55.08000183105469,983200
07-10-2021,55.400001525878906,56.5099983215332,55.38999938964844,55.81999969482422,808300
08-10-2021,56.22999954223633,56.54999923706055,55.040000915527344,55.18000030517578,497000
11-10-2021,55.04999923706055,56.02999877929688,54.68000030517578,54.720001220703125,761400
12-10-2021,55.97999954223633,57.36000061035156,55.5,56.27999877929688,1454000
13-10-2021,56.459999084472656,57.27000045776367,55.869998931884766,56.70000076293945,514700
14-10-2021,57.02000045776367,57.7400016784668,56.9900016784668,57.52999877929688,460000
15-10-2021,57.68000030517578,58.09999847412109,57.290000915527344,57.47999954223633,504000
18-10-2021,57.68000030517578,58.47999954223633,57.68000030517578,57.83000183105469,479600
19-10-2021,57.90999984741211,58.15999984741211,56.31999969482422,56.93000030517578,533400
20-10-2021,56.7400016784668,57.38999938964844,56.5099983215332,57.09000015258789,334300
21-10-2021,57.09000015258789,57.869998931884766,56.90999984741211,57.72999954223633,423400
22-10-2021,57.7599983215332,59.380001068115234,57.59999847412109,58.79999923706055,824300
25-10-2021,58.79999923706055,59.09999847412109,58.11000061035156,58.88999938964844,627800
26-10-2021,58.93000030517578,59.13999938964844,57.380001068115234,57.47999954223633,743200
27-10-2021,57.13999938964844,57.560001373291016,55.18999862670898,55.38999938964844,488800
28-10-2021,55.68999862670898,56.880001068115234,55.68999862670898,56.119998931884766,499300
29-10-2021,55.7400016784668,56.84999847412109,55.459999084472656,56.560001373291016,613900
01-11-2021,56.959999084472656,57.0,56.18000030517578,56.34000015258789,623100
02-11-2021,56.5099983215332,57.13999938964844,55.18000030517578,56.06999969482422,821200
03-11-2021,56.06999969482422,56.869998931884766,56.0,56.52999877929688,1013000
04-11-2021,56.709999084472656,57.08000183105469,56.130001068115234,56.88999938964844,1539600
05-11-2021,48.290000915527344,50.25,47.75,48.84000015258789,5162900
08-11-2021,48.95000076293945,50.68000030517578,48.27000045776367,50.380001068115234,1657700
09-11-2021,50.43999862670898,51.060001373291016,50.09999847412109,50.380001068115234,1018200
10-11-2021,50.20000076293945,50.70000076293945,48.2599983215332,48.27999877929688,943500
11-11-2021,48.52999877929688,49.52999877929688,48.5099983215332,48.93000030517578,993500
12-11-2021,48.84000015258789,49.52000045776367,48.04999923706055,48.619998931884766,1036900
15-11-2021,48.619998931884766,49.52000045776367,48.11000061035156,49.11000061035156,772200
16-11-2021,47.65999984741211,48.97999954223633,47.31999969482422,47.36000061035156,1484200
17-11-2021,47.400001525878906,48.2400016784668,46.36000061035156,47.7599983215332,1691800
18-11-2021,47.59999847412109,47.7400016784668,45.84999847412109,45.93999862670898,1136500
19-11-2021,46.22999954223633,46.959999084472656,45.40999984741211,45.5,1156400
22-11-2021,45.15999984741211,45.540000915527344,43.43999862670898,43.9900016784668,1642500
23-11-2021,44.130001068115234,44.310001373291016,43.22999954223633,44.220001220703125,1152000
24-11-2021,43.59999847412109,45.060001373291016,43.22999954223633,45.0099983215332,701800
26-11-2021,43.970001220703125,45.09000015258789,43.88999938964844,44.38999938964844,446500
29-11-2021,45.2599983215332,45.59999847412109,44.43000030517578,45.15999984741211,819700
30-11-2021,44.790000915527344,45.38999938964844,43.13999938964844,43.41999816894531,1650800
01-12-2021,43.83000183105469,44.45000076293945,42.540000915527344,42.65999984741211,1314500
02-12-2021,42.310001373291016,43.02999877929688,42.09999847412109,42.7599983215332,986100
03-12-2021,42.91999816894531,43.27999877929688,40.58000183105469,41.41999816894531,1479900
06-12-2021,41.310001373291016,42.36000061035156,40.65999984741211,42.09999847412109,1202600
07-12-2021,43.220001220703125,44.209999084472656,42.66999816894531,43.56999969482422,1100100
08-12-2021,43.68000030517578,44.08000183105469,42.70000076293945,43.93000030517578,621900
09-12-2021,43.5,44.150001525878906,42.81999969482422,42.84999847412109,936300
10-12-2021,43.20000076293945,43.88999938964844,42.470001220703125,42.560001373291016,693100
13-12-2021,42.459999084472656,43.0099983215332,41.720001220703125,41.88999938964844,884400
14-12-2021,41.58000183105469,42.380001068115234,41.25,42.02000045776367,830500
15-12-2021,42.02999877929688,43.29999923706055,41.91999816894531,43.13999938964844,628300
16-12-2021,43.08000183105469,43.119998931884766,41.7599983215332,41.93000030517578,723100
17-12-2021,41.90999984741211,43.150001525878906,41.63999938964844,42.7599983215332,1944800
20-12-2021,44.13999938964844,44.13999938964844,41.88999938964844,42.25,868000
21-12-2021,42.13999938964844,43.310001373291016,42.02000045776367,43.119998931884766,665600
22-12-2021,43.06999969482422,43.36000061035156,42.77999877929688,43.08000183105469,450900
23-12-2021,43.22999954223633,44.27000045776367,43.02000045776367,44.11000061035156,428900
27-12-2021,44.34000015258789,44.77999877929688,43.95000076293945,44.43999862670898,491400
28-12-2021,44.43999862670898,44.43999862670898,43.4900016784668,44.04999923706055,455600
29-12-2021,44.0,44.52999877929688,43.68000030517578,43.83000183105469,356300
30-12-2021,43.91999816894531,44.41999816894531,43.18000030517578,43.2400016784668,462200
31-12-2021,43.16999816894531,43.65999984741211,42.43000030517578,42.470001220703125,521400
03-01-2022,42.810001373291016,43.93999862670898,42.77999877929688,43.91999816894531,617700
04-01-2022,43.34999847412109,43.84999847412109,42.5099983215332,43.79999923706055,749000
05-01-2022,43.77000045776367,43.84999847412109,42.22999954223633,42.61000061035156,1126600
06-01-2022,42.5099983215332,43.66999816894531,42.18999862670898,42.84000015258789,682200
07-01-2022,42.650001525878906,43.2400016784668,42.15999984741211,42.380001068115234,600800
10-01-2022,41.91999816894531,44.81999969482422,41.90999984741211,44.77000045776367,1270000
11-01-2022,44.790000915527344,45.43000030517578,43.959999084472656,45.18999862670898,938300
12-01-2022,45.220001220703125,46.2599983215332,44.630001068115234,44.77000045776367,573900
13-01-2022,45.0,45.0,43.27000045776367,43.459999084472656,630300
14-01-2022,43.09999847412109,43.84999847412109,42.72999954223633,43.79999923706055,641800
18-01-2022,43.4900016784668,43.86000061035156,42.61000061035156,42.7599983215332,478900
19-01-2022,42.84000015258789,43.400001525878906,42.15999984741211,42.310001373291016,682100
20-01-2022,42.38999938964844,42.970001220703125,41.04999923706055,41.06999969482422,1021200
21-01-2022,40.900001525878906,41.54999923706055,39.34000015258789,39.400001525878906,1319700
24-01-2022,38.52000045776367,40.79999923706055,37.34999847412109,40.560001373291016,1427500
25-01-2022,39.880001068115234,40.25,39.130001068115234,39.880001068115234,1207400
26-01-2022,40.18999862670898,41.45000076293945,39.380001068115234,39.560001373291016,694500
27-01-2022,40.02000045776367,41.16999816894531,38.83000183105469,38.869998931884766,652400
28-01-2022,38.90999984741211,40.16999816894531,38.38999938964844,40.15999984741211,707700
31-01-2022,40.02999877929688,40.95000076293945,39.630001068115234,40.34000015258789,1062400
01-02-2022,40.33000183105469,41.709999084472656,40.08000183105469,41.709999084472656,796200
02-02-2022,41.52999877929688,42.220001220703125,41.09000015258789,41.93000030517578,1496500
03-02-2022,41.13999938964844,41.36000061035156,40.43999862670898,41.20000076293945,1120200
04-02-2022,41.18000030517578,42.66999816894531,40.97999954223633,41.77000045776367,1440300
07-02-2022,42.13999938964844,42.68000030517578,40.150001525878906,40.27999877929688,1554100
08-02-2022,45.65999984741211,51.70000076293945,45.09999847412109,50.88999938964844,5820600
09-02-2022,52.41999816894531,52.52999877929688,49.59999847412109,50.9900016784668,2395300
10-02-2022,50.709999084472656,51.84999847412109,50.310001373291016,51.0,1424800
11-02-2022,51.060001373291016,51.97999954223633,49.77000045776367,50.06999969482422,947300
14-02-2022,50.119998931884766,50.790000915527344,48.83000183105469,49.41999816894531,883200
15-02-2022,49.90999984741211,51.0,49.720001220703125,50.65999984741211,1024400
16-02-2022,50.33000183105469,51.810001373291016,50.15999984741211,51.2599983215332,959900
17-02-2022,50.5,51.18999862670898,49.83000183105469,50.13999938964844,696400
18-02-2022,50.54999923706055,51.65999984741211,48.7400016784668,48.90999984741211,721000
22-02-2022,48.04999923706055,49.2599983215332,47.400001525878906,47.790000915527344,735400
23-02-2022,48.040000915527344,49.61000061035156,47.2599983215332,47.52999877929688,860600
24-02-2022,46.220001220703125,49.720001220703125,46.0,49.5099983215332,879500
25-02-2022,49.150001525878906,50.220001220703125,48.04999923706055,49.75,784400
28-02-2022,49.38999938964844,50.40999984741211,49.27999877929688,49.9900016784668,608200
01-03-2022,50.08000183105469,51.0,49.130001068115234,49.45000076293945,660200
02-03-2022,48.93999862670898,49.2599983215332,47.91999816894531,49.040000915527344,1198300
03-03-2022,49.290000915527344,49.290000915527344,46.52000045776367,47.43999862670898,1160000
04-03-2022,47.15999984741211,47.72999954223633,45.59999847412109,46.29999923706055,966500
07-03-2022,46.400001525878906,46.900001525878906,44.540000915527344,44.970001220703125,892100
08-03-2022,44.43000030517578,45.77999877929688,43.959999084472656,44.15999984741211,1057200
09-03-2022,44.720001220703125,45.72999954223633,44.720001220703125,45.470001220703125,807300
10-03-2022,44.7599983215332,45.84999847412109,44.33000183105469,45.22999954223633,569300
11-03-2022,45.470001220703125,45.77999877929688,44.09999847412109,44.25,893900
14-03-2022,43.81999969482422,44.290000915527344,42.83000183105469,43.310001373291016,1002400
15-03-2022,43.5099983215332,44.56999969482422,43.18999862670898,44.5099983215332,699600
16-03-2022,45.040000915527344,46.95000076293945,44.81999969482422,46.93999862670898,1062000
17-03-2022,46.869998931884766,47.720001220703125,46.59000015258789,47.560001373291016,757100
18-03-2022,47.650001525878906,48.40999984741211,47.45000076293945,48.34999847412109,2010600
21-03-2022,48.04999923706055,49.060001373291016,47.93000030517578,49.040000915527344,686300
22-03-2022,49.18999862670898,49.90999984741211,49.060001373291016,49.40999984741211,1106100
23-03-2022,49.02000045776367,50.40999984741211,48.68000030517578,49.70000076293945,947300
24-03-2022,49.70000076293945,50.9900016784668,49.31999969482422,50.459999084472656,1182100
25-03-2022,50.5,50.58000183105469,50.02999877929688,50.36000061035156,639800
28-03-2022,50.20000076293945,50.68000030517578,49.59000015258789,49.9900016784668,892900
29-03-2022,50.310001373291016,50.93000030517578,49.77000045776367,50.65999984741211,1001800
30-03-2022,50.310001373291016,50.5,49.2400016784668,49.81999969482422,908200
31-03-2022,49.91999816894531,50.34999847412109,49.18999862670898,49.290000915527344,795500
01-04-2022,49.29999923706055,50.0,48.56999969482422,49.18000030517578,747500
04-04-2022,49.060001373291016,49.4900016784668,48.09000015258789,48.68000030517578,680900
05-04-2022,48.52000045776367,48.86000061035156,47.54999923706055,47.79999923706055,780100
06-04-2022,47.150001525878906,47.650001525878906,46.72999954223633,47.38999938964844,876800
07-04-2022,47.09000015258789,48.0099983215332,47.09000015258789,47.5,696800
08-04-2022,47.560001373291016,47.84999847412109,46.86000061035156,46.97999954223633,780000
11-04-2022,46.72999954223633,47.33000183105469,46.5,46.72999954223633,1020000
12-04-2022,47.0099983215332,47.52999877929688,45.970001220703125,46.400001525878906,1635500
13-04-2022,46.43999862670898,47.54999923706055,46.13999938964844,47.31999969482422,796200
14-04-2022,47.2400016784668,47.29999923706055,45.560001373291016,45.68000030517578,1680200
18-04-2022,45.720001220703125,46.09999847412109,45.060001373291016,45.29999923706055,763800
19-04-2022,44.900001525878906,45.810001373291016,44.900001525878906,45.43000030517578,729500
20-04-2022,45.81999969482422,46.47999954223633,45.13999938964844,45.77999877929688,467600
21-04-2022,46.06999969482422,46.27000045776367,44.880001068115234,45.13999938964844,721800
22-04-2022,45.08000183105469,45.310001373291016,43.65999984741211,43.7400016784668,1119600
25-04-2022,43.27999877929688,44.060001373291016,43.04999923706055,43.650001525878906,1661300
26-04-2022,43.34999847412109,43.66999816894531,42.40999984741211,42.720001220703125,1582300
27-04-2022,42.56999969482422,43.06999969482422,42.0,42.0099983215332,1244000
28-04-2022,42.27999877929688,42.75,41.22999954223633,42.25,821400
29-04-2022,41.91999816894531,42.709999084472656,41.29999923706055,41.34999847412109,851800
02-05-2022,41.27000045776367,41.59999847412109,40.380001068115234,41.27999877929688,999600
03-05-2022,41.27999877929688,41.65999984741211,40.68000030517578,41.380001068115234,1139000
04-05-2022,41.619998931884766,41.84000015258789,40.43999862670898,41.54999923706055,1391900
05-05-2022,40.9900016784668,40.9900016784668,39.40999984741211,39.88999938964844,2823500
06-05-2022,36.59999847412109,37.790000915527344,34.93000030517578,35.84000015258789,3886400
09-05-2022,35.029998779296875,36.150001525878906,33.93000030517578,34.5,1790500
10-05-2022,35.060001373291016,35.20000076293945,33.380001068115234,34.40999984741211,1662100
11-05-2022,34.22999954223633,34.779998779296875,33.59000015258789,33.7599983215332,1447400
12-05-2022,33.5099983215332,35.150001525878906,33.400001525878906,34.66999816894531,1308100
13-05-2022,35.189998626708984,37.18999862670898,35.189998626708984,36.58000183105469,1271400
16-05-2022,36.27999877929688,37.150001525878906,36.02000045776367,36.09999847412109,830100
17-05-2022,36.65999984741211,37.209999084472656,36.34999847412109,37.09999847412109,627900
18-05-2022,36.650001525878906,36.88999938964844,36.04999923706055,36.36000061035156,744700
19-05-2022,36.25,36.52000045776367,35.7400016784668,35.95000076293945,802900
20-05-2022,36.13999938964844,36.93999862670898,34.939998626708984,35.65999984741211,690200
23-05-2022,35.84000015258789,36.29999923706055,35.459999084472656,35.63999938964844,703700
24-05-2022,35.119998931884766,35.119998931884766,34.189998626708984,34.91999816894531,901400
25-05-2022,34.91999816894531,36.31999969482422,34.84000015258789,36.060001373291016,701100
26-05-2022,35.540000915527344,37.59999847412109,35.22999954223633,37.34000015258789,786000
27-05-2022,37.810001373291016,38.630001068115234,37.75,38.36000061035156,658900
31-05-2022,38.09999847412109,38.619998931884766,37.470001220703125,38.43000030517578,1395300
01-06-2022,38.86000061035156,39.2400016784668,37.63999938964844,37.869998931884766,869700
02-06-2022,37.91999816894531,39.11000061035156,37.91999816894531,39.04999923706055,561800
03-06-2022,38.52999877929688,38.970001220703125,38.0,38.31999969482422,535300
06-06-2022,38.709999084472656,38.880001068115234,38.0099983215332,38.2599983215332,591500
07-06-2022,37.95000076293945,39.22999954223633,37.90999984741211,39.18999862670898,535000
08-06-2022,39.2599983215332,39.52999877929688,38.72999954223633,38.77000045776367,568500
09-06-2022,38.470001220703125,39.15999984741211,38.18999862670898,38.369998931884766,654200
10-06-2022,37.65999984741211,37.880001068115234,37.06999969482422,37.18000030517578,482300
13-06-2022,36.27999877929688,37.130001068115234,35.959999084472656,36.91999816894531,1133900
14-06-2022,36.790000915527344,37.18000030517578,35.56999969482422,35.970001220703125,724900
15-06-2022,36.29999923706055,36.68000030517578,35.529998779296875,36.2400016784668,671600
16-06-2022,35.380001068115234,35.529998779296875,34.189998626708984,34.630001068115234,813600
17-06-2022,34.900001525878906,36.0099983215332,34.79999923706055,35.630001068115234,1957600
21-06-2022,36.060001373291016,36.88999938964844,35.5,36.81999969482422,808600
22-06-2022,36.09999847412109,36.9900016784668,36.09999847412109,36.56999969482422,912600
23-06-2022,36.91999816894531,37.84999847412109,35.939998626708984,37.810001373291016,947700
24-06-2022,38.130001068115234,39.84000015258789,38.130001068115234,39.75,1799500
27-06-2022,39.65999984741211,39.65999984741211,37.66999816894531,37.86000061035156,613800
28-06-2022,38.02000045776367,38.43999862670898,37.04999923706055,37.25,973000
29-06-2022,37.400001525878906,37.58000183105469,36.790000915527344,37.459999084472656,641000
30-06-2022,36.790000915527344,37.380001068115234,36.25,37.0099983215332,480300
01-07-2022,37.060001373291016,37.5,36.43999862670898,37.369998931884766,541100
05-07-2022,36.5,38.5,36.18000030517578,38.4900016784668,653300
06-07-2022,38.68999862670898,38.86000061035156,38.0099983215332,38.5099983215332,567800
07-07-2022,38.52000045776367,39.84000015258789,38.52000045776367,39.459999084472656,678800
08-07-2022,39.0,39.58000183105469,38.66999816894531,39.18999862670898,319300
11-07-2022,38.91999816894531,38.91999816894531,38.33000183105469,38.52000045776367,259100
12-07-2022,38.43999862670898,39.02999877929688,37.13999938964844,37.380001068115234,493800
13-07-2022,36.720001220703125,37.630001068115234,36.52999877929688,37.36000061035156,285300
14-07-2022,36.86000061035156,36.95000076293945,36.29999923706055,36.56999969482422,554700
15-07-2022,37.15999984741211,37.34000015258789,36.70000076293945,37.09999847412109,476100
18-07-2022,37.09999847412109,37.54999923706055,36.630001068115234,36.7400016784668,397900
19-07-2022,37.40999984741211,38.11000061035156,37.15999984741211,37.9900016784668,281900
20-07-2022,38.25,38.810001373291016,37.9900016784668,38.59000015258789,469800
21-07-2022,38.43999862670898,39.560001373291016,38.36000061035156,39.54999923706055,472500
22-07-2022,39.540000915527344,39.54999923706055,38.08000183105469,38.36000061035156,359000
25-07-2022,38.5099983215332,38.5099983215332,37.9900016784668,38.209999084472656,523900
26-07-2022,38.0099983215332,38.0099983215332,36.380001068115234,36.619998931884766,466300
27-07-2022,36.9900016784668,38.38999938964844,36.79999923706055,38.27000045776367,648500
28-07-2022,38.18999862670898,38.869998931884766,37.810001373291016,38.38999938964844,663900
29-07-2022,38.27999877929688,38.59000015258789,37.84000015258789,38.290000915527344,1195600
01-08-2022,37.90999984741211,38.63999938964844,37.470001220703125,38.25,1613000
02-08-2022,37.650001525878906,37.9900016784668,36.7599983215332,37.20000076293945,920500
03-08-2022,37.41999816894531,38.72999954223633,37.22999954223633,38.52000045776367,1050700
04-08-2022,38.63999938964844,38.900001525878906,38.02000045776367,38.84000015258789,1170300
05-08-2022,37.33000183105469,37.33000183105469,35.150001525878906,35.709999084472656,2309300
08-08-2022,35.869998931884766,36.220001220703125,35.06999969482422,35.15999984741211,775700
09-08-2022,34.86000061035156,35.34000015258789,34.599998474121094,34.65999984741211,763400
10-08-2022,35.4900016784668,35.91999816894531,35.060001373291016,35.68000030517578,718500
11-08-2022,35.9900016784668,36.220001220703125,35.689998626708984,35.84000015258789,870700
12-08-2022,35.86000061035156,36.06999969482422,35.540000915527344,35.72999954223633,853300
15-08-2022,35.75,36.18999862670898,35.75,35.790000915527344,989200
16-08-2022,35.38999938964844,35.810001373291016,35.02000045776367,35.66999816894531,899700
17-08-2022,35.310001373291016,35.400001525878906,34.70000076293945,35.040000915527344,548500
18-08-2022,35.0099983215332,35.97999954223633,34.75,35.88999938964844,896900
19-08-2022,35.70000076293945,35.880001068115234,34.900001525878906,35.220001220703125,552800
22-08-2022,34.709999084472656,34.810001373291016,33.939998626708984,34.189998626708984,504900
23-08-2022,34.29999923706055,34.54999923706055,34.06999969482422,34.16999816894531,550800
24-08-2022,34.279998779296875,34.36000061035156,34.04999923706055,34.06999969482422,519100
25-08-2022,34.380001068115234,34.93000030517578,34.20000076293945,34.77000045776367,517900
26-08-2022,34.779998779296875,35.0099983215332,33.369998931884766,33.380001068115234,547500
29-08-2022,33.060001373291016,33.439998626708984,32.540000915527344,32.54999923706055,889400
30-08-2022,32.70000076293945,33.189998626708984,32.59000015258789,32.900001525878906,1178600
31-08-2022,33.27000045776367,33.279998779296875,32.790000915527344,32.900001525878906,911800
01-09-2022,32.7599983215332,32.9900016784668,32.060001373291016,32.54999923706055,1114400
02-09-2022,32.7400016784668,32.790000915527344,31.90999984741211,32.02000045776367,942300
06-09-2022,32.18000030517578,32.84000015258789,31.979999542236328,32.560001373291016,868200
07-09-2022,32.560001373291016,32.63999938964844,31.86000061035156,32.470001220703125,724300
08-09-2022,32.06999969482422,32.349998474121094,31.65999984741211,31.799999237060547,818400
09-09-2022,32.119998931884766,32.70000076293945,32.119998931884766,32.599998474121094,651300
12-09-2022,32.81999969482422,33.349998474121094,32.7400016784668,32.939998626708984,633500
13-09-2022,32.02000045776367,32.650001525878906,31.84000015258789,32.380001068115234,930500
14-09-2022,32.45000076293945,32.45000076293945,31.440000534057617,31.979999542236328,829800
15-09-2022,31.57999992370605,32.349998474121094,31.489999771118164,31.86000061035156,722500
16-09-2022,31.59000015258789,31.59000015258789,30.88999938964844,31.18000030517578,1834400
19-09-2022,30.989999771118164,31.709999084472656,30.76000022888184,31.690000534057617,773700
20-09-2022,31.38999938964844,31.459999084472656,30.549999237060547,30.600000381469727,592500
21-09-2022,30.86000061035156,31.729999542236328,30.6299991607666,30.96999931335449,987700
22-09-2022,30.920000076293945,31.0,30.59000015258789,30.6200008392334,631300
23-09-2022,30.290000915527344,30.690000534057617,30.18000030517578,30.64999961853028,868200
26-09-2022,30.549999237060547,30.959999084472656,30.21999931335449,30.26000022888184,741800
27-09-2022,30.709999084472656,30.8799991607666,30.190000534057617,30.64999961853028,660200
28-09-2022,30.8700008392334,31.75,30.8700008392334,31.530000686645508,800100
29-09-2022,31.13999938964844,31.530000686645508,30.920000076293945,31.450000762939453,849100
30-09-2022,31.559999465942383,32.150001525878906,31.049999237060547,31.059999465942383,983900
03-10-2022,31.239999771118164,31.489999771118164,30.770000457763672,31.3799991607666,2121500
04-10-2022,31.950000762939453,32.209999084472656,31.770000457763672,32.02000045776367,1239000
05-10-2022,31.540000915527344,32.0099983215332,31.25,31.89999961853028,674200
06-10-2022,31.93000030517578,32.04999923706055,31.280000686645508,31.36000061035156,959100
07-10-2022,30.979999542236328,30.979999542236328,29.979999542236328,30.049999237060547,885000
10-10-2022,30.14999961853028,30.14999961853028,29.43000030517578,29.709999084472656,818300
11-10-2022,29.600000381469727,29.780000686645508,28.799999237060547,29.09000015258789,2942100
12-10-2022,29.209999084472656,29.76000022888184,29.030000686645508,29.540000915527344,1041000
13-10-2022,28.90999984741211,30.32999992370605,28.64999961853028,30.1299991607666,1053600
14-10-2022,30.489999771118164,30.57999992370605,29.34000015258789,29.459999084472656,1009000
17-10-2022,30.059999465942383,30.84000015258789,30.059999465942383,30.6299991607666,1027200
18-10-2022,31.229999542236328,31.809999465942383,30.76000022888184,31.01000022888184,1270700
19-10-2022,30.86000061035156,31.09000015258789,29.850000381469727,30.1299991607666,657400
20-10-2022,30.229999542236328,30.729999542236328,30.0,30.26000022888184,754900
21-10-2022,30.09000015258789,30.850000381469727,29.850000381469727,30.75,625000
24-10-2022,30.920000076293945,31.049999237060547,30.479999542236328,30.8700008392334,605200
25-10-2022,31.09000015258789,31.81999969482422,31.09000015258789,31.64999961853028,900600
26-10-2022,31.46999931335449,32.369998931884766,31.32999992370605,31.59000015258789,837300
27-10-2022,31.709999084472656,31.96999931335449,31.21999931335449,31.479999542236328,629600
28-10-2022,31.200000762939453,31.780000686645508,30.950000762939453,31.6299991607666,725000
31-10-2022,31.39999961853028,31.84000015258789,31.15999984741211,31.59000015258789,877900
01-11-2022,31.93000030517578,32.279998779296875,31.479999542236328,32.08000183105469,972500
02-11-2022,31.979999542236328,32.029998779296875,30.59000015258789,30.6299991607666,829700
03-11-2022,30.3799991607666,30.3799991607666,29.700000762939453,30.020000457763672,567100
04-11-2022,30.280000686645508,30.280000686645508,29.18000030517578,29.549999237060547,896100
07-11-2022,29.63999938964844,30.100000381469727,29.280000686645508,30.040000915527344,983400
08-11-2022,31.5,32.599998474121094,30.489999771118164,30.979999542236328,1625000
09-11-2022,30.6299991607666,30.90999984741211,29.8799991607666,29.8799991607666,1243700
10-11-2022,30.799999237060547,31.489999771118164,30.65999984741211,31.209999084472656,2709300
11-11-2022,31.5,33.939998626708984,31.030000686645508,32.790000915527344,3379000
14-11-2022,32.5,33.220001220703125,31.530000686645508,32.619998931884766,2725700
15-11-2022,33.22999954223633,34.119998931884766,33.22999954223633,33.9900016784668,1649000
16-11-2022,33.68000030517578,33.689998626708984,32.93000030517578,33.099998474121094,1287800
17-11-2022,32.5,32.900001525878906,32.2400016784668,32.54999923706055,828100
18-11-2022,32.900001525878906,32.900001525878906,31.770000457763672,31.82999992370605,1096900
21-11-2022,31.59000015258789,32.09000015258789,31.459999084472656,32.0,800800
22-11-2022,32.09000015258789,32.97999954223633,31.82999992370605,32.88999938964844,3080500
23-11-2022,33.040000915527344,33.33000183105469,32.84000015258789,33.209999084472656,766500
25-11-2022,32.95000076293945,33.5099983215332,32.86000061035156,33.41999816894531,350900
28-11-2022,33.29999923706055,33.5,32.77000045776367,32.83000183105469,594800
29-11-2022,32.849998474121094,33.099998474121094,32.52000045776367,32.95000076293945,641300
30-11-2022,32.900001525878906,34.150001525878906,32.68000030517578,34.150001525878906,947200
01-12-2022,34.20000076293945,34.90999984741211,34.15999984741211,34.75,667800
02-12-2022,34.060001373291016,35.04999923706055,34.0,34.779998779296875,558200
05-12-2022,34.459999084472656,34.709999084472656,33.959999084472656,34.189998626708984,598900
06-12-2022,34.20000076293945,34.279998779296875,33.209999084472656,33.7599983215332,945900
07-12-2022,33.65999984741211,33.88999938964844,33.040000915527344,33.040000915527344,719200
08-12-2022,33.279998779296875,34.06999969482422,33.209999084472656,33.88999938964844,484200
09-12-2022,33.720001220703125,34.2599983215332,33.630001068115234,33.70000076293945,631900
12-12-2022,33.75,34.189998626708984,33.59000015258789,34.040000915527344,462900
13-12-2022,35.380001068115234,35.5,34.38999938964844,34.83000183105469,789300
14-12-2022,34.66999816894531,35.099998474121094,34.2400016784668,34.77000045776367,718700
15-12-2022,34.06999969482422,34.119998931884766,33.2400016784668,33.33000183105469,626700
16-12-2022,33.130001068115234,33.41999816894531,32.7400016784668,33.189998626708984,1963800
19-12-2022,33.119998931884766,33.20000076293945,32.52000045776367,32.650001525878906,602000
20-12-2022,32.369998931884766,33.36000061035156,32.279998779296875,33.20000076293945,674200
21-12-2022,33.34000015258789,33.77000045776367,33.16999816894531,33.349998474121094,656400
22-12-2022,32.959999084472656,33.45000076293945,32.5099983215332,33.43000030517578,709200
23-12-2022,33.33000183105469,33.61000061035156,32.7599983215332,33.220001220703125,380600
27-12-2022,33.04999923706055,33.52000045776367,32.849998474121094,33.349998474121094,619000
28-12-2022,33.16999816894531,33.43000030517578,32.790000915527344,32.84000015258789,527900
29-12-2022,33.220001220703125,33.81999969482422,33.13999938964844,33.7400016784668,358800
30-12-2022,33.189998626708984,33.7599983215332,33.119998931884766,33.65999984741211,472600
03-01-2023,34.16999816894531,34.41999816894531,32.970001220703125,33.380001068115234,674600
04-01-2023,33.77000045776367,34.310001373291016,33.369998931884766,34.150001525878906,841700
05-01-2023,33.810001373291016,34.29999923706055,33.5,33.810001373291016,887800
06-01-2023,34.02000045776367,34.02000045776367,33.20000076293945,33.65999984741211,437500
09-01-2023,33.88999938964844,34.380001068115234,33.52000045776367,33.59000015258789,385400
10-01-2023,33.189998626708984,33.43000030517578,32.72999954223633,33.0099983215332,620900
11-01-2023,33.04999923706055,33.68000030517578,33.02000045776367,33.290000915527344,720200
12-01-2023,33.349998474121094,33.66999816894531,33.060001373291016,33.650001525878906,744300
13-01-2023,33.369998931884766,33.529998779296875,33.0099983215332,33.130001068115234,655300
17-01-2023,33.060001373291016,33.36000061035156,32.959999084472656,33.22999954223633,622400
18-01-2023,33.47999954223633,33.720001220703125,32.849998474121094,32.880001068115234,736400
19-01-2023,32.70000076293945,32.91999816894531,32.33000183105469,32.5,396100
20-01-2023,32.529998779296875,33.119998931884766,32.380001068115234,33.02000045776367,487400
23-01-2023,33.09000015258789,33.9900016784668,32.93000030517578,33.959999084472656,600100
24-01-2023,33.939998626708984,34.38999938964844,33.470001220703125,33.47999954223633,398600
25-01-2023,33.099998474121094,33.97999954223633,32.900001525878906,33.959999084472656,585100
26-01-2023,34.43000030517578,34.560001373291016,33.88999938964844,34.5,571800
27-01-2023,34.22999954223633,34.88999938964844,34.22999954223633,34.7599983215332,468200
30-01-2023,34.52000045776367,34.869998931884766,34.380001068115234,34.619998931884766,712200
31-01-2023,34.66999816894531,35.040000915527344,34.59000015258789,34.880001068115234,691800
01-02-2023,34.900001525878906,36.02999877929688,34.70000076293945,35.7599983215332,661900
02-02-2023,36.310001373291016,36.650001525878906,35.72999954223633,36.27999877929688,792500
03-02-2023,35.529998779296875,36.2599983215332,35.349998474121094,35.5,608500
06-02-2023,35.029998779296875,35.36000061035156,34.810001373291016,34.93000030517578,716300
07-02-2023,34.83000183105469,35.65999984741211,34.650001525878906,35.439998626708984,548100
08-02-2023,35.36000061035156,35.79999923706055,35.0,35.09000015258789,730300
09-02-2023,35.560001373291016,35.84000015258789,34.970001220703125,35.06999969482422,548000
10-02-2023,34.81999969482422,34.95000076293945,34.18000030517578,34.27000045776367,1073000
13-02-2023,36.709999084472656,39.95000076293945,36.31999969482422,39.58000183105469,3921800
14-02-2023,39.709999084472656,41.09999847412109,39.040000915527344,40.65999984741211,2330300
15-02-2023,40.720001220703125,42.45000076293945,40.63999938964844,42.41999816894531,1753700
16-02-2023,41.880001068115234,42.790000915527344,41.61000061035156,42.2599983215332,1354300
17-02-2023,42.11000061035156,42.16999816894531,41.0,41.38999938964844,1491500
21-02-2023,40.90999984741211,41.20000076293945,40.52999877929688,40.77999877929688,974400
22-02-2023,40.790000915527344,41.2400016784668,40.56999969482422,41.20000076293945,1258800
23-02-2023,41.79999923706055,41.79999923706055,40.880001068115234,41.540000915527344,693700
24-02-2023,40.619998931884766,41.43999862670898,40.619998931884766,41.22999954223633,511500
27-02-2023,41.5,41.72999954223633,41.16999816894531,41.29999923706055,754500
28-02-2023,41.119998931884766,41.5099983215332,40.7599983215332,40.7599983215332,1401200
01-03-2023,40.7400016784668,41.2400016784668,40.58000183105469,40.88999938964844,928200
02-03-2023,40.31999969482422,40.470001220703125,39.02000045776367,40.2599983215332,1501200
03-03-2023,40.5,40.970001220703125,40.2400016784668,40.43000030517578,1711800
06-03-2023,40.45000076293945,40.45000076293945,39.65999984741211,40.15999984741211,1623400
07-03-2023,40.2400016784668,40.77000045776367,39.43999862670898,39.75,1076100
08-03-2023,39.84999847412109,40.29999923706055,39.83000183105469,39.93000030517578,911900
09-03-2023,40.040000915527344,40.2400016784668,38.75,38.79999923706055,641600
10-03-2023,38.630001068115234,38.77000045776367,37.5099983215332,37.77999877929688,858200
13-03-2023,37.459999084472656,37.7599983215332,36.66999816894531,37.0099983215332,1332700
14-03-2023,37.66999816894531,38.09999847412109,37.34000015258789,37.72999954223633,1295800
15-03-2023,37.04999923706055,37.45000076293945,36.709999084472656,37.16999816894531,1184400
16-03-2023,36.93000030517578,38.20000076293945,36.93000030517578,37.9900016784668,766400
17-03-2023,37.86000061035156,38.2599983215332,37.34999847412109,37.84999847412109,1370900
20-03-2023,37.86000061035156,38.68999862670898,37.81999969482422,38.630001068115234,900700
21-03-2023,38.88999938964844,39.15999984741211,38.66999816894531,39.04999923706055,877300
22-03-2023,38.93000030517578,39.560001373291016,38.2599983215332,38.33000183105469,949800
23-03-2023,38.63999938964844,39.02999877929688,38.040000915527344,38.25,758200
24-03-2023,38.15999984741211,38.47999954223633,38.02999877929688,38.380001068115234,564000
27-03-2023,38.54999923706055,39.130001068115234,38.459999084472656,39.060001373291016,663800
28-03-2023,39.0,39.02999877929688,38.43999862670898,38.72999954223633,920000
29-03-2023,39.06999969482422,39.4900016784668,38.900001525878906,39.25,929900
30-03-2023,39.43999862670898,39.709999084472656,39.18999862670898,39.29999923706055,481300
31-03-2023,39.470001220703125,40.31999969482422,39.38999938964844,40.27999877929688,1063100
03-04-2023,40.150001525878906,40.91999816894531,40.04999923706055,40.91999816894531,779000
04-04-2023,40.880001068115234,41.0099983215332,40.5,40.790000915527344,593300
05-04-2023,40.619998931884766,40.77999877929688,39.90999984741211,40.22999954223633,522000
06-04-2023,40.08000183105469,40.369998931884766,39.68999862670898,40.18999862670898,762700
10-04-2023,39.790000915527344,40.34000015258789,39.75,40.18000030517578,624000
11-04-2023,40.0,40.43000030517578,39.880001068115234,40.20000076293945,665900
12-04-2023,40.4900016784668,40.4900016784668,39.93999862670898,40.09999847412109,949800
13-04-2023,40.400001525878906,40.810001373291016,40.27000045776367,40.72999954223633,830400
14-04-2023,40.52000045776367,40.90999984741211,40.470001220703125,40.7400016784668,757300
17-04-2023,40.7400016784668,40.959999084472656,40.59999847412109,40.84000015258789,552800
18-04-2023,41.04999923706055,41.09999847412109,40.650001525878906,40.84000015258789,648900
19-04-2023,40.54999923706055,40.77999877929688,40.06999969482422,40.56999969482422,417300
20-04-2023,40.15999984741211,40.36000061035156,39.869998931884766,39.90999984741211,409300
21-04-2023,39.97999954223633,40.34999847412109,39.95000076293945,40.0099983215332,685600
24-04-2023,40.08000183105469,40.22999954223633,39.369998931884766,39.43999862670898,483300
25-04-2023,38.97999954223633,38.97999954223633,37.72999954223633,37.7400016784668,833200
26-04-2023,37.880001068115234,38.61000061035156,37.66999816894531,38.09999847412109,509900
27-04-2023,38.40999984741211,38.68000030517578,38.08000183105469,38.56999969482422,458400
28-04-2023,38.34000015258789,38.77000045776367,38.09000015258789,38.709999084472656,687400
01-05-2023,40.84999847412109,41.95000076293945,40.75,41.040000915527344,1276900
02-05-2023,40.93999862670898,41.2400016784668,40.29999923706055,40.970001220703125,967800
03-05-2023,41.0099983215332,41.619998931884766,41.0099983215332,41.130001068115234,1022300
04-05-2023,41.16999816894531,41.56999969482422,40.72999954223633,41.09000015258789,985900
05-05-2023,43.0,45.38999938964844,41.630001068115234,44.54999923706055,1960100
08-05-2023,44.06999969482422,44.43000030517578,43.16999816894531,44.25,1298200
09-05-2023,44.20000076293945,44.45000076293945,43.88999938964844,44.0099983215332,713100
10-05-2023,44.4900016784668,45.400001525878906,44.04999923706055,44.84000015258789,1131100
11-05-2023,44.52000045776367,44.65999984741211,43.77999877929688,44.16999816894531,821700
12-05-2023,44.209999084472656,44.380001068115234,43.88999938964844,44.0,645100
15-05-2023,43.9900016784668,44.880001068115234,43.790000915527344,44.650001525878906,591500
16-05-2023,44.4900016784668,44.560001373291016,43.9900016784668,44.09000015258789,522200
17-05-2023,44.40999984741211,45.18000030517578,44.09999847412109,44.9900016784668,754400
18-05-2023,45.040000915527344,46.5099983215332,45.040000915527344,46.400001525878906,884400
19-05-2023,46.52000045776367,46.52999877929688,45.7400016784668,46.0099983215332,786000
22-05-2023,45.880001068115234,46.27999877929688,45.5,45.59000015258789,561700
23-05-2023,45.5,45.77999877929688,44.47999954223633,44.709999084472656,779500
24-05-2023,44.380001068115234,44.7599983215332,44.18000030517578,44.65999984741211,592000
25-05-2023,44.93000030517578,45.27000045776367,44.720001220703125,45.0099983215332,694400
26-05-2023,45.16999816894531,47.290000915527344,45.119998931884766,46.810001373291016,1966900
30-05-2023,47.150001525878906,47.43999862670898,46.59000015258789,47.31999969482422,635200
31-05-2023,47.0,47.34999847412109,45.869998931884766,46.86000061035156,1304200
01-06-2023,46.619998931884766,47.18999862670898,46.54999923706055,46.91999816894531,764500
02-06-2023,47.22999954223633,48.79999923706055,46.970001220703125,48.65999984741211,984900
05-06-2023,48.09999847412109,48.59999847412109,47.83000183105469,48.2400016784668,472100
06-06-2023,48.290000915527344,48.77000045776367,48.11000061035156,48.540000915527344,564300
07-06-2023,48.58000183105469,48.900001525878906,47.400001525878906,47.709999084472656,809800
08-06-2023,47.61000061035156,48.93000030517578,47.61000061035156,48.540000915527344,755000
09-06-2023,48.5,49.25,48.380001068115234,49.11000061035156,589900
12-06-2023,49.27999877929688,50.400001525878906,49.209999084472656,50.220001220703125,817200
13-06-2023,50.52999877929688,50.95000076293945,50.29999923706055,50.75,1123500
14-06-2023,50.7400016784668,51.75,50.40999984741211,51.290000915527344,932800
15-06-2023,50.84000015258789,51.68999862670898,50.7400016784668,51.27000045776367,1771300
16-06-2023,51.65999984741211,52.20000076293945,51.400001525878906,51.880001068115234,1914300
20-06-2023,51.41999816894531,52.16999816894531,51.38999938964844,51.47999954223633,795400
21-06-2023,51.38999938964844,51.77000045776367,50.900001525878906,51.400001525878906,1056400
22-06-2023,51.22999954223633,51.959999084472656,50.90999984741211,51.86000061035156,786700
23-06-2023,51.38999938964844,51.83000183105469,51.20000076293945,51.310001373291016,2026900
26-06-2023,51.09000015258789,51.43000030517578,50.59000015258789,50.68999862670898,643700
27-06-2023,50.90999984741211,51.75,50.7400016784668,51.5099983215332,682100
28-06-2023,51.369998931884766,52.68000030517578,51.2599983215332,52.31999969482422,1086200
29-06-2023,52.41999816894531,52.869998931884766,52.18999862670898,52.709999084472656,591500
30-06-2023,52.9900016784668,53.7400016784668,52.93000030517578,53.40999984741211,708700
03-07-2023,53.29999923706055,53.86000061035156,53.06999969482422,53.709999084472656,329800
05-07-2023,53.27999877929688,53.63999938964844,52.869998931884766,52.91999816894531,741900
06-07-2023,52.68000030517578,52.84000015258789,51.91999816894531,52.61000061035156,844900
07-07-2023,52.630001068115234,53.61000061035156,52.630001068115234,53.220001220703125,929600
10-07-2023,53.09999847412109,54.58000183105469,53.09999847412109,54.560001373291016,721900
11-07-2023,54.70000076293945,55.11000061035156,54.220001220703125,54.959999084472656,769500
12-07-2023,55.630001068115234,55.959999084472656,55.380001068115234,55.66999816894531,923000
13-07-2023,55.900001525878906,56.75,55.869998931884766,56.380001068115234,1677500
14-07-2023,56.2599983215332,56.400001525878906,55.84000015258789,56.0099983215332,768900
17-07-2023,55.77999877929688,56.75,55.619998931884766,56.290000915527344,2028300
18-07-2023,56.13999938964844,57.060001373291016,55.869998931884766,57.0099983215332,1243600
19-07-2023,57.09000015258789,57.20000076293945,55.86000061035156,55.900001525878906,878100
20-07-2023,55.72999954223633,56.18999862670898,54.650001525878906,54.83000183105469,1246900
21-07-2023,55.38999938964844,55.619998931884766,54.97999954223633,55.040000915527344,695200
24-07-2023,55.20000076293945,55.36000061035156,54.79999923706055,55.33000183105469,670500
25-07-2023,55.4900016784668,56.0099983215332,55.4900016784668,55.93999862670898,561900
26-07-2023,55.77000045776367,56.02999877929688,54.84000015258789,55.06999969482422,787200
27-07-2023,55.709999084472656,56.02999877929688,54.84000015258789,54.93999862670898,774700
28-07-2023,55.4900016784668,55.65999984741211,55.119998931884766,55.34000015258789,724300
31-07-2023,55.5099983215332,56.90999984741211,55.5099983215332,56.84999847412109,880700
01-08-2023,56.45000076293945,57.72999954223633,56.31999969482422,57.40999984741211,1013800
02-08-2023,56.58000183105469,56.58000183105469,55.0,55.41999816894531,1031800
03-08-2023,55.43999862670898,55.7599983215332,55.040000915527344,55.43000030517578,1170300
04-08-2023,55.84000015258789,56.310001373291016,54.91999816894531,55.70000076293945,992500
07-08-2023,56.119998931884766,56.119998931884766,54.619998931884766,55.47999954223633,1439700
08-08-2023,54.27999877929688,54.27999877929688,46.06999969482422,46.08000183105469,4002100
09-08-2023,46.369998931884766,46.68999862670898,45.58000183105469,45.90999984741211,2683000
10-08-2023,46.27999877929688,46.880001068115234,45.040000915527344,45.18000030517578,1754000
11-08-2023,45.04999923706055,46.33000183105469,44.68999862670898,44.93999862670898,1470000
14-08-2023,44.900001525878906,45.52000045776367,44.58000183105469,45.0099983215332,1520200
15-08-2023,44.86000061035156,46.0,44.79999923706055,45.11000061035156,1119200
16-08-2023,44.84000015258789,45.2599983215332,44.27000045776367,44.31999969482422,1197700
17-08-2023,44.2599983215332,44.56999969482422,43.880001068115234,43.90999984741211,1054900
18-08-2023,43.5,44.220001220703125,43.4900016784668,43.81999969482422,1352900
21-08-2023,43.880001068115234,44.119998931884766,43.29999923706055,43.810001373291016,1436300
22-08-2023,44.22999954223633,44.720001220703125,44.02000045776367,44.20000076293945,1456300
23-08-2023,44.40999984741211,44.84000015258789,44.369998931884766,44.66999816894531,1001600
24-08-2023,45.0099983215332,45.02999877929688,43.75,43.84999847412109,737100
25-08-2023,44.040000915527344,44.77000045776367,43.810001373291016,44.33000183105469,749200
28-08-2023,44.47999954223633,45.5,44.47999954223633,45.08000183105469,662100
29-08-2023,45.11000061035156,46.220001220703125,45.09000015258789,45.77000045776367,898900
30-08-2023,45.59000015258789,46.400001525878906,45.5,46.09999847412109,624800
31-08-2023,46.29999923706055,46.70000076293945,45.91999816894531,46.27000045776367,1086000
01-09-2023,46.52000045776367,46.75,45.75,45.869998931884766,925600
05-09-2023,45.290000915527344,45.4900016784668,44.45000076293945,44.88999938964844,976600
06-09-2023,44.65999984741211,45.11000061035156,44.459999084472656,44.810001373291016,661700
07-09-2023,44.25,44.77999877929688,43.900001525878906,44.36000061035156,879200
08-09-2023,44.33000183105469,44.630001068115234,43.970001220703125,44.09999847412109,662100
11-09-2023,44.43000030517578,44.59000015258789,44.209999084472656,44.41999816894531,791000
12-09-2023,43.75,44.33000183105469,43.52999877929688,44.02999877929688,924800
13-09-2023,44.06999969482422,44.709999084472656,43.93999862670898,44.2599983215332,824700
14-09-2023,44.2599983215332,44.900001525878906,44.130001068115234,44.869998931884766,1149200
15-09-2023,44.720001220703125,44.9900016784668,44.150001525878906,44.630001068115234,2051100
18-09-2023,45.0099983215332,45.65999984741211,44.38999938964844,44.84000015258789,1164200
19-09-2023,44.869998931884766,45.2400016784668,44.56999969482422,44.93000030517578,819700
20-09-2023,45.040000915527344,45.869998931884766,45.02999877929688,45.2599983215332,784200
21-09-2023,44.79999923706055,44.900001525878906,43.9900016784668,44.040000915527344,801000
22-09-2023,44.34999847412109,44.90999984741211,44.20000076293945,44.369998931884766,618200
25-09-2023,44.13999938964844,44.9900016784668,44.13999938964844,44.52999877929688,617700
26-09-2023,44.41999816894531,44.630001068115234,43.560001373291016,44.0,688500
27-09-2023,44.08000183105469,44.540000915527344,43.68999862670898,44.33000183105469,624200
28-09-2023,44.869998931884766,45.959999084472656,44.70000076293945,45.5099983215332,734400
29-09-2023,45.88999938964844,46.08000183105469,45.0,45.02000045776367,995000
02-10-2023,45.0099983215332,45.59999847412109,44.90999984741211,45.2400016784668,520800
03-10-2023,45.0,45.16999816894531,43.58000183105469,43.9900016784668,645800
04-10-2023,44.2599983215332,44.900001525878906,44.09000015258789,44.880001068115234,931300
05-10-2023,44.720001220703125,45.27999877929688,44.65999984741211,45.09999847412109,792300
06-10-2023,44.81999969482422,46.41999816894531,44.79999923706055,46.209999084472656,764100
09-10-2023,45.7599983215332,46.02999877929688,45.18999862670898,45.7400016784668,597500
10-10-2023,45.959999084472656,46.619998931884766,45.959999084472656,46.04999923706055,601000
11-10-2023,46.150001525878906,46.72999954223633,46.0,46.11000061035156,586000
12-10-2023,46.06999969482422,46.06999969482422,44.5,44.560001373291016,708600
13-10-2023,44.52000045776367,44.59000015258789,43.88999938964844,44.16999816894531,476800
16-10-2023,44.58000183105469,45.31999969482422,44.400001525878906,45.08000183105469,454700
17-10-2023,44.11000061035156,45.650001525878906,44.11000061035156,45.040000915527344,789900
18-10-2023,44.66999816894531,45.15999984741211,44.43999862670898,44.65999984741211,405000
19-10-2023,44.720001220703125,44.93000030517578,43.84999847412109,44.04999923706055,417000
20-10-2023,44.209999084472656,44.209999084472656,43.13999938964844,43.47999954223633,433700
23-10-2023,43.290000915527344,43.91999816894531,43.13999938964844,43.52000045776367,690400
24-10-2023,43.77000045776367,44.13999938964844,43.310001373291016,43.900001525878906,569500
25-10-2023,43.560001373291016,43.72999954223633,42.459999084472656,42.66999816894531,796700
26-10-2023,43.0099983215332,43.04999923706055,42.20000076293945,42.2599983215332,465800
27-10-2023,42.310001373291016,42.810001373291016,42.13999938964844,42.220001220703125,503500
30-10-2023,42.4900016784668,42.65999984741211,41.84000015258789,42.22999954223633,882700
31-10-2023,42.52000045776367,42.790000915527344,42.15999984741211,42.720001220703125,770900
01-11-2023,42.65999984741211,42.83000183105469,42.18999862670898,42.45000076293945,868700
02-11-2023,43.29999923706055,43.5099983215332,42.77999877929688,43.11000061035156,1034300
03-11-2023,43.58000183105469,44.63999938964844,43.45000076293945,44.5,1252200
06-11-2023,44.43999862670898,45.0,44.130001068115234,44.959999084472656,1845600
07-11-2023,46.400001525878906,48.25,45.29999923706055,45.630001068115234,1663800
08-11-2023,45.58000183105469,46.56999969482422,45.36000061035156,46.34000015258789,941200
09-11-2023,46.43999862670898,46.650001525878906,46.04999923706055,46.13999938964844,878200
10-11-2023,46.0,46.709999084472656,45.5099983215332,46.70000076293945,507000
13-11-2023,46.59999847412109,46.84999847412109,46.2400016784668,46.5099983215332,556400
14-11-2023,47.540000915527344,47.88999938964844,47.06999969482422,47.790000915527344,752800
15-11-2023,47.95000076293945,48.400001525878906,47.29999923706055,47.34999847412109,834500
16-11-2023,47.04999923706055,47.290000915527344,46.130001068115234,46.619998931884766,950200
17-11-2023,46.56999969482422,47.34000015258789,46.540000915527344,47.27999877929688,596100
20-11-2023,47.36000061035156,47.880001068115234,47.36000061035156,47.4900016784668,452300
21-11-2023,47.34999847412109,47.70000076293945,46.9900016784668,47.470001220703125,537900
22-11-2023,47.81999969482422,47.81999969482422,47.02000045776367,47.15999984741211,496200
24-11-2023,47.06999969482422,47.310001373291016,46.900001525878906,47.27000045776367,186200
27-11-2023,47.04999923706055,47.31999969482422,46.84000015258789,47.130001068115234,468700
28-11-2023,46.93999862670898,47.34999847412109,46.75,47.209999084472656,449500
29-11-2023,47.650001525878906,47.7599983215332,47.060001373291016,47.310001373291016,608500
30-11-2023,47.43999862670898,47.5,46.66999816894531,47.25,1261600
01-12-2023,47.38999938964844,47.720001220703125,47.04999923706055,47.720001220703125,847000
04-12-2023,47.5,47.86000061035156,47.09000015258789,47.84000015258789,882100
05-12-2023,47.43999862670898,48.060001373291016,47.34000015258789,47.56999969482422,719600
06-12-2023,47.630001068115234,47.810001373291016,46.2400016784668,46.290000915527344,748000
07-12-2023,46.38999938964844,46.68000030517578,41.88999938964844,43.400001525878906,3029300
08-12-2023,43.290000915527344,44.0,42.52999877929688,43.43000030517578,1425800
11-12-2023,43.41999816894531,43.86000061035156,42.68999862670898,43.79999923706055,816900
12-12-2023,43.5099983215332,43.68000030517578,42.43999862670898,42.709999084472656,1324600
13-12-2023,42.7400016784668,42.959999084472656,42.0099983215332,42.810001373291016,1195600
14-12-2023,42.84999847412109,43.220001220703125,41.93999862670898,42.43999862670898,2886100
15-12-2023,42.619998931884766,43.15999984741211,42.09999847412109,42.869998931884766,2775500
18-12-2023,42.86000061035156,43.900001525878906,42.77000045776367,43.459999084472656,814400
19-12-2023,43.63999938964844,43.84000015258789,43.04999923706055,43.75,730700
20-12-2023,43.459999084472656,44.040000915527344,43.25,43.34000015258789,831500
21-12-2023,43.869998931884766,44.130001068115234,43.29999923706055,44.02000045776367,585800
22-12-2023,44.11000061035156,44.29999923706055,43.90999984741211,44.09999847412109,473800
26-12-2023,44.11000061035156,44.380001068115234,43.95000076293945,44.119998931884766,458000
27-12-2023,44.04999923706055,44.31999969482422,43.900001525878906,43.959999084472656,427500
28-12-2023,43.88999938964844,43.97999954223633,43.540000915527344,43.66999816894531,364600
29-12-2023,43.650001525878906,43.79999923706055,43.380001068115234,43.5099983215332,501300
02-01-2024,43.209999084472656,43.810001373291016,42.7400016784668,43.77999877929688,1081800
03-01-2024,43.18000030517578,43.43000030517578,42.45000076293945,42.5,784800
04-01-2024,42.310001373291016,42.93999862670898,42.29999923706055,42.65999984741211,868300
05-01-2024,42.540000915527344,42.93999862670898,42.220001220703125,42.4900016784668,804900
08-01-2024,42.93000030517578,43.59000015258789,42.650001525878906,43.59000015258789,560800
09-01-2024,43.34000015258789,43.93999862670898,43.290000915527344,43.869998931884766,712600
10-01-2024,43.84999847412109,44.61000061035156,43.790000915527344,44.56999969482422,712200
11-01-2024,44.70000076293945,45.63999938964844,44.15999984741211,45.58000183105469,963900
12-01-2024,45.900001525878906,48.02000045776367,45.86000061035156,47.869998931884766,1300000
16-01-2024,47.43000030517578,48.2400016784668,46.93000030517578,47.52000045776367,1053900
17-01-2024,47.04999923706055,47.22999954223633,46.650001525878906,46.95000076293945,830100
18-01-2024,47.56999969482422,48.15999984741211,47.04999923706055,47.970001220703125,873100
19-01-2024,48.2400016784668,48.2400016784668,47.68999862670898,48.0,538600
22-01-2024,48.5099983215332,49.290000915527344,48.36000061035156,48.68999862670898,602200
23-01-2024,48.84999847412109,48.970001220703125,47.720001220703125,47.7599983215332,573000
24-01-2024,48.18999862670898,48.34000015258789,47.59000015258789,47.84999847412109,538700
25-01-2024,48.31999969482422,48.45000076293945,47.400001525878906,47.7599983215332,561600
26-01-2024,47.72999954223633,48.13999938964844,47.5,47.619998931884766,1372400
29-01-2024,47.630001068115234,48.02999877929688,47.290000915527344,47.630001068115234,753900
30-01-2024,47.540000915527344,47.9900016784668,47.18999862670898,47.540000915527344,521400
31-01-2024,47.27000045776367,47.27000045776367,46.09999847412109,46.18000030517578,760500
01-02-2024,46.27000045776367,47.84000015258789,46.209999084472656,47.709999084472656,859900
02-02-2024,47.70000076293945,48.22999954223633,47.27999877929688,47.93000030517578,524600
05-02-2024,47.86000061035156,47.970001220703125,47.220001220703125,47.540000915527344,448800
06-02-2024,47.66999816894531,47.95000076293945,47.25,47.38999938964844,463700
07-02-2024,47.709999084472656,48.400001525878906,47.38999938964844,48.2400016784668,726900
08-02-2024,48.11000061035156,49.150001525878906,48.11000061035156,48.66999816894531,526700
09-02-2024,48.97999954223633,49.29999923706055,48.810001373291016,48.9900016784668,740900
12-02-2024,49.0,49.43999862670898,48.52000045776367,48.790000915527344,1479300
13-02-2024,38.9900016784668,39.119998931884766,36.720001220703125,38.220001220703125,7190700
14-02-2024,38.27000045776367,39.09000015258789,37.75,38.81999969482422,2677000
15-02-2024,38.83000183105469,38.93000030517578,37.790000915527344,37.959999084472656,2855700
16-02-2024,37.79999923706055,38.29999923706055,37.34999847412109,37.38999938964844,1535600
20-02-2024,37.25,38.13999938964844,37.220001220703125,38.130001068115234,1465000
21-02-2024,37.43999862670898,38.130001068115234,37.43999862670898,37.68999862670898,978500
22-02-2024,38.290000915527344,38.52999877929688,37.540000915527344,38.40999984741211,1273400
23-02-2024,39.0,39.0,37.72999954223633,37.810001373291016,1165900
26-02-2024,37.810001373291016,38.43000030517578,37.59000015258789,37.59999847412109,913100
27-02-2024,37.59000015258789,37.95000076293945,37.209999084472656,37.27000045776367,1274800
28-02-2024,37.0,37.47999954223633,36.84000015258789,36.88999938964844,1627600
29-02-2024,37.11000061035156,37.75,37.11000061035156,37.619998931884766,1862500
01-03-2024,37.45000076293945,38.619998931884766,37.27000045776367,38.560001373291016,1124200
04-03-2024,38.47999954223633,38.7400016784668,37.93000030517578,38.060001373291016,1358500
05-03-2024,37.70000076293945,37.900001525878906,37.2400016784668,37.709999084472656,1168500
06-03-2024,38.27999877929688,38.88999938964844,38.0099983215332,38.81999969482422,1371900
07-03-2024,38.9900016784668,39.18999862670898,38.220001220703125,38.40999984741211,1132600
08-03-2024,38.630001068115234,38.81999969482422,37.91999816894531,38.060001373291016,893300
11-03-2024,37.83000183105469,38.47999954223633,37.83000183105469,38.02000045776367,899800
12-03-2024,38.09999847412109,38.41999816894531,37.869998931884766,38.09999847412109,806400
13-03-2024,38.040000915527344,38.31999969482422,37.93000030517578,38.060001373291016,899400
14-03-2024,38.08000183105469,38.08000183105469,37.52999877929688,37.75,1194400
15-03-2024,37.459999084472656,38.33000183105469,37.459999084472656,37.93999862670898,5145700
18-03-2024,38.0099983215332,38.290000915527344,37.61000061035156,37.68000030517578,1309100
19-03-2024,37.5099983215332,38.220001220703125,37.5099983215332,38.16999816894531,833200
20-03-2024,38.150001525878906,38.15999984741211,37.34999847412109,38.09999847412109,1034300
21-03-2024,38.43000030517578,38.970001220703125,38.02999877929688,38.2400016784668,825800
22-03-2024,38.25,38.36000061035156,37.97999954223633,38.08000183105469,648100
25-03-2024,37.91999816894531,38.58000183105469,37.91999816894531,38.2400016784668,932900
26-03-2024,38.459999084472656,38.79999923706055,38.41999816894531,38.709999084472656,972000
27-03-2024,39.0,39.43999862670898,38.72999954223633,39.369998931884766,1168800
28-03-2024,39.41999816894531,39.70000076293945,38.630001068115234,38.66999816894531,1199800
01-04-2024,38.810001373291016,39.119998931884766,38.20000076293945,38.40999984741211,825300
02-04-2024,37.95000076293945,38.380001068115234,37.68000030517578,38.18000030517578,731700
03-04-2024,37.93999862670898,38.61000061035156,37.93999862670898,38.43999862670898,807700
04-04-2024,38.7599983215332,38.9900016784668,38.43999862670898,38.619998931884766,702400
05-04-2024,38.27000045776367,38.650001525878906,38.130001068115234,38.209999084472656,938000
08-04-2024,38.45000076293945,38.52000045776367,38.04999923706055,38.209999084472656,585100
09-04-2024,38.380001068115234,38.81999969482422,38.36000061035156,38.59000015258789,598900
10-04-2024,37.869998931884766,38.220001220703125,37.560001373291016,37.75,676100
11-04-2024,37.97999954223633,38.31999969482422,37.47999954223633,37.5,865800
12-04-2024,37.25,37.29999923706055,36.22999954223633,36.310001373291016,977800
15-04-2024,36.25,36.5099983215332,35.689998626708984,35.77000045776367,981400
16-04-2024,35.65999984741211,36.5,35.36000061035156,36.25,830700
17-04-2024,36.43000030517578,36.59000015258789,36.22999954223633,36.310001373291016,1134700
18-04-2024,36.5099983215332,37.02000045776367,36.20000076293945,36.75,784100
19-04-2024,36.650001525878906,36.90999984741211,36.18000030517578,36.33000183105469,928300
22-04-2024,36.63999938964844,36.93999862670898,36.43999862670898,36.70000076293945,880000
23-04-2024,36.72999954223633,37.369998931884766,36.70000076293945,36.79999923706055,681800
24-04-2024,36.95000076293945,37.220001220703125,36.70000076293945,37.150001525878906,933800
25-04-2024,36.5099983215332,37.650001525878906,36.5099983215332,37.61000061035156,1010800
26-04-2024,37.619998931884766,38.27999877929688,37.52999877929688,37.66999816894531,886300
29-04-2024,37.77999877929688,38.06999969482422,37.68999862670898,37.86000061035156,820300
30-04-2024,37.59999847412109,38.040000915527344,37.09000015258789,37.09999847412109,1346800
01-05-2024,37.02999877929688,38.20000076293945,37.02000045776367,37.369998931884766,861500
02-05-2024,37.79999923706055,37.79999923706055,37.15999984741211,37.2599983215332,899500
03-05-2024,37.7599983215332,37.95000076293945,36.869998931884766,37.2400016784668,869800
06-05-2024,37.630001068115234,38.45000076293945,37.630001068115234,37.959999084472656,1826700
07-05-2024,32.06999969482422,34.310001373291016,31.61000061035156,32.720001220703125,4526800
08-05-2024,32.7599983215332,33.09000015258789,32.4900016784668,32.70000076293945,1748500
09-05-2024,32.75,33.310001373291016,32.630001068115234,32.880001068115234,1178300
10-05-2024,33.06999969482422,33.470001220703125,32.689998626708984,33.02000045776367,775700
13-05-2024,33.11000061035156,34.20000076293945,32.970001220703125,34.13999938964844,1166100
14-05-2024,34.40999984741211,34.459999084472656,33.52000045776367,33.93000030517578,1116300
15-05-2024,34.33000183105469,34.47999954223633,33.90999984741211,34.279998779296875,808700
16-05-2024,34.2599983215332,34.2599983215332,33.900001525878906,33.959999084472656,569200
17-05-2024,33.95000076293945,34.099998474121094,33.54999923706055,33.56999969482422,478600
20-05-2024,33.529998779296875,33.560001373291016,33.25,33.529998779296875,602000
21-05-2024,33.310001373291016,33.5,32.70000076293945,32.880001068115234,644600
22-05-2024,32.900001525878906,33.29999923706055,32.849998474121094,33.0,690800
23-05-2024,33.18000030517578,33.18000030517578,32.369998931884766,32.65999984741211,886900
24-05-2024,32.65999984741211,32.7400016784668,31.65999984741211,31.850000381469727,964000
28-05-2024,32.150001525878906,32.279998779296875,31.690000534057617,31.8700008392334,762600
29-05-2024,31.530000686645508,31.93000030517578,31.51000022888184,31.76000022888184,754600
30-05-2024,31.670000076293945,31.8799991607666,31.540000915527344,31.670000076293945,924100
31-05-2024,31.709999084472656,32.70000076293945,31.479999542236328,32.61000061035156,1787900
03-06-2024,33.04999923706055,33.060001373291016,32.08000183105469,32.15999984741211,801400
04-06-2024,31.979999542236328,32.2400016784668,31.6200008392334,31.89999961853028,660100
05-06-2024,32.220001220703125,32.290000915527344,31.57999992370605,32.13999938964844,733600
06-06-2024,32.18000030517578,32.25,31.959999084472656,32.15999984741211,636600
07-06-2024,32.029998779296875,32.40999984741211,31.850000381469727,32.310001373291016,538300
10-06-2024,32.0,32.83000183105469,31.86000061035156,32.779998779296875,691300
11-06-2024,32.65999984741211,33.31999969482422,32.439998626708984,33.27000045776367,662900
12-06-2024,33.70000076293945,34.0,33.470001220703125,33.709999084472656,819400
13-06-2024,33.68000030517578,33.849998474121094,33.36000061035156,33.47999954223633,843600
14-06-2024,33.27000045776367,33.5099983215332,32.84000015258789,33.439998626708984,737800
17-06-2024,33.279998779296875,33.43000030517578,32.79999923706055,33.31999969482422,483200
18-06-2024,33.25,33.380001068115234,32.84000015258789,32.93000030517578,521300
20-06-2024,33.0,33.790000915527344,32.84000015258789,33.72999954223633,748300
21-06-2024,33.810001373291016,34.41999816894531,33.810001373291016,34.369998931884766,1952000
24-06-2024,34.119998931884766,34.70000076293945,34.060001373291016,34.29999923706055,615900
25-06-2024,34.349998474121094,34.349998474121094,33.88999938964844,34.09000015258789,536500
26-06-2024,33.9900016784668,34.11000061035156,33.68000030517578,33.91999816894531,551500
27-06-2024,34.06999969482422,34.70000076293945,33.91999816894531,34.63999938964844,528800
28-06-2024,34.790000915527344,35.029998779296875,34.400001525878906,34.560001373291016,1030400
01-07-2024,34.540000915527344,34.90999984741211,34.43000030517578,34.70000076293945,482700
02-07-2024,34.810001373291016,34.91999816894531,34.189998626708984,34.45000076293945,660600
03-07-2024,34.45000076293945,34.7400016784668,34.36000061035156,34.560001373291016,249000
05-07-2024,34.29999923706055,34.33000183105469,33.720001220703125,34.06999969482422,1200000
08-07-2024,34.08000183105469,34.279998779296875,33.810001373291016,33.93000030517578,718000
09-07-2024,33.939998626708984,33.939998626708984,33.11000061035156,33.20000076293945,686800
10-07-2024,33.20000076293945,33.380001068115234,32.86000061035156,33.15999984741211,635600
11-07-2024,33.619998931884766,34.380001068115234,33.41999816894531,34.349998474121094,817000
12-07-2024,34.4900016784668,34.4900016784668,33.970001220703125,34.119998931884766,637300
15-07-2024,34.22999954223633,34.29999923706055,33.790000915527344,33.9900016784668,706900
16-07-2024,34.150001525878906,35.06999969482422,34.060001373291016,34.900001525878906,643700
17-07-2024,34.75,35.13999938964844,34.66999816894531,34.970001220703125,515900
18-07-2024,34.9900016784668,35.599998474121094,34.33000183105469,34.38999938964844,598000
19-07-2024,33.459999084472656,33.650001525878906,30.600000381469727,30.8700008392334,1292700
22-07-2024,31.049999237060547,31.68000030517578,30.520000457763672,31.549999237060547,2578100
23-07-2024,31.68000030517578,32.779998779296875,31.68000030517578,32.29999923706055,727100
24-07-2024,32.189998626708984,32.560001373291016,31.290000915527344,31.32999992370605,969400
25-07-2024,31.459999084472656,32.040000915527344,31.049999237060547,31.709999084472656,658800
26-07-2024,32.060001373291016,32.29999923706055,31.6200008392334,32.13999938964844,814400
29-07-2024,32.209999084472656,32.400001525878906,32.0,32.220001220703125,458600
30-07-2024,32.27000045776367,32.599998474121094,32.08000183105469,32.130001068115234,481200
31-07-2024,32.540000915527344,32.720001220703125,32.0099983215332,32.41999816894531,703000
01-08-2024,32.36000061035156,32.619998931884766,31.020000457763672,31.350000381469727,692900
02-08-2024,30.549999237060547,30.670000076293945,29.950000762939453,30.459999084472656,794300
05-08-2024,29.030000686645508,29.63999938964844,29.0,29.14999961853028,977400
06-08-2024,25.0,25.790000915527344,24.020000457763672,25.049999237060547,3440600
07-08-2024,25.3799991607666,25.700000762939453,24.5,24.51000022888184,2503900
08-08-2024,24.940000534057617,25.26000022888184,24.450000762939453,25.1200008392334,1971800
09-08-2024,25.170000076293945,25.979999542236328,25.13999938964844,25.950000762939453,1252900
12-08-2024,25.989999771118164,26.239999771118164,25.770000457763672,25.81999969482422,981700
13-08-2024,25.940000534057617,27.030000686645508,25.940000534057617,26.940000534057617,1136100
14-08-2024,26.979999542236328,27.15999984741211,26.459999084472656,26.670000076293945,579700
15-08-2024,27.200000762939453,27.549999237060547,27.040000915527344,27.3799991607666,792000
16-08-2024,27.280000686645508,27.68000030517578,27.270000457763672,27.600000381469727,655000
19-08-2024,27.61000061035156,27.920000076293945,27.540000915527344,27.88999938964844,572900
20-08-2024,27.739999771118164,28.059999465942383,27.459999084472656,27.479999542236328,597500
21-08-2024,27.670000076293945,28.09000015258789,27.64999961853028,28.06999969482422,827300
22-08-2024,28.06999969482422,28.13999938964844,27.549999237060547,27.600000381469727,592900
23-08-2024,27.809999465942383,28.170000076293945,27.790000915527344,28.1299991607666,635200
26-08-2024,28.290000915527344,28.57999992370605,28.06999969482422,28.100000381469727,690800
27-08-2024,27.729999542236328,27.979999542236328,27.59000015258789,27.959999084472656,410800
28-08-2024,27.82999992370605,28.18000030517578,27.520000457763672,27.90999984741211,666700
29-08-2024,28.21999931335449,28.799999237060547,28.100000381469727,28.280000686645508,615900
30-08-2024,28.450000762939453,28.520000457763672,27.920000076293945,28.239999771118164,1540300
03-09-2024,28.06999969482422,28.420000076293945,27.700000762939453,27.75,723800
04-09-2024,27.46999931335449,27.959999084472656,27.209999084472656,27.920000076293945,766000
05-09-2024,27.8700008392334,27.90999984741211,27.459999084472656,27.65999984741211,637700
06-09-2024,27.6200008392334,27.799999237060547,27.290000915527344,27.39999961853028,614400
09-09-2024,27.479999542236328,27.68000030517578,27.25,27.36000061035156,586800
10-09-2024,27.51000022888184,27.709999084472656,27.3799991607666,27.57999992370605,575200
11-09-2024,27.39999961853028,27.729999542236328,27.030000686645508,27.670000076293945,636700
12-09-2024,27.770000457763672,27.950000762939453,27.38999938964844,27.780000686645508,617600
13-09-2024,28.01000022888184,28.71999931335449,27.780000686645508,28.51000022888184,637300
16-09-2024,28.690000534057617,29.020000457763672,28.440000534057617,28.82999992370605,657500
17-09-2024,29.13999938964844,29.13999938964844,28.530000686645508,28.82999992370605,715100
18-09-2024,28.770000457763672,29.3799991607666,28.540000915527344,28.63999938964844,700900
19-09-2024,29.3799991607666,29.3799991607666,28.90999984741211,29.09000015258789,588300
20-09-2024,29.059999465942383,29.57999992370605,28.90999984741211,29.06999969482422,1748000
23-09-2024,29.100000381469727,29.46999931335449,28.920000076293945,29.31999969482422,467500
24-09-2024,29.5,29.5,29.07999992370605,29.25,443300
25-09-2024,29.170000076293945,29.549999237060547,29.06999969482422,29.239999771118164,742900
26-09-2024,29.520000457763672,30.170000076293945,29.520000457763672,30.15999984741211,987300
27-09-2024,30.3700008392334,30.780000686645508,30.13999938964844,30.350000381469727,601800
30-09-2024,30.239999771118164,30.459999084472656,30.06999969482422,30.34000015258789,668000
01-10-2024,30.31999969482422,30.32999992370605,29.450000762939453,29.6200008392334,613300
02-10-2024,29.57999992370605,30.1200008392334,29.420000076293945,29.96999931335449,444200
03-10-2024,29.6299991607666,29.780000686645508,29.46999931335449,29.739999771118164,410000
04-10-2024,30.09000015258789,30.36000061035156,29.979999542236328,30.350000381469727,401100
07-10-2024,30.190000534057617,30.38999938964844,30.100000381469727,30.209999084472656,451000
08-10-2024,30.200000762939453,30.90999984741211,30.07999992370605,30.25,483800
09-10-2024,30.40999984741211,30.76000022888184,30.100000381469727,30.76000022888184,536200
10-10-2024,30.700000762939453,31.290000915527344,30.549999237060547,31.170000076293945,482800
11-10-2024,31.229999542236328,31.6200008392334,31.200000762939453,31.46999931335449,470200
14-10-2024,31.670000076293945,31.76000022888184,31.450000762939453,31.71999931335449,435700
15-10-2024,31.96999931335449,32.18000030517578,31.75,32.0,794800
16-10-2024,32.20000076293945,32.380001068115234,31.950000762939453,32.220001220703125,955600
17-10-2024,32.5,32.54999923706055,32.220001220703125,32.34000015258789,446000
18-10-2024,32.290000915527344,32.529998779296875,32.2599983215332,32.36000061035156,318800
21-10-2024,32.36000061035156,32.599998474121094,32.150001525878906,32.2599983215332,421300
22-10-2024,32.13999938964844,32.439998626708984,31.93000030517578,32.0,404300
23-10-2024,31.920000076293945,32.11000061035156,31.520000457763672,31.600000381469727,676200
24-10-2024,31.700000762939453,32.060001373291016,31.56999969482422,31.790000915527344,578800
25-10-2024,31.920000076293945,32.27000045776367,31.88999938964844,31.979999542236328,371100
28-10-2024,32.2599983215332,32.61000061035156,32.130001068115234,32.130001068115234,381000
29-10-2024,32.150001525878906,32.720001220703125,32.119998931884766,32.599998474121094,634600
30-10-2024,32.599998474121094,33.13999938964844,32.400001525878906,32.40999984741211,525600
31-10-2024,32.459999084472656,32.54999923706055,31.809999465942383,32.22999954223633,689500
01-11-2024,32.470001220703125,33.25,32.310001373291016,33.22999954223633,1369900
04-11-2024,33.31999969482422,33.689998626708984,32.880001068115234,33.380001068115234,1209300
05-11-2024,30.420000076293945,30.809999465942383,28.299999237060547,28.46999931335449,2838500
06-11-2024,29.489999771118164,29.89999961853028,28.799999237060547,29.32999992370605,1550300
07-11-2024,29.34000015258789,29.420000076293945,28.8799991607666,29.309999465942383,1473500
08-11-2024,29.36000061035156,30.059999465942383,28.790000915527344,29.88999938964844,1570700
11-11-2024,30.0,30.09000015258789,29.239999771118164,29.790000915527344,1034600
12-11-2024,29.6200008392334,29.850000381469727,29.21999931335449,29.450000762939453,871000
13-11-2024,29.520000457763672,30.01000022888184,29.43000030517578,29.76000022888184,753900
14-11-2024,29.790000915527344,30.020000457763672,29.350000381469727,29.59000015258789,1134600
15-11-2024,29.479999542236328,29.5,28.770000457763672,28.96999931335449,746800
18-11-2024,29.14999961853028,29.489999771118164,28.690000534057617,29.209999084472656,711500
19-11-2024,28.920000076293945,29.600000381469727,28.6299991607666,29.5,635200
20-11-2024,29.57999992370605,30.020000457763672,29.299999237060547,29.96999931335449,636400
21-11-2024,30.229999542236328,30.770000457763672,30.059999465942383,30.3700008392334,871300
22-11-2024,30.57999992370605,30.8700008392334,30.479999542236328,30.700000762939453,707200
25-11-2024,31.020000457763672,31.549999237060547,31.020000457763672,31.1299991607666,1004500
26-11-2024,31.200000762939453,31.530000686645508,31.01000022888184,31.270000457763672,505900
27-11-2024,31.25,31.350000381469727,30.780000686645508,30.93000030517578,634100
29-11-2024,30.979999542236328,31.06999969482422,30.84000015258789,30.89999961853028,267200
02-12-2024,30.90999984741211,31.64999961853028,30.700000762939453,31.40999984741211,921400
03-12-2024,31.200000762939453,31.950000762939453,31.190000534057617,31.690000534057617,888700
04-12-2024,32.0,32.209999084472656,31.530000686645508,31.82999992370605,836800
05-12-2024,32.0,32.70000076293945,31.8799991607666,32.33000183105469,1392100
06-12-2024,32.75,32.790000915527344,31.96999931335449,32.11000061035156,632600
09-12-2024,32.22999954223633,32.779998779296875,32.15999984741211,32.41999816894531,674100
10-12-2024,32.15999984741211,32.63999938964844,31.96999931335449,32.5099983215332,665700
11-12-2024,32.5,32.7599983215332,32.18000030517578,32.56999969482422,1295600
12-12-2024,32.459999084472656,33.099998474121094,32.459999084472656,33.08000183105469,646200
13-12-2024,32.9900016784668,33.099998474121094,32.08000183105469,32.29999923706055,748900
16-12-2024,32.150001525878906,33.08000183105469,32.150001525878906,32.79999923706055,718000
17-12-2024,32.720001220703125,33.150001525878906,32.63999938964844,32.810001373291016,579900
18-12-2024,32.970001220703125,33.20000076293945,31.479999542236328,31.6299991607666,805000
19-12-2024,31.809999465942383,32.36000061035156,31.65999984741211,32.22999954223633,631900
20-12-2024,31.90999984741211,32.75,31.84000015258789,32.22999954223633,2337500
23-12-2024,32.25,32.400001525878906,32.0099983215332,32.150001525878906,468000
24-12-2024,32.16999816894531,32.2599983215332,31.81999969482422,32.099998474121094,350600
26-12-2024,31.979999542236328,32.380001068115234,31.850000381469727,32.18000030517578,409000
27-12-2024,32.11000061035156,32.220001220703125,31.5,31.61000061035156,434100
30-12-2024,31.38999938964844,31.38999938964844,30.90999984741211,31.020000457763672,511400
31-12-2024,31.190000534057617,31.38999938964844,30.93000030517578,31.14999961853028,828500
02-01-2025,31.520000457763672,31.61000061035156,30.63999938964844,30.65999984741211,877000
03-01-2025,30.770000457763672,31.049999237060547,30.309999465942383,30.90999984741211,550300
06-01-2025,31.06999969482422,32.02000045776367,31.06999969482422,31.61000061035156,799900
07-01-2025,31.75,32.13999938964844,30.989999771118164,31.290000915527344,617300
08-01-2025,31.01000022888184,31.26000022888184,30.5,31.1200008392334,672600
10-01-2025,30.6200008392334,30.76000022888184,30.049999237060547,30.31999969482422,654700
13-01-2025,30.059999465942383,30.6200008392334,29.770000457763672,30.32999992370605,903600
14-01-2025,30.61000061035156,30.940000534057617,30.36000061035156,30.6299991607666,696200
15-01-2025,31.07999992370605,31.3799991607666,30.81999969482422,31.14999961853028,740600
16-01-2025,31.25,31.420000076293945,31.0,31.0,1011100
17-01-2025,31.100000381469727,31.190000534057617,30.229999542236328,30.59000015258789,1141300
21-01-2025,30.63999938964844,31.68000030517578,30.63999938964844,31.6200008392334,909500
22-01-2025,31.790000915527344,32.369998931884766,31.709999084472656,32.08000183105469,668500
23-01-2025,31.809999465942383,32.189998626708984,31.56999969482422,32.16999816894531,832400
24-01-2025,32.290000915527344,32.36000061035156,31.89999961853028,31.950000762939453,598900
27-01-2025,31.540000915527344,32.58000183105469,31.38999938964844,32.25,907900
28-01-2025,32.189998626708984,33.029998779296875,32.099998474121094,32.779998779296875,760200
29-01-2025,32.459999084472656,32.599998474121094,32.060001373291016,32.36000061035156,744800
30-01-2025,32.31999969482422,32.7400016784668,32.31999969482422,32.40999984741211,506400
31-01-2025,32.5,32.66999816894531,31.729999542236328,31.90999984741211,880800
03-02-2025,31.209999084472656,31.799999237060547,30.8799991607666,31.530000686645508,620400
04-02-2025,31.780000686645508,31.96999931335449,31.479999542236328,31.920000076293945,694600
05-02-2025,32.0,32.11000061035156,31.61000061035156,31.64999961853028,850400
06-02-2025,31.690000534057617,31.780000686645508,30.780000686645508,30.799999237060547,800600
07-02-2025,30.96999931335449,31.299999237060547,30.770000457763672,30.850000381469727,884200
10-02-2025,31.190000534057617,31.34000015258789,30.81999969482422,30.93000030517578,1137100
11-02-2025,30.790000915527344,31.170000076293945,30.43000030517578,30.88999938964844,1160200
12-02-2025,23.25,25.690000534057617,22.729999542236328,24.6200008392334,4134500
13-02-2025,24.790000915527344,25.100000381469727,24.56999969482422,24.82999992370605,2113500
14-02-2025,24.940000534057617,24.940000534057617,24.51000022888184,24.799999237060547,1501200
18-02-2025,24.799999237060547,24.93000030517578,24.479999542236328,24.93000030517578,1554800
19-02-2025,24.75,24.780000686645508,24.3799991607666,24.38999938964844,1329400
20-02-2025,24.36000061035156,24.3799991607666,23.459999084472656,23.89999961853028,1751100
21-02-2025,23.940000534057617,24.06999969482422,23.200000762939453,23.31999969482422,1267700
24-02-2025,23.549999237060547,24.229999542236328,23.200000762939453,24.21999931335449,1857400
25-02-2025,24.18000030517578,24.530000686645508,24.049999237060547,24.299999237060547,2172000
26-02-2025,24.25,24.38999938964844,23.950000762939453,23.979999542236328,1469600
27-02-2025,24.049999237060547,24.07999992370605,23.450000762939453,23.459999084472656,1218200
28-02-2025,23.38999938964844,23.84000015258789,23.190000534057617,23.84000015258789,2099500
03-03-2025,23.979999542236328,23.979999542236328,23.25,23.3799991607666,2297400
04-03-2025,23.15999984741211,23.75,23.14999961853028,23.26000022888184,1779300
05-03-2025,23.18000030517578,23.559999465942383,22.81999969482422,23.530000686645508,1610000
06-03-2025,23.209999084472656,23.38999938964844,22.790000915527344,22.979999542236328,1009700
07-03-2025,22.8799991607666,23.239999771118164,22.6200008392334,23.049999237060547,1327100
10-03-2025,23.170000076293945,23.56999969482422,22.459999084472656,22.520000457763672,2033100
11-03-2025,22.38999938964844,22.81999969482422,22.13999938964844,22.34000015258789,1928500
12-03-2025,22.459999084472656,22.540000915527344,22.190000534057617,22.280000686645508,1619500
13-03-2025,22.1200008392334,22.25,21.799999237060547,21.950000762939453,1220500
14-03-2025,22.21999931335449,22.88999938964844,22.100000381469727,22.690000534057617,1393500
17-03-2025,22.739999771118164,23.68000030517578,22.739999771118164,23.290000915527344,1639700
18-03-2025,23.14999961853028,23.489999771118164,23.1299991607666,23.270000457763672,1448900
19-03-2025,23.3700008392334,23.809999465942383,23.239999771118164,23.350000381469727,1138600
20-03-2025,23.14999961853028,23.280000686645508,22.780000686645508,22.8700008392334,1082100
21-03-2025,22.6200008392334,22.989999771118164,22.520000457763672,22.89999961853028,19696000
24-03-2025,23.440000534057617,24.32999992370605,23.239999771118164,24.26000022888184,2117700
25-03-2025,24.1299991607666,24.39999961853028,23.5,23.86000061035156,1419200
26-03-2025,23.76000022888184,23.8799991607666,23.440000534057617,23.71999931335449,1287800
27-03-2025,23.59000015258789,23.850000381469727,23.39999961853028,23.6200008392334,1110600
28-03-2025,23.5,23.65999984741211,22.920000076293945,22.979999542236328,2241400
31-03-2025,22.700000762939453,22.76000022888184,22.15999984741211,22.479999542236328,1476300
01-04-2025,22.549999237060547,22.90999984741211,22.420000076293945,22.75,1036800
02-04-2025,22.479999542236328,23.190000534057617,22.38999938964844,22.93000030517578,1028600
03-04-2025,22.13999938964844,22.14999961853028,21.290000915527344,21.299999237060547,1249500
04-04-2025,20.600000381469727,20.86000061035156,19.43000030517578,19.729999542236328,1487100
07-04-2025,18.93000030517578,20.209999084472656,18.43000030517578,19.200000762939453,1460000
08-04-2025,20.31999969482422,20.31999969482422,18.989999771118164,19.31999969482422,1453200
09-04-2025,19.170000076293945,21.700000762939453,19.15999984741211,21.57999992370605,1508400
10-04-2025,21.06999969482422,21.190000534057617,20.229999542236328,20.6200008392334,1323200
11-04-2025,20.600000381469727,20.600000381469727,19.89999961853028,20.450000762939453,1036100
14-04-2025,20.979999542236328,20.979999542236328,20.290000915527344,20.51000022888184,786800
15-04-2025,20.51000022888184,20.850000381469727,20.3700008392334,20.530000686645508,976600
16-04-2025,20.46999931335449,20.59000015258789,20.0,20.270000457763672,1252400
17-04-2025,20.350000381469727,20.5,20.18000030517578,20.350000381469727,819600
21-04-2025,20.11000061035156,20.190000534057617,19.75,19.950000762939453,1107500
22-04-2025,20.190000534057617,20.420000076293945,19.709999084472656,20.190000534057617,1389300
23-04-2025,21.059999465942383,21.3700008392334,20.600000381469727,20.770000457763672,1495000
24-04-2025,20.950000762939453,21.559999465942383,20.729999542236328,21.51000022888184,777700
25-04-2025,21.479999542236328,21.700000762939453,21.32999992370605,21.61000061035156,710200
28-04-2025,21.75,22.14999961853028,21.38999938964844,21.57999992370605,738100
29-04-2025,21.520000457763672,21.81999969482422,21.520000457763672,21.71999931335449,728700
30-04-2025,21.43000030517578,21.549999237060547,21.100000381469727,21.5,877900
01-05-2025,21.81999969482422,21.959999084472656,21.450000762939453,21.63999938964844,863800
02-05-2025,22.01000022888184,22.190000534057617,21.770000457763672,22.06999969482422,664100
05-05-2025,21.940000534057617,22.459999084472656,21.75,22.100000381469727,743100
06-05-2025,21.86000061035156,22.21999931335449,21.799999237060547,21.950000762939453,1318700
07-05-2025,21.51000022888184,22.780000686645508,21.299999237060547,22.34000015258789,1958300
08-05-2025,22.350000381469727,22.8799991607666,22.280000686645508,22.64999961853028,1245800
09-05-2025,22.86000061035156,22.920000076293945,22.3700008392334,22.479999542236328,1164300
12-05-2025,23.36000061035156,23.63999938964844,23.1200008392334,23.59000015258789,1370100
13-05-2025,23.6200008392334,23.68000030517578,23.3799991607666,23.549999237060547,1130500
14-05-2025,23.43000030517578,23.68000030517578,23.200000762939453,23.34000015258789,846200
15-05-2025,23.190000534057617,23.40999984741211,23.040000915527344,23.1200008392334,1064500
16-05-2025,23.14999961853028,23.15999984741211,22.709999084472656,22.89999961853028,1051600
19-05-2025,22.6299991607666,22.809999465942383,22.530000686645508,22.65999984741211,862100
20-05-2025,22.670000076293945,22.81999969482422,22.440000534057617,22.489999771118164,823500
21-05-2025,22.190000534057617,22.299999237060547,21.700000762939453,21.81999969482422,1180300
22-05-2025,21.82999992370605,22.239999771118164,21.71999931335449,22.07999992370605,886800
23-05-2025,21.600000381469727,21.799999237060547,21.5,21.540000915527344,738300
27-05-2025,21.920000076293945,21.96999931335449,21.540000915527344,21.93000030517578,937100
28-05-2025,21.89999961853028,22.11000061035156,21.600000381469727,21.670000076293945,1012200
29-05-2025,21.8700008392334,21.8700008392334,21.420000076293945,21.809999465942383,834600
30-05-2025,21.770000457763672,21.96999931335449,21.489999771118164,21.959999084472656,1743200
02-06-2025,21.959999084472656,22.01000022888184,21.520000457763672,21.88999938964844,905200
03-06-2025,21.8700008392334,22.280000686645508,21.739999771118164,22.270000457763672,840500
04-06-2025,22.350000381469727,22.46999931335449,22.07999992370605,22.32999992370605,872800
05-06-2025,22.3799991607666,22.520000457763672,22.13999938964844,22.170000076293945,766000
06-06-2025,22.43000030517578,22.51000022888184,22.209999084472656,22.3799991607666,826200
09-06-2025,22.46999931335449,22.799999237060547,22.46999931335449,22.57999992370605,897000
10-06-2025,22.75,22.89999961853028,22.59000015258789,22.770000457763672,1153500
11-06-2025,22.809999465942383,22.88999938964844,22.15999984741211,22.190000534057617,900500
12-06-2025,21.959999084472656,22.32999992370605,21.86000061035156,22.190000534057617,815200
13-06-2025,21.76000022888184,22.01000022888184,21.350000381469727,21.450000762939453,734800
16-06-2025,21.5,22.07999992370605,21.5,22.040000915527344,941100
17-06-2025,21.90999984741211,22.3700008392334,21.90999984741211,22.14999961853028,1152700
18-06-2025,22.100000381469727,22.489999771118164,21.89999961853028,21.989999771118164,1315400
20-06-2025,22.020000457763672,22.190000534057617,21.299999237060547,21.350000381469727,2309400
23-06-2025,21.290000915527344,21.3700008392334,20.799999237060547,21.350000381469727,1335600
24-06-2025,21.59000015258789,21.989999771118164,21.56999969482422,21.81999969482422,1064700
25-06-2025,21.959999084472656,22.030000686645508,21.450000762939453,21.57999992370605,845100
26-06-2025,21.6200008392334,21.75,21.31999969482422,21.729999542236328,940500
27-06-2025,21.770000457763672,22.0,21.57999992370605,21.920000076293945,3200900
30-06-2025,22.0,22.3700008392334,21.940000534057617,22.309999465942383,1100500
01-07-2025,22.5,23.459999084472656,22.479999542236328,23.13999938964844,1211300
02-07-2025,23.18000030517578,23.280000686645508,22.93000030517578,23.190000534057617,963000
03-07-2025,23.31999969482422,23.57999992370605,23.209999084472656,23.209999084472656,1204900
07-07-2025,23.200000762939453,23.489999771118164,22.76000022888184,22.81999969482422,1058700
08-07-2025,22.88999938964844,23.280000686645508,22.82999992370605,22.88999938964844,831900
09-07-2025,22.89999961853028,22.989999771118164,22.57999992370605,22.729999542236328,828100
10-07-2025,22.739999771118164,22.81999969482422,22.229999542236328,22.270000457763672,860100
11-07-2025,22.07999992370605,22.21999931335449,21.420000076293945,21.43000030517578,798100
14-07-2025,21.34000015258789,21.850000381469727,21.26000022888184,21.780000686645508,864500
15-07-2025,21.8799991607666,22.040000915527344,21.299999237060547,21.309999465942383,851600
16-07-2025,21.479999542236328,21.59000015258789,21.1299991607666,21.520000457763672,821100
17-07-2025,21.520000457763672,21.93000030517578,21.43000030517578,21.799999237060547,953900
18-07-2025,21.850000381469727,21.90999984741211,21.51000022888184,21.59000015258789,789200
21-07-2025,21.76000022888184,21.82999992370605,21.489999771118164,21.540000915527344,615900
22-07-2025,21.709999084472656,22.13999938964844,21.670000076293945,22.09000015258789,1230400
23-07-2025,22.309999465942383,22.34000015258789,22.030000686645508,22.200000762939453,720300
24-07-2025,22.09000015258789,22.21999931335449,21.57999992370605,21.61000061035156,823000
25-07-2025,21.68000030517578,22.059999465942383,21.530000686645508,22.059999465942383,952700
28-07-2025,22.239999771118164,22.549999237060547,22.15999984741211,22.51000022888184,822900
29-07-2025,22.540000915527344,22.6299991607666,21.950000762939453,22.11000061035156,1030200
30-07-2025,22.1200008392334,22.229999542236328,21.420000076293945,21.64999961853028,1172800
31-07-2025,21.59000015258789,22.0,20.88999938964844,20.93000030517578,1296600
01-08-2025,20.3799991607666,20.440000534057617,19.82999992370605,20.11000061035156,1223100
04-08-2025,20.229999542236328,20.46999931335449,20.0,20.36000061035156,1038700
05-08-2025,20.6200008392334,20.670000076293945,20.1200008392334,20.229999542236328,1373300
06-08-2025,21.6200008392334,22.14999961853028,20.440000534057617,21.84000015258789,2584600
07-08-2025,22.0,22.09000015258789,20.61000061035156,20.799999237060547,1374700
08-08-2025,20.76000022888184,20.96999931335449,20.32999992370605,20.530000686645508,1133400
11-08-2025,20.450000762939453,20.709999084472656,20.1299991607666,20.15999984741211,1235900
12-08-2025,20.209999084472656,20.670000076293945,19.959999084472656,20.6200008392334,1026400
13-08-2025,20.739999771118164,21.46999931335449,20.57999992370605,21.40999984741211,994700
14-08-2025,21.100000381469727,21.209999084472656,20.940000534057617,21.170000076293945,786300
15-08-2025,21.39999961853028,21.68000030517578,21.040000915527344,21.07999992370605,985700
18-08-2025,21.15999984741211,21.420000076293945,21.07999992370605,21.25,818500
19-08-2025,21.39999961853028,21.64999961853028,21.100000381469727,21.1200008392334,828500
20-08-2025,21.09000015258789,21.100000381469727,20.549999237060547,20.59000015258789,914800
21-08-2025,20.440000534057617,20.850000381469727,20.170000076293945,20.729999542236328,940800
22-08-2025,20.84000015258789,21.420000076293945,20.76000022888184,21.40999984741211,676000
25-08-2025,21.270000457763672,21.3799991607666,20.8700008392334,20.89999961853028,649100
26-08-2025,20.790000915527344,20.989999771118164,20.51000022888184,20.549999237060547,877800
27-08-2025,20.600000381469727,21.13999938964844,20.57999992370605,21.100000381469727,814700
28-08-2025,21.15999984741211,21.32999992370605,20.940000534057617,21.1200008392334,765500
29-08-2025,21.200000762939453,21.299999237060547,20.8700008392334,20.979999542236328,686300
02-09-2025,20.65999984741211,20.90999984741211,20.459999084472656,20.729999542236328,745400
03-09-2025,20.670000076293945,20.850000381469727,20.520000457763672,20.709999084472656,1020600
04-09-2025,20.709999084472656,20.71999931335449,20.25,20.530000686645508,981900
05-09-2025,20.690000534057617,21.229999542236328,20.530000686645508,21.01000022888184,1115600
08-09-2025,21.040000915527344,21.3799991607666,20.64999961853028,21.26000022888184,842400
09-09-2025,21.280000686645508,21.290000915527344,20.84000015258789,21.059999465942383,751700
10-09-2025,21.07999992370605,21.57999992370605,20.86000061035156,21.040000915527344,979500
11-09-2025,21.06999969482422,21.56999969482422,20.989999771118164,21.549999237060547,814300
12-09-2025,21.549999237060547,21.549999237060547,21.07999992370605,21.14999961853028,807400
15-09-2025,21.18000030517578,21.540000915527344,21.1299991607666,21.479999542236328,1019800
16-09-2025,21.540000915527344,21.56999969482422,21.299999237060547,21.489999771118164,860800
17-09-2025,21.540000915527344,22.14999961853028,21.36000061035156,21.809999465942383,1319600
18-09-2025,22.059999465942383,22.51000022888184,21.940000534057617,22.209999084472656,1115800
19-09-2025,22.299999237060547,22.3700008392334,21.8799991607666,22.0,2156500
22-09-2025,21.8700008392334,22.520000457763672,21.65999984741211,22.51000022888184,1044800
23-09-2025,22.600000381469727,22.64999961853028,22.270000457763672,22.31999969482422,827300
24-09-2025,22.46999931335449,22.56999969482422,22.209999084472656,22.420000076293945,629300
25-09-2025,22.14999961853028,22.26000022888184,21.76000022888184,21.8799991607666,800100
26-09-2025,21.850000381469727,22.229999542236328,21.780000686645508,22.190000534057617,771800
29-09-2025,22.31999969482422,22.31999969482422,21.56999969482422,22.18000030517578,2289100
30-09-2025,22.209999084472656,22.31999969482422,21.31999969482422,21.51000022888184,854700
01-10-2025,21.36000061035156,21.780000686645508,21.290000915527344,21.39999961853028,1025300
02-10-2025,21.51000022888184,22.020000457763672,21.51000022888184,21.96999931335449,957100
03-10-2025,21.90999984741211,22.600000381469727,21.90999984741211,22.18000030517578,1048500
06-10-2025,22.299999237060547,23.07999992370605,22.14999961853028,23.020000457763672,2736100
07-10-2025,23.18000030517578,23.25,21.32999992370605,21.729999542236328,1811000
08-10-2025,21.799999237060547,22.459999084472656,21.700000762939453,22.170000076293945,1501100
09-10-2025,22.15999984741211,22.270000457763672,21.39999961853028,21.71999931335449,1930700
10-10-2025,21.76000022888184,21.8799991607666,20.32999992370605,20.420000076293945,1302900
13-10-2025,20.780000686645508,21.350000381469727,20.420000076293945,21.31999969482422,1088400
14-10-2025,20.90999984741211,21.46999931335449,20.75,21.34000015258789,1259200
15-10-2025,21.559999465942383,21.559999465942383,21.059999465942383,21.26000022888184,962200
16-10-2025,21.39999961853028,21.520000457763672,20.81999969482422,20.850000381469727,1080100
17-10-2025,20.64999961853028,20.8799991607666,20.6299991607666,20.76000022888184,825700
20-10-2025,20.959999084472656,21.31999969482422,20.850000381469727,20.86000061035156,1183000
21-10-2025,20.81999969482422,21.61000061035156,20.81999969482422,21.31999969482422,966800
22-10-2025,21.15999984741211,21.39999961853028,20.93000030517578,21.18000030517578,809500
23-10-2025,21.1200008392334,21.38999938964844,20.709999084472656,21.31999969482422,1980900
24-10-2025,21.61000061035156,21.6299991607666,21.309999465942383,21.38999938964844,819800
27-10-2025,21.63999938964844,21.690000534057617,21.31999969482422,21.3700008392334,881900
28-10-2025,21.3700008392334,21.549999237060547,21.14999961853028,21.450000762939453,837200
29-10-2025,21.32999992370605,21.3700008392334,20.959999084472656,21.040000915527344,861900
30-10-2025,20.90999984741211,21.229999542236328,20.76000022888184,20.88999938964844,2189000
31-10-2025,20.920000076293945,21.01000022888184,20.549999237060547,20.850000381469727,1552400
03-11-2025,20.82999992370605,21.6200008392334,20.6200008392334,21.59000015258789,1975400
04-11-2025,21.26000022888184,21.32999992370605,20.540000915527344,20.709999084472656,1716000
05-11-2025,24.89999961853028,27.65999984741211,24.57999992370605,27.459999084472656,6802500
06-11-2025,27.520000457763672,28.6200008392334,27.13999938964844,28.299999237060547,4374500
07-11-2025,27.780000686645508,27.90999984741211,27.1299991607666,27.600000381469727,1923500
10-11-2025,28.43000030517578,29.25,27.520000457763672,27.920000076293945,2195600
11-11-2025,27.93000030517578,28.15999984741211,27.71999931335449,28.040000915527344,1223200
12-11-2025,28.0,28.309999465942383,27.709999084472656,27.76000022888184,1398400
13-11-2025,27.5,27.68000030517578,26.93000030517578,26.979999542236328,1503600
14-11-2025,26.40999984741211,27.239999771118164,26.350000381469727,27.239999771118164,1492800
17-11-2025,27.11000061035156,27.229999542236328,26.059999465942383,26.1299991607666,1578700
18-11-2025,26.1299991607666,26.850000381469727,25.950000762939453,26.790000915527344,1581800
19-11-2025,26.59000015258789,26.88999938964844,26.270000457763672,26.600000381469727,1163000
20-11-2025,26.89999961853028,27.559999465942383,26.43000030517578,26.61000061035156,1417900
21-11-2025,26.57999992370605,27.39999961853028,26.25,27.200000762939453,2927200
24-11-2025,27.14999961853028,27.780000686645508,26.82999992370605,27.670000076293945,1453700
25-11-2025,27.799999237060547,28.729999542236328,27.790000915527344,28.5,1507600
26-11-2025,28.309999465942383,28.670000076293945,28.049999237060547,28.26000022888184,1649700
28-11-2025,28.39999961853028,28.709999084472656,28.200000762939453,28.63999938964844,470500
01-12-2025,28.5,29.64999961853028,28.5,29.420000076293945,1971300
02-12-2025,29.709999084472656,31.299999237060547,29.709999084472656,30.709999084472656,2247800
03-12-2025,30.6299991607666,30.8700008392334,30.229999542236328,30.299999237060547,1515600
04-12-2025,30.479999542236328,30.479999542236328,29.64999961853028,29.75,1514900
05-12-2025,29.709999084472656,30.440000534057617,29.540000915527344,29.86000061035156,2103200
08-12-2025,30.239999771118164,31.40999984741211,29.940000534057617,31.38999938964844,2077900
09-12-2025,31.0,31.549999237060547,30.770000457763672,31.39999961853028,1352800
10-12-2025,31.46999931335449,32.029998779296875,31.290000915527344,31.65999984741211,1164100
11-12-2025,31.450000762939453,31.88999938964844,31.38999938964844,31.809999465942383,1124000
12-12-2025,31.790000915527344,31.790000915527344,30.86000061035156,31.299999237060547,1749300
15-12-2025,31.350000381469727,31.459999084472656,29.950000762939453,30.14999961853028,1243100
16-12-2025,30.059999465942383,30.280000686645508,29.530000686645508,29.68000030517578,1220200
17-12-2025,29.86000061035156,30.09000015258789,29.520000457763672,29.8799991607666,1243300
18-12-2025,29.989999771118164,30.200000762939453,29.6200008392334,29.86000061035156,1474100
19-12-2025,30.25,30.809999465942383,30.059999465942383,30.709999084472656,3753300
22-12-2025,30.799999237060547,31.15999984741211,30.75,30.979999542236328,1096600
23-12-2025,30.770000457763672,30.959999084472656,30.3799991607666,30.56999969482422,776800
24-12-2025,30.559999465942383,30.790000915527344,30.3799991607666,30.56999969482422,306500
26-12-2025,30.459999084472656,30.670000076293945,30.43000030517578,30.670000076293945,556000
29-12-2025,30.520000457763672,30.76000022888184,30.40999984741211,30.739999771118164,859100
30-12-2025,30.68000030517578,30.93000030517578,30.600000381469727,30.88999938964844,820500
31-12-2025,30.700000762939453,30.940000534057617,30.38999938964844,30.440000534057617,863500
02-01-2026,30.729999542236328,31.0,29.290000915527344,29.690000534057617,1252000
05-01-2026,30.280000686645508,30.65999984741211,29.82999992370605,30.5,1225200
06-01-2026,30.39999961853028,31.1299991607666,30.3700008392334,31.09000015258789,1379600
07-01-2026,31.229999542236328,31.5,31.07999992370605,31.459999084472656,1096100
08-01-2026,31.270000457763672,31.5,30.979999542236328,31.030000686645508,1211500
09-01-2026,30.89999961853028,31.8700008392334,30.6299991607666,31.76000022888184,1262200
12-01-2026,31.549999237060547,31.790000915527344,31.209999084472656,31.739999771118164,1106700
13-01-2026,31.799999237060547,32.029998779296875,31.06999969482422,31.190000534057617,803100
14-01-2026,31.0,31.32999992370605,30.32999992370605,30.59000015258789,875800
15-01-2026,30.790000915527344,30.940000534057617,30.350000381469727,30.89999961853028,1283200
16-01-2026,31.06999969482422,31.09000015258789,29.75,29.770000457763672,1146200
20-01-2026,29.18000030517578,29.780000686645508,29.13999938964844,29.440000534057617,998800
21-01-2026,29.670000076293945,29.979999542236328,29.25,29.540000915527344,1222900
22-01-2026,29.75,29.989999771118164,29.559999465942383,29.90999984741211,913100
23-01-2026,29.850000381469727,30.1299991607666,29.31999969482422,29.36000061035156,1167300
26-01-2026,29.56999969482422,29.850000381469727,29.450000762939453,29.700000762939453,1004300
27-01-2026,29.75,29.979999542236328,29.15999984741211,29.57999992370605,835000
28-01-2026,29.729999542236328,30.09000015258789,29.479999542236328,29.690000534057617,954700
29-01-2026,29.25,29.38999938964844,28.290000915527344,28.82999992370605,1451400
30-01-2026,28.56999969482422,29.1200008392334,28.43000030517578,28.520000457763672,1813800
02-02-2026,28.46999931335449,29.229999542236328,27.82999992370605,28.020000457763672,1808000
03-02-2026,27.93000030517578,27.940000534057617,25.75,26.030000686645508,2239700
04-02-2026,25.81999969482422,27.299999237060547,25.76000022888184,27.13999938964844,2050700
05-02-2026,27.0,27.68000030517578,26.540000915527344,26.75,2076400
06-02-2026,27.01000022888184,27.600000381469727,26.690000534057617,27.46999931335449,1673900
09-02-2026,27.440000534057617,28.350000381469727,27.350000381469727,28.290000915527344,1422100
10-02-2026,28.549999237060547,29.489999771118164,28.280000686645508,29.229999542236328,3437300
11-02-2026,38.68000030517578,41.77999877929688,35.209999084472656,37.880001068115234,11375300
12-02-2026,37.18000030517578,37.2599983215332,32.630001068115234,33.540000915527344,4866300
13-02-2026,33.459999084472656,33.849998474121094,32.779998779296875,33.560001373291016,2123200
17-02-2026,33.310001373291016,33.52000045776367,31.770000457763672,32.599998474121094,2550200
18-02-2026,32.66999816894531,33.16999816894531,32.04999923706055,32.810001373291016,1713200
19-02-2026,32.7599983215332,33.2599983215332,32.029998779296875,32.119998931884766,1406000
20-02-2026,32.040000915527344,32.900001525878906,30.68000030517578,30.90999984741211,1600200
23-02-2026,31.200000762939453,31.270000457763672,27.96999931335449,28.1299991607666,3445600
24-02-2026,28.489999771118164,30.559999465942383,28.3700008392334,30.030000686645508,2512700
25-02-2026,30.030000686645508,30.729999542236328,29.6200008392334,30.40999984741211,1679800
26-02-2026,30.690000534057617,31.020000457763672,29.959999084472656,30.96999931335449,1651200
27-02-2026,30.06999969482422,31.549999237060547,30.01000022888184,31.489999771118164,2645900
02-03-2026,30.57999992370605,30.90999984741211,29.770000457763672,30.40999984741211,2224400
03-03-2026,29.450000762939453,30.57999992370605,28.489999771118164,30.36000061035156,2166100
04-03-2026,30.299999237060547,30.40999984741211,28.65999984741211,28.71999931335449,2400200
05-03-2026,28.64999961853028,29.63999938964844,28.6299991607666,28.959999084472656,2502600
06-03-2026,28.670000076293945,28.780000686645508,27.670000076293945,28.020000457763672,2016900
09-03-2026,27.790000915527344,28.6299991607666,27.100000381469727,28.540000915527344,2052800
10-03-2026,28.46999931335449,28.59000015258789,27.170000076293945,27.88999938964844,2468300
11-03-2026,28.09000015258789,28.350000381469727,26.5,27.290000915527344,2148300
12-03-2026,26.979999542236328,27.6299991607666,26.65999984741211,26.76000022888184,1645100
13-03-2026,26.64999961853028,27.239999771118164,26.1299991607666,26.57999992370605,1288600
16-03-2026,26.780000686645508,26.950000762939453,26.0,26.670000076293945,1888800
17-03-2026,26.790000915527344,27.75,26.690000534057617,27.239999771118164,1920800
18-03-2026,26.850000381469727,27.239999771118164,26.56999969482422,26.690000534057617,1649000
19-03-2026,26.270000457763672,27.280000686645508,26.170000076293945,27.020000457763672,2405500
20-03-2026,26.780000686645508,27.1299991607666,26.21999931335449,26.82999992370605,2880400
23-03-2026,27.11000061035156,27.489999771118164,26.549999237060547,26.940000534057617,1976400
24-03-2026,26.799999237060547,26.799999237060547,25.809999465942383,26.11000061035156,1341000
25-03-2026,26.6200008392334,26.780000686645508,25.6200008392334,26.01000022888184,1470200
26-03-2026,25.739999771118164,26.75,25.739999771118164,26.229999542236328,1616700
27-03-2026,25.84000015258789,25.84000015258789,25.020000457763672,25.309999465942383,2000900
30-03-2026,25.530000686645508,25.729999542236328,24.520000457763672,24.75,1649500
31-03-2026,25.1200008392334,26.01000022888184,24.709999084472656,25.6299991607666,2223000
01-04-2026,25.790000915527344,25.920000076293945,24.93000030517578,25.239999771118164,1571700
02-04-2026,24.790000915527344,25.63999938964844,23.86000061035156,25.479999542236328,2752900
06-04-2026,25.309999465942383,26.1299991607666,25.100000381469727,25.93000030517578,1672900
07-04-2026,25.799999237060547,26.190000534057617,25.46999931335449,25.8700008392334,1211700
08-04-2026,26.84000015258789,27.21999931335449,25.6200008392334,25.700000762939453,1627100
09-04-2026,25.5,25.530000686645508,24.770000457763672,25.1200008392334,1566000
10-04-2026,25.200000762939453,25.31999969482422,24.32999992370605,24.559999465942383,1512500
13-04-2026,24.64999961853028,26.200000762939453,24.540000915527344,26.020000457763672,1941400
14-04-2026,26.190000534057617,26.64999961853028,25.71999931335449,25.71999931335449,1216000
15-04-2026,26.21999931335449,26.950000762939453,26.21999931335449,26.670000076293945,1588700
16-04-2026,27.14999961853028,27.530000686645508,26.57999992370605,26.770000457763672,941300
17-04-2026,27.170000076293945,27.559999465942383,26.89999961853028,27.100000381469727,1258900
20-04-2026,27.0,27.670000076293945,26.979999542236328,27.07999992370605,2276800
21-04-2026,27.209999084472656,27.89999961853028,27.049999237060547,27.51000022888184,1380700
22-04-2026,27.700000762939453,28.06999969482422,27.299999237060547,27.479999542236328,1245400
23-04-2026,27.100000381469727,27.100000381469727,25.489999771118164,25.90999984741211,1628000
24-04-2026,26.14999961853028,26.5,25.670000076293945,26.43000030517578,1562000
27-04-2026,26.39999961853028,26.89999961853028,26.32999992370605,26.46999931335449,1238500
28-04-2026,26.57999992370605,27.299999237060547,25.68000030517578,25.780000686645508,1422800
29-04-2026,25.57999992370605,26.46999931335449,25.299999237060547,26.270000457763672,1891400
30-04-2026,26.09000015258789,26.770000457763672,25.6200008392334,26.350000381469727,2739100
01-05-2026,26.989999771118164,28.229999542236328,26.920000076293945,27.959999084472656,1944700
04-05-2026,28.200000762939453,29.40999984741211,28.200000762939453,29.31999969482422,4316000
05-05-2026,29.309999465942383,30.61000061035156,28.739999771118164,30.07999992370605,3580700
06-05-2026,27.200000762939453,30.5,26.8700008392334,30.280000686645508,5185300
07-05-2026,30.84000015258789,31.51000022888184,29.32999992370605,29.6299991607666,4693100
08-05-2026,29.700000762939453,31.65999984741211,29.25,31.59000015258789,2516300
11-05-2026,31.450000762939453,32.369998931884766,31.049999237060547,32.310001373291016,2656600
12-05-2026,32.13999938964844,32.66999816894531,31.229999542236328,31.739999771118164,2592400
13-05-2026,31.540000915527344,33.5099983215332,31.3700008392334,32.70000076293945,3682700
14-05-2026,32.65999984741211,34.040000915527344,32.54999923706055,33.459999084472656,2491200
15-05-2026,33.36000061035156,34.029998779296875,33.0099983215332,33.810001373291016,1920700
18-05-2026,33.72999954223633,34.38999938964844,32.7599983215332,32.77000045776367,2426700
19-05-2026,33.0,33.5099983215332,32.4900016784668,32.650001525878906,2112700
20-05-2026,32.369998931884766,33.119998931884766,31.88999938964844,33.099998474121094,1797100
21-05-2026,32.599998474121094,33.09000015258789,32.279998779296875,32.77000045776367,2109000
22-05-2026,33.0,33.970001220703125,32.900001525878906,33.439998626708984,1487800
26-05-2026,33.619998931884766,33.900001525878906,33.0,33.34000015258789,1618800
27-05-2026,32.84000015258789,33.25,32.09000015258789,32.220001220703125,1231500
28-05-2026,32.31999969482422,32.31999969482422,30.36000061035156,31.6299991607666,3232100
29-05-2026,31.959999084472656,34.150001525878906,31.89999961853028,34.04999923706055,3494600
01-06-2026,34.41999816894531,36.86000061035156,34.41999816894531,36.83000183105469,3299700
02-06-2026,35.970001220703125,36.59999847412109,35.70000076293945,36.5099983215332,2343100
03-06-2026,36.2599983215332,36.2599983215332,34.63999938964844,34.970001220703125,1868400
04-06-2026,34.970001220703125,35.439998626708984,34.689998626708984,34.880001068115234,1741000
05-06-2026,34.84000015258789,34.970001220703125,33.66999816894531,33.70000076293945,1768300
08-06-2026,33.720001220703125,33.9900016784668,33.189998626708984,33.70000076293945,1554500
09-06-2026,33.43000030517578,34.189998626708984,32.34000015258789,33.470001220703125,2009100
10-06-2026,32.630001068115234,33.869998931884766,32.36000061035156,33.06999969482422,2734800
11-06-2026,32.5099983215332,32.97999954223633,31.84000015258789,32.79999923706055,1907000
12-06-2026,32.43000030517578,33.209999084472656,31.920000076293945,33.0,2340400
15-06-2026,33.45000076293945,33.90999984741211,32.93000030517578,33.619998931884766,2655700
16-06-2026,33.5099983215332,34.25,32.86000061035156,32.869998931884766,1784400
17-06-2026,32.630001068115234,32.880001068115234,31.299999237060547,31.739999771118164,3070800
18-06-2026,31.270000457763672,31.51000022888184,30.68000030517578,30.8799991607666,3782000
22-06-2026,30.739999771118164,30.96999931335449,29.01000022888184,29.670000076293945,3544100
23-06-2026,29.709999084472656,31.21999931335449,29.709999084472656,31.15999984741211,4331400
24-06-2026,30.940000534057617,32.209999084472656,30.709999084472656,31.690000534057617,3435300
25-06-2026,31.190000534057617,32.33000183105469,31.01000022888184,31.170000076293945,4360100
26-06-2026,30.88999938964844,32.9900016784668,30.88999938964844,32.849998474121094,16262500
29-06-2026,33.38999938964844,34.56999969482422,33.310001373291016,34.31999969482422,3564200
30-06-2026,34.15999984741211,34.90999984741211,33.54999923706055,34.650001525878906,2841300
01-07-2026,35.25,35.970001220703125,34.040000915527344,34.459999084472656,2715000
02-07-2026,34.2400016784668,34.75,33.7599983215332,34.560001373291016,1648700
06-07-2026,34.27000045776367,36.459999084472656,34.08000183105469,36.43999862670898,3517500
07-07-2026,37.02000045776367,37.52000045776367,36.36000061035156,36.459999084472656,2490500
08-07-2026,35.790000915527344,36.59999847412109,34.939998626708984,35.16999816894531,2404800
09-07-2026,34.27000045776367,35.77000045776367,34.099998474121094,34.83000183105469,3830400
10-07-2026,35.380001068115234,35.5099983215332,33.5,33.7400016784668,3686500
13-07-2026,34.0099983215332,34.77000045776367,33.599998474121094,33.959999084472656,1788100
14-07-2026,33.369998931884766,33.45000076293945,29.6200008392334,31.420000076293945,5387000
15-07-2026,31.989999771118164,32.52000045776367,31.26000022888184,31.309999465942383,2466700
16-07-2026,31.63999938964844,31.96999931335449,30.82999992370605,30.93000030517578,1840500
17-07-2026,30.270000457763672,31.239999771118164,30.26000022888184,30.520000457763672,2561400
20-07-2026,30.059999465942383,30.940000534057617,30.040000915527344,30.600000381469727,2589000
21-07-2026,30.309999465942383,31.280000686645508,29.209999084472656,29.32999992370605,2861200
22-07-2026,28.920000076293945,29.489999771118164,28.040000915527344,28.09000015258789,2666100
23-07-2026,28.1200008392334,28.530000686645508,26.61000061035156,27.68000030517578,3827700
24-07-2026,28.38999938964844,28.89999961853028,27.63999938964844,28.520000457763672,2058100
27-07-2026,29.15999984741211,30.209999084472656,29.14999961853028,29.790000915527344,2891700
28-07-2026,30.0,30.350000381469727,29.11000061035156,29.190000534057617,3920900
29-07-2026,29.64999961853028,31.0,29.64999961853028,30.6299991607666,2661000
30-07-2026,30.63999938964844,30.86000061035156,29.43000030517578,30.559999465942383,4146800
31-07-2026,30.440000534057617,31.170000076293945,30.229999542236328,30.989999771118164,2073500
03-08-2026,32.099998474121094,32.540000915527344,31.600000381469727,32.09000015258789,2482800
04-08-2026,31.920000076293945,34.939998626708984,31.920000076293945,34.38999938964844,5215600
05-08-2026,27.520000457763672,28.690000534057617,25.93000030517578,26.229999542236328,10737300
06-08-2026,25.57999992370605,27.1299991607666,25.540000915527344,26.950000762939453,3870200
07-08-2026,27.420000076293945,27.729999542236328,26.86000061035156,27.38999938964844,2708300
10-08-2026,26.93000030517578,27.75,26.700000762939453,27.690000534057617,2405300
11-08-2026,27.3799991607666,27.75,26.850000381469727,26.86000061035156,2399200
12-08-2026,26.59000015258789,27.13999938964844,26.299999237060547,26.739999771118164,2276700
13-08-2026,26.86000061035156,27.81999969482422,26.670000076293945,27.6299991607666,3358900
14-08-2026,28.0,28.26000022888184,27.57999992370605,27.68000030517578,2481800
17-08-2026,27.5,27.84000015258789,27.0,27.530000686645508,2884000
18-08-2026,27.40999984741211,28.56999969482422,27.40999984741211,28.46999931335449,2591100
19-08-2026,28.489999771118164,28.90999984741211,27.71999931335449,27.89999961853028,1532100
20-08-2026,27.8700008392334,28.1299991607666,27.15999984741211,27.56999969482422,2496900
21-08-2026,27.540000915527344,28.07999992370605,27.32999992370605,27.690000534057617,1389600
24-08-2026,27.489999771118164,27.65999984741211,27.18000030517578,27.520000457763672,3195300
25-08-2026,27.479999542236328,27.709999084472656,26.989999771118164,27.3700008392334,1128100
26-08-2026,26.89999961853028,27.420000076293945,26.75,27.059999465942383,1375900
27-08-2026,27.59000015258789,28.57999992370605,27.51000022888184,28.549999237060547,1917500
28-08-2026,28.549999237060547,29.270000457763672,28.299999237060547,28.770000457763672,1410100
31-08-2026,28.63999938964844,29.229999542236328,28.63999938964844,29.0,2174100
01-09-2026,28.59000015258789,29.13999938964844,28.450000762939453,28.64999961853028,1471200
02-09-2026,28.51000022888184,29.06999969482422,28.25,28.26000022888184,2005800
03-09-2026,28.559999465942383,29.489999771118164,28.559999465942383,28.790000915527344,2462600
04-09-2026,28.39999961853028,28.450000762939453,27.850000381469727,28.049999237060547,1577700
08-09-2026,27.75,27.940000534057617,27.200000762939453,27.76000022888184,1549600
09-09-2026,27.729999542236328,27.90999984741211,27.34000015258789,27.86000061035156,1332400
10-09-2026,27.88999938964844,28.049999237060547,27.309999465942383,27.36000061035156,2101900
11-09-2026,27.459999084472656,28.32999992370605,27.459999084472656,27.84000015258789,1799600
14-09-2026,28.31999969482422,29.6299991607666,28.270000457763672,29.3700008392334,2036800
15-09-2026,28.989999771118164,30.13999938964844,28.90999984741211,29.38999938964844,2264300
16-09-2026,28.850000381469727,29.56999969482422,28.81999969482422,29.170000076293945,1483200
17-09-2026,29.14,29.7,28.68,29.27,1329700
18-09-2026,29.46,29.49,28.52,28.89,2578100
21-09-2026,29.06,29.45,28.79,29.36,1121500
22-09-2026,29.78,30.08,28.91,29.41,1285300
23-09-2026,29.51,29.62,28.81,29.21,1008000
24-09-2026,29.21,29.66,28.87,29.46,1004400
25-09-2026,29.43,29.52,28.91,28.94,1233200
28-09-2026,28.34,28.62,27.97,28.55,1191300
29-09-2026,29.03,29.03,28.02,28.69,1474000
30-09-2026,28.72,29.31,28.65,28.84,1452000
01-10-2026,29.43,30.12,28.83,29.92,1643400
02-10-2026,30.18,30.38,29.91,30.14,1409300
05-10-2026,30.12,30.3,29.62,29.91,1880500
