Date,Open,High,Low,Close,Volume
30-09-2021,15.063148401831914,15.18121345962664,14.876211356600344,14.90572738647461,400000
01-10-2021,14.964759319594595,15.446858505856865,14.767984237273016,15.318954467773438,380900
04-10-2021,15.279598970288395,15.417341992725984,15.004113863710796,15.387825965881348,315100
05-10-2021,15.309116666232748,15.653472831318677,15.240244682577467,15.643633842468262,370000
06-10-2021,15.486213088536951,15.486213088536951,14.85653284274587,15.112339973449709,260300
07-10-2021,15.250084886156875,15.574764037701565,15.250084886156875,15.397665977478027,248000
08-10-2021,15.456696440412047,15.584600469772514,15.289437397271248,15.446857452392578,129900
11-10-2021,15.42718160603662,15.594440662094232,15.338632583618164,15.338632583618164,103000
12-10-2021,15.309116417380563,15.594440521321252,15.13201837414234,15.318954467773438,161100
13-10-2021,15.328794083440656,15.328794083440656,14.758145852218677,14.8368558883667,178700
14-10-2021,15.092664952944348,15.092664952944348,14.777824787951806,14.984437942504885,144500
15-10-2021,15.328793368601824,15.328793368601824,14.856533173736947,14.87621021270752,195800
18-10-2021,14.836855504616503,14.915565538728716,14.689274425230508,14.777823448181152,82500
19-10-2021,14.836855504616503,14.856533482293363,14.561370385223755,14.777823448181152,151800
20-10-2021,14.895888589273696,15.013953641154757,14.767984548494807,14.935243606567385,103600
21-10-2021,14.610564087670427,15.072985293901215,14.610564087670427,14.87621021270752,195200
22-10-2021,14.748308113767582,15.013955212016995,14.708953092356303,14.738469123840332,132300
25-10-2021,14.767985261398636,15.200890472527089,14.659758254893273,15.191051483154297,197900
26-10-2021,15.20089045932772,15.40750454448858,15.033631393326182,15.04347038269043,188100
27-10-2021,14.935243512463511,15.09266358064639,14.462982369617263,14.492498397827148,176500
28-10-2021,14.600725625730316,14.777823674341926,14.413788588129698,14.669596672058104,130600
29-10-2021,14.600725856452645,14.767984918718293,14.089109680511212,14.128464698791504,285100
01-11-2021,14.2760449648839,14.79749912752496,14.226850963510772,14.718789100646973,287100
02-11-2021,14.69911254191551,14.817178531912733,14.43346641016582,14.502337455749512,159600
03-11-2021,14.502335286291542,15.112338431302318,14.433464251010523,15.02379035949707,235400
04-11-2021,15.043469141546527,15.230405232555947,14.55153097349295,14.85653305053711,193500
05-11-2021,14.856534058392626,15.801054504365329,14.777824021228234,15.732183456420898,223300
08-11-2021,16.263475453061655,17.73928986118211,16.135570486797977,16.411056518554688,456400
09-11-2021,16.38154477527328,16.58815983408347,16.04702658603443,16.184770584106445,212400
10-11-2021,16.17492640718366,16.371700535262352,15.810891361515733,15.840408325195312,242400
11-11-2021,15.987987090480246,16.32250512434711,15.869921129341147,16.204439163208008,150500
12-11-2021,16.18476591595384,16.411057014994878,16.037182969401307,16.342185974121094,177300
15-11-2021,16.49960531910861,16.912833423085043,16.411056305642585,16.519283294677734,205400
16-11-2021,16.361861965742794,16.617670027721676,16.361861965742794,16.470088958740234,218300
17-11-2021,16.4208985431281,16.499608584386305,16.096219388363586,16.440574645996094,297700
18-11-2021,16.450406675354394,16.450406675354394,15.72233863262188,15.85024356842041,195600
19-11-2021,15.505890614179364,15.791213763527988,15.456696611833978,15.614116668701172,129600
22-11-2021,15.928957589774615,16.155248685086388,15.60427755228342,15.879762649536133,188500
23-11-2021,15.820732423473444,16.36186369237484,15.742022386604232,16.155250549316406,175300
24-11-2021,16.00766845107,16.24379854672461,15.89944145350511,16.145410537719727,117800
26-11-2021,15.50589256153572,15.55508657005929,14.767985248575174,15.04347038269043,155400
29-11-2021,15.44686047309322,15.44686047309322,14.866373202593344,15.033632278442385,185100
30-11-2021,14.827017306739178,14.84669528546578,13.94152890659076,14.030077934265137,373600
01-12-2021,14.669596092874071,15.397664359957716,13.705397729162913,13.725074768066406,285100
02-12-2021,13.803841673887982,14.591506613049935,13.7447663339655,14.424127578735352,264400
03-12-2021,14.552123414168086,14.847498236814992,14.345361132212318,14.719502449035645,204700
06-12-2021,14.995186190080071,15.32009917418656,14.788424833148904,15.07395362854004,371500
07-12-2021,15.270868957391158,15.65485538452825,15.18225641606085,15.39886474609375,229000
08-12-2021,15.39886665816441,15.704086628455968,15.270870853568631,15.605628967285156,365100
09-12-2021,15.497323983552633,15.743469539602597,15.251178427502673,15.261024475097656,146400
10-12-2021,15.359479326013902,15.674545260423852,15.280712842411416,15.585932731628418,342100
13-12-2021,15.428402540502766,15.428402540502766,14.886882164070345,15.0837984085083,229100
14-12-2021,14.965651505538217,15.280718495477002,14.827810577725211,14.99518871307373,288000
15-12-2021,15.064106316645656,15.152718855874204,14.532432020245016,15.113335609436035,823400
16-12-2021,15.251175878381648,15.49732139329021,14.96564711864654,15.221638679504396,553800
17-12-2021,15.192103080919722,15.645010913618316,14.97549474207151,15.379173278808594,1774300
20-12-2021,15.162565831035216,15.270870476309536,13.951530149653724,14.197675704956056,354400
21-12-2021,14.453668254463588,15.19210496873434,14.453668254463588,15.172412872314451,212800
22-12-2021,15.083795694434643,15.615469928236712,14.886879485428429,15.585932731628418,195800
23-12-2021,15.654855400045196,15.881308837917617,15.359481513945642,15.546551704406738,151800
27-12-2021,15.595780414210472,15.920692427925635,15.457938583948936,15.891154289245604,148600
28-12-2021,15.93054166762891,16.1077667793535,15.753316555904318,15.910849571228027,147800
29-12-2021,15.960076989517203,16.019153275222777,15.7336235281372,15.792699813842772,135600
30-12-2021,15.84192686150195,16.06838030412052,15.654855728149414,15.654855728149414,157000
31-12-2021,15.684395147472287,15.763161650368446,15.536707250313912,15.704086303710938,93300
03-01-2022,15.743472067674965,16.35391397099736,15.743472067674965,15.979771614074709,152200
04-01-2022,16.078227364527713,16.29483477399981,15.950232503917276,16.156993865966797,204300
05-01-2022,16.147148781213584,16.334219937512387,15.733624154519283,15.773008346557615,127800
06-01-2022,15.871467268940092,15.91084958383138,15.517017045210142,15.556400299072266,202800
07-01-2022,15.467788073577015,15.48747923144332,15.024726223420318,15.04441738128662,206100
10-01-2022,14.985342332940506,15.113338140039062,14.571817706613114,14.7096586227417,196100
11-01-2022,14.78842448997709,15.02472398296134,14.433974311529996,14.847498893737791,204200
12-01-2022,14.571814230921106,14.936109469322808,14.276439434144685,14.640734672546388,202300
13-01-2022,14.798268337569258,15.093643148127478,14.699810693363611,14.886880874633787,154700
14-01-2022,14.66042867558843,14.768732374975457,14.404437089069216,14.58166217803955,236900
18-01-2022,14.70965763808526,14.70965763808526,13.990913083610526,14.118908882141112,189500
19-01-2022,14.207523043566498,14.237060249975022,13.833381652832031,13.833381652832031,199300
20-01-2022,13.981066634075551,14.000758728192586,13.173709554691738,13.213092803955078,239900
21-01-2022,13.055560416484076,13.577388728330892,12.907872520622751,12.986639022827148,251400
24-01-2022,12.770033742524022,13.498624478999297,12.622345822014108,13.47893238067627,253300
25-01-2022,13.183557191124445,13.49862322321467,12.80941580853188,13.311553001403809,156700
26-01-2022,13.508467610142372,13.754613152183744,12.77003098401825,12.917717933654783,189000
27-01-2022,13.026020614584152,13.222937783981235,12.514038415475436,12.563267707824709,190900
28-01-2022,12.543577202571129,13.08509760899623,12.198973990461171,12.779876708984377,211900
31-01-2022,12.592804378370326,13.065404250501034,12.090667307659766,13.05555820465088,185000
01-02-2022,13.075250962048028,13.32139650468658,12.88818076278985,13.213092803955078,235600
02-02-2022,13.13432820888932,13.380473787199929,12.947257043549577,13.094944953918455,270800
03-02-2022,13.016176834943735,13.252476335558052,12.750339192524567,12.789722442626951,179600
04-02-2022,12.68141874148268,12.907872194862543,12.24820205132096,12.76018524169922,205700
07-02-2022,12.760186819113056,13.124482162391416,12.710957515649303,13.006332397460938,157600
08-02-2022,12.957100919181972,13.380471543349364,12.888180469283355,13.34108829498291,160200
09-02-2022,13.45923806509382,13.567541763560149,13.32139622606973,13.547850608825684,170600
10-02-2022,13.282011963090802,13.557695620081036,13.045712490502575,13.13432502746582,157400
11-02-2022,13.094944955901513,13.35093658273632,12.89802868101738,13.006332397460938,158800
14-02-2022,13.065408051540196,13.341090842752957,12.96694944233591,13.203248977661133,173800
15-02-2022,13.350933123183326,13.66599908135665,13.350933123183326,13.616769790649414,121000
16-02-2022,13.547852195916798,13.744768461183154,12.986639666194158,13.705385208129885,92100
17-02-2022,13.557696327709428,13.695537224428351,13.262321502072076,13.528158187866213,262800
18-02-2022,13.390318541949336,13.626618048943897,13.203247394683894,13.400163650512695,155800
22-02-2022,13.518312063514102,13.518312063514102,12.878334060788973,12.966946601867676,180500
23-02-2022,13.035867990509551,13.242630288289767,12.77987639535867,12.789722442626951,208700
24-02-2022,12.376196939210924,12.89802613850221,12.31712253787612,12.878334045410156,141700
25-02-2022,12.898025226930848,13.272165579530617,12.888179181080693,13.05555820465088,181100
28-02-2022,13.006332729433538,13.154019704623472,12.760187144803057,12.848799705505373,270600
01-03-2022,13.656153696246994,14.48320281544378,13.291858429738062,13.774303436279297,592200
02-03-2022,13.843226145080862,14.630891153900489,13.843226145080862,14.50289535522461,307500
03-03-2022,14.601354285063277,14.768733338011735,14.453667327271468,14.611200332641602,236100
04-03-2022,14.44381891585044,14.463510068813706,13.73491956873092,13.823532104492188,323000
07-03-2022,13.79399673625793,13.79399673625793,12.88818104443559,12.907872200012209,187700
08-03-2022,13.045713080809898,13.203246069663615,12.750338257223842,12.878334045410156,176600
09-03-2022,13.193402918767918,13.577390367603329,13.193402918767918,13.321398735046388,146700
10-03-2022,13.104787788702,13.104787788702,12.701108350531843,12.95709991455078,149500
11-03-2022,13.085098261130494,13.134327562162769,12.661727586812097,12.70111083984375,154000
14-03-2022,12.720801975345523,12.838951725519449,12.405735974881727,12.553422927856444,232000
15-03-2022,12.681417824486676,13.006329849128134,12.681417824486676,12.966946601867676,195300
16-03-2022,13.104788208451607,13.57738716734345,13.06540496187729,13.508466720581056,228500
17-03-2022,13.508468942863528,13.76445961822438,13.429702436756983,13.705385208129885,157000
18-03-2022,13.646311444441409,13.685694702070078,13.419857947819294,13.656157493591309,484200
21-03-2022,13.64630763179366,13.715229017616052,13.419854198440463,13.626616477966309,127700
22-03-2022,13.705386816536434,13.77430728272517,13.449395172162658,13.47893238067627,108400
23-03-2022,13.311552359764985,13.449393272674875,13.026022608232669,13.065406799316406,118200
24-03-2022,13.09494114226114,13.134324385768384,12.799566346471526,13.124478340148926,115500
25-03-2022,13.173711463860185,13.341090532229064,13.045715650462164,13.094944953918455,125400
28-03-2022,13.01617877817177,13.144174594856128,12.691266681577204,12.848799705505373,156300
29-03-2022,13.065406488846833,13.597080849222898,13.065406488846833,13.51831340789795,250200
30-03-2022,13.370625495910645,13.734920778026536,13.272166905513611,13.370625495910645,182300
31-03-2022,13.38047784427925,13.567686824444351,13.301653307261082,13.370624542236328,237800
01-04-2022,13.469156344724196,13.76474884288828,13.350919533391092,13.646512031555176,330900
04-04-2022,13.646510613609282,13.81401298050911,12.976501146009966,13.084884643554688,216100
05-04-2022,13.035620139475578,13.035620139475578,12.483848365559089,12.6119384765625,261700
06-04-2022,12.552821663350745,12.828708535267722,12.493703719127664,12.641499519348145,280600
07-04-2022,12.602086067199709,12.75973515663208,12.178403434603185,12.602086067199709,234300
08-04-2022,12.621791285707385,12.917382826067612,12.53311344773428,12.690762519836426,261400
11-04-2022,12.641498963369925,12.956797157793494,12.336054072437776,12.375466346740724,186700
12-04-2022,12.50355712133838,12.730178432106625,12.296642420055578,12.316349029541016,161600
13-04-2022,12.434584951350384,12.809002047022895,12.316348122137398,12.661206245422363,205900
14-04-2022,12.710469230465952,12.838559347010204,12.533114479580783,12.542966842651367,128700
18-04-2022,12.4542910606259,12.740030288029953,12.31634762890359,12.405025482177734,104400
19-04-2022,12.414876303195475,13.04547257431076,12.414876303195475,12.956794738769531,140600
20-04-2022,13.104591862759882,13.262240935569684,13.006060722422458,13.02576732635498,82300
21-04-2022,13.114446508573185,13.183417750079355,12.79914739098205,12.927237510681152,113600
22-04-2022,12.82870460102404,12.956793754113228,12.592230077664215,12.63164234161377,78600
25-04-2022,12.464141723815256,12.789293181677383,12.237521409404582,12.769587516784668,166600
26-04-2022,12.671055951826876,12.671055951826876,12.17840213028312,12.207962036132812,126000
27-04-2022,12.267079907074397,12.52326011851324,12.040459601337211,12.198108673095703,149200
28-04-2022,12.345907094524948,12.769589770618568,12.237523569328744,12.661206245422363,153700
29-04-2022,12.64149872514373,12.759735545824425,12.38531847717087,12.503555297851562,232300
02-05-2022,12.59223175048828,12.779440733865451,12.23752132782052,12.59223175048828,217900
03-05-2022,12.57252827120029,12.74003067927032,12.355760283169174,12.641499519348145,220800
04-05-2022,12.65135093464778,13.814014313647933,12.65135093464778,13.794307708740234,266400
05-05-2022,13.6957786953604,13.705631999347975,12.956797810222334,13.331214904785156,287900
06-05-2022,13.498717098024862,14.080048868715055,12.62179372973735,12.789295196533203,468300
09-05-2022,12.592231957577573,13.04547353049383,12.395170608410206,12.464141845703123,246800
10-05-2022,12.611938740076484,13.498715293659046,12.582379772200436,13.479009628295898,528500
11-05-2022,13.616954278637545,13.616954278637545,12.838561109446168,13.01591682434082,292600
12-05-2022,12.858265686568451,13.232682725725033,12.858265686568451,13.153858184814451,266800
13-05-2022,13.232681236656452,13.567685967659786,13.015913303713846,13.065178871154783,246200
16-05-2022,13.02576732635498,13.153857432928596,12.71046824107278,13.02576732635498,155000
17-05-2022,13.252387941987694,13.567687034606934,13.104592167704933,13.567687034606934,186800
18-05-2022,13.6957776745486,14.395346231256958,13.360773820905523,13.823867797851562,438700
19-05-2022,13.61694994121196,13.92239569294061,13.37062305550458,13.439595222473145,293400
20-05-2022,13.400185341670609,13.50856885238018,12.828706940360735,13.193270683288574,240100
23-05-2022,13.410037887991086,13.784454938736094,13.311507678634618,13.390332221984863,376500
24-05-2022,13.272094233455755,13.56768671471456,12.868118249589182,13.350918769836426,372600
25-05-2022,13.331213091632783,13.8632792189804,13.331213091632783,13.676071166992188,234100
26-05-2022,13.823867745273605,14.109606960889511,13.804162078504945,13.98151683807373,171100
27-05-2022,14.109604732778818,14.415050506591797,14.06034010380541,14.415050506591797,157100
31-05-2022,14.237696313540823,14.395345397813188,13.99136938444959,14.17857837677002,244000
01-06-2022,14.257401869721248,14.286960835931442,13.99136835484172,14.001221656799316,260800
02-06-2022,14.070244508134218,14.35618495941162,13.902624146317349,14.35618495941162,255100
03-06-2022,14.218145677467918,14.218145677467918,13.833604646518731,13.932205200195312,396000
06-06-2022,14.109682819615452,14.770303003569076,13.951921779223092,14.622403144836426,255900
07-06-2022,14.405484582878676,14.790025586648357,14.306884976495722,14.750585556030272,247000
08-06-2022,14.750584034439337,14.839324329257174,14.435063822042046,14.504083633422852,190300
09-06-2022,14.385764083096731,14.79002460518659,14.37590384101541,14.5238037109375,166000
10-06-2022,14.20828433431623,14.425204971420344,13.853324061138633,13.8927640914917,125100
13-06-2022,13.468779641496877,13.527940142173438,12.965918676880996,13.143399238586426,204600
14-06-2022,13.172979018762575,13.320879800291856,12.906759116528692,13.143399238586426,185300
15-06-2022,13.320883459626058,13.39976352198084,13.00536226988241,13.153263092041016,331000
16-06-2022,12.867321303675434,13.202562004265854,11.940479256122575,12.078519821166992,313500
17-06-2022,12.13768204319102,12.49264233721694,11.861600874179642,12.08838176727295,477400
21-06-2022,12.256000413320606,12.37432049464821,12.009500008806995,12.078519821166992,293900
22-06-2022,11.891178050354954,12.206698217420998,11.851738029471695,11.94047737121582,206700
23-06-2022,12.048940941296836,12.048940941296836,11.782720033062065,11.98978042602539,188400
24-06-2022,11.960197316065148,12.50249828416086,11.960197316065148,12.334877967834473,1230700
27-06-2022,12.492641663489476,12.877182666522696,12.344741784036048,12.709562301635742,176700
28-06-2022,12.82788298427288,13.025083146071076,12.364461898803713,12.364461898803713,178300
29-06-2022,12.354599858377927,12.354599858377927,12.098240155495835,12.177120208740234,218400
30-06-2022,12.01936091041346,12.384182385145802,11.703840651536346,12.364461898803713,284000
01-07-2022,12.246139681877745,12.670120661594773,12.246139681877745,12.512359619140623,186000
05-07-2022,12.236280100097408,12.620821075013415,12.019359477812138,12.571520805358888,261100
06-07-2022,12.59124099999445,12.640540328191612,12.108099496872333,12.265859603881836,119300
07-07-2022,12.403900949187218,12.81802172634112,12.403900949187218,12.729281425476074,141700
08-07-2022,12.74900173447485,12.847601336046386,12.463061291365818,12.60110092163086,151300
11-07-2022,12.453199906415785,12.818020373436196,12.453199906415785,12.610960006713867,119000
12-07-2022,12.60110151240036,12.99550275815034,12.522221451315264,12.709562301635742,204400
13-07-2022,12.53208041367213,12.995501430444302,12.42362057584222,12.679980278015137,180100
14-07-2022,12.453201220814965,12.758861212322932,12.41376119157766,12.729281425476074,127900
15-07-2022,13.025079177557558,13.241999759605944,12.699698774647109,13.143399238586426,195000
18-07-2022,13.311019560125052,13.468779641496877,13.05465895773371,13.143399238586426,129700
19-07-2022,13.222282560019918,14.030803647825024,13.222282560019918,13.94206428527832,225000
20-07-2022,13.764582761503007,13.882902843998377,13.439202299559645,13.804022789001465,305500
21-07-2022,13.675843376664742,13.94206428527832,13.58710307379355,13.94206428527832,119200
22-07-2022,13.951923370361328,14.178704245315425,13.80402349476153,13.951923370361328,164000
25-07-2022,13.961782711564949,14.277302927316882,13.853322872481325,14.04066276550293,196800
26-07-2022,13.95192112904392,14.099821921208552,13.882901323561686,13.922341346740724,193800
27-07-2022,13.981505994797102,14.366046099662018,13.961785507201668,14.178706169128418,212300
28-07-2022,14.25758260659658,14.2674428478823,14.040661999932562,14.168842315673828,183900
29-07-2022,14.12940267717426,14.405482858452311,14.12940267717426,14.28716278076172,177100
01-08-2022,14.129404082702242,14.464644806335988,13.853323873961005,14.35618495941162,209100
02-08-2022,14.326604249437,14.415344551722743,13.7744438312749,13.991363525390623,205800
03-08-2022,14.030803858859914,14.464645137127857,14.030803858859914,14.385765075683594,189800
04-08-2022,14.405481879105904,14.642122958723606,14.306882291229162,14.56324291229248,192000
05-08-2022,13.804023282465366,14.267444327381838,12.818021619432123,12.916622161865234,370300
08-08-2022,12.906762835782947,13.005362444890988,12.32502166284475,12.374321937561035,543900
09-08-2022,12.344741217940747,12.433480577348766,11.841880146339683,12.00950050354004,330300
10-08-2022,12.325020072519733,12.76872060706556,12.108099455952551,12.541940689086914,345600
11-08-2022,12.660259246826172,12.99549990294529,12.561658721970796,12.660259246826172,212400
12-08-2022,12.650401384636003,12.965921618974248,12.561661083647254,12.956062316894531,243600
15-08-2022,12.887041192637966,13.133541603761566,12.827881620549991,13.06452178955078,184000
16-08-2022,13.015218937390754,13.23213951943914,12.9757789170478,13.143399238586426,217500
17-08-2022,12.956062473909167,13.025082290925992,12.788442112304464,12.857461929321287,264600
18-08-2022,12.798300444027223,13.074381571808662,12.778580900799644,12.995501518249512,131900
19-08-2022,13.015220973538646,13.015220973538646,12.61096046669832,12.679980278015137,288000
22-08-2022,12.630680327138124,12.630680327138124,12.325019431494349,12.34473991394043,206800
23-08-2022,12.315159465402088,12.601099884987926,12.285579681396484,12.285579681396484,172200
24-08-2022,12.265859563396877,12.394039885000126,12.06865943028588,12.177120208740234,156500
25-08-2022,12.354600507215334,12.610961163885351,12.18698015018682,12.60110092163086,165100
26-08-2022,12.54194136161044,12.57152114807978,12.00950050354004,12.00950050354004,148600
29-08-2022,11.91089872667288,11.96019899256018,11.546078263625828,11.565797805786133,163700
30-08-2022,11.585517006718645,11.664397047283128,11.062936502897871,11.260136604309082,180400
31-08-2022,11.36859875158152,11.50663932098142,10.974198468045303,11.013638496398926,157600
01-09-2022,10.855736774822445,11.072851773845665,10.727441590907228,10.87547492980957,271200
02-09-2022,10.93468760961336,11.013638347929431,10.549802054447232,10.66822910308838,261200
06-09-2022,10.707704894233393,10.737311186976934,10.19452413378761,10.372163772583008,278300
07-09-2022,10.332688788116956,10.480721198535356,10.0662293199633,10.322819709777832,379900
08-09-2022,10.273475442718707,10.273475442718707,10.0070169109736,10.155049324035645,190300
09-09-2022,10.224129631047733,10.54980164938916,10.224129631047733,10.4511137008667,288100
12-09-2022,10.638621373347446,10.84586728703713,10.510326194285549,10.65835952758789,177700
13-09-2022,10.372162669985434,10.52019505913385,10.214261203915932,10.293211936950684,308300
14-09-2022,10.25373888564876,10.312951478211083,9.898459565606062,9.977410316467283,175300
15-09-2022,9.937931700788225,10.026751501839328,9.74055488798959,9.780030250549316,291500
16-09-2022,9.46422764037598,9.710948899233887,9.375407836600427,9.691210746765137,596700
19-09-2022,9.69121109409025,9.94780143837852,9.69121109409025,9.868850708007812,210600
20-09-2022,9.73068730763261,9.73068730763261,9.454359727243885,9.56291675567627,216300
21-09-2022,9.582655092861616,9.750425648009411,9.37540916833593,9.395147323608398,177000
22-09-2022,9.375409441477233,9.38527851940099,9.14842629623324,9.28658962249756,206500
23-09-2022,9.099083568459928,9.197771542858636,8.95105019511099,9.18790340423584,386500
26-09-2022,9.187902024571938,9.326065356216844,8.941180713872196,8.951048851013184,256700
27-09-2022,9.089212515648594,9.217507701568035,8.78327769673807,8.881966590881348,404600
28-09-2022,8.990522360466187,9.316194347825355,8.872096268805299,9.217506408691406,277000
29-09-2022,9.099083237068797,9.128689534193413,8.783279283459748,8.990525245666504,226300
30-09-2022,8.951049674120073,9.1385584145481,8.862229843513871,8.872098922729492,268200
03-10-2022,8.960918086818541,9.414885344131688,8.960918086818541,9.31619644165039,214700
04-10-2022,9.493835202834786,10.155048340661324,9.493835202834786,10.135311126708984,435900
05-10-2022,10.02675322674759,10.29321267574008,9.93793341041676,10.174786567687988,311300
06-10-2022,10.026750569143678,10.303078081357576,9.977406135242354,10.253734588623049,231700
07-10-2022,10.184654235839844,10.382032014684556,10.10570350076876,10.184654235839844,278800
10-10-2022,10.16491783417027,10.263605790304362,9.937933746844411,10.105704307556152,145600
11-10-2022,9.997146182431356,10.13531043534118,9.799769350536591,10.026752471923828,330300
12-10-2022,10.046492401287338,10.046492401287338,9.819508298616556,9.947803497314451,136200
13-10-2022,9.720817004650902,10.233996682417333,9.543177414840653,10.145176887512209,243100
14-10-2022,10.25373653447804,10.25373653447804,9.839244716915545,10.026752471923828,184800
17-10-2022,10.21426210885976,10.362294511123268,10.11557321323938,10.27347469329834,246300
18-10-2022,10.480719566345217,10.727440839398067,10.411637911063844,10.480719566345217,169600
19-10-2022,10.332690047012354,10.52019785246537,10.08596870547736,10.214263916015623,196300
20-10-2022,10.233998425071658,10.480719701301448,10.026752515391957,10.046490669250488,137900
21-10-2022,10.135308511959948,10.3918978741466,10.056356853017752,10.253734588623049,206400
24-10-2022,10.342554559169798,10.401768074490848,10.17478497162177,10.332686424255373,167600
25-10-2022,10.303080790506616,10.786655240493172,10.303080790506616,10.687966346740724,165900
26-10-2022,10.776785245438518,10.95442486260335,10.549801185598236,10.707703590393066,140600
27-10-2022,10.86560861135739,11.141936263174207,10.727444314865346,10.816264152526855,167800
28-10-2022,10.9445558075488,11.280096889007211,10.905080441563516,11.2208833694458,149100
31-10-2022,11.102458114431638,11.220884221378864,11.003769221392098,11.16167163848877,204400
01-11-2022,11.240622906488134,11.359049019019563,11.013638818260915,11.191278457641602,182800
02-11-2022,11.102457676955067,11.270228223811303,10.66822863525875,10.678096771240234,236200
03-11-2022,10.549801340397195,10.69783467059566,10.391899874452417,10.53993320465088,171400
04-11-2022,10.016884459524055,10.23399946826443,9.414884822979232,10.085967063903809,326200
07-11-2022,10.214261439265462,10.727441215815658,10.145178840393072,10.678096771240234,263500
08-11-2022,10.658360108431271,10.658360108431271,10.095834917093905,10.194523811340332,236400
09-11-2022,10.03662154881031,10.263604670197546,9.977408028658392,10.026752471923828,170100
10-11-2022,10.55967154930506,11.122196758494647,10.55967154930506,10.905081748962402,236000
11-11-2022,10.865604974798584,11.112326245209996,10.806391455786386,10.914949417114258,181700
14-11-2022,10.589277523776095,10.96429400490848,10.589277523776095,10.727441787719728,280800
15-11-2022,10.944557508721614,11.062983625085094,10.727442491471676,10.855737686157228,137500
16-11-2022,10.766915666717448,10.816260107092464,10.57940792269269,10.697834014892578,139500
17-11-2022,10.510326500524076,10.569540023803713,10.214261707626964,10.569540023803713,126000
18-11-2022,10.84586728703713,10.855736364157352,10.609015083153777,10.65835952758789,142500
21-11-2022,10.658358430548194,10.87547339901097,10.62875214340183,10.826128959655762,213600
22-11-2022,10.9050798738844,10.984030601745085,10.697833977958384,10.924817085266112,117000
23-11-2022,10.88534359301989,11.003769705173733,10.76691748086605,10.905081748962402,72700
25-11-2022,10.954426197651603,11.072852309805445,10.88534359301989,10.905081748962402,45900
28-11-2022,10.835996921691844,10.835996921691844,10.41163700880879,10.50045680999756,133900
29-11-2022,10.510326385498049,10.618884353461471,10.470851017465986,10.510326385498049,100800
30-11-2022,10.490589500402864,10.687966346740724,10.233999129580129,10.687966346740724,293500
01-12-2022,10.78674795086708,11.043575507325114,10.559554053373578,10.994185447692873,131500
02-12-2022,10.836133572752548,11.221373807634244,10.747231690230112,11.16210651397705,150400
05-12-2022,11.03369657684462,11.043574776524794,10.678089866691144,10.727478981018066,204300
06-12-2022,10.70772379463418,10.974428598488524,10.668211936950684,10.668211936950684,179500
07-12-2022,10.608941890581775,10.737355641909918,10.411382635475722,10.421260833740234,173400
08-12-2022,10.520040635767325,10.678088991586591,10.263214059389416,10.273091316223145,207700
09-12-2022,10.203944911674336,10.58918615544888,10.203944911674336,10.263213157653809,162200
12-12-2022,10.470649916622598,10.74723284824346,10.40150347718982,10.648452758789062,263900
13-12-2022,10.974426297519692,11.043572740495868,10.3521139629549,10.520039558410645,620700
14-12-2022,10.510162946962044,10.707722206070253,10.361992796103246,10.371870994567873,287000
15-12-2022,10.273091184045594,10.361993088663557,10.055776463909334,10.085410118103027,208400
16-12-2022,9.70016879454124,10.095288263877135,9.601389633734923,9.877972602844238,1982300
19-12-2022,9.897728770833364,10.075531632978644,9.690291313299824,9.710046768188477,459200
20-12-2022,9.798947372875071,9.947116562050986,9.611265395079734,9.789069175720217,183200
21-12-2022,9.94711899395803,9.94711899395803,9.650780543156324,9.680414199829102,292400
22-12-2022,9.621144010000094,9.690290451049805,9.512486662688795,9.690290451049805,208700
23-12-2022,9.660655807852786,9.828581397753142,9.581632111668709,9.700167655944824,171900
27-12-2022,9.660657800689275,9.700169656931967,9.561878631101026,9.680414199829102,222900
28-12-2022,9.631024372333677,9.828583658230562,9.384075029453326,9.413708686828612,246400
29-12-2022,9.433463399437333,9.808826446533203,9.374195153248795,9.808826446533203,265900
30-12-2022,9.719926697511768,9.828584073840474,9.640902979811427,9.749560356140137,190900
03-01-2023,9.828580615624883,10.01626258565449,9.74955692572927,9.88784885406494,277100
04-01-2023,10.006386053782132,10.105165211568291,9.87797230082696,9.947117805480955,277000
05-01-2023,9.818704182318491,10.016264384576042,9.42358566187711,9.917484283447266,218300
06-01-2023,9.947117165399376,10.460772144167162,9.877971665194783,10.322480201721191,277300
09-01-2023,10.441016928876138,10.480528782321732,10.194067609331958,10.273091316223145,217900
10-01-2023,10.292846709748693,10.539796005199406,10.174311160976766,10.510162353515623,202400
11-01-2023,10.5496763639002,10.855893025438036,10.460774448603084,10.668211936950684,365100
12-01-2023,10.727478891816878,11.122598397405543,10.707723434657774,10.964550971984863,361900
13-01-2023,10.865770207023418,11.023817622945126,10.826258353042991,10.895403861999512,218600
17-01-2023,10.915159118006862,10.944792769882527,10.70772167080359,10.717599868774414,173500
18-01-2023,10.82625709778194,10.905280796580314,10.095287412878587,10.520039558410645,182300
19-01-2023,10.41138209743383,10.668209586817724,10.302724748249933,10.322480201721191,211400
20-01-2023,10.43113899230957,10.57930819756605,10.095287788888928,10.43113899230957,353500
23-01-2023,10.49040581100566,10.885525243423594,10.371870263891315,10.76698875427246,284100
24-01-2023,10.727476905234347,10.84601245234869,10.648453207158118,10.76698875427246,195500
25-01-2023,10.66820915689556,10.875646591186523,10.37186983047465,10.875646591186523,255900
26-01-2023,10.994182925934815,10.994182925934815,10.826257326924846,10.915159225463867,171700
27-01-2023,10.875647245916824,11.023816447028914,10.786745348434849,10.94479274749756,188000
30-01-2023,10.905281237287454,11.0435731867917,10.826257535295554,10.865769386291504,131500
31-01-2023,10.766988656349772,11.359667328568037,10.766988656349772,11.241131782531738,333200
01-02-2023,11.231253765655817,11.843687901054157,11.073206368396477,11.64612865447998,491100
02-02-2023,11.636251254886751,12.140028074737494,11.636251254886751,11.90295696258545,263700
03-02-2023,11.754784798596202,11.9424667701139,11.695517501722916,11.705395698547363,282200
06-02-2023,11.705396655170414,11.843687653867706,11.379423669617122,11.47820281982422,181000
07-02-2023,11.399179939905132,11.656007444518456,11.320156237260548,11.507837295532228,324100
08-02-2023,11.47820236511562,11.507836014800136,11.31027678017547,11.35966682434082,176800
09-02-2023,11.41893759312962,11.47820490561644,11.152231860828095,11.2213773727417,325700
10-02-2023,11.122596147742303,11.379423633123304,11.102839752542176,11.260887145996094,283300
13-02-2023,11.30039993026976,11.54734923850328,11.181864375362087,11.488081932067873,356900
14-02-2023,11.468326309734232,11.468326309734232,10.885526694255246,11.31027889251709,550000
15-02-2023,11.260886533679386,11.488080355943188,11.171985586223174,11.409056663513184,418700
16-02-2023,11.18186304216025,11.488080562356036,11.112717545550804,11.35966682434082,342100
17-02-2023,11.438690816021316,11.438690816021316,10.98430409353529,11.290521621704102,490900
21-02-2023,11.023816198658595,11.221375443035909,10.974426152055072,11.004060745239258,274200
22-02-2023,10.026143544348107,10.144680065019475,8.366644501430466,8.44566822052002,1415400
23-02-2023,8.504935815658303,8.761763382077726,8.327132912937763,8.59383773803711,814100
24-02-2023,8.455545335860922,8.771640171656385,8.337008830400704,8.69261646270752,706300
27-02-2023,8.811152499279869,8.909932611788792,8.712372386770944,8.801274299621582,602100
28-02-2023,8.732127268380326,8.92968651702397,8.44566612233784,8.712370872497559,733700
01-03-2023,8.988956480447944,9.403831452901663,8.988956480447944,9.196393966674805,875900
02-03-2023,9.127247486768884,9.423586886632703,9.048223772410132,9.413708686828612,612200
03-03-2023,9.492732105507072,9.492732105507072,9.137125401969143,9.265539169311523,484800
06-03-2023,9.22602586100784,9.22602586100784,8.514811623853914,8.712370872497559,625100
07-03-2023,8.702496061849903,8.702496061849903,8.406156634599574,8.59383773803711,598700
08-03-2023,8.524689171659485,8.890173989285712,8.504932777283441,8.870417594909668,399600
09-03-2023,8.840784292858721,8.969198035239959,8.524689506712146,8.564201354980469,342200
10-03-2023,8.574082639947525,8.860543878552186,8.149329411588607,8.307376861572266,458200
13-03-2023,8.090059147233205,8.109815544616595,7.793720251758941,7.902378082275391,512600
14-03-2023,8.169085982087639,8.18884144272388,7.892501996883209,7.961648464202881,522600
15-03-2023,7.714695475128343,7.84310921417974,7.487502117967553,7.823353290557861,522100
16-03-2023,7.66530717540642,7.773964537874286,7.368967800814082,7.744330883026123,392500
17-03-2023,7.714696620508754,7.714696620508754,7.507259156172156,7.556649208068848,982800
20-03-2023,7.685062659020073,7.833231866751065,7.596160757566738,7.625794410705566,372300
21-03-2023,7.803597758470325,7.951767428577802,7.665306286178599,7.843109607696533,407900
22-03-2023,7.823354765502824,7.86286662019579,7.596161365509033,7.596161365509033,275600
23-03-2023,7.625794420264728,7.80359822339428,7.596160767088752,7.734452247619629,506800
24-03-2023,7.61591724800458,7.75420873861555,7.428235703809032,7.714696884155273,274800
27-03-2023,7.833230139200311,7.961644334882158,7.714694610750127,7.92213249206543,281900
28-03-2023,7.852987726526321,8.09993703202738,7.6850625944410735,7.862865924835205,527000
29-03-2023,7.941889488832548,8.011034991716086,7.724574311026783,7.783842086791992,180900
30-03-2023,7.902528343815241,7.961871902043581,7.74428011285148,7.803623199462891,216500
31-03-2023,7.843185036708956,8.268477381276318,7.843185036708956,8.031105041503906,301900
03-04-2023,8.031104848111887,8.110228959464019,7.932200180538627,8.040995597839355,368300
04-04-2023,8.040996257156538,8.130011125534864,7.546470049040395,7.576141357421875,262200
05-04-2023,7.536578622163506,7.605812454868768,7.358549373000278,7.417892456054687,254400
06-04-2023,7.417892540814757,7.4970166524580755,7.299206373349778,7.437673568725586,211800
10-04-2023,7.417893072127932,7.645375145204533,7.408002321655631,7.506907939910889,298500
11-04-2023,7.576141163472072,7.675046779856864,7.467345740035892,7.586031913757324,271600
12-04-2023,7.655265874040145,7.754171498109124,7.51679866060733,7.556360721588135,207100
13-04-2023,7.645374833647069,7.754170726324135,7.427783519909856,7.714608669281006,284100
14-04-2023,7.724499537173845,7.882747777421957,7.57614157613276,7.684937477111816,271600
17-04-2023,7.724499058104342,7.853075981140137,7.665155971691727,7.853075981140137,216500
18-04-2023,7.833295605760556,7.93220122964885,7.714609423034964,7.724499702453613,518600
19-04-2023,7.714608283396394,7.981651919271538,7.694827255864276,7.902527809143066,241600
20-04-2023,7.793732529290034,7.922309446297033,7.704717668036435,7.823403835296631,267000
21-04-2023,7.813513896899026,7.872856983109367,7.704718003038272,7.734389781951904,255800
24-04-2023,7.764060974121094,7.922309673285709,7.714608638820898,7.764060974121094,214600
25-04-2023,7.704717569207536,7.724498596830503,7.417892432866067,7.467345237731934,213000
26-04-2023,7.388220983184304,7.427783511801166,7.150848641184659,7.21019172668457,225800
27-04-2023,7.309096143623586,7.378329972309226,7.220081760018478,7.318986892700195,194100
28-04-2023,7.318987786086122,7.793732952524598,7.318987786086122,7.754170894622803,412700
01-05-2023,7.744280144338888,7.892638097279087,7.694827807770109,7.754170894622803,194900
02-05-2023,7.694827723670461,7.704718002229351,7.447564628678205,7.566250801086426,219400
03-05-2023,7.615703137114721,7.961871847397421,7.5563600509106115,7.566250801086426,346700
04-05-2023,7.516798045369275,7.675046747957054,7.46734570899935,7.635484218597412,281100
05-05-2023,7.180519494368418,7.764059995723426,7.071723615830965,7.378329753875732,728400
08-05-2023,7.318987120736004,7.467345060189367,6.93325685545077,7.042052268981934,407900
09-05-2023,7.042053117551043,7.091505927200202,6.804680763115746,6.903585910797119,410500
10-05-2023,6.982709742697199,7.051943579044503,6.676103561645298,6.893694877624512,529700
11-05-2023,6.775009562486942,6.943148563735114,6.775009562486942,6.87391471862793,384400
12-05-2023,6.893695389297091,7.002491291170347,6.80468098923439,6.844243049621582,289600
15-05-2023,6.883805751800537,7.002491944027476,6.824462655687068,6.883805751800537,313200
16-05-2023,6.844242747832825,6.854133026685043,6.438731410936173,6.547526836395264,349100
17-05-2023,6.596979965146218,6.834352328503959,6.547527153638208,6.794790267944336,499500
18-05-2023,6.804680620091684,7.190410923750049,6.685994445368639,7.150848865509033,486700
19-05-2023,7.398112056201297,7.398112056201297,6.992600718441176,7.002490997314453,339400
22-05-2023,7.012381048980773,7.160738518613845,6.943147217299616,7.061833381652832,311600
23-05-2023,7.061833443711402,7.328877551661336,7.002490361013294,7.131067276000977,306200
24-05-2023,7.1211771965026855,7.150848976452263,7.002491019938261,7.1211771965026855,261200
25-05-2023,7.042052268981934,7.111286099824673,6.953037882603426,7.042052268981934,227000
26-05-2023,7.02227129163643,7.27942511806177,6.933256904626567,6.9431471824646,336000
30-05-2023,6.962928209757557,7.02227129163643,6.834351296544886,6.9431471824646,347100
31-05-2023,6.893694708764414,7.022271628138394,6.577198256910822,6.854132652282715,1003800
01-06-2023,6.854132654691264,7.111657621606503,6.745179547924065,6.982895374298096,411500
02-06-2023,7.111657410636181,7.379087412187026,6.992799737124341,7.329563617706299,429100
05-06-2023,7.270135628135779,7.349374086377291,7.101753668223331,7.180992126464844,409100
06-06-2023,7.1512773989453855,7.676232888139126,7.012610098370958,7.646518230438232,1079000
07-06-2023,7.735662164331805,8.052616484259701,7.735662164331805,8.032806396484375,362900
08-06-2023,8.032805258264187,8.052615343232494,7.7950899062255585,7.913947582244873,247700
09-06-2023,7.923853600604935,8.11204470799664,7.458327409380725,8.092235565185547,597700
12-06-2023,8.062521792409965,8.062521792409965,7.904044391102413,7.993187427520752,500600
13-06-2023,8.042710704264412,8.211092656555651,7.913947979300706,8.07242488861084,417800
14-06-2023,8.092234974573051,8.181378472209223,7.983282335571556,8.07242488861084,733500
15-06-2023,8.052615098692758,8.230902079605977,7.933757426282883,8.211091995239258,575200
16-06-2023,8.270522549012343,8.379475195643558,8.052616311152956,8.349761009216309,2461300
20-06-2023,8.290333952757356,8.369572434571745,8.161571183659673,8.32995319366455,618000
21-06-2023,8.339855897869722,8.428999401025088,8.16156889155899,8.250712394714355,490300
22-06-2023,8.260616957469614,8.389379682910382,7.983282365149364,8.379474639892578,331800
23-06-2023,8.191283444826762,8.339855309879551,8.072424819268274,8.230902671813965,1961700
26-06-2023,8.191285151334831,8.329952002380363,8.131855826174549,8.240808486938477,270700
27-06-2023,8.28042483547212,8.498331025630971,8.23090151713321,8.448806762695312,178600
28-06-2023,8.458714834884836,8.498334070509237,8.35966627352529,8.389381408691406,215000
29-06-2023,8.399282805902539,8.607283962136279,8.399282805902539,8.587474822998047,186600
30-06-2023,8.686524019740506,8.755857428945383,8.567665397393782,8.70633316040039,308200
03-07-2023,8.676619903396091,8.993573744565898,8.666714859710297,8.963859558105469,189300
05-07-2023,8.92423994362312,8.92423994362312,8.676619529724121,8.676619529724121,330800
06-07-2023,8.587478076109502,8.637002359611063,8.409191033342742,8.617192268371582,292200
07-07-2023,8.528047493958166,8.795478018814615,8.528047493958166,8.736048698425293,464700
10-07-2023,8.676618395535545,8.8450003305441,8.597379949013497,8.6865234375,221300
11-07-2023,8.666713793621438,8.785571469439484,8.636999610816137,8.765762329101562,260700
12-07-2023,8.973765584545669,9.122337477715504,8.90443121574896,9.013384819030762,282500
13-07-2023,9.062905175786842,9.191667881703625,9.013381857400717,9.122334480285645,246100
14-07-2023,9.082716541630669,9.082716541630669,8.90442954755036,9.05300235748291,230000
17-07-2023,9.013384819030762,9.122337477715504,8.953955495004593,9.013384819030762,166600
18-07-2023,8.973763396117484,9.201573702701491,8.953953311407485,9.132240295410156,235600
19-07-2023,9.142143618720748,9.161953701752598,8.775665584002253,9.122334480285645,189400
20-07-2023,9.122337098289812,9.152051286768463,8.934145978462324,9.033193588256836,234000
21-07-2023,9.142144756157736,9.211479110798829,9.04309716246554,9.112430572509766,233200
24-07-2023,9.072811094527044,9.360050714084014,9.062906052053426,9.28081226348877,214800
25-07-2023,9.24119490806424,9.340243463648305,9.142146352480172,9.231289863586426,247600
26-07-2023,9.211478215601778,9.469003634448814,9.211478215601778,9.419479370117188,322600
27-07-2023,9.45909910837384,9.597765922546388,9.429384925993554,9.597765922546388,646100
28-07-2023,9.696814723210528,9.746338991603825,9.369955874250374,9.4293851852417,229400
31-07-2023,9.429386294984557,9.696815864427125,9.429386294984557,9.677006721496582,219500
01-08-2023,9.597768308207412,9.805769525764704,9.518529839099592,9.776055335998535,238200
02-08-2023,9.686910084589735,9.746339398059463,9.597766586683589,9.716625213623049,200400
03-08-2023,9.647291073056996,9.785958844525275,9.5878627028541,9.756244659423828,228600
04-08-2023,10.003865608924702,10.221770904145473,9.587863216816736,9.677006721496582,391400
07-08-2023,9.90481585991092,10.29110401850231,9.855291591691994,10.152436256408691,441200
08-08-2023,10.033580125520228,10.26139047199509,9.924627474327512,10.221771240234377,387400
09-08-2023,10.231673465616325,10.320816948669185,10.102910761717386,10.271292686462402,217000
10-08-2023,10.301011612641847,10.439679421799454,10.142534656231538,10.172249794006348,216100
11-08-2023,10.152436513329858,10.261389150491206,9.91472115337953,10.24158000946045,226200
14-08-2023,10.211864971117116,10.211864971117116,10.03357799377446,10.132625579833984,188300
15-08-2023,10.112818103911126,10.122723147525392,9.98405537071654,10.043484687805176,153600
16-08-2023,9.964245502613682,10.11281736762271,9.815672693007777,9.82557773590088,170600
17-08-2023,9.835483765874487,9.964246502616705,9.776054447148477,9.875102996826172,224600
18-08-2023,9.756243994950808,9.9345300380138,9.756243994950808,9.89491081237793,193900
21-08-2023,9.93453071462943,9.974149942963663,9.726529529725466,9.756244659423828,178800
22-08-2023,9.785958689818989,9.875102188310976,9.726529375958696,9.815672874450684,154900
23-08-2023,9.785958941324044,9.944435856228576,9.706720483871775,9.90481662750244,133800
24-08-2023,9.815671879288464,9.984053816124831,9.726528389834291,9.76614761352539,228100
25-08-2023,9.825579615340189,9.87510389468184,9.66710267712455,9.776055335998535,144100
28-08-2023,9.776054447148477,9.944436414842375,9.776054447148477,9.875102996826172,222200
29-08-2023,9.885006278577626,10.083103361549416,9.77605363862066,10.073198318481444,142400
30-08-2023,10.023673536878228,10.21186556719077,10.023673536878228,10.152436256408691,436700
31-08-2023,10.202010776642942,10.350727757246563,10.112780210072968,10.241668701171877,250600
01-09-2023,10.281325597893025,10.64816159949352,10.281325597893025,10.539102554321287,249300
05-09-2023,10.43995932713764,10.43995932713764,10.142524391826225,10.182183265686035,481800
06-09-2023,10.162351673688873,10.162351673688873,9.795515677954626,9.864916801452637,363600
07-09-2023,9.815344936414212,9.874832293743518,9.270048730906344,9.39893627166748,733400
08-09-2023,9.418765077394143,9.507995634673614,9.22047547539499,9.38902187347412,280300
11-09-2023,9.43859505380977,9.71620051259257,9.379107697025155,9.696371078491213,379700
12-09-2023,9.656711290020048,9.716198635311022,9.329533254717878,9.36919116973877,263100
13-09-2023,9.349364247746024,9.478252729487613,9.21056104921214,9.468338012695312,280900
14-09-2023,9.61705332898157,9.835172333312409,9.537737499319311,9.815342903137209,195200
15-09-2023,9.765771236581108,9.815342921071135,9.547652231851735,9.6666259765625,1023000
18-09-2023,9.716198606571805,9.73602709126396,9.517909032053865,9.6666259765625,208900
19-09-2023,9.636884043771,9.706285167596953,9.567481974425652,9.686456680297852,148500
20-09-2023,9.726113321677518,9.954146095993332,9.64679654635107,9.6666259765625,181700
21-09-2023,9.636884297948564,9.954147667257349,9.557568455621366,9.91448974609375,629700
22-09-2023,9.964060811099047,10.01363344110835,9.64679654635107,9.6666259765625,210000
25-09-2023,9.57739761007555,9.795516664417168,9.567482892714684,9.745944023132324,164300
26-09-2023,9.607138633728027,9.76577123889931,9.55756694922623,9.607138633728027,242600
27-09-2023,9.68645663452641,9.934318870470042,9.68645663452641,9.864916801452637,255200
28-09-2023,9.864914890876756,10.063204452124282,9.864914890876756,9.894658088684082,347000
29-09-2023,9.944232353617366,9.97397650184404,9.65671220606175,9.726114273071287,370000
02-10-2023,9.716199266829609,9.82525830384569,9.418764412081076,9.557567596435549,284100
03-10-2023,9.54765224694244,9.577395446787325,9.379105871955977,9.488164901733398,174700
04-10-2023,9.488167044866731,9.75585874049319,9.448509120942754,9.745944023132324,282200
05-10-2023,9.755859361124816,9.864918422473812,9.6071414278094,9.785602569580078,253100
06-10-2023,9.7161999543828,9.755857874787653,9.339449237777004,9.359277725219728,244100
09-10-2023,9.260134013764882,9.488166834901705,9.2204760907185,9.39893627166748,184100
10-10-2023,9.448507634722892,9.547652901697344,9.418764432838293,9.438593864440918,173300
11-10-2023,9.488167474978608,9.676543331296456,9.31962105428139,9.408851623535156,140900
12-10-2023,9.40884845464875,9.40884845464875,9.14115778256481,9.27004623413086,151800
13-10-2023,9.299791043783406,9.527823843023,9.071757299024434,9.1907320022583,164500
16-10-2023,9.289877519011585,9.537739782418036,9.289877519011585,9.448509216308594,144600
17-10-2023,9.398934666655215,9.71619894236799,9.398934666655215,9.537737846374512,208100
18-10-2023,9.478251802749352,9.478251802749352,9.22047486447038,9.289875984191896,168200
19-10-2023,9.200644497448446,9.359276152410088,9.13124338478254,9.17090129852295,196000
20-10-2023,9.210562407102977,9.23039184361098,9.111417115602103,9.16098976135254,205400
23-10-2023,9.12133062543209,9.230390620738335,8.853639886675603,8.962698936462402,431700
24-10-2023,9.061841323401753,9.170900338390313,8.913123453305557,8.932952880859375,196200
25-10-2023,8.863554333344718,8.923041693999973,8.794153200513188,8.823896408081055,226400
26-10-2023,8.863554333344718,8.942871129391566,8.784238482817392,8.823896408081055,254500
27-10-2023,8.813982385658925,8.843725592382325,8.576033895313236,8.625606536865234,251000
30-10-2023,8.744579960992503,8.794152600570083,8.685093549914972,8.724751472473145,246900
31-10-2023,8.724751448002213,8.893297854781578,8.675178808563674,8.813982009887695,255500
01-11-2023,8.784238452454327,8.913126945495605,8.189369575555563,8.913126945495605,317100
02-11-2023,9.002355224529976,9.339447975158691,9.002355224529976,9.339447975158691,272000
03-11-2023,9.289876882459565,9.815344580130196,9.141159912813732,9.49808120727539,411600
06-11-2023,9.498080908775208,9.597226182436172,9.26013338661218,9.4187650680542,295100
07-11-2023,9.408850059549549,9.408850059549549,9.101501422675064,9.279961585998535,211400
08-11-2023,9.2799606430543,9.2997900733639,9.141158412964227,9.220474243164062,208600
09-11-2023,9.299791407928184,9.299791407928184,8.962698608444821,9.00235652923584,314100
10-11-2023,9.03209781442165,9.289874717553753,8.97261141863376,9.27004623413086,192800
13-11-2023,9.200643858954674,9.299789109184974,9.13124275110497,9.250216484069824,159200
14-11-2023,9.587310441062236,9.845087368608317,9.587310441062236,9.835172653198242,221700
15-11-2023,9.7657727666831,10.073121418961495,9.755858050023944,9.973977088928224,181000
16-11-2023,9.93431918939774,9.93431918939774,9.696370716658103,9.884746551513672,249400
17-11-2023,10.013633715958994,10.16235066454956,9.944231653833336,10.0731201171875,233500
20-11-2023,10.073120760978776,10.073120760978776,9.944232289387116,10.053292274475098,157000
21-11-2023,9.944230715375769,10.013632770951808,9.82525697862725,9.894658088684082,106900
22-11-2023,9.96406174491616,10.0433775821567,9.88474590767562,9.904574394226074,78400
24-11-2023,9.94423166374133,10.033462211192296,9.924403178485171,9.98388957977295,75800
27-11-2023,9.904574394226074,9.983890231466614,9.84508798905535,9.904574394226074,504500
28-11-2023,9.904575369770027,10.102864982401767,9.785601602190985,9.845088958740234,166100
29-11-2023,9.96406109451679,10.013633725936138,9.825257915646478,9.98388957977295,190400
30-11-2023,10.033513069152832,10.202227020208776,9.904496462671265,10.033513069152832,296100
01-12-2023,10.003739816211548,10.579351758085917,9.993815243930433,10.529729843139648,261600
04-12-2023,10.509879993669232,10.956475265095634,10.132754824376512,10.926702499389648,286700
05-12-2023,10.877082255395734,10.926704170132563,10.648821826190035,10.678595542907717,255400
06-12-2023,10.72821551659443,10.966399528485551,10.628971705076898,10.827458381652832,305700
07-12-2023,10.837384182315994,10.986248970031738,10.668670251459888,10.986248970031738,209200
08-12-2023,10.956476201780438,11.154962900887844,10.956476201780438,10.986248970031738,205100
11-12-2023,10.996174454360004,11.14503925443255,10.89693062333876,11.105341911315918,531900
12-12-2023,11.135115594247578,11.343526881583683,11.05572090825852,11.224434852600098,316100
13-12-2023,11.204585328419672,11.472543094402598,10.916779364841318,11.422921180725098,404000
14-12-2023,11.651180512350647,11.99853295727382,11.641255940447868,11.89928913116455,302500
15-12-2023,11.988607986696788,12.256565740405472,11.819894055797077,12.21686840057373,1913300
18-12-2023,12.216870088943573,12.256567434261482,11.80004748987584,11.968761444091797,319800
19-12-2023,12.087851449889603,12.405430159095502,11.929062095286657,12.385581016540527,272700
20-12-2023,12.276413307189266,12.673387631597176,12.15732129380465,12.167245864868164,305200
21-12-2023,12.246640481567669,12.435202598571776,12.157321235343916,12.435202598571776,237500
22-12-2023,12.544372230925935,12.603917770007795,12.435203831843737,12.564220428466797,304700
26-12-2023,12.574145265865422,12.792481122178897,12.464977810938334,12.723010063171388,172600
27-12-2023,12.772631328296695,12.901647921082631,12.673388450625456,12.762706756591797,171500
28-12-2023,12.663464849894192,12.723010391770751,12.60391836155831,12.70316219329834,161600
29-12-2023,12.683311177896904,12.723008515446692,12.504673632152452,12.524521827697754,192900
02-01-2024,12.474900879355882,12.534447363493529,12.296263319861453,12.494750022888184,156500
03-01-2024,12.385582677971042,12.524523855116117,11.998533810821533,12.197020530700684,286500
04-01-2024,12.25656647393589,12.25656647393589,11.809970191026878,11.90921401977539,458200
05-01-2024,11.790121644446874,12.177171429367494,11.60155856469352,12.018381118774414,436300
08-01-2024,11.978683763719406,12.167246843252038,11.968760138317108,12.077927589416504,172600
09-01-2024,11.869515706987498,12.068002401794804,11.800045600419743,11.99853229522705,220600
10-01-2024,11.968760770004309,12.107700997562112,11.899289709766087,12.06800365447998,197700
11-01-2024,11.998533582510522,12.048155498150924,11.71072760754736,11.948911666870115,190000
12-01-2024,12.15732295539236,12.15732295539236,11.909214323649657,11.948911666870115,167100
16-01-2024,11.81989421060849,11.889364319609117,11.532088256444007,11.621407508850098,214800
17-01-2024,11.393146790234576,11.601558058175902,11.393146790234576,11.581709861755373,255900
18-01-2024,11.710727058337715,11.839743654368418,11.522163977039275,11.690877914428713,203900
19-01-2024,11.76034897165095,11.76034897165095,11.492391207635045,11.690877914428713,174900
22-01-2024,11.849667725708574,12.306187641740255,11.770273040003874,12.27641487121582,269700
23-01-2024,12.39550689977287,12.643615529214888,12.21686933016695,12.27641487121582,316900
24-01-2024,12.375657782463284,12.50467437376647,12.0779272599528,12.127549171447754,212800
25-01-2024,12.365734466183245,12.474901925386916,11.978684652982224,12.22679328918457,228500
26-01-2024,12.335960410222553,12.335960410222553,11.929062440657171,12.246641159057615,140900
29-01-2024,12.276413570210282,12.43520292479182,12.09777507307645,12.41535472869873,142600
30-01-2024,12.335962163368963,12.782557536203065,12.266491099001438,12.66346549987793,307200
31-01-2024,12.713086903099734,12.82225436202561,12.316112518310549,12.316112518310549,311500
01-02-2024,12.385582826375064,12.683313382990866,12.326037282927512,12.65354061126709,163100
02-02-2024,12.52452307592975,12.713086157928398,12.385581907428602,12.593993186950684,168100
05-02-2024,12.474902166442224,12.623767918915798,12.306188214847785,12.44512939453125,152700
06-02-2024,12.39550710169805,12.633691162692214,12.345885185709434,12.613842964172363,181300
07-02-2024,12.683311177896904,12.782554995000964,12.484824490147966,12.524521827697754,129700
08-02-2024,12.554295480183722,12.79248046875,12.51459813983255,12.79248046875,167100
09-02-2024,12.82225532910766,13.110061330218585,12.46497920766426,13.100136756896973,211100
12-02-2024,13.10013382556504,13.51695634720904,13.10013382556504,13.427637100219728,260000
13-02-2024,12.901647297053362,13.00089111638361,12.574144018306436,12.683311462402344,329100
14-02-2024,12.802404627766052,13.209303566404522,12.74285908798628,13.11005973815918,199900
15-02-2024,13.27877506267432,13.675748524123426,12.901649801067975,13.636051177978516,265600
16-02-2024,13.497109134570158,13.675746695101209,13.308546055756102,13.338318824768066,238800
20-02-2024,13.100134824871535,13.328395245307444,13.090210253013614,13.189454078674316,156400
21-02-2024,13.14975584986149,13.199377759341486,12.772630662856397,12.921496391296388,227200
22-02-2024,12.931419988986676,13.11998305532456,12.901647221944613,13.04058837890625,195300
23-02-2024,13.090210582563468,13.298621864530343,12.97111855664801,13.139832496643066,137900
26-02-2024,13.14975515308588,13.23907439612521,13.05051133938459,13.199377059936523,195000
27-02-2024,14.102493362138288,15.253717155543988,13.953628575441051,15.065155029296877,703800
28-02-2024,15.055230084512075,15.59114462837747,14.936138068815234,15.293414115905762,413900
29-02-2024,15.601069450378418,15.789631574980906,15.13462500489122,15.601069450378418,448400
01-03-2024,15.74001226829007,15.74001226829007,15.273568692096609,15.50182819366455,398900
04-03-2024,15.561373220184288,15.62091876000376,15.07507959720906,15.094928741455078,325900
05-03-2024,15.075079635952486,15.223945378802334,14.946063983858965,14.975836753845217,356500
06-03-2024,15.184248345054044,15.194172917404124,14.92621514270785,15.01553440093994,306400
07-03-2024,15.18424702642826,15.32318724142632,15.075078632976378,15.154474258422852,277400
08-03-2024,15.323188133354378,15.60107047244386,15.233869824139136,15.362885475158691,256900
11-03-2024,15.323188868775848,15.432357273821609,14.89644266051303,15.085004806518556,242000
12-03-2024,15.055230417614892,15.27356625778614,14.90636563131495,15.214019775390623,210400
13-03-2024,15.15447453228343,15.501826022514893,15.15447453228343,15.31326389312744,704600
14-03-2024,15.263641455025123,15.263641455025123,14.717802336097554,14.846818923950195,290700
15-03-2024,14.78727428043204,15.085004831985968,14.67810682166131,15.02545928955078,2390900
18-03-2024,15.174321623740076,16.28584801513491,15.1544734283101,16.087360382080078,652900
19-03-2024,16.057591097012708,16.226305043866954,15.95834726481868,16.10721206665039,305100
20-03-2024,16.067515584696288,16.464489018457932,15.789633234603812,16.345396041870117,337900
21-03-2024,16.97063221131653,18.330266567120827,16.881312944973907,17.74472999572754,1636600
22-03-2024,17.843969498749992,17.843969498749992,17.050022760787165,17.06987190246582,436100
25-03-2024,17.06987697123216,17.456925884305388,17.010329528514045,17.07979965209961,389800
26-03-2024,17.10957150959867,17.347755575767437,16.811841900117386,16.990480422973633,401100
27-03-2024,17.169225434244158,17.28838614010322,17.07985395783723,17.19901466369629,392300
28-03-2024,17.169221220830327,17.199010442972032,16.493971073254553,16.702503204345703,652500
01-04-2024,16.70250565655857,16.911039712290886,16.384741280228457,16.48404312133789,346300
02-04-2024,16.215928272433466,16.503903414325826,16.017324595678392,16.384740829467773,628600
03-04-2024,16.28543796063528,16.87131668656397,16.18613612854103,16.821666717529297,499100
04-04-2024,17.030197212575363,17.129499035061826,16.374807835799324,16.394668579101562,378500
05-04-2024,16.35494660258492,16.692571652510505,16.305296639841316,16.533689498901367,242200
08-04-2024,16.642925309502946,16.791877124154553,16.48404312133789,16.48404312133789,270000
09-04-2024,16.53369072759547,16.652853298670173,16.205996024671048,16.3052978515625,240500
10-04-2024,15.699558993537542,15.798859871104002,15.391724094953032,15.530746459960938,695400
11-04-2024,15.580396404778451,15.7988598503576,15.461234783647749,15.68962860107422,701000
12-04-2024,15.62011772069848,15.749209720085958,15.24277304188884,15.322214126586914,401300
15-04-2024,15.580396444638874,15.759139350298412,15.23284195220491,15.33214282989502,250600
16-04-2024,15.282494119822694,15.302353918186997,14.795916275229017,15.024310111999512,619600
17-04-2024,15.153402901967713,15.332144884568224,14.646965232739152,14.776057243347168,698000
18-04-2024,14.925008321737764,15.183192330297825,14.77605651903675,14.82570743560791,554100
19-04-2024,14.785987616550672,15.0938216097592,14.627104486332144,14.776057243347168,446400
22-04-2024,14.925006625922768,15.163330808982876,14.815775379487304,14.994518280029297,365200
23-04-2024,15.05409963600055,16.146415962448977,15.044169263738992,16.03718376159668,550200
24-04-2024,15.997465909870272,16.25564993473139,15.620119298909772,15.749211311340332,538900
25-04-2024,15.540677632536816,15.540677632536816,15.024310548887607,15.20305347442627,441100
26-04-2024,15.302353817935137,15.590327994924367,15.203052932739254,15.500956535339355,571400
29-04-2024,15.540677763500392,15.659840346205362,15.371865209516267,15.649909973144531,433000
30-04-2024,15.481096804012864,15.580397689637914,15.14347170946028,15.183192253112791,503900
01-05-2024,15.21298122931471,15.56053666923752,15.064029439069158,15.173260688781738,608800
02-05-2024,15.352005847717477,15.808792604390025,15.352005847717477,15.749211311340332,423500
03-05-2024,17.57636007534298,18.05300665312225,16.65285614712994,17.268524169921875,794400
06-05-2024,17.328100663438093,17.367820251395386,16.126552349831755,16.31522560119629,728500
07-05-2024,16.424461677893593,16.47411164812146,16.027254339970806,16.076906204223633,661900
08-05-2024,15.888231999606331,15.927953488737275,15.550606918092711,15.838581085205078,445000
09-05-2024,15.918024084213716,15.977604427507554,15.649909698353996,15.798861503601074,431200
10-05-2024,15.838579865915346,16.136484382377084,15.610187003069168,16.106693267822266,398500
13-05-2024,16.29536852946562,16.29536852946562,15.81872200250363,15.828651428222656,343600
14-05-2024,16.14641716189517,16.215927878864875,15.84851260100536,16.047115325927734,507100
15-05-2024,16.22585851667815,16.22585851667815,15.90809415161628,15.937883377075195,283500
16-05-2024,15.84851198436873,15.8584423569816,15.530747636856562,15.580397605895996,273800
17-05-2024,15.639978202343547,15.639978202343547,15.302353124548748,15.431445121765137,293900
20-05-2024,15.38179496291376,15.451306624526763,15.193122617421231,15.222912788391112,306200
21-05-2024,15.232842655562038,15.47116590943744,15.153401570936904,15.401655197143556,257600
22-05-2024,15.302352434072455,15.481095337077932,15.113680106354074,15.282492637634276,335600
23-05-2024,15.38179397004164,15.481095796214737,15.212981433754813,15.421514511108398,416300
24-05-2024,15.391723617141778,15.57046651702996,15.3321423348416,15.55060577392578,363600
28-05-2024,15.67969948804151,15.67969948804151,15.252702934449934,15.342074394226074,371600
29-05-2024,15.322213593352652,16.126554784681577,15.322213593352652,15.739279747009276,699500
30-05-2024,15.75913973344055,16.15634609489518,15.719419191996328,16.066974639892578,415500
31-05-2024,16.146464035054485,16.166337061021608,15.878183870086524,16.007356643676758,494900
03-06-2024,16.10671919628311,16.186211306138972,15.540352127531666,15.629777908325195,913400
04-06-2024,15.510541562191722,15.659586415535882,15.093217488984946,15.11309051513672,1115400
05-06-2024,15.20251828207885,15.232326875756398,14.854747881314395,15.212454795837402,359000
06-06-2024,15.113092084869908,15.172710221919465,14.805066780710456,14.92430305480957,330600
07-06-2024,14.685830931235602,14.854747874662916,14.43742377297168,14.74544906616211,505300
10-06-2024,14.685831705080462,15.212455590620165,14.616278000332946,15.013729095458984,503100
11-06-2024,14.805068521464271,14.805068521464271,14.338063674658729,14.417553901672363,390700
12-06-2024,14.815002397826644,15.043537470481851,14.626213379196756,14.765320777893066,443000
13-06-2024,14.685829755759707,15.073345232769425,14.377805434822116,14.705702781677246,323000
14-06-2024,14.437424737770488,14.57653309682969,14.417552656532411,14.536787986755373,471400
17-06-2024,14.516914207147034,14.805066477183004,14.42748842480328,14.785194396972656,552000
18-06-2024,14.82493859351821,15.053472713676058,14.82493859351821,14.834875106811523,310600
20-06-2024,14.705704343551412,14.934238480287236,14.506978801259798,14.51691436767578,368200
21-06-2024,14.71564071595615,14.71564071595615,14.357933795675343,14.576532363891602,1548700
24-06-2024,14.64608361609254,14.983917452022697,14.606338514665342,14.815000534057615,401500
25-06-2024,14.695769333312615,14.75538747589972,14.139336810359843,14.179082870483398,323900
26-06-2024,14.16914429160438,14.45729655234088,14.089654078132112,14.447360038757324,346300
27-06-2024,14.487105773231573,14.54672390971812,14.357933933842489,14.51691436767578,207100
28-06-2024,14.675895425553442,14.81500282829166,14.308251995921582,14.586468696594238,941700
01-07-2024,14.596405321937755,14.765322278318092,14.4274893131556,14.47716999053955,349300
02-07-2024,14.50697797971099,14.695766997297126,14.447359846600692,14.665958404541016,278500
03-07-2024,14.735512955763772,14.79513109232221,14.536787413232531,14.77525806427002,229700
05-07-2024,14.665959527051449,14.715641150512903,14.18901726845885,14.397679328918455,241000
08-07-2024,14.60634095804896,14.705704202037657,14.417551931588187,14.576532363891602,257500
09-07-2024,14.457295646570543,14.536785855062638,14.039971578188036,14.079716682434082,510600
10-07-2024,14.099589381658648,14.397678150429886,14.059844275662355,14.357933044433594,204800
11-07-2024,14.775257760767746,15.20251837913204,14.735512653077912,15.103155136108398,304600
12-07-2024,15.321754308014988,15.68939680558185,15.212455494445862,15.38137149810791,290300
15-07-2024,15.520479800407148,16.076912275731036,15.520479800407148,15.79869556427002,310500
16-07-2024,16.05703818746197,16.623406191982703,16.047101673937515,16.583662033081055,395800
17-07-2024,16.235894580609074,16.79232617236753,16.235894580609074,16.524045944213867,304000
18-07-2024,16.335256246491223,16.941368460595925,16.09678558755221,16.404809951782227,252600
19-07-2024,16.444553586348945,16.484299642494943,16.19614642102527,16.225955963134766,190000
22-07-2024,16.295508947601007,16.74264258354461,16.136528520420214,16.73270606994629,276600
23-07-2024,16.563787068561812,17.09041085258158,16.494233377222514,16.95130157470703,311100
24-07-2024,16.812196196370056,17.13015704908311,16.613469715826312,16.633342742919922,226400
25-07-2024,16.613469653164103,17.428246704163364,16.613469653164103,17.000986099243164,563900
26-07-2024,17.259329242167645,17.746207018201673,17.040729741975472,17.28913688659668,403400
29-07-2024,17.26926396473264,17.358690688953377,16.802259212288003,16.971176147460938,336300
30-07-2024,17.159965875998488,17.358690453080612,16.991048943120827,17.140092849731445,499400
31-07-2024,17.338819738448333,17.666717098945476,16.85194005919256,17.169902801513672,453900
01-08-2024,17.050664689654642,17.279198786875924,16.08684573928927,16.434616088867188,463900
02-08-2024,16.8916869079547,17.27920147173322,16.474362802656206,17.229520797729492,627900
05-08-2024,15.888121675694064,16.66315269470215,14.656022393432442,16.66315269470215,681900
06-08-2024,16.553851360728974,16.81219500911346,16.345190276569987,16.593597412109375,525100
07-08-2024,16.742642860916497,16.94136745058663,15.82850444188449,16.146465301513672,519500
08-08-2024,16.424683709750774,16.573727641305684,16.255766748602834,16.36506462097168,514000
09-08-2024,16.345194999603027,16.891690097623993,16.10672241280475,16.33525848388672,552900
12-08-2024,16.335256087898408,16.394873278255275,16.096785431274615,16.206083297729492,423500
13-08-2024,16.434618796356347,16.981113796298654,16.345192066155423,16.961240768432617,1074700
14-08-2024,16.99105245780589,16.99105245780589,16.424684358411774,16.742645263671875,383800
15-08-2024,17.080476026150453,17.378563845654817,16.981112787916953,17.120220184326172,352100
16-08-2024,17.100344729841535,17.42824393801787,17.100344729841535,17.358688354492188,344000
19-08-2024,17.467990621894298,17.497800162010815,17.09041258973243,17.169902801513672,385000
20-08-2024,17.18977388253078,17.18977388253078,16.93143211639827,17.120220184326172,209000
21-08-2024,17.179840680465,17.537545714315527,17.020858349069297,17.45805549621582,540700
22-08-2024,17.537541729512654,17.875375553474363,17.43817850566582,17.676651000976562,460200
23-08-2024,17.77601548438458,18.729899949328384,17.77601548438458,18.700090408325195,588400
26-08-2024,18.77958103433945,19.02798819589208,18.531173872786823,18.729900360107425,513600
27-08-2024,18.511299323115143,18.67028163701869,18.23308453797513,18.292701721191406,403500
28-08-2024,18.16353298323063,18.392067125168023,18.00455254577885,18.12378692626953,341100
29-08-2024,18.252959817194757,19.018052465966264,18.143660055143258,18.73983764648437,509300
30-08-2024,18.908842131708507,19.00825808232957,18.570829037317807,18.7696590423584,492300
03-09-2024,18.42170672494161,18.749778046501103,17.964394094045637,18.123458862304688,440100
04-09-2024,18.04392647817516,18.19304946139282,17.835154680910765,18.123458862304688,508000
05-09-2024,18.202993392944336,18.312351145093583,18.053870392141988,18.202993392944336,328800
06-09-2024,18.262642840190956,18.272582729511605,17.64626541121688,17.695972442626953,269000
09-09-2024,17.735740505486568,17.825214683631206,17.46731797105265,17.517026901245117,445400
10-09-2024,17.517024791655547,17.80532896724394,17.407667054603966,17.686031341552734,433900
11-09-2024,17.66614848374369,18.014103382400414,17.318193585086963,17.92462921142578,408500
12-09-2024,17.9643928807359,18.38193834326541,17.785444554480183,18.11351585388184,353000
13-09-2024,18.411764956673547,18.85913390673408,18.26264197332004,18.75971984863281,281500
16-09-2024,18.829313504376657,19.067910695714456,18.59071631303886,18.908845901489254,410700
17-09-2024,19.087793025849518,19.13750005973173,18.51118271028749,18.65036392211914,354800
18-09-2024,18.67024603182297,18.998317359874417,18.451530548987574,18.560888290405277,568500
19-09-2024,18.918785240778227,19.01819930215712,18.511181521279426,18.888959884643555,591600
20-09-2024,18.769662399478843,19.33633285051249,18.471416390473244,18.8591365814209,4431400
23-09-2024,19.04802500104085,19.336331093592083,18.362056967213533,18.44158935546875,610000
24-09-2024,18.451530072528666,18.72989436340317,18.282523520247995,18.40182304382324,551000
25-09-2024,18.40182517537293,18.50124114050108,18.10357727998849,18.232818603515625,697000
26-09-2024,18.39188293288327,18.62053831966312,18.26264350876476,18.32229232788086,799000
27-09-2024,18.45152997643178,18.66030366755075,18.173167583208603,18.292465209960938,534900
30-09-2024,18.362058635610317,19.11761734078663,18.17317038146765,18.8591365814209,1093200
01-10-2024,18.789542813288342,18.829309952443992,18.401822687528604,18.60065269470215,435900
02-10-2024,18.531066085788964,18.72989803195831,18.073755264282227,18.073755264282227,298300
03-10-2024,18.02404293611461,18.10357532036779,17.616439229791894,17.73573875427246,246500
04-10-2024,18.024044036865234,18.133401782967567,17.835155797854316,18.024044036865234,657600
07-10-2024,17.845099694471372,18.11352035434493,17.656209536914314,18.103578567504883,343500
08-10-2024,18.173169930504965,18.312351145093583,17.95445442620648,18.202993392944336,708300
09-10-2024,18.21293262572422,18.560887509614687,18.12345845854663,18.461471557617188,300200
10-10-2024,18.23281605348695,18.560887365184744,18.09363485949442,18.49129676818848,518300
11-10-2024,18.471411316959404,18.89889853633156,18.471411316959404,18.87901496887207,228800
14-10-2024,18.849194053832147,19.336332090230474,18.74977998554038,19.256799697875977,317400
15-10-2024,19.336329680122653,19.46556909051445,19.06790717830711,19.09773063659668,417400
16-10-2024,19.23691242609022,19.773755497186865,17.825211311145164,19.75387382507324,459500
17-10-2024,19.71411292166402,19.803587111170376,19.55504811725318,19.773761749267575,302000
18-10-2024,19.803582793108763,20.032238162567054,19.694225052845397,20.00241470336914,299300
21-10-2024,20.08195024208431,20.09189013257692,19.256800908457592,19.266740798950195,323300
22-10-2024,19.20708977755129,19.20708977755129,18.401824109442,18.44158935546875,375500
23-10-2024,18.411767111029093,18.4813577183234,17.994221571061413,18.202993392944336,345300
24-10-2024,18.202991196653063,18.29246536557929,18.043926428829018,18.26264190673828,375800
25-10-2024,18.27258066394645,18.39188018052717,17.914685906607257,17.974334716796875,288500
28-10-2024,18.153282353821403,18.34217245781326,17.974334033850322,17.984275817871094,350800
29-10-2024,17.71585464477539,17.795387026607095,17.526964526849515,17.71585464477539,325400
30-10-2024,17.52696588115033,18.1433433101244,17.52696588115033,17.695972442626953,365500
31-10-2024,17.606499942343554,17.755624843149107,17.328137506070536,17.367902755737305,445200
01-11-2024,20.300660473159294,23.322892964501065,20.06206332091139,23.10417938232422,2159500
04-11-2024,23.124066084477818,23.710618207609517,22.61704635620117,23.36266326904297,1036800
05-11-2024,23.501841341907724,24.346874109320147,23.26324418926215,23.988977432250977,1017100
06-11-2024,24.35681673148156,24.824069267779414,23.58137453658138,24.585472106933597,808400
07-11-2024,24.53576559394453,24.54570737954812,24.148045436413224,24.3568172454834,488600
08-11-2024,24.40652230127227,24.95330908798971,24.336931703883145,24.883718490600582,521600
11-11-2024,25.301264609861217,25.65915939064047,24.93342614783071,25.64921760559082,496000
12-11-2024,25.649216138002668,25.95740576830301,25.37085375734623,25.559741973876957,469800
13-11-2024,25.73869352525512,25.95740901881839,25.241615616177487,25.43050575256348,453300
14-11-2024,25.36091621421518,25.47027396559145,24.764422319020188,25.22173500061035,448100
15-11-2024,25.44044406019009,25.470269413289795,24.814124918506742,24.843950271606445,431500
18-11-2024,24.853895725206414,25.25155767756936,24.495999019978875,24.873779296875,258400
19-11-2024,24.68488824526167,24.993076009916983,24.495998113801203,24.804187774658203,262700
20-11-2024,24.804186467743637,25.42056196457788,24.56558742152218,25.32114601135254,352700
21-11-2024,25.350973950806896,25.76851947996237,25.02290259905629,25.062667846679688,306600
22-11-2024,25.17202560658385,25.559745778033516,24.89366318449765,25.311206817626957,564700
25-11-2024,25.49015331409679,26.46442740897228,25.49015331409679,26.444543838500977,612400
26-11-2024,26.365011624670043,26.901854757482813,26.146296140463424,26.663257598876957,550200
27-11-2024,26.79249655720728,27.18021666884593,26.325242170154034,26.365009307861328,365300
29-11-2024,26.49429879831048,26.61364332396888,26.1959403295398,26.4047908782959,237800
02-12-2024,26.534080366814315,26.663368527981625,25.96719815022785,26.44457244873047,400500
03-12-2024,26.583809560924436,26.583809560924436,25.97714702329821,26.146217346191406,523400
04-12-2024,26.146215656763065,26.365011749992146,25.92741766661702,26.295394897460938,282000
05-12-2024,26.27550000775708,26.29539107613736,25.28096935174344,25.897579193115234,284900
06-12-2024,25.95725126002173,26.4545166025627,25.847852277649363,26.37495422363281,222800
09-12-2024,26.35506715089988,26.454520613871587,25.917473051974586,26.066652297973636,413900
10-12-2024,25.897581880697608,26.07659582394764,25.27102644011341,25.579330444335938,383600
11-12-2024,26.006977506129378,26.573859703377657,25.758344830359658,26.275501251220703,586200
12-12-2024,26.325228802735005,26.623589171927367,25.867745558990386,26.18599510192871,670000
13-12-2024,26.01692767374868,26.20588907211962,25.788186026567445,25.987091064453125,710500
16-12-2024,25.90752611286012,26.285448872301288,25.79812901674141,25.967199325561523,508600
17-12-2024,25.96719684600333,26.25560975885239,25.45998596797558,25.60916519165039,622800
18-12-2024,25.82796309950323,26.1064323946024,24.017917423650832,24.29638671875,642500
19-12-2024,24.41573284041399,25.23124977196405,24.316281267930684,24.515186309814453,690800
20-12-2024,24.22676938978987,24.83343185019404,24.22676938978987,24.39583969116211,3114100
23-12-2024,24.425676653077687,24.85332521347416,24.29638847982428,24.63452911376953,472900
24-12-2024,24.72403640252386,25.082066202177188,24.604691871361435,25.072120666503903,203700
26-12-2024,24.843374987750405,25.37047691102453,24.77375814630068,25.29091453552246,408300
27-12-2024,25.22129951223189,25.38042427470706,24.66436094665202,24.833431243896484,236500
30-12-2024,24.58480041473417,24.634528092321275,24.15715376898669,24.37594985961914,366600
31-12-2024,24.545020575058324,24.72403642349532,24.147208632374436,24.21682548522949,442800
02-01-2025,24.38589325525748,24.54501801573903,23.699666540107803,23.828954696655277,362200
03-01-2025,23.838903812055506,24.137264205461623,23.570381923982165,24.1074275970459,336400
06-01-2025,24.027863788389716,24.4754034036575,23.89857562004399,24.00797271728516,390000
07-01-2025,23.95824482682512,24.087532983786524,22.814534895858436,23.063167572021484,491600
08-01-2025,22.804592762724507,23.2819671169029,22.595740297198297,23.25213050842285,414800
10-01-2025,22.82447980997114,23.00349373853132,22.446557090205065,22.6752986907959,410900
13-01-2025,22.317271127704156,22.904044436853887,21.98907604774896,22.884153366088867,430600
14-01-2025,23.18251042631144,23.33168965411887,22.82448065895698,23.21234703063965,401600
15-01-2025,23.918465505882192,24.157154572404732,23.630052553952705,24.057701110839844,374300
16-01-2025,24.057703270491515,24.206882527772123,23.709617072225317,23.77923393249512,339100
17-01-2025,24.027864239811567,24.186989017803672,23.6897236123491,23.878684997558597,335100
21-01-2025,24.196934925137587,24.78370826433848,24.11737253491969,24.57485580444336,367600
22-01-2025,24.53507404915204,24.66436221396243,24.256604752053725,24.41572952270508,282900
23-01-2025,24.21682685353857,24.74392699603329,24.21682685353857,24.28644371032715,300900
24-01-2025,24.256603998980363,24.574853530402656,24.10742476824077,24.336166381835938,237100
27-01-2025,24.157155487249884,24.92294280739125,24.017919877019303,24.256607055664062,349300
28-01-2025,24.236716772666632,24.545020793880603,24.05770092263369,24.366004943847656,275400
29-01-2025,24.286440514793465,24.505236592614366,23.848846462234825,24.2764949798584,285800
30-01-2025,24.61463728676629,25.25113639141065,24.465458046229884,24.982614517211918,393700
31-01-2025,24.922938834820872,25.121845733778784,24.455510088261587,24.62458038330078,339000
03-02-2025,23.769287313633555,23.96819424556371,23.242187168777686,23.460983276367188,371900
04-02-2025,23.36152629157675,23.94829956577931,23.272018375382004,23.63999557495117,367900
05-02-2025,23.699667942938515,23.76928479265536,23.371472867904195,23.50076103210449,607800
06-02-2025,23.699667854479287,23.799121309525088,23.331690639884886,23.441089630126957,521700
07-02-2025,23.441090069091068,23.54054352599926,22.834425689176317,22.884153366088867,533500
10-02-2025,22.98360515314024,23.28196360527089,22.61562795839011,22.63551902770996,571600
11-02-2025,22.49628595165652,22.86426125955528,22.426667207132724,22.62557411193848,555900
12-02-2025,22.11836873846844,22.63552530264816,21.92940732138021,22.078588485717773,687800
13-02-2025,22.47639444662857,22.77475290114387,22.217816234154142,22.75486183166504,341200
14-02-2025,22.91398829533588,23.19245567799961,22.76480717243256,23.0333309173584,382700
18-02-2025,23.07311258379391,23.31179971987108,22.685244327866368,22.73497200012207,557000
19-02-2025,22.41672030455496,22.71507872139661,22.29737579966836,22.555953979492188,387900
20-02-2025,22.386888149017462,22.486341606683336,22.04874753110366,22.14820098876953,374400
21-02-2025,22.347105440285222,22.347105440285222,21.153669669320514,21.362520217895508,509300
24-02-2025,21.18350539205231,21.432138093353004,21.15367068192309,21.19345092773437,773700
25-02-2025,19.691708117378408,20.009959551211125,18.070623827369477,18.766796112060547,1513500
26-02-2025,18.935868403871417,19.801109186094475,18.81652386653872,19.71160125732422,759300
27-02-2025,19.66187325660556,19.781215883566382,19.00548311757044,19.502748489379883,843000
28-02-2025,19.632036326712072,20.24864621220107,19.632036326712072,20.119356155395508,771500
03-03-2025,20.049741485936725,20.049741485936725,18.935868012783036,18.985593795776367,902600
04-03-2025,18.55794476349011,19.085046775698498,18.02089911246832,18.657398223876957,828400
05-03-2025,18.577836944666743,18.826469662027023,18.428657693634,18.54800033569336,478800
06-03-2025,18.25958437629848,18.617614140694776,18.03084087217247,18.2297477722168,423600
07-03-2025,18.229748302433077,18.40876413829633,17.831936387690753,18.160131454467773,582300
10-03-2025,17.772264506507625,18.63750515629477,17.702645763851283,18.59772491455078,942600
11-03-2025,18.597725184660312,18.87619257166298,18.42865488673006,18.7767391204834,880100
12-03-2025,18.985592094528428,19.104934721785263,18.57783464038666,18.70712280273437,951000
13-03-2025,18.756852354537788,19.025374241185794,18.567890962741966,18.677289962768555,714600
14-03-2025,19.01542805445441,19.254115197784365,18.647450856247733,19.114879608154297,563600
17-03-2025,19.05520989353734,19.52263868461836,18.10046124020158,19.33367919921875,516500
18-03-2025,19.2143324884209,19.552473072330315,19.104933506298224,19.154661178588867,550900
19-03-2025,19.28394969802344,19.801106118142627,19.28394969802344,19.791160583496094,636200
20-03-2025,19.602200272093956,20.04973987064641,19.582311098649196,19.651927947998047,356500
21-03-2025,19.462965910623637,19.8110520424314,19.144716383342296,19.632036209106445,2042400
24-03-2025,19.98012137529216,20.34809666208347,19.830942153703333,20.2287540435791,475800
25-03-2025,20.21881211169343,20.387882432129235,20.000016007507064,20.079578399658203,504600
26-03-2025,20.149192140358632,20.318262434654056,19.85083179323431,20.129301071166992,395400
27-03-2025,20.06963060448314,20.318263289083937,19.980122686273504,20.268535614013672,461000
28-03-2025,20.28843621376908,20.377988072997475,19.46257054365569,19.65162467956543,557400
31-03-2025,19.243667117991823,19.880478654338404,19.213815865532556,19.74117660522461,960300
01-04-2025,19.741175360750656,19.88047740108292,19.29341609132845,19.771026611328125,420800
02-04-2025,19.54217384875696,20.28843814825041,19.54217384875696,20.258588790893555,317500
03-04-2025,19.37301846354199,19.581973431975165,18.50735303133497,18.77600860595703,323500
04-04-2025,18.02974861961661,18.78596153650044,17.502387763884606,18.27850341796875,742300
07-04-2025,17.43273168311648,19.014811894986348,17.15412570629891,18.039691925048828,668700
08-04-2025,18.70635685488029,18.70635685488029,17.432733721314555,17.70138931274414,619300
09-04-2025,17.47253130035429,19.830726921355648,17.47253130035429,19.412818908691406,557800
10-04-2025,18.86555937726348,19.004863328156343,18.27849991178292,18.72625732421875,394500
11-04-2025,18.60685610670845,18.8556108573444,18.059594516600477,18.72625732421875,337800
14-04-2025,19.12426388012689,19.12426388012689,18.49740276539273,18.696407318115234,328800
15-04-2025,18.69640722252081,19.06456317597257,18.59690494666832,18.865558624267575,419500
16-04-2025,18.716307221862333,18.88546053105931,17.87054067587745,18.56705474853516,855500
17-04-2025,18.527257044227635,18.83571244327284,18.288450782810543,18.487455368041992,841400
21-04-2025,18.288446882843616,18.37799873731621,17.631734548609874,17.790937423706055,485400
22-04-2025,18.109347638671807,18.268550536334345,17.83074161883825,18.079496383666992,368300
23-04-2025,18.795907738481837,18.955110621875104,18.0894451806552,18.17899703979492,484600
24-04-2025,17.890440245612695,18.54715260005424,17.890440245612695,18.50735282897949,428700
25-04-2025,18.387951082602378,18.666557092162357,18.208847354874404,18.656606674194336,295100
28-04-2025,18.67650833079317,18.90536226056911,18.348152114813004,18.606857299804688,319000
29-04-2025,18.656604322781245,18.9153094637989,18.397899181763595,18.895408630371094,248000
30-04-2025,18.636705023700284,18.766058553782663,18.13919553413318,18.706356048583984,609600
01-05-2025,18.87550662040212,19.034709482205308,18.586952145076765,18.756105422973636,439300
02-05-2025,19.930230718601024,20.31828751088008,18.77600886139064,19.13421440124512,520600
05-05-2025,18.9053606457695,19.482471579042222,18.676506735541093,19.05461311340332,374600
06-05-2025,18.855609142057745,19.58197249235421,18.81580747460963,19.51232147216797,308500
07-05-2025,19.751125556762847,19.85062782639386,19.462569164617697,19.761075973510746,305300
08-05-2025,19.94018074882656,20.47748999709748,19.85062889114006,20.328237533569336,277900
09-05-2025,20.358086215906734,20.626741780102662,20.198883340349443,20.557090759277344,286300
12-05-2025,21.542159483582463,21.6516121733394,20.825746536254883,20.825746536254883,342700
13-05-2025,20.984949262114625,21.60185993229167,20.64664267607637,20.90534782409668,456800
14-05-2025,20.78594551864134,21.1143017003418,20.78594551864134,20.8555965423584,388300
15-05-2025,20.86554726871317,20.974999963516844,20.676495029495296,20.696393966674805,305700
16-05-2025,20.6963957084846,20.6963957084846,20.407841167692084,20.42774200439453,323500
19-05-2025,20.218786326786034,20.69639500430503,20.099385106330377,20.65659523010254,418400
20-05-2025,20.576995301970435,20.73619820622237,20.50734426859125,20.726247787475582,482400
21-05-2025,20.447640096627648,20.696394851563987,20.049632868299145,20.129234313964844,362100
22-05-2025,20.06953167775901,20.08943251162809,19.671524489617244,19.691425323486328,235000
23-05-2025,19.35311881711228,19.62177248403588,18.646654394696068,19.52227210998535,475300
27-05-2025,19.870529963815457,20.437692422745755,19.60187625972539,20.42774200439453,336100
28-05-2025,20.34813756150777,20.407838164982813,20.07948199909812,20.119281768798828,313400
29-05-2025,20.119284818837684,20.178987329211463,19.790928603174915,19.91033172607422,477300
30-05-2025,19.87050930670629,20.14925462259169,19.69131792377687,19.999927520751957,418600
02-06-2025,19.930237502693068,20.27866860005699,19.57185101411341,19.7410888671875,461300
03-06-2025,19.82073442503971,20.288626521541214,19.721182389946563,20.159210205078125,239300
04-06-2025,20.08952420474404,20.29858176800906,19.98997217037145,20.03974723815918,278700
05-06-2025,20.029792732145587,20.05965701179125,19.78091360818094,19.989971160888672,286100
06-06-2025,20.228893039981216,20.288623492600937,20.009880114511,20.049699783325195,273800
09-06-2025,20.248803816208564,20.796337079077613,20.049699775821537,20.75651741027832,450300
10-06-2025,20.79633911492628,21.11490409169382,20.71669787073439,20.85607147216797,265300
11-06-2025,20.995444378451364,21.413561409128235,20.89589234280503,21.06513023376465,482900
12-06-2025,20.846114192727534,21.00539666669629,20.706740603907217,20.875978469848636,379300
13-06-2025,20.477772032733625,20.58727944428734,19.9202833807087,19.97005844116211,373000
16-06-2025,20.248805105809343,20.49768422274525,20.12934229420944,20.29858016967773,251700
17-06-2025,20.05965706536996,20.33840236852181,19.98997121428125,20.02979278564453,327900
18-06-2025,19.98001480102539,20.26871548227361,19.940195130492807,19.98001480102539,321100
20-06-2025,20.139298309299484,20.238850338910648,19.930240756033363,20.02979278564453,690500
23-06-2025,19.970060253469555,20.676877948592967,19.930240581252512,20.656967163085938,316800
24-06-2025,20.91580120874173,21.1248587554813,20.64701130682202,21.04521751403809,193100
25-06-2025,21.02530776866444,21.0651274383605,20.368265180108992,20.38817596435547,332600
26-06-2025,20.54745900915561,21.11490308429961,20.33840146517495,20.82620429992676,259000
27-06-2025,20.915803036598444,21.184592962008026,20.68683468478901,20.98548889160156,462500
30-06-2025,21.104948638689255,21.104948638689255,20.74656212369212,20.836158752441406,270900
01-07-2025,20.686834203119236,21.622618375368344,20.647012630446287,21.37373924255371,269200
02-07-2025,21.2940980909093,21.59275419089618,21.144770990314417,21.4533805847168,283700
03-07-2025,21.632572672322496,22.16019709071951,21.363782766792117,22.03077888488769,196100
07-07-2025,21.821721781307783,22.00091505532352,21.493201411877937,21.622617721557617,285900
08-07-2025,21.821720729983056,21.821720729983056,21.5131111611558,21.55293083190918,331600
09-07-2025,21.552932090430428,21.831677397168413,21.27418868248949,21.80181121826172,248400
10-07-2025,21.84163229878952,22.45885145859985,21.801810727809748,22.17015266418457,318300
11-07-2025,22.060644056648872,22.060644056648872,21.184590428963997,21.25427627563477,363200
14-07-2025,21.264231667844435,21.8018095555882,21.035261444615863,21.25427627563477,488900
15-07-2025,21.38369282060946,21.41355899757904,20.656966270188786,20.70674133300781,245600
16-07-2025,20.716697155735208,21.18459111066144,20.44790915261247,21.04521751403809,722900
17-07-2025,21.0551728603748,21.503156029258147,20.975531619106317,21.00539779663086,302200
18-07-2025,21.244319862068277,21.244319862068277,20.497682571411133,20.497682571411133,310000
21-07-2025,20.6470113131474,20.77642951728038,20.27867128340856,20.29858016967773,277200
22-07-2025,20.29858151796856,20.846116750874625,20.29858151796856,20.62710189819336,352000
23-07-2025,20.81624916365885,21.045217495254093,20.726652529765577,21.02530860900879,199200
24-07-2025,20.97553203516385,21.07508406342336,20.55741503551155,20.57732582092285,297400
25-07-2025,20.686832576517368,20.91580090499179,20.46781774163145,20.806293487548828,276700
28-07-2025,20.80629450779989,21.045218240375547,20.637056626542503,20.85607147216797,220400
29-07-2025,21.05517288777523,21.30405200441276,20.86602422746756,21.02530860900879,349600
30-07-2025,21.055174213801585,21.214456706577234,20.437955028995194,20.547460556030277,263100
31-07-2025,20.33840108916891,20.627099868204443,20.278670634678267,20.527549743652344,430100
01-08-2025,23.86253052921224,25.395626896107512,23.265222130533285,24.499662399291992,1189000
04-08-2025,24.19104980961892,25.196521686644484,24.06163350212714,25.136791229248047,632300
05-08-2025,25.136792430567564,25.883429829495316,24.86800251124227,25.345849990844727,452500
06-08-2025,25.37571363096525,25.5947265625,25.00737361434787,25.5947265625,573600
07-08-2025,25.754010809953712,25.763964303285533,24.55939033766419,24.76844787597656,273800
08-08-2025,24.877956243336303,25.126835359694766,24.469794644412183,24.758495330810547,367800
11-08-2025,24.887911682177368,25.047194165039546,24.61912178029858,24.798315048217773,475400
12-08-2025,24.977507890310637,26.12235142841365,24.887911257878518,25.953113555908203,405100
13-08-2025,26.261724562078054,27.127824756755256,25.18656681280808,27.107913970947266,423200
14-08-2025,26.659931127397797,27.117867781477965,26.530512925994664,26.62010955810547,312600
15-08-2025,26.719663355130177,26.719663355130177,26.13230846068157,26.50065040588379,523600
18-08-2025,26.56038103225932,26.83912444236527,26.36127696892901,26.64002227783203,336100
19-08-2025,26.699752999235383,26.998409097160653,26.65993332545694,26.85903549194336,399400
20-08-2025,26.859033874976674,26.9585859016252,26.29158979151613,26.331411361694336,371300
21-08-2025,26.20199182560873,26.530512167692848,25.80378563805175,26.042709350585938,328900
22-08-2025,26.281634462895887,27.20746508502421,25.893383646698968,27.137779235839844,396400
25-08-2025,26.90881016346124,27.048181857998834,26.550423636025208,26.560379028320312,398300
26-08-2025,26.3911414600071,26.88889968769762,26.10244077652406,26.79930305480957,272400
27-08-2025,26.65993254246563,26.99840830422845,26.580291298450675,26.988452911376957,289700
28-08-2025,27.02827114936716,27.038226541690243,26.37123044641922,26.62010955810547,351100
29-08-2025,26.71973609923513,26.84925117276916,26.39096984366,26.62010955810547,274600
02-09-2025,26.221604920574464,26.44078368798364,26.012390897376463,26.40093231201172,349300
03-09-2025,26.40093307150228,26.809400185874097,26.28138084036548,26.59022331237793,494800
04-09-2025,26.80940088439532,27.805662535692704,26.759588561917766,27.775774002075195,513800
05-09-2025,28.04476509188366,28.214129648539917,27.68611218971971,28.07465362548828,341500
08-09-2025,28.074651713177744,28.21412772672894,27.745885466794096,28.024837493896484,341700
09-09-2025,27.74588663689184,27.865436967772197,26.928952408409145,26.938915252685547,353800
10-09-2025,26.95883902558441,27.526707847486595,26.600186132930443,27.28760528564453,624200
11-09-2025,27.55659634677233,28.572783658528454,27.31749378522117,28.53293228149414,585200
12-09-2025,28.343643567864937,28.52296906150237,27.94513740364428,28.41338157653809,500600
15-09-2025,28.144391943437466,29.31001816365228,28.144391943437466,29.240280151367188,574300
16-09-2025,29.250239163634024,29.33990285345804,28.54289248837994,28.9912109375,550700
17-09-2025,29.00117530799904,30.07713774232777,28.463193140725583,29.070913314819336,465500
18-09-2025,29.200428360313797,29.957587440547595,28.911513470611244,29.76829719543457,502600
19-09-2025,29.6885959726554,30.087102146960788,28.871661735722235,29.449493408203125,1951100
22-09-2025,29.44949188480052,29.72844581234053,29.11076279429413,29.61885643005371,372100
23-09-2025,29.598930744036437,29.9974368977504,29.22035217826997,29.419605255126957,430700
24-09-2025,29.260203148153927,29.628818864946357,28.224090203208213,28.5528564453125,549000
25-09-2025,28.353604130830792,28.68237228196116,28.054726411899072,28.244016647338867,318500
26-09-2025,28.333681103628805,28.76207390575705,28.24401740549879,28.28386688232422,272400
29-09-2025,28.50304260811306,28.642518612416797,28.034798479005307,28.62259292602539,455800
30-09-2025,28.43330951669214,28.891588981535826,28.024840475993667,28.83181381225586,575100
01-10-2025,28.642519367900515,28.69233168497485,27.845510893402697,28.463191986083984,469700
02-10-2025,28.273903274787795,28.39345550247316,27.855473328216306,27.94513702392578,527000
03-10-2025,28.06468886235164,28.124464025256135,27.45696868879836,27.52670669555664,448900
06-10-2025,27.576522849484533,27.59644853859,27.078392023157768,27.128204345703125,439200
07-10-2025,26.95883942430589,27.02857743501397,26.500559982385205,26.80940055847168,570400
08-10-2025,26.89906196466239,27.29756620631747,26.550370040632405,26.88909912109375,504100
09-10-2025,26.77951203593174,26.8691757355118,26.251494583091723,26.56033515930176,426500
10-10-2025,26.58026008899917,26.799436959369345,26.102054971708863,26.121978759765625,452500
13-10-2025,26.530444722254693,26.64003410281487,26.221604168206543,26.510520935058597,369000
14-10-2025,26.171792602236152,26.958838275542,26.062203218525667,26.50055885314941,607500
15-10-2025,26.68985058669275,27.138167190255857,26.570298352278275,27.128204345703125,358000
16-10-2025,27.058462145005187,27.158088674890557,26.640032239661068,27.108274459838867,338100
17-10-2025,26.98872794696091,27.207904823417124,26.77951201470056,27.0584659576416,315600
20-10-2025,27.317491172299103,27.70603256012842,27.158089479845124,27.64625740051269,250900
21-10-2025,27.476894763206523,28.21412811679815,27.476894763206523,28.09457778930664,289100
22-10-2025,28.114503507491666,28.25398143276627,27.466933805163936,27.69607353210449,355300
23-10-2025,27.65622177660134,28.164315412040104,27.34738121788223,27.925212860107425,346100
24-10-2025,28.32371788648552,28.37353020691608,27.89532508999708,28.014877319335938,259100
27-10-2025,28.004915627596787,28.16431733979577,27.69607314752025,27.82558822631836,195300
28-10-2025,27.606409085480365,27.715998473764373,27.337419887302406,27.40715789794922,234800
29-10-2025,27.24775544072705,27.745886246224007,26.151867288590108,26.47067070007324,399100
30-10-2025,26.49059448671286,26.869173035618196,25.9625751867115,26.570295333862305,482400
31-10-2025,28.064691410693964,28.592710781580628,24.39844814919926,24.806915283203125,895700
03-11-2025,24.806911911634582,25.86294860966103,24.70728537780913,25.773286819458008,662900
04-11-2025,25.882877354311304,26.29134448105632,25.623849095850368,25.78325080871582,582500
05-11-2025,25.52422332027441,26.52048493167872,25.49433478785372,26.02235412597656,962900
06-11-2025,26.171792214723197,26.35111960351489,25.63381004834812,25.683624267578125,386300
07-11-2025,25.643772509016863,25.753361889467197,25.215379731130817,25.663698196411133,380100
10-11-2025,25.922727200238835,26.520484538257566,25.593960949361264,26.0522403717041,443900
11-11-2025,26.19171981208981,26.39097100288302,25.942654398434573,26.231569290161133,311300
12-11-2025,26.211641701527064,26.71973533658973,26.211641701527064,26.58025932312012,470400
13-11-2025,26.39097063441877,26.57029803378175,25.673662937185146,25.912765502929688,456600
14-11-2025,25.245267895892447,26.05223922146905,25.14564136058491,25.84302520751953,392000
17-11-2025,25.912763189655703,26.161828577599085,25.295080191460148,25.344894409179688,383000
18-11-2025,25.305044174194336,25.58399810532748,25.20541763448834,25.305044174194336,364500
19-11-2025,25.454483795846087,25.663699725515198,25.30504493192144,25.59396171569824,432700
20-11-2025,26.03231585303321,26.390970651998067,25.29508246644189,25.46444702148437,321200
21-11-2025,25.48437156433534,26.92895163945385,25.48437156433534,26.69981002807617,394300
24-11-2025,26.60018463246356,27.00865172343016,26.14190332295337,26.859210968017575,286700
25-11-2025,27.098316191167584,27.84551238871575,27.08835334717409,27.745885848999023,279200
26-11-2025,27.5864849035178,28.03480149423393,27.5864849035178,27.735923767089844,598100
28-11-2025,27.755863024761915,27.86553119490646,27.59634672359765,27.82565116882324,131100
01-12-2025,27.496649276837054,28.14468450490979,27.436831137737023,27.86553192138672,390800
02-12-2025,28.164623519316866,28.164623519316866,27.526558320660552,27.70601463317871,261900
03-12-2025,27.765835354952436,28.364022485171706,27.656167175629964,27.87550163269043,344300
04-12-2025,27.895440667402145,28.22444329222684,27.516589909137263,27.715984344482425,338100
05-12-2025,27.795741447267734,27.795741447267734,27.008129939523,27.23743438720703,349300
08-12-2025,27.41689116874469,28.07489640466781,27.147706689980406,27.157676696777344,480500
09-12-2025,27.10782814025879,28.78275122425224,27.038039995356453,27.10782814025879,369900
10-12-2025,27.107827686389783,27.885469175520665,27.02806953618189,27.765832901000977,334000
11-12-2025,27.94529060356667,28.613265857857925,27.92535058962737,28.55344581604004,243200
12-12-2025,28.71296199581471,28.912358331146024,28.02504863224889,28.493627548217773,362500
15-12-2025,28.63320447958772,28.84257082650609,28.24438370877643,28.34408187866211,380600
16-12-2025,28.354048659394984,28.79271751444066,28.114774219847103,28.324138641357425,334800
17-12-2025,28.244381677770875,28.76281060262953,28.1546535214844,28.28426170349121,274600
18-12-2025,28.61326414354447,28.95223675386597,28.33410966987256,28.354049682617188,418000
19-12-2025,28.084866961841808,28.314171417912,27.656166169093996,27.845592498779297,1054700
22-12-2025,27.96522567479623,29.002083467872044,27.825649395568405,27.885467529296875,249700
23-12-2025,27.86553188353023,28.13471445990688,27.785773730977088,27.99513816833496,194700
24-12-2025,28.134713966914116,28.42383845334328,27.97519766460296,28.204504013061523,115500
26-12-2025,28.2045044001536,28.43380885017492,28.14468435977767,28.38395881652832,127600
29-12-2025,28.383959500724814,28.60329585088828,28.194535073054684,28.55344581604004,210700
30-12-2025,28.503598492396552,28.82263111814956,28.35405218677289,28.782752990722656,259200
31-12-2025,28.712962494691148,28.752842523084063,27.82565278037736,27.835622787475582,224400
02-01-2026,27.835621340517395,28.573384713175987,27.72595316972209,28.33411026000977,308100
05-01-2026,28.274291152197875,29.341057099063903,28.104804849321127,28.752840042114254,273500
06-01-2026,28.53350707136308,29.39090673432389,28.26432259390108,29.28124046325684,290300
07-01-2026,29.281240940208164,29.410847226883742,28.42383936169709,28.623233795166016,300400
08-01-2026,28.513567432175456,29.56039343393512,28.4836574115367,29.460695266723636,315400
09-01-2026,29.590303602513657,30.05888251869066,29.321119120172146,29.96915435791016,282800
12-01-2026,29.75979037855713,30.148611146911552,29.52051591329408,29.88939666748047,366900
13-01-2026,29.989094424902195,30.567341516743078,29.76975997681924,30.28818702697754,375900
14-01-2026,30.278218368702703,30.47761279925032,29.84951758572802,30.17852020263672,298400
15-01-2026,30.17851947907236,31.255255463283437,30.06885130887076,30.716886520385746,523800
16-01-2026,30.806613627236768,30.936221806071583,30.397852881528653,30.81658363342285,271500
20-01-2026,30.59725170760891,30.79664614290568,30.13864089341597,30.21839904785156,253900
21-01-2026,30.44770443811329,31.26522597049337,30.39785440468503,31.085769653320312,423400
22-01-2026,31.275197395442465,32.05284083792874,30.986072893200397,31.743776321411133,330600
23-01-2026,31.693926750054715,31.693926750054715,30.906313336147253,31.085769653320312,332500
26-01-2026,31.24528487051743,31.43471118778854,30.886372248653075,31.315073013305664,313900
27-01-2026,31.31507512428297,31.38486327177568,30.776708056778897,31.115678787231445,280000
28-01-2026,31.205406156991373,31.584258807460003,30.77670727590118,31.33501434326172,435400
29-01-2026,31.524441948817906,31.8634126844368,31.025953000175893,31.484561920166016,346800
30-01-2026,31.145586839125237,31.7038938853531,30.916282397122536,31.37489128112793,457000
02-02-2026,31.41477228551409,32.331991983689115,31.15555781629241,32.11265563964844,289600
03-02-2026,32.12262539960374,32.70087053635412,31.86340904613379,32.57126235961914,398600
04-02-2026,32.78063104439893,33.44860434315643,32.71084290283228,33.19935989379883,296700
05-02-2026,33.19936496439157,34.12655476186652,33.00994052308934,33.79755401611328,412500
06-02-2026,34.05676026781822,34.724737347379204,33.917183989358165,34.52534103393555,397500
09-02-2026,34.52534156792617,35.00389044569146,34.166428958810094,34.76461410522461,222000
10-02-2026,34.68485881143379,34.75464695365651,31.55434720499535,34.475494384765625,390900
11-02-2026,34.47549482118754,34.47549482118754,33.60812138000768,33.81748580932617,309700
12-02-2026,34.166429975271555,34.51537068719971,32.78063142908756,32.80057144165039,467000
13-02-2026,32.850423803688486,33.43864093898375,32.47157112252314,33.29906463623047,753600
17-02-2026,33.19936013258991,33.568240855405215,32.670963113165136,33.448604583740234,323500
18-02-2026,33.41869324274529,33.97700212860313,32.980024420179355,33.42866134643555,254500
19-02-2026,33.13954524243698,33.179421465830295,32.431688082052254,32.76069259643555,355100
20-02-2026,32.73078189593103,32.93017440667328,32.192412989322875,32.46159744262695,687500
23-02-2026,32.341960133661075,32.37187205536091,30.98607154869249,31.40480232238769,805000
24-02-2026,32.51144658940679,33.7576688364514,31.25525433619571,31.78365135192871,746600
25-02-2026,31.693925857543945,32.2522310035437,30.856464335375737,31.693925857543945,576300
26-02-2026,31.963110951506103,32.27217164818725,31.305103826990475,31.54437828063965,315700
27-02-2026,31.095740013452176,31.53440890310091,30.63712920862113,31.394832611083984,446200
02-03-2026,30.537431495901785,30.70691781083365,29.99906443184929,30.28818702697754,381600
03-03-2026,29.590303028283557,29.6999712007947,28.912357782913467,29.41084671020508,547900
04-03-2026,29.58033255849998,29.61024257823963,28.882447310582613,28.912357330322266,346600
05-03-2026,28.603295401363894,28.84256986012187,27.845591997838135,28.054956436157227,402500
06-03-2026,27.33713305988331,28.164624609515435,27.1078286079383,28.054956436157227,461900
09-03-2026,27.64619478753986,27.656164794036474,26.61930883898448,27.50661849975586,426700
10-03-2026,27.337131926349205,28.284261616879768,27.117797490311855,27.38698005676269,406700
11-03-2026,27.127766374942464,27.755863485079704,26.79876376063678,27.745893478393555,314300
12-03-2026,27.167645722884448,27.70601466097913,27.10782758584647,27.57640647888184,501200
13-03-2026,27.885471599527936,28.224444242773515,27.377012634659568,27.556468963623047,473000
16-03-2026,27.88546781764935,27.915377835614965,27.127764476778268,27.167644500732425,376000
17-03-2026,27.357073068256184,27.49664936044211,26.938342290114047,27.0280704498291,437800
18-03-2026,26.80873242911295,27.14770503318431,25.92142279576488,25.9912109375,574100
19-03-2026,25.60239070432119,25.99121144534796,24.814777314300088,25.07399177551269,998500
20-03-2026,25.363117955998742,25.442876110827047,24.35617006280112,24.376110076904297,1346400
23-03-2026,25.25344926772036,26.10088083407024,24.964326675427085,25.612361907958984,1208400
24-03-2026,25.193632292877435,25.96130574150554,25.0440859863928,25.57248306274414,2345700
25-03-2026,25.961304105025395,25.99121222348637,24.894536209087654,25.5625114440918,709400
26-03-2026,25.263417796435935,25.59242039687699,24.934415195994887,25.083961486816406,578400
27-03-2026,24.96418201676117,25.113906836639828,24.53496947028248,24.684694290161133,675000
30-03-2026,25.024071323026455,25.024071323026455,24.405208232458182,24.435152053833008,709500
31-03-2026,24.824440046201385,25.42333934841349,24.524988491240883,24.874347686767575,923400
01-04-2026,25.044037338466183,25.62297475007492,24.914274421602173,25.5930290222168,1100500
02-04-2026,25.233690387145224,25.79266399302893,24.355301388330545,25.38341522216797,607900
06-04-2026,25.203743020097413,25.40337738971917,24.75456664037568,24.824440002441406,740900
07-04-2026,24.7146408615363,24.964182871159416,24.554934127685858,24.7745304107666,742100
08-04-2026,25.962349927210436,26.46143392757083,25.9523680187407,26.2019100189209,795900
09-04-2026,26.042204274321136,27.100261861952266,26.042204274321136,26.870683670043945,452400
10-04-2026,27.06033675574811,27.41967596325709,26.800812831302768,27.14019012451172,431200
13-04-2026,26.98048351736639,27.319860812215364,26.65108813164292,27.289915084838867,408900
14-04-2026,27.33982259364126,27.70914561407048,27.21006158334988,27.56940269470215,483900
15-04-2026,27.46958622620564,27.46958622620564,26.970502182432373,27.080299377441406,731600
16-04-2026,27.140189047317183,27.419674874969765,26.780847950215964,26.800811767578125,649400
17-04-2026,27.43963804896633,28.517659411139665,27.26994941307542,28.148338317871094,344500
20-04-2026,28.03854130056852,28.38790050661144,27.94870602176164,28.347972869873047,404100
21-04-2026,28.5076789816229,28.89696581583545,28.00859495650556,28.078466415405277,800700
22-04-2026,28.238174037547367,28.31802740253479,27.97865012537465,28.218210220336918,441200
23-04-2026,28.19824840682804,28.49769807084546,27.80896346283448,27.888816833496094,380200
24-04-2026,27.808962842577102,28.138358227191176,27.319860720201945,28.04852294921875,604800
27-04-2026,27.89879874281061,28.16830267888448,27.788999644205443,27.888816833496094,460300
28-04-2026,28.018575881823928,28.288081702850835,27.37974896133443,27.838905334472656,371000
29-04-2026,27.63927321370021,28.018576226442548,27.01042629023617,27.379749298095703,579500
30-04-2026,27.339822066857515,27.89879754126948,27.240006785720222,27.82892417907715,544500
01-05-2026,27.978650864419997,28.05850423151671,27.379749659267397,27.779016494750977,519100
04-05-2026,27.659234412362277,27.659234412362277,26.431488227236034,26.631122589111328,508700
05-05-2026,26.65108734944309,27.42965719983629,26.591195896447893,27.24998664855957,351300
06-05-2026,27.679199708593064,28.258137104346584,27.58936443133351,27.798980712890625,433400
07-05-2026,27.759052805113267,28.318028281224247,27.24998687357708,27.49952888488769,571700
08-05-2026,28.877001102410613,30.284417857288204,28.36793518411487,29.605663299560547,1186000
11-05-2026,29.33615735006577,29.68551653606818,28.537623699649743,28.647422790527344,860300
12-05-2026,28.697331444246736,28.86702008894081,27.57938239028794,28.078466415405277,567000
13-05-2026,27.90877700633446,28.188264738133057,27.18011480654512,27.65923500061035,466200
14-05-2026,27.968668838913388,28.67736723095946,27.94870502125885,28.487716674804688,498200
15-05-2026,28.258137281940968,28.397882105142127,27.798980887599345,27.998613357543945,613300
18-05-2026,28.17828281630985,29.19641465611481,28.168300907623006,28.46775245666504,770400
19-05-2026,28.48771715696859,28.687349625329475,27.16015181828905,27.319860458374023,608300
20-05-2026,27.5594213769761,28.717296200784418,26.99046587436308,28.69733238220215,606000
21-05-2026,28.018575890034743,29.376085000327144,28.018575890034743,29.07663345336914,546400
22-05-2026,29.30621479621332,29.945041744189258,28.51766111643285,28.757221221923828,545500
26-05-2026,28.847055845981476,29.386067499016598,28.63744147237077,29.296232223510746,455200
27-05-2026,29.635609826914585,29.99494902895171,29.23634298917641,29.645591735839844,384200
28-05-2026,29.386067990323863,29.86518819846256,29.066654518231395,29.845224380493164,480700
29-05-2026,29.74540692616855,29.91509556966873,29.4060296391682,29.545774459838867,742400
01-06-2026,29.196414194376292,29.695498197698967,28.21821000478891,29.206396102905277,743200
02-06-2026,29.356122802486084,29.3661047116541,28.46775382893248,28.727277755737305,578200
03-06-2026,28.43780761885096,29.076634563927133,28.118394146312877,29.03670883178711,520500
04-06-2026,29.336158313747383,29.87516997337533,29.29623258184224,29.695499420166016,529300
05-06-2026,29.845376391951103,30.414906186305227,29.70549051023561,30.11515235900879,523300
08-06-2026,30.20507755692496,31.02440123386432,30.1151516015754,30.474855422973636,646400
09-06-2026,30.644716086624797,31.583941695226493,29.97526835056447,31.32415580749512,589900
10-06-2026,31.18427069669544,31.284188641488853,30.29500499016428,30.37493896484375,597200
11-06-2026,30.45487224840578,31.334147855702717,30.255038269130107,31.29417991638184,468700
12-06-2026,31.44405534843453,32.23340307898369,31.284187405392277,31.843727111816406,987600
15-06-2026,32.143477598376776,32.3133394343706,31.17427984689754,31.32415580749512,614300
16-06-2026,31.61391467823745,31.94364254274813,31.184268874771007,31.523988723754883,313800
17-06-2026,31.49401470533593,31.903676540236123,30.79459103777277,30.90450096130371,455200
18-06-2026,31.234227987433226,32.653057347650545,31.234227987433226,32.53315734863281,1322700
22-06-2026,32.4432343630026,32.91284432357535,32.233404581095,32.33332443237305,396600
23-06-2026,32.08352978392583,32.66304966180532,31.80375992410793,32.38328170776367,358600
24-06-2026,32.463215685265666,34.23175307577443,32.463215685265666,34.21177291870117,443300
25-06-2026,34.47155864283571,35.570650292334115,34.36164871557537,35.4807243347168,600300
26-06-2026,35.36082321636111,36.02027894763166,34.88121939466911,35.71053695678711,1992300
29-06-2026,35.47073326435232,35.77048517751524,35.10103936516979,35.65058517456055,597100
30-06-2026,35.65058737129111,35.930355332608364,35.43076750936892,35.810455322265625,391200
01-07-2026,36.47989966299656,36.62977752837382,35.72052788024779,35.910369873046875,434500
02-07-2026,35.97032043458676,36.06024638813532,34.721350975052495,35.64059066772461,502300
06-07-2026,35.640591205175184,35.640591205175184,34.63142554373657,34.78130340576172,471200
07-07-2026,34.97114596501637,34.97114596501637,33.322504702044625,33.612266540527344,506300
08-07-2026,33.2325780837993,33.24257197405962,31.084352875664653,32.113502502441406,929200
09-07-2026,32.30335100733691,33.39244882068039,32.30335100733691,33.21260070800781,595400
10-07-2026,33.19261415097061,33.90202790149619,32.98278438135615,33.23257827758789,409000
13-07-2026,33.00277041539465,33.36247425832308,31.903678727826755,32.273372650146484,430800
14-07-2026,32.55314179454577,32.98278378162393,32.293354012719206,32.912841796875,428400
15-07-2026,32.71301188884849,33.682209660627834,32.71301188884849,33.3824577331543,341300
16-07-2026,33.302523196169574,34.79129264394665,33.302523196169574,33.96197891235352,391200
17-07-2026,33.542323219468244,34.031920920589144,32.97279345561365,33.032745361328125,448200
20-07-2026,33.17263215959072,33.17263215959072,31.993604594160768,32.02357864379883,429100
21-07-2026,32.12349637971711,32.45322233867977,31.504006682383693,32.423248291015625,331500
22-07-2026,32.7929441483975,33.60227778768594,32.623086119409386,32.70301818847656,285400
23-07-2026,32.033571262667145,32.64306517990289,31.933651415253745,32.623085021972656,312300
24-07-2026,32.79294424466796,33.33250000577756,32.633076294511696,32.95281219482422,227600
27-07-2026,33.252564409099975,33.74216215463596,33.2225903592997,33.70219421386719,222700
28-07-2026,34.01193849636088,34.91119425359596,34.01193849636088,34.421600341796875,302100
29-07-2026,33.97197062455538,33.99195459407377,33.17263090158222,33.492366790771484,284000
30-07-2026,33.9719725833864,34.09187259585773,33.38245878903612,33.77213668823242,354800
31-07-2026,33.652234438271364,34.33167414968831,33.32250466145766,34.23175430297852,265100
03-08-2026,34.63142712048539,35.47073480062424,34.63142712048539,34.93117904663086,384300
04-08-2026,35.18097048502844,35.490716280190334,34.54149873770916,34.58146667480469,674700
05-08-2026,34.731342042764,35.360823735531,34.221764165844704,35.160987854003906,330800
06-08-2026,35.16098995684903,35.4807258617936,34.83126397242922,35.07106399536133,365900
07-08-2026,37.71887856172068,40.466611437077816,36.45991899409465,38.2584342956543,1184200
10-08-2026,37.9686728812278,39.47742636337246,37.26924919742101,37.4590950012207,556500
11-08-2026,37.67891072955591,38.69807029267582,37.29922674820817,38.50822830200195,519900
12-08-2026,38.51821776410945,39.01780555303838,37.11937424203988,38.498233795166016,547500
13-08-2026,38.73803846489099,39.14770030838136,38.5481964730719,38.69807052612305,619600
14-08-2026,38.58815902463967,38.62812696177564,37.62895140269033,37.92870330810547,436300
17-08-2026,37.91871433390795,38.27841815550271,37.50905249521445,38.00864028930664,440300
18-08-2026,37.898729369025055,38.90789500949391,37.51904158825606,38.488243103027344,394800
19-08-2026,39.25761216238626,39.4874221042606,38.80798235804402,39.2875862121582,472000
20-08-2026,38.48824320955942,39.377508852292415,38.26842336562909,39.04778289794922,482300
21-08-2026,39.41747965877557,39.597331578436496,38.51822006047093,38.90789794921875,314900
24-08-2026,39.05777275005759,39.60731854514487,38.16850711248052,38.23844909667969,320500
25-08-2026,38.51822067013716,38.95786039695697,38.288410727278006,38.91789245605469,412200
26-08-2026,39.10773436391642,39.10773436391642,37.93870068198225,38.66809844970703,412800
27-08-2026,38.428294462204846,39.40748613870928,37.68890661802211,37.8587646484375,358100
28-08-2026,37.85876131033845,38.608142979384105,37.379157499535495,38.54819488525391,488400
31-08-2026,38.50822833794043,38.56817643423423,37.47907488345213,37.88873672485352,601800
01-09-2026,37.63894351182279,38.06858933033308,36.62977781978505,36.96949768066406,788900
02-09-2026,36.96949608519912,37.47907394874993,36.71970219273156,36.819618225097656,573700
03-09-2026,37.14935027379023,37.529038080889634,36.18014869180724,36.36000061035156,451600
04-09-2026,36.36000061035156,37.290000915527344,36.040000915527344,37.2400016784668,721600
08-09-2026,37.02000045776367,37.02000045776367,35.349998474121094,35.43000030517578,702300
09-09-2026,35.150001525878906,35.380001068115234,34.41999816894531,34.5099983215332,619300
10-09-2026,33.939998626708984,34.310001373291016,33.65999984741211,33.849998474121094,406400
11-09-2026,34.36000061035156,34.619998931884766,33.93000030517578,34.130001068115234,350600
14-09-2026,34.2400016784668,34.66999816894531,34.119998931884766,34.43000030517578,477700
15-09-2026,34.400001525878906,34.560001373291016,33.84000015258789,34.369998931884766,434700
16-09-2026,34.560001373291016,34.880001068115234,34.2599983215332,34.65999984741211,301800
17-09-2026,35.29,35.39,34.33,34.38,361800
18-09-2026,34.04,34.31,33.67,34.26,1936900
21-09-2026,34.29,34.38,33.65,34.24,343200
22-09-2026,34.88,35.73,34.5,35.23,408600
23-09-2026,34.84,35.29,34.34,34.94,253500
24-09-2026,34.99,35.35,34.48,35.19,431400
25-09-2026,35.16,35.74,34.91,35.2,329100
28-09-2026,35.05,35.55,34.85,35.17,303600
29-09-2026,35.14,35.49,34.58,34.94,260600
30-09-2026,35.21,35.21,34.73,34.73,22763
