Date,Open,High,Low,Close,Volume
30-09-2021,32.060001373291016,33.95000076293945,31.5,33.09000015258789,304200
01-10-2021,32.72999954223633,33.33000183105469,31.049999237060547,32.68000030517578,289400
04-10-2021,32.58000183105469,32.58000183105469,29.110000610351562,29.3700008392334,311700
05-10-2021,29.270000457763672,31.34000015258789,28.899999618530273,31.0,242000
06-10-2021,30.329999923706055,31.360000610351562,29.510000228881836,30.709999084472656,239500
07-10-2021,30.989999771118164,31.809999465942383,30.450000762939453,30.549999237060547,205300
08-10-2021,30.270000457763672,30.270000457763672,27.139999389648438,27.399999618530273,264600
11-10-2021,27.399999618530273,27.799999237060547,26.389999389648438,26.75,205300
12-10-2021,26.989999771118164,28.530000686645508,26.93000030517578,28.15999984741211,230700
13-10-2021,28.239999771118164,28.600000381469727,27.690000534057617,27.979999542236328,92300
14-10-2021,28.579999923706055,29.027999877929688,27.81999969482422,27.889999389648438,149200
15-10-2021,28.299999237060547,28.299999237060547,25.6299991607666,26.549999237060547,404100
18-10-2021,26.979999542236328,26.979999542236328,26.020000457763672,26.329999923706055,162000
19-10-2021,26.579999923706055,27.834999084472656,26.360000610351562,27.06999969482422,157800
20-10-2021,27.229999542236328,27.65999984741211,26.670000076293945,26.899999618530273,130800
21-10-2021,27.020000457763672,28.440000534057617,26.850000381469727,28.219999313354492,213100
22-10-2021,27.860000610351562,28.030000686645508,26.899999618530273,27.440000534057617,140200
25-10-2021,27.09000015258789,27.75,26.77199935913086,27.030000686645508,136700
26-10-2021,27.1299991607666,27.575000762939453,26.649999618530273,26.920000076293945,141900
27-10-2021,26.979999542236328,27.325000762939453,26.43000030517578,26.600000381469727,113300
28-10-2021,26.6299991607666,27.3700008392334,26.430999755859375,27.06999969482422,74800
29-10-2021,27.364999771118164,28.100000381469727,26.860000610351562,27.43000030517578,121200
01-11-2021,27.479999542236328,28.636999130249023,27.479999542236328,28.31999969482422,128200
02-11-2021,28.190000534057617,28.489999771118164,27.139999389648438,27.6200008392334,141700
03-11-2021,27.809999465942383,29.219999313354492,27.48900032043457,29.139999389648438,105400
04-11-2021,29.600000381469727,31.219999313354492,29.141000747680664,31.100000381469727,213600
05-11-2021,30.760000228881836,31.969999313354492,30.329999923706055,31.489999771118164,263400
08-11-2021,31.579999923706055,32.790000915527344,31.219999313354492,32.04999923706055,240900
09-11-2021,31.920000076293945,31.920000076293945,30.06999969482422,31.09000015258789,189000
10-11-2021,28.290000915527344,31.100000381469727,26.360000610351562,28.190000534057617,829700
11-11-2021,28.639999389648438,29.0,26.725000381469727,26.969999313354492,268200
12-11-2021,27.200000762939453,27.489999771118164,26.165000915527344,26.81999969482422,119900
15-11-2021,26.920000076293945,26.920000076293945,25.575000762939453,25.729999542236328,198200
16-11-2021,25.520000457763672,25.520000457763672,24.479999542236328,24.739999771118164,306000
17-11-2021,24.739999771118164,24.739999771118164,23.520000457763672,23.8700008392334,299200
18-11-2021,24.0,24.3799991607666,22.399999618530273,23.0,390800
19-11-2021,22.860000610351562,23.3700008392334,22.399999618530273,22.790000915527344,279500
22-11-2021,23.1299991607666,23.260000228881836,21.8799991607666,21.989999771118164,250200
23-11-2021,21.68000030517578,22.0,20.979999542236328,21.969999313354492,307000
24-11-2021,21.75,23.110000610351562,21.58099937438965,23.100000381469727,152100
26-11-2021,22.43000030517578,22.6299991607666,21.81999969482422,21.90999984741211,125600
29-11-2021,22.3799991607666,22.809999465942383,21.600000381469727,21.799999237060547,322700
30-11-2021,21.950000762939453,22.329999923706055,21.1200008392334,22.040000915527344,223900
01-12-2021,23.190000534057617,24.549999237060547,22.530000686645508,22.540000915527344,465900
02-12-2021,22.559999465942383,23.610000610351562,22.110000610351562,22.600000381469727,202300
03-12-2021,22.40999984741211,22.610000610351562,21.270000457763672,21.649999618530273,247300
06-12-2021,21.5,22.100000381469727,20.600000381469727,22.049999237060547,154600
07-12-2021,22.530000686645508,24.114999771118164,22.4689998626709,23.579999923706055,161300
08-12-2021,23.600000381469727,24.34000015258789,22.618000030517578,23.700000762939453,129800
09-12-2021,23.139999389648438,23.889999389648438,22.50200080871582,22.75,149000
10-12-2021,23.0,23.5,22.065000534057617,22.190000534057617,97600
13-12-2021,22.459999084472656,22.510000228881836,21.329999923706055,21.639999389648438,241500
14-12-2021,21.219999313354492,21.770000457763672,20.350000381469727,21.040000915527344,185000
15-12-2021,21.030000686645508,21.829999923706055,20.097999572753906,21.829999923706055,184300
16-12-2021,21.93000030517578,22.110000610351562,20.25,20.469999313354492,206300
17-12-2021,20.3799991607666,21.5,19.31999969482422,20.670000076293945,500100
20-12-2021,20.219999313354492,20.399999618530273,19.59000015258789,20.1299991607666,177100
21-12-2021,20.8799991607666,21.020000457763672,20.170000076293945,20.979999542236328,159000
22-12-2021,21.079999923706055,21.709999084472656,20.440000534057617,20.889999389648438,155600
23-12-2021,20.860000610351562,21.31999969482422,20.3799991607666,21.020000457763672,86200
27-12-2021,21.1299991607666,21.325000762939453,20.600000381469727,20.639999389648438,155400
28-12-2021,20.360000610351562,20.690000534057617,19.65999984741211,19.719999313354492,126100
29-12-2021,19.510000228881836,20.049999237060547,19.0,19.860000610351562,172600
30-12-2021,20.06999969482422,20.541000366210938,19.360000610351562,19.450000762939453,162900
31-12-2021,19.479999542236328,20.360000610351562,19.079999923706055,19.15999984741211,140100
03-01-2022,19.209999084472656,20.485000610351562,18.93000030517578,20.350000381469727,134900
04-01-2022,20.450000762939453,20.450000762939453,19.350000381469727,20.100000381469727,108400
05-01-2022,19.899999618530273,20.010000228881836,18.65999984741211,18.780000686645508,185600
06-01-2022,18.90999984741211,19.040000915527344,17.950000762939453,18.3799991607666,156700
07-01-2022,18.18000030517578,18.649999618530273,17.25,17.3799991607666,169600
10-01-2022,17.610000610351562,17.610000610351562,16.530000686645508,17.190000534057617,192200
11-01-2022,17.239999771118164,17.889999389648438,17.069000244140625,17.559999465942383,136900
12-01-2022,17.809999465942383,18.280000686645508,16.850000381469727,16.899999618530273,128400
13-01-2022,16.684999465942383,17.149999618530273,16.459999084472656,16.530000686645508,139900
14-01-2022,15.890000343322754,16.989999771118164,15.880000114440918,16.510000228881836,177500
18-01-2022,15.850000381469727,16.329999923706055,15.270000457763672,15.319999694824219,155500
19-01-2022,15.539999961853027,15.835000038146973,14.890000343322754,14.960000038146973,102100
20-01-2022,15.34000015258789,16.09000015258789,14.807999610900879,14.850000381469727,115600
21-01-2022,14.720000267028809,15.130000114440918,14.229999542236328,14.630000114440918,249900
24-01-2022,14.199999809265137,15.460000038146973,13.673999786376953,15.359999656677246,260600
25-01-2022,14.989999771118164,16.0,14.774999618530273,15.369999885559082,162600
26-01-2022,15.970000267028809,16.329999923706055,15.246000289916992,15.479999542236328,231300
27-01-2022,15.420000076293945,15.574000358581543,14.399999618530273,14.420000076293945,182300
28-01-2022,14.220000267028809,14.489999771118164,13.364999771118164,14.430000305175781,163500
31-01-2022,14.470000267028809,15.979999542236328,14.470000267028809,15.869999885559082,157600
01-02-2022,15.760000228881836,16.25,15.319999694824219,15.75,151900
02-02-2022,15.739999771118164,15.75,15.010000228881836,15.350000381469727,118600
03-02-2022,15.170000076293945,15.210000038146973,14.319999694824219,14.520000457763672,146300
04-02-2022,14.5,15.21500015258789,14.229999542236328,14.970000267028809,80400
07-02-2022,14.930000305175781,15.734999656677246,14.779999732971191,15.039999961853027,90800
08-02-2022,15.210000038146973,15.550000190734863,14.729999542236328,15.539999961853027,71300
09-02-2022,15.699999809265137,16.31999969482422,15.399999618530273,16.18000030517578,124000
10-02-2022,15.529999732971191,17.139999389648438,15.5,15.789999961853027,163900
11-02-2022,15.84000015258789,16.101999282836914,14.949999809265137,15.010000228881836,89000
14-02-2022,14.819999694824219,15.199999809265137,14.710000038146973,14.869999885559082,149900
15-02-2022,15.279999732971191,16.520000457763672,15.079999923706055,15.609999656677246,112000
16-02-2022,15.510000228881836,15.899999618530273,14.949999809265137,15.850000381469727,72000
17-02-2022,15.600000381469727,15.800000190734863,14.920000076293945,14.989999771118164,95000
18-02-2022,15.15999984741211,15.1899995803833,14.279999732971191,14.369999885559082,248700
22-02-2022,14.260000228881836,14.512999534606934,13.239999771118164,13.279999732971191,331000
23-02-2022,13.510000228881836,14.470000267028809,12.5600004196167,12.579999923706055,408700
24-02-2022,10.210000038146973,16.360000610351562,10.0,16.360000610351562,715900
25-02-2022,16.350000381469727,17.34000015258789,16.040000915527344,17.06999969482422,318300
28-02-2022,16.8700008392334,18.71500015258789,16.8700008392334,18.520000457763672,363000
01-03-2022,18.479999542236328,19.18000030517578,18.06999969482422,18.290000915527344,203100
02-03-2022,18.329999923706055,19.31999969482422,17.670000076293945,19.260000228881836,232800
03-03-2022,19.389999389648438,19.389999389648438,18.559999465942383,18.829999923706055,200900
04-03-2022,18.6299991607666,19.15999984741211,18.1299991607666,18.540000915527344,198200
07-03-2022,18.709999084472656,18.799999237060547,18.030000686645508,18.299999237060547,204500
08-03-2022,18.219999313354492,18.3439998626709,16.15999984741211,16.18000030517578,215900
09-03-2022,16.670000076293945,18.459999084472656,16.389999389648438,18.399999618530273,250900
10-03-2022,17.93000030517578,18.280000686645508,17.3799991607666,18.25,211700
11-03-2022,18.030000686645508,19.030000686645508,17.770000457763672,17.8700008392334,217500
14-03-2022,17.81999969482422,18.040000915527344,16.959999084472656,17.040000915527344,230500
15-03-2022,17.34000015258789,17.8700008392334,16.700000762939453,17.760000228881836,153200
16-03-2022,18.09000015258789,19.219999313354492,18.040000915527344,19.219999313354492,208600
17-03-2022,19.59000015258789,22.200000762939453,19.469999313354492,22.170000076293945,363400
18-03-2022,21.6200008392334,24.420000076293945,21.6200008392334,24.360000610351562,826800
21-03-2022,23.959999084472656,24.34000015258789,22.510000228881836,23.139999389648438,525500
22-03-2022,23.360000610351562,25.100000381469727,23.049999237060547,24.290000915527344,297400
23-03-2022,23.799999237060547,24.540000915527344,23.540000915527344,24.350000381469727,249600
24-03-2022,24.600000381469727,24.739999771118164,23.510000228881836,24.729999542236328,176300
25-03-2022,24.81999969482422,24.850000381469727,23.860000610351562,24.229999542236328,232400
28-03-2022,24.229999542236328,25.079999923706055,23.899999618530273,25.030000686645508,193500
29-03-2022,25.510000228881836,26.56999969482422,25.350000381469727,25.729999542236328,321400
30-03-2022,25.690000534057617,26.34000015258789,25.270000457763672,25.850000381469727,116600
31-03-2022,25.65999984741211,27.229999542236328,25.295000076293945,26.940000534057617,180700
01-04-2022,27.100000381469727,27.940000534057617,26.170000076293945,27.5,170000
04-04-2022,27.81999969482422,28.242000579833984,27.100000381469727,27.59000015258789,129500
05-04-2022,27.600000381469727,27.610000610351562,26.729999542236328,27.25,82000
06-04-2022,26.739999771118164,27.440000534057617,25.809999465942383,27.200000762939453,112300
07-04-2022,26.959999084472656,27.667999267578125,26.85300064086914,27.229999542236328,108600
08-04-2022,27.020000457763672,27.59000015258789,26.559999465942383,27.139999389648438,106500
11-04-2022,26.739999771118164,27.64900016784668,25.110000610351562,25.549999237060547,149700
12-04-2022,26.100000381469727,26.440000534057617,23.1299991607666,23.549999237060547,244000
13-04-2022,23.5,25.200000762939453,22.979999542236328,24.780000686645508,151300
14-04-2022,24.68000030517578,24.81999969482422,23.341999053955078,23.479999542236328,128200
18-04-2022,23.34000015258789,23.854999542236328,22.18000030517578,22.479999542236328,135400
19-04-2022,22.530000686645508,23.3700008392334,22.270000457763672,22.6299991607666,169700
20-04-2022,23.010000228881836,23.450000762939453,22.670000076293945,22.90999984741211,129300
21-04-2022,23.3700008392334,23.3700008392334,21.520000457763672,22.049999237060547,171500
22-04-2022,21.760000228881836,22.139999389648438,20.360000610351562,21.34000015258789,343800
25-04-2022,21.290000915527344,22.825000762939453,21.290000915527344,22.510000228881836,160000
26-04-2022,22.139999389648438,22.139999389648438,20.780000686645508,20.84000015258789,128500
27-04-2022,20.809999465942383,21.299999237060547,20.450000762939453,20.559999465942383,138300
28-04-2022,21.1299991607666,22.329999923706055,21.0,21.899999618530273,351300
29-04-2022,21.6200008392334,22.235000610351562,20.729999542236328,20.959999084472656,285200
02-05-2022,21.059999465942383,22.15999984741211,20.600000381469727,22.0,424500
03-05-2022,22.059999465942383,22.280000686645508,21.07900047302246,21.8700008392334,273000
04-05-2022,25.399999618530273,30.8700008392334,25.110000610351562,30.690000534057617,2371900
05-05-2022,30.0,31.200000762939453,27.610000610351562,28.6299991607666,877000
06-05-2022,28.520000457763672,29.649999618530273,27.350000381469727,27.59000015258789,523200
09-05-2022,26.34000015258789,27.708999633789062,26.049999237060547,27.049999237060547,588000
10-05-2022,27.739999771118164,28.059999465942383,25.170000076293945,25.18000030517578,475200
11-05-2022,25.5,25.510000228881836,24.309999465942383,24.690000534057617,382800
12-05-2022,24.280000686645508,25.93000030517578,23.959999084472656,25.56999969482422,200500
13-05-2022,25.5,29.350000381469727,25.5,29.209999084472656,227800
16-05-2022,28.959999084472656,30.530000686645508,27.209999084472656,27.549999237060547,290700
17-05-2022,28.31999969482422,29.229999542236328,27.610000610351562,28.200000762939453,223200
18-05-2022,27.450000762939453,28.68000030517578,26.763999938964844,27.329999923706055,154900
19-05-2022,27.290000915527344,28.280000686645508,27.1200008392334,27.68000030517578,177500
20-05-2022,28.31999969482422,29.09000015258789,26.469999313354492,28.399999618530273,215200
23-05-2022,28.6200008392334,29.079999923706055,26.899999618530273,28.010000228881836,139700
24-05-2022,27.65999984741211,29.18000030517578,26.768999099731445,28.329999923706055,161300
25-05-2022,26.93000030517578,27.190000534057617,24.520000457763672,27.049999237060547,478400
26-05-2022,27.290000915527344,28.209999084472656,26.610000610351562,28.1299991607666,161900
27-05-2022,28.299999237060547,30.100000381469727,27.649999618530273,29.889999389648438,219800
31-05-2022,29.809999465942383,31.100000381469727,28.420000076293945,29.170000076293945,310900
01-06-2022,29.219999313354492,29.8700008392334,26.950000762939453,28.1200008392334,216700
02-06-2022,28.18000030517578,29.309999465942383,28.04800033569336,28.5,234200
03-06-2022,28.06999969482422,28.399999618530273,26.670000076293945,28.329999923706055,163300
06-06-2022,28.690000534057617,30.270000457763672,27.049999237060547,27.540000915527344,184600
07-06-2022,27.15999984741211,28.25,27.030000686645508,28.079999923706055,169500
08-06-2022,27.829999923706055,28.31999969482422,27.165000915527344,27.860000610351562,123700
09-06-2022,27.729999542236328,28.016000747680664,26.690000534057617,27.100000381469727,105200
10-06-2022,26.299999237060547,27.010000228881836,25.649999618530273,25.969999313354492,141900
13-06-2022,24.729999542236328,25.790000915527344,24.010000228881836,25.729999542236328,312600
14-06-2022,25.729999542236328,27.530000686645508,24.309999465942383,27.290000915527344,280200
15-06-2022,27.559999465942383,28.670000076293945,26.729999542236328,28.200000762939453,196200
16-06-2022,27.450000762939453,27.459999084472656,25.59000015258789,25.920000076293945,194900
17-06-2022,25.940000534057617,27.350000381469727,25.43000030517578,26.209999084472656,225600
21-06-2022,26.670000076293945,28.450000762939453,26.655000686645508,28.209999084472656,121900
22-06-2022,28.010000228881836,30.190000534057617,27.5,28.979999542236328,232200
23-06-2022,29.399999618530273,31.93000030517578,29.21500015258789,31.899999618530273,306100
24-06-2022,32.5,32.709999084472656,30.110000610351562,31.299999237060547,393500
27-06-2022,31.75,32.779998779296875,30.809999465942383,32.150001525878906,243100
28-06-2022,32.72999954223633,34.209999084472656,31.260000228881836,31.290000915527344,310300
29-06-2022,31.540000915527344,32.915000915527344,31.084999084472656,31.5,200100
30-06-2022,30.770000457763672,31.739999771118164,30.0,31.450000762939453,384900
01-07-2022,31.3799991607666,32.09000015258789,30.530000686645508,31.969999313354492,142100
05-07-2022,31.200000762939453,35.279998779296875,31.020000457763672,35.15999984741211,429200
06-07-2022,35.15999984741211,35.380001068115234,33.064998626708984,33.380001068115234,240000
07-07-2022,33.5,35.0,33.09000015258789,34.619998931884766,393800
08-07-2022,34.27000045776367,35.31999969482422,33.380001068115234,33.5,288300
11-07-2022,33.29999923706055,33.849998474121094,32.34000015258789,32.95000076293945,232200
12-07-2022,32.9900016784668,33.7599983215332,32.0,32.75,288700
13-07-2022,31.950000762939453,32.650001525878906,31.399999618530273,31.559999465942383,252900
14-07-2022,31.3700008392334,33.369998931884766,30.68000030517578,33.20500183105469,288700
15-07-2022,33.970001220703125,34.388999938964844,32.29999923706055,33.400001525878906,226000
18-07-2022,33.93000030517578,34.2400016784668,31.920000076293945,32.209999084472656,121400
19-07-2022,32.7599983215332,34.34000015258789,32.650001525878906,33.369998931884766,195000
20-07-2022,33.650001525878906,35.290000915527344,33.57500076293945,35.0,249500
21-07-2022,35.099998474121094,35.21500015258789,33.619998931884766,35.209999084472656,201800
22-07-2022,35.31999969482422,35.349998474121094,33.220001220703125,34.709999084472656,292800
25-07-2022,34.709999084472656,35.17399978637695,33.5,34.45000076293945,124100
26-07-2022,35.0,36.630001068115234,34.279998779296875,36.060001373291016,563600
27-07-2022,36.4900016784668,38.65999984741211,36.0,38.439998626708984,392800
28-07-2022,38.43000030517578,39.7400016784668,37.099998474121094,39.09000015258789,540500
29-07-2022,38.9900016784668,40.47999954223633,38.19200134277344,40.380001068115234,497700
01-08-2022,39.599998474121094,42.0,39.349998474121094,41.58000183105469,795900
02-08-2022,40.709999084472656,40.959999084472656,35.599998474121094,37.279998779296875,1224500
03-08-2022,37.279998779296875,39.720001220703125,36.58000183105469,39.369998931884766,323200
04-08-2022,37.0,41.75,35.560001373291016,41.209999084472656,848500
05-08-2022,42.20000076293945,48.900001525878906,42.20000076293945,48.779998779296875,2397200
08-08-2022,48.91999816894531,49.27000045776367,44.474998474121094,46.04999923706055,694300
09-08-2022,46.189998626708984,46.189998626708984,43.09000015258789,43.91999816894531,599200
10-08-2022,45.0,47.25,42.959999084472656,46.029998779296875,661900
11-08-2022,46.540000915527344,48.93000030517578,46.22999954223633,46.939998626708984,342500
12-08-2022,47.18000030517578,48.4900016784668,46.439998626708984,47.0,313400
15-08-2022,46.91999816894531,48.7599983215332,46.38999938964844,47.599998474121094,271500
16-08-2022,47.0099983215332,47.23500061035156,43.27000045776367,44.04999923706055,618100
17-08-2022,43.63999938964844,44.52000045776367,43.0099983215332,43.5099983215332,386300
18-08-2022,43.529998779296875,47.0,42.52000045776367,46.459999084472656,460400
19-08-2022,45.720001220703125,46.16999816894531,44.099998474121094,45.58000183105469,239400
22-08-2022,44.900001525878906,48.77000045776367,44.43000030517578,47.060001373291016,385700
23-08-2022,47.02000045776367,50.36000061035156,46.58000183105469,49.72999954223633,687900
24-08-2022,50.2400016784668,53.72999954223633,49.05799865722656,52.59000015258789,521700
25-08-2022,53.29999923706055,53.79600143432617,51.400001525878906,53.209999084472656,644800
26-08-2022,53.0,53.650001525878906,51.7599983215332,52.27000045776367,742600
29-08-2022,50.84000015258789,53.5,50.18000030517578,53.22999954223633,440200
30-08-2022,53.68000030517578,54.97999954223633,49.63999938964844,51.43000030517578,473400
31-08-2022,51.869998931884766,53.40999984741211,50.529998779296875,52.029998779296875,591100
01-09-2022,51.83000183105469,52.13999938964844,49.5099983215332,51.90999984741211,452600
02-09-2022,52.65999984741211,54.38999938964844,50.91999816894531,51.75,295600
06-09-2022,51.84000015258789,52.900001525878906,50.09000015258789,51.0,392000
07-09-2022,51.20000076293945,55.099998474121094,51.0,54.2400016784668,560400
08-09-2022,54.189998626708984,56.0,53.5099983215332,54.439998626708984,442500
09-09-2022,54.45000076293945,54.79999923706055,52.59000015258789,53.38999938964844,344900
12-09-2022,53.77000045776367,56.40999984741211,52.93199920654297,55.75,451200
13-09-2022,54.20000076293945,55.900001525878906,52.52000045776367,52.68000030517578,432200
14-09-2022,52.88999938964844,53.83000183105469,52.09000015258789,52.38999938964844,244800
15-09-2022,52.04999923706055,56.06999969482422,51.630001068115234,52.439998626708984,354200
16-09-2022,51.13999938964844,51.25699996948242,48.694000244140625,49.97999954223633,1026600
19-09-2022,48.939998626708984,50.51499938964844,47.439998626708984,50.45000076293945,308400
20-09-2022,50.09000015258789,52.209999084472656,47.43000030517578,47.54999923706055,397200
21-09-2022,47.79999923706055,48.36000061035156,45.790000915527344,45.959999084472656,314200
22-09-2022,45.560001373291016,45.560001373291016,41.93000030517578,42.81999969482422,702300
23-09-2022,42.2599983215332,42.61000061035156,40.83000183105469,41.68000030517578,459100
26-09-2022,41.220001220703125,41.40999984741211,39.36000061035156,39.83000183105469,677700
27-09-2022,40.63999938964844,41.75,39.16999816894531,40.08000183105469,281100
28-09-2022,40.619998931884766,43.72999954223633,40.17499923706055,42.52000045776367,414800
29-09-2022,41.27000045776367,43.11000061035156,40.79999923706055,42.439998626708984,349700
30-09-2022,42.7400016784668,44.16999816894531,41.72999954223633,41.7400016784668,412900
03-10-2022,41.7400016784668,43.42499923706055,41.40999984741211,42.22999954223633,409800
04-10-2022,43.869998931884766,45.439998626708984,43.7400016784668,44.86000061035156,477900
05-10-2022,43.90999984741211,44.79499816894531,42.45000076293945,44.09000015258789,204000
06-10-2022,44.20000076293945,44.47999954223633,41.97999954223633,42.79999923706055,261400
07-10-2022,41.97999954223633,42.5,41.18899917602539,41.2599983215332,292600
10-10-2022,41.400001525878906,41.96500015258789,39.619998931884766,40.2599983215332,187000
11-10-2022,40.2400016784668,42.150001525878906,38.86000061035156,41.939998626708984,293200
12-10-2022,42.16999816894531,42.81999969482422,40.470001220703125,41.540000915527344,214200
13-10-2022,40.70000076293945,42.97999954223633,40.38999938964844,40.970001220703125,240600
14-10-2022,41.31999969482422,41.650001525878906,39.0099983215332,39.08000183105469,215400
17-10-2022,40.040000915527344,41.66999816894531,39.529998779296875,40.65999984741211,222800
18-10-2022,41.970001220703125,42.880001068115234,41.369998931884766,42.279998779296875,172400
19-10-2022,41.779998779296875,42.62900161743164,40.45000076293945,42.18000030517578,246800
20-10-2022,42.040000915527344,44.52000045776367,41.90999984741211,43.209999084472656,305500
21-10-2022,43.56999969482422,46.630001068115234,43.0099983215332,46.52000045776367,395800
24-10-2022,47.02000045776367,47.02000045776367,44.54999923706055,45.75,196900
25-10-2022,46.18000030517578,49.349998474121094,45.75,47.5099983215332,276800
26-10-2022,47.75,50.38999938964844,46.81999969482422,47.220001220703125,312000
27-10-2022,47.45000076293945,48.560001373291016,46.54999923706055,48.0,202300
28-10-2022,47.95000076293945,49.77000045776367,47.52000045776367,48.65999984741211,264700
31-10-2022,48.290000915527344,48.97999954223633,47.380001068115234,48.220001220703125,257800
01-11-2022,49.119998931884766,50.619998931884766,48.20899963378906,48.29999923706055,299500
02-11-2022,48.290000915527344,49.45000076293945,46.189998626708984,46.36000061035156,554400
03-11-2022,45.459999084472656,46.52000045776367,43.9900016784668,45.130001068115234,419900
04-11-2022,56.45000076293945,58.900001525878906,53.441001892089844,55.959999084472656,1651000
07-11-2022,56.689998626708984,60.5099983215332,56.65999984741211,57.880001068115234,909500
08-11-2022,57.9900016784668,57.9900016784668,53.45000076293945,54.5,387800
09-11-2022,54.15999984741211,55.61000061035156,51.88999938964844,51.91999816894531,384100
10-11-2022,54.77000045776367,58.8849983215332,54.209999084472656,56.209999084472656,613900
11-11-2022,56.529998779296875,60.27000045776367,55.68000030517578,56.2599983215332,649500
14-11-2022,55.529998779296875,58.290000915527344,54.77199935913086,57.540000915527344,283200
15-11-2022,58.599998474121094,60.90999984741211,56.900001525878906,57.529998779296875,427200
16-11-2022,56.279998779296875,57.599998474121094,55.0,57.290000915527344,292600
17-11-2022,56.209999084472656,56.779998779296875,54.22999954223633,55.0,198200
18-11-2022,57.029998779296875,57.875,55.34000015258789,57.0099983215332,251900
21-11-2022,57.0,57.97999954223633,55.470001220703125,57.720001220703125,225200
22-11-2022,58.040000915527344,58.5,55.58000183105469,57.650001525878906,267800
23-11-2022,57.790000915527344,60.689998626708984,57.41999816894531,59.84000015258789,577300
25-11-2022,59.75,61.29999923706055,58.0,59.25,258400
28-11-2022,59.040000915527344,60.61000061035156,57.630001068115234,58.38999938964844,359400
29-11-2022,58.349998474121094,59.0,57.15999984741211,58.16999816894531,238300
30-11-2022,58.7400016784668,63.65999984741211,58.7400016784668,61.869998931884766,773300
01-12-2022,62.45000076293945,62.45000076293945,59.7599983215332,61.7599983215332,491900
02-12-2022,60.27000045776367,64.36000061035156,59.56100082397461,64.29000091552734,294600
05-12-2022,64.0,64.28900146484375,61.33000183105469,61.900001525878906,295000
06-12-2022,61.790000915527344,62.27000045776367,57.790000915527344,59.75,414100
07-12-2022,59.63999938964844,61.0,58.66999816894531,60.29999923706055,187600
08-12-2022,60.959999084472656,62.72999954223633,59.82500076293945,60.029998779296875,201200
09-12-2022,59.45000076293945,60.959999084472656,57.83000183105469,58.79999923706055,369100
12-12-2022,59.0099983215332,59.619998931884766,57.68000030517578,59.52000045776367,495000
13-12-2022,63.0,64.05999755859375,60.77000045776367,61.130001068115234,292100
14-12-2022,60.79999923706055,62.939998626708984,60.599998474121094,61.15999984741211,262800
15-12-2022,59.880001068115234,60.63999938964844,57.790000915527344,59.43000030517578,248700
16-12-2022,58.720001220703125,60.29999923706055,58.099998474121094,59.27000045776367,451800
19-12-2022,59.27000045776367,59.27000045776367,54.72999954223633,55.43000030517578,400500
20-12-2022,54.68000030517578,58.689998626708984,54.04999923706055,57.939998626708984,180900
21-12-2022,58.119998931884766,59.86000061035156,57.68000030517578,59.54999923706055,360600
22-12-2022,59.0,60.5099983215332,57.7400016784668,60.29999923706055,185700
23-12-2022,60.400001525878906,61.165000915527344,58.75,59.4900016784668,208200
27-12-2022,59.650001525878906,60.209999084472656,58.060001373291016,58.7599983215332,158300
28-12-2022,58.79999923706055,59.7599983215332,57.810001373291016,58.83000183105469,151400
29-12-2022,59.40999984741211,60.93000030517578,59.33000183105469,60.380001068115234,198600
30-12-2022,59.470001220703125,61.810001373291016,58.88999938964844,61.720001220703125,195600
03-01-2023,62.33000183105469,63.029998779296875,55.2400016784668,57.11000061035156,390700
04-01-2023,57.220001220703125,57.869998931884766,53.70000076293945,54.04999923706055,398500
05-01-2023,53.54999923706055,56.970001220703125,53.40999984741211,54.630001068115234,236600
06-01-2023,55.29999923706055,57.279998779296875,53.93000030517578,55.630001068115234,218100
09-01-2023,56.560001373291016,56.564998626708984,53.33000183105469,53.630001068115234,216400
10-01-2023,53.95000076293945,56.84000015258789,53.70000076293945,56.189998626708984,210700
11-01-2023,56.29999923706055,58.84000015258789,55.5,57.79999923706055,265400
12-01-2023,58.38999938964844,59.849998474121094,56.83000183105469,59.619998931884766,272600
13-01-2023,59.290000915527344,61.34000015258789,58.36000061035156,60.900001525878906,286700
17-01-2023,60.119998931884766,64.87000274658203,60.119998931884766,64.48999786376953,352800
18-01-2023,64.79000091552734,65.47000122070312,61.5099983215332,62.619998931884766,426600
19-01-2023,61.970001220703125,64.10099792480469,59.79999923706055,61.189998626708984,304900
20-01-2023,62.45000076293945,65.68000030517578,61.900001525878906,64.33000183105469,537600
23-01-2023,64.3499984741211,67.0,63.720001220703125,66.05999755859375,572300
24-01-2023,65.80999755859375,68.43000030517578,65.0199966430664,67.43000030517578,389400
25-01-2023,66.5999984741211,67.86000061035156,65.83999633789062,66.97000122070312,250700
26-01-2023,67.69000244140625,68.83999633789062,64.8499984741211,66.12999725341797,329100
27-01-2023,66.12999725341797,69.08999633789062,66.0199966430664,69.06999969482422,305400
30-01-2023,68.55000305175781,68.94000244140625,61.869998931884766,61.970001220703125,514500
31-01-2023,62.02000045776367,64.02999877929688,60.66999816894531,63.02000045776367,315800
01-02-2023,62.63999938964844,66.06999969482422,61.29999923706055,65.33999633789062,511000
02-02-2023,66.47000122070312,68.26000213623047,65.80000305175781,67.87000274658203,279500
03-02-2023,66.4000015258789,70.1989974975586,66.01499938964844,69.36000061035156,297200
06-02-2023,69.0,70.5,65.9800033569336,66.08000183105469,280500
07-02-2023,66.27999877929688,68.12999725341797,65.27999877929688,67.8499984741211,347000
08-02-2023,67.26000213623047,69.63999938964844,65.08999633789062,65.19000244140625,250900
09-02-2023,65.51000213623047,66.80999755859375,63.97999954223633,64.3499984741211,326200
10-02-2023,63.959999084472656,64.5,62.849998474121094,63.68000030517578,435700
13-02-2023,64.18000030517578,68.94999694824219,64.18000030517578,68.05000305175781,431800
14-02-2023,68.05000305175781,70.56999969482422,66.19999694824219,67.93000030517578,499100
15-02-2023,67.19000244140625,68.37999725341797,66.26399993896484,67.33999633789062,290900
16-02-2023,66.38999938964844,67.70999908447266,65.1520004272461,65.8499984741211,255400
17-02-2023,65.66999816894531,66.58000183105469,63.779998779296875,66.0999984741211,309400
21-02-2023,65.87999725341797,66.5199966430664,64.28800201416016,64.73999786376953,606100
22-02-2023,64.7699966430664,66.33000183105469,63.04999923706055,64.54000091552734,706600
23-02-2023,74.9000015258789,78.38999938964844,69.5,77.80000305175781,2209600
24-02-2023,77.30999755859375,79.6500015258789,76.05000305175781,78.61000061035156,737100
27-02-2023,79.13999938964844,79.73999786376953,74.58000183105469,77.95999908447266,921200
28-02-2023,78.0,81.69000244140625,77.83000183105469,80.06999969482422,786400
01-03-2023,79.51000213623047,81.5999984741211,78.66999816894531,81.33999633789062,374400
02-03-2023,79.44999694824219,81.9800033569336,79.0,80.05000305175781,400600
03-03-2023,80.08000183105469,82.52999877929688,80.0,82.33000183105469,420400
06-03-2023,82.5199966430664,82.5999984741211,79.9000015258789,80.94000244140625,407700
07-03-2023,81.20999908447266,81.4229965209961,79.77999877929688,80.16000366210938,591400
08-03-2023,80.16000366210938,82.42500305175781,79.0,82.19000244140625,442200
09-03-2023,82.69000244140625,83.4800033569336,76.36000061035156,77.2699966430664,836500
10-03-2023,77.05000305175781,77.91000366210938,70.80999755859375,71.5199966430664,803300
13-03-2023,70.51000213623047,75.44000244140625,70.0,73.01000213623047,595300
14-03-2023,75.66999816894531,77.7300033569336,74.70999908447266,75.91000366210938,553700
15-03-2023,74.16000366210938,76.11000061035156,73.5,74.7300033569336,368500
16-03-2023,74.0,77.0199966430664,73.22000122070312,76.0999984741211,344000
17-03-2023,75.5999984741211,76.73999786376953,73.16000366210938,73.29499816894531,530400
20-03-2023,73.91999816894531,76.30000305175781,73.30000305175781,75.04000091552734,276500
21-03-2023,76.80500030517578,77.0,74.38400268554688,75.58999633789062,335800
22-03-2023,75.79000091552734,77.6500015258789,74.2300033569336,74.30999755859375,366100
23-03-2023,74.83000183105469,77.05000305175781,72.36000061035156,73.80999755859375,326600
24-03-2023,73.25,75.26000213623047,72.44999694824219,74.70999908447266,261800
27-03-2023,75.5,77.08999633789062,74.52400207519531,75.87000274658203,210500
28-03-2023,75.73999786376953,76.62999725341797,74.19000244140625,74.69000244140625,228100
29-03-2023,75.5,75.98999786376953,73.5,73.62000274658203,224300
30-03-2023,74.72000122070312,75.19999694824219,73.0,73.7699966430664,255300
31-03-2023,74.3499984741211,78.9000015258789,74.04499816894531,75.7300033569336,544500
03-04-2023,75.4000015258789,76.12999725341797,73.37999725341797,75.18000030517578,524100
04-04-2023,75.5999984741211,78.43499755859375,74.51000213623047,77.22000122070312,397600
05-04-2023,76.68000030517578,77.29000091552734,70.56999969482422,72.5199966430664,670600
06-04-2023,72.0,73.76499938964844,71.13999938964844,73.1500015258789,389800
10-04-2023,72.5,73.18000030517578,71.33000183105469,72.7300033569336,434300
11-04-2023,73.0,74.2300033569336,71.3499984741211,71.36000061035156,339100
12-04-2023,72.43000030517578,72.54000091552734,69.91000366210938,70.08000183105469,424900
13-04-2023,70.72000122070312,71.11499786376953,69.7300033569336,70.2699966430664,327100
14-04-2023,69.93000030517578,70.12000274658203,66.01000213623047,66.2300033569336,625900
17-04-2023,67.0,70.43000030517578,66.0,69.63999938964844,636300
18-04-2023,69.98999786376953,71.33999633789062,68.44000244140625,71.19000244140625,371300
19-04-2023,70.7300033569336,72.97000122070312,68.6500015258789,72.62000274658203,395000
20-04-2023,72.16000366210938,79.37999725341797,71.91999816894531,79.05000305175781,811500
21-04-2023,80.75499725341797,90.1500015258789,80.4000015258789,88.7300033569336,2077100
24-04-2023,89.36000061035156,89.5,83.4000015258789,86.0199966430664,772500
25-04-2023,85.91999816894531,86.80999755859375,82.125,83.11000061035156,511500
26-04-2023,83.27999877929688,83.98999786376953,79.5999984741211,80.27999877929688,496200
27-04-2023,80.72000122070312,80.87000274658203,78.0,78.5999984741211,392500
28-04-2023,77.79000091552734,80.5999984741211,77.12999725341797,79.0999984741211,460000
01-05-2023,79.05000305175781,81.81999969482422,77.04000091552734,77.8499984741211,913500
02-05-2023,78.58000183105469,80.94000244140625,73.55999755859375,73.81999969482422,1124200
03-05-2023,74.11000061035156,75.44000244140625,71.50499725341797,73.0199966430664,719500
04-05-2023,72.58999633789062,73.7300033569336,71.68000030517578,73.38999938964844,276900
05-05-2023,74.41999816894531,77.27999877929688,73.94000244140625,74.0199966430664,464100
08-05-2023,70.0,71.94999694824219,68.12999725341797,70.94000244140625,2551700
09-05-2023,71.0999984741211,76.86000061035156,70.6500015258789,75.45999908447266,2805200
10-05-2023,77.0,78.5,74.5999984741211,78.2750015258789,1017800
11-05-2023,78.01000213623047,79.5,75.51000213623047,77.06999969482422,598500
12-05-2023,77.06999969482422,77.49500274658203,75.08000183105469,75.68000030517578,554900
15-05-2023,75.69999694824219,76.25,73.20999908447266,74.95999908447266,607100
16-05-2023,74.27999877929688,75.88999938964844,74.0,74.86000061035156,465200
17-05-2023,74.98999786376953,75.58999633789062,73.25499725341797,75.36000061035156,394100
18-05-2023,75.31999969482422,75.5,71.25,73.4800033569336,475200
19-05-2023,74.33000183105469,75.04000091552734,71.63500213623047,72.44000244140625,585400
22-05-2023,72.44000244140625,74.9000015258789,72.0199966430664,74.43000030517578,445300
23-05-2023,74.58000183105469,75.64399719238281,70.7300033569336,71.38999938964844,604400
24-05-2023,71.0,71.72000122070312,69.37999725341797,71.5999984741211,590700
25-05-2023,72.12000274658203,72.12000274658203,69.87999725341797,71.33000183105469,415700
26-05-2023,71.5199966430664,72.41000366210938,70.55999755859375,70.68000030517578,310600
30-05-2023,71.45999908447266,72.56999969482422,70.26000213623047,72.33000183105469,338200
31-05-2023,72.2300033569336,74.7699966430664,71.625,72.66000366210938,736100
01-06-2023,72.36000061035156,72.47000122070312,70.87000274658203,72.2300033569336,296100
02-06-2023,73.37000274658203,74.81999969482422,72.55999755859375,74.08999633789062,360300
05-06-2023,73.87999725341797,75.31500244140625,73.3499984741211,74.76000213623047,260200
06-06-2023,74.47000122070312,80.17500305175781,74.47000122070312,79.4000015258789,1129500
07-06-2023,80.0,80.9800033569336,77.70500183105469,79.33999633789062,525200
08-06-2023,79.69999694824219,80.3499984741211,77.0999984741211,80.01000213623047,1280800
09-06-2023,80.38999938964844,82.19999694824219,78.52999877929688,79.3499984741211,1601100
12-06-2023,79.72000122070312,82.02999877929688,79.50499725341797,81.95999908447266,612500
13-06-2023,82.5,84.4800033569336,81.86000061035156,83.91999816894531,297200
14-06-2023,84.33000183105469,85.51000213623047,81.36000061035156,81.76000213623047,422400
15-06-2023,80.80999755859375,81.45999908447266,79.54000091552734,79.63999938964844,488800
16-06-2023,80.8499984741211,81.13500213623047,77.80999755859375,78.62999725341797,458700
20-06-2023,78.0,80.66000366210938,77.66000366210938,80.3499984741211,378400
21-06-2023,80.01000213623047,81.44999694824219,78.0,81.2300033569336,442100
22-06-2023,80.88999938964844,83.33000183105469,80.83999633789062,81.27999877929688,315100
23-06-2023,80.0,81.5999984741211,79.5,80.06999969482422,488700
26-06-2023,79.6500015258789,82.19000244140625,79.01000213623047,79.98999786376953,306800
27-06-2023,80.0,82.73999786376953,79.53500366210938,81.5999984741211,431100
28-06-2023,81.72000122070312,85.87000274658203,80.97000122070312,85.87000274658203,566600
29-06-2023,85.87000274658203,87.9800033569336,84.1510009765625,84.58999633789062,446800
30-06-2023,85.4000015258789,86.9219970703125,83.26000213623047,83.9800033569336,502800
03-07-2023,84.70999908447266,84.70999908447266,81.31999969482422,82.62000274658203,166100
05-07-2023,82.62999725341797,84.0199966430664,80.62999725341797,81.81999969482422,505700
06-07-2023,80.76000213623047,82.46499633789062,80.04000091552734,81.66999816894531,298800
07-07-2023,81.7699966430664,83.37999725341797,81.05999755859375,81.54000091552734,260400
10-07-2023,81.31999969482422,86.48999786376953,81.23999786376953,86.44999694824219,358100
11-07-2023,86.83999633789062,87.87999725341797,85.41999816894531,86.7699966430664,534000
12-07-2023,88.0199966430664,89.58499908447266,86.7699966430664,88.7699966430664,467400
13-07-2023,89.55000305175781,91.1050033569336,88.125,90.16000366210938,646800
14-07-2023,90.0,92.94000244140625,89.01000213623047,91.51000213623047,497400
17-07-2023,91.04000091552734,94.88999938964844,90.62000274658203,94.04000091552734,515300
18-07-2023,93.44000244140625,96.28500366210938,93.29000091552734,96.06999969482422,396000
19-07-2023,98.72000122070312,99.62999725341797,92.02999877929688,92.11000061035156,667700
20-07-2023,91.83999633789062,93.78800201416016,89.77999877929688,90.31999969482422,450500
21-07-2023,91.27999877929688,93.16000366210938,90.25,90.61000061035156,316800
24-07-2023,90.61000061035156,91.95999908447266,88.69999694824219,91.69999694824219,352900
25-07-2023,91.0999984741211,93.41000366210938,90.80000305175781,90.93000030517578,305900
26-07-2023,91.0,92.69999694824219,90.47000122070312,91.44000244140625,152200
27-07-2023,92.20999908447266,92.62000274658203,89.12999725341797,89.5199966430664,295300
28-07-2023,90.23999786376953,92.0999984741211,89.27999877929688,91.30000305175781,296600
31-07-2023,91.56999969482422,93.52999877929688,90.5,93.18000030517578,263800
01-08-2023,92.83000183105469,94.19000244140625,91.0,93.87999725341797,441200
02-08-2023,92.37000274658203,92.76000213623047,87.8499984741211,88.05999755859375,833100
03-08-2023,87.25,89.0199966430664,86.11000061035156,87.52999877929688,809400
04-08-2023,76.5,82.40299987792969,75.0,80.26000213623047,2620000
07-08-2023,80.51000213623047,81.12999725341797,68.37000274658203,68.51000213623047,2350500
08-08-2023,68.87999725341797,68.87999725341797,65.31999969482422,66.30999755859375,1645900
09-08-2023,67.80999755859375,67.88999938964844,63.650001525878906,64.70999908447266,1070200
10-08-2023,65.01000213623047,66.61000061035156,64.48999786376953,64.54000091552734,1121500
11-08-2023,63.77000045776367,65.5999984741211,62.689998626708984,64.5999984741211,917000
14-08-2023,64.01000213623047,65.7300033569336,61.20000076293945,62.599998474121094,1399600
15-08-2023,62.720001220703125,63.45000076293945,60.60900115966797,62.9900016784668,975200
16-08-2023,62.650001525878906,63.93000030517578,61.52000045776367,63.45000076293945,589200
17-08-2023,63.81999969482422,64.0,62.70000076293945,63.0,636800
18-08-2023,62.2400016784668,66.2699966430664,62.0099983215332,65.41999816894531,797600
21-08-2023,65.5999984741211,67.19000244140625,64.69000244140625,65.30000305175781,553500
22-08-2023,65.87999725341797,66.4800033569336,64.62999725341797,65.63999938964844,433800
23-08-2023,65.95999908447266,66.6050033569336,65.26499938964844,65.54000091552734,434500
24-08-2023,65.37000274658203,65.58999633789062,61.31999969482422,62.349998474121094,897600
25-08-2023,62.22999954223633,62.900001525878906,60.70000076293945,62.5099983215332,673400
28-08-2023,62.61000061035156,63.56999969482422,60.849998474121094,61.08000183105469,586200
29-08-2023,60.81999969482422,64.56500244140625,60.209999084472656,64.2699966430664,663100
30-08-2023,64.68000030517578,65.45999908447266,63.970001220703125,65.3499984741211,520400
31-08-2023,67.54000091552734,69.29000091552734,65.58000183105469,65.62999725341797,920900
01-09-2023,65.62999725341797,69.37999725341797,65.62999725341797,69.12000274658203,540200
05-09-2023,68.80999755859375,69.91000366210938,63.83000183105469,64.0999984741211,769400
06-09-2023,64.23999786376953,65.4000015258789,63.560001373291016,64.98999786376953,497800
07-09-2023,64.41000366210938,64.41000366210938,62.86000061035156,63.18000030517578,455300
08-09-2023,63.38999938964844,63.38999938964844,58.150001525878906,58.56999969482422,865300
11-09-2023,59.220001220703125,60.52000045776367,57.70000076293945,59.529998779296875,1690500
12-09-2023,58.869998931884766,59.619998931884766,56.54999923706055,57.68000030517578,857900
13-09-2023,57.9900016784668,60.02000045776367,57.78300094604492,59.0,872000
14-09-2023,59.25,60.189998626708984,58.11000061035156,59.130001068115234,626800
15-09-2023,59.27000045776367,59.65999984741211,57.87699890136719,59.540000915527344,883300
18-09-2023,59.47999954223633,59.52000045776367,57.814998626708984,58.93000030517578,651000
19-09-2023,58.900001525878906,59.33000183105469,58.130001068115234,58.529998779296875,653100
20-09-2023,58.95000076293945,59.6150016784668,57.310001373291016,57.470001220703125,395100
21-09-2023,56.5,58.58000183105469,56.09000015258789,57.060001373291016,589500
22-09-2023,57.2599983215332,57.970001220703125,54.709999084472656,55.369998931884766,598900
25-09-2023,54.79999923706055,55.025001525878906,53.0,53.470001220703125,584300
26-09-2023,53.2599983215332,54.97999954223633,53.099998474121094,54.869998931884766,813300
27-09-2023,55.209999084472656,57.13999938964844,55.209999084472656,56.90999984741211,454100
28-09-2023,57.220001220703125,58.590999603271484,56.709999084472656,56.77000045776367,671200
29-09-2023,57.16999816894531,57.762001037597656,54.150001525878906,54.75,581600
02-10-2023,54.220001220703125,54.9900016784668,52.27000045776367,52.779998779296875,1490400
03-10-2023,52.08000183105469,53.18000030517578,51.599998474121094,51.66999816894531,971000
04-10-2023,51.68000030517578,52.91999816894531,50.93000030517578,52.52000045776367,520100
05-10-2023,52.689998626708984,53.0,50.34000015258789,51.040000915527344,574200
06-10-2023,50.380001068115234,52.400001525878906,50.11000061035156,51.83000183105469,618400
09-10-2023,51.33000183105469,51.33000183105469,47.36000061035156,48.04999923706055,1145100
10-10-2023,48.36000061035156,52.69499969482422,48.36000061035156,52.09000015258789,1062800
11-10-2023,51.779998779296875,51.875,44.47999954223633,45.130001068115234,1714600
12-10-2023,45.459999084472656,45.77000045776367,43.58000183105469,44.150001525878906,1107700
13-10-2023,43.619998931884766,44.21699905395508,41.400001525878906,42.75,1228200
16-10-2023,43.150001525878906,44.09000015258789,42.119998931884766,43.81999969482422,554000
17-10-2023,43.220001220703125,45.13999938964844,43.0099983215332,43.45000076293945,776300
18-10-2023,43.16999816894531,43.209999084472656,41.56999969482422,42.189998626708984,647400
19-10-2023,42.09000015258789,42.619998931884766,40.779998779296875,41.13999938964844,527300
20-10-2023,41.310001373291016,42.1609992980957,40.60200119018555,41.369998931884766,644900
23-10-2023,41.029998779296875,42.58000183105469,40.65999984741211,41.310001373291016,731500
24-10-2023,42.16999816894531,42.709999084472656,41.66999816894531,41.70000076293945,323700
25-10-2023,40.869998931884766,41.064998626708984,39.560001373291016,39.86000061035156,645100
26-10-2023,39.88999938964844,40.04999923706055,37.810001373291016,38.36000061035156,581800
27-10-2023,38.5,39.599998474121094,37.625999450683594,37.970001220703125,433500
30-10-2023,38.529998779296875,38.86000061035156,36.689998626708984,36.7400016784668,362300
31-10-2023,36.9900016784668,38.0,36.7599983215332,37.47999954223633,394000
01-11-2023,37.189998626708984,38.09000015258789,36.41999816894531,38.04999923706055,440600
02-11-2023,38.9900016784668,40.869998931884766,38.130001068115234,39.59000015258789,924000
03-11-2023,40.72999954223633,43.65999984741211,40.72999954223633,42.619998931884766,1872600
06-11-2023,43.02000045776367,43.36199951171875,40.0099983215332,40.189998626708984,1510600
07-11-2023,57.0,68.46499633789062,56.810001373291016,60.7599983215332,8551100
08-11-2023,60.81999969482422,62.900001525878906,58.880001068115234,61.209999084472656,1778800
09-11-2023,61.720001220703125,65.66000366210938,57.41999816894531,58.2599983215332,1789600
10-11-2023,58.5,59.36000061035156,55.290000915527344,57.369998931884766,1078100
13-11-2023,58.470001220703125,61.529998779296875,56.83000183105469,59.650001525878906,777900
14-11-2023,61.97999954223633,66.41999816894531,61.97999954223633,64.80999755859375,1022400
15-11-2023,64.86000061035156,67.5,64.80999755859375,65.58999633789062,804500
16-11-2023,65.30999755859375,67.5,63.85499954223633,66.75,513200
17-11-2023,67.4000015258789,69.30999755859375,66.76000213623047,68.69999694824219,717600
20-11-2023,68.7300033569336,70.37000274658203,67.49500274658203,69.83999633789062,547700
21-11-2023,69.66000366210938,70.83999633789062,66.76000213623047,67.88999938964844,578300
22-11-2023,69.41999816894531,70.27999877929688,68.3499984741211,68.94999694824219,385200
24-11-2023,67.80999755859375,71.3499984741211,67.80999755859375,70.33999633789062,167700
27-11-2023,69.79000091552734,70.85399627685547,69.05000305175781,70.30000305175781,378300
28-11-2023,69.7300033569336,70.89399719238281,67.76899719238281,70.30000305175781,449900
29-11-2023,71.44999694824219,75.37999725341797,71.44999694824219,72.8499984741211,692200
30-11-2023,73.5,76.41500091552734,72.11000061035156,75.68000030517578,785900
01-12-2023,74.3499984741211,75.41000366210938,73.05999755859375,74.66000366210938,493800
04-12-2023,74.97000122070312,75.56999969482422,73.55000305175781,74.70999908447266,436800
05-12-2023,75.08000183105469,75.17500305175781,71.61000061035156,73.22000122070312,453200
06-12-2023,74.02999877929688,75.9000015258789,73.69100189208984,73.94000244140625,368600
07-12-2023,73.94000244140625,75.2750015258789,72.79000091552734,75.11000061035156,669400
08-12-2023,74.8499984741211,76.01000213623047,72.16999816894531,72.9000015258789,579100
11-12-2023,72.5199966430664,72.7300033569336,68.83999633789062,71.93000030517578,584100
12-12-2023,72.43000030517578,73.75,71.11000061035156,73.19000244140625,248400
13-12-2023,73.4800033569336,76.77999877929688,71.4800033569336,76.48999786376953,376800
14-12-2023,79.36000061035156,81.94499969482422,78.71499633789062,79.0,730400
15-12-2023,79.44000244140625,80.06999969482422,77.30000305175781,77.5,646800
18-12-2023,77.66999816894531,77.70999908447266,75.17500305175781,76.87000274658203,335600
19-12-2023,77.94000244140625,79.61000061035156,76.9000015258789,78.2300033569336,420600
20-12-2023,77.75,79.98999786376953,76.83000183105469,77.2300033569336,408400
21-12-2023,79.20999908447266,80.87999725341797,78.68499755859375,78.80999755859375,416200
22-12-2023,79.55999755859375,80.54000091552734,77.8499984741211,78.58999633789062,372200
26-12-2023,78.8499984741211,82.3949966430664,78.74600219726562,80.69000244140625,328700
27-12-2023,80.80999755859375,81.79000091552734,79.94999694824219,80.54000091552734,221200
28-12-2023,80.41000366210938,81.16000366210938,79.88999938964844,81.08000183105469,194800
29-12-2023,81.04000091552734,82.0,78.31999969482422,78.93000030517578,321400
02-01-2024,77.06999969482422,79.5,76.04000091552734,76.80000305175781,337700
03-01-2024,75.87999725341797,77.38899993896484,73.83000183105469,74.87000274658203,920200
04-01-2024,74.73999786376953,77.62000274658203,74.69000244140625,75.08000183105469,422100
05-01-2024,74.91000366210938,75.2699966430664,73.19000244140625,73.88999938964844,538900
08-01-2024,74.19999694824219,79.33000183105469,73.5,79.29000091552734,474400
09-01-2024,78.51000213623047,86.66999816894531,77.80999755859375,85.69000244140625,1088900
10-01-2024,85.69999694824219,87.13999938964844,81.96399688720703,83.80000305175781,679800
11-01-2024,83.62999725341797,83.9000015258789,81.22000122070312,82.58000183105469,302300
12-01-2024,83.62999725341797,85.19000244140625,81.16000366210938,81.44999694824219,438100
16-01-2024,80.6500015258789,82.06999969482422,78.76000213623047,79.29000091552734,341600
17-01-2024,77.26000213623047,78.75,75.66000366210938,78.66000366210938,328200
18-01-2024,79.91000366210938,80.66000366210938,78.41999816894531,80.2699966430664,284600
19-01-2024,80.6500015258789,82.2699966430664,79.19000244140625,82.18000030517578,491200
22-01-2024,82.18000030517578,88.37000274658203,82.18000030517578,88.11000061035156,567100
23-01-2024,89.44000244140625,90.27999877929688,84.88999938964844,84.93000030517578,444500
24-01-2024,85.7699966430664,85.7699966430664,82.4800033569336,83.8499984741211,289200
25-01-2024,85.88999938964844,86.97000122070312,84.5999984741211,85.58000183105469,449900
26-01-2024,86.30000305175781,87.66000366210938,85.73999786376953,86.44999694824219,310800
29-01-2024,85.4800033569336,89.61499786376953,85.1449966430664,88.68000030517578,379300
30-01-2024,87.66000366210938,88.47000122070312,86.58499908447266,87.08999633789062,205300
31-01-2024,86.66000366210938,88.61000061035156,85.45999908447266,85.7699966430664,481700
01-02-2024,85.44999694824219,88.80999755859375,83.64399719238281,88.54000091552734,372500
02-02-2024,86.52999877929688,88.31999969482422,83.93499755859375,88.19999694824219,378500
05-02-2024,87.13999938964844,87.58000183105469,85.4800033569336,86.55999755859375,351200
06-02-2024,86.51000213623047,87.83999633789062,85.51000213623047,86.68000030517578,386300
07-02-2024,87.63999938964844,90.62999725341797,86.0,88.16000366210938,398900
08-02-2024,87.79000091552734,89.33999633789062,85.23999786376953,89.19999694824219,300800
09-02-2024,89.9800033569336,90.08000183105469,88.4000015258789,88.66000366210938,297300
12-02-2024,88.36000061035156,89.32499694824219,85.90499877929688,87.98999786376953,465400
13-02-2024,85.0,87.88999938964844,82.83999633789062,85.51000213623047,333000
14-02-2024,87.05000305175781,90.19999694824219,86.79000091552734,89.43000030517578,373400
15-02-2024,90.0,90.11299896240234,87.08999633789062,89.45999908447266,541400
16-02-2024,88.76000213623047,90.06999969482422,87.39600372314453,89.93000030517578,473900
20-02-2024,88.4800033569336,90.91999816894531,88.16000366210938,88.61000061035156,497400
21-02-2024,87.73999786376953,88.05799865722656,85.47000122070312,86.98999786376953,439900
22-02-2024,86.98999786376953,88.2699966430664,84.61499786376953,84.80999755859375,784300
23-02-2024,85.0,86.61000061035156,83.0,83.13999938964844,636700
26-02-2024,82.0,82.01000213623047,72.08000183105469,77.73999786376953,2794300
27-02-2024,90.45500183105469,92.62999725341797,82.95500183105469,88.70999908447266,2900400
28-02-2024,88.43000030517578,88.43000030517578,81.37999725341797,82.0,1373600
29-02-2024,84.5,85.2300033569336,78.08999633789062,81.5999984741211,1295300
01-03-2024,82.87000274658203,85.97000122070312,81.01000213623047,82.72000122070312,908700
04-03-2024,82.80000305175781,87.31999969482422,81.12999725341797,86.9800033569336,987300
05-03-2024,86.62000274658203,87.18800354003906,82.4000015258789,82.4000015258789,505200
06-03-2024,83.81999969482422,86.0,83.5,84.0199966430664,354100
07-03-2024,85.0,87.88999938964844,84.30999755859375,86.75,373800
08-03-2024,87.62999725341797,90.20999908447266,83.69999694824219,83.75,721500
11-03-2024,83.8499984741211,83.927001953125,80.88999938964844,82.02999877929688,594100
12-03-2024,82.1500015258789,85.7300033569336,81.69999694824219,84.69999694824219,548500
13-03-2024,83.9800033569336,86.69999694824219,82.25,82.36000061035156,371400
14-03-2024,82.2699966430664,82.44000244140625,78.55999755859375,78.81999969482422,797100
15-03-2024,77.4000015258789,77.8499984741211,74.80999755859375,75.94000244140625,916600
18-03-2024,76.88999938964844,77.1500015258789,73.88999938964844,74.16000366210938,852000
19-03-2024,73.06999969482422,74.80000305175781,72.45999908447266,73.58000183105469,573900
20-03-2024,73.97000122070312,75.63999938964844,72.80999755859375,74.7750015258789,467800
21-03-2024,75.4000015258789,77.93399810791016,72.91000366210938,73.9800033569336,638500
22-03-2024,73.11000061035156,73.30500030517578,69.81999969482422,70.86000061035156,993200
25-03-2024,70.88999938964844,71.69000244140625,69.43000030517578,71.06999969482422,708600
26-03-2024,72.2699966430664,75.04000091552734,71.08000183105469,74.48999786376953,813400
27-03-2024,75.5,77.22000122070312,73.875,74.12000274658203,596000
28-03-2024,76.08000183105469,78.79000091552734,73.88999938964844,73.94000244140625,877700
01-04-2024,74.01000213623047,74.69999694824219,72.02999877929688,73.43000030517578,503600
02-04-2024,72.0999984741211,72.79000091552734,70.33999633789062,72.62000274658203,551800
03-04-2024,72.12999725341797,80.43499755859375,72.07099914550781,75.3499984741211,1130100
04-04-2024,75.1500015258789,84.08499908447266,75.1500015258789,77.19999694824219,1318700
05-04-2024,76.9000015258789,85.27799987792969,76.43000030517578,85.04000091552734,1118400
08-04-2024,85.16999816894531,90.02999877929688,83.19000244140625,89.93000030517578,1033700
09-04-2024,91.29000091552734,93.73999786376953,89.30999755859375,93.23500061035156,1243100
10-04-2024,90.48999786376953,97.77999877929688,89.50499725341797,95.6500015258789,1392900
11-04-2024,95.6500015258789,96.09400177001953,92.9000015258789,93.94999694824219,672800
12-04-2024,93.55000305175781,94.06999969482422,90.75,91.81999969482422,680300
15-04-2024,92.2699966430664,94.18000030517578,90.52999877929688,91.81999969482422,720300
16-04-2024,92.0,95.0,90.08999633789062,93.30999755859375,849000
17-04-2024,93.97000122070312,95.69999694824219,86.0,87.86000061035156,998300
18-04-2024,88.80000305175781,90.1500015258789,85.83999633789062,87.23999786376953,692300
19-04-2024,86.68000030517578,88.75,82.87000274658203,84.16000366210938,961300
22-04-2024,84.01000213623047,86.72000122070312,83.125,86.51000213623047,600600
23-04-2024,86.55000305175781,90.69999694824219,86.30000305175781,90.5999984741211,591200
24-04-2024,90.68000030517578,90.97000122070312,86.58499908447266,88.87999725341797,537900
25-04-2024,87.76000213623047,89.5,86.4000015258789,89.25,444300
26-04-2024,90.0,92.89900207519531,89.98999786376953,92.08000183105469,635600
29-04-2024,92.5,97.52999877929688,91.0,97.25,1259500
30-04-2024,96.0,97.80000305175781,93.0,94.12999725341797,1241500
01-05-2024,110.0,124.18000030517578,105.45999908447266,117.5999984741211,4941000
02-05-2024,117.77999877929688,124.5199966430664,116.0,124.44000244140625,1399800
03-05-2024,125.0,129.66000366210938,123.6500015258789,127.98999786376953,1543100
06-05-2024,128.0,132.85000610351562,125.6500015258789,132.64999389648438,1076800
07-05-2024,132.4499969482422,132.9600067138672,125.86000061035156,127.27999877929688,917300
08-05-2024,126.19999694824219,127.9800033569336,123.62000274658203,127.22000122070312,637500
09-05-2024,127.5999984741211,131.89500427246094,125.12999725341797,128.77000427246094,1098500
10-05-2024,130.25999450683594,131.5800018310547,128.56500244140625,129.97999572753906,729100
13-05-2024,129.97000122070312,132.5,128.14999389648438,132.0399932861328,645200
14-05-2024,132.24000549316406,137.22000122070312,128.2899932861328,132.44000244140625,1305500
15-05-2024,134.66000366210938,137.58999633789062,133.03900146484375,136.13999938964844,737600
16-05-2024,136.0399932861328,136.0399932861328,133.60000610351562,134.92999267578125,822300
17-05-2024,135.3300018310547,139.92999267578125,134.50999450683594,137.97999572753906,827200
20-05-2024,138.0,140.26300048828125,136.35000610351562,138.6199951171875,427700
21-05-2024,138.36000061035156,140.91000366210938,136.75999450683594,138.4199981689453,833100
22-05-2024,139.2899932861328,142.3000030517578,135.5,136.97000122070312,733300
23-05-2024,137.63999938964844,141.2100067138672,136.0800018310547,137.52999877929688,666700
24-05-2024,137.91000366210938,142.78199768066406,137.25,140.2899932861328,584900
28-05-2024,141.49000549316406,143.4550018310547,137.17999267578125,142.86000061035156,719000
29-05-2024,141.5399932861328,142.72999572753906,139.97999572753906,142.3000030517578,534900
30-05-2024,143.33999633789062,144.22500610351562,134.0,136.4199981689453,973000
31-05-2024,139.00999450683594,141.0500030517578,132.32000732421875,136.39999389648438,793900
03-06-2024,135.92999267578125,136.36500549316406,128.63999938964844,133.6300048828125,919500
04-06-2024,135.74000549316406,136.33999633789062,131.97999572753906,134.47999572753906,535000
05-06-2024,136.22999572753906,139.97999572753906,134.6699981689453,135.08999633789062,782600
06-06-2024,135.2100067138672,139.9600067138672,133.00999450683594,133.02000427246094,501500
07-06-2024,136.36000061035156,140.38600158691406,134.18099975585938,137.17999267578125,671300
10-06-2024,135.2100067138672,145.9199981689453,135.0,144.6699981689453,884100
11-06-2024,143.1199951171875,146.1199951171875,137.80999755859375,139.02999877929688,690700
12-06-2024,143.10000610351562,143.77000427246094,135.2899932861328,141.8800048828125,795900
13-06-2024,142.27000427246094,145.75,140.02000427246094,143.39999389648438,520500
14-06-2024,141.61000061035156,144.72999572753906,139.77699279785156,142.00999450683594,565200
17-06-2024,141.3000030517578,149.10000610351562,141.0,143.0749969482422,923100
18-06-2024,141.24000549316406,148.44200134277344,141.0,145.9600067138672,724200
20-06-2024,147.50999450683594,148.35000610351562,138.0,144.0,972600
21-06-2024,143.74000549316406,143.77000427246094,136.50999450683594,139.0399932861328,1129800
24-06-2024,138.05999755859375,141.30999755859375,136.1999969482422,140.50999450683594,522100
25-06-2024,141.0,146.8699951171875,138.4600067138672,145.97999572753906,732100
26-06-2024,145.22999572753906,147.68299865722656,142.8800048828125,144.66000366210938,452700
27-06-2024,144.5,148.47999572753906,143.4199981689453,147.82000732421875,466200
28-06-2024,148.0500030517578,152.32000732421875,146.25,150.6199951171875,1357600
01-07-2024,150.91000366210938,154.13999938964844,148.8800048828125,150.19000244140625,604000
02-07-2024,148.6300048828125,150.9510040283203,147.0,148.97000122070312,545400
03-07-2024,148.5,150.77499389648438,147.89500427246094,149.52999877929688,317600
05-07-2024,150.50999450683594,152.47000122070312,149.1699981689453,152.35000610351562,364900
08-07-2024,153.1999969482422,154.75,148.61000061035156,149.1999969482422,533700
09-07-2024,150.49000549316406,151.9600067138672,145.2100067138672,147.77999877929688,593700
10-07-2024,148.3000030517578,148.3000030517578,137.3300018310547,138.52999877929688,817500
11-07-2024,140.0500030517578,144.3300018310547,134.1699981689453,143.92999267578125,762200
12-07-2024,143.69000244140625,147.3699951171875,141.47999572753906,142.19000244140625,591400
15-07-2024,144.30999755859375,148.0,142.86000061035156,144.35000610351562,660600
16-07-2024,145.85000610351562,151.8300018310547,144.4600067138672,151.80999755859375,618600
17-07-2024,148.50999450683594,153.52000427246094,146.38999938964844,149.22999572753906,571400
18-07-2024,149.02999877929688,154.0,141.19500732421875,144.39999389648438,640500
19-07-2024,144.67999267578125,148.42999267578125,143.47999572753906,147.1999969482422,295800
22-07-2024,148.41000366210938,150.0,145.1699981689453,149.1699981689453,417400
23-07-2024,148.6300048828125,155.74000549316406,147.4499969482422,155.3800048828125,532400
24-07-2024,153.52999877929688,156.0500030517578,148.77999877929688,149.19000244140625,548100
25-07-2024,148.94000244140625,150.82000732421875,143.2899932861328,145.99000549316406,470500
26-07-2024,149.47000122070312,149.47000122070312,137.7100067138672,140.49000549316406,784100
29-07-2024,142.22000122070312,142.41000366210938,137.77999877929688,139.0,641300
30-07-2024,139.91000366210938,143.1199951171875,136.01100158691406,138.42999267578125,680000
31-07-2024,140.60000610351562,143.3300018310547,137.24000549316406,142.25999450683594,1126300
01-08-2024,164.83999633789062,171.97999572753906,150.67999267578125,151.50999450683594,3003000
02-08-2024,147.39999389648438,154.1999969482422,146.33999633789062,150.10000610351562,1151800
05-08-2024,139.14999389648438,157.0399932861328,137.57000732421875,148.4499969482422,1121700
06-08-2024,151.80999755859375,162.7550048828125,147.1699981689453,156.10000610351562,1232600
07-08-2024,157.24000549316406,157.3800048828125,145.6300048828125,145.85000610351562,1312600
08-08-2024,148.47999572753906,161.97000122070312,148.38999938964844,161.85000610351562,1006500
09-08-2024,161.85000610351562,166.72000122070312,160.44000244140625,162.88999938964844,743300
12-08-2024,163.5,167.0,159.6300048828125,163.02999877929688,841400
13-08-2024,164.24000549316406,167.88999938964844,160.67999267578125,161.99000549316406,561600
14-08-2024,162.8800048828125,166.02000427246094,160.8249969482422,163.0800018310547,387400
15-08-2024,165.0,172.30999755859375,164.35000610351562,169.9499969482422,772500
16-08-2024,169.3000030517578,173.41000366210938,168.42999267578125,170.27999877929688,1334500
19-08-2024,171.16000366210938,175.7310028076172,166.4600067138672,167.06500244140625,571500
20-08-2024,163.39999389648438,168.0050048828125,162.60000610351562,166.17999267578125,700600
21-08-2024,169.25999450683594,173.5850067138672,168.0,172.9499969482422,728800
22-08-2024,173.8000030517578,176.0050048828125,171.17999267578125,173.33999633789062,570100
23-08-2024,173.6300048828125,177.3699951171875,173.0,175.66000366210938,520500
26-08-2024,176.00999450683594,176.5800018310547,169.0,170.1699981689453,687200
27-08-2024,168.99000549316406,177.0,167.08999633789062,176.11000061035156,612100
28-08-2024,175.19000244140625,176.32000732421875,168.39999389648438,169.0,554500
29-08-2024,169.89999389648438,172.77999877929688,165.8800048828125,166.64999389648438,368800
30-08-2024,167.7899932861328,170.42999267578125,166.47000122070312,168.05999755859375,528100
03-09-2024,166.7899932861328,166.7899932861328,156.3800048828125,159.3800048828125,785300
04-09-2024,158.22999572753906,160.9600067138672,150.24000549316406,150.97999572753906,1046700
05-09-2024,150.0,150.60000610351562,140.00999450683594,143.38499450683594,1658700
06-09-2024,141.6999969482422,144.0,135.94900512695312,139.8800048828125,1542600
09-09-2024,141.6300048828125,142.0800018310547,137.27999877929688,139.30999755859375,930000
10-09-2024,139.25,140.6300048828125,133.36000061035156,135.67999267578125,689400
11-09-2024,135.77999877929688,145.2100067138672,134.86599731445312,143.80999755859375,1053700
12-09-2024,143.42999267578125,152.99000549316406,143.42999267578125,149.13999938964844,1052000
13-09-2024,150.00999450683594,155.3699951171875,149.27999877929688,151.4199981689453,725400
16-09-2024,151.39999389648438,157.22000122070312,150.52999877929688,151.2100067138672,633800
17-09-2024,152.44000244140625,156.9499969482422,152.3000030517578,156.0800018310547,822000
18-09-2024,154.33999633789062,160.57000732421875,152.58999633789062,155.9600067138672,835500
19-09-2024,160.7899932861328,166.11000061035156,157.97000122070312,165.97999572753906,1091700
20-09-2024,165.97999572753906,169.2899932861328,161.8699951171875,165.0,1182700
23-09-2024,165.25,166.44000244140625,155.6999969482422,159.5,858500
24-09-2024,161.88999938964844,163.0,155.61000061035156,156.0,924500
25-09-2024,156.1999969482422,158.0800018310547,147.63999938964844,148.27999877929688,1049900
26-09-2024,150.10000610351562,150.3000030517578,141.39999389648438,144.55999755859375,977900
27-09-2024,155.22000122070312,160.8000030517578,152.19000244140625,159.13999938964844,2758100
30-09-2024,159.3000030517578,159.57000732421875,152.6699981689453,157.0,7663100
01-10-2024,155.0,155.99000549316406,144.33999633789062,144.82000732421875,1542400
02-10-2024,143.66000366210938,147.6699981689453,142.72999572753906,143.6199951171875,629800
03-10-2024,143.47999572753906,145.0749969482422,141.72000122070312,143.8000030517578,755000
04-10-2024,146.02000427246094,146.97999572753906,137.74000549316406,138.97000122070312,1154600
07-10-2024,137.97999572753906,139.39999389648438,134.02999877929688,134.11000061035156,1122400
08-10-2024,135.0,139.27099609375,132.5399932861328,138.1199951171875,1119700
09-10-2024,138.52999877929688,139.3560028076172,134.8000030517578,137.17999267578125,579700
10-10-2024,136.0,136.36000061035156,133.5,135.89999389648438,578900
11-10-2024,135.6999969482422,137.47000122070312,134.89999389648438,135.19000244140625,625000
14-10-2024,136.33999633789062,136.33999633789062,133.51800537109375,134.23500061035156,687300
15-10-2024,134.5,135.7050018310547,131.0500030517578,131.83999633789062,731500
16-10-2024,131.39999389648438,132.19000244140625,126.31999969482422,129.97000122070312,1228500
17-10-2024,130.16000366210938,131.88299560546875,125.80999755859375,127.1500015258789,1011300
18-10-2024,127.30000305175781,131.8699951171875,126.52999877929688,126.5999984741211,944500
21-10-2024,126.5999984741211,128.0,121.87000274658203,124.4800033569336,1193400
22-10-2024,124.38999938964844,126.02999877929688,121.6449966430664,122.94000244140625,1100900
23-10-2024,122.12999725341797,123.33000183105469,116.58000183105469,118.66000366210938,1379000
24-10-2024,120.91000366210938,123.94000244140625,119.06999969482422,122.0,1304400
25-10-2024,123.55999755859375,126.55000305175781,120.98999786376953,125.16999816894531,1363200
28-10-2024,129.2100067138672,134.2100067138672,126.12000274658203,126.23999786376953,4544900
29-10-2024,91.1500015258789,96.43000030517578,85.5,88.5,11704800
30-10-2024,87.66000366210938,89.41999816894531,81.55000305175781,81.91999816894531,4530900
31-10-2024,81.61000061035156,83.0,79.9000015258789,81.97000122070312,2319600
01-11-2024,82.76000213623047,85.48999786376953,80.88500213623047,82.4000015258789,1818700
04-11-2024,82.02999877929688,85.29000091552734,81.73999786376953,84.97000122070312,1514700
05-11-2024,84.69999694824219,84.87999725341797,82.5999984741211,83.0,1147000
06-11-2024,84.62000274658203,87.19999694824219,83.12999725341797,86.3499984741211,1514100
07-11-2024,86.55000305175781,88.84400177001953,84.62999725341797,85.5,1143700
08-11-2024,83.7699966430664,87.0,82.69999694824219,85.9800033569336,1248900
11-11-2024,86.93000030517578,92.0780029296875,86.2699966430664,89.11000061035156,1715800
12-11-2024,89.19999694824219,95.9000015258789,89.11000061035156,91.41000366210938,1666800
13-11-2024,92.93800354003906,98.87999725341797,92.3010025024414,92.7300033569336,1799200
14-11-2024,92.62000274658203,92.83999633789062,87.70500183105469,88.36000061035156,1467000
15-11-2024,88.93000030517578,88.93000030517578,80.05999755859375,80.4800033569336,2306000
18-11-2024,78.20999908447266,81.30999755859375,76.20999908447266,80.93000030517578,1825800
19-11-2024,80.80999755859375,83.23500061035156,80.0199966430664,82.91999816894531,798500
20-11-2024,80.88999938964844,81.08999633789062,75.6050033569336,77.19999694824219,2916100
21-11-2024,77.19999694824219,80.88999938964844,76.5999984741211,79.33999633789062,1533800
22-11-2024,76.0,76.86799621582031,72.68000030517578,76.04000091552734,2604500
25-11-2024,77.98999786376953,78.98999786376953,76.27999877929688,78.58000183105469,1524800
26-11-2024,78.19000244140625,81.22000122070312,77.69499969482422,80.61000061035156,1757000
27-11-2024,81.55000305175781,87.56999969482422,81.4800033569336,87.11000061035156,1793600
29-11-2024,87.47000122070312,89.37999725341797,86.51000213623047,86.70999908447266,1027900
02-12-2024,87.0199966430664,87.0199966430664,84.0,85.13999938964844,1288100
03-12-2024,77.08000183105469,78.71199798583984,71.25,71.44000244140625,4653800
04-12-2024,72.26000213623047,73.93000030517578,70.61000061035156,72.20999908447266,2419400
05-12-2024,72.2699966430664,72.80000305175781,66.0999984741211,66.25,2412700
06-12-2024,66.8499984741211,69.56999969482422,66.5999984741211,68.26000213623047,1719600
09-12-2024,68.5,72.19499969482422,67.5,69.83999633789062,1557600
10-12-2024,71.38999938964844,72.56999969482422,65.77999877929688,68.98999786376953,2406400
11-12-2024,68.80000305175781,71.18000030517578,67.0,67.36000061035156,1875800
12-12-2024,67.62000274658203,67.62000274658203,65.26000213623047,65.70999908447266,1316100
13-12-2024,65.56999969482422,66.33999633789062,63.42499923706055,64.26000213623047,1241500
16-12-2024,64.12000274658203,66.34600067138672,63.599998474121094,64.22000122070312,1429300
17-12-2024,61.31999969482422,66.44000244140625,60.79999923706055,65.70500183105469,1648900
18-12-2024,65.80000305175781,66.18000030517578,60.39500045776367,60.880001068115234,1595800
19-12-2024,61.189998626708984,62.400001525878906,60.165000915527344,60.529998779296875,1434200
20-12-2024,60.0,62.5,59.72200012207031,61.70000076293945,1598100
23-12-2024,63.33000183105469,63.7400016784668,61.790000915527344,62.650001525878906,929300
24-12-2024,62.900001525878906,63.95000076293945,61.46500015258789,63.900001525878906,438500
26-12-2024,63.189998626708984,63.349998474121094,61.369998931884766,62.599998474121094,907800
27-12-2024,62.0,62.29999923706055,59.96500015258789,61.02000045776367,1200000
30-12-2024,60.40999984741211,60.75,58.27000045776367,59.279998779296875,1612800
31-12-2024,60.02000045776367,62.630001068115234,59.29999923706055,62.349998474121094,1771900
02-01-2025,64.0,68.91000366210938,63.904998779296875,66.5,3231500
03-01-2025,67.18000030517578,71.0999984741211,66.8499984741211,69.08999633789062,2567300
06-01-2025,71.97000122070312,76.56999969482422,71.74500274658203,75.62999725341797,3329400
07-01-2025,77.55999755859375,82.37000274658203,77.40499877929688,78.66999816894531,3809600
08-01-2025,75.80999755859375,77.31999969482422,72.33999633789062,72.55000305175781,3376000
10-01-2025,62.93000030517578,68.91999816894531,60.150001525878906,68.80999755859375,8548100
13-01-2025,65.11000061035156,65.30000305175781,58.400001525878906,64.05000305175781,6201000
14-01-2025,67.41999816894531,67.80000305175781,61.32500076293945,62.540000915527344,2828900
15-01-2025,64.0,64.19999694824219,59.935001373291016,60.439998626708984,2327900
16-01-2025,60.540000915527344,60.775001525878906,57.900001525878906,58.02000045776367,2213300
17-01-2025,58.380001068115234,58.849998474121094,56.029998779296875,57.20000076293945,2672500
21-01-2025,58.220001220703125,58.22999954223633,55.0,56.72999954223633,2324300
22-01-2025,56.79999923706055,62.040000915527344,56.5,61.970001220703125,2463800
23-01-2025,61.40999984741211,62.599998474121094,58.540000915527344,62.54999923706055,1684400
24-01-2025,62.75,63.9900016784668,60.189998626708984,60.81999969482422,1066000
27-01-2025,59.5,64.4000015258789,59.23899841308594,61.06999969482422,1349300
28-01-2025,61.470001220703125,67.0999984741211,60.459999084472656,67.0250015258789,1768000
29-01-2025,66.56999969482422,67.08000183105469,64.33999633789062,65.52999877929688,1429400
30-01-2025,65.9000015258789,68.0,64.58999633789062,66.94999694824219,1769500
31-01-2025,66.91000366210938,69.5,66.9000015258789,67.55000305175781,1356000
03-02-2025,65.0,69.30999755859375,64.30000305175781,68.76000213623047,1375700
04-02-2025,69.38999938964844,73.80000305175781,69.38999938964844,72.13999938964844,1806000
05-02-2025,72.86000061035156,75.2300033569336,72.80999755859375,74.56999969482422,1235100
06-02-2025,75.12999725341797,76.36000061035156,72.27999877929688,73.5,1332900
07-02-2025,74.30999755859375,75.19999694824219,72.20999908447266,72.5999984741211,1261500
10-02-2025,72.9000015258789,73.0,66.5999984741211,70.23999786376953,1576300
11-02-2025,69.70999908447266,72.26200103759766,67.48999786376953,68.11000061035156,982500
12-02-2025,67.0,70.19499969482422,66.80999755859375,69.5199966430664,792800
13-02-2025,69.9000015258789,71.30999755859375,67.66000366210938,71.22000122070312,1210200
14-02-2025,72.87000274658203,74.21499633789062,71.98999786376953,72.18000030517578,1014600
18-02-2025,73.48999786376953,75.94999694824219,72.94000244140625,75.0199966430664,1006500
19-02-2025,74.95999908447266,79.51000213623047,73.83999633789062,79.41999816894531,1784100
20-02-2025,79.5999984741211,79.99500274658203,75.33999633789062,75.44999694824219,1449900
21-02-2025,75.88999938964844,76.78299713134766,71.5009994506836,71.94999694824219,1194600
24-02-2025,72.04000091552734,77.73999786376953,71.51000213623047,77.12000274658203,1491200
25-02-2025,74.91999816894531,76.33000183105469,72.37000274658203,73.0,2211600
26-02-2025,72.91999816894531,76.64199829101562,72.08300018310547,73.76000213623047,1395800
27-02-2025,75.0,77.17500305175781,72.05999755859375,72.12000274658203,2012400
28-02-2025,73.66000366210938,80.22000122070312,73.0,76.31999969482422,2807500
03-03-2025,76.43000030517578,77.16999816894531,68.45999908447266,69.33000183105469,2199900
04-03-2025,66.0,69.76000213623047,63.290000915527344,69.11000061035156,1642500
05-03-2025,69.5999984741211,69.9800033569336,66.30999755859375,67.44000244140625,874100
06-03-2025,64.36000061035156,66.43499755859375,62.073001861572266,65.29000091552734,975600
07-03-2025,65.44999694824219,68.1969985961914,63.63999938964844,67.45999908447266,809400
10-03-2025,65.3499984741211,68.0,64.33999633789062,66.02999877929688,956300
11-03-2025,65.7300033569336,68.70999908447266,65.5250015258789,67.6500015258789,860500
12-03-2025,69.54000091552734,69.66999816894531,66.24800109863281,67.08000183105469,878700
13-03-2025,67.0999984741211,67.84400177001953,62.619998931884766,64.3499984741211,796400
14-03-2025,65.72000122070312,68.78500366210938,65.25800323486328,68.52999877929688,908400
17-03-2025,68.43000030517578,69.66999816894531,67.23500061035156,67.69000244140625,927900
18-03-2025,67.0,69.06999969482422,65.2300033569336,68.98999786376953,758400
19-03-2025,69.33999633789062,72.302001953125,69.0,70.33000183105469,1014200
20-03-2025,69.83999633789062,71.6449966430664,67.91999816894531,68.83999633789062,776100
21-03-2025,67.86000061035156,70.56500244140625,66.69000244140625,69.05000305175781,991400
24-03-2025,70.29000091552734,72.8499984741211,69.41999816894531,71.47000122070312,737900
25-03-2025,71.47000122070312,72.25700378417969,69.62000274658203,70.79000091552734,466000
26-03-2025,71.79000091552734,73.68000030517578,70.13999938964844,70.31999969482422,868000
27-03-2025,69.70999908447266,72.09500122070312,69.08000183105469,70.44000244140625,547500
28-03-2025,69.80000305175781,70.4219970703125,67.75299835205078,68.58000183105469,612400
31-03-2025,66.62000274658203,67.94000244140625,65.9000015258789,67.27999877929688,726100
01-04-2025,66.33000183105469,69.69000244140625,66.23200225830078,68.2699966430664,631600
02-04-2025,67.18000030517578,73.58999633789062,66.81999969482422,73.11000061035156,1167700
03-04-2025,69.0,71.71700286865234,68.0,70.95999908447266,1117100
04-04-2025,68.31999969482422,69.0,64.55000305175781,67.66999816894531,1382000
07-04-2025,64.29000091552734,71.94000244140625,62.22999954223633,69.1500015258789,1645300
08-04-2025,72.87000274658203,73.06999969482422,67.18000030517578,67.94999694824219,1164300
09-04-2025,67.26000213623047,77.20999908447266,66.8499984741211,75.41000366210938,2126800
10-04-2025,73.82499694824219,78.70999908447266,72.7770004272461,76.37000274658203,1583400
11-04-2025,76.12000274658203,81.26000213623047,75.5,80.58000183105469,1039800
14-04-2025,82.56999969482422,88.4800033569336,81.9219970703125,86.83999633789062,1599500
15-04-2025,86.20999908447266,87.2699966430664,83.25,87.18000030517578,1259500
16-04-2025,86.26000213623047,86.78500366210938,82.62000274658203,85.37999725341797,1254000
17-04-2025,85.31999969482422,88.38999938964844,84.52999877929688,88.23999786376953,973200
21-04-2025,87.8499984741211,89.3290023803711,86.13600158691406,87.72000122070312,885100
22-04-2025,88.58000183105469,92.01000213623047,88.0,91.20999908447266,1161100
23-04-2025,95.0,95.9000015258789,91.38999938964844,92.25,1168000
24-04-2025,92.5,95.15499877929688,91.69999694824219,94.18000030517578,977100
25-04-2025,93.19000244140625,93.8499984741211,89.6500015258789,93.5,1296800
28-04-2025,93.9000015258789,95.70500183105469,88.5,90.19000244140625,1130500
29-04-2025,91.13999938964844,92.48100280761719,89.05000305175781,92.43000030517578,790500
30-04-2025,89.43000030517578,92.41000366210938,88.51100158691406,92.01000213623047,748300
01-05-2025,92.08999633789062,92.30000305175781,89.55000305175781,90.44999694824219,907800
02-05-2025,91.87999725341797,93.62999725341797,89.0999984741211,89.9800033569336,682600
05-05-2025,89.70999908447266,93.94999694824219,89.6500015258789,92.20999908447266,711000
06-05-2025,91.58999633789062,94.0250015258789,91.01000213623047,93.37999725341797,728100
07-05-2025,94.0,96.7300033569336,93.11000061035156,95.80999755859375,951800
08-05-2025,96.94000244140625,98.54499816894531,92.48999786376953,93.19999694824219,2216500
09-05-2025,114.5999984741211,120.93000030517578,108.83999633789062,111.5,4544000
12-05-2025,114.31999969482422,119.19999694824219,110.08200073242188,118.7300033569336,2072400
13-05-2025,118.7300033569336,122.7699966430664,116.44000244140625,122.11000061035156,1686200
14-05-2025,122.33000183105469,124.75,120.19000244140625,122.36000061035156,1621400
15-05-2025,121.83000183105469,122.55999755859375,117.68000030517578,121.80999755859375,957800
16-05-2025,122.0,123.0,120.03299713134766,121.58000183105469,976400
19-05-2025,118.48999786376953,122.41000366210938,118.06900024414062,122.0999984741211,598100
20-05-2025,122.72000122070312,124.83999633789062,120.83000183105469,124.70999908447266,649700
21-05-2025,124.70999908447266,125.0,120.83000183105469,121.30999755859375,642800
22-05-2025,118.79399871826172,124.13999938964844,118.79399871826172,123.33999633789062,750200
23-05-2025,121.93000030517578,124.5999984741211,121.91500091552734,124.25,445100
27-05-2025,126.44999694824219,130.41000366210938,126.25,128.52999877929688,1010300
28-05-2025,128.55999755859375,130.10000610351562,126.70999908447266,128.6199951171875,599800
29-05-2025,130.22000122070312,130.47999572753906,126.70999908447266,127.69000244140625,546600
30-05-2025,127.5,128.44000244140625,125.30999755859375,127.12000274658203,776500
02-06-2025,126.38999938964844,126.83999633789062,120.30000305175781,123.94000244140625,1074500
03-06-2025,125.16000366210938,131.27000427246094,123.2699966430664,128.74000549316406,895100
04-06-2025,128.85000610351562,131.75,128.33999633789062,129.80999755859375,790600
05-06-2025,130.0,135.6999969482422,128.6199951171875,135.58999633789062,807700
06-06-2025,137.11000061035156,139.66000366210938,135.0,139.0500030517578,784500
09-06-2025,139.8000030517578,140.67999267578125,136.11000061035156,139.39999389648438,636500
10-06-2025,140.0,143.5449981689453,139.6649932861328,140.86000061035156,921700
11-06-2025,140.5050048828125,145.5,140.0800018310547,142.8800048828125,978100
12-06-2025,142.27999877929688,143.81700134277344,140.39999389648438,143.0449981689453,495400
13-06-2025,140.2100067138672,145.3000030517578,139.30999755859375,142.8800048828125,456800
16-06-2025,143.5500030517578,145.5,139.55999755859375,141.9600067138672,829400
17-06-2025,140.14999389648438,141.89999389648438,136.0500030517578,136.1999969482422,930100
18-06-2025,135.94000244140625,135.94000244140625,123.0,124.0,2099300
20-06-2025,124.0,125.94000244140625,121.30000305175781,123.55999755859375,1292300
23-06-2025,123.0,128.1999969482422,120.36000061035156,127.52999877929688,1016600
24-06-2025,128.58999633789062,133.49000549316406,126.29000091552734,132.63999938964844,735200
25-06-2025,133.35000610351562,133.35000610351562,128.0,128.5800018310547,711600
26-06-2025,129.0,131.35000610351562,128.1300048828125,130.05999755859375,440900
27-06-2025,130.7899932861328,133.02000427246094,129.66000366210938,131.4499969482422,623700
30-06-2025,132.10000610351562,135.82000732421875,132.10000610351562,134.00999450683594,575000
01-07-2025,133.8000030517578,136.6300048828125,128.61000061035156,130.10000610351562,754400
02-07-2025,129.9199981689453,130.6999969482422,125.0999984741211,127.69000244140625,714400
03-07-2025,127.37000274658203,129.19000244140625,124.5,129.19000244140625,369500
07-07-2025,127.83999633789062,128.0050048828125,123.25,125.16500091552734,699500
08-07-2025,125.16000366210938,128.05499267578125,124.2300033569336,124.7300033569336,739200
09-07-2025,125.0,126.54000091552734,122.4800033569336,126.41000366210938,636900
10-07-2025,125.97000122070312,127.97000122070312,123.79499816894531,124.77999877929688,651100
11-07-2025,122.69999694824219,123.5,109.58999633789062,112.45999908447266,2556600
14-07-2025,112.18000030517578,119.45999908447266,111.92500305175781,116.87999725341797,1284700
15-07-2025,118.44000244140625,120.44999694824219,114.73999786376953,115.68000030517578,740600
16-07-2025,117.37000274658203,118.37000274658203,113.04000091552734,113.31999969482422,714600
17-07-2025,113.19999694824219,115.37000274658203,112.26000213623047,112.5199966430664,568300
18-07-2025,113.91000366210938,114.62999725341797,109.66000366210938,109.87999725341797,790000
21-07-2025,108.36000061035156,109.80000305175781,103.26000213623047,103.61000061035156,1968700
22-07-2025,102.55999755859375,107.08000183105469,98.88999938964844,105.5999984741211,1823500
23-07-2025,109.05000305175781,111.69999694824219,107.26000213623047,109.97000122070312,1121700
24-07-2025,111.0,112.25,105.9000015258789,106.79000091552734,988300
25-07-2025,106.94999694824219,108.66000366210938,105.05999755859375,108.12000274658203,652800
28-07-2025,109.3499984741211,110.0,105.0,105.23999786376953,885800
29-07-2025,105.9000015258789,106.9000015258789,104.70999908447266,104.83000183105469,1108900
30-07-2025,106.13999938964844,109.9000015258789,105.9000015258789,107.69999694824219,2162900
31-07-2025,123.61000061035156,124.5,111.30000305175781,118.97000122070312,3869100
01-08-2025,117.91000366210938,122.76000213623047,114.27999877929688,120.55000305175781,1778000
04-08-2025,125.51000213623047,131.85000610351562,123.09600067138672,128.5,1903700
05-08-2025,128.5,128.75,122.62699890136719,125.73999786376953,1110700
06-08-2025,124.91000366210938,124.91000366210938,116.58000183105469,118.80000305175781,1171400
07-08-2025,120.17500305175781,120.32499694824219,114.33000183105469,116.05000305175781,872300
08-08-2025,115.5,118.68000030517578,114.3030014038086,114.5,760500
11-08-2025,125.97000122070312,133.1750030517578,125.0,127.26000213623047,2081700
12-08-2025,128.52999877929688,133.0,125.88800048828125,131.1300048828125,1239900
13-08-2025,132.08999633789062,133.5399932861328,127.69999694824219,132.0399932861328,996400
14-08-2025,129.5,131.99000549316406,126.77999877929688,129.74000549316406,876100
15-08-2025,129.5800018310547,130.01600646972656,126.2300033569336,127.55000305175781,601400
18-08-2025,127.72000122070312,129.00999450683594,124.68000030517578,125.6500015258789,563700
19-08-2025,125.55000305175781,127.4800033569336,122.16999816894531,122.68000030517578,661300
20-08-2025,121.58999633789062,122.7699966430664,118.25,121.87999725341797,834200
21-08-2025,120.70999908447266,121.75499725341797,117.4280014038086,118.80999755859375,697000
22-08-2025,118.37000274658203,121.79399871826172,117.16999816894531,119.8499984741211,1033600
25-08-2025,120.5,122.8499984741211,114.72000122070312,114.97000122070312,905900
26-08-2025,115.37000274658203,116.6500015258789,113.9000015258789,115.18000030517578,686300
27-08-2025,115.19000244140625,118.80999755859375,114.55999755859375,117.37999725341797,669700
28-08-2025,118.37999725341797,118.47000122070312,114.55999755859375,116.7249984741211,522700
29-08-2025,116.58000183105469,117.05000305175781,112.81999969482422,114.95999908447266,666500
02-09-2025,112.0,113.68000030517578,109.58999633789062,111.55000305175781,1013000
03-09-2025,111.7300033569336,112.1500015258789,106.44999694824219,106.94000244140625,1365600
04-09-2025,105.56999969482422,106.05000305175781,101.86000061035156,104.05000305175781,1370800
05-09-2025,104.12000274658203,105.74700164794922,101.0,104.01000213623047,997300
08-09-2025,104.3499984741211,108.12000274658203,103.6520004272461,105.58000183105469,1322400
09-09-2025,113.94999694824219,117.95800018310547,106.54000091552734,108.27999877929688,2090600
10-09-2025,108.5,109.1500015258789,105.0,107.79000091552734,1037600
11-09-2025,108.23999786376953,119.36000061035156,108.0,116.98999786376953,1491100
12-09-2025,115.37999725341797,116.3949966430664,112.49500274658203,114.56500244140625,793600
15-09-2025,114.83999633789062,117.23999786376953,113.83999633789062,114.29000091552734,676500
16-09-2025,115.25,119.5,115.16999816894531,119.1500015258789,703300
17-09-2025,119.1500015258789,121.0,117.69999694824219,119.80999755859375,777700
18-09-2025,119.4000015258789,122.05000305175781,114.90799713134766,121.0999984741211,1022600
19-09-2025,121.52999877929688,125.56700134277344,120.66999816894531,122.29000091552734,2097400
22-09-2025,122.5,127.43000030517578,122.0,125.1500015258789,839300
23-09-2025,127.01000213623047,128.74000549316406,119.80999755859375,120.52999877929688,1001500
24-09-2025,120.30000305175781,121.62000274658203,116.18599700927734,117.43000030517578,637800
25-09-2025,114.01000213623047,114.94999694824219,111.05000305175781,113.9000015258789,821300
26-09-2025,114.12000274658203,114.91000366210938,112.0999984741211,113.87000274658203,557300
29-09-2025,115.05000305175781,115.9000015258789,111.5999984741211,112.63999938964844,619700
30-09-2025,112.38999938964844,112.69000244140625,109.7699966430664,112.19999694824219,749700
01-10-2025,111.31999969482422,114.88999938964844,110.05000305175781,114.88999938964844,607200
02-10-2025,115.0,117.1449966430664,112.25,116.06999969482422,572600
03-10-2025,115.86000061035156,119.77999877929688,115.0999984741211,115.69000244140625,757400
06-10-2025,116.66999816894531,117.05999755859375,112.75,113.93000030517578,1484600
07-10-2025,113.80000305175781,120.27999877929688,113.5999984741211,115.18000030517578,869800
08-10-2025,115.5199966430664,119.29000091552734,114.04000091552734,118.05999755859375,547500
09-10-2025,118.62999725341797,119.01300048828125,109.80000305175781,112.9800033569336,1178100
10-10-2025,113.54000091552734,114.0,107.22000122070312,107.29000091552734,1010400
13-10-2025,109.0,112.69000244140625,108.91000366210938,111.70999908447266,802000
14-10-2025,108.58000183105469,114.66000366210938,108.33999633789062,111.2300033569336,690700
15-10-2025,112.0,113.91000366210938,108.62999725341797,112.61000061035156,1066300
16-10-2025,112.91999816894531,118.51000213623047,110.8499984741211,115.68000030517578,863200
17-10-2025,113.41999816894531,118.29499816894531,112.83999633789062,117.62999725341797,674400
20-10-2025,119.72000122070312,121.31999969482422,116.0,119.9000015258789,987100
21-10-2025,120.0,121.5,116.51000213623047,120.12999725341797,715200
22-10-2025,120.5999984741211,124.87000274658203,117.0,119.54000091552734,897600
23-10-2025,123.73999786376953,129.4600067138672,122.9000015258789,128.91000366210938,1378600
24-10-2025,131.94000244140625,134.32000732421875,129.16000366210938,130.52000427246094,892900
27-10-2025,133.10000610351562,133.5500030517578,131.00999450683594,132.4499969482422,649400
28-10-2025,132.22999572753906,133.41000366210938,129.55999755859375,129.7100067138672,956000
29-10-2025,130.4499969482422,137.6699981689453,128.1959991455078,134.32000732421875,1835200
30-10-2025,127.5,139.4499969482422,120.80000305175781,135.7899932861328,2757700
31-10-2025,135.6699981689453,140.8699951171875,127.51000213623047,131.5399932861328,1350700
03-11-2025,128.47999572753906,131.5500030517578,119.20500183105469,124.72000122070312,1378100
04-11-2025,120.30999755859375,125.22000122070312,119.0,122.20999908447266,1013700
05-11-2025,121.30500030517578,128.08999633789062,119.95500183105469,124.45999908447266,1035100
06-11-2025,124.27999877929688,125.5999984741211,120.75,124.9800033569336,639700
07-11-2025,122.97000122070312,122.97000122070312,115.20999908447266,119.16999816894531,960700
10-11-2025,122.0,125.56500244140625,120.20999908447266,122.38999938964844,639000
11-11-2025,122.2699966430664,123.68499755859375,121.11100006103516,122.13999938964844,400800
12-11-2025,122.31999969482422,123.01000213623047,118.56999969482422,119.18000030517578,596700
13-11-2025,118.13999938964844,120.16500091552734,114.66000366210938,115.55000305175781,748600
14-11-2025,111.94999694824219,116.12000274658203,111.03800201416016,115.01000213623047,523600
17-11-2025,114.45999908447266,116.5,112.52999877929688,113.4000015258789,437200
18-11-2025,111.81999969482422,118.9800033569336,111.5,117.06999969482422,1226000
19-11-2025,120.66000366210938,134.13999938964844,119.56999969482422,133.47000122070312,1692600
20-11-2025,134.91000366210938,137.35000610351562,123.41999816894531,123.81999969482422,1102200
21-11-2025,123.38999938964844,133.60000610351562,123.18000030517578,130.92999267578125,910000
24-11-2025,133.13999938964844,141.5,133.13999938964844,140.2100067138672,1091800
25-11-2025,142.61000061035156,147.6750030517578,139.0,146.0,1179600
26-11-2025,146.89999389648438,148.5,144.47999572753906,145.75,853000
28-11-2025,147.5,148.58999633789062,143.27999877929688,146.30999755859375,260900
01-12-2025,144.16000366210938,151.85000610351562,142.00999450683594,150.4199981689453,1085900
02-12-2025,154.05999755859375,156.0,141.0,141.77000427246094,1098300
03-12-2025,141.77000427246094,143.22999572753906,137.75999450683594,140.10000610351562,822300
04-12-2025,139.6199951171875,139.75,133.5,138.6300048828125,645500
05-12-2025,139.6999969482422,141.89999389648438,136.25,136.50999450683594,462600
08-12-2025,137.25999450683594,142.9499969482422,136.4499969482422,136.60000610351562,655700
09-12-2025,136.5,138.5,133.14999389648438,134.8000030517578,732600
10-12-2025,133.99000549316406,137.4199981689453,129.0399932861328,131.2100067138672,1031800
11-12-2025,131.3800048828125,132.0,126.55000305175781,127.62000274658203,706100
12-12-2025,127.41999816894531,128.80999755859375,124.87000274658203,126.79000091552734,553000
15-12-2025,127.79000091552734,129.75,122.54000091552734,123.1500015258789,814500
16-12-2025,122.19000244140625,125.55999755859375,119.29000091552734,125.04000091552734,883500
17-12-2025,126.98999786376953,130.00999450683594,121.55000305175781,121.93000030517578,759200
18-12-2025,123.19999694824219,125.0,120.81999969482422,121.06999969482422,521400
19-12-2025,120.94000244140625,128.00999450683594,120.94000244140625,127.66999816894531,1083200
22-12-2025,129.5800018310547,133.2899932861328,128.10000610351562,129.35000610351562,1532200
23-12-2025,128.6999969482422,130.88999938964844,127.51000213623047,128.1999969482422,384000
24-12-2025,128.5,128.5,124.58999633789062,126.98999786376953,277200
26-12-2025,126.51000213623047,126.51000213623047,123.31999969482422,124.19999694824219,424900
29-12-2025,123.63999938964844,125.97000122070312,122.5,123.05999755859375,403700
30-12-2025,122.3499984741211,124.55799865722656,121.0,121.91999816894531,280800
31-12-2025,123.29000091552734,124.55000305175781,121.48999786376953,121.6500015258789,483600
02-01-2026,124.26000213623047,124.26000213623047,120.1709976196289,122.69000244140625,411500
05-01-2026,123.4000015258789,129.1999969482422,123.0,126.27999877929688,650600
06-01-2026,126.2699966430664,133.1999969482422,124.41000366210938,132.6699981689453,692700
07-01-2026,132.8000030517578,138.60000610351562,131.0,137.27000427246094,732800
08-01-2026,137.63999938964844,138.97000122070312,134.25,137.57000732421875,691600
09-01-2026,138.00999450683594,139.21499633789062,134.0,137.07000732421875,364300
12-01-2026,137.3800048828125,141.88999938964844,134.02999877929688,134.66000366210938,580800
13-01-2026,135.61000061035156,151.85000610351562,135.61000061035156,142.7100067138672,1598100
14-01-2026,140.1300048828125,142.9499969482422,136.0,141.9600067138672,921800
15-01-2026,141.16000366210938,146.2100067138672,140.80999755859375,143.69000244140625,541700
16-01-2026,143.50999450683594,149.22000122070312,140.41000366210938,143.3699951171875,819200
20-01-2026,140.9499969482422,145.1300048828125,138.85000610351562,141.92999267578125,819200
21-01-2026,142.83999633789062,142.83999633789062,132.5,133.80999755859375,1148800
22-01-2026,133.60000610351562,141.0,132.02000427246094,138.08999633789062,857700
23-01-2026,137.67999267578125,138.9499969482422,135.02999877929688,135.3000030517578,645600
26-01-2026,135.39999389648438,139.55999755859375,132.80999755859375,139.3300018310547,450000
27-01-2026,139.99000549316406,141.22999572753906,137.61000061035156,138.49000549316406,623700
28-01-2026,139.02999877929688,145.74000549316406,135.32000732421875,140.99000549316406,1209200
29-01-2026,143.58999633789062,144.8000030517578,135.39999389648438,138.97000122070312,1205500
30-01-2026,136.38999938964844,139.4550018310547,132.00999450683594,133.97500610351562,880800
02-02-2026,133.17999267578125,138.16000366210938,132.07000732421875,133.99000549316406,584600
03-02-2026,135.0,139.60000610351562,132.8800048828125,135.72000122070312,539100
04-02-2026,135.16000366210938,135.16000366210938,127.13899993896484,130.3699951171875,759300
05-02-2026,127.27999877929688,132.18499755859375,127.0,129.60000610351562,814400
06-02-2026,131.02999877929688,135.22000122070312,131.02999877929688,135.05999755859375,530600
09-02-2026,137.89999389648438,138.60499572753906,133.61000061035156,136.33999633789062,610300
10-02-2026,136.91000366210938,139.7899932861328,135.41000366210938,139.2899932861328,473500
11-02-2026,140.71499633789062,140.71499633789062,131.27000427246094,133.3000030517578,653100
12-02-2026,133.0,134.52000427246094,127.70999908447266,128.52000427246094,507200
13-02-2026,127.5,132.22000122070312,127.5,129.83999633789062,434900
17-02-2026,129.27999877929688,137.49000549316406,128.0,133.82000732421875,657100
18-02-2026,135.3300018310547,136.41000366210938,132.78500366210938,135.5,815800
19-02-2026,134.00999450683594,134.54299926757812,129.72999572753906,132.8800048828125,539400
20-02-2026,131.50999450683594,135.5,130.1999969482422,134.25,665700
23-02-2026,132.38999938964844,135.25999450683594,130.43099975585938,134.64999389648438,621100
24-02-2026,133.35000610351562,138.72000122070312,130.10000610351562,137.77999877929688,1268900
25-02-2026,140.0,144.5,129.50999450683594,131.85000610351562,2568900
26-02-2026,131.85000610351562,135.41000366210938,128.0,134.57000732421875,825000
27-02-2026,133.27999877929688,145.77999877929688,131.08999633789062,145.25999450683594,1227700
02-03-2026,139.5,147.8000030517578,137.33799743652344,147.0,1091200
03-03-2026,145.0,148.5399932861328,135.16000366210938,148.0,1535300
04-03-2026,149.13999938964844,151.0,145.9149932861328,147.66000366210938,701800
05-03-2026,147.19000244140625,147.5,137.8000030517578,140.07000732421875,837900
06-03-2026,137.67999267578125,137.7899932861328,128.75999450683594,129.61000061035156,1081700
09-03-2026,125.26000213623047,135.27999877929688,122.37999725341797,134.77000427246094,1159300
10-03-2026,133.50999450683594,135.1199951171875,129.27000427246094,130.85000610351562,777300
11-03-2026,129.77000427246094,132.19000244140625,128.66000366210938,128.97000122070312,383500
12-03-2026,128.44000244140625,128.44000244140625,120.6500015258789,121.30999755859375,949100
13-03-2026,122.0,124.79000091552734,121.16000366210938,123.4800033569336,505200
16-03-2026,125.01000213623047,127.76000213623047,123.77999877929688,124.69999694824219,467100
17-03-2026,124.95999908447266,128.24000549316406,123.51000213623047,124.72000122070312,539200
18-03-2026,123.81999969482422,123.81999969482422,110.73999786376953,113.20999908447266,2303300
19-03-2026,110.68000030517578,115.97000122070312,110.15499877929688,113.72000122070312,1197200
20-03-2026,113.72000122070312,115.71499633789062,112.0479965209961,113.9000015258789,1787400
23-03-2026,114.73999786376953,117.9000015258789,111.94000244140625,112.08000183105469,1258300
24-03-2026,111.83000183105469,112.62000274658203,108.75499725341797,108.91999816894531,883700
25-03-2026,109.37000274658203,110.98999786376953,102.80000305175781,105.12999725341797,1670200
26-03-2026,103.19000244140625,106.0,101.84500122070312,102.19999694824219,778100
27-03-2026,101.69000244140625,102.62000274658203,98.4800033569336,99.05000305175781,808000
30-03-2026,98.1500015258789,100.05000305175781,93.08000183105469,94.30999755859375,1381600
31-03-2026,95.5,100.52999877929688,95.45999908447266,99.41000366210938,971600
01-04-2026,101.83000183105469,102.5,98.41500091552734,100.4000015258789,792600
02-04-2026,97.30999755859375,101.73100280761719,96.01000213623047,100.69499969482422,551700
06-04-2026,101.08000183105469,106.05999755859375,101.08000183105469,104.80000305175781,696700
07-04-2026,103.69000244140625,108.7300033569336,102.97000122070312,107.31999969482422,1296400
08-04-2026,114.0199966430664,115.0,107.80500030517578,109.36000061035156,1019800
09-04-2026,109.29000091552734,111.76000213623047,107.43399810791016,109.19999694824219,537100
10-04-2026,109.97000122070312,115.0,109.97000122070312,114.0,822600
13-04-2026,112.33999633789062,115.6500015258789,110.94000244140625,113.36000061035156,895200
14-04-2026,114.0199966430664,117.5,114.0,115.68000030517578,479100
15-04-2026,116.48999786376953,117.63999938964844,115.38700103759766,116.11000061035156,405800
16-04-2026,116.11000061035156,117.322998046875,108.05000305175781,109.12000274658203,1006700
17-04-2026,114.41000366210938,120.91000366210938,113.33999633789062,115.87000274658203,979200
20-04-2026,114.86000061035156,116.0,111.63999938964844,113.12999725341797,735100
21-04-2026,113.01000213623047,113.80000305175781,108.55000305175781,108.91000366210938,829200
22-04-2026,111.33000183105469,115.44999694824219,111.13999938964844,114.6500015258789,780700
23-04-2026,115.41999816894531,119.13999938964844,111.30000305175781,113.20999908447266,889200
24-04-2026,114.08999633789062,114.08999633789062,109.13999938964844,110.93000030517578,808100
27-04-2026,110.6500015258789,112.05000305175781,107.51000213623047,108.12000274658203,781800
28-04-2026,107.66000366210938,107.86000061035156,100.26499938964844,101.26000213623047,1935000
29-04-2026,100.6500015258789,101.05999755859375,97.01000213623047,98.56999969482422,1161400
30-04-2026,99.52999877929688,101.56999969482422,97.19999694824219,100.79000091552734,882100
01-05-2026,100.97000122070312,101.69999694824219,98.26000213623047,100.01000213623047,847500
04-05-2026,100.01000213623047,101.62000274658203,96.62999725341797,97.08000183105469,1125400
05-05-2026,97.08000183105469,98.3499984741211,94.61000061035156,94.93000030517578,2241800
06-05-2026,74.91000366210938,78.0,70.0,72.91999816894531,7736000
07-05-2026,74.0,77.9000015258789,71.61000061035156,72.9000015258789,2656500
08-05-2026,72.54000091552734,72.7300033569336,67.69000244140625,67.83999633789062,2703700
11-05-2026,68.7699966430664,69.25,63.2400016784668,64.30000305175781,3167600
12-05-2026,64.9000015258789,66.36000061035156,62.88999938964844,63.93000030517578,1535900
13-05-2026,62.65999984741211,64.23999786376953,60.10499954223633,64.18000030517578,2277100
14-05-2026,64.87000274658203,65.0,61.619998931884766,62.040000915527344,1581200
15-05-2026,61.720001220703125,64.3499984741211,61.400001525878906,63.20000076293945,1221200
18-05-2026,63.83000183105469,68.88999938964844,63.744998931884766,68.33999633789062,1943200
19-05-2026,68.5,70.12000274658203,65.8499984741211,66.12999725341797,1448700
20-05-2026,66.12999725341797,70.48999786376953,64.66000366210938,68.0,1313300
21-05-2026,66.95999908447266,69.13999938964844,65.5,68.8499984741211,989500
22-05-2026,68.5,69.76000213623047,66.58999633789062,68.93499755859375,1151200
26-05-2026,68.27999877929688,71.13999938964844,68.25,70.45999908447266,1554800
27-05-2026,70.75,70.75,67.47000122070312,70.1500015258789,1350100
28-05-2026,69.0999984741211,69.87999725341797,67.05000305175781,67.83000183105469,1597300
29-05-2026,68.0,68.43000030517578,66.0999984741211,67.19999694824219,1272400
01-06-2026,66.41000366210938,69.37699890136719,65.25,67.52999877929688,1332400
02-06-2026,66.22000122070312,70.11000061035156,64.9000015258789,68.44999694824219,1382900
03-06-2026,67.94999694824219,70.33999633789062,66.66000366210938,69.69000244140625,1171100
04-06-2026,70.43000030517578,73.91000366210938,69.69999694824219,71.37000274658203,908500
05-06-2026,71.98999786376953,73.5,68.94000244140625,69.43000030517578,1042900
08-06-2026,69.19000244140625,72.87000274658203,69.0,71.13999938964844,1121700
09-06-2026,71.13999938964844,75.82499694824219,70.6500015258789,74.29000091552734,1254800
10-06-2026,73.5,76.94000244140625,72.68699645996094,74.7699966430664,1104300
11-06-2026,73.66999816894531,75.93000030517578,71.63999938964844,73.58999633789062,941500
12-06-2026,73.66000366210938,75.0,71.32499694824219,72.91000366210938,658900
15-06-2026,73.7300033569336,76.68000030517578,73.7300033569336,75.4800033569336,948100
16-06-2026,75.9000015258789,76.87999725341797,74.0199966430664,75.81999969482422,658200
17-06-2026,75.75,77.5,72.83000183105469,73.22000122070312,866500
18-06-2026,75.26000213623047,80.72000122070312,75.11499786376953,78.79000091552734,1788100
22-06-2026,77.94999694824219,78.62000274658203,75.02999877929688,75.51000213623047,842000
23-06-2026,74.66000366210938,75.77999877929688,72.78800201416016,73.83000183105469,822700
24-06-2026,75.26000213623047,78.33300018310547,74.98999786376953,77.61499786376953,972000
25-06-2026,77.62000274658203,80.25,76.38999938964844,77.75,902900
26-06-2026,74.5,74.5,66.5999984741211,68.44000244140625,3704100
29-06-2026,70.05000305175781,71.66999816894531,66.94999694824219,67.29000091552734,1250200
30-06-2026,67.01000213623047,67.4000015258789,64.84500122070312,66.41999816894531,1419700
01-07-2026,67.68000030517578,71.66999816894531,67.44000244140625,67.8499984741211,1058700
02-07-2026,68.18000030517578,70.1500015258789,67.87000274658203,68.86000061035156,832000
06-07-2026,69.8499984741211,73.0,69.8499984741211,71.2300033569336,946300
07-07-2026,71.22000122070312,72.0250015258789,68.45999908447266,71.11499786376953,754000
08-07-2026,70.05000305175781,70.94999694824219,68.94999694824219,70.44000244140625,863200
09-07-2026,70.79000091552734,73.08000183105469,70.35099792480469,72.19000244140625,637400
10-07-2026,72.30999755859375,73.30000305175781,70.23799896240234,71.2300033569336,455600
13-07-2026,71.2300033569336,77.11000061035156,70.9000015258789,75.73999786376953,1352000
14-07-2026,75.37999725341797,75.62000274658203,72.80000305175781,74.58999633789062,679700
15-07-2026,74.94999694824219,76.4000015258789,74.5199966430664,75.37999725341797,616300
16-07-2026,76.27999877929688,78.47000122070312,75.33999633789062,76.0,749200
17-07-2026,74.5,75.0,73.08999633789062,73.9800033569336,550300
20-07-2026,74.0999984741211,74.57499694824219,71.4000015258789,73.47000122070312,1117600
21-07-2026,73.08000183105469,75.25,72.54000091552734,74.29000091552734,762600
22-07-2026,74.30000305175781,74.98999786376953,70.7300033569336,71.19999694824219,847000
23-07-2026,70.69999694824219,71.88999938964844,69.5199966430664,71.12999725341797,600900
24-07-2026,72.37999725341797,73.86000061035156,68.80000305175781,72.26000213623047,1139000
27-07-2026,74.0,74.51499938964844,72.0199966430664,74.27999877929688,644100
28-07-2026,73.36000061035156,76.70999908447266,72.63999938964844,76.29000091552734,768300
29-07-2026,75.19999694824219,79.27999877929688,74.9800033569336,78.0,1227100
30-07-2026,76.1500015258789,77.9000015258789,74.02999877929688,76.12999725341797,884700
31-07-2026,76.5,76.92400360107422,74.87000274658203,76.51000213623047,532500
03-08-2026,78.66000366210938,83.38500213623047,77.88999938964844,81.55000305175781,1517800
04-08-2026,79.83799743652344,82.11000061035156,78.80699920654297,80.75,1634700
05-08-2026,72.33499908447266,77.41000366210938,68.0,76.48999786376953,2954400
06-08-2026,76.37000274658203,80.37000274658203,75.0,80.20999908447266,1099800
07-08-2026,81.0,83.9800033569336,79.51000213623047,83.88999938964844,772400
10-08-2026,82.62000274658203,88.5,81.77200317382812,88.41000366210938,1356300
11-08-2026,87.81999969482422,89.6500015258789,85.80999755859375,89.36000061035156,876700
12-08-2026,88.0199966430664,88.1500015258789,86.12000274658203,87.0199966430664,696000
13-08-2026,87.0199966430664,90.05000305175781,86.98500061035156,89.63999938964844,709800
14-08-2026,90.08999633789062,90.08999633789062,87.81999969482422,88.58000183105469,433900
17-08-2026,87.25,89.25,86.80000305175781,88.3499984741211,514000
18-08-2026,88.44999694824219,92.5,88.44999694824219,90.69000244140625,778300
19-08-2026,90.1500015258789,94.98999786376953,90.1500015258789,93.97000122070312,703300
20-08-2026,92.87999725341797,94.30000305175781,90.63500213623047,90.8499984741211,589300
21-08-2026,91.11000061035156,95.18000030517578,90.44499969482422,94.7699966430664,627100
24-08-2026,94.06999969482422,94.5199966430664,92.04000091552734,93.5999984741211,770200
25-08-2026,93.62000274658203,94.33000183105469,91.5009994506836,93.5999984741211,405200
26-08-2026,92.26000213623047,93.15799713134766,90.23999786376953,92.22000122070312,448800
27-08-2026,91.58999633789062,94.23999786376953,91.12999725341797,91.75,417800
28-08-2026,91.9000015258789,93.44999694824219,88.37000274658203,88.43000030517578,630900
31-08-2026,87.6449966430664,88.0,82.55000305175781,84.87000274658203,1184100
01-09-2026,85.83999633789062,86.0,81.33999633789062,82.23999786376953,883900
02-09-2026,82.2300033569336,85.5199966430664,82.2300033569336,84.29000091552734,589600
03-09-2026,85.72000122070312,87.54499816894531,84.5999984741211,86.9800033569336,574800
04-09-2026,84.62999725341797,90.11000061035156,83.61000061035156,89.9800033569336,542600
08-09-2026,89.13999938964844,89.55000305175781,86.1500015258789,88.2699966430664,594500
09-09-2026,87.47000122070312,87.70999908447266,84.87000274658203,86.4000015258789,665100
10-09-2026,85.2699966430664,87.55000305175781,83.69000244140625,85.04000091552734,590900
11-09-2026,85.36000061035156,86.0,79.2300033569336,82.18000030517578,1247000
14-09-2026,82.61499786376953,88.48999786376953,80.58499908447266,85.86000061035156,942900
15-09-2026,86.38999938964844,90.66999816894531,85.47000122070312,88.08999633789062,942800
16-09-2026,88.16999816894531,88.27999877929688,86.29000091552734,87.55999755859375,464700
17-09-2026,88.0,89.41000366210938,85.46499633789062,86.66000366210938,690600
18-09-2026,87.18000030517578,87.9800033569336,85.01000213623047,86.41999816894531,1441700
21-09-2026,87.3499984741211,89.52999877929688,86.74500274658203,87.29000091552734,590800
22-09-2026,88.1500015258789,89.80000305175781,86.5,88.06999969482422,750700
23-09-2026,88.22000122070312,89.19000244140625,85.06999969482422,87.0,615600
24-09-2026,86.08999633789062,86.08999633789062,82.53299713134766,83.9000015258789,623700
25-09-2026,83.5,85.69300079345703,81.80000305175781,85.29000091552734,696700
28-09-2026,86.37999725341797,86.37999725341797,82.69999694824219,82.7300033569336,422500
29-09-2026,82.55999755859375,84.21800231933594,81.75499725341797,84.06999969482422,440200
