Date,Open,High,Low,Close,Volume
30-09-2021,51.20000076293945,51.470001220703125,50.27999877929688,50.27999877929688,33000
01-10-2021,50.59000015258789,52.31999969482422,49.90999984741211,51.869998931884766,48600
04-10-2021,51.63999938964844,51.97999954223633,50.7400016784668,51.09000015258789,20100
05-10-2021,51.02000045776367,51.7599983215332,50.380001068115234,50.41999816894531,31800
06-10-2021,50.900001525878906,50.90499877929688,49.823001861572266,50.790000915527344,24500
07-10-2021,51.36000061035156,51.36000061035156,50.04999923706055,50.11000061035156,60400
08-10-2021,50.0099983215332,50.58000183105469,49.790000915527344,50.2400016784668,21300
11-10-2021,50.369998931884766,50.75,49.79999923706055,49.869998931884766,19000
12-10-2021,49.84999847412109,51.43000030517578,48.869998931884766,50.0,38200
13-10-2021,50.06999969482422,50.47999954223633,49.560001373291016,50.22999954223633,23600
14-10-2021,50.47999954223633,50.53499984741211,49.810001373291016,50.09000015258789,27100
15-10-2021,50.5,50.95000076293945,49.720001220703125,49.720001220703125,50900
18-10-2021,49.36000061035156,49.54999923706055,48.790000915527344,48.95000076293945,33300
19-10-2021,49.38999938964844,49.900001525878906,48.52999877929688,49.2400016784668,33500
20-10-2021,49.06999969482422,49.40999984741211,48.59999847412109,49.09999847412109,21300
21-10-2021,48.72499847412109,49.459999084472656,48.5,49.15999984741211,33000
22-10-2021,49.06999969482422,49.5099983215332,49.06999969482422,49.220001220703125,12700
25-10-2021,49.060001373291016,49.220001220703125,48.380001068115234,49.209999084472656,25200
26-10-2021,49.15999984741211,49.43999862670898,48.5,48.75,19900
27-10-2021,48.66999816894531,48.66999816894531,47.5099983215332,47.709999084472656,21400
28-10-2021,47.61000061035156,48.45000076293945,47.56999969482422,48.15999984741211,23800
29-10-2021,48.22999954223633,48.6349983215332,47.52000045776367,48.43000030517578,50300
01-11-2021,48.77000045776367,49.93000030517578,48.77000045776367,49.59999847412109,29000
02-11-2021,49.59999847412109,49.81999969482422,48.494998931884766,48.7400016784668,21800
03-11-2021,48.540000915527344,50.25,48.540000915527344,49.97999954223633,24800
04-11-2021,50.08000183105469,50.08000183105469,49.310001373291016,49.88999938964844,17700
05-11-2021,50.40999984741211,52.59999847412109,50.40999984741211,52.2400016784668,42200
08-11-2021,52.2400016784668,52.650001525878906,51.13999938964844,52.040000915527344,33200
09-11-2021,51.709999084472656,52.63999938964844,51.02899932861328,52.47999954223633,27700
10-11-2021,52.66999816894531,52.66999816894531,50.9900016784668,51.9900016784668,40300
11-11-2021,51.875,52.23500061035156,51.38999938964844,51.400001525878906,18700
12-11-2021,52.01900100708008,52.01900100708008,50.20000076293945,50.52000045776367,67000
15-11-2021,50.59999847412109,51.15999984741211,48.34999847412109,49.15999984741211,74200
16-11-2021,49.02000045776367,49.47999954223633,48.40999984741211,49.43999862670898,62900
17-11-2021,49.04999923706055,50.060001373291016,48.25,49.09999847412109,52000
18-11-2021,48.84999847412109,49.31499862670898,47.91999816894531,48.81999969482422,57300
19-11-2021,48.34000015258789,48.81999969482422,47.15999984741211,47.90999984741211,44000
22-11-2021,47.959999084472656,48.78499984741211,47.47999954223633,47.56999969482422,108100
23-11-2021,47.619998931884766,47.75,47.09999847412109,47.27000045776367,31400
24-11-2021,46.448001861572266,47.0,45.84999847412109,45.84999847412109,59900
26-11-2021,44.869998931884766,45.540000915527344,42.97999954223633,44.5,54200
29-11-2021,44.65999984741211,44.68000030517578,43.040000915527344,43.040000915527344,45300
30-11-2021,42.93999862670898,43.64300155639648,41.29999923706055,41.84000015258789,92900
01-12-2021,42.91999816894531,42.91999816894531,41.2400016784668,41.2400016784668,62900
02-12-2021,41.720001220703125,42.34999847412109,41.68999862670898,41.93000030517578,43300
03-12-2021,42.220001220703125,42.220001220703125,41.5099983215332,41.95000076293945,55500
06-12-2021,42.470001220703125,43.27999877929688,41.95000076293945,42.40999984741211,47700
07-12-2021,43.0,43.25600051879883,42.08000183105469,42.2400016784668,75800
08-12-2021,42.38999938964844,43.75,42.38999938964844,42.83000183105469,39800
09-12-2021,42.68000030517578,42.8849983215332,42.25,42.810001373291016,65600
10-12-2021,43.2400016784668,43.7599983215332,43.0,43.72999954223633,57900
13-12-2021,42.16999816894531,42.5099983215332,41.02000045776367,41.619998931884766,98400
14-12-2021,41.630001068115234,42.58599853515625,41.38999938964844,41.88999938964844,51700
15-12-2021,41.68000030517578,43.25699996948242,40.66999816894531,43.0,83100
16-12-2021,42.959999084472656,44.27999877929688,42.95000076293945,43.619998931884766,97200
17-12-2021,43.65999984741211,46.5099983215332,43.65999984741211,46.5099983215332,307300
20-12-2021,45.81999969482422,46.27999877929688,45.06999969482422,45.880001068115234,85300
21-12-2021,46.02999877929688,46.69499969482422,45.060001373291016,45.2400016784668,42200
22-12-2021,45.060001373291016,45.5,44.31999969482422,45.34000015258789,53400
23-12-2021,45.54999923706055,46.35599899291992,45.470001220703125,45.81999969482422,29000
27-12-2021,46.0,46.150001525878906,45.369998931884766,45.900001525878906,30600
28-12-2021,45.709999084472656,46.95000076293945,45.709999084472656,46.380001068115234,36700
29-12-2021,46.70000076293945,46.70000076293945,45.41999816894531,45.93999862670898,34100
30-12-2021,46.0,46.63999938964844,45.970001220703125,46.18000030517578,34300
31-12-2021,46.13999938964844,46.150001525878906,45.709999084472656,45.77000045776367,21100
03-01-2022,45.72999954223633,46.5,45.70299911499024,46.11000061035156,36800
04-01-2022,46.369998931884766,46.650001525878906,46.0,46.470001220703125,19800
05-01-2022,46.66999816894531,46.959999084472656,45.52000045776367,45.84999847412109,64400
06-01-2022,46.040000915527344,46.459999084472656,45.880001068115234,46.13999938964844,26100
07-01-2022,45.93000030517578,46.3129997253418,45.72999954223633,46.2599983215332,17300
10-01-2022,45.84000015258789,46.59000015258789,45.720001220703125,46.54999923706055,31800
11-01-2022,46.33000183105469,46.97999954223633,46.119998931884766,46.959999084472656,41300
12-01-2022,46.86000061035156,47.04999923706055,45.854000091552734,46.060001373291016,42500
13-01-2022,45.91999816894531,47.08000183105469,45.91999816894531,46.93000030517578,23700
14-01-2022,46.5099983215332,47.060001373291016,46.13999938964844,47.060001373291016,31900
18-01-2022,46.77000045776367,48.22999954223633,46.46500015258789,47.68999862670898,49900
19-01-2022,47.810001373291016,48.75,47.61000061035156,48.040000915527344,36400
20-01-2022,48.34000015258789,48.72999954223633,47.15999984741211,47.4900016784668,58700
21-01-2022,47.470001220703125,47.95000076293945,46.56999969482422,46.650001525878906,57700
24-01-2022,46.13999938964844,47.41999816894531,45.97999954223633,47.36000061035156,90400
25-01-2022,47.18000030517578,47.18000030517578,45.77999877929688,46.5,34600
26-01-2022,46.20000076293945,47.790000915527344,45.72999954223633,46.56999969482422,48700
27-01-2022,46.560001373291016,46.560001373291016,45.27000045776367,45.70000076293945,28100
28-01-2022,45.97999954223633,46.33000183105469,45.09000015258789,45.84000015258789,53000
31-01-2022,45.5,46.470001220703125,45.28499984741211,46.0099983215332,67100
01-02-2022,46.0,46.0,44.78499984741211,45.040000915527344,39100
02-02-2022,44.70000076293945,45.27000045776367,43.685001373291016,44.81999969482422,34600
03-02-2022,44.81999969482422,44.900001525878906,44.220001220703125,44.59999847412109,37100
04-02-2022,44.209999084472656,44.209999084472656,43.060001373291016,43.5099983215332,29400
07-02-2022,43.5099983215332,44.10499954223633,42.97999954223633,43.20000076293945,21000
08-02-2022,43.84999847412109,44.09999847412109,43.29999923706055,44.0,32100
09-02-2022,44.08000183105469,44.625,44.08000183105469,44.29999923706055,33900
10-02-2022,44.29999923706055,44.75,43.28200149536133,43.56999969482422,41600
11-02-2022,43.8849983215332,44.77000045776367,43.709999084472656,44.54999923706055,31700
14-02-2022,44.77000045776367,44.77000045776367,44.02999877929688,44.09000015258789,27100
15-02-2022,44.165000915527344,44.70500183105469,43.59000015258789,43.66999816894531,26600
16-02-2022,43.900001525878906,44.75,43.84999847412109,44.52999877929688,42300
17-02-2022,44.5099983215332,44.89500045776367,44.0,44.34999847412109,15400
18-02-2022,44.060001373291016,44.459999084472656,43.36000061035156,43.43000030517578,28200
22-02-2022,43.04999923706055,44.0,42.93999862670898,43.68999862670898,85000
23-02-2022,43.619998931884766,43.869998931884766,42.7599983215332,42.79999923706055,29400
24-02-2022,42.59000015258789,44.119998931884766,42.24700164794922,43.88999938964844,42100
25-02-2022,42.83000183105469,44.900001525878906,42.83000183105469,44.77999877929688,35600
28-02-2022,45.09000015258789,46.91999816894531,45.09000015258789,45.84000015258789,73200
01-03-2022,46.310001373291016,46.81999969482422,44.81999969482422,45.34000015258789,54000
02-03-2022,45.34000015258789,46.85499954223633,45.29800033569336,46.68999862670898,32900
03-03-2022,46.65999984741211,47.0,45.540000915527344,45.84000015258789,20700
04-03-2022,45.43999862670898,46.43000030517578,45.3650016784668,46.290000915527344,28400
07-03-2022,46.34999847412109,46.5,41.27000045776367,41.52000045776367,144600
08-03-2022,41.86000061035156,41.900001525878906,37.59999847412109,37.77999877929688,126800
09-03-2022,38.790000915527344,39.08000183105469,36.5,37.09000015258789,145700
10-03-2022,36.5099983215332,36.63999938964844,34.83000183105469,36.09000015258789,149300
11-03-2022,36.31999969482422,36.33000183105469,34.400001525878906,34.47999954223633,279900
14-03-2022,34.790000915527344,35.19499969482422,33.650001525878906,34.20000076293945,183800
15-03-2022,34.36000061035156,35.65999984741211,33.84000015258789,35.029998779296875,188100
16-03-2022,35.529998779296875,36.81499862670898,35.529998779296875,36.72999954223633,158500
17-03-2022,36.70000076293945,37.7400016784668,36.63999938964844,36.880001068115234,54300
18-03-2022,36.61000061035156,37.13999938964844,35.349998474121094,36.709999084472656,235100
21-03-2022,36.650001525878906,37.46699905395508,36.43999862670898,36.93999862670898,263100
22-03-2022,37.18000030517578,38.02000045776367,37.18000030517578,37.61000061035156,91100
23-03-2022,37.130001068115234,37.900001525878906,36.02000045776367,36.40999984741211,54600
24-03-2022,36.66999816894531,36.66999816894531,36.13999938964844,36.40999984741211,54400
25-03-2022,36.619998931884766,37.540000915527344,36.5,37.09000015258789,43800
28-03-2022,37.0,37.0,35.08000183105469,35.349998474121094,34000
29-03-2022,35.630001068115234,36.13999938964844,35.369998931884766,35.689998626708984,83200
30-03-2022,35.43000030517578,36.220001220703125,35.43000030517578,36.130001068115234,79100
31-03-2022,35.7599983215332,36.13999938964844,35.7400016784668,35.86000061035156,30200
01-04-2022,37.72999954223633,39.19599914550781,36.810001373291016,38.7599983215332,98000
04-04-2022,38.79999923706055,38.79999923706055,37.70000076293945,37.95000076293945,40400
05-04-2022,37.77999877929688,38.07600021362305,36.97499847412109,37.119998931884766,41900
06-04-2022,36.970001220703125,38.27000045776367,36.40999984741211,37.9900016784668,102100
07-04-2022,37.86000061035156,38.54999923706055,37.619998931884766,38.54999923706055,70700
08-04-2022,38.52000045776367,38.86000061035156,38.060001373291016,38.52000045776367,74700
11-04-2022,38.290000915527344,39.040000915527344,38.27999877929688,38.54999923706055,32200
12-04-2022,38.95000076293945,39.43999862670898,38.209999084472656,38.58000183105469,40600
13-04-2022,38.40999984741211,39.970001220703125,38.40999984741211,39.4900016784668,58400
14-04-2022,39.70000076293945,39.70000076293945,39.0099983215332,39.34000015258789,31400
18-04-2022,39.0,39.17499923706055,37.935001373291016,38.15999984741211,27900
19-04-2022,38.13999938964844,39.209999084472656,38.13999938964844,39.11000061035156,33300
20-04-2022,39.34999847412109,39.459999084472656,38.834999084472656,39.11000061035156,43700
21-04-2022,39.09999847412109,39.16999816894531,37.40999984741211,37.7400016784668,35900
22-04-2022,37.4900016784668,37.93000030517578,36.34999847412109,36.709999084472656,44800
25-04-2022,36.63999938964844,37.18999862670898,35.310001373291016,37.09000015258789,54200
26-04-2022,36.650001525878906,37.93999862670898,36.650001525878906,37.310001373291016,47000
27-04-2022,37.29999923706055,38.11000061035156,36.93000030517578,37.150001525878906,50200
28-04-2022,37.560001373291016,38.31999969482422,36.91999816894531,37.720001220703125,46300
29-04-2022,37.630001068115234,37.869998931884766,35.724998474121094,36.09999847412109,62200
02-05-2022,35.88999938964844,36.2599983215332,35.439998626708984,35.540000915527344,59500
03-05-2022,35.95000076293945,36.91999816894531,35.54499816894531,36.470001220703125,61300
04-05-2022,36.55400085449219,37.01499938964844,36.209999084472656,36.810001373291016,23400
05-05-2022,37.04999923706055,37.04999923706055,35.22999954223633,35.75,50700
06-05-2022,35.34000015258789,35.34000015258789,33.900001525878906,34.720001220703125,49500
09-05-2022,34.189998626708984,35.29999923706055,34.189998626708984,35.09000015258789,46300
10-05-2022,35.4900016784668,36.25,34.86000061035156,36.25,48300
11-05-2022,36.25,36.2599983215332,33.7599983215332,34.029998779296875,63900
12-05-2022,34.25,34.36000061035156,32.189998626708984,33.150001525878906,53000
13-05-2022,33.209999084472656,34.3849983215332,33.09600067138672,34.06999969482422,37900
16-05-2022,34.209999084472656,35.38999938964844,34.11000061035156,34.84000015258789,33300
17-05-2022,35.290000915527344,35.75,35.119998931884766,35.310001373291016,31500
18-05-2022,34.939998626708984,34.939998626708984,32.93000030517578,33.27000045776367,39200
19-05-2022,33.2400016784668,34.63999938964844,33.0099983215332,34.08000183105469,67500
20-05-2022,34.68000030517578,34.68000030517578,32.88999938964844,33.97999954223633,56100
23-05-2022,34.29999923706055,35.70000076293945,34.19499969482422,34.619998931884766,80100
24-05-2022,34.209999084472656,34.9900016784668,33.81999969482422,34.84000015258789,37200
25-05-2022,34.5,35.400001525878906,34.09000015258789,34.31999969482422,43600
26-05-2022,34.70000076293945,34.70000076293945,33.66999816894531,34.150001525878906,86000
27-05-2022,34.41999816894531,34.650001525878906,33.95000076293945,34.5099983215332,79800
31-05-2022,34.4900016784668,35.81999969482422,34.20000076293945,35.81999969482422,88600
01-06-2022,35.66999816894531,35.9900016784668,33.834999084472656,34.130001068115234,54900
02-06-2022,34.27000045776367,35.93000030517578,33.900001525878906,35.720001220703125,59300
03-06-2022,35.220001220703125,35.2400016784668,34.349998474121094,34.61000061035156,33000
06-06-2022,35.09000015258789,36.41999816894531,34.81999969482422,35.5,31200
07-06-2022,35.189998626708984,35.970001220703125,35.06999969482422,35.90999984741211,53200
08-06-2022,35.91600036621094,35.9900016784668,34.23500061035156,34.38999938964844,41700
09-06-2022,33.83000183105469,34.34000015258789,33.560001373291016,34.130001068115234,42300
10-06-2022,33.75,34.310001373291016,33.13999938964844,34.279998779296875,50000
13-06-2022,33.41999816894531,33.75,32.790000915527344,33.08000183105469,58200
14-06-2022,33.09000015258789,33.14500045776367,31.8799991607666,32.540000915527344,87500
15-06-2022,32.5099983215332,33.13999938964844,31.920000076293945,32.58000183105469,51900
16-06-2022,32.16999816894531,32.22999954223633,31.18000030517578,32.029998779296875,108100
17-06-2022,32.41999816894531,32.457000732421875,30.96999931335449,31.729999542236328,161500
21-06-2022,31.799999237060547,32.84000015258789,31.628999710083008,32.43000030517578,49600
22-06-2022,31.8700008392334,32.61000061035156,31.8700008392334,32.189998626708984,66800
23-06-2022,32.27000045776367,32.689998626708984,30.690000534057617,31.049999237060547,40700
24-06-2022,32.459999084472656,32.5099983215332,31.825000762939453,32.4900016784668,62300
27-06-2022,32.79999923706055,34.1619987487793,32.630001068115234,33.599998474121094,32200
28-06-2022,33.619998931884766,34.58000183105469,33.2400016784668,33.34000015258789,25900
29-06-2022,33.15999984741211,33.29999923706055,32.24100112915039,32.83000183105469,41300
30-06-2022,32.27000045776367,33.60599899291992,32.27000045776367,33.459999084472656,23500
01-07-2022,33.02000045776367,34.11000061035156,32.83000183105469,33.91999816894531,30400
05-07-2022,33.59000015258789,33.59000015258789,31.891000747680664,32.099998474121094,21700
06-07-2022,32.34000015258789,32.95000076293945,31.799999237060547,32.630001068115234,27600
07-07-2022,32.650001525878906,33.290000915527344,32.650001525878906,32.84000015258789,133600
08-07-2022,33.43000030517578,33.689998626708984,29.600000381469727,31.520000457763672,51900
11-07-2022,31.1200008392334,31.51000022888184,30.01000022888184,30.36000061035156,41500
12-07-2022,30.63999938964844,31.51000022888184,30.57999992370605,31.280000686645508,52600
13-07-2022,30.899999618530277,31.32999992370605,30.30500030517578,30.540000915527344,37700
14-07-2022,30.059999465942383,30.21500015258789,29.63500022888184,29.88999938964844,41900
15-07-2022,30.59000015258789,31.18000030517578,29.96999931335449,30.3799991607666,40500
18-07-2022,30.93000030517578,31.200000762939453,29.82999992370605,30.15999984741211,41000
19-07-2022,30.38999938964844,31.8700008392334,30.38999938964844,31.68000030517578,34500
20-07-2022,32.11000061035156,32.560001373291016,31.43000030517578,32.380001068115234,40100
21-07-2022,32.20000076293945,32.869998931884766,31.59000015258789,31.65999984741211,14600
22-07-2022,32.0,32.0,30.739999771118164,31.049999237060547,33200
25-07-2022,31.56999969482422,31.850000381469727,31.11000061035156,31.21999931335449,24700
26-07-2022,31.440000534057617,31.790000915527344,30.26000022888184,31.399999618530277,30400
27-07-2022,31.68000030517578,31.684999465942383,30.700000762939453,31.100000381469727,31400
28-07-2022,31.190000534057617,32.349998474121094,31.100000381469727,32.0099983215332,25100
29-07-2022,31.82999992370605,33.33000183105469,31.71500015258789,33.2400016784668,42400
01-08-2022,33.56999969482422,33.56999969482422,32.58000183105469,32.810001373291016,54800
02-08-2022,32.470001220703125,32.599998474121094,31.11000061035156,31.36000061035156,47400
03-08-2022,31.790000915527344,32.880001068115234,31.32999992370605,32.70000076293945,51900
04-08-2022,32.41999816894531,32.45000076293945,31.280000686645508,31.40999984741211,44400
05-08-2022,31.1200008392334,31.57999992370605,30.420000076293945,31.36000061035156,22300
08-08-2022,31.15999984741211,31.799999237060547,30.729999542236328,31.09000015258789,37900
09-08-2022,30.63999938964844,30.850000381469727,29.549999237060547,29.809999465942383,34800
10-08-2022,35.0,41.25,35.0,39.709999084472656,182700
11-08-2022,39.720001220703125,39.720001220703125,37.34999847412109,37.84000015258789,89700
12-08-2022,37.84000015258789,38.18999862670898,36.09999847412109,37.41999816894531,119200
15-08-2022,36.66999816894531,37.81999969482422,36.130001068115234,36.68999862670898,76300
16-08-2022,36.5099983215332,40.27000045776367,36.5099983215332,40.09000015258789,129200
17-08-2022,39.40999984741211,40.400001525878906,39.02999877929688,39.709999084472656,64900
18-08-2022,39.869998931884766,39.869998931884766,38.5099983215332,39.4900016784668,61500
19-08-2022,39.2400016784668,39.310001373291016,37.93999862670898,38.34999847412109,84100
22-08-2022,38.13999938964844,38.13999938964844,37.43999862670898,37.650001525878906,54700
23-08-2022,37.560001373291016,37.994998931884766,37.34999847412109,37.45000076293945,48300
24-08-2022,37.36000061035156,37.900001525878906,37.13999938964844,37.2599983215332,35500
25-08-2022,37.540000915527344,38.18000030517578,37.16999816894531,37.790000915527344,50800
26-08-2022,37.66999816894531,38.11000061035156,35.97999954223633,36.33000183105469,63600
29-08-2022,36.13999938964844,37.09999847412109,35.900001525878906,36.95000076293945,41800
30-08-2022,37.06999969482422,37.44499969482422,35.220001220703125,35.279998779296875,48000
31-08-2022,35.689998626708984,35.72999954223633,34.619998931884766,34.65999984741211,80200
01-09-2022,34.529998779296875,35.5,34.189998626708984,35.029998779296875,39800
02-09-2022,35.2400016784668,35.2400016784668,34.439998626708984,34.47999954223633,46000
06-09-2022,34.380001068115234,34.875,31.71999931335449,33.560001373291016,118600
07-09-2022,33.5,34.029998779296875,32.540000915527344,33.689998626708984,49000
08-09-2022,33.779998779296875,34.439998626708984,33.060001373291016,33.880001068115234,38600
09-09-2022,35.90999984741211,38.47999954223633,35.84000015258789,36.220001220703125,93000
12-09-2022,36.90999984741211,38.18999862670898,36.2599983215332,38.0,83500
13-09-2022,37.65999984741211,41.310001373291016,37.5,41.25,661900
14-09-2022,40.47999954223633,42.755001068115234,39.869998931884766,40.060001373291016,183500
15-09-2022,40.81999969482422,41.90999984741211,40.150001525878906,40.209999084472656,91900
16-09-2022,39.65999984741211,40.0,37.709999084472656,38.810001373291016,310300
19-09-2022,38.0,39.93000030517578,38.0,39.09000015258789,81200
20-09-2022,38.72999954223633,38.72999954223633,36.900001525878906,36.90999984741211,81600
21-09-2022,37.5,38.26499938964844,36.83000183105469,37.459999084472656,65200
22-09-2022,37.060001373291016,37.25400161743164,36.16999816894531,36.2400016784668,42900
23-09-2022,35.779998779296875,35.94499969482422,34.779998779296875,35.75,62100
26-09-2022,35.439998626708984,36.4900016784668,35.220001220703125,35.709999084472656,92600
27-09-2022,35.70000076293945,36.47999954223633,35.380001068115234,35.599998474121094,66000
28-09-2022,35.619998931884766,36.18000030517578,35.222999572753906,35.9900016784668,88800
29-09-2022,35.599998474121094,36.13999938964844,34.54999923706055,35.599998474121094,187400
30-09-2022,35.52000045776367,36.06999969482422,35.275001525878906,35.400001525878906,61700
03-10-2022,35.459999084472656,36.79999923706055,35.040000915527344,36.5,57100
04-10-2022,37.40999984741211,38.209999084472656,36.52000045776367,38.08000183105469,95100
05-10-2022,37.40999984741211,38.650001525878906,37.27000045776367,37.459999084472656,54400
06-10-2022,37.56999969482422,37.90999984741211,36.54999923706055,36.83000183105469,56400
07-10-2022,36.380001068115234,36.380001068115234,35.52000045776367,36.290000915527344,74700
10-10-2022,36.4900016784668,37.40499877929688,36.38999938964844,36.790000915527344,71600
11-10-2022,36.810001373291016,37.68000030517578,36.29999923706055,36.7400016784668,58400
12-10-2022,36.4900016784668,37.13999938964844,35.7869987487793,36.650001525878906,60800
13-10-2022,35.91999816894531,37.54999923706055,35.91999816894531,37.27000045776367,53900
14-10-2022,37.880001068115234,37.880001068115234,36.00400161743164,36.310001373291016,44100
17-10-2022,36.70000076293945,37.34000015258789,36.63999938964844,36.91999816894531,55000
18-10-2022,37.47999954223633,38.24300003051758,37.47999954223633,37.77999877929688,39500
19-10-2022,37.47999954223633,38.13999938964844,37.130001068115234,38.06999969482422,30800
20-10-2022,38.15999984741211,38.34000015258789,37.560001373291016,38.040000915527344,34500
21-10-2022,38.5,38.68000030517578,37.52000045776367,38.61000061035156,37900
24-10-2022,39.040000915527344,39.275001525878906,38.08000183105469,38.63999938964844,33900
25-10-2022,38.79999923706055,39.45000076293945,38.68999862670898,39.0,41100
26-10-2022,39.45000076293945,39.45000076293945,38.71500015258789,38.7400016784668,25200
27-10-2022,38.90999984741211,40.39500045776367,38.90999984741211,39.75,54700
28-10-2022,39.9900016784668,40.70500183105469,39.8849983215332,40.29999923706055,52400
31-10-2022,39.90599822998047,41.2239990234375,39.90599822998047,40.9900016784668,45700
01-11-2022,41.04999923706055,41.400001525878906,40.83000183105469,41.27999877929688,26200
02-11-2022,41.45000076293945,42.53499984741211,41.29999923706055,41.52000045776367,54900
03-11-2022,40.72999954223633,41.70899963378906,40.650001525878906,41.040000915527344,34400
04-11-2022,41.369998931884766,41.77000045776367,40.29999923706055,41.20000076293945,44600
07-11-2022,41.77000045776367,43.42499923706055,41.619998931884766,42.810001373291016,58300
08-11-2022,42.970001220703125,43.09999847412109,41.75,42.31999969482422,54400
09-11-2022,40.34000015258789,45.53499984741211,40.34000015258789,43.7599983215332,68700
10-11-2022,44.63999938964844,44.63999938964844,42.9900016784668,44.119998931884766,49300
11-11-2022,43.68999862670898,43.834999084472656,41.5,41.68999862670898,51700
14-11-2022,41.75,42.96900177001953,41.31999969482422,41.66999816894531,59100
15-11-2022,42.06999969482422,42.7599983215332,41.95500183105469,42.040000915527344,68200
16-11-2022,41.95000076293945,42.5099983215332,41.209999084472656,41.81999969482422,57100
17-11-2022,41.4900016784668,42.01900100708008,41.2599983215332,42.0,33900
18-11-2022,42.45000076293945,43.18000030517578,41.19300079345703,42.84000015258789,70500
21-11-2022,42.33000183105469,43.27000045776367,42.31999969482422,42.650001525878906,70100
22-11-2022,42.459999084472656,42.650001525878906,39.97499847412109,40.20000076293945,128000
23-11-2022,39.84999847412109,40.01499938964844,38.86000061035156,39.790000915527344,61600
25-11-2022,39.36000061035156,40.790000915527344,39.36000061035156,40.790000915527344,29900
28-11-2022,40.040000915527344,40.18999862670898,39.16999816894531,39.619998931884766,53000
29-11-2022,39.4900016784668,39.81999969482422,38.86000061035156,39.25,55300
30-11-2022,38.9900016784668,40.40999984741211,38.20000076293945,40.40999984741211,195400
01-12-2022,40.40999984741211,40.95000076293945,40.06999969482422,40.43000030517578,46800
02-12-2022,39.93999862670898,41.060001373291016,39.93999862670898,40.79999923706055,53400
05-12-2022,40.619998931884766,41.09999847412109,40.130001068115234,40.400001525878906,49300
06-12-2022,40.290000915527344,40.630001068115234,39.65999984741211,40.0,95000
07-12-2022,39.63999938964844,40.40999984741211,38.84999847412109,39.290000915527344,39900
08-12-2022,39.470001220703125,39.83000183105469,39.09000015258789,39.52000045776367,38800
09-12-2022,39.29999923706055,39.59000015258789,38.77999877929688,38.88999938964844,46000
12-12-2022,39.33000183105469,39.33000183105469,38.400001525878906,38.709999084472656,70500
13-12-2022,39.7599983215332,39.7599983215332,38.66999816894531,38.75,79200
14-12-2022,38.38999938964844,39.150001525878906,37.93999862670898,38.11000061035156,68300
15-12-2022,37.59999847412109,37.73500061035156,36.880001068115234,37.31999969482422,61900
16-12-2022,36.959999084472656,38.400001525878906,36.959999084472656,38.2400016784668,207600
19-12-2022,37.86000061035156,38.79499816894531,37.34999847412109,37.400001525878906,74000
20-12-2022,37.43000030517578,39.0099983215332,37.43000030517578,38.869998931884766,63900
21-12-2022,39.25,39.630001068115234,38.970001220703125,39.310001373291016,45800
22-12-2022,39.060001373291016,39.93000030517578,38.67699813842773,39.86000061035156,80300
23-12-2022,39.83000183105469,40.150001525878906,39.54999923706055,39.560001373291016,27800
27-12-2022,39.75,40.630001068115234,39.48500061035156,40.45000076293945,27600
28-12-2022,40.560001373291016,41.08000183105469,40.39500045776367,40.77999877929688,72000
29-12-2022,41.09999847412109,41.65999984741211,40.06999969482422,41.119998931884766,39200
30-12-2022,40.83000183105469,41.42499923706055,40.59999847412109,41.290000915527344,32600
03-01-2023,41.63999938964844,42.12200164794922,40.75,41.7599983215332,131500
04-01-2023,41.560001373291016,42.38999938964844,41.560001373291016,41.86000061035156,49100
05-01-2023,41.93000030517578,42.0099983215332,41.27000045776367,41.45000076293945,68200
06-01-2023,41.68999862670898,42.88999938964844,41.68999862670898,42.040000915527344,31900
09-01-2023,42.130001068115234,42.23500061035156,41.52000045776367,41.65999984741211,61700
10-01-2023,41.54499816894531,42.42499923706055,41.26499938964844,42.20000076293945,46000
11-01-2023,42.38999938964844,42.75,41.58000183105469,41.650001525878906,57100
12-01-2023,41.83000183105469,42.75,41.69499969482422,42.43000030517578,46900
13-01-2023,42.18000030517578,43.47499847412109,41.81999969482422,43.209999084472656,31700
17-01-2023,43.41999816894531,44.119998931884766,43.41999816894531,43.61000061035156,42900
18-01-2023,43.95000076293945,44.09400177001953,42.27000045776367,42.40999984741211,31500
19-01-2023,42.02999877929688,42.43000030517578,41.66999816894531,42.34000015258789,41400
20-01-2023,42.83000183105469,43.3849983215332,42.625,43.02000045776367,76900
23-01-2023,43.56999969482422,44.040000915527344,43.119998931884766,43.5,32400
24-01-2023,43.22999954223633,43.56999969482422,43.060001373291016,43.11000061035156,32700
25-01-2023,42.93999862670898,43.02000045776367,42.34999847412109,42.56999969482422,28500
26-01-2023,43.130001068115234,43.91999816894531,43.119998931884766,43.720001220703125,41600
27-01-2023,43.36000061035156,43.58000183105469,43.119998931884766,43.130001068115234,30600
30-01-2023,42.43199920654297,43.45000076293945,42.2599983215332,43.15999984741211,28800
31-01-2023,43.0,44.220001220703125,43.0,44.15999984741211,59500
01-02-2023,43.810001373291016,45.54999923706055,43.810001373291016,44.9900016784668,71200
02-02-2023,45.02999877929688,45.02999877929688,42.709999084472656,43.34999847412109,57100
03-02-2023,43.31999969482422,44.04999923706055,43.18999862670898,43.2599983215332,25600
06-02-2023,43.09000015258789,44.13999938964844,42.869998931884766,43.97999954223633,42500
07-02-2023,43.630001068115234,44.11000061035156,43.1150016784668,43.91999816894531,25700
08-02-2023,43.75,44.18999862670898,43.25,44.119998931884766,39100
09-02-2023,44.2599983215332,44.7130012512207,43.185001373291016,43.65999984741211,35600
10-02-2023,43.380001068115234,44.68000030517578,43.380001068115234,44.45000076293945,65200
13-02-2023,44.470001220703125,45.02799987792969,43.59000015258789,43.68000030517578,50200
14-02-2023,43.93999862670898,44.7400016784668,43.52000045776367,44.16999816894531,37900
15-02-2023,44.18000030517578,45.0099983215332,43.494998931884766,44.5,30000
16-02-2023,44.72999954223633,45.619998931884766,44.119998931884766,44.220001220703125,49400
17-02-2023,44.619998931884766,45.84999847412109,44.400001525878906,45.61000061035156,55800
21-02-2023,45.61000061035156,47.025001525878906,45.380001068115234,46.41999816894531,63800
22-02-2023,46.84000015258789,46.845001220703125,45.375,46.47999954223633,39400
23-02-2023,46.400001525878906,47.47999954223633,46.400001525878906,46.95000076293945,49700
24-02-2023,46.290000915527344,47.4900016784668,46.09000015258789,47.459999084472656,43000
27-02-2023,47.72999954223633,49.22999954223633,47.130001068115234,47.54999923706055,73900
28-02-2023,47.38999938964844,48.560001373291016,46.31999969482422,46.369998931884766,214900
01-03-2023,46.40999984741211,48.11000061035156,46.119998931884766,47.959999084472656,58100
02-03-2023,48.43999862670898,50.15999984741211,48.369998931884766,49.56999969482422,127600
03-03-2023,51.0,51.0,42.49599838256836,45.31999969482422,460700
06-03-2023,45.43000030517578,47.709999084472656,45.33700180053711,46.06999969482422,133700
07-03-2023,45.70000076293945,46.20000076293945,44.290000915527344,44.75,83600
08-03-2023,44.75,44.75,41.400001525878906,41.540000915527344,163100
09-03-2023,41.58000183105469,42.79999923706055,39.959999084472656,40.459999084472656,133300
10-03-2023,40.369998931884766,40.540000915527344,39.369998931884766,39.38999938964844,101900
13-03-2023,38.91999816894531,40.09999847412109,38.91999816894531,39.81999969482422,118600
14-03-2023,40.61000061035156,40.61000061035156,39.02000045776367,39.58000183105469,161900
15-03-2023,38.63999938964844,39.02000045776367,36.45000076293945,37.709999084472656,217000
16-03-2023,37.59000015258789,39.310001373291016,37.14599990844727,38.59999847412109,105300
17-03-2023,38.81999969482422,38.81999969482422,37.0,37.91999816894531,459800
20-03-2023,37.77000045776367,39.58000183105469,37.77000045776367,39.27999877929688,101300
21-03-2023,40.0099983215332,41.040000915527344,39.90999984741211,40.97999954223633,100700
22-03-2023,40.790000915527344,41.04999923706055,39.59999847412109,39.59999847412109,95200
23-03-2023,39.75,39.77000045776367,38.01499938964844,38.09000015258789,69700
24-03-2023,37.619998931884766,38.68000030517578,37.470001220703125,38.459999084472656,74600
27-03-2023,39.220001220703125,39.43999862670898,38.54999923706055,39.04999923706055,62300
28-03-2023,39.0,39.79999923706055,38.72999954223633,39.20000076293945,54800
29-03-2023,39.59999847412109,39.970001220703125,38.880001068115234,39.09000015258789,56600
30-03-2023,39.40999984741211,39.650001525878906,39.255001068115234,39.43000030517578,63400
31-03-2023,39.709999084472656,40.05500030517578,39.18999862670898,39.720001220703125,96600
03-04-2023,39.66999816894531,40.400001525878906,39.63999938964844,40.20000076293945,61300
04-04-2023,40.400001525878906,40.400001525878906,39.0099983215332,39.290000915527344,42200
05-04-2023,39.720001220703125,39.88999938964844,39.150001525878906,39.59999847412109,60000
06-04-2023,39.77000045776367,40.45000076293945,39.59799957275391,40.29999923706055,58900
10-04-2023,40.13999938964844,42.02999877929688,40.13999938964844,41.81999969482422,87800
11-04-2023,41.93999862670898,42.47999954223633,41.52000045776367,41.810001373291016,56500
12-04-2023,42.040000915527344,42.25,41.310001373291016,41.79999923706055,49900
13-04-2023,41.65999984741211,42.34700012207031,41.44400024414063,42.22999954223633,54600
14-04-2023,41.97999954223633,42.7599983215332,41.7400016784668,42.040000915527344,40500
17-04-2023,41.86000061035156,42.61000061035156,41.2599983215332,42.130001068115234,59100
18-04-2023,42.16999816894531,42.33000183105469,41.59199905395508,41.880001068115234,47200
19-04-2023,41.59999847412109,42.06999969482422,41.560001373291016,41.75,37500
20-04-2023,42.209999084472656,43.72999954223633,42.20100021362305,43.68000030517578,103300
21-04-2023,43.790000915527344,43.869998931884766,42.775001525878906,43.209999084472656,61700
24-04-2023,43.38999938964844,43.630001068115234,42.75,43.130001068115234,45500
25-04-2023,43.02000045776367,43.02000045776367,41.02999877929688,41.5,71900
26-04-2023,41.11000061035156,41.33000183105469,40.77199935913086,41.22999954223633,73700
27-04-2023,41.560001373291016,42.11000061035156,40.709999084472656,42.040000915527344,69500
28-04-2023,41.93999862670898,43.31999969482422,41.900001525878906,43.20000076293945,68700
01-05-2023,43.09999847412109,44.33000183105469,43.09999847412109,44.2400016784668,46200
02-05-2023,44.02000045776367,44.02000045776367,42.209999084472656,43.18000030517578,77400
03-05-2023,43.34999847412109,44.47999954223633,43.209999084472656,43.58000183105469,59900
04-05-2023,43.369998931884766,43.369998931884766,41.959999084472656,42.77999877929688,54600
05-05-2023,43.34000015258789,43.93000030517578,42.84000015258789,43.150001525878906,45600
08-05-2023,43.630001068115234,44.9900016784668,43.630001068115234,44.5,66700
09-05-2023,44.13999938964844,45.150001525878906,43.59999847412109,44.83000183105469,65000
10-05-2023,45.9900016784668,46.0,43.97499847412109,44.650001525878906,95500
11-05-2023,44.06999969482422,44.70500183105469,42.20000076293945,42.209999084472656,85700
12-05-2023,42.18000030517578,42.33000183105469,41.43000030517578,42.2599983215332,42600
15-05-2023,42.09999847412109,42.65999984741211,41.59000015258789,42.130001068115234,59700
16-05-2023,41.59999847412109,41.76499938964844,40.470001220703125,41.220001220703125,68100
17-05-2023,41.63999938964844,42.70000076293945,41.209999084472656,42.40999984741211,194500
18-05-2023,42.20000076293945,42.59000015258789,42.08700180053711,42.400001525878906,54700
19-05-2023,43.0,43.22999954223633,41.95000076293945,42.22999954223633,63400
22-05-2023,42.43000030517578,43.08000183105469,42.220001220703125,42.52999877929688,63700
23-05-2023,42.34999847412109,42.93999862670898,41.54999923706055,42.7400016784668,73100
24-05-2023,42.52000045776367,43.04999923706055,41.8390007019043,42.7400016784668,66700
25-05-2023,42.38999938964844,42.83000183105469,41.7599983215332,41.790000915527344,66600
26-05-2023,41.77999877929688,42.0,41.34000015258789,41.68999862670898,45600
30-05-2023,41.59999847412109,41.9900016784668,41.41999816894531,41.470001220703125,43500
31-05-2023,41.43999862670898,41.650001525878906,40.75,41.25,108500
01-06-2023,41.27000045776367,42.310001373291016,41.119998931884766,41.75,45200
02-06-2023,42.34000015258789,43.13999938964844,41.81999969482422,43.02000045776367,62800
05-06-2023,43.02000045776367,43.380001068115234,42.650001525878906,42.7400016784668,51400
06-06-2023,42.93000030517578,44.8650016784668,42.93000030517578,44.40999984741211,83700
07-06-2023,44.84999847412109,46.720001220703125,44.72999954223633,46.560001373291016,75400
08-06-2023,46.7400016784668,46.7400016784668,45.650001525878906,46.13999938964844,44900
09-06-2023,45.970001220703125,46.369998931884766,45.72999954223633,46.27000045776367,47500
12-06-2023,46.08000183105469,46.68999862670898,45.93000030517578,46.18000030517578,71000
13-06-2023,46.209999084472656,46.27000045776367,45.76499938964844,45.959999084472656,62000
14-06-2023,46.27000045776367,46.4370002746582,45.33000183105469,45.61000061035156,58600
15-06-2023,44.83000183105469,45.45000076293945,44.5099983215332,45.130001068115234,52500
16-06-2023,45.59999847412109,46.06999969482422,44.970001220703125,45.869998931884766,147500
20-06-2023,45.84000015258789,46.04999923706055,45.22499847412109,45.91999816894531,40500
21-06-2023,45.66999816894531,46.63999938964844,45.15999984741211,46.31999969482422,39300
22-06-2023,46.060001373291016,46.59999847412109,45.709999084472656,46.59999847412109,63400
23-06-2023,46.04999923706055,47.97999954223633,45.6150016784668,47.79999923706055,353700
26-06-2023,47.869998931884766,48.49300003051758,46.81999969482422,47.75,103000
27-06-2023,47.90999984741211,48.72499847412109,47.45500183105469,48.650001525878906,87100
28-06-2023,48.709999084472656,49.400001525878906,48.275001525878906,49.18999862670898,56800
29-06-2023,49.25,49.95500183105469,49.220001220703125,49.63999938964844,83100
30-06-2023,49.84999847412109,50.28499984741211,49.41999816894531,49.560001373291016,73800
03-07-2023,49.52999877929688,49.83000183105469,49.150001525878906,49.400001525878906,20400
05-07-2023,49.150001525878906,49.18999862670898,48.77999877929688,48.77999877929688,56200
06-07-2023,48.380001068115234,48.400001525878906,47.709999084472656,48.220001220703125,47100
07-07-2023,48.25,49.20000076293945,47.61399841308594,48.40999984741211,34500
10-07-2023,48.36000061035156,48.97999954223633,48.34000015258789,48.66999816894531,43800
11-07-2023,48.93000030517578,49.3849983215332,48.220001220703125,48.45000076293945,41100
12-07-2023,49.150001525878906,49.150001525878906,48.2599983215332,48.36000061035156,47900
13-07-2023,48.5099983215332,49.130001068115234,48.47499847412109,48.540000915527344,30100
14-07-2023,48.5,49.27000045776367,48.20800018310547,49.2400016784668,61300
17-07-2023,49.220001220703125,50.29999923706055,49.220001220703125,49.97999954223633,56100
18-07-2023,49.810001373291016,50.45000076293945,49.560001373291016,50.09000015258789,64000
19-07-2023,50.09999847412109,50.40999984741211,49.47999954223633,49.86000061035156,39300
20-07-2023,49.9900016784668,50.13999938964844,49.560001373291016,49.9900016784668,34600
21-07-2023,50.27999877929688,50.58000183105469,48.32500076293945,49.619998931884766,48500
24-07-2023,49.36000061035156,50.400001525878906,49.34999847412109,50.400001525878906,63300
25-07-2023,49.880001068115234,50.900001525878906,49.01499938964844,50.880001068115234,82100
26-07-2023,50.470001220703125,51.459999084472656,50.40999984741211,50.77000045776367,54200
27-07-2023,51.02999877929688,51.34000015258789,49.900001525878906,50.20000076293945,92500
28-07-2023,50.630001068115234,51.14799880981445,50.09999847412109,50.68000030517578,42300
31-07-2023,50.70000076293945,51.5,50.68000030517578,51.459999084472656,53200
01-08-2023,51.34000015258789,52.29499816894531,51.16999816894531,52.16999816894531,42700
02-08-2023,51.77000045776367,53.4900016784668,51.720001220703125,53.41999816894531,102500
03-08-2023,53.38999938964844,54.95000076293945,52.59000015258789,54.560001373291016,71800
04-08-2023,54.60499954223633,54.88999938964844,52.84000015258789,52.959999084472656,67000
07-08-2023,52.95000076293945,53.63999938964844,52.70000076293945,53.18999862670898,81700
08-08-2023,52.7599983215332,53.65999984741211,52.47999954223633,53.33000183105469,62500
09-08-2023,55.84999847412109,56.75,53.70000076293945,54.5099983215332,144100
10-08-2023,54.18000030517578,54.34999847412109,50.185001373291016,51.04999923706055,126300
11-08-2023,51.20000076293945,52.29999923706055,50.59999847412109,52.209999084472656,90100
14-08-2023,52.04999923706055,52.77999877929688,51.59000015258789,52.150001525878906,80900
15-08-2023,51.81999969482422,52.61000061035156,51.209999084472656,51.58000183105469,70400
16-08-2023,51.66999816894531,53.310001373291016,51.150001525878906,52.77999877929688,61200
17-08-2023,53.25,53.54999923706055,50.709999084472656,50.77999877929688,60700
18-08-2023,49.970001220703125,51.29999923706055,49.970001220703125,50.310001373291016,58000
21-08-2023,50.310001373291016,51.15999984741211,50.119998931884766,50.45000076293945,41500
22-08-2023,50.5099983215332,51.310001373291016,50.15999984741211,50.59999847412109,38100
23-08-2023,50.5,51.040000915527344,50.09000015258789,50.65999984741211,38800
24-08-2023,50.459999084472656,51.28499984741211,49.9900016784668,50.0099983215332,48700
25-08-2023,50.09999847412109,50.25,49.345001220703125,50.040000915527344,35200
28-08-2023,50.220001220703125,51.10499954223633,49.970001220703125,50.75,35700
29-08-2023,50.68000030517578,51.18000030517578,50.18000030517578,50.290000915527344,40800
30-08-2023,50.310001373291016,51.54800033569336,50.25,50.5,52100
31-08-2023,50.5099983215332,51.0,50.310001373291016,50.310001373291016,54400
01-09-2023,50.84000015258789,51.38999938964844,50.15999984741211,50.20000076293945,57400
05-09-2023,50.09999847412109,50.09999847412109,47.77999877929688,48.040000915527344,40600
06-09-2023,47.91999816894531,48.45000076293945,46.31499862670898,46.47999954223633,46800
07-09-2023,46.54999923706055,47.59999847412109,46.02000045776367,47.52000045776367,80100
08-09-2023,47.13999938964844,47.869998931884766,47.13999938964844,47.720001220703125,42000
11-09-2023,48.18000030517578,48.34999847412109,47.45000076293945,48.119998931884766,65500
12-09-2023,48.25,48.27999877929688,47.97499847412109,48.18999862670898,29800
13-09-2023,48.2400016784668,48.7599983215332,47.380001068115234,47.75,42400
14-09-2023,47.959999084472656,48.310001373291016,47.60499954223633,47.970001220703125,49100
15-09-2023,47.75,48.619998931884766,47.3650016784668,48.36000061035156,137700
18-09-2023,48.59999847412109,50.27999877929688,48.380001068115234,50.02000045776367,44500
19-09-2023,50.27000045776367,50.540000915527344,49.685001373291016,50.25,44700
20-09-2023,50.31999969482422,50.40999984741211,49.79999923706055,49.79999923706055,69800
21-09-2023,49.7599983215332,50.29999923706055,48.959999084472656,50.20000076293945,56700
22-09-2023,50.11000061035156,50.33000183105469,50.0,50.04999923706055,40900
25-09-2023,49.90999984741211,50.47999954223633,49.46500015258789,50.459999084472656,38800
26-09-2023,50.34000015258789,50.775001525878906,49.65999984741211,50.560001373291016,121300
27-09-2023,50.81999969482422,51.20000076293945,50.27999877929688,51.08000183105469,37900
28-09-2023,51.36000061035156,51.75,51.18000030517578,51.380001068115234,45300
29-09-2023,51.46500015258789,51.77999877929688,50.810001373291016,51.65999984741211,79100
02-10-2023,51.150001525878906,51.665000915527344,50.540000915527344,51.34999847412109,68900
03-10-2023,51.209999084472656,51.84000015258789,50.84000015258789,51.310001373291016,60800
04-10-2023,50.470001220703125,52.43000030517578,50.209999084472656,51.650001525878906,52400
05-10-2023,51.59000015258789,52.400001525878906,51.22999954223633,51.869998931884766,112800
06-10-2023,51.43999862670898,53.36899948120117,51.43999862670898,53.2599983215332,128300
09-10-2023,53.25,55.11000061035156,53.08000183105469,54.7599983215332,54000
10-10-2023,55.400001525878906,55.85499954223633,53.93999862670898,54.310001373291016,63300
11-10-2023,54.310001373291016,55.41999816894531,54.27999877929688,54.47999954223633,45100
12-10-2023,54.91999816894531,55.95000076293945,53.38999938964844,53.54999923706055,61700
13-10-2023,53.34999847412109,54.63999938964844,52.79999923706055,52.810001373291016,64600
16-10-2023,53.56999969482422,54.869998931884766,53.27000045776367,53.59000015258789,60600
17-10-2023,53.66999816894531,54.93999862670898,53.470001220703125,54.2400016784668,79800
18-10-2023,54.119998931884766,54.119998931884766,52.93999862670898,53.11000061035156,56500
19-10-2023,52.77999877929688,53.34000015258789,51.75,52.25,79100
20-10-2023,52.56999969482422,52.80500030517578,50.79999923706055,50.81999969482422,74400
23-10-2023,50.810001373291016,51.40999984741211,49.90999984741211,50.09000015258789,38000
24-10-2023,50.2400016784668,50.40999984741211,49.310001373291016,50.02999877929688,56800
25-10-2023,50.0,50.43999862670898,49.7599983215332,50.04999923706055,49300
26-10-2023,50.11000061035156,52.369998931884766,49.959999084472656,50.68999862670898,32600
27-10-2023,50.790000915527344,50.790000915527344,49.84999847412109,50.0099983215332,21700
30-10-2023,50.540000915527344,51.1609992980957,49.88999938964844,50.52999877929688,30500
31-10-2023,50.52999877929688,51.11199951171875,50.10599899291992,51.06999969482422,32900
01-11-2023,50.81999969482422,51.86000061035156,50.81999969482422,51.459999084472656,46300
02-11-2023,51.970001220703125,52.560001373291016,51.334999084472656,51.68999862670898,40800
03-11-2023,52.25,52.90499877929688,51.400001525878906,51.43999862670898,87500
06-11-2023,47.83000183105469,48.959999084472656,40.2400016784668,40.72999954223633,184600
07-11-2023,40.45000076293945,42.400001525878906,39.380001068115234,42.38999938964844,108100
08-11-2023,42.400001525878906,42.65999984741211,41.540000915527344,41.59999847412109,80600
09-11-2023,41.88999938964844,42.25,40.459999084472656,40.68000030517578,58800
10-11-2023,40.54999923706055,42.17499923706055,40.290000915527344,41.86000061035156,108100
13-11-2023,42.59000015258789,44.18000030517578,42.345001220703125,43.0,101000
14-11-2023,43.970001220703125,43.970001220703125,42.97800064086914,43.75,83400
15-11-2023,43.20000076293945,44.18000030517578,43.04999923706055,43.33000183105469,107900
16-11-2023,43.09999847412109,44.06499862670898,42.52999877929688,42.72999954223633,59800
17-11-2023,43.08000183105469,43.290000915527344,42.18000030517578,42.400001525878906,87000
20-11-2023,42.79999923706055,43.48500061035156,41.77999877929688,41.900001525878906,77600
21-11-2023,41.560001373291016,42.77999877929688,41.560001373291016,42.36000061035156,276500
22-11-2023,43.09000015258789,43.31999969482422,42.540000915527344,43.09999847412109,72400
24-11-2023,43.13999938964844,44.56999969482422,43.13999938964844,44.43999862670898,54500
27-11-2023,44.220001220703125,44.63999938964844,43.52000045776367,43.56999969482422,51200
28-11-2023,43.84000015258789,44.005001068115234,42.95800018310547,43.040000915527344,82100
29-11-2023,43.27999877929688,43.36399841308594,42.11000061035156,42.5,104000
30-11-2023,42.7400016784668,42.7400016784668,41.880001068115234,42.400001525878906,198400
01-12-2023,42.11000061035156,44.27999877929688,42.11000061035156,44.02999877929688,177100
04-12-2023,44.33000183105469,44.84000015258789,43.89500045776367,44.38999938964844,69500
05-12-2023,44.560001373291016,44.56999969482422,43.76499938964844,43.84999847412109,83700
06-12-2023,44.0099983215332,44.310001373291016,42.880001068115234,42.91999816894531,113200
07-12-2023,43.34000015258789,43.34000015258789,42.209999084472656,42.4900016784668,161400
08-12-2023,42.560001373291016,43.209999084472656,42.47100067138672,43.06999969482422,75700
11-12-2023,43.15999984741211,43.880001068115234,43.15999984741211,43.72999954223633,72400
12-12-2023,43.88999938964844,44.36000061035156,43.68000030517578,44.02000045776367,178400
13-12-2023,44.380001068115234,45.79999923706055,44.24800109863281,45.16999816894531,121700
14-12-2023,45.77999877929688,45.77999877929688,44.8489990234375,45.18000030517578,81600
15-12-2023,45.43999862670898,45.43999862670898,44.400001525878906,44.4900016784668,268400
18-12-2023,45.040000915527344,45.84999847412109,44.52999877929688,45.5099983215332,66800
19-12-2023,45.380001068115234,46.25,45.380001068115234,46.0099983215332,79500
20-12-2023,46.09000015258789,46.84999847412109,45.13999938964844,45.2400016784668,76300
21-12-2023,45.18999862670898,45.88999938964844,45.11000061035156,45.81999969482422,42500
22-12-2023,46.2400016784668,46.560001373291016,45.900001525878906,45.970001220703125,43400
26-12-2023,46.20000076293945,46.77999877929688,45.790000915527344,46.65999984741211,41000
27-12-2023,46.869998931884766,47.02299880981445,46.54499816894531,46.75,49400
28-12-2023,46.84999847412109,47.095001220703125,46.43999862670898,46.77000045776367,41200
29-12-2023,46.84999847412109,47.130001068115234,46.27999877929688,46.43999862670898,46300
02-01-2024,46.400001525878906,46.61000061035156,45.7400016784668,45.900001525878906,53300
03-01-2024,45.900001525878906,45.900001525878906,44.52000045776367,44.56999969482422,50700
04-01-2024,45.40999984741211,45.40999984741211,43.95000076293945,44.0,62000
05-01-2024,43.040000915527344,43.04999923706055,40.86000061035156,41.040000915527344,135400
08-01-2024,41.18000030517578,41.18000030517578,39.72999954223633,40.36000061035156,149000
09-01-2024,39.880001068115234,40.2599983215332,39.42699813842773,39.970001220703125,99600
10-01-2024,39.7599983215332,40.150001525878906,39.53499984741211,39.720001220703125,74000
11-01-2024,39.54999923706055,39.54999923706055,38.959999084472656,39.13999938964844,65100
12-01-2024,39.52999877929688,40.18999862670898,39.15999984741211,39.900001525878906,80500
16-01-2024,39.4900016784668,39.4900016784668,37.900001525878906,38.36000061035156,105000
17-01-2024,38.0,39.150001525878906,38.0,38.25,53200
18-01-2024,38.25,39.060001373291016,37.755001068115234,39.0,98000
19-01-2024,39.2599983215332,39.2599983215332,38.435001373291016,38.869998931884766,66700
22-01-2024,38.959999084472656,39.290000915527344,38.34799957275391,39.04999923706055,69100
23-01-2024,39.38999938964844,40.06999969482422,39.18000030517578,40.060001373291016,67300
24-01-2024,40.45000076293945,40.63999938964844,39.84000015258789,39.97999954223633,76500
25-01-2024,40.459999084472656,41.18999862670898,38.75,40.33000183105469,419600
26-01-2024,40.7599983215332,41.47999954223633,39.84000015258789,39.95000076293945,84600
29-01-2024,39.65999984741211,39.66999816894531,38.95000076293945,39.31999969482422,59200
30-01-2024,39.27999877929688,39.86000061035156,39.0,39.08000183105469,34700
31-01-2024,38.70000076293945,39.935001373291016,38.70000076293945,38.88999938964844,84500
01-02-2024,39.06999969482422,39.310001373291016,38.38999938964844,39.18999862670898,68000
02-02-2024,39.34000015258789,39.34000015258789,38.130001068115234,38.33000183105469,55900
05-02-2024,38.06999969482422,38.2400016784668,37.55500030517578,38.0099983215332,57900
06-02-2024,37.790000915527344,38.59000015258789,37.790000915527344,38.20000076293945,41900
07-02-2024,38.31999969482422,38.31999969482422,37.70000076293945,37.880001068115234,54000
08-02-2024,38.130001068115234,38.130001068115234,37.0369987487793,37.900001525878906,69900
09-02-2024,37.880001068115234,38.06499862670898,37.52000045776367,37.79999923706055,119800
12-02-2024,37.61000061035156,39.56499862670898,37.61000061035156,39.20000076293945,114600
13-02-2024,38.4900016784668,38.4900016784668,37.15999984741211,37.2400016784668,68100
14-02-2024,37.75,38.39500045776367,37.290000915527344,38.31999969482422,69600
15-02-2024,38.790000915527344,39.92499923706055,38.790000915527344,39.650001525878906,86000
16-02-2024,39.369998931884766,39.86000061035156,38.97999954223633,38.9900016784668,63400
20-02-2024,38.619998931884766,38.93999862670898,38.43999862670898,38.56999969482422,88000
21-02-2024,38.810001373291016,39.06999969482422,38.650001525878906,39.060001373291016,55500
22-02-2024,38.79999923706055,39.18999862670898,37.90999984741211,37.95000076293945,77600
23-02-2024,38.08000183105469,39.27000045776367,38.05500030517578,39.2400016784668,87200
26-02-2024,39.02999877929688,39.459999084472656,38.34999847412109,38.66999816894531,74800
27-02-2024,38.540000915527344,38.7400016784668,37.81999969482422,37.83000183105469,93100
28-02-2024,37.58000183105469,38.25,37.58000183105469,37.959999084472656,90800
29-02-2024,38.59000015258789,38.90499877929688,38.18999862670898,38.5,86600
01-03-2024,38.65999984741211,38.744998931884766,37.970001220703125,38.70000076293945,85200
04-03-2024,39.0099983215332,39.34999847412109,38.26800155639648,38.63999938964844,105900
05-03-2024,42.83000183105469,44.11000061035156,41.70000076293945,43.5099983215332,363500
06-03-2024,44.5099983215332,45.54999923706055,42.630001068115234,44.47999954223633,227600
07-03-2024,44.90999984741211,45.334999084472656,44.0,45.0,98300
08-03-2024,45.20000076293945,45.29999923706055,43.59000015258789,44.91999816894531,129700
11-03-2024,44.470001220703125,44.525001525878906,43.83000183105469,44.06999969482422,85100
12-03-2024,43.58000183105469,44.22999954223633,43.2599983215332,44.09999847412109,87000
13-03-2024,43.77000045776367,44.90999984741211,43.77000045776367,44.720001220703125,67000
14-03-2024,44.4900016784668,44.81999969482422,44.27999877929688,44.56999969482422,116800
15-03-2024,44.2599983215332,45.65999984741211,44.20000076293945,44.31999969482422,222300
18-03-2024,43.869998931884766,44.34000015258789,43.59000015258789,44.08000183105469,100400
19-03-2024,44.119998931884766,44.52000045776367,43.130001068115234,43.59999847412109,111500
20-03-2024,43.59000015258789,43.78499984741211,42.7599983215332,43.56999969482422,62000
21-03-2024,43.93000030517578,44.540000915527344,43.755001068115234,44.2400016784668,72600
22-03-2024,44.380001068115234,44.380001068115234,43.64500045776367,43.720001220703125,69700
25-03-2024,43.72999954223633,44.5,43.72999954223633,44.29999923706055,74100
26-03-2024,44.5,45.209999084472656,44.369998931884766,45.18999862670898,84500
27-03-2024,45.5,46.45000076293945,45.09999847412109,46.369998931884766,133100
28-03-2024,46.45000076293945,47.5,46.43999862670898,46.709999084472656,82500
01-04-2024,46.59999847412109,46.59999847412109,45.0,45.97999954223633,72900
02-04-2024,45.79999923706055,46.02999877929688,45.209999084472656,45.880001068115234,64600
03-04-2024,45.70000076293945,46.40999984741211,45.220001220703125,45.66999816894531,44900
04-04-2024,46.0,46.665000915527344,45.29999923706055,46.16999816894531,59200
05-04-2024,46.11000061035156,46.11000061035156,45.38999938964844,45.84000015258789,99500
08-04-2024,45.95000076293945,46.720001220703125,45.95000076293945,46.34000015258789,31600
09-04-2024,46.15999984741211,46.40999984741211,45.685001373291016,45.880001068115234,49300
10-04-2024,44.84999847412109,45.2599983215332,44.34999847412109,44.81999969482422,53300
11-04-2024,44.7599983215332,45.51499938964844,44.52999877929688,44.88999938964844,29800
12-04-2024,45.02000045776367,45.02000045776367,43.9900016784668,44.58000183105469,48900
15-04-2024,45.04999923706055,46.09000015258789,44.790000915527344,45.40999984741211,73000
16-04-2024,45.38999938964844,46.13999938964844,44.94499969482422,45.91999816894531,88500
17-04-2024,46.0,46.59999847412109,46.0,46.25,91100
18-04-2024,46.369998931884766,47.7400016784668,46.3650016784668,46.9900016784668,73900
19-04-2024,47.02000045776367,48.16999816894531,47.02000045776367,48.0,93500
22-04-2024,48.18999862670898,49.02999877929688,47.869998931884766,48.54999923706055,142100
23-04-2024,48.25,50.34999847412109,48.25,50.33000183105469,125800
24-04-2024,50.2400016784668,50.34999847412109,49.61000061035156,50.09999847412109,80200
25-04-2024,50.290000915527344,50.290000915527344,49.36000061035156,49.93999862670898,66000
26-04-2024,50.0,50.09999847412109,49.66999816894531,50.060001373291016,42600
29-04-2024,50.08000183105469,50.41999816894531,49.43999862670898,49.59000015258789,58000
30-04-2024,49.540000915527344,49.790000915527344,48.560001373291016,48.58000183105469,88500
01-05-2024,49.06999969482422,50.41999816894531,49.06999969482422,49.75,75800
02-05-2024,50.52999877929688,51.880001068115234,50.20000076293945,51.650001525878906,94900
03-05-2024,52.0,52.0,51.02099990844727,51.45000076293945,42500
06-05-2024,51.70000076293945,52.470001220703125,51.48500061035156,52.11000061035156,49800
07-05-2024,51.33000183105469,52.5,49.33000183105469,49.900001525878906,166200
08-05-2024,50.5,51.54999923706055,49.93000030517578,49.93000030517578,81100
09-05-2024,50.27999877929688,51.0,48.70000076293945,49.22999954223633,63700
10-05-2024,49.11000061035156,49.310001373291016,48.84000015258789,49.119998931884766,61600
13-05-2024,48.880001068115234,49.33000183105469,46.9900016784668,47.130001068115234,129400
14-05-2024,47.77999877929688,47.77999877929688,46.34000015258789,46.43999862670898,100500
15-05-2024,46.9900016784668,47.0,45.86000061035156,46.810001373291016,71500
16-05-2024,47.02999877929688,47.29999923706055,46.06999969482422,46.33000183105469,58300
17-05-2024,46.56999969482422,46.632999420166016,45.900001525878906,46.58000183105469,59800
20-05-2024,46.31999969482422,47.459999084472656,46.31999969482422,47.02999877929688,75000
21-05-2024,47.16999816894531,47.16999816894531,46.555999755859375,47.040000915527344,26300
22-05-2024,46.77000045776367,47.45299911499024,45.86000061035156,45.93999862670898,72500
23-05-2024,45.65999984741211,45.65999984741211,44.25,44.369998931884766,61500
24-05-2024,44.900001525878906,46.09999847412109,44.47499847412109,46.04999923706055,67700
28-05-2024,46.31999969482422,47.18999862670898,45.93000030517578,45.95000076293945,76900
29-05-2024,45.27000045776367,45.86000061035156,44.79800033569336,45.5,68700
30-05-2024,45.95000076293945,46.2130012512207,45.36000061035156,45.9900016784668,58700
31-05-2024,47.0,48.150001525878906,46.54999923706055,48.11000061035156,119800
03-06-2024,48.54999923706055,48.79999923706055,47.0099983215332,47.16999816894531,65200
04-06-2024,46.56999969482422,47.0,46.52000045776367,46.88999938964844,54300
05-06-2024,47.130001068115234,48.04999923706055,46.7400016784668,48.0,68800
06-06-2024,47.93000030517578,48.37799835205078,46.709999084472656,47.0,53100
07-06-2024,46.38999938964844,46.94100189208984,46.0099983215332,46.83000183105469,76100
10-06-2024,46.310001373291016,47.06999969482422,44.95500183105469,46.4900016784668,46500
11-06-2024,45.9900016784668,46.2400016784668,45.65999984741211,46.0,48500
12-06-2024,46.68999862670898,47.3849983215332,46.20000076293945,46.59999847412109,168500
13-06-2024,46.16999816894531,46.16999816894531,44.61000061035156,45.70000076293945,73600
14-06-2024,45.09000015258789,45.5,44.630001068115234,45.369998931884766,74900
17-06-2024,45.130001068115234,46.119998931884766,44.959999084472656,46.09999847412109,97500
18-06-2024,46.02999877929688,47.0099983215332,45.93600082397461,46.75,102800
20-06-2024,46.27999877929688,47.2599983215332,46.150001525878906,47.20000076293945,121700
21-06-2024,49.0,50.369998931884766,47.63999938964844,49.720001220703125,385700
24-06-2024,49.22999954223633,50.18000030517578,48.150001525878906,48.56999969482422,142000
25-06-2024,48.560001373291016,48.74700164794922,47.209999084472656,47.970001220703125,86900
26-06-2024,47.5,47.720001220703125,46.98500061035156,47.619998931884766,62900
27-06-2024,47.70000076293945,47.84000015258789,47.31999969482422,47.470001220703125,53800
28-06-2024,48.02000045776367,48.380001068115234,47.560001373291016,47.959999084472656,252300
01-07-2024,48.16999816894531,48.16999816894531,46.61000061035156,46.7400016784668,57500
02-07-2024,47.0,47.4900016784668,46.57899856567383,47.45000076293945,48400
03-07-2024,47.400001525878906,48.68999862670898,47.400001525878906,48.33000183105469,36300
05-07-2024,48.2599983215332,48.2599983215332,47.09000015258789,47.43999862670898,44600
08-07-2024,47.95000076293945,48.7599983215332,47.95000076293945,48.369998931884766,45000
09-07-2024,48.220001220703125,48.220001220703125,47.369998931884766,47.43999862670898,45500
10-07-2024,47.90999984741211,48.13100051879883,47.4900016784668,47.91999816894531,39100
11-07-2024,48.43000030517578,49.970001220703125,48.290000915527344,49.45000076293945,71100
12-07-2024,50.02999877929688,50.32799911499024,49.275001525878906,49.75,60700
15-07-2024,50.369998931884766,51.18999862670898,49.56999969482422,50.619998931884766,102700
16-07-2024,51.18999862670898,52.619998931884766,50.83000183105469,52.470001220703125,124100
17-07-2024,52.380001068115234,53.0,52.040000915527344,52.150001525878906,85700
18-07-2024,51.70000076293945,52.69499969482422,51.459999084472656,51.470001220703125,61100
19-07-2024,51.380001068115234,51.47999954223633,50.08000183105469,50.400001525878906,75400
22-07-2024,50.380001068115234,52.900001525878906,50.185001373291016,52.65999984741211,67400
23-07-2024,52.43000030517578,53.74800109863281,51.79499816894531,52.70000076293945,75100
24-07-2024,52.650001525878906,52.7400016784668,51.59000015258789,51.619998931884766,52900
25-07-2024,51.97999954223633,52.95000076293945,51.560001373291016,51.560001373291016,56700
26-07-2024,52.25,52.31499862670898,51.5099983215332,51.79999923706055,86900
29-07-2024,52.16999816894531,52.16999816894531,51.16999816894531,51.5099983215332,75900
30-07-2024,51.970001220703125,52.68999862670898,51.47999954223633,51.72999954223633,66000
31-07-2024,52.11000061035156,52.810001373291016,51.400001525878906,52.130001068115234,56100
01-08-2024,52.209999084472656,52.209999084472656,49.70000076293945,50.310001373291016,71600
02-08-2024,48.90999984741211,49.505001068115234,47.9900016784668,48.09000015258789,86300
05-08-2024,45.72999954223633,47.56999969482422,45.40399932861328,47.04999923706055,102400
06-08-2024,48.84000015258789,50.54199981689453,44.83000183105469,45.75,131100
07-08-2024,45.75,45.970001220703125,45.084999084472656,45.900001525878906,83800
08-08-2024,46.5099983215332,47.9900016784668,45.9900016784668,47.38999938964844,55900
09-08-2024,47.77999877929688,47.790000915527344,46.11000061035156,46.959999084472656,75400
12-08-2024,47.38999938964844,48.369998931884766,46.334999084472656,47.13999938964844,101600
13-08-2024,47.709999084472656,48.27000045776367,46.790000915527344,48.2599983215332,63500
14-08-2024,48.060001373291016,48.165000915527344,47.06999969482422,47.209999084472656,46100
15-08-2024,48.290000915527344,48.290000915527344,47.30500030517578,47.75,79500
16-08-2024,47.77999877929688,48.59999847412109,47.72999954223633,47.900001525878906,125100
19-08-2024,47.880001068115234,48.13999938964844,47.72999954223633,47.79999923706055,77800
20-08-2024,47.470001220703125,47.470001220703125,46.630001068115234,46.83000183105469,58200
21-08-2024,50.0099983215332,53.18000030517578,49.7599983215332,53.119998931884766,212600
22-08-2024,53.119998931884766,55.25,52.65999984741211,55.20000076293945,151000
23-08-2024,55.84999847412109,57.41999816894531,55.27999877929688,57.09000015258789,127400
26-08-2024,57.34999847412109,58.25,55.77000045776367,56.63999938964844,131100
27-08-2024,56.18999862670898,56.34000015258789,55.2599983215332,55.91999816894531,85700
28-08-2024,55.43999862670898,56.54999923706055,55.00199890136719,56.25,49700
29-08-2024,56.560001373291016,57.18000030517578,55.79999923706055,56.119998931884766,87300
30-08-2024,56.630001068115234,56.91999816894531,55.900001525878906,56.650001525878906,85200
03-09-2024,56.27000045776367,56.54499816894531,53.665000915527344,54.52999877929688,62900
04-09-2024,54.08000183105469,54.61000061035156,53.31999969482422,53.34999847412109,73200
05-09-2024,50.52999877929688,50.52999877929688,47.9900016784668,48.34000015258789,866600
06-09-2024,48.18999862670898,48.7400016784668,47.5,47.5,375600
09-09-2024,49.22999954223633,50.27999877929688,48.060001373291016,48.56999969482422,357300
10-09-2024,49.27999877929688,49.59000015258789,48.5,48.70000076293945,208400
11-09-2024,48.09000015258789,48.7400016784668,47.04999923706055,48.40999984741211,139600
12-09-2024,48.5,49.58000183105469,48.27000045776367,49.56999969482422,113700
13-09-2024,50.09999847412109,51.40999984741211,49.72600173950195,50.709999084472656,132800
16-09-2024,51.09999847412109,51.34000015258789,50.720001220703125,51.31999969482422,100900
17-09-2024,51.34999847412109,52.52000045776367,51.02999877929688,52.2400016784668,148000
18-09-2024,52.61000061035156,52.810001373291016,51.29999923706055,51.40999984741211,147100
19-09-2024,52.369998931884766,54.4900016784668,52.040000915527344,54.459999084472656,141000
20-09-2024,54.130001068115234,55.470001220703125,53.334999084472656,54.59999847412109,375400
23-09-2024,55.20000076293945,55.20000076293945,54.13999938964844,55.119998931884766,183600
24-09-2024,55.369998931884766,55.61000061035156,54.334999084472656,55.27000045776367,115700
25-09-2024,55.31999969482422,55.43000030517578,54.72499847412109,54.72999954223633,119800
26-09-2024,55.20000076293945,55.52000045776367,54.650001525878906,55.06999969482422,167400
27-09-2024,55.27000045776367,55.77999877929688,55.0,55.54999923706055,137200
30-09-2024,55.15999984741211,55.95000076293945,54.96500015258789,55.86000061035156,165000
01-10-2024,56.0,57.0,55.04999923706055,56.66999816894531,171600
02-10-2024,56.77000045776367,57.58000183105469,56.20000076293945,57.09000015258789,103400
03-10-2024,57.040000915527344,57.90999984741211,56.61299896240234,57.75,141900
04-10-2024,58.790000915527344,58.790000915527344,57.29999923706055,58.54999923706055,123300
07-10-2024,58.119998931884766,59.59000015258789,58.119998931884766,59.290000915527344,148800
08-10-2024,59.47999954223633,59.75,58.619998931884766,59.16999816894531,187900
09-10-2024,59.63999938964844,61.45100021362305,59.58000183105469,60.290000915527344,221500
10-10-2024,59.83000183105469,60.29999923706055,58.54999923706055,59.43999862670898,252400
11-10-2024,60.72999954223633,64.19999694824219,60.65999984741211,64.0,235300
14-10-2024,63.810001373291016,65.58999633789062,63.2400016784668,65.13999938964844,119200
15-10-2024,65.33000183105469,65.4469985961914,62.93999862670898,62.95000076293945,126100
16-10-2024,63.130001068115234,64.27999877929688,62.959999084472656,63.93000030517578,97600
17-10-2024,63.83000183105469,64.62000274658203,63.18299865722656,63.68000030517578,104600
18-10-2024,64.0,64.33499908447266,63.040000915527344,63.790000915527344,96900
21-10-2024,63.900001525878906,64.10800170898438,62.380001068115234,63.040000915527344,62500
22-10-2024,62.84000015258789,63.20500183105469,62.209999084472656,62.72999954223633,77500
23-10-2024,62.41999816894531,63.4900016784668,61.80500030517578,62.2400016784668,61900
24-10-2024,62.68999862670898,63.415000915527344,61.77000045776367,62.18000030517578,57900
25-10-2024,62.880001068115234,63.36000061035156,61.959999084472656,62.209999084472656,68500
28-10-2024,62.7400016784668,63.5099983215332,62.09999847412109,62.81999969482422,51000
29-10-2024,62.54999923706055,62.97499847412109,62.08000183105469,62.54999923706055,77100
30-10-2024,62.41999816894531,63.86000061035156,62.41999816894531,62.59999847412109,69100
31-10-2024,62.41999816894531,62.55500030517578,61.48799896240234,61.59999847412109,75200
01-11-2024,62.08000183105469,63.0099983215332,61.38999938964844,61.459999084472656,75600
04-11-2024,62.0,63.00400161743164,61.84000015258789,61.90999984741211,84000
05-11-2024,66.0,66.0,58.900001525878906,62.68000030517578,449500
06-11-2024,64.94000244140625,69.2699966430664,63.89500045776367,68.81999969482422,312200
07-11-2024,69.06999969482422,69.06999969482422,66.22000122070312,66.58999633789062,165000
08-11-2024,66.54000091552734,67.69999694824219,65.76000213623047,66.5199966430664,167200
11-11-2024,67.29000091552734,69.75,66.76000213623047,68.69999694824219,172300
12-11-2024,68.52999877929688,69.11000061035156,67.5199966430664,67.69000244140625,84700
13-11-2024,62.75,62.75,59.93999862670898,60.66999816894531,1519800
14-11-2024,60.84999847412109,61.255001068115234,58.45000076293945,59.41999816894531,891700
15-11-2024,59.43000030517578,59.43000030517578,56.34000015258789,56.959999084472656,600200
18-11-2024,56.720001220703125,57.54999923706055,55.66999816894531,57.43999862670898,266000
19-11-2024,57.15999984741211,59.61000061035156,57.15999984741211,59.52999877929688,230900
20-11-2024,59.68999862670898,61.959999084472656,59.435001373291016,61.81999969482422,262300
21-11-2024,62.130001068115234,62.13999938964844,60.45000076293945,61.15999984741211,158800
22-11-2024,61.5099983215332,62.220001220703125,60.16999816894531,60.68999862670898,265400
25-11-2024,61.97999954223633,62.27999877929688,60.369998931884766,60.59999847412109,336100
26-11-2024,60.54999923706055,60.91999816894531,59.56999969482422,60.209999084472656,287000
27-11-2024,60.7599983215332,60.95000076293945,59.86000061035156,60.290000915527344,167200
29-11-2024,60.720001220703125,61.290000915527344,60.02000045776367,60.25,85200
02-12-2024,60.0,60.880001068115234,59.369998931884766,59.59000015258789,541800
03-12-2024,59.27999877929688,60.06999969482422,58.20000076293945,60.06999969482422,211600
04-12-2024,60.20000076293945,60.52000045776367,59.52000045776367,59.900001525878906,358700
05-12-2024,59.77000045776367,60.27000045776367,59.415000915527344,60.25,232800
06-12-2024,60.88999938964844,61.369998931884766,59.93000030517578,61.16999816894531,189700
09-12-2024,61.470001220703125,61.79999923706055,58.790000915527344,58.81999969482422,223200
10-12-2024,58.34999847412109,59.994998931884766,58.34999847412109,59.4900016784668,266400
11-12-2024,60.310001373291016,60.86000061035156,59.040000915527344,59.31999969482422,189600
12-12-2024,58.08000183105469,58.08000183105469,54.720001220703125,55.400001525878906,354900
13-12-2024,55.400001525878906,55.93000030517578,53.84000015258789,55.810001373291016,188600
16-12-2024,56.060001373291016,57.1349983215332,55.220001220703125,57.060001373291016,273800
17-12-2024,56.61000061035156,56.78499984741211,55.11000061035156,56.18999862670898,239100
18-12-2024,56.43000030517578,57.65999984741211,52.80500030517578,53.11000061035156,261000
19-12-2024,52.47999954223633,53.18999862670898,47.310001373291016,49.040000915527344,729300
20-12-2024,48.75,50.220001220703125,48.060001373291016,49.0099983215332,1055900
23-12-2024,48.40999984741211,48.93999862670898,47.43999862670898,48.43999862670898,187900
24-12-2024,48.130001068115234,48.22800064086914,47.36000061035156,47.400001525878906,101700
26-12-2024,47.34999847412109,48.29999923706055,46.90999984741211,47.54999923706055,268900
27-12-2024,47.20000076293945,47.63999938964844,46.52000045776367,46.97999954223633,238600
30-12-2024,47.58000183105469,48.869998931884766,46.47999954223633,48.209999084472656,237700
31-12-2024,48.27000045776367,48.560001373291016,47.2400016784668,47.83000183105469,159000
02-01-2025,48.290000915527344,48.82500076293945,47.45000076293945,47.59000015258789,184100
03-01-2025,47.720001220703125,48.380001068115234,47.0099983215332,48.20000076293945,249300
06-01-2025,48.47999954223633,49.09999847412109,46.869998931884766,46.91999816894531,171700
07-01-2025,47.0,47.5,46.0,46.93999862670898,198000
08-01-2025,46.41999816894531,47.16999816894531,45.65999984741211,47.16999816894531,215900
10-01-2025,46.61000061035156,46.880001068115234,45.47999954223633,46.77000045776367,170000
13-01-2025,45.88999938964844,47.61000061035156,45.88999938964844,47.54999923706055,159200
14-01-2025,47.560001373291016,49.2599983215332,47.560001373291016,49.25,203300
15-01-2025,50.400001525878906,51.869998931884766,49.720001220703125,51.790000915527344,233200
16-01-2025,51.540000915527344,51.77000045776367,50.45000076293945,51.68000030517578,241500
17-01-2025,52.150001525878906,52.93000030517578,51.25,52.93000030517578,135000
21-01-2025,54.790000915527344,55.41999816894531,53.70000076293945,55.15999984741211,374600
22-01-2025,55.47999954223633,55.47999954223633,53.79999923706055,54.06999969482422,351300
23-01-2025,53.880001068115234,54.51499938964844,52.900001525878906,53.68000030517578,328700
24-01-2025,53.400001525878906,53.68999862670898,52.7400016784668,53.119998931884766,128000
27-01-2025,52.68999862670898,54.220001220703125,52.46500015258789,53.560001373291016,236900
28-01-2025,53.720001220703125,54.380001068115234,51.77999877929688,51.97999954223633,228300
29-01-2025,51.68999862670898,53.02000045776367,51.30099868774414,51.79999923706055,146200
30-01-2025,52.11000061035156,53.0099983215332,51.380001068115234,51.63999938964844,176500
31-01-2025,51.63999938964844,52.900001525878906,51.16999816894531,52.130001068115234,209800
03-02-2025,51.40999984741211,52.2599983215332,50.6349983215332,51.27000045776367,100700
04-02-2025,50.90999984741211,51.95399856567383,50.90999984741211,51.459999084472656,84500
05-02-2025,52.060001373291016,52.68999862670898,51.3650016784668,51.86000061035156,102500
06-02-2025,51.86000061035156,52.43000030517578,49.9900016784668,50.97999954223633,118600
07-02-2025,51.06999969482422,51.06999969482422,49.13999938964844,49.91999816894531,132000
10-02-2025,50.18999862670898,50.88999938964844,49.79999923706055,50.0099983215332,116400
11-02-2025,49.790000915527344,50.47999954223633,49.03499984741211,49.119998931884766,152400
12-02-2025,47.709999084472656,48.59000015258789,47.33000183105469,47.470001220703125,162800
13-02-2025,48.06999969482422,48.06999969482422,45.994998931884766,46.470001220703125,271100
14-02-2025,46.560001373291016,46.7140007019043,44.70000076293945,44.93000030517578,234800
18-02-2025,44.93000030517578,45.70299911499024,44.08000183105469,44.93000030517578,238900
19-02-2025,44.52000045776367,45.400001525878906,44.04499816894531,44.2599983215332,219600
20-02-2025,44.43000030517578,44.540000915527344,41.91999816894531,43.09999847412109,202400
21-02-2025,43.5,43.810001373291016,41.83000183105469,42.08000183105469,200600
24-02-2025,42.540000915527344,42.869998931884766,41.07500076293945,42.04999923706055,329500
25-02-2025,45.040000915527344,50.0,45.040000915527344,48.66999816894531,1015200
26-02-2025,48.9900016784668,49.4900016784668,46.8650016784668,47.2400016784668,306400
27-02-2025,46.91999816894531,47.220001220703125,46.29999923706055,47.04999923706055,191900
28-02-2025,46.75,47.185001373291016,45.88999938964844,46.91999816894531,306600
03-03-2025,46.869998931884766,47.20000076293945,45.06999969482422,45.79999923706055,292100
04-03-2025,45.25,46.38999938964844,44.35499954223633,45.380001068115234,261200
05-03-2025,45.380001068115234,47.119998931884766,45.20500183105469,47.119998931884766,269600
06-03-2025,46.47999954223633,46.56999969482422,45.130001068115234,46.209999084472656,346600
07-03-2025,46.20000076293945,47.459999084472656,46.0,46.93999862670898,264400
10-03-2025,45.720001220703125,47.58000183105469,45.720001220703125,46.97999954223633,330200
11-03-2025,47.380001068115234,48.59000015258789,46.65999984741211,47.75,231800
12-03-2025,48.5099983215332,49.119998931884766,47.31999969482422,48.47999954223633,340500
13-03-2025,48.31999969482422,49.66999816894531,48.31999969482422,48.619998931884766,263300
14-03-2025,48.84999847412109,49.8650016784668,48.2400016784668,48.9900016784668,322000
17-03-2025,49.77000045776367,51.45000076293945,48.47999954223633,49.150001525878906,340200
18-03-2025,48.720001220703125,52.130001068115234,48.29999923706055,51.5,442900
19-03-2025,51.25,52.20000076293945,50.81499862670898,51.84999847412109,286400
20-03-2025,51.380001068115234,52.20000076293945,50.43999862670898,51.59000015258789,385400
21-03-2025,51.310001373291016,51.310001373291016,49.119998931884766,49.16999816894531,1164500
24-03-2025,49.27000045776367,50.75,49.27000045776367,50.650001525878906,182100
25-03-2025,50.31999969482422,50.93999862670898,49.9900016784668,50.86000061035156,202000
26-03-2025,52.52000045776367,52.58000183105469,50.43999862670898,50.84000015258789,233000
27-03-2025,50.84999847412109,51.68999862670898,50.08000183105469,51.0099983215332,177000
28-03-2025,50.86000061035156,51.02000045776367,48.959999084472656,49.54999923706055,160700
31-03-2025,49.040000915527344,49.52999877929688,48.119998931884766,49.04999923706055,194400
01-04-2025,48.56999969482422,49.459999084472656,47.7400016784668,48.790000915527344,127100
02-04-2025,48.0099983215332,51.959999084472656,48.0099983215332,50.86000061035156,378300
03-04-2025,49.970001220703125,49.970001220703125,47.59999847412109,48.34000015258789,189700
04-04-2025,46.63999938964844,47.13999938964844,44.41999816894531,45.459999084472656,258900
07-04-2025,44.86000061035156,46.880001068115234,42.09000015258789,45.369998931884766,213500
08-04-2025,47.22999954223633,47.52000045776367,44.81999969482422,45.65999984741211,226800
09-04-2025,45.27000045776367,50.4900016784668,44.630001068115234,49.720001220703125,287300
10-04-2025,47.77000045776367,49.34000015258789,47.27999877929688,48.43999862670898,213700
11-04-2025,48.540000915527344,50.209999084472656,47.470001220703125,49.88999938964844,142200
14-04-2025,50.02000045776367,50.61000061035156,49.09999847412109,50.0,146600
15-04-2025,49.13999938964844,50.220001220703125,48.4109992980957,48.72999954223633,112300
16-04-2025,47.209999084472656,48.90999984741211,47.209999084472656,48.459999084472656,124300
17-04-2025,48.0,48.93000030517578,47.81999969482422,48.34000015258789,153000
21-04-2025,48.400001525878906,48.400001525878906,46.290000915527344,46.83000183105469,161200
22-04-2025,46.84999847412109,48.18999862670898,46.310001373291016,47.400001525878906,162100
23-04-2025,48.18000030517578,49.220001220703125,47.560001373291016,47.72999954223633,118400
24-04-2025,47.310001373291016,49.88999938964844,47.310001373291016,49.43000030517578,164000
25-04-2025,49.36000061035156,50.09999847412109,48.641998291015625,49.810001373291016,96100
28-04-2025,49.810001373291016,50.630001068115234,49.244998931884766,50.04999923706055,107800
29-04-2025,50.0,50.84000015258789,49.72499847412109,50.220001220703125,109100
30-04-2025,50.0099983215332,50.14500045776367,49.040000915527344,49.7599983215332,89200
01-05-2025,49.7599983215332,50.060001373291016,48.880001068115234,49.459999084472656,85800
02-05-2025,49.88999938964844,50.40999984741211,49.1349983215332,49.43000030517578,197200
05-05-2025,49.43999862670898,50.05500030517578,48.91999816894531,48.91999816894531,131000
06-05-2025,45.59999847412109,48.75,45.22999954223633,47.90999984741211,352100
07-05-2025,48.02000045776367,49.40999984741211,48.02000045776367,48.79999923706055,191700
08-05-2025,49.810001373291016,50.790000915527344,48.56499862670898,50.70000076293945,186600
09-05-2025,50.68999862670898,50.81499862670898,49.63999938964844,50.59999847412109,123300
12-05-2025,52.880001068115234,53.0,50.810001373291016,51.40999984741211,219700
13-05-2025,51.84999847412109,52.57500076293945,51.04999923706055,52.0,145900
14-05-2025,51.72999954223633,52.310001373291016,51.005001068115234,51.84000015258789,181500
15-05-2025,52.09999847412109,52.5,51.45000076293945,52.310001373291016,153500
16-05-2025,48.77999877929688,48.79999923706055,47.06999969482422,48.02000045776367,1396000
19-05-2025,47.45000076293945,48.43999862670898,47.040000915527344,48.040000915527344,247400
20-05-2025,47.7599983215332,49.209999084472656,47.7599983215332,48.34000015258789,412400
21-05-2025,48.15999984741211,48.30099868774414,46.61000061035156,47.08000183105469,280600
22-05-2025,48.40999984741211,48.40999984741211,46.0,46.43000030517578,296800
23-05-2025,45.970001220703125,46.435001373291016,45.244998931884766,45.41999816894531,268300
27-05-2025,46.22999954223633,47.72499847412109,46.01499938964844,47.38999938964844,285100
28-05-2025,47.400001525878906,48.0,45.43999862670898,45.43999862670898,245000
29-05-2025,45.70000076293945,46.09000015258789,45.209999084472656,45.29999923706055,168300
30-05-2025,45.18000030517578,45.40999984741211,44.025001525878906,45.27999877929688,280600
02-06-2025,45.290000915527344,45.290000915527344,43.41999816894531,43.7599983215332,218600
03-06-2025,44.13999938964844,45.042999267578125,43.630001068115234,44.81999969482422,284100
04-06-2025,44.810001373291016,45.369998931884766,44.08000183105469,44.34000015258789,297900
05-06-2025,44.52999877929688,44.7400016784668,43.775001525878906,44.4900016784668,135200
06-06-2025,44.77000045776367,45.34000015258789,44.685001373291016,45.02999877929688,137800
09-06-2025,45.650001525878906,45.650001525878906,44.72499847412109,44.93000030517578,162100
10-06-2025,45.18000030517578,45.18000030517578,44.119998931884766,44.619998931884766,242400
11-06-2025,44.630001068115234,45.27999877929688,43.7599983215332,44.84999847412109,163700
12-06-2025,44.720001220703125,45.470001220703125,44.5,45.25,196100
13-06-2025,44.90999984741211,45.41999816894531,44.369998931884766,44.56999969482422,161400
16-06-2025,44.97999954223633,45.47999954223633,44.29999923706055,44.52999877929688,236100
17-06-2025,44.43000030517578,45.040000915527344,43.79999923706055,44.540000915527344,263500
18-06-2025,44.40999984741211,45.45000076293945,44.40999984741211,44.959999084472656,243100
20-06-2025,45.16999816894531,46.02000045776367,44.58000183105469,44.75,533800
23-06-2025,44.7599983215332,45.79999923706055,44.50600051879883,45.7400016784668,244900
24-06-2025,46.119998931884766,47.459999084472656,45.650001525878906,47.0,229900
25-06-2025,46.93000030517578,46.93000030517578,46.33200073242188,46.68999862670898,186100
26-06-2025,46.810001373291016,48.47999954223633,46.61899948120117,48.470001220703125,206100
27-06-2025,48.630001068115234,49.34600067138672,48.0099983215332,48.29999923706055,640600
30-06-2025,49.0,49.0,47.72999954223633,48.54999923706055,215100
01-07-2025,48.27999877929688,49.72999954223633,48.01499938964844,49.0099983215332,218700
02-07-2025,49.09000015258789,49.52999877929688,48.56999969482422,49.43999862670898,317500
03-07-2025,49.90999984741211,50.244998931884766,49.11000061035156,49.380001068115234,98000
07-07-2025,49.20000076293945,49.880001068115234,49.0099983215332,49.66999816894531,278000
08-07-2025,49.61000061035156,50.2400016784668,49.11000061035156,49.22999954223633,307500
09-07-2025,49.77999877929688,49.790000915527344,48.834999084472656,49.43000030517578,197100
10-07-2025,49.63999938964844,50.28499984741211,49.18000030517578,49.720001220703125,189900
11-07-2025,49.68999862670898,50.09000015258789,48.505001068115234,48.52999877929688,186000
14-07-2025,48.43999862670898,49.209999084472656,47.84000015258789,48.900001525878906,172800
15-07-2025,48.900001525878906,49.02000045776367,46.68999862670898,46.709999084472656,235200
16-07-2025,46.88999938964844,47.15499877929688,46.06999969482422,46.709999084472656,174400
17-07-2025,47.02999877929688,48.275001525878906,46.97499847412109,47.540000915527344,153400
18-07-2025,47.540000915527344,48.2400016784668,46.685001373291016,47.27999877929688,182100
21-07-2025,47.61000061035156,48.23500061035156,47.05500030517578,47.13999938964844,158000
22-07-2025,46.91999816894531,48.0,46.81999969482422,47.2599983215332,195800
23-07-2025,47.84999847412109,48.93999862670898,47.52999877929688,48.93999862670898,141100
24-07-2025,48.75,49.72999954223633,48.34000015258789,48.34000015258789,179600
25-07-2025,48.70000076293945,48.70000076293945,47.34999847412109,48.470001220703125,154700
28-07-2025,48.619998931884766,49.0,47.810001373291016,48.9900016784668,127300
29-07-2025,49.310001373291016,49.53499984741211,48.23500061035156,48.43000030517578,116100
30-07-2025,48.619998931884766,48.619998931884766,46.9900016784668,47.25,115100
31-07-2025,46.7599983215332,47.64500045776367,46.7599983215332,47.380001068115234,140300
01-08-2025,47.130001068115234,47.9109992980957,46.27000045776367,47.34000015258789,265400
04-08-2025,47.560001373291016,49.209999084472656,47.369998931884766,48.5,302000
05-08-2025,53.83000183105469,57.040000915527344,53.04499816894531,55.880001068115234,1165500
06-08-2025,55.869998931884766,55.869998931884766,53.5099983215332,54.77999877929688,646200
07-08-2025,55.060001373291016,55.119998931884766,52.369998931884766,53.310001373291016,449000
08-08-2025,50.13999938964844,52.165000915527344,49.59000015258789,50.77999877929688,1060700
11-08-2025,51.2400016784668,53.165000915527344,51.2400016784668,52.93000030517578,487700
12-08-2025,53.88999938964844,54.61000061035156,52.89500045776367,54.560001373291016,361200
13-08-2025,57.61000061035156,60.540000915527344,57.0,60.16999816894531,758200
14-08-2025,61.7599983215332,63.33300018310547,60.04999923706055,60.09000015258789,912100
15-08-2025,63.71500015258789,63.7400016784668,60.310001373291016,61.54999923706055,547200
18-08-2025,63.20000076293945,63.310001373291016,61.150001525878906,61.810001373291016,382300
19-08-2025,61.5099983215332,61.744998931884766,59.02000045776367,59.47999954223633,331600
20-08-2025,59.119998931884766,59.68000030517578,56.84000015258789,56.93999862670898,273500
21-08-2025,56.77000045776367,57.930999755859375,56.59999847412109,57.75,224600
22-08-2025,56.77999877929688,59.2400016784668,56.77999877929688,58.86000061035156,547100
25-08-2025,59.15999984741211,60.095001220703125,57.77999877929688,57.790000915527344,324700
26-08-2025,58.16999816894531,59.77999877929688,57.87099838256836,58.0,355200
27-08-2025,57.84999847412109,58.744998931884766,57.59000015258789,58.400001525878906,281700
28-08-2025,58.90999984741211,58.959999084472656,57.375,57.7599983215332,237300
29-08-2025,57.79999923706055,58.04999923706055,56.7599983215332,57.5,297300
02-09-2025,57.11000061035156,58.0,56.48500061035156,56.959999084472656,290400
03-09-2025,56.52000045776367,57.35499954223633,55.2400016784668,55.27000045776367,253100
04-09-2025,55.56999969482422,55.88999938964844,54.5099983215332,55.45000076293945,233800
05-09-2025,55.43999862670898,56.959999084472656,54.79999923706055,56.68000030517578,358400
08-09-2025,56.8849983215332,57.06999969482422,55.540000915527344,55.93999862670898,289600
09-09-2025,55.25,55.810001373291016,54.04999923706055,54.650001525878906,219400
10-09-2025,54.52999877929688,55.33000183105469,54.3849983215332,54.95000076293945,193600
11-09-2025,53.84999847412109,55.58000183105469,53.0099983215332,54.650001525878906,1146000
12-09-2025,54.81999969482422,55.0,53.95500183105469,54.08000183105469,356700
15-09-2025,54.119998931884766,55.0,53.75,54.41999816894531,416700
16-09-2025,54.18999862670898,56.63999938964844,54.03799819946289,56.619998931884766,444900
17-09-2025,56.709999084472656,58.310001373291016,56.619998931884766,57.20000076293945,393500
18-09-2025,59.68000030517578,60.06999969482422,58.790000915527344,59.209999084472656,401500
19-09-2025,59.13999938964844,59.70000076293945,54.90999984741211,55.0,1273600
22-09-2025,55.09000015258789,57.47999954223633,54.8390007019043,57.130001068115234,402600
23-09-2025,57.43000030517578,58.2400016784668,56.18999862670898,56.5099983215332,231000
24-09-2025,56.68000030517578,57.040000915527344,55.310001373291016,55.86000061035156,183300
25-09-2025,55.459999084472656,55.83000183105469,53.4900016784668,53.7400016784668,230800
26-09-2025,54.09999847412109,55.244998931884766,53.59000015258789,54.79999923706055,415500
29-09-2025,55.18999862670898,56.84000015258789,55.18999862670898,56.31999969482422,358400
30-09-2025,56.31999969482422,58.13999938964844,56.31999969482422,58.09000015258789,394400
01-10-2025,58.09000015258789,58.63999938964844,57.22999954223633,58.08000183105469,343200
02-10-2025,58.04999923706055,59.2400016784668,57.380001068115234,58.54999923706055,198300
03-10-2025,59.060001373291016,60.25,58.6879997253418,59.619998931884766,304800
06-10-2025,59.5099983215332,60.630001068115234,59.39300155639648,60.2599983215332,169800
07-10-2025,60.400001525878906,60.61000061035156,59.209999084472656,59.209999084472656,163100
08-10-2025,59.59999847412109,60.15999984741211,59.30500030517578,59.95000076293945,143500
09-10-2025,60.20000076293945,60.20000076293945,58.02000045776367,58.34999847412109,138100
10-10-2025,58.810001373291016,58.810001373291016,55.75,55.7599983215332,157100
13-10-2025,57.290000915527344,57.68600082397461,56.2599983215332,57.310001373291016,157500
14-10-2025,56.5,58.56499862670898,56.0099983215332,58.369998931884766,151700
15-10-2025,58.88999938964844,59.38999938964844,56.72999954223633,57.58000183105469,159500
16-10-2025,57.560001373291016,58.72999954223633,56.57500076293945,56.9900016784668,203700
17-10-2025,56.185001373291016,57.255001068115234,55.88999938964844,56.2400016784668,187800
20-10-2025,57.369998931884766,59.06999969482422,57.35499954223633,58.970001220703125,173400
21-10-2025,58.560001373291016,59.650001525878906,58.1609992980957,59.52000045776367,190400
22-10-2025,59.150001525878906,59.43000030517578,57.869998931884766,58.18999862670898,235700
23-10-2025,58.560001373291016,60.4900016784668,58.5,60.11000061035156,193100
24-10-2025,60.84999847412109,61.5,60.0,61.36000061035156,194100
27-10-2025,61.619998931884766,61.900001525878906,58.5099983215332,60.290000915527344,320100
28-10-2025,60.34000015258789,61.18999862670898,59.54999923706055,59.720001220703125,256200
29-10-2025,59.20000076293945,59.4900016784668,56.56999969482422,57.060001373291016,192400
30-10-2025,56.65999984741211,57.83000183105469,56.3489990234375,57.0099983215332,142500
31-10-2025,56.709999084472656,57.52999877929688,55.75,57.09000015258789,170700
03-11-2025,57.560001373291016,58.9900016784668,55.720001220703125,58.40999984741211,599800
04-11-2025,57.77999877929688,58.80500030517578,51.560001373291016,57.11000061035156,814300
05-11-2025,56.84000015258789,58.02000045776367,55.81999969482422,56.25,418900
06-11-2025,56.13999938964844,56.93999862670898,55.06999969482422,56.540000915527344,476100
07-11-2025,56.27999877929688,56.27999877929688,53.82500076293945,55.790000915527344,182000
10-11-2025,56.27000045776367,56.27000045776367,54.790000915527344,56.22999954223633,290400
11-11-2025,56.470001220703125,57.665000915527344,55.31499862670898,56.40999984741211,267800
12-11-2025,55.29999923706055,56.869998931884766,55.209999084472656,55.5,927500
13-11-2025,55.27999877929688,56.0099983215332,53.720001220703125,54.34000015258789,537100
14-11-2025,53.459999084472656,55.11000061035156,53.459999084472656,54.2400016784668,346200
17-11-2025,54.060001373291016,54.709999084472656,53.310001373291016,53.36000061035156,221300
18-11-2025,52.72999954223633,53.04999923706055,52.12099838256836,52.18999862670898,227200
19-11-2025,52.060001373291016,53.43999862670898,51.470001220703125,52.81999969482422,216000
20-11-2025,53.720001220703125,54.42499923706055,51.89500045776367,52.15999984741211,210900
21-11-2025,51.95000076293945,53.119998931884766,51.220001220703125,52.2599983215332,331200
24-11-2025,52.27000045776367,53.38999938964844,50.88899993896485,52.86000061035156,283700
25-11-2025,52.79999923706055,55.09999847412109,52.345001220703125,54.91999816894531,263500
26-11-2025,54.91999816894531,55.58700180053711,54.52999877929688,54.56999969482422,193800
28-11-2025,55.02999877929688,55.130001068115234,54.5,54.84999847412109,362400
01-12-2025,55.08000183105469,55.68999862670898,54.06999969482422,54.56999969482422,235900
02-12-2025,55.0,55.70000076293945,54.4900016784668,55.02000045776367,245000
03-12-2025,55.65999984741211,56.09000015258789,54.88999938964844,56.02999877929688,257400
04-12-2025,56.09999847412109,57.30500030517578,55.61399841308594,56.790000915527344,167300
05-12-2025,56.790000915527344,56.790000915527344,54.970001220703125,55.54999923706055,163600
08-12-2025,56.150001525878906,56.93399810791016,54.209999084472656,54.959999084472656,265500
09-12-2025,55.040000915527344,55.79999923706055,54.68000030517578,54.93999862670898,234100
10-12-2025,54.68000030517578,58.31499862670898,54.43999862670898,57.20000076293945,375600
11-12-2025,56.09999847412109,56.09999847412109,53.80500030517578,55.0,870100
12-12-2025,54.709999084472656,55.5,54.560001373291016,54.70000076293945,505800
15-12-2025,54.68000030517578,55.39500045776367,54.18000030517578,55.369998931884766,646300
16-12-2025,55.45000076293945,56.0099983215332,54.150001525878906,55.47999954223633,332600
17-12-2025,55.400001525878906,55.880001068115234,54.29999923706055,54.70000076293945,291800
18-12-2025,55.209999084472656,55.935001373291016,53.15499877929688,53.2400016784668,319700
19-12-2025,53.0099983215332,54.400001525878906,52.209999084472656,53.47999954223633,1125200
22-12-2025,53.77999877929688,56.4900016784668,53.7599983215332,55.52000045776367,373100
23-12-2025,55.15999984741211,56.43000030517578,54.970001220703125,55.209999084472656,211400
24-12-2025,55.15999984741211,55.93999862670898,55.04999923706055,55.54999923706055,99400
26-12-2025,55.41999816894531,56.119998931884766,55.15999984741211,55.75,223200
29-12-2025,55.75,56.380001068115234,55.209999084472656,55.66999816894531,236800
30-12-2025,55.63999938964844,56.18999862670898,55.11000061035156,55.27999877929688,274700
31-12-2025,55.4900016784668,55.54800033569336,54.334999084472656,54.54999923706055,231300
02-01-2026,55.04999923706055,56.0,54.09000015258789,55.560001373291016,463100
05-01-2026,55.45000076293945,60.11000061035156,55.45000076293945,59.91999816894531,556400
06-01-2026,59.52999877929688,60.52999877929688,58.52999877929688,60.06999969482422,435600
07-01-2026,60.209999084472656,60.7599983215332,58.77000045776367,58.790000915527344,338000
08-01-2026,60.09999847412109,62.25,60.09999847412109,60.79999923706055,501300
09-01-2026,61.38999938964844,62.94499969482422,60.709999084472656,62.77999877929688,294200
12-01-2026,63.47999954223633,65.5,62.915000915527344,65.05000305175781,500100
13-01-2026,66.37000274658203,66.4800033569336,64.68000030517578,65.5199966430664,284300
14-01-2026,64.01000213623047,66.97000122070312,63.84999847412109,66.8499984741211,427000
15-01-2026,67.19999694824219,67.41999816894531,65.36000061035156,67.27999877929688,412400
16-01-2026,67.0,68.46800231933594,67.0,67.9800033569336,324500
20-01-2026,67.30999755859375,69.69000244140625,66.04000091552734,67.27999877929688,696700
21-01-2026,68.38500213623047,69.19999694824219,66.91999816894531,68.4800033569336,381100
22-01-2026,69.0,70.44000244140625,68.33499908447266,69.7300033569336,280200
23-01-2026,70.69999694824219,71.4000015258789,69.5,69.9000015258789,289600
26-01-2026,69.70999908447266,69.75,67.91000366210938,68.30999755859375,287200
27-01-2026,67.87000274658203,69.625,66.62000274658203,68.79000091552734,434600
28-01-2026,68.83000183105469,68.9739990234375,66.56999969482422,67.9000015258789,359500
29-01-2026,68.76000213623047,69.61499786376953,67.44200134277344,68.38999938964844,361600
30-01-2026,67.51000213623047,69.12999725341797,66.7699966430664,68.83000183105469,569200
02-02-2026,66.9000015258789,68.12000274658203,66.04000091552734,66.25,676200
03-02-2026,66.37000274658203,67.06999969482422,65.0,66.4000015258789,381100
04-02-2026,66.5,66.5199966430664,64.59400177001953,65.2699966430664,283300
05-02-2026,64.41000366210938,65.94499969482422,63.31999969482422,63.97999954223633,471000
06-02-2026,65.02999877929688,67.41999816894531,64.95999908447266,67.29000091552734,312700
09-02-2026,67.37000274658203,69.5,67.31500244140625,69.05000305175781,394200
10-02-2026,69.08999633789062,69.25499725341797,67.62000274658203,68.2300033569336,289500
11-02-2026,69.5,69.5,65.04000091552734,65.37000274658203,364800
12-02-2026,65.56999969482422,68.02999877929688,62.72999954223633,63.77000045776367,402200
13-02-2026,63.65999984741211,65.69999694824219,63.130001068115234,65.55999755859375,350100
17-02-2026,65.77999877929688,67.69999694824219,65.08999633789062,66.88999938964844,403500
18-02-2026,68.31999969482422,70.22000122070312,67.69999694824219,69.08000183105469,243800
19-02-2026,68.66999816894531,71.19999694824219,68.31999969482422,70.87000274658203,426300
20-02-2026,70.87000274658203,71.79299926757812,68.08200073242188,68.58999633789062,462400
23-02-2026,67.76000213623047,68.88500213623047,67.01000213623047,67.94000244140625,430100
24-02-2026,71.12999725341797,73.37999725341797,67.06999969482422,70.0,1231000
25-02-2026,71.1500015258789,71.1500015258789,65.9800033569336,67.87999725341797,590400
26-02-2026,69.23999786376953,70.51499938964844,68.29000091552734,69.69000244140625,898700
27-02-2026,68.66000366210938,70.5,68.66000366210938,69.75,814600
02-03-2026,71.16999816894531,73.31999969482422,69.8499984741211,70.97000122070312,720500
03-03-2026,70.04000091552734,73.79000091552734,68.54000091552734,72.91999816894531,560200
04-03-2026,73.0199966430664,75.0,71.91000366210938,73.93000030517578,596400
05-03-2026,73.4000015258789,73.4000015258789,70.22000122070312,71.87999725341797,581400
06-03-2026,71.36000061035156,72.98999786376953,70.05999755859375,72.91000366210938,420500
09-03-2026,72.69000244140625,73.76499938964844,71.45999908447266,73.05999755859375,460400
10-03-2026,72.88999938964844,72.9000015258789,70.79100036621094,71.02999877929688,412700
11-03-2026,70.86000061035156,72.20999908447266,69.83000183105469,70.33999633789062,347600
12-03-2026,70.5199966430664,71.12999725341797,68.69999694824219,70.06999969482422,541400
13-03-2026,68.4000015258789,68.9800033569336,66.33000183105469,66.9000015258789,1562700
16-03-2026,67.47000122070312,68.5,66.80000305175781,67.1500015258789,645200
17-03-2026,66.4800033569336,68.4800033569336,66.25,68.2699966430664,435200
18-03-2026,68.27999877929688,69.52999877929688,68.19000244140625,68.37000274658203,419400
19-03-2026,67.33999633789062,68.76000213623047,66.3499984741211,68.01000213623047,366200
20-03-2026,67.93000030517578,68.1500015258789,66.58000183105469,68.05000305175781,1573300
23-03-2026,68.12999725341797,70.42500305175781,67.94000244140625,68.83000183105469,658700
24-03-2026,68.37999725341797,69.01000213623047,67.25,68.55999755859375,481200
25-03-2026,69.25,70.30000305175781,68.94000244140625,69.72000122070312,481100
26-03-2026,68.7699966430664,70.5,67.4800033569336,68.47000122070312,333100
27-03-2026,67.63999938964844,68.37000274658203,66.63999938964844,68.31999969482422,518300
30-03-2026,68.9000015258789,69.38500213623047,66.8499984741211,66.91000366210938,1037300
31-03-2026,67.63999938964844,69.0,66.14199829101562,68.5,475000
01-04-2026,69.30000305175781,70.26000213623047,68.88999938964844,69.43000030517578,591700
02-04-2026,69.0,70.40299987792969,68.08000183105469,69.75,316800
06-04-2026,69.83999633789062,70.97000122070312,69.63999938964844,70.58999633789062,320400
07-04-2026,70.48999786376953,71.51499938964844,69.62999725341797,70.91000366210938,438200
08-04-2026,72.0,72.75,70.47000122070312,70.56999969482422,474500
09-04-2026,70.27999877929688,70.83999633789062,66.30999755859375,66.58999633789062,432400
10-04-2026,66.44000244140625,67.0,64.19999694824219,66.4800033569336,391300
13-04-2026,66.37999725341797,69.43000030517578,65.16000366210938,69.41999816894531,337800
14-04-2026,69.56999969482422,70.5199966430664,68.86000061035156,69.0199966430664,297800
15-04-2026,69.0999984741211,69.80999755859375,68.44000244140625,68.83000183105469,234600
16-04-2026,68.47000122070312,69.16500091552734,67.54000091552734,68.44999694824219,342400
17-04-2026,68.45999908447266,69.0199966430664,66.20999908447266,66.69999694824219,491600
20-04-2026,66.66999816894531,66.94499969482422,65.97000122070312,66.12000274658203,369200
21-04-2026,66.43000030517578,68.06999969482422,65.80999755859375,67.16000366210938,563100
22-04-2026,67.94999694824219,69.12000274658203,65.31999969482422,66.12999725341797,323700
23-04-2026,65.87000274658203,66.73500061035156,63.27000045776367,63.68000030517578,419400
24-04-2026,63.25,64.31999969482422,61.41999816894531,63.290000915527344,366600
27-04-2026,63.72999954223633,65.26000213623047,63.33000183105469,63.47999954223633,240200
28-04-2026,64.05999755859375,64.91999816894531,62.875,64.87000274658203,320200
29-04-2026,65.06999969482422,65.97000122070312,64.61000061035156,65.61000061035156,365500
30-04-2026,65.62999725341797,67.88999938964844,65.62999725341797,67.80999755859375,566700
01-05-2026,67.0,68.91999816894531,66.70999908447266,67.73999786376953,487800
04-05-2026,67.62000274658203,69.62999725341797,67.0,67.81999969482422,765000
05-05-2026,71.0,78.36000061035156,70.98999786376953,76.5,1162000
06-05-2026,75.5,76.97000122070312,73.88999938964844,76.52999877929688,776200
07-05-2026,76.87000274658203,78.0199966430664,75.06999969482422,75.4000015258789,645200
08-05-2026,73.80000305175781,73.9000015258789,69.22000122070312,70.08000183105469,2055300
11-05-2026,69.98999786376953,70.73999786376953,68.94999694824219,69.18000030517578,635900
12-05-2026,69.69000244140625,70.8499984741211,68.80999755859375,70.13999938964844,638000
13-05-2026,70.0,71.0999984741211,68.4800033569336,70.58999633789062,575000
14-05-2026,70.91000366210938,71.68000030517578,70.0999984741211,70.94999694824219,370700
15-05-2026,70.56999969482422,70.88999938964844,68.56500244140625,69.37000274658203,455400
18-05-2026,69.91999816894531,72.24500274658203,69.51000213623047,71.80999755859375,558200
19-05-2026,72.27999877929688,72.38999938964844,70.87000274658203,71.95999908447266,331000
20-05-2026,71.8499984741211,73.04299926757812,71.0,71.69000244140625,389600
21-05-2026,71.4800033569336,71.88500213623047,69.8499984741211,71.80000305175781,347300
22-05-2026,72.0199966430664,74.0,71.25,73.97000122070312,420200
26-05-2026,73.94999694824219,76.21499633789062,73.19499969482422,75.93000030517578,672400
27-05-2026,75.5,77.88999938964844,75.0,77.33000183105469,1017400
28-05-2026,78.0,82.86499786376953,78.0,80.66999816894531,620600
29-05-2026,81.9800033569336,83.41999816894531,80.30000305175781,83.12999725341797,746200
01-06-2026,82.61000061035156,84.05000305175781,82.20999908447266,83.66999816894531,555400
02-06-2026,82.81999969482422,83.5,82.05000305175781,83.22000122070312,408900
03-06-2026,82.2300033569336,83.41500091552734,81.61000061035156,82.73999786376953,554300
04-06-2026,83.27999877929688,84.9800033569336,82.7750015258789,83.69999694824219,445100
05-06-2026,83.69999694824219,85.01000213623047,82.98500061035156,84.94000244140625,411200
08-06-2026,85.7699966430664,87.56999969482422,84.66000366210938,84.69999694824219,546700
09-06-2026,85.58999633789062,87.0250015258789,82.95999908447266,85.5199966430664,558200
10-06-2026,86.37999725341797,87.55999755859375,85.38500213623047,85.6500015258789,381600
11-06-2026,86.22000122070312,91.56999969482422,86.22000122070312,90.05000305175781,830700
12-06-2026,90.66000366210938,91.6439971923828,89.23100280761719,90.80999755859376,450800
15-06-2026,90.2300033569336,91.8000030517578,86.68000030517578,87.56999969482422,618800
16-06-2026,87.12999725341797,88.1050033569336,85.625,86.98999786376953,434800
17-06-2026,88.33999633789062,89.7699966430664,86.56500244140625,88.62000274658203,408000
18-06-2026,88.73999786376953,88.73999786376953,85.19999694824219,85.55000305175781,1276000
22-06-2026,86.0,87.50199890136719,81.81999969482422,82.0,463400
23-06-2026,82.37999725341797,84.0,82.23999786376953,83.29000091552734,392200
24-06-2026,81.25,81.6050033569336,71.94999694824219,76.02999877929688,1481100
25-06-2026,75.26000213623047,77.19999694824219,71.91000366210938,72.13999938964844,659600
26-06-2026,72.13999938964844,73.98999786376953,71.77999877929688,72.4800033569336,1400200
29-06-2026,73.16000366210938,75.01499938964844,70.23999786376953,71.02999877929688,557700
30-06-2026,72.31500244140625,75.83999633789062,71.15499877929688,74.55999755859375,769500
01-07-2026,76.16999816894531,76.16999816894531,71.58999633789062,71.91999816894531,860000
02-07-2026,73.11000061035156,74.9000015258789,71.9000015258789,74.0999984741211,536200
06-07-2026,73.95999908447266,77.5199966430664,73.51000213623047,76.91000366210938,452600
07-07-2026,77.23999786376953,77.30500030517578,73.91999816894531,75.45999908447266,449400
08-07-2026,74.9800033569336,76.9000015258789,74.4800033569336,76.80999755859375,522600
09-07-2026,76.44999694824219,77.19000244140625,75.30000305175781,75.62000274658203,257600
10-07-2026,76.06999969482422,76.625,74.0199966430664,74.98999786376953,212800
13-07-2026,75.08000183105469,75.72000122070312,73.83999633789062,74.76000213623047,227600
14-07-2026,74.87999725341797,76.84500122070312,74.56999969482422,74.63999938964844,411700
15-07-2026,75.76000213623047,78.0510025024414,75.11000061035156,75.6500015258789,309300
16-07-2026,75.36000061035156,76.46600341796875,74.6050033569336,75.05000305175781,327900
17-07-2026,74.06999969482422,77.27999877929688,74.01000213623047,75.61000061035156,266500
20-07-2026,75.67500305175781,77.54000091552734,75.61000061035156,76.1500015258789,197700
21-07-2026,79.51000213623047,80.68000030517578,78.11000061035156,78.87000274658203,940100
22-07-2026,79.27999877929688,82.01000213623047,79.16000366210938,81.0,659200
23-07-2026,81.6500015258789,85.55000305175781,80.54499816894531,83.9800033569336,812500
24-07-2026,84.5199966430664,85.87999725341797,83.55999755859375,83.56999969482422,3876700
27-07-2026,83.0999984741211,87.70999908447266,82.83999633789062,87.30999755859375,1118700
28-07-2026,88.51000213623047,91.19000244140624,88.0,90.05999755859375,927200
29-07-2026,89.41000366210938,89.48999786376953,84.93000030517578,86.30999755859375,935800
30-07-2026,84.87999725341797,87.66999816894531,84.05000305175781,86.75,679100
31-07-2026,87.23999786376953,90.4800033569336,85.4209976196289,90.23999786376952,717000
03-08-2026,90.51000213623048,93.9800033569336,84.31999969482422,86.37999725341797,1975900
04-08-2026,81.87000274658203,82.44999694824219,75.69999694824219,78.76000213623047,1345400
05-08-2026,80.2699966430664,81.26000213623047,77.7300033569336,77.94000244140625,532000
06-08-2026,79.88999938964844,84.95999908447266,78.76499938964844,84.56999969482422,673400
07-08-2026,84.47000122070312,85.0199966430664,82.16500091552734,84.41000366210938,767300
10-08-2026,85.33999633789062,86.23999786376953,82.58999633789062,82.91999816894531,438900
11-08-2026,82.47000122070312,84.62000274658203,80.51000213623047,80.54000091552734,525600
12-08-2026,79.68000030517578,81.80000305175781,79.0199966430664,81.4800033569336,536100
13-08-2026,80.77999877929688,81.86000061035156,79.63999938964844,81.2699966430664,334700
14-08-2026,82.31999969482422,83.5,81.2699966430664,83.0,288600
17-08-2026,82.88999938964844,83.80999755859375,81.94000244140625,82.6500015258789,454200
18-08-2026,82.55000305175781,83.94999694824219,80.94000244140625,81.45999908447266,357600
19-08-2026,81.87000274658203,83.97000122070312,80.91000366210938,82.51000213623047,436300
20-08-2026,81.88999938964844,82.58000183105469,78.54000091552734,79.01000213623047,423800
21-08-2026,78.37999725341797,81.08000183105469,78.20999908447266,78.5,431100
24-08-2026,78.2699966430664,78.51000213623047,75.98999786376953,77.56999969482422,621800
25-08-2026,78.1500015258789,78.51000213623047,76.37999725341797,76.41000366210938,330300
26-08-2026,76.94999694824219,78.12000274658203,76.47000122070312,78.0,374000
27-08-2026,77.7699966430664,79.0,76.77999877929688,78.44999694824219,459800
28-08-2026,79.33999633789062,79.73999786376953,77.5999984741211,77.69000244140625,318200
31-08-2026,76.88999938964844,78.23999786376953,76.0,77.16000366210938,470500
01-09-2026,77.0199966430664,79.0,76.08000183105469,77.44999694824219,643400
02-09-2026,77.22000122070312,77.36000061035156,74.52999877929688,74.98999786376953,526400
03-09-2026,75.91999816894531,77.1500015258789,74.9000015258789,76.08000183105469,429400
04-09-2026,75.31999969482422,76.30999755859375,74.02999877929688,74.18000030517578,514600
08-09-2026,74.83000183105469,76.18000030517578,73.56999969482422,74.5,813700
09-09-2026,74.73999786376953,75.97000122070312,71.8499984741211,71.91000366210938,599300
10-09-2026,72.98999786376953,74.5199966430664,71.05999755859375,72.55999755859375,703400
11-09-2026,72.83000183105469,73.70999908447266,71.13999938964844,72.22000122070312,615800
14-09-2026,72.94999694824219,74.3479995727539,72.1500015258789,72.95999908447266,633400
15-09-2026,73.20999908447266,75.41999816894531,72.08999633789062,75.16999816894531,687400
16-09-2026,75.33999633789062,76.31999969482422,73.87000274658203,75.30999755859375,644600
17-09-2026,75.0,78.31,75.0,76.43,672100
18-09-2026,76.105,78.29,75.681,76.84,3934700
21-09-2026,76.64,79.13,76.425,77.27,547600
22-09-2026,77.69,77.7,72.78,72.95,709200
23-09-2026,73.25,74.98,72.695,74.94,531400
24-09-2026,74.86,77.3,74.0,76.19,381900
25-09-2026,75.98,76.715,75.03,75.65,340000
28-09-2026,75.47,75.53,73.4,73.71,368100
29-09-2026,73.63,74.31,72.0,72.8,471600
30-09-2026,72.71,72.74,70.92,72.385,23893
