Date,Open,High,Low,Close,Volume
30-09-2021,95.0269694727423,97.5468821096509,95.0269694727423,96.29965209960938,150000
01-10-2021,96.00268955687764,99.76982555178276,95.46815873612346,98.6244125366211,170800
04-10-2021,97.99654908833423,99.69345902925778,97.979582837132,98.6498565673828,86100
05-10-2021,99.19287280161193,101.3564290726922,98.26805352615747,101.0594711303711,136900
06-10-2021,99.79528862439544,100.77949314900631,98.42078906741284,100.601318359375,99000
07-10-2021,102.16246556385371,103.66422800547645,100.81341880184225,101.19522094726562,140700
08-10-2021,101.19523277353944,101.97581635311832,100.50798624218255,101.22917175292967,54500
11-10-2021,101.61944137409154,102.612138535018,100.83037805156894,101.3564224243164,98400
12-10-2021,101.50914979332876,105.85324147166772,100.88129494224772,105.25083923339844,187700
13-10-2021,105.14052869483096,106.8034995068696,103.73209693974805,106.24352264404295,129100
14-10-2021,107.38895662227354,108.96707707760524,106.26050983956792,108.9076919555664,94700
15-10-2021,110.5282367709368,110.59611472468606,107.1938018798828,107.1938018798828,92900
18-10-2021,107.13440779394124,108.29679345033776,106.70170041356108,106.87987518310548,78000
19-10-2021,107.63500919992434,107.69440079506975,106.60837935629743,107.1513900756836,57500
20-10-2021,107.10050073747652,108.4325751175896,106.31991704847066,107.86410522460938,84400
21-10-2021,108.66163619694709,109.0519182402585,106.37928374154748,106.6932144165039,115200
22-10-2021,106.73564055952144,108.05074191291492,106.05687397679084,107.40591430664062,84700
25-10-2021,108.45798739225522,109.31492214872526,106.96470501122305,109.3064422607422,122800
26-10-2021,109.34889353219232,110.299159067465,108.79738996901683,109.34040069580078,131300
27-10-2021,108.78890876509196,110.03613873827204,108.05923689606414,108.9076919555664,204600
28-10-2021,109.23858418106984,110.80823115174468,108.8567820101046,110.35855102539062,108000
29-10-2021,110.51126671521824,111.93666493919426,109.68826430742392,110.35855102539062,77700
01-11-2021,111.14761084844253,112.42029341540942,110.8082340091433,111.1306381225586,106300
02-11-2021,111.14760951336218,111.14760951336218,109.53555012645975,110.05310821533205,64000
03-11-2021,109.45068866551262,114.05779283460524,109.33190549024306,113.7608413696289,226000
04-11-2021,117.08681376948198,122.10118694457152,115.24566759928332,122.05876159667967,212400
05-11-2021,123.3484113608867,125.4610563560623,122.65267193765442,123.44174194335938,157300
08-11-2021,125.12166937646474,127.0985712299846,124.42593000942136,125.41014099121094,145900
09-11-2021,125.46102047250132,126.98824186415813,125.16406902876436,125.4864730834961,86600
10-11-2021,125.31680011660326,126.94583215271275,125.14711170695772,125.39315795898438,96800
11-11-2021,125.69862703571069,126.54708219746747,124.98592780697058,126.22467803955078,56500
12-11-2021,127.11554665720853,127.1409992739683,124.18836626586216,125.86831665039062,66100
15-11-2021,126.7337118944531,126.7337118944531,125.08770721800636,125.71556854248048,76900
16-11-2021,125.7495109566184,127.27671947453372,125.36769588074476,125.88525390625,91900
17-11-2021,124.97741985523312,126.02949573389702,123.3059625261479,125.10468292236328,80800
18-11-2021,124.86629296751364,128.51003461985002,124.5513006768199,128.50152587890625,113600
19-11-2021,127.0627572026816,131.16623070587994,127.02018751675264,129.06341552734375,108500
22-11-2021,129.90624552645505,133.46486109813642,129.90624552645505,130.9619140625,111000
23-11-2021,131.3109423700648,132.52835470896315,129.6933854211203,131.87281799316406,99000
24-11-2021,130.86826025994844,131.95797670576692,129.66786522511185,130.27232360839844,99500
26-11-2021,127.53952405915516,128.44194436707912,122.2952549978677,123.34241485595705,115400
29-11-2021,125.973062510673,126.52642955181568,122.32932020262378,122.46553802490234,90300
30-11-2021,120.43084367155969,121.75041336425323,118.83031657274704,119.77530670166016,111600
01-12-2021,123.13806503898748,123.52968794336786,120.31161730249046,121.29916381835938,207100
02-12-2021,122.142023293151,128.05033815089456,121.46945591826685,127.30966186523438,98400
03-12-2021,128.22060086637163,129.03789478569283,124.1171267757596,124.84928131103516,179900
06-12-2021,124.84924473567172,128.95271762414583,124.7300574271922,127.94812774658205,95400
07-12-2021,129.29325689752548,130.9108138852034,128.21206231610068,128.62921142578125,63400
08-12-2021,128.91016920983083,130.37447809295847,127.74383514227766,129.54867553710938,52400
09-12-2021,128.1610435151588,129.6849532617349,127.69281571782192,127.70132446289062,65800
10-12-2021,128.16953569568275,128.16953569568275,126.17739861114262,127.85453033447266,59800
13-12-2021,126.64560322449056,127.69276300594052,123.69144609882952,123.86172485351562,84600
14-12-2021,123.43603412523392,123.44454286542376,119.92849759100474,120.3882293701172,171200
15-12-2021,119.85187645196416,122.37185345184724,118.58337271686035,121.99726104736328,216600
16-12-2021,123.15512148006952,124.21077711454087,120.32866015711866,121.39283752441406,123600
17-12-2021,120.37974178940652,122.12499531621192,117.953425121801,120.36272430419922,325800
20-12-2021,118.26843419010254,119.63058664512396,116.34440586354972,119.3922119140625,195100
21-12-2021,120.5670251940608,123.9213140656612,120.5670251940608,123.2146987915039,121400
22-12-2021,123.62335765857682,125.75171231636178,123.37646124362406,125.7176513671875,61000
23-12-2021,126.40723323204388,127.91411193172576,126.15182808101288,127.2074966430664,51400
27-12-2021,127.95670318471568,130.1276278486462,126.85846474734537,130.09356689453125,104000
28-12-2021,130.01693214984292,131.5578588646547,128.53559261123115,129.65084838867188,72000
29-12-2021,130.2127569793593,130.74059785561013,127.52251312765546,128.05035400390625,93900
30-12-2021,128.39939379479355,128.94425210051716,127.22453779570802,127.35223388671876,82100
31-12-2021,126.65412299749914,128.9953129433248,126.65412299749914,128.45045471191406,60700
03-01-2022,129.14853563083994,130.6298748922272,126.26248773519028,126.9605941772461,118100
04-01-2022,127.9311438674277,130.2553034884258,126.99466263309732,129.68490600585938,230200
05-01-2022,127.7012588968512,130.34042344356365,124.8918286030317,125.13020324707033,109600
06-01-2022,125.46225121236952,128.2461428530714,125.13875012499138,126.57750701904295,178700
07-01-2022,126.22847360783062,127.42034713262504,124.7471339494886,126.47535705566406,77200
10-01-2022,126.45833955681891,127.00319793698874,124.0916097501017,126.66266632080078,157300
11-01-2022,127.37778192073884,128.09291905123368,125.14727010706632,127.9652099609375,64600
12-01-2022,128.69736925071115,129.58277220996845,126.88400662433354,128.05035400390625,86800
13-01-2022,129.16561015509032,130.2468181397473,126.08375625113604,126.41577911376952,82900
14-01-2022,124.55980315335458,124.80669952319282,122.18456550508172,123.45305633544922,99400
18-01-2022,121.91212717498506,127.08828619906372,121.91212717498506,125.35155487060548,262400
19-01-2022,125.75174761429004,125.91349170170794,118.06411648127845,118.41316986083984,153200
20-01-2022,118.29395688084152,119.1708380169444,113.7477941574729,113.86698150634766,165300
21-01-2022,113.64562910010297,114.83750250301787,111.03200336524874,112.63253021240234,246500
24-01-2022,110.83620423562824,112.37713099888391,108.33325696672712,111.7386245727539,311400
25-01-2022,109.64430602817806,109.91674164287636,106.43475026137855,108.10338592529295,182800
26-01-2022,110.24025606283855,113.76481064970922,107.39677102936352,109.17607879638672,142600
27-01-2022,109.23567512315766,110.34242217111144,102.88466544413106,103.68492889404295,271800
28-01-2022,103.6168071524871,106.76677563221914,101.63317924837568,106.60501861572266,133100
31-01-2022,106.681670169409,112.8879609863718,105.58343814586937,112.72620391845705,149300
01-02-2022,112.41968459960724,113.33061354879128,109.37187946964116,111.6364517211914,194000
02-02-2022,111.96846529049324,113.30506501961308,109.54213622181328,111.24481964111328,225800
03-02-2022,111.0149810159178,120.25204603112448,111.0149810159178,117.63842010498048,245400
04-02-2022,116.4295154795573,119.92002252306035,115.20359403539906,118.48976135253906,154800
07-02-2022,120.11582780860395,123.4445778178122,118.3790960157913,119.22191619873048,163700
08-02-2022,119.74126218272124,121.79299977880208,118.9835682269235,120.8905792236328,352600
09-02-2022,121.46092624076832,122.1164630273582,120.1668831399588,121.48646545410156,288600
10-02-2022,119.78380469335974,122.5847268648746,119.09421982153928,119.40070343017578,148700
11-02-2022,121.00971911169157,122.72943313071887,119.80932409388534,120.90756225585938,169600
14-02-2022,119.6220482349786,121.1970359796332,114.1223867187346,115.7314224243164,326400
15-02-2022,118.04707702025372,120.61812033686849,117.48518821975628,118.97503662109376,98800
16-02-2022,118.3365252488445,119.19637589963143,116.7870767403877,119.06867980957033,83100
17-02-2022,117.97045592414308,119.00057237124624,116.76153896784766,117.63842010498048,90400
18-02-2022,116.7234985745292,118.92954100488262,116.7234985745292,117.57000732421876,116500
22-02-2022,116.62945065716538,119.5451901853692,115.44948409584288,117.99754333496094,164300
23-02-2022,119.52808896216534,119.52808896216534,115.0903660959328,116.28743743896484,205700
24-02-2022,112.78170467885144,118.57042839274692,111.70434050187906,117.99754333496094,242100
25-02-2022,118.5191262838251,119.5879446028672,117.18524310919634,117.62987518310548,120300
28-02-2022,116.59526558363714,119.4254947028656,116.15919236051764,118.2968292236328,139500
01-03-2022,118.6986773272619,119.1945974782724,113.21777460278447,115.62047576904295,262700
02-03-2022,117.10829676846129,119.29723470013543,117.10829676846129,118.70724487304688,141400
03-03-2022,119.19462816631334,119.3913001547634,117.36481150423587,118.55333709716795,85400
04-03-2022,116.87742772741426,116.95437951825248,114.45762138774192,115.82571411132812,91300
07-03-2022,116.16773214653544,116.16773214653544,109.27599334716795,109.27599334716795,140800
08-03-2022,110.21654191134752,112.3712833362037,107.74544095673248,109.95147705078124,90600
09-03-2022,112.8672122978612,114.4234180027571,112.72185457494756,113.76502227783205,152200
10-03-2022,112.31997934924608,113.79067439105798,111.50768004114148,113.08952331542967,98600
11-03-2022,113.93603684065576,116.201926538347,112.89286908059816,113.32039642333984,119800
14-03-2022,114.73123207407428,117.4845092204217,113.73081965214296,116.2019271850586,165900
15-03-2022,116.672204119027,117.09118559353423,111.64449166043276,112.21737670898438,172800
16-03-2022,113.0980887574829,116.08222130863209,112.4567977328498,115.67179870605467,199100
17-03-2022,114.43195660115984,116.61234840089948,114.22673880393928,115.17584991455078,89500
18-03-2022,115.84279653965268,116.2019179152542,112.97837138410571,115.423828125,247100
21-03-2022,116.54393557773044,116.5610403215952,113.5341399652737,114.1497802734375,109800
22-03-2022,115.09038024400824,117.92060951853236,114.37212430279462,116.83468627929688,106300
23-03-2022,115.47512909719424,116.0138046360324,113.140833636634,114.44906616210938,95900
24-03-2022,114.17546479142652,117.31351429755728,113.62823024902144,116.86033630371094,81700
25-03-2022,116.86030890452052,117.69825874705845,114.2352981054638,114.71412658691406,102800
28-03-2022,113.94458096512078,114.36356245161876,112.20027517387192,113.39734649658205,114400
29-03-2022,115.44947643949692,116.5524911394074,111.84114496202872,115.52642822265624,225000
30-03-2022,116.15917539041278,116.15917539041278,109.17337418443486,111.39651489257812,210900
31-03-2022,111.02883593305307,112.02924816744483,110.4131956277202,110.6611557006836,123700
01-04-2022,111.16564284077973,113.39733584842232,109.46409255235524,112.71330261230467,333000
04-04-2022,112.01216411896628,113.86763122612471,111.2255153717216,112.79881286621094,144800
05-04-2022,112.86722177066818,112.86722177066818,108.1473226397112,108.2071762084961,158800
06-04-2022,107.02718074962884,108.54917686589296,106.77921413735956,107.74542999267578,198900
07-04-2022,108.04472056670126,108.90832770546103,106.47141640773737,107.73690032958984,279900
08-04-2022,107.5145616017308,108.59193220452686,107.30935032809543,107.74542999267578,193100
11-04-2022,108.02760536944989,110.7808824886684,107.82239407240768,108.94252014160156,161800
12-04-2022,110.1823413872817,111.8069399837788,109.32728674763094,110.233642578125,159200
13-04-2022,109.1049649759248,110.9262289141067,108.98525785455408,109.5752410888672,88900
14-04-2022,110.09683645990216,112.48244633561308,109.98568822296406,111.43073272705078,137800
18-04-2022,110.80653302468396,112.29433286718648,110.131045567142,110.87493896484376,101800
19-04-2022,110.4388707897292,112.02927309114764,110.319163650788,111.12291717529295,111300
20-04-2022,112.48245111980906,114.77399150872417,111.40507382156122,113.01258087158205,183800
21-04-2022,112.86720477630368,115.46656496376232,112.55938460502986,113.28618621826172,197700
22-04-2022,112.43969158601416,112.67910585512898,108.60049785959508,109.31018829345705,163500
25-04-2022,107.7026770851278,108.63468999528422,106.5996558636733,108.0789031982422,169800
26-04-2022,106.58256086958367,107.3692095630549,103.46161016726624,103.84638214111328,198000
27-04-2022,103.70956026400644,104.63302068232248,101.51207047740418,101.92249298095705,165800
28-04-2022,103.64971658625072,105.88140954804452,101.53773074302796,105.28286743164062,105600
29-04-2022,105.6420100001727,105.94127783821278,101.80280972908116,102.40135192871094,162400
02-05-2022,102.965679874,105.18027482021256,101.16151403208892,103.18799591064452,187900
03-05-2022,103.7865364953609,107.4119730978849,103.39321211862048,106.33460235595705,133600
04-05-2022,106.29184303789624,106.29184303789624,100.19530564102504,103.6155242919922,246700
05-05-2022,99.99863723438676,104.85534783575471,91.3540343283995,92.85037994384766,309000
06-05-2022,92.12358010062594,94.39802845122033,88.89147478013824,89.72943115234375,263800
09-05-2022,88.01077745398152,89.37886362142613,85.67647533425614,87.22412872314453,278300
10-05-2022,87.52338457854628,89.19929071982224,84.19722288882,86.48021697998047,167900
11-05-2022,85.56531114116943,88.13047486862357,83.76114546430948,84.82996368408203,163800
12-05-2022,84.65042739543048,85.61663699601124,82.36743258587254,84.7444839477539,192000
13-05-2022,86.29209875050991,89.39595076691708,85.1634270691477,88.30147552490234,134400
16-05-2022,87.50629123277648,88.20744232026708,85.13779268249621,87.2497787475586,202700
17-05-2022,88.48958343296786,90.83243732898688,88.48958343296786,90.70417785644533,160700
18-05-2022,88.37380560385317,89.65508866411137,86.72276395274326,88.408203125,263200
19-05-2022,87.72028422979284,90.5064182123628,87.565498644058,89.16494750976562,215400
20-05-2022,89.87867369585489,90.69560016146288,86.16382624648831,88.0040512084961,137700
23-05-2022,89.85289376127446,90.4892382566272,87.84068736210904,88.2448501586914,108500
24-05-2022,87.65149422362117,87.84927836814505,84.60738190271496,85.46730041503906,147400
25-05-2022,84.82234800431361,88.74357369578955,84.82234800431361,87.08393096923828,126800
26-05-2022,87.64290064998723,91.7877079692162,87.64290064998723,91.58132934570312,141100
27-05-2022,92.30365407500592,94.29007038819776,92.30365407500592,94.22127532958984,132500
31-05-2022,93.42154221612032,93.82570494741844,91.2373485112966,91.41793060302734,193000
01-06-2022,91.43512513718318,91.67590123971677,89.52610523758598,90.69559478759766,102000
02-06-2022,90.44621290327562,94.44483456889569,90.44621290327562,94.1954574584961,156500
03-06-2022,93.82570039419598,93.82570039419598,91.13415807093446,92.28644561767578,124900
06-06-2022,93.56773343504864,93.98909823970637,92.09727353154616,92.32085418701172,166000
07-06-2022,91.99408639241892,93.33555718765174,91.57272159286386,93.22377014160156,112300
08-06-2022,92.72500254149232,92.87118709476908,90.46341295323458,91.52971649169922,105900
09-06-2022,90.73858277745292,91.45231659330348,87.47089693443306,87.54828643798828,173900
10-06-2022,85.99184300388437,87.7718738916385,85.06312952488474,85.97464752197266,167200
13-06-2022,82.8961396647456,83.1971098092886,77.68502941079294,78.25257873535156,252800
14-06-2022,78.69114452118512,81.64925972810158,78.47616489413835,79.94662475585938,191800
15-06-2022,80.7291490168133,81.95883277382279,78.86312738630436,80.24759674072266,174800
16-06-2022,78.35577804923591,78.66534924186139,76.19738072305759,76.61013793945312,199800
17-06-2022,76.97131142425091,78.94912015739828,75.84481365991653,77.39266967773438,552700
21-06-2022,79.05230176790144,79.310279921933,77.54744451091699,77.55604553222656,142000
22-06-2022,77.82262682904769,80.72055463192193,77.13468938198639,80.00682067871094,248800
23-06-2022,80.06700650898415,82.88753794373775,79.5424557354975,82.15660858154297,141800
24-06-2022,82.30278866090322,85.5704811807159,82.30278866090322,85.26091003417969,700900
27-06-2022,85.99185041970611,87.47091129663026,83.7044640494263,84.37520599365234,137200
28-06-2022,85.19212774761003,85.76827158303225,82.53498266263857,82.59517669677734,116700
29-06-2022,83.30891016241976,83.30891016241976,81.03872562261472,81.94164276123047,129900
30-06-2022,80.19599951696381,83.7130629613623,79.5424596332632,82.84454345703125,160100
01-07-2022,82.07061305975523,84.80515379634221,82.04481655781727,84.3837890625,109500
05-07-2022,82.5951800851901,86.80018130717696,82.20821279785919,86.5508041381836,225900
06-07-2022,85.77687863130934,86.48201160675444,83.5496926510509,85.05455017089844,126200
07-07-2022,85.51889248334479,86.51640109575678,85.14053280334156,86.01764678955078,75000
08-07-2022,86.30141164911616,86.34441019362811,84.64176886506944,85.51888275146484,59700
11-07-2022,84.62458693288696,85.42430487933491,83.87645543893063,84.49559783935547,61800
12-07-2022,84.22042373819738,85.9402608147501,84.22042373819738,84.77936553955078,76200
13-07-2022,84.1946102825521,84.57296990197891,82.87892967289616,83.996826171875,75400
14-07-2022,82.4747748741521,83.43787925975522,81.02151071431751,82.81014251708984,93200
15-07-2022,84.04842773713851,85.97464979502521,82.31999637073608,84.84815216064453,101000
18-07-2022,86.08643762094574,86.5077958296823,83.93664146931022,84.65037536621094,87200
19-07-2022,85.60488965932606,88.5114118397145,85.27811642913082,88.09864807128906,171900
20-07-2022,88.31362589375827,89.57770711796678,87.56550100970969,88.95856475830078,188600
21-07-2022,90.01625205776406,90.8159763760717,88.88976113222286,90.71278381347656,119600
22-07-2022,90.30004345700677,91.29754550474708,88.90697312617246,90.44622802734376,170500
25-07-2022,90.42042694872669,91.86509021704435,89.99046772078282,91.79629516601562,92300
26-07-2022,91.61571089005956,91.8994855482846,90.74719143336652,91.53831481933594,78500
27-07-2022,91.46952810738922,93.7913053036866,90.95357178762792,93.35274505615234,115800
28-07-2022,94.06646897086986,95.7003151686568,92.957173498067,95.4423370361328,90900
29-07-2022,95.70892611018633,97.97911029335567,95.70892611018633,96.86121368408205,112900
01-08-2022,96.80962815612396,98.61545572853042,96.12169071870356,97.3427734375,108200
02-08-2022,96.67202843539336,97.71252894959149,95.70032297023072,96.36245727539062,83600
03-08-2022,96.861208477551,98.8046259070902,96.6892274210566,97.79852294921876,94800
04-08-2022,96.71502425880652,96.71502425880652,93.35274013923171,94.85759735107422,130500
05-08-2022,94.10088121262662,94.25566680422256,91.36634013486965,91.76190185546876,167900
08-08-2022,92.67340389344096,95.39074921036926,92.67340389344096,94.37604522705078,188700
09-08-2022,93.83430990166016,93.83430990166016,91.22875131294327,93.49034118652344,138700
10-08-2022,94.61683037512644,96.31087084959688,93.88590097098869,94.8318099975586,114900
11-08-2022,95.62293713072496,96.64624227247748,95.00380130513432,96.22488403320312,91800
12-08-2022,96.80961090459093,98.44345710681868,96.80961090459093,98.35746002197266,77900
15-08-2022,98.09090504131817,99.05401614287784,97.29978157967504,98.02210998535156,79000
16-08-2022,97.78994086805284,98.89063558837468,97.25678899260906,98.15970611572266,70100
17-08-2022,96.68145744475544,97.9435781671967,95.98989158356262,96.90621948242188,55700
18-08-2022,97.36438732180456,97.67559428013814,96.59501639573656,96.8197784423828,68300
19-08-2022,95.8429369546407,95.8429369546407,94.21774362015807,94.73641967773438,81400
22-08-2022,93.27548072105871,93.56939472858116,91.78860455393084,92.1862564086914,63900
23-08-2022,91.83184006581595,93.73365463337686,91.76268149364024,92.62714385986328,67600
24-08-2022,92.11709858313846,94.07078518553136,91.8923431386377,92.75680541992188,49800
25-08-2022,92.67036049766126,94.8833885797544,92.67036049766126,94.79694366455078,54100
26-08-2022,94.36471276827392,94.36471276827392,90.42275998932112,91.4168930053711,79200
29-08-2022,90.1029049187899,90.69073952368944,89.35082037278904,89.67931365966797,86500
30-08-2022,90.30172123064104,90.30172123064104,88.01954153484846,88.60737609863281,82100
31-08-2022,88.9618084235973,88.9618084235973,86.29926325706262,86.8438720703125,110500
01-09-2022,86.26468561799084,86.26468561799084,83.6885853036513,84.92476654052734,90200
02-09-2022,86.15230601092425,87.74291329304302,84.29371096200698,84.90747833251953,81600
06-09-2022,84.8123931870909,85.06308803490774,83.16126709829427,83.59349822998047,103700
07-09-2022,83.23044419084573,85.20141753485734,82.68583521799783,85.12361907958984,163300
08-09-2022,84.41475146624293,85.87568838181893,83.93929452620893,85.40023803710938,94900
09-09-2022,86.32520748388922,87.76021150021893,86.11773837454648,87.69969940185547,82500
12-09-2022,88.28753672410912,89.27302326759064,87.4144345062351,89.10877990722656,92400
13-09-2022,86.44623117348583,87.31069348522068,83.18721116018799,83.85284423828125,104500
14-09-2022,83.44654147687996,84.91613128618879,82.893286154298,84.18997955322266,141900
15-09-2022,83.7317949424926,85.66818809362712,82.8586864226761,83.01428985595703,94300
16-09-2022,82.1239174085601,82.5820813662192,80.83587044536915,82.41783142089844,362100
19-09-2022,82.02880364361843,85.45207258047705,82.02880364361843,83.01428985595703,113300
20-09-2022,82.13255752445724,82.5474956974621,80.7407728199952,81.79541778564453,92800
21-09-2022,82.85870458454332,82.85870458454332,80.40363498278428,80.4209213256836,74400
22-09-2022,80.46414086100319,80.46414086100319,78.04364413199785,78.89945983886719,92200
23-09-2022,77.63736185127485,77.63736185127485,75.67503521092564,77.13597869873047,118600
26-09-2022,76.93714181410334,78.19925593332282,74.81921189667604,74.97481536865234,90500
27-09-2022,75.9343649731904,76.23693205328185,73.34097808319908,73.57438659667969,177600
28-09-2022,74.20544424330281,75.17364444029133,72.8395987559087,74.43020629882812,189200
29-09-2022,73.40149540657231,73.55709228555901,71.25762604888581,72.2603988647461,123500
30-09-2022,72.45057591474544,73.97203125534406,71.88003428409802,72.38142395019531,145400
03-10-2022,73.57438422745365,76.08132612611539,71.97513034918927,75.69231414794922,166300
04-10-2022,77.15326118082899,79.27983767235749,77.15326118082899,79.1588134765625,142600
05-10-2022,77.55954651436525,77.84482061174907,76.31471888601614,77.43852233886719,110500
06-10-2022,76.65185527999715,77.48173813114735,75.2687171947468,75.7095947265625,165600
07-10-2022,74.71548206875245,75.6923221616297,73.32369714096507,74.12764739990234,138600
10-10-2022,74.46477786427552,74.60309499035942,73.16808448619504,73.43606567382812,101400
11-10-2022,73.05571814925209,75.28602609456907,72.35549913117997,74.34376525878906,151800
12-10-2022,74.40425623042417,74.40425623042417,72.01833887398482,73.24588012695312,132100
13-10-2022,71.71578059443435,75.84790869810836,70.62655641714846,75.1995620727539,194200
14-10-2022,76.25420997305092,76.32336853202145,73.09028174636649,73.60031127929688,172500
17-10-2022,75.54535731648362,77.70651299345208,75.54535731648362,76.51355743408203,151600
18-10-2022,78.51910087663406,78.51910087663406,75.29465406446722,76.39252471923828,118800
19-10-2022,75.38975813813438,76.66916527371727,73.40149875926625,74.41291809082031,159700
20-10-2022,74.00661569875048,75.0958400091208,71.92325845563951,72.73585510253906,124100
21-10-2022,73.46199059390386,73.46199059390386,70.713000910693,72.2171630859375,205200
24-10-2022,72.74450553226096,73.06435236958845,71.31814138548641,72.42465209960938,240700
25-10-2022,72.32954876737271,76.74695101950888,71.98376257750496,75.54534912109375,181100
26-10-2022,75.35517146750169,76.41846291885282,74.0671245836076,74.78462982177734,157300
27-10-2022,75.63181708665427,76.00353619995107,74.34376989676183,74.60311126708984,143000
28-10-2022,75.01802350423819,77.21375813274888,74.88835286408673,76.82475280761719,136500
31-10-2022,76.47032783820369,78.01771601656382,76.07267600507055,77.76702117919922,220400
01-11-2022,78.7352308879547,78.83032227222928,77.14461676535426,77.83618927001953,106700
02-11-2022,77.88805477293953,77.88805477293953,73.3236947164735,73.3669204711914,119700
03-11-2022,72.47651317430686,72.47651317430686,70.01279703667815,70.82539367675781,168600
04-11-2022,71.8281700225884,72.93468731715666,70.69572650935,72.52838897705078,163700
07-11-2022,73.40149359209008,74.04984028646943,72.04428151367861,73.23724365234375,121100
08-11-2022,73.66082068732148,74.6030878818448,71.79358583037231,73.0124740600586,146100
09-11-2022,69.11376189901026,70.47961398806295,65.11995008297481,66.40799713134766,351000
10-11-2022,69.99551336863776,75.62316477887227,69.83990989108626,72.18260192871094,346200
11-11-2022,72.21717218713329,75.1217656748924,71.39592914894936,73.47928619384766,240900
14-11-2022,72.63212332153911,73.16809234973063,71.4218813148555,72.09616088867188,158300
15-11-2022,73.70404008888562,74.25729530222868,72.55430391930733,73.28044891357422,127300
16-11-2022,72.93468607694155,73.01248451760111,70.80810962636954,71.98377227783203,140000
17-11-2022,70.74759859246045,70.74759859246045,69.2002167234819,70.0473861694336,103600
18-11-2022,71.75037418706873,73.21995752626454,69.90907177803057,70.18569946289062,99200
21-11-2022,69.66700004178306,70.99827251630414,69.66700004178306,70.6611328125,107500
22-11-2022,71.51695724318381,71.57746933043929,70.39315379949907,71.49966430664062,85400
23-11-2022,71.40388619688834,73.24123062928965,71.18619142189782,73.16285705566406,91700
25-11-2022,73.32831006900325,74.69543304349499,73.15415689962907,74.33841705322266,58400
28-11-2022,73.73758456693385,74.02494330378958,72.74489678826698,73.45022583007812,96100
29-11-2022,73.48504384929906,75.05244880419849,73.415379930522,74.90441131591797,94200
30-11-2022,75.16565919894589,78.01310421891111,73.37185619862912,77.769287109375,215500
01-12-2022,78.32657969703754,80.39032861655302,77.84765516402693,79.15382385253906,240100
02-12-2022,77.58641896464805,78.95354192966562,76.07126514233653,77.68220520019531,209300
05-12-2022,76.59372150925505,76.59372150925505,73.98138445923878,74.35581970214844,141300
06-12-2022,74.32099666297594,74.32099666297594,72.86679712506977,73.49375915527344,118700
07-12-2022,73.17157068535872,74.5735256440066,73.17157068535872,73.57212829589844,106200
08-12-2022,73.75499006419642,74.79121936059084,72.05697340865035,72.49236297607422,107000
09-12-2022,72.25725092436235,72.95387020170075,70.04547126569072,70.3502426147461,196900
12-12-2022,70.60276381381645,72.03084086052668,69.74939745979857,71.59545135498047,147700
13-12-2022,74.13814080085477,75.96677579817776,72.98000286659357,73.46764373779297,216900
14-12-2022,73.39797423610621,73.39797423610621,70.61147701231113,70.71597290039062,153000
15-12-2022,69.66232291394002,70.34152949938823,68.82637583619474,69.59265899658203,194000
16-12-2022,68.56515800752123,70.09773138621246,67.68567572625744,68.12976837158203,1528900
19-12-2022,67.60728794832255,67.9643105637528,66.13566916177277,66.51881408691406,155000
20-12-2022,66.36208650752027,67.12836986350055,65.92669687817542,66.91067504882812,89200
21-12-2022,67.45925331251502,68.92216236590573,67.33734477835887,68.56513977050781,104800
22-12-2022,67.73790502963885,68.43452430340689,65.90056065022846,67.75531768798828,161600
23-12-2022,67.76403902689684,68.98313127065693,67.15449622677592,68.84380340576172,147100
27-12-2022,69.08761153274057,69.16598510742188,68.1732974515746,69.16598510742188,120400
28-12-2022,69.1833835699645,69.29658908310563,65.70026783793828,65.73509979248047,105300
29-12-2022,66.24017538307628,69.24436105205807,66.19663376441696,68.84380340576172,119000
30-12-2022,67.87723420213275,68.78284534360021,67.64212674744772,68.33875274658203,90100
03-01-2023,68.98312617843844,70.30670757964714,68.19942360505011,69.5055923461914,154100
04-01-2023,70.5243849685868,71.14263722295676,69.73197958244248,70.10641479492188,171000
05-01-2023,69.77552730940968,70.23704581572952,68.28649583670989,69.5839614868164,103800
06-01-2023,70.34155378879069,72.72748731228701,68.77415496810397,72.68395233154297,156700
09-01-2023,73.24993954249469,74.08588667281417,72.6578094947454,73.13673400878906,128700
10-01-2023,72.91035030101396,74.88701629638672,72.5272053010135,74.88701629638672,130300
11-01-2023,75.4443001669412,77.73444679232082,74.6867199635526,77.50804901123047,177400
12-01-2023,78.12629895349839,79.51954413198241,77.33388681364735,79.30184936523438,136800
13-01-2023,78.74454395198498,81.40042251609337,78.43977263565692,81.14789581298828,94600
17-01-2023,81.37429643505156,81.56586888164549,79.68498966062184,80.94761657714844,119400
18-01-2023,81.09566146450909,84.76164096186977,80.87796667266925,81.64425659179688,192000
19-01-2023,80.68638889060114,80.79087812336299,79.05802969705505,80.41644287109375,120700
20-01-2023,81.10435484138428,81.10435484138428,79.35408720602831,80.86924743652344,154100
23-01-2023,80.86926218208657,82.81980562103526,80.75605664055338,81.82711791992188,100200
24-01-2023,81.75746036600587,82.14060534841155,80.15522979143336,80.16393280029297,68800
25-01-2023,79.32797198794344,80.32936924764734,78.54426949584834,80.28582763671875,102800
26-01-2023,80.78217069162284,81.80969025094365,79.74594812501071,81.80098724365234,89200
27-01-2023,81.02599820181453,82.767556408035,80.96504393033752,82.30603790283203,107300
30-01-2023,81.33076417584768,82.71529966926107,79.74594657882815,79.9026870727539,128100
31-01-2023,79.98977656979064,83.34227510770461,79.98977656979064,83.05491638183594,138000
01-02-2023,81.59199281339204,84.28270348258607,80.8692512643777,82.84591674804688,156800
02-02-2023,83.98664022910306,87.96610038836342,83.67315922650563,87.88773345947266,183800
03-02-2023,86.68606679256212,87.34785416134108,84.90096688274855,85.37989807128906,183900
06-02-2023,84.50039486714397,84.55263948116298,81.97513444113261,82.4627685546875,96200
07-02-2023,81.66165482054,83.65573955861528,81.12177608403735,83.4467544555664,100400
08-02-2023,82.36698807317875,83.4554618978704,80.62542995367211,81.12178039550781,128400
09-02-2023,82.1580206063613,82.1580206063613,80.03332376177515,80.59062194824219,124600
10-02-2023,80.46869698680553,81.98385070727626,80.13779668860455,81.7574462890625,111300
13-02-2023,81.76615196824658,83.32484722387947,81.22626657981253,83.12456512451172,103100
14-02-2023,82.72401303277834,83.92568577779883,82.28862349050057,83.3509750366211,141300
15-02-2023,82.45407024447373,84.93578920447942,82.45407024447373,84.36978149414062,92500
16-02-2023,82.79366891355616,83.8647233631754,82.33215710652375,82.53243255615234,173500
17-02-2023,82.77625563118256,82.77625563118256,79.72852890963956,80.5644760131836,276400
21-02-2023,79.24091114957871,79.81562863911284,73.92915909353042,75.51397705078125,300200
22-02-2023,75.39207401423529,78.53558784480948,75.0611736256366,77.09880065917969,226200
23-02-2023,77.37743294615915,78.37012060905917,76.29766870017477,77.51675415039062,113100
24-02-2023,76.23671496042198,77.30776956252744,75.96676891440136,76.8636703491211,129500
27-02-2023,78.01309921710781,78.0914727935869,76.0364335113727,76.58502197265625,103300
28-02-2023,76.46311571003771,77.34260451948043,75.90581758060333,75.95806884765625,122200
01-03-2023,76.12351541915787,76.68952322302552,75.40947674699932,76.43699645996094,112400
02-03-2023,75.52267692144764,75.7490747120751,74.53869225200067,75.74037170410156,102100
03-03-2023,75.75777941793834,77.35130671738045,75.71423780684302,76.9420394897461,95400
06-03-2023,76.86367224879885,77.59513018563528,74.23392215258241,75.11341094970703,164800
07-03-2023,75.13095551680593,76.31515485714455,74.01692594528762,74.89411163330078,129300
08-03-2023,75.27129193084838,75.7800611697233,74.37656559040872,75.71865844726562,114400
09-03-2023,75.97304142837064,75.97304142837064,71.99061820692367,72.25377655029297,193700
10-03-2023,71.44676268112819,72.06957033107706,68.53450682864172,68.9643325805664,285400
13-03-2023,66.79768845728624,69.87661195672509,65.23629907407769,67.97311401367188,237700
14-03-2023,71.34152221602136,72.36782798859352,68.79768207551876,69.92047882080078,248600
15-03-2023,67.30644984664268,68.92924176723687,66.63101322890911,68.35906982421875,264800
16-03-2023,66.94679821789812,69.33274388879671,65.78891360612607,68.83274841308594,245800
17-03-2023,67.5433018396368,68.1222476391838,65.78893036328259,66.59593963623047,741700
20-03-2023,67.68364381309785,69.16608291980249,66.85908721112835,67.0959243774414,211400
21-03-2023,69.08714437144293,69.6748571567532,67.98188856731647,68.2801284790039,182500
22-03-2023,68.37662205688603,68.45557224926083,65.26261686379047,65.34156036376953,164800
23-03-2023,65.78892615776977,66.5608471487585,63.35035103230507,63.63982391357422,165600
24-03-2023,62.288949547562616,63.78016234793572,62.288949547562616,63.62226867675781,286600
27-03-2023,64.83278904388638,65.91172355311713,63.85911252049579,65.74505615234375,235900
28-03-2023,65.27137266784469,66.02574599924073,63.86787059132787,64.42050170898438,107300
29-03-2023,65.35032001929812,65.35032001929812,64.13980643357172,64.94681549072266,201900
30-03-2023,65.78892012829428,66.42049483230912,64.50822995288422,65.3327865600586,177200
31-03-2023,65.92927860915954,66.89418151411431,65.28893012113572,66.81523132324219,258400
03-04-2023,66.42048209646781,66.81521286459164,64.92926284405766,65.52574920654297,210500
04-04-2023,65.78015085409577,65.78015085409577,61.69246915328632,62.82403945922852,344700
05-04-2023,62.078419486857385,63.07841718790355,62.01701676500667,62.587188720703125,162900
06-04-2023,62.657370612426725,63.32403357354361,62.19246329341987,62.87666702270508,163700
10-04-2023,62.55210240907943,63.26262728925905,62.30649151416103,63.2275390625,305300
11-04-2023,63.5959559954921,64.56963254681469,62.85034957402396,63.7187614440918,163400
12-04-2023,64.67490930270107,64.67490930270107,62.44685665980016,62.46439743041992,118600
13-04-2023,62.77139626237695,64.22752749807108,62.2889482218863,63.68367004394531,105200
14-04-2023,63.859115117668615,64.32402242042355,61.8679000342074,62.63105392456055,164700
17-04-2023,62.5257777786097,63.41173695660297,62.262626159158,63.359107971191406,195000
18-04-2023,63.42052423804788,63.42052423804788,59.21880423333361,60.0609016418457,248200
19-04-2023,59.86792389245208,61.534578057241255,59.28897811938389,61.28896713256836,252100
20-04-2023,60.81528561363337,61.18370199798389,60.28020180628802,61.13107299804688,143700
21-04-2023,61.0433410296209,61.174920204517385,59.42054905228372,59.70124816894531,171700
24-04-2023,59.3503865082349,59.85038207971516,58.8416172060562,59.5521354675293,228100
25-04-2023,58.61354941741466,58.7802168454251,56.10479772818557,56.2539176940918,189700
26-04-2023,55.82409104904861,56.736364876143206,55.14865773549958,55.72760009765625,258200
27-04-2023,56.03461322805469,57.62232025997009,56.03461322805469,57.52582931518555,150700
28-04-2023,57.41178846430726,59.14861870399061,57.41178846430726,59.04335403442383,174200
01-05-2023,58.86792619410828,59.14862531861616,57.93811159899997,58.92932891845703,167400
02-05-2023,56.94688756586578,57.33285137156801,54.710064954318106,56.2626838684082,345300
03-05-2023,56.973203634134926,58.07845939487205,56.12233585378701,56.54338455200195,283300
04-05-2023,56.30654682149918,59.00827343202592,54.64866319678026,57.12232971191406,268100
05-05-2023,58.23635037219397,59.403008804804784,57.762669353861874,58.27143859863281,243600
08-05-2023,58.350382616994864,58.938102049671805,54.94690493035812,55.40304183959961,320500
09-05-2023,54.57848743198102,55.806545226668185,53.56095230097856,55.11357116699219,411600
10-05-2023,56.376712331797314,56.55215345716548,55.22760140331302,56.06092834472656,378200
11-05-2023,55.52584599822126,56.94688568689872,55.3591819442928,56.692501068115234,256400
12-05-2023,57.11354674266909,58.56967114934021,56.21004677530906,58.41177749633789,316900
15-05-2023,58.71002716318842,61.9117556519519,58.41178060613051,61.49947738647461,338100
16-05-2023,60.832814948373056,61.37667238428031,60.05212036487063,60.38544845581055,218100
17-05-2023,60.89006848868088,64.2276058894792,60.172987830149616,63.749549865722656,291400
18-05-2023,63.3688812715132,65.50242064780961,62.89967997422097,64.68795776367188,228900
19-05-2023,65.40503491203022,65.40503491203022,63.25378612068144,64.22760772705078,179900
22-05-2023,64.57285937665993,66.30802171589491,63.84692404336565,66.18408203125,186300
23-05-2023,65.76800315816944,67.24643152666845,65.36077175599524,65.53782653808594,304100
24-05-2023,64.8472893345913,65.29878771123836,64.01511718041938,64.05052947998047,243000
25-05-2023,63.36886703408313,63.926595605785415,62.55440433293519,63.5105094909668,138200
26-05-2023,63.413129371327656,64.82959451062108,63.36886905710371,64.82073974609375,140100
30-05-2023,65.33421810825307,66.12212341767051,64.98010176875809,65.75029754638672,105200
31-05-2023,65.39620057894518,65.97163214316762,64.04170481246865,64.79420471191406,174500
01-06-2023,64.83845445963294,65.09518864454712,63.669875232490064,63.95316696166992,254800
02-06-2023,65.46702396463238,66.308051348233,65.1394718320655,65.75917053222656,413300
05-06-2023,65.01550925448281,65.01550925448281,62.324234729883,64.16563415527344,179000
06-06-2023,63.90890124762923,68.33533836400844,63.66102184978512,67.90154266357422,208200
07-06-2023,68.25566386124993,69.99968129040329,68.19369400736056,69.43309783935547,244200
08-06-2023,68.9373471217114,69.95542244768501,67.44120893202992,69.61016082763672,178300
09-06-2023,69.61901194874649,70.20330497004905,68.98160383612841,70.04395294189453,176500
12-06-2023,70.01738568234853,71.09743752149602,69.07012832008449,70.03509521484375,206800
13-06-2023,70.18559602337267,72.03585051875275,69.68983715573,70.9912109375,176500
14-06-2023,71.3984170483177,72.05352771282683,69.22061125478278,69.46849060058594,170900
15-06-2023,69.05242198559031,71.16825847788913,68.58322071174602,71.01776123046875,173300
16-06-2023,71.72598073088061,71.79680534246314,69.27373765414397,70.42461395263672,393400
20-06-2023,70.10592751876155,70.59283164841327,69.41540426834784,69.76066589355469,151400
21-06-2023,69.40653043690332,69.94655626732273,68.79567999661103,69.82261657714844,142700
22-06-2023,69.79606171133956,70.00853556966075,68.36190031581263,68.91077423095703,188400
23-06-2023,67.75990792313681,68.76913516054255,65.48471925576314,65.6883316040039,1245400
26-06-2023,65.8919437337522,68.62747865245393,65.71488894930421,67.80416107177734,190800
27-06-2023,68.06087716778147,69.54815992659194,67.68020340349649,69.03469848632812,292200
28-06-2023,68.91077741268639,70.52200718541502,68.07861173556535,70.1147689819336,258800
29-06-2023,70.53970076798367,71.59319494228671,69.52161890041931,71.45154571533203,218200
30-06-2023,72.44308008136346,72.59357734020523,69.84918735257561,70.01738739013672,239200
03-07-2023,69.74294858192313,71.54008113688168,69.74294858192313,71.20367431640625,91700
05-07-2023,70.53970476678606,70.53970476678606,68.0520491766829,69.32685852050781,235000
06-07-2023,67.82187432602288,69.663273903882,66.89231977112269,69.53047943115234,205600
07-07-2023,69.76948745934219,71.61088659857302,69.76948745934219,70.86724853515625,118100
10-07-2023,70.55739726292491,73.46114536912961,70.55739726292491,73.31949615478516,130500
11-07-2023,73.2486878225958,75.71864082431937,73.03622070807775,75.33796691894531,182100
12-07-2023,76.13473372830204,77.47151989773313,76.12587896110877,76.45343780517578,215600
13-07-2023,76.98459013077043,79.55192489616672,76.45341905101421,79.49880981445312,253800
14-07-2023,79.67587162856574,79.67587162856574,77.47150773802015,78.20629119873047,223700
17-07-2023,78.54269823747727,80.24244840344987,78.54269823747727,80.0742416381836,135700
18-07-2023,80.33982761211546,82.2697543196877,80.11850577296363,81.57923126220703,138100
19-07-2023,82.28745451082251,82.6681283323773,80.71164414622109,82.21663665771484,159200
20-07-2023,82.30517318062984,82.30517318062984,80.57885864520881,81.77400207519531,86500
21-07-2023,82.49108373781841,82.49108373781841,80.60542392651162,80.80903625488281,130000
24-07-2023,80.87986011879855,81.98646940593818,80.75592041897548,81.03035736083984,170600
25-07-2023,80.58771213172501,81.87138293321081,79.70242471864803,80.92412567138672,267200
26-07-2023,80.57885499534491,83.88097992080652,80.57885499534491,82.88060760498047,135400
27-07-2023,83.83672393911628,83.83672393911628,79.26864393001044,79.93260955810547,195600
28-07-2023,81.00379401593169,81.77399645612213,80.13620942511234,80.33982849121094,100600
31-07-2023,80.51688510672474,81.6766161759901,80.26015770832181,80.54344940185547,140200
01-08-2023,80.0565455415617,80.63198374329784,79.0384636083681,80.14507293701172,71700
02-08-2023,78.7905810778949,79.98571775463954,78.33908259851775,79.43684387207031,154200
03-08-2023,78.2151316608541,78.61351499866652,73.00964476459502,77.18820190429688,291600
04-08-2023,77.63971443895889,80.14507979438176,77.47151439947453,77.7282485961914,168700
07-08-2023,78.02924428029071,78.37450588517808,77.30330875793675,77.53348541259766,144200
08-08-2023,75.29370628080474,76.1347267231565,73.92150792306474,76.08161163330078,198600
09-08-2023,75.59470491809826,75.64782001085057,72.90342989991507,73.80642700195312,192100
10-08-2023,74.36412747606175,76.94916457207742,74.29330287650379,76.89604949951172,230100
11-08-2023,76.33834190332058,78.3833538082121,76.33834190332058,78.35679626464844,153000
14-08-2023,77.59544849618865,78.4807359707505,76.3206323714732,78.35679626464844,153200
15-08-2023,77.39183907147921,77.71939790949408,76.73672814965774,77.04657745361328,125400
16-08-2023,76.77012980584767,77.46569486325117,74.9063907307074,75.04015350341797,160000
17-08-2023,75.13823948563434,75.86054887321299,74.3356697197377,74.76370239257812,343800
18-08-2023,73.87194291594585,76.43124625293963,73.87194291594585,75.97645568847656,152700
21-08-2023,75.63761885049965,75.75354295732608,74.13949077682832,74.1929931640625,121000
22-08-2023,74.73693641295013,75.70001994146322,73.80061087421961,73.82736206054688,116900
23-08-2023,73.81845748230664,75.71787373257993,73.4260885285494,75.61978149414062,116700
24-08-2023,75.35224534434053,76.24398789279425,74.87070355176083,74.96879577636719,134400
25-08-2023,75.41467526369175,75.93188763095172,73.32800073871773,73.60443878173828,88400
28-08-2023,74.14839803781422,75.74461809718805,74.14839803781422,75.43250274658203,78300
29-08-2023,75.30766936298286,76.68987328899284,74.505106364352,76.60070037841797,130500
30-08-2023,76.11916207930463,76.9217319191611,75.7803022817907,75.96756744384766,96800
31-08-2023,75.72678046829192,76.60961054671571,75.54843466847532,76.10131072998047,136700
01-09-2023,76.85931303703273,77.43002787679549,75.03123760114863,75.68221282958984,175500
05-09-2023,75.20956997023674,76.64527614540953,74.56752099306222,75.65544128417969,230300
06-09-2023,75.6376105718039,76.04781137043527,73.12289659518105,73.35475158691406,177100
07-09-2023,73.09614717787532,73.17640075188969,72.23115570617426,72.40058898925781,142200
08-09-2023,72.42735092275139,72.84647112509522,71.18782898156216,72.36492919921875,167100
11-09-2023,72.8821375741623,74.24650288605427,72.63244389054931,74.02356719970703,167700
12-09-2023,73.8095306113668,75.12931262790583,73.0069677293231,74.3445816040039,100300
13-09-2023,74.40700083692946,74.40700083692946,71.97254067249187,71.9903793334961,182000
14-09-2023,72.89105201203843,73.97897927845739,71.92797499242424,73.57769775390625,236300
15-09-2023,72.92671916482131,74.45159841239851,72.49868646556654,73.44393157958984,508200
18-09-2023,72.95347365931964,73.31017212714436,72.09740141861475,72.64136505126953,132900
19-09-2023,72.80186689482962,73.27448939450207,71.70502728303434,71.75852966308594,91600
20-09-2023,72.0706482476885,72.37384431823483,70.1979898472857,70.2069091796875,90500
21-09-2023,69.36866455395327,69.36866455395327,67.73677380118926,68.12914276123047,254100
22-09-2023,68.12021903069787,68.12021903069787,65.86411126305654,67.40682220458984,417300
25-09-2023,66.97877993926737,68.12020925446352,66.41698461166608,67.2641372680664,87700
26-09-2023,66.72911298195804,67.10364331179876,66.08705710025542,66.6131820678711,123900
27-09-2023,66.61317974391423,67.84378907539737,65.54309118071401,66.22081756591797,172800
28-09-2023,66.40808249206736,67.87054003160661,65.80169716078593,66.55967712402344,204800
29-09-2023,67.04122813196669,67.71895460694651,65.93546889638976,66.20298767089844,140900
02-10-2023,66.11379412409718,66.11379412409718,63.536658620469694,64.3124771118164,204500
03-10-2023,63.295890524048254,63.6079990624228,60.442310221945306,62.35955810546875,670100
04-10-2023,62.35955850715107,62.35955850715107,60.64741439693424,61.37864303588867,285700
05-10-2023,61.164629727619726,63.19780883842209,61.164629727619726,62.9659538269043,227600
06-10-2023,62.50224304134947,64.59784384467245,61.22705750220126,64.28572845458984,162500
09-10-2023,63.65258947990026,64.62459253020498,63.29589785385559,63.84877395629883,173500
10-10-2023,64.01820541449034,64.91886739250532,63.9022813196791,63.91119384765625,91700
11-10-2023,63.91119220188073,64.6959300648767,63.50099141143116,64.09845733642578,91100
12-10-2023,63.92902546385344,63.92902546385344,61.65507924433743,62.28821563720703,94100
13-10-2023,62.46657475631681,62.46657475631681,60.46906634093664,61.111122131347656,147300
16-10-2023,61.88694678481576,62.787608846532535,61.3697343689026,61.80668640136719,151700
17-10-2023,60.95060144049556,63.00161201034498,60.95060144049556,62.42197799682617,173600
18-10-2023,61.49457412162706,61.54807650508186,60.34422525315202,60.95952987670898,119800
19-10-2023,60.67416766533357,62.38631183423725,60.62957781369764,60.75442123413086,200600
20-10-2023,60.79901022282835,60.79901022282835,59.13144912577263,59.283050537109375,181200
23-10-2023,58.86394275832902,60.3085617063802,58.48049309114534,59.06012725830078,160600
24-10-2023,59.35438389339088,60.130202386525234,58.94418312338089,60.04994201660156,168400
25-10-2023,59.22954188617356,59.92510002593769,58.01677140534416,58.079193115234375,206800
26-10-2023,58.32889045156643,58.3556416427195,55.74283198422204,57.49065017700195,280700
27-10-2023,57.74925954176693,58.69450463295916,56.875348696422805,57.88302230834961,152100
30-10-2023,58.50723964758391,58.56966136503916,57.000192293148174,57.11612319946289,126500
31-10-2023,57.16961520453412,58.007855375410685,56.54539474159331,57.78491973876953,185000
01-11-2023,57.758166825597776,58.489395505932535,56.634572614899625,58.2753791809082,161300
02-11-2023,59.5148986676556,62.912442568529165,59.17603893203918,62.55574417114258,249600
03-11-2023,64.3749055867897,68.6285151332908,64.3749055867897,68.48583984375,400700
06-11-2023,68.62851704215288,68.82470152375281,66.28323620179192,66.33673858642578,226800
07-11-2023,65.79277146508403,66.03354578992183,64.07170788271917,64.3392333984375,187500
08-11-2023,64.33923652759442,65.0526265984451,63.42074264425686,64.38381958007812,178100
09-11-2023,64.8386104501969,65.09721664781536,61.78885207021108,62.261474609375,223500
10-11-2023,62.55573354611429,64.00927127452185,61.42321683702791,63.74175262451172,209100
13-11-2023,62.86786100574319,65.97112862763285,62.08312987080253,65.65010070800781,248200
14-11-2023,68.98521200862703,72.21332285369543,68.85144925031871,71.73178100585938,322300
15-11-2023,72.07064705104415,74.60319993798609,72.05281518999384,74.03247833251953,245700
16-11-2023,74.01466033739764,74.01466033739764,72.7483870584312,73.29235076904297,218500
17-11-2023,73.95221159466008,74.55859681433618,73.31907518643968,74.44267272949219,187100
20-11-2023,74.72803251142284,75.15606514897213,73.46175285032056,73.98788452148438,131800
21-11-2023,73.55984504075555,73.55984504075555,72.3559938935461,72.7929458618164,172000
22-11-2023,73.36810481273164,74.89585536653398,73.08052799590867,74.18590545654297,156200
24-11-2023,73.97022452411791,75.12053189750576,73.80846212121195,73.96124267578125,52500
27-11-2023,73.17039683416041,75.39912237896266,73.0086344409379,74.85991668701172,153400
28-11-2023,74.74308215681846,74.74308215681846,73.45797174865282,73.9522476196289,218300
29-11-2023,75.0396408627225,76.54043203444778,74.90483774139538,75.87541198730469,244000
30-11-2023,75.95629721886115,76.5314577168659,74.80598993559614,75.5069580078125,245900
01-12-2023,74.98571945515504,80.99787261253573,74.98571945515504,80.76422119140625,267200
04-12-2023,80.38677529677949,82.79523353800361,80.38677529677949,81.47418212890625,257000
05-12-2023,81.47419373524205,82.43577942806498,80.1890832433037,82.3189468383789,270900
06-12-2023,83.32547957247857,84.73640467793103,81.57305221634275,81.79772186279297,295900
07-12-2023,82.30994291731822,83.51417541503906,81.55505642985223,83.51417541503906,162700
08-12-2023,83.48723299203215,84.34996351863154,81.20458880740817,83.96353149414062,269000
11-12-2023,84.47577603459338,86.2551624189345,84.28705437898293,86.12934112548828,203800
12-12-2023,86.06643089861673,87.9536611015008,85.89568665791214,86.88423156738281,262700
13-12-2023,85.23963657229729,92.0695903762591,85.16774066176566,91.00016784667967,369300
14-12-2023,93.29180875013272,97.7762192026772,91.84493588084344,95.17903900146484,483200
15-12-2023,95.22396335736622,95.34977778606688,92.80651624406936,94.19947052001952,748600
18-12-2023,93.88493582964122,93.88493582964122,92.55488874847178,93.27383422851562,174000
19-12-2023,94.36123226641348,95.60140599362096,93.93885232020142,94.06466674804688,178200
20-12-2023,94.12757615538172,96.77868161846744,93.28282309964482,93.36370086669922,213200
21-12-2023,94.63083988000297,95.69128068438316,93.91189440516573,95.619384765625,213600
22-12-2023,96.67083012133315,97.65937493798434,95.8440476824156,96.8505630493164,191800
26-12-2023,96.76969797210543,99.42978542186708,96.76969797210543,99.1601791381836,216800
27-12-2023,99.56458136621085,101.72141091064412,99.42977823411398,101.68546295166016,233600
28-12-2023,100.8407055898586,102.15277527206165,100.59806543108616,101.66748809814452,219100
29-12-2023,101.3439677499904,102.06291326644592,99.76229858398438,99.76229858398438,278300
02-01-2024,99.07030508368362,100.93955780475004,96.6258987340386,97.461669921875,386600
03-01-2024,95.62837657846248,95.62837657846248,91.17092545975446,92.15947723388672,409700
04-01-2024,92.1594700573188,92.58184313402631,89.90378541729993,90.22731018066406,449500
05-01-2024,89.49939173643848,91.14397509599875,88.57375394523324,89.2118148803711,208700
08-01-2024,89.5083647384389,91.1169998517295,89.22078793282321,90.22731018066406,245500
09-01-2024,88.35805320311876,89.11294656624516,87.04598366301754,87.31558990478516,215500
10-01-2024,86.80333810739148,88.70853866829025,86.47982021084879,88.59171295166016,187300
11-01-2024,87.8278495482667,88.64564338747185,86.42590647818668,87.60317993164062,168700
12-01-2024,89.11296356214662,89.6881172549992,87.35154766436615,88.17833709716797,137600
16-01-2024,86.80333667415238,87.36051970749872,85.07787592467994,87.31558990478516,148100
17-01-2024,85.37445292339987,86.64159283153228,84.4038785498992,86.46185302734375,189300
18-01-2024,87.26167533659418,87.26167533659418,85.16775292145272,86.92916870117188,164100
19-01-2024,87.31559576196133,89.12193439131127,86.27312553732673,88.9781494140625,180100
22-01-2024,90.30820349335808,91.46749961896846,89.95771941542624,90.68565368652344,259900
23-01-2024,92.11453393460226,92.39312203831668,88.88828184200008,89.0770034790039,132000
24-01-2024,90.94624526502452,90.94624526502452,87.91770364731657,88.04351806640625,101900
25-01-2024,89.51736417489676,90.32617618028182,88.42996403402402,89.84088897705078,204100
26-01-2024,90.23630699566546,91.04511212040858,89.62520537175283,89.99365997314453,185200
29-01-2024,89.86784600695955,91.58432515675128,89.20282586629236,91.3237075805664,234600
30-01-2024,90.1913599314642,91.29673046456476,89.42748470373982,89.6431655883789,140100
31-01-2024,88.52881249247143,89.37356553938946,86.69550770494907,86.8033447265625,186400
01-02-2024,87.17180324989982,87.62114244190963,84.41286088521458,86.36299133300781,233100
02-02-2024,85.22166855671225,85.99453247697794,83.72985922249703,85.14977264404297,186700
05-02-2024,83.53216555220061,84.0084709263599,82.14820666731593,83.0289077758789,243100
06-02-2024,82.9570111952797,84.03542952280927,82.81322619876619,83.17269897460938,147600
07-02-2024,82.97497972001405,83.78379166495941,81.27647806381489,82.90308380126953,127600
08-02-2024,82.88509917610405,85.37443494669388,82.66042961045486,85.32949829101562,121500
09-02-2024,85.78784205490192,85.78784205490192,83.58608264523751,84.45780181884766,187200
12-02-2024,85.01497607088687,87.01004323473092,84.92510960131335,86.03048706054688,141100
13-02-2024,81.84264349086361,83.78379217044382,81.61797388571065,83.45127868652344,286800
14-02-2024,84.96106146745176,85.18573107990333,83.66696230569151,84.5836181640625,165500
15-02-2024,89.86783845193212,94.3073118654966,85.07788101691486,88.84334564208984,488700
16-02-2024,87.71999573749227,88.44792301894839,86.05744213387044,87.01902770996094,244800
20-02-2024,85.28458706007655,86.11136959614565,84.19718694834756,84.80828857421875,195200
21-02-2024,84.56562739723665,85.14976966861222,83.49620487322989,84.43082427978516,167300
22-02-2024,84.45779321845852,88.39400187043766,84.13426846828251,87.67505645751953,251300
23-02-2024,87.67506517125508,88.49286583113725,86.46185066570352,87.07295227050781,229800
26-02-2024,86.41691918220542,87.45938257231755,84.90713917940305,85.3385009765625,178300
27-02-2024,86.47982032279884,88.25919960975956,85.06889559268488,86.98307800292969,235400
28-02-2024,85.67999168264909,86.2910932426405,84.93409385354852,85.3654556274414,205400
29-02-2024,86.21603291397982,87.13900439858904,85.3473583366847,86.3065185546875,181100
01-03-2024,86.36986624438559,86.36986624438559,84.8587345200086,85.43785095214844,254900
04-03-2024,85.22069182249244,85.35642375887392,83.0309071813965,83.89958190917969,184600
05-03-2024,82.84991979748904,85.47404496391782,82.82277479393902,84.65966033935547,230200
06-03-2024,85.09401069268955,85.1573513426456,83.3747556035228,84.18914031982422,157500
07-03-2024,85.12114413304265,86.14364503014242,84.56917272830758,84.95826721191406,156400
08-03-2024,86.15269599554907,86.72276176987593,83.6733534343087,83.8814697265625,135000
11-03-2024,83.06710107879735,84.37916032781145,83.06710107879735,83.38380432128906,276800
12-03-2024,83.00375798042003,84.37915783733717,82.04459074111001,84.089599609375,486100
13-03-2024,83.73670178628572,85.62787747624633,83.41094791278613,83.4471435546875,216300
14-03-2024,83.13043163936825,84.10768625423616,80.49725592073256,81.44737243652344,329100
15-03-2024,80.63298716416283,82.21651007484378,80.39771897013601,81.01303100585938,874700
18-03-2024,81.22115643416136,81.94504849966917,80.45201809422898,80.56964874267578,194000
19-03-2024,79.93623463663826,81.59214885235939,79.93623463663826,81.50166320800781,160200
20-03-2024,81.11257894032917,85.23878559425131,80.30724486802617,84.13484954833984,249600
21-03-2024,85.25689103493492,88.0167416400349,85.25689103493492,87.04853057861328,270100
22-03-2024,86.93089615727715,87.09377309999829,83.98101681848892,84.33391571044922,104100
25-03-2024,84.37915437185647,85.83599608809924,83.83623357967693,85.43785095214844,174100
26-03-2024,86.57798700388265,86.57798700388265,85.3202178911261,86.14364624023438,119100
27-03-2024,87.38331811831004,91.28330661310056,86.27937532955241,91.21092224121094,246700
28-03-2024,91.41903724894648,91.57286352952492,89.94410127521238,91.44618225097656,228300
01-04-2024,91.57287268451464,91.57287268451464,89.08447933000487,89.2926025390625,304300
02-04-2024,88.22485225191438,88.9035049615445,84.85873370757106,86.36986541748047,307300
03-04-2024,85.58263454459644,86.8675487124342,85.48309825940778,85.89933776855469,197600
04-04-2024,87.53715346297705,88.67729200751378,86.5508481207092,86.58704376220703,336700
05-04-2024,86.0893618560158,88.3696389327697,86.0893618560158,86.99423217773438,247100
08-04-2024,87.62762397360181,88.17055159864304,87.32902206416296,87.8628921508789,143200
09-04-2024,88.45108973107764,88.76779301946868,87.24761033157773,87.5733642578125,146500
10-04-2024,84.56013703666889,85.00352850808459,82.75944685412956,83.82719421386719,282000
11-04-2024,81.99029602455207,83.47428272062983,78.90468507854338,83.41094207763672,455300
12-04-2024,82.15318015310167,83.48334067619788,81.64645496472708,82.27986145019531,169700
15-04-2024,82.68703795464988,82.79562486600393,80.04481857754152,81.33878326416016,306500
16-04-2024,80.53345467360587,82.98565229646984,79.80955569037572,82.33414459228516,375200
17-04-2024,83.10328730081021,83.70050502880387,82.25271389010928,82.26176452636719,242200
18-04-2024,82.58751906013913,83.89053465617751,81.00399584691435,81.42024230957031,226600
19-04-2024,80.98589887339327,83.61907498848593,80.8773119426757,82.56037139892578,221100
22-04-2024,83.15757669930046,84.83158526786389,82.44272837900981,83.5376205444336,191200
23-04-2024,83.81812951890224,86.79515349635682,83.54667258365122,85.01255798339844,171900
24-04-2024,84.27962469548982,85.13020504221213,83.80909514634081,85.09400939941406,117800
25-04-2024,83.60097089189519,83.78194220003371,82.63275989576697,83.35665893554688,146500
26-04-2024,83.58288395564506,85.41071918340204,83.58288395564506,84.34297180175781,83700
29-04-2024,84.75919069937991,85.60072026869518,84.58727005437093,85.00350952148438,99400
30-04-2024,83.97195716292605,84.90397236258875,82.86801441643215,82.91325378417969,157800
01-05-2024,83.02184722228277,86.1979438010731,82.922310940354,83.9357681274414,219100
02-05-2024,85.29307517981141,87.77241783301076,84.15293668525774,85.26593017578125,266100
03-05-2024,87.82672216253223,87.91721472887217,86.06222757672036,86.17081451416016,283100
06-05-2024,86.96708297156633,88.73157725223554,86.65037975498626,88.28819274902344,170200
07-05-2024,88.16151228635559,89.30165078031202,87.2928376397834,87.3561782836914,173000
08-05-2024,86.41510721408831,87.49190500004796,85.38355570120386,87.20234680175781,144400
09-05-2024,87.31093277779334,88.62299884690317,86.99422955546079,88.51441192626953,86600
10-05-2024,88.67729905699308,88.67729905699308,87.1028264965439,88.53251647949219,121200
13-05-2024,89.29259409663864,89.53690601984724,87.80860747963685,88.68633270263672,112500
14-05-2024,89.96220125429083,91.88052872623032,89.96220125429083,90.75849151611328,240200
15-05-2024,92.35234608979064,94.35604309672502,92.26127021650156,93.17204284667967,199400
16-05-2024,93.28134016904066,93.40884779374996,92.26127917136618,93.3177719116211,94300
17-05-2024,93.5727742755244,93.882440570493,92.59824787879012,93.26311492919922,103700
20-05-2024,93.06274296033966,93.18114089481074,91.34138333155973,91.94248962402344,136200
21-05-2024,91.52355240178204,91.9516167093387,90.6765334598589,90.94976806640624,90400
22-05-2024,90.34864293544332,90.86778306130292,89.62002899402555,89.92058563232422,106100
23-05-2024,90.16648525770373,90.16648525770373,85.21188020785596,85.68548583984375,183600
24-05-2024,86.3139181187685,86.98789486042617,85.4031454989925,86.73287963867188,163800
28-05-2024,87.02432846529754,87.17004847429199,84.83847274123058,84.97509002685547,139700
29-05-2024,83.51784571144822,84.10984929876787,83.10800081565039,83.70911407470703,175000
30-05-2024,84.55613014860639,86.61447829924326,84.21003904042514,86.25016784667969,101400
31-05-2024,86.90591637407564,87.58899579695672,85.68548447387685,87.42505645751953,130300
03-06-2024,88.27208531257999,88.27208531257999,85.42136936332628,86.2319564819336,102900
04-06-2024,85.30296510570173,86.92413922295174,84.56523457415409,85.05705261230469,106400
05-06-2024,85.75835569816212,86.0771247345908,84.47416293172168,85.5306625366211,72200
06-06-2024,84.8020401479613,85.63994930001299,84.13717307055795,84.98419189453125,83600
07-06-2024,83.98234018568033,84.8020369112464,83.26282900149695,83.93680572509766,96400
10-06-2024,82.73457804187811,84.11895625823271,82.08793034227375,83.96412658691406,118500
11-06-2024,83.39034076917324,84.10985198925191,82.88031031388458,84.0096664428711,124000
12-06-2024,87.40684773733201,92.4343094436366,87.27934012892656,88.85497283935547,241300
13-06-2024,88.26297312935749,89.00069668778677,87.27022741436586,87.79847717285156,137500
14-06-2024,86.0133774471348,86.27750236838037,85.43958618942587,85.92229461669922,99800
17-06-2024,85.06616176841001,87.497922929548,84.72917340672586,86.96967315673828,111400
18-06-2024,87.15184386378087,87.6527646909587,86.30482495561877,87.25202941894531,92000
20-06-2024,86.46876008144913,87.51614309991501,86.28660137706596,86.59626770019531,95000
21-06-2024,86.66912966605136,86.86039109082535,86.0406943070483,86.82395935058594,328100
24-06-2024,87.2611235301069,88.75479008867134,86.3230288322011,87.45238494873047,133600
25-06-2024,87.10628975946516,87.51613464460327,85.93139228712094,86.41410064697266,94600
26-06-2024,85.39404524996772,86.05890539042696,84.33754564506829,85.5306625366211,110200
27-06-2024,85.63083905067151,87.89866788744423,85.59441426051812,87.67097473144531,128300
28-06-2024,88.70014263122215,89.9752256562518,87.85312383839793,89.4378662109375,1207900
01-07-2024,89.64735328775278,89.75664850856946,85.00241410702525,85.49423217773438,176000
02-07-2024,86.04979783875014,87.77115748752362,85.33028665481487,86.96967315673828,117900
03-07-2024,87.33398981664989,89.10999372429687,86.70555445764683,86.82395935058594,63000
05-07-2024,86.66001754057707,86.95146450559793,86.0224725274014,86.69644927978516,106500
08-07-2024,87.50703811577866,88.51799631589785,86.27749642468997,86.64179992675781,211900
09-07-2024,86.1773043125282,87.27933830421762,85.12991445225768,86.62358093261719,141000
10-07-2024,87.16094708615168,87.16094708615168,86.07713226744646,87.04254913330078,226700
11-07-2024,89.75665510098386,91.73303025256553,88.08082966859581,91.2138900756836,438600
12-07-2024,92.3796631912298,92.88059089035887,90.24845173787725,90.8131332397461,295200
15-07-2024,90.96797000497976,93.0445374889652,89.9843408215217,92.35234832763672,281500
16-07-2024,93.7185025152413,98.40898282427408,93.09917686542629,98.18128967285156,382900
17-07-2024,97.04281437431877,99.31063599389074,97.04281437431877,97.84429168701172,291200
18-07-2024,96.82423624462164,98.70043259084947,96.12294437567266,96.77870178222656,303400
19-07-2024,96.42350549140592,97.78966450231404,95.9043653452066,97.60750579833984,265200
22-07-2024,97.66213886460912,98.25413543452716,96.21400696694056,97.68035125732422,253400
23-07-2024,97.30694884120928,99.4199481087778,96.7787059729612,98.76419067382812,223400
24-07-2024,98.06289247755716,99.7660398852786,94.5837411289144,94.7567901611328,233600
25-07-2024,94.9025072870452,99.18314290836744,94.9025072870452,97.48910522460938,449900
26-07-2024,99.5474509951614,99.5474509951614,97.25230008193031,98.68221282958984,433200
29-07-2024,99.0009785417487,99.0009785417487,97.5073120381482,98.00823974609376,157200
30-07-2024,98.80972632541692,98.90991187632932,95.99544207336167,96.64208984375,246500
31-07-2024,97.24318264512614,99.80245824988978,95.30323960438434,97.36158752441406,418700
01-08-2024,97.29785022788488,97.31606262467216,93.4726006786282,94.10103607177734,217000
02-08-2024,90.34864230378228,93.7731493452995,89.57448695640664,93.16293334960938,238500
05-08-2024,88.3176281436565,93.70940075698316,86.87860563747145,92.07911682128906,343200
06-08-2024,91.56907578400396,93.37240159637749,90.85867428527236,92.53449249267578,271600
07-08-2024,94.15567661128426,94.15567661128426,90.53991492949756,90.57633972167967,273800
08-08-2024,93.75494705990369,93.75494705990369,90.53081076151771,93.1082992553711,403400
09-08-2024,93.22668948041,95.385223173316,93.17204534470024,93.48170471191406,264200
12-08-2024,93.08095408402734,93.2813251616612,89.96611355529159,90.64008331298828,210000
13-08-2024,91.50532836770572,94.0099531308568,90.76760475194362,93.51813507080078,163400
14-08-2024,93.91886878600234,93.99172530975385,92.02446019559969,93.15381622314452,124900
15-08-2024,95.17573746384504,95.5582602912406,93.88244202913997,94.18299865722656,140500
16-08-2024,94.06458474344024,95.6766559949024,93.49080055741496,94.59283447265624,153000
19-08-2024,94.36516314579931,94.61106872558594,93.2540193030087,94.61106872558594,117900
20-08-2024,94.283189962391,94.283189962391,92.49807624523532,93.1082992553711,97700
21-08-2024,93.44527299181128,94.62928022249692,92.45253413343836,94.43801879882812,110400
22-08-2024,94.42884839564168,95.02458649397587,93.50316325799858,94.1905517578125,95400
23-08-2024,94.66714338750404,98.85563029384636,94.66714338750404,98.42486572265624,162100
26-08-2024,99.44219958807656,99.85462987693484,98.30571926496356,98.5715103149414,109300
27-08-2024,98.03993548492647,98.25073071753768,96.90345507754024,97.52668762207033,102700
28-08-2024,96.61016314502798,97.96660583285696,95.88611310535178,96.57350158691406,118000
29-08-2024,97.49002239638668,98.22323260254802,96.47268685470218,97.34337615966795,159200
30-08-2024,97.7649797806516,98.21407866462948,96.85762885915798,98.12242126464844,103100
03-09-2024,97.69165482594572,98.06743057988412,95.55617310049864,96.22522735595705,117600
04-09-2024,95.81278032305572,97.81995672431636,95.74862435094803,97.48084259033205,113600
05-09-2024,97.81996810076502,99.02060442947544,97.23339015437745,97.77413940429688,129400
06-09-2024,97.9574356754584,98.02159165206072,94.52966051096344,95.50116729736328,118100
09-09-2024,95.59284255867972,95.59284255867972,92.6141586734881,94.76797485351562,213400
10-09-2024,94.98791005930806,95.21703952336324,93.50314861493916,94.77711486816406,118300
11-09-2024,93.83312316139624,94.2822220774278,91.86261478576398,94.11724853515624,123700
12-09-2024,94.62131130177174,96.00525536565227,93.18237839842476,95.43701171875,98300
13-09-2024,96.23438314347928,99.73548137433345,95.91360326482972,99.49718475341795,173400
16-09-2024,99.73547778802484,99.90045129003776,98.27821768064156,98.61732482910156,176100
17-09-2024,99.69881755738604,101.10108884688688,98.38819666078184,99.1855697631836,179600
18-09-2024,98.4707022006261,101.9718008957854,98.25989997099936,98.9472885131836,315200
19-09-2024,101.9626203735227,102.53086401109827,98.7089789039386,102.36589050292967,253300
20-09-2024,102.55836907761524,103.74983832254738,101.22025359131922,101.78849029541016,1015000
23-09-2024,102.61335490853646,104.1989341324524,101.81598172761078,103.5848617553711,197500
24-09-2024,104.25392690514272,105.06962740021112,103.1174464950156,103.18160247802734,169600
25-09-2024,103.8323152911964,104.64801567506218,102.6958350360031,104.44638061523438,210100
26-09-2024,105.39956596953049,106.55438056326416,103.98812746440647,104.18059539794922,166600
27-09-2024,105.2071146049056,105.35375386630388,102.64086110189233,102.70501708984376,125500
30-09-2024,102.51254505692212,104.24476365533113,102.51254505692212,104.10728454589844,156000
01-10-2024,103.45655211504553,103.45655211504553,100.35872370872566,101.56852722167967,181800
02-10-2024,100.85362596373656,102.52168818609896,100.28538237431424,101.9717788696289,153800
03-10-2024,101.0827731543754,102.3750599250741,100.51452946530478,102.21925354003906,131800
04-10-2024,103.7773346906618,104.37306578791974,101.52269429043578,101.57769012451172,231400
07-10-2024,100.98195866093788,101.90764384596044,100.62451718213784,101.18359375,204300
08-10-2024,101.60518460777372,103.32823590620391,100.679499482923,102.3384017944336,149800
09-10-2024,102.59503379519975,103.30074962416752,101.13776644483046,101.62351989746094,144100
10-10-2024,100.2487417764763,100.29457047596046,98.87396470168518,99.488037109375,156300
11-10-2024,99.47885689863804,101.28439833839708,98.89228598320564,101.14691925048828,109000
14-10-2024,100.89946105262288,102.86081596272336,100.48703075865134,102.46671295166016,84800
15-10-2024,102.97079413118442,105.27125622952752,102.7874933313268,104.38223266601562,181100
16-10-2024,105.09710891926626,106.4352242524224,105.09710891926626,105.77533721923828,139300
17-10-2024,106.31609373942275,106.71936391878587,105.39957568994495,106.60021209716795,139000
18-10-2024,106.78351114944532,106.78351114944532,104.8313233888938,105.33541107177734,240100
21-10-2024,104.98713559691583,105.37207146368831,102.19175300909328,102.31089782714844,158400
22-10-2024,101.7335011781869,102.61335764657662,101.4677101107862,102.26508331298828,100100
23-10-2024,101.33022516601385,102.20092143850296,100.09292729718958,100.66117095947266,116700
24-10-2024,101.63268131448304,105.7111836517582,101.63268131448304,105.3904037475586,183200
25-10-2024,105.98613966116017,106.78351282867584,102.2834061474602,102.8608169555664,129700
28-10-2024,104.25393036915754,104.25393036915754,102.4942173545278,102.5400390625,106900
29-10-2024,101.51354289799607,102.86998571921956,101.51354289799607,102.60419464111328,83700
30-10-2024,102.06344431259116,103.83232431969384,101.73349727554258,102.55836486816406,72500
31-10-2024,102.16426468831636,102.51253901821578,100.21207683282142,100.23957824707033,103400
01-11-2024,100.88112978668472,101.74265889138375,98.5440062331819,98.78230285644533,124000
04-11-2024,98.20490336443392,99.9829434981534,97.61833241418957,98.42486572265624,96500
05-11-2024,97.60916924706564,101.87097944367248,97.60916924706564,101.63268280029295,191400
06-11-2024,108.10329575716106,108.32326511266892,101.85264325060058,103.47488403320312,337800
07-11-2024,103.54819510812072,105.03294962648246,97.49917139228204,101.7243194580078,323800
08-11-2024,102.48504366549058,104.09811732203868,101.6693431954556,102.58586120605467,183300
11-11-2024,103.60319199838712,103.74067109215764,101.88930087999952,101.89846801757812,130700
12-11-2024,101.80682261463842,103.38323471660628,100.53286313531086,101.00028228759766,191100
13-11-2024,101.30273840919462,102.02678850394302,99.39637919713384,99.90046691894533,124600
14-11-2024,100.59700489454008,100.59700489454008,98.35153188350402,98.58982849121094,132800
15-11-2024,99.38720912434108,99.47885952120416,96.71097138559055,97.71914672851562,113400
18-11-2024,97.15090312262676,98.79147109936082,97.15090312262676,97.8291244506836,100200
19-11-2024,96.82095637772493,98.49818591653032,96.82095637772493,98.00326538085938,112000
20-11-2024,97.60916236725416,98.00326536824826,96.216058150064,96.89427947998048,106300
21-11-2024,97.77414283316416,98.76398397477968,97.30671668421056,97.8932876586914,98600
22-11-2024,97.86562808011983,100.48448023503632,97.86562808011983,100.04185485839844,146900
25-11-2024,101.34204953158964,105.15966570430378,101.25905420507452,103.73036193847656,215500
26-11-2024,102.79902540405504,103.52750169975609,100.53058007701917,101.9506607055664,108400
27-11-2024,102.64225601782556,104.64328284020164,102.070540098825,102.19041442871094,122900
29-11-2024,103.19554546383912,103.19554546383912,101.3973881994199,101.60025787353516,75100
02-12-2024,102.17197461560828,102.60536966938145,100.62279642240507,101.62791442871094,106700
03-12-2024,101.49881761118137,102.04287780225415,99.82976507565174,100.65968322753906,133600
04-12-2024,100.61356840385427,101.43426324363864,98.56643942001791,100.56745910644533,139900
05-12-2024,100.13405702720954,100.77032874787244,99.0920530376131,99.4516830444336,128200
06-12-2024,100.24470938780068,101.36970864133868,99.4424540917636,100.3184814453125,106100
09-12-2024,100.52136623336273,100.90865904072486,98.66788346199864,98.7785415649414,116000
10-12-2024,98.92606579881272,100.12483713457144,97.41377376510248,98.1330337524414,147300
11-12-2024,99.24881453966736,99.96808159691432,98.26213606731667,99.05516815185548,127700
12-12-2024,98.39124033137688,99.25804453727903,98.16070789664047,98.62177276611328,196900
13-12-2024,98.2252559660309,98.2252559660309,96.5654266694551,97.34923553466795,159300
16-12-2024,97.79184613725737,100.12483288155477,97.57052996956106,99.1658172607422,105800
17-12-2024,98.40967162139646,99.37790347612676,97.54286754976988,97.64430236816406,188800
18-12-2024,98.335895317582,98.63097649417612,90.14738739062784,91.03263092041016,241100
19-12-2024,91.21706233008724,93.80825140333032,88.79186390880079,88.81952667236328,149700
20-12-2024,87.85129870474339,91.4937154598858,87.85129870474339,90.13818359375,689000
23-12-2024,89.17915664118617,90.3410419574809,88.58899423440268,89.79698181152344,114900
24-12-2024,89.50191484240948,90.73757241489236,89.446589306503,90.61769104003906,50900
26-12-2024,90.18427815776376,91.30005413526524,89.9445224906498,90.97731018066406,108100
27-12-2024,89.99986641108225,91.19863795638332,88.64433448940412,89.22528076171875,102400
30-12-2024,88.7734239392693,88.7734239392693,87.59309903806913,88.23859405517578,132200
31-12-2024,89.0684977378028,89.80620425718668,88.58899342490683,89.64022064208984,106000
02-01-2025,89.99986084176481,90.9404371124072,87.25191816778329,88.00806427001953,115600
03-01-2025,88.10026512538639,88.70886701890417,87.92505824552502,88.51522064208984,226200
06-01-2025,88.51522042793032,88.80108539468996,87.09513996610372,87.25190734863281,190900
07-01-2025,87.66686365909395,87.74063571797754,84.95580029509358,85.18633270263672,152300
08-01-2025,84.3195362296014,85.51830053611502,83.22219971065537,85.05723571777344,119400
10-01-2025,83.2498765831179,84.03368550007866,80.12385714779425,80.56648254394531,210900
13-01-2025,79.89331345383735,80.61257346545989,78.96196052415868,80.08695983886719,198700
14-01-2025,80.4927042105191,82.45683798403694,80.31749731219188,81.70991516113281,234600
15-01-2025,83.7201603815529,87.75908613140604,83.7201603815529,86.91072845458984,230900
16-01-2025,86.44965740030912,88.63510727209375,86.13613668641041,88.05416107177734,143700
17-01-2025,90.09205893420756,90.09205893420756,87.49165374857441,87.91583251953125,129700
21-01-2025,88.47835084521307,89.52957824665899,87.66687915988578,89.22528076171875,122900
22-01-2025,88.71809761111257,89.17916246120792,87.43633789067079,87.95272827148438,117400
23-01-2025,87.06748259672679,88.10027036984063,86.90149897310656,88.05416107177734,138800
24-01-2025,87.60230749476914,88.34001395094641,86.96603585219849,87.69451904296875,148000
27-01-2025,88.0264968343407,89.28981700605289,87.60231803336146,89.00395202636719,183600
28-01-2025,88.14637155121954,88.9394036281993,87.40867203829512,88.58899688720703,115700
29-01-2025,88.22014868972808,88.78264838217093,86.9383889407954,87.84207916259766,169300
30-01-2025,89.06849670410156,89.4373499595127,87.74985810011863,89.06849670410156,170300
31-01-2025,88.64432241597132,89.4465777595088,87.6576439530255,88.58899688720703,289600
03-02-2025,86.58797334825461,87.58387503349215,84.67916530252805,86.8461685180664,222800
04-02-2025,86.42199216346141,87.73141458162515,86.02547613144947,87.445556640625,178200
05-02-2025,88.24780236305622,88.44145577550397,86.82772893057135,87.81440734863281,190400
06-02-2025,88.52445410938876,88.52445410938876,87.22424781271718,88.27548217773438,180400
07-02-2025,88.32158241129359,88.35846844389228,85.6013025835854,86.99371337890625,238200
10-02-2025,87.56543880837617,87.56543880837617,85.83183743894436,86.47732543945312,264900
11-02-2025,85.64739704725604,86.77239631553338,85.12178344235653,86.56952667236328,187100
12-02-2025,85.15868377946387,85.36155345671897,82.9086919001693,83.89537048339844,343000
13-02-2025,83.60949876153683,83.60949876153683,78.03983449259644,79.45069885253906,418700
14-02-2025,79.52445505096196,79.97630362217141,78.1504839113691,79.7088851928711,255600
18-02-2025,78.93429761301067,79.20171605906592,77.72631000780507,78.69454193115234,218600
19-02-2025,78.09515896934974,78.69453758797918,76.69351802154064,77.49577331542969,245300
20-02-2025,77.32058117350802,79.33082438903578,76.84107678016474,79.30316162109375,282400
21-02-2025,80.28061049138275,80.28061049138275,76.50910334549302,76.67508697509766,209500
24-02-2025,76.997830469251,76.997830469251,75.59619641132696,75.69762420654297,217900
25-02-2025,75.97426471609707,79.50602312283695,75.97426471609707,78.45479583740234,310900
26-02-2025,78.12282247674727,79.54290293477696,77.68942043000756,78.62077331542969,174200
27-02-2025,78.2980360872269,79.65356083456165,78.13205246006268,78.32569885253906,146300
28-02-2025,78.92055247263188,79.98942716037615,78.67889057944639,79.62693786621094,252200
03-03-2025,79.82212805434706,80.22179666777127,76.97797895351161,77.90744018554688,167500
04-03-2025,76.61548830414773,77.68437012059236,75.3514204833269,76.55972290039062,242600
05-03-2025,76.55971774598343,78.32568826417636,76.07639397520734,78.19556427001953,224000
06-03-2025,78.78112106805004,80.90029114048701,78.10261137723815,79.94294738769531,304200
07-03-2025,81.08619140446206,82.06212848051581,79.2365656407377,81.45797729492188,435500
10-03-2025,80.55639932193374,81.71822580491269,79.7477726281651,80.37980651855469,454000
11-03-2025,81.06759915415272,81.8390535773978,78.79041517976694,80.2403793334961,281900
12-03-2025,80.90959120165061,80.94676340519312,79.06925511237856,80.27755737304688,182100
13-03-2025,80.45415545789135,81.22560991987658,78.82759843360303,78.94843292236328,216900
14-03-2025,79.49681722421685,81.30927086279092,79.43175522229222,81.03972625732422,193900
17-03-2025,80.52850924727568,82.53614862982057,79.99871670319725,81.76469421386719,253400
18-03-2025,81.06760446125273,81.6159831483004,80.06378469477711,80.19390869140625,156100
19-03-2025,80.10096342770345,80.90030059634623,78.71606827835879,79.68270874023438,172400
20-03-2025,78.82759113042393,82.23871864894492,78.82759113042393,80.33332061767578,210600
21-03-2025,79.46893013076561,80.15672941185119,78.96702024741366,79.766357421875,463500
24-03-2025,80.82594847637542,82.17367152739257,80.78876917587564,81.53234100341797,102600
25-03-2025,80.89100180480172,81.16054638609954,80.37050583607527,80.59357452392578,134700
26-03-2025,80.40768446100472,81.82046226055911,78.83689287978464,79.85929870605469,121900
27-03-2025,80.01730756791501,80.44486594022983,78.70677102454631,79.37598419189453,147700
28-03-2025,79.37598368012918,79.45963177989547,77.32187538823361,78.09332275390625,155900
31-03-2025,76.9872779267313,79.58976520199099,76.59690589912634,79.33881378173828,360000
01-04-2025,78.88336634377721,79.51540017730059,76.91290625309247,77.24751281738281,211400
02-04-2025,76.21581805122332,79.59905623644295,76.21581805122332,79.05996704101562,179300
03-04-2025,76.1600563700919,76.93150381092507,74.40337519159186,74.46843719482422,231700
04-04-2025,72.01465829267111,74.16171143711507,70.7505904688598,72.69316101074219,379700
07-04-2025,70.74129787533793,74.22677764021967,68.36187929170455,69.79324340820312,343000
08-04-2025,71.78229652926831,72.97200581243308,67.21863831984929,68.63141632080078,256400
09-04-2025,67.99938691380093,74.1059469043561,65.6850233480314,73.10212707519531,267000
10-04-2025,71.28966711780119,71.48486019889346,67.3115745443873,67.91572570800781,297600
11-04-2025,67.91572798443462,68.24103797844928,64.6811999652541,68.16667938232422,422700
14-04-2025,69.58876537092497,70.41598530460314,68.6407109380451,69.86759948730469,198500
15-04-2025,70.36020338685853,71.17813370432539,68.7057637410377,68.84518432617188,187000
16-04-2025,68.85447197693435,69.29131977769212,68.02725226150034,68.45480346679688,170700
17-04-2025,67.87855924980427,69.70959918978564,67.55324920516402,68.51988983154297,198000
21-04-2025,67.39523318318984,67.87854988407884,66.08468949545865,66.96768188476562,185900
22-04-2025,68.21315474136992,69.76535319433978,67.55323816120716,69.16120910644531,144900
23-04-2025,71.49415186989035,72.8046955302599,69.50510552294482,69.99771881103516,144600
24-04-2025,69.90477458083143,71.54992484249438,69.5515818848485,71.28038024902344,132500
25-04-2025,70.6111613067012,70.85282317963078,69.74676219509303,70.47174072265625,109400
28-04-2025,70.40667852808733,71.67074619503155,70.40667852808733,71.22460174560547,182000
29-04-2025,71.20602139111517,72.13548256881805,70.41598080831294,72.03324127197266,151200
30-04-2025,70.77846380420412,71.96817287123679,69.44933415467301,71.14095306396484,350800
01-05-2025,68.78012322836811,71.23390003029834,67.43240743403223,68.82659912109375,555400
02-05-2025,69.28203241121584,69.83970766235845,68.3153919999967,68.94742584228516,185700
05-05-2025,68.57563580000009,69.0031870362029,67.43240266848987,67.45098876953125,303400
06-05-2025,66.46577000329484,68.04585114988623,65.99174282282704,66.47505950927734,253900
07-05-2025,66.83754888573094,67.00484507060017,65.86161192664261,66.3542251586914,228000
08-05-2025,66.96768593502664,67.77631268457675,66.26129339910308,66.53083801269531,202500
09-05-2025,66.74460756995272,67.24651747692464,65.43407094443684,65.9545669555664,252000
12-05-2025,68.42693200173201,70.62975037551638,67.45099496364791,70.60186767578125,310500
13-05-2025,70.92718785928753,71.41051169496383,70.21150579532392,70.52751922607422,235800
14-05-2025,69.79322912711879,70.08136688409114,68.70576136488766,68.7987060546875,227700
15-05-2025,69.15514234556903,69.86798007660309,68.25470293247434,68.80809783935547,129700
16-05-2025,69.26768775824912,69.78356372903326,68.84561262287959,69.24893188476562,176600
19-05-2025,67.89828140082915,68.68616406734974,67.71069403813334,68.1702880859375,179400
20-05-2025,67.7950998720762,68.15152584630476,66.6414241028588,67.17605590820312,200800
21-05-2025,66.0130005805491,66.18183207690853,62.97404080207868,63.00217819213867,321900
22-05-2025,62.523823527368776,62.880242367878,60.47908985076538,62.65513610839844,477700
23-05-2025,61.50145906220787,62.95528626485624,61.46394015599763,62.33623504638672,177000
27-05-2025,63.44300917219177,64.69986731462777,62.38312704977828,64.61544799804688,220600
28-05-2025,64.7092524869634,64.81242769336092,63.65875170327932,63.77130126953125,147700
29-05-2025,64.19337001965935,64.87807025605699,63.31169377202573,64.71862030029297,164900
30-05-2025,64.54041660495751,64.59669854026676,63.386740693109225,64.24027252197266,186500
02-06-2025,63.89323840633721,64.12772620665348,62.46754857305442,62.823974609375,187000
03-06-2025,62.73017476691468,64.1089641997682,62.1111306853069,63.85572052001953,183000
04-06-2025,63.94012739880401,64.39034709395678,63.34922075766533,63.59309005737305,152500
05-06-2025,63.15226063031811,64.24966189710598,62.68328499603266,63.19915390014648,139300
06-06-2025,64.48414008809588,64.69987199630299,63.75253935278354,64.09020233154297,112100
09-06-2025,64.81241880346806,66.39755843342517,64.39034367591682,65.45022583007812,205600
10-06-2025,65.65658301821932,67.43869170277092,65.38457631556675,66.98847198486328,152000
11-06-2025,67.13853670607993,67.41054336455814,66.30376085861164,66.57576751708984,197800
12-06-2025,66.23811241790635,66.55701237223927,65.3845734413106,66.46321868896484,308800
13-06-2025,65.01877700724346,65.69410301734058,63.75254431631122,64.08082580566406,247400
16-06-2025,64.831191837039,65.28140442176844,63.52744019492668,63.84634017944336,526900
17-06-2025,63.14286500917021,63.72439724194225,61.82973209529706,61.90476989746094,343000
18-06-2025,61.717193423251096,63.367982425750256,61.67029299963466,62.75831985473633,358800
20-06-2025,63.16162706475144,63.321084198958985,62.27995784901259,62.68327713012695,423900
23-06-2025,62.19554208213857,65.32830282637225,62.19554208213857,65.30953979492188,247100
24-06-2025,66.06928917748573,66.6039211105233,65.56279463734484,65.66596984863281,169400
25-06-2025,65.61906502788105,65.67533980990504,64.51228232674413,64.73738861083984,189800
26-06-2025,64.80305048091851,66.08804631029393,64.44663157078536,65.95673370361328,149800
27-06-2025,66.31314413255117,66.76336383787518,65.64719966784232,66.15369415283203,963000
30-06-2025,66.35067371188674,66.64144348426947,65.36582912930184,66.1068115234375,306800
01-07-2025,65.33768737349592,68.77058522021012,65.07505501300402,67.83263397216797,436400
02-07-2025,68.17967231422094,69.84922423905407,68.08587147314086,69.4365234375,359600
03-07-2025,69.92426752585119,70.78718094577368,69.55846711618838,70.68400573730469,213000
07-07-2025,69.76480423436821,70.35571804102462,67.35427005565717,67.63565826416016,306300
08-07-2025,67.86076512507898,69.66162963829642,67.72945253490686,68.17967224121094,295100
09-07-2025,68.29221506490613,69.9054920490405,67.96393362185525,69.89611053466797,381800
10-07-2025,69.40839111111825,72.11906959689678,69.40839111111825,71.36870574951172,392100
11-07-2025,70.26192667113783,71.46250304242952,69.94301954726367,71.01228332519531,280200
14-07-2025,70.72152355734318,71.67823065497198,70.65586725805491,71.62195587158203,183700
15-07-2025,72.06278410351725,72.6443092006188,68.83623005766752,68.84561157226562,269300
16-07-2025,69.26769583996,70.13060924086082,68.17967615099808,69.7366714477539,218100
17-07-2025,69.87736804107537,70.81531928994886,69.06134787839538,69.14576721191406,231100
18-07-2025,69.6334863936265,69.65224942264462,67.38240236337589,67.58875274658203,268300
21-07-2025,68.11401514257815,69.37086624968414,67.93580213401859,68.37664031982422,246500
22-07-2025,68.64864263742938,70.96538297706537,68.56422331812335,70.92786407470703,215400
23-07-2025,71.57504194167151,71.79077383062364,70.29942794821189,71.19986724853516,213200
24-07-2025,70.91849145855383,72.34417414706286,70.86221667595473,71.21863555908203,191900
25-07-2025,71.65946696409391,72.44734246962834,70.57144023054735,71.65008544921875,159700
28-07-2025,71.5844244185961,72.00649953205061,70.98413631430587,71.54690551757812,221100
29-07-2025,72.07217091954983,72.83191630133905,71.08732639648997,71.65947723388672,315400
30-07-2025,71.7720271017425,72.75687878488097,70.84345736015491,70.91849517822266,303400
31-07-2025,70.21502641081065,71.47187756614406,69.68977603616382,70.35572052001953,391800
01-08-2025,69.69914964231194,70.25254455761845,68.47043589090191,69.83984375,329600
04-08-2025,70.04619511243149,71.10607738032084,69.82108883064961,70.95600891113281,240400
05-08-2025,70.97476542970958,71.55629774858433,69.92426466787097,71.41560363769531,333400
06-08-2025,71.4906441033617,71.81892560361592,69.54908533785819,70.79656219482422,261100
07-08-2025,72.69120984185166,75.49568161142533,70.82468916701157,74.95167541503906,611800
08-08-2025,74.95167471232945,77.26840788356171,74.79221758916053,75.77706909179688,317400
11-08-2025,75.66451895606426,75.92714413797405,73.40406036376953,73.40406036376953,286500
12-08-2025,74.07938350471169,78.30016359590343,73.46033232312394,78.10318756103516,344900
13-08-2025,78.81603300904658,79.57577114117542,77.9531196792213,79.36004638671875,292700
14-08-2025,78.05630327116401,79.47261164603566,78.05630327116401,79.07866668701172,212400
15-08-2025,79.41631275327752,79.41631275327752,77.87807362182477,78.1875991821289,173600
18-08-2025,78.21574407768608,79.0880389139279,77.78428741705024,78.84416961669922,191300
19-08-2025,78.9473488983371,80.99208275167217,78.88169260214742,80.45745086669922,157600
20-08-2025,80.67317270423332,80.70131009108397,78.78788906925368,79.0505142211914,239500
21-08-2025,78.07669641839216,78.86143605938351,77.51886692435058,77.75523376464844,133800
22-08-2025,78.7479736347612,82.98366317201896,78.19014416724447,82.0854721069336,301100
25-08-2025,81.74510320370871,82.29347597770773,81.36691483497341,81.88692474365234,209700
26-08-2025,81.74511068441218,82.18948151734092,80.71455467897643,80.85636901855469,318700
27-08-2025,80.48763307876047,82.26511631705596,80.36472491980442,82.13275146484375,213100
28-08-2025,82.42585166430466,82.45421453335466,80.47819104720097,81.30074310302734,171900
29-08-2025,81.40473124865339,81.84910202375134,79.78798306777183,80.41199493408203,181200
02-09-2025,78.8614325043496,79.35307233613513,78.48324413425286,78.55887603759766,141500
03-09-2025,78.2563384668902,79.76909217311254,76.67740954036573,77.53778839111328,347100
04-09-2025,78.01996619328695,78.85198211669922,77.50942014817602,78.85198211669922,168800
05-09-2025,79.38143649319295,82.87966995682946,79.38143649319295,82.82293701171875,366000
08-09-2025,82.67167450151578,83.67386767042821,81.32910526692223,81.55602264404297,237400
09-09-2025,81.12109561085609,81.31964287430341,80.36471890057236,80.59162902832031,217900
10-09-2025,80.77128116674415,82.19893897632122,80.77128116674415,81.43310546875,216500
11-09-2025,81.62219532473212,83.25784974601292,81.62219532473212,82.4825668334961,222000
12-09-2025,81.61274908926555,82.38803210112329,80.88474233472053,81.30074310302734,126800
15-09-2025,81.63164464819029,82.06656596154352,80.23235705917416,80.44036102294922,160400
16-09-2025,80.63890766565747,80.75236633956273,79.88253093297534,80.2607192993164,187400
17-09-2025,80.62945544874353,83.64549864072808,80.26072375476126,80.64836883544922,396000
18-09-2025,81.0832817390121,83.07821841924739,81.0832817390121,82.7662124633789,304000
19-09-2025,82.7284023114362,83.86296037208392,81.93421311165164,82.47312927246094,813200
22-09-2025,82.23676087337962,82.23676087337962,80.56327946982174,81.12110900878906,196600
23-09-2025,81.06436788480956,82.3596607401766,79.23961562618283,79.29634857177734,300100
24-09-2025,79.2963427843236,80.38362437761317,78.74797003477434,78.98433685302734,178500
25-09-2025,78.81415968676001,79.35307579329015,77.52832350041732,77.7741470336914,184900
26-09-2025,77.78359245925253,78.98433998303327,77.37704122721276,78.81415557861328,174300
29-09-2025,79.07888583060311,79.60834521994562,77.78359300928368,78.57778930664062,151100
30-09-2025,78.80470207616817,79.18289045833937,77.27304958772277,79.05998229980469,205200
01-10-2025,78.64397722579346,80.20399985079544,78.53051854300186,79.92035675048828,190800
02-10-2025,79.99598695392318,80.22289708086541,79.08833923281139,79.77852630615234,189000
03-10-2025,79.79743559655167,81.66945667111646,79.34360815261148,79.39088439941406,212300
06-10-2025,79.60834450321819,79.87308140884916,76.18575746243509,76.55448913574219,190300
07-10-2025,76.62066564453886,77.6795915452959,75.82646941563543,76.04393005371094,141400
08-10-2025,76.55449120465677,77.06504443072828,75.03228821952038,75.21192932128906,107000
09-10-2025,75.76029598092416,76.32758216026775,74.97556356440654,76.1668472290039,114100
10-10-2025,77.7835976945304,77.91596976318256,76.16684935039581,77.08395385742188,217700
13-10-2025,77.34868086933723,77.71741255530934,76.07230140148434,77.03668212890625,145800
14-10-2025,75.96829250630306,79.37197318207009,75.8737472234595,78.44541931152344,175300
15-10-2025,78.74797531160837,79.93926617516692,78.74797531160837,79.73126220703125,145900
16-10-2025,79.50433918693227,80.07162531900029,76.1101151536641,76.30866241455078,210000
17-10-2025,76.47885641554093,78.02942235433297,75.40102417060851,76.82868194580078,132900
20-10-2025,77.28249206356226,78.46432614239909,77.28249206356226,78.19013977050781,71100
21-10-2025,78.11451425138658,79.70289967160392,78.00105557374843,78.68179321289062,68600
22-10-2025,79.05052788187024,80.77127821760082,78.66288279531783,79.74071502685547,126100
23-10-2025,79.54216817674103,82.08547774022122,79.54216817674103,81.78292846679688,200100
24-10-2025,84.13713799112611,85.09206204042708,81.05491960415794,81.08328247070312,175600
27-10-2025,80.92254683430674,81.61274117205913,79.35307478792623,80.70509338378906,87800
28-10-2025,79.9298163566437,80.62000353208073,78.19960925107863,78.738525390625,105400
29-10-2025,78.47379689448998,79.03161921723844,74.58792516999651,75.39157104492188,294000
30-10-2025,75.21193205455032,76.39376626525448,74.77701071726885,75.67520904541016,161100
31-10-2025,75.09846773387214,75.59010755473338,73.56680811501845,75.5617446899414,212600
03-11-2025,74.95665497072937,75.92103576660156,73.793734098073,75.92103576660156,208600
04-11-2025,75.76974733340762,76.2046614171304,74.9282820302614,75.85484313964844,144200
05-11-2025,75.76029119020059,76.68685230630616,74.61627663732834,75.61847686767578,194000
06-11-2025,70.05912295521131,71.38277857003953,66.86344619351493,67.21326446533203,504400
07-11-2025,66.57036121357582,68.65038654940832,65.10488389968683,65.58707427978516,417100
10-11-2025,65.62489445748615,66.52308558519185,62.52375538482311,62.66557693481445,451500
11-11-2025,63.01540154853134,64.71723848369928,62.51430499739838,64.15941619873047,362300
12-11-2025,64.21614557757931,65.41689324311427,62.76012488194971,63.13831329345703,252500
13-11-2025,62.429210508245056,63.88523115212989,61.82411195667522,62.0321159362793,205800
14-11-2025,61.45538094197223,62.41030503480683,60.95428437458039,61.77683639526367,168900
17-11-2025,61.691741891943856,61.691741891943856,58.73242820587989,58.808067321777344,196000
18-11-2025,58.600062578516805,59.50771031715677,57.9098718851757,58.439334869384766,225000
19-11-2025,58.61897478908679,59.8008089582216,58.609521702669234,58.92152404785156,246200
20-11-2025,59.56444145566656,60.50990878035967,57.52223217859628,57.92878341674805,297900
21-11-2025,58.69352248526805,60.05092789873376,58.0434962277768,59.01853561401367,390700
24-11-2025,58.73175233890184,59.219273820459584,58.1008449748338,58.35894393920898,371200
25-11-2025,58.61704872496895,62.07748379406487,58.61704872496895,61.41789627075195,420800
26-11-2025,61.08332129304114,63.09075288062388,60.84434116849332,62.23042297363281,392000
28-11-2025,62.24954788574097,62.78486105173142,61.41789439449588,61.79070281982422,93400
01-12-2025,60.83477987573274,61.75246267813545,60.66271389446383,61.57084274291992,255400
02-12-2025,62.2304244466262,62.39292918482249,60.51932948573819,60.53844833374024,228000
03-12-2025,60.86345710071504,61.76202471360059,60.700952364412885,61.52304458618164,254900
04-12-2025,61.03552192299334,61.43700677907628,60.710508810024976,61.10243606567383,251000
05-12-2025,61.24582924144184,61.8193801118364,60.0509285559969,60.44285583496094,266800
08-12-2025,60.567124034291496,61.27450316889203,59.63032237304783,60.13695907592773,371100
09-12-2025,60.21343660351437,62.04880594214078,59.1141265205282,59.59208679199219,220800
10-12-2025,59.7067963234054,61.064205392552445,58.78911347602423,60.61492156982422,479400
11-12-2025,61.09287871018522,61.77158503323999,60.5480043195753,60.73918914794922,264400
12-12-2025,61.14067416164066,61.14067416164066,59.68767456745783,59.82150650024414,243900
15-12-2025,60.18475223519645,60.28034647063172,59.21927415985716,59.57296371459961,340900
16-12-2025,59.69723809326993,60.32814550001354,59.43913911143653,59.65900039672852,322000
17-12-2025,59.181038105606014,60.72962829709704,57.40302538926019,58.73175430297852,311600
18-12-2025,59.28618806956116,59.80238599925146,58.2633534569603,58.91337966918945,365600
19-12-2025,58.7413159635594,59.63987992859235,57.51773523329956,57.64200592041016,655600
22-12-2025,57.68024150449413,59.05676567328222,57.64200381039099,58.82734680175781,489700
23-12-2025,58.50233232629566,58.78910773226557,57.61332601520592,58.02437210083008,292400
24-12-2025,57.73760266849994,58.54057607622112,57.73760266849994,58.2251205444336,92000
26-12-2025,58.06261323865031,58.31115096615637,57.51773519447086,58.282474517822266,214400
29-12-2025,58.03393596090371,58.836909372163454,57.71848407427356,58.05305480957031,221800
30-12-2025,58.205997588885786,58.387624814328895,57.94789862105656,58.119964599609375,171800
31-12-2025,57.909665183067865,58.09128876387667,57.19272481372908,57.49861907958984,160300
02-01-2026,57.297877254361545,57.7567186871832,56.04562365016523,56.13165664672852,261100
05-01-2026,56.10297539587508,57.52729861044051,56.01694240108189,57.09713363647461,247900
06-01-2026,56.44710346975528,58.07216901089216,56.36107048091429,58.01481246948242,284300
07-01-2026,58.32071098173308,58.65528536119042,57.12581029770149,58.033935546875,246800
08-01-2026,57.498618835800464,60.041367189079104,57.498618835800464,59.61120223999024,236700
09-01-2026,60.28990737969109,62.56499560970204,60.10828379221717,62.13483428955078,337500
12-01-2026,61.762026888308576,62.07748241795185,60.40461782056848,61.25539016723633,191500
13-01-2026,61.18847272900665,61.8384989552269,60.04136740940929,60.27078628540039,164500
14-01-2026,59.93621616108564,62.04880324034399,59.802387874350615,61.7811393737793,173800
15-01-2026,61.81937244489979,63.18633895123924,61.01640278455197,63.023834228515625,311100
16-01-2026,62.39292692399535,63.540035883267855,62.23998343861573,62.46940231323242,193100
20-01-2026,61.03552187358017,61.28406324323274,59.97445319198543,60.634037017822266,185600
21-01-2026,60.385500030444,61.96277041320894,60.385500030444,61.312744140625,156100
22-01-2026,61.876735696583566,62.91868551602039,61.32230006947864,62.25909805297852,217700
23-01-2026,61.86717416129642,62.1921836213357,60.83477830041677,61.1311149597168,238400
26-01-2026,61.32230405158344,61.819379523032296,60.17519867517252,61.61863708496094,205200
27-01-2026,61.00684721709957,61.43700853331466,60.567124653630096,60.8156623840332,150500
28-01-2026,60.99729010671875,62.28778500537982,60.93993356237356,61.38921737670898,276000
29-01-2026,61.7333496753943,62.03924395375438,60.65315845375235,61.77158737182617,207100
30-01-2026,61.23626505071155,61.27450274597938,58.626606163260256,60.11783981323242,330100
02-02-2026,59.99357099805819,61.2553894554209,59.5920861248658,59.74503326416016,242300
03-02-2026,59.30531039727474,60.81566293441829,57.785396612790265,58.06261444091797,251700
04-02-2026,58.38762754221322,61.781141037363845,58.35894744674964,61.66643524169922,250100
05-02-2026,62.03924347840101,63.348849928957485,59.67811861676221,60.08916473388672,260100
06-02-2026,60.22299454642477,60.9494925586944,59.56341068081627,60.44285583496094,199200
09-02-2026,60.43329724997454,60.70095383226098,59.611205008326245,60.02225112915039,159100
10-02-2026,60.50020865809815,61.8098223542807,60.098720156287165,60.99728775024414,187500
11-02-2026,61.03552528112371,61.2649441696372,58.24423904274217,58.76043701171875,162900
12-02-2026,59.10457074766298,60.01269237429445,57.78539933658757,58.66484451293945,326400
13-02-2026,58.8655869838508,59.69723680973459,57.87142877443377,59.133243560791016,192100
17-02-2026,59.429576748880805,60.022250094509424,58.59792692072114,59.51560974121094,177500
18-02-2026,60.2229940053579,62.13483508489306,60.20387515697685,61.89585494995117,271500
19-02-2026,61.41789036235152,62.06791657542003,61.16935264396519,61.96276473999024,201900
20-02-2026,62.03924364118788,62.13483423523851,60.41417801649524,60.47153091430664,233400
23-02-2026,60.222991852327,60.52888612239281,57.92878118028609,58.559688568115234,272500
24-02-2026,58.655281153787605,60.28034669681247,58.655281153787605,60.04136657714844,252600
25-02-2026,60.13696031293267,60.35682159694168,55.625014250702726,56.31327819824219,515700
26-02-2026,52.59474486009788,53.46463234463378,44.478978440147664,45.36798477172852,1377200
27-02-2026,45.40622630582498,45.43490275554398,40.263372705310864,43.98190307617188,1473500
02-03-2026,42.74876807159343,45.5782920183788,42.52890678314871,45.54005432128906,496100
03-03-2026,44.70839893213537,46.562883252891936,44.25911516330663,46.55332565307617,430500
04-03-2026,47.79602165323757,48.28353946961988,46.85922006641976,48.130592346191406,474400
05-03-2026,47.566602261285645,48.37913687055449,46.76362889904024,48.28354263305664,367200
06-03-2026,47.13644092247209,47.43277394213977,45.93197905667328,46.0658073425293,403500
09-03-2026,45.68344298392877,47.80558407995012,44.89958844139475,47.71955108642578,617100
10-03-2026,46.86878048063648,46.86878048063648,44.0296991036056,45.40622329711914,844100
11-03-2026,45.43489927871877,45.97021606064354,43.30319704443995,45.1098861694336,725200
12-03-2026,44.63193214140239,45.96066485756058,43.867196379743255,44.2017707824707,495500
13-03-2026,44.52192594614577,45.268971137146266,43.3576996263921,43.66815948486328,330600
16-03-2026,44.32788674513443,44.754771817939776,43.51292870729275,44.10474395751953,577700
17-03-2026,44.76447655022256,46.19065418445389,44.32789118250137,44.50252532958984,418400
18-03-2026,43.91070941208424,45.07493580956168,43.386810679047024,43.52263641357422,487900
19-03-2026,43.13455799627128,43.84279479879613,42.533042466903005,43.29949188232422,387800
20-03-2026,43.14426121834955,43.93981507626113,42.30019500002568,42.51363754272461,583900
23-03-2026,43.86219914711873,44.473418631130144,42.87260693047239,43.17336654663086,425300
24-03-2026,42.55244368720232,43.3188930488761,42.10615812254668,42.66886520385742,531200
25-03-2026,43.2606819809557,44.20176550161905,42.61065411278381,43.72637176513672,408500
26-03-2026,43.43532004980243,44.22117371363847,43.05694729716892,43.60025024414063,250100
27-03-2026,42.95022059069865,43.7263702032771,41.63076439882864,41.7665901184082,292300
30-03-2026,42.08675635875746,42.533041949277695,41.291202497056695,42.193477630615234,361300
31-03-2026,42.68827331316764,43.52263561098988,41.81510260591794,43.05694580078125,316600
01-04-2026,42.600954272357946,43.66815957544468,42.329302820875526,42.959922790527344,249600
02-04-2026,42.60095580018933,43.348001019531296,41.74718930651657,43.11515426635742,185500
06-04-2026,43.13455931275488,44.06593894168155,42.59125637970115,43.77488327026367,288600
07-04-2026,43.54204061864577,44.53163287145291,43.04724264175535,43.52263641357422,318800
08-04-2026,45.13314512731619,45.60853516342902,43.84279334163452,43.92041015625,350400
09-04-2026,43.43531660147136,44.745068902909736,43.173365400989,44.250274658203125,268600
10-04-2026,44.41520763917515,45.47271275920188,44.02713464068128,45.39509963989258,167100
13-04-2026,45.15254857195095,46.44289663496831,44.98761469415232,46.42349243164063,254200
14-04-2026,46.60783211608509,47.2772604995385,46.29737225410901,46.772762298583984,147900
15-04-2026,46.869782379324775,47.82056615019523,46.73395295408035,47.52951049804688,222300
16-04-2026,47.742950107966,48.37357378196501,47.33547292856242,47.80116271972656,232300
17-04-2026,48.55791192968371,49.33406164175475,48.48999906118836,48.70344161987305,246600
20-04-2026,48.363869832899006,49.63481743245924,47.8593753348327,49.28554916381836,318300
21-04-2026,49.5863116102151,49.993788812960894,47.51981003650427,48.16983795166016,260700
22-04-2026,48.46089075484313,49.033301815968,47.94668860439211,48.5093994140625,219900
23-04-2026,48.6064162907228,48.90717589670686,47.65563251496556,48.179534912109375,212900
24-04-2026,48.40267890285578,50.3236507056847,46.99590555757455,49.87736511230469,258400
27-04-2026,49.87736579709598,50.876658270117424,49.26614631022165,49.37286758422852,187200
28-04-2026,49.566906069339424,50.17812555795924,48.9847947379696,49.95498275756836,258200
29-04-2026,49.87736663168905,50.23633516764945,49.10121694543401,49.45048522949219,193100
30-04-2026,49.18853271432901,49.82885665116046,48.800456030987846,48.84896469116211,199200
01-05-2026,49.1497242490038,49.98408652654166,48.50940031291231,49.75123977661133,187800
04-05-2026,49.440778762074295,50.70202240071399,49.29525278510055,49.3437614440918,290600
05-05-2026,49.47958909536423,50.26544272511168,48.52880527843288,49.63481903076172,165000
06-05-2026,50.3042481764528,52.40955813867071,50.19753060133136,51.58489608764648,410900
07-05-2026,53.127495114851314,55.15518825400521,51.81774274930528,53.195411682128906,365600
08-05-2026,53.04017301923242,53.85513103865214,52.17670634290136,52.981964111328125,360500
11-05-2026,52.92375523147941,52.92375523147941,50.28484635963631,52.20581817626953,448500
12-05-2026,52.30283396323546,53.66109861846781,51.6237016356193,53.53497314453125,580200
13-05-2026,53.06928274884535,53.37003865120375,52.002073760262846,52.23492050170898,454900
14-05-2026,52.94316089025333,53.37974624715776,51.37145730637098,51.39086151123047,318200
15-05-2026,51.09009747536727,51.09009747536727,49.49898982402915,49.576602935791016,233300
18-05-2026,49.838554196144926,50.789337947624176,48.81015733279663,48.86836624145508,280900
19-05-2026,48.57731435463593,48.57731435463593,46.94739816854008,46.995906829833984,449100
20-05-2026,46.99590458078323,48.577312029904846,46.09362946019639,48.2474479675293,544300
21-05-2026,47.68677446431263,49.76225144813018,47.47037288236947,49.70323181152344,270300
22-05-2026,49.70323078853273,50.22456152045835,48.99501392523614,49.54584884643555,250600
26-05-2026,49.87045179268824,50.16554246851732,48.90648691709639,49.26059722900391,173300
27-05-2026,49.821272004722594,50.40161864241994,49.36879562027874,49.77208709716797,329000
28-05-2026,49.38846784577596,50.59834225226334,49.201577958561046,49.97865295410156,204100
29-05-2026,49.89012421730976,50.14586846505021,49.0343563929458,49.36879348754883,402900
01-06-2026,48.916321411342615,49.30977814540717,46.722808936794266,47.53923034667969,549200
02-06-2026,47.49004537441704,49.70323105780729,46.88019081452166,48.99501419067383,425200
03-06-2026,48.26712081045649,48.4245027548772,46.59493530581053,47.52939224243164,312700
04-06-2026,48.4146699128244,50.87376523546226,47.73595720231607,50.84425354003906,413300
05-06-2026,50.9426187281724,51.5032921519085,50.185216931552375,50.41145324707031,262000
08-06-2026,50.71638300556766,51.91641896485381,50.20489073100239,50.94261932373047,328600
09-06-2026,51.64100178610634,53.24433298743766,51.33607261521459,52.02462005615234,375000
10-06-2026,52.1820008922463,52.1820008922463,50.21472467574478,50.2343978881836,198400
11-06-2026,50.037670443288846,51.55247405861232,49.94914286181457,51.483619689941406,292700
12-06-2026,51.91641921215535,53.09678571659923,51.0901630342728,52.38856506347656,260600
15-06-2026,52.8705472074749,54.10009481695106,50.313089680677095,50.44095993041992,326600
16-06-2026,50.81474280699152,51.70985330519576,50.41145134631228,51.00163269042969,225500
17-06-2026,50.70654280171799,52.03445647491882,49.604869191281445,50.16554260253906,249700
18-06-2026,50.34260003403472,51.857403662017504,49.8999621229642,51.10983657836914,688900
22-06-2026,50.94262039123896,51.96560496180625,49.75241913724445,50.73605728149414,455600
23-06-2026,50.91310737863407,51.78854845629211,50.19505200217611,50.31309127807617,321900
24-06-2026,50.50981573766111,52.33938323313322,50.31309111635662,52.13282012939453,293100
25-06-2026,52.614804457066434,53.63778524560731,52.05412727904744,52.13282012939453,196300
26-06-2026,52.319711419630295,54.10009780738568,52.024620727500896,53.82468032836914,1031500
29-06-2026,53.52958452501203,53.60827737546569,52.41807615446625,52.9492416381836,292900
30-06-2026,52.98858270640834,54.188622373512985,52.26069262316371,53.80500411987305,395600
01-07-2026,53.11645898839115,54.57224296965103,52.90989588176168,54.02140426635742,252700
02-07-2026,54.808317822705526,55.26079046210962,53.28367571886901,53.6574592590332,189000
06-07-2026,53.51974931328576,54.06074952230117,51.76887468154369,51.77870941162109,218100
07-07-2026,51.98527402493759,52.61480558435742,50.20489139892789,50.3819465637207,226300
08-07-2026,49.60486812405917,50.03766752363455,48.18843065540038,48.46384811401367,428100
09-07-2026,48.71959355293915,49.81143243669957,48.35564850911285,49.1622314453125,199200
10-07-2026,49.5851972508111,50.03766988338025,49.054031767909066,49.40814208984375,153600
13-07-2026,49.62454305315308,50.037669255370766,47.81464879331034,48.0605583190918,209700
14-07-2026,48.03104997372144,48.5425384810474,47.48021128977146,47.70644760131836,243100
15-07-2026,48.178593188234295,49.654050322937486,48.13924676409464,48.62123107910156,326300
16-07-2026,48.719593178973966,50.43112509891959,48.719593178973966,50.35243225097656,198100
17-07-2026,50.195050410415774,51.14918055613531,48.82779406899182,49.26059722900391,221500
20-07-2026,49.17207131192323,49.899961420069,47.40151969258132,47.67694091796875,217000
21-07-2026,47.45070546896992,48.18843407310496,47.21463066464274,47.2933235168457,224500
22-07-2026,46.71297604074227,47.73595683536172,45.87688138610359,46.94904708862305,297100
23-07-2026,46.2113183942731,46.339192400420494,45.59162532847748,46.04410171508789,241200
24-07-2026,46.31951897194182,48.16875967824173,45.96540865027996,47.41135787963867,240600
27-07-2026,47.834323680216286,48.77861539172696,47.61792208922278,48.47368621826172,280700
28-07-2026,48.91632257586915,50.54916168223068,48.57205073957789,50.14587020874024,259400
29-07-2026,49.70323263025092,50.95245348355946,49.2802679416393,49.68355941772461,309900
30-07-2026,49.56552232878763,49.56552232878763,47.42119101083268,48.267120361328125,241000
31-07-2026,48.34581428901575,48.98517680493606,47.4802117072776,48.8769760131836,274600
03-08-2026,49.66388957814252,51.33607135500879,49.52617709151021,51.23770904541016,259400
04-08-2026,51.39509068997435,51.79838216060825,49.95897996550064,50.97212600708008,251500
05-08-2026,51.08032546397177,51.15901455867608,49.94914017838062,50.54916000366211,282800
06-08-2026,47.204793367749566,47.76546677622604,40.70294502311095,43.53582000732422,1606800
07-08-2026,43.51615118850941,46.7424829552978,43.18171408446806,43.70304107666016,605900
10-08-2026,43.05384150737229,43.28991255788124,40.70294697119486,42.670223236083984,683700
11-08-2026,42.68989478597312,43.476804510817466,42.00134736962874,42.34561920166016,658800
12-08-2026,42.16856411923781,42.57185558845257,41.30296529651637,41.61772918701172,426700
13-08-2026,42.03085500943381,42.34561889710775,40.94885461458985,42.08003616333008,617100
14-08-2026,42.06036445415713,42.68005752178036,41.53903745012264,41.86363983154297,249500
17-08-2026,42.168565829485246,42.168565829485246,39.7193089727152,40.03407287597656,427400
18-08-2026,39.66028824886645,39.876689833544745,38.84387056970292,39.06026840209961,366000
19-08-2026,39.41437863802645,41.04721774517069,39.41437863802645,40.880001068115234,428400
20-08-2026,40.41999816894531,40.91999816894531,39.45000076293945,40.18000030517578,369900
21-08-2026,40.61000061035156,40.61000061035156,39.75,40.220001220703125,366300
24-08-2026,40.290000915527344,40.619998931884766,39.31999969482422,39.47999954223633,315400
25-08-2026,39.47999954223633,40.97999954223633,39.0099983215332,40.68999862670898,449400
26-08-2026,40.79999923706055,40.79999923706055,39.560001373291016,40.290000915527344,398600
27-08-2026,40.310001373291016,40.88999938964844,39.84000015258789,40.27999877929688,431000
28-08-2026,40.58000183105469,41.70000076293945,40.27000045776367,41.34999847412109,529500
31-08-2026,41.150001525878906,41.369998931884766,40.310001373291016,40.52999877929688,507300
01-09-2026,40.27999877929688,40.88999938964844,39.93999862670898,40.27000045776367,360700
02-09-2026,40.34999847412109,40.91999816894531,39.970001220703125,40.06999969482422,460800
03-09-2026,40.709999084472656,42.0,40.380001068115234,41.70000076293945,690400
04-09-2026,41.54999923706055,43.130001068115234,41.040000915527344,42.61000061035156,444600
08-09-2026,42.400001525878906,42.400001525878906,41.5099983215332,41.91999816894531,400500
09-09-2026,41.77000045776367,41.77000045776367,40.869998931884766,41.369998931884766,419600
10-09-2026,41.04999923706055,41.04999923706055,40.15999984741211,40.33000183105469,375100
11-09-2026,40.86000061035156,41.04999923706055,40.20000076293945,40.52999877929688,339000
14-09-2026,40.400001525878906,41.720001220703125,40.34000015258789,40.5,439900
15-09-2026,40.209999084472656,40.220001220703125,39.380001068115234,40.11000061035156,369100
16-09-2026,40.02999877929688,40.869998931884766,38.36000061035156,39.27000045776367,724200
17-09-2026,39.92,39.92,38.43,38.47,362500
18-09-2026,38.28,38.41,37.59,37.77,894700
21-09-2026,38.12,38.84,37.97,38.38,470400
22-09-2026,38.87,38.89,38.13,38.32,431300
23-09-2026,38.05,38.34,36.7,36.96,592100
24-09-2026,37.07,37.36,36.56,37.31,497600
25-09-2026,37.31,38.46,37.04,37.98,477200
28-09-2026,37.76,37.76,36.32,37.04,642000
29-09-2026,37.32,37.57,36.1,36.3,372700
30-09-2026,36.42,36.25,35.54,35.72,40162
